tree
version=v4
num_class=1
num_tree_per_iteration=1
label_index=0
max_feature_idx=60
objective=binary sigmoid:1
feature_names=Candle Buy_Qty Sell_Qty Candle_Delta Agg._Liq_Long Agg._Liq_Short CVD Long/Short_Ratio_(Account) Whale_Ind Agg._OI Agg._Funding_Rate RSI Net_Shorts Net_Longs Price_Low Price_High Mid_Price Bid_Qty Ask_Qty Bid_USD Ask_USD Delta_Qty Delta_USD Bid_Trades Ask_Trades total_qty atr cvd_delta btc_cvd_mom ema_fast ema_slow macro_score macro z_cvd_4 z_btc_4 z_cvd_10 z_btc_10 z_cvd_20 z_btc_20 vol_regime z_oi z_ls funding liq_long_5 liq_short_5 z_bid_qty z_ask_qty z_delta_qty z_bid_trades z_ask_trades ema_8 ema_21 ema_50 pull_ema8 pull_ema21 pull_ema50 rsi stoch_k liq_long_5_mean liq_short_5_mean btc_CVD
feature_infos=[201:20345] [0.80400002002716064:60872.68359375] [1.9240000247955322:65192.42578125] [-4813.2548828125:3392.39501953125] [0:5637184] [0:9177000] [-633034.75:1577.41796875] [0:5.9058542251586914] [0:2.8218998908996582] [0:94327.4375] [-0.011957000009715557:0.019003000110387802] [0:93.330001831054688] [0:30108.720703125] [0:47856] [3975.949951171875:5530.5498046875] [3976.050048828125:5530.64990234375] [3976:5530.60009765625] [0:338.82901000976562] [0:211.64199829101562] [0:1603294.75] [0:1107385] [-211.64199829101562:279.36199951171875] [-1321904.5:1107385] [0:508] [0:309] [0:334.62799072265625] [0.1612025648355484:68.759208679199219] [-13700.173828125:9741.375] [-4269.25:4460] [4011.768798828125:5361.35498046875] [4034.51904296875:5248.08203125] [-215.76499938964844:143.72647094726562] [-1:1] [-1.497138500213623:1.5] [-1.4996136426925659:1.4990706443786621] [-2.7090115547180176:2.7655806541442871] [-2.7668030261993408:2.7973885536193848] [-3.8213851451873779:3.8697178363800049] [-4.0816378593444824:4.023099422454834] [-1.7713179588317871:8.0881252288818359] [-5.2794694900512695:7.5804486274719238] [-7.2288036346435547:6.1076836585998535] [-0.011957000009715557:0.019003000110387802] [0:65598028] [0:35843424] [-1.559314489364624:2.8460497856140137] [-1.8867812156677246:2.8456156253814697] [-2.8454556465148926:2.8243832588195801] [-2.1263942718505859:2.8460497856140137] [-1.9762098789215088:2.8427026271820068] [3976.41455078125:5525.28369140625] [3983.60107421875:5527.46044921875] [3991.175048828125:5515.10205078125] [-5.1122317314147949:6.7359600067138672] [-6.875577449798584:7.8817634582519531] [-7.7876553535461426:9.0076093673706055] [0:100] [0:100] [0:3665698.25] [0:2172174.75] [-2645140.25:-2476761]
tree_sizes=844 868 1071 867 969 863 865 869 972 868 968 1281 967 871 870 1078 972 1074 867 866 972 978 863 980 973 870 856 971 971 1179 971 1174 973 1187 1390 1496 967 1501 1395 1073 870 1272 975 1283 1382 1590 864 1179 1183 1281 1404 980 1083 977 1473 1288 772 1487 977 1277 1079 774 1491 1275 1081 1288 1181 1282 674 1475 1187 1277 974 1082 1499 1287 879 1159 1182 1181 1078 1075 1184 1502 975 1292 1076 1052 1077 1388 976 1085 1081 1079 1074 1497 1080 978 1387 981 1499 1183 1603 1072 1388 1179 882 876 1406 1601 1082 1079 1195 1180 1393 980 878 1091 1083 879 1081 1603 971 777 979 774 878 1598 1196 986 1184 1198 1202 1191 979 1194 1079 1202 884 1597 1197 774 1188 1278 1082 1083 985 887 1090 1597 981 1390 773 881 1098 984 962 879 1509 1082 1399 982 1294 982 1387 1307 979 984 1082 864 980 776 1506 990 1094 1500 1097 1616 985 889 979 1061 1509 1494 1519 984 1081 780 1303 1094 883 1299 988 1387 676 1298 986 1300 1196 876

Tree=0
num_leaves=7
num_cat=0
split_feature=26 45 38 58 33 21
split_gain=157.199 71.8399 40.9544 49.8685 39.9627 18.8922
threshold=1.2710832953453066 1.9849213957786562 -2.1171909570693965 515381.31250000006 0.85287350416183483 49.292001724243171
decision_type=2 2 2 2 2 2
left_child=5 2 3 -2 -4 -1
right_child=1 -3 4 -5 -6 -7
leaf_value=-1.7367327378062873 -1.7363096830865492 -1.7362400034856511 -1.6142620483457544 -1.5443094870346077 -1.5728713198161901 -1.618938259033782
leaf_weight=10.959252834320067 4.305420756340026 3.9140188694000235 68.31267374753952 1.6914700269699094 31.045075356960297 1.3676041960716236
leaf_count=84 33 30 295 4 99 6
internal_value=-1.62206 -1.6106 -1.6059 -1.68265 -1.6013 -1.72342
internal_weight=121.596 109.269 105.355 5.99689 99.3577 12.3269
internal_count=551 461 431 37 394 90
is_linear=0
shrinkage=1


Tree=1
num_leaves=7
num_cat=0
split_feature=26 45 38 58 57 25
split_gain=133.564 60.9882 33.7631 49.5184 36.7596 19.8046
threshold=1.2710832953453066 1.9849213957786562 -1.8660293221473692 305308.40625000006 96.216953277587905 85.429000854492202
decision_type=2 2 2 2 2 2
left_child=5 2 3 -2 -4 -1
right_child=1 -3 4 -5 -6 -7
leaf_value=-0.035022974890660655 -0.034855959857301326 -0.034500234784356668 0.095524987919276744 0.10120107901114785 0.0032234663519281432 0.088524709356790882
leaf_weight=10.842735126614569 4.8194079399108869 3.8206127285957328 98.728282660245895 4.7685488015413284 4.1123875379562369 1.2979617118835438
leaf_count=85 37 30 353 16 25 5
internal_value=0.0729202 0.082814 0.0868273 0.0324988 0.0918632 -0.0215674
internal_weight=128.39 116.249 112.429 9.58796 102.841 12.1407
internal_count=551 461 431 53 378 90
is_linear=0
shrinkage=0.03


Tree=2
num_leaves=9
num_cat=0
split_feature=26 1 53 4 35 21 25 22
split_gain=114.999 35.9773 48.5248 49.3596 35.8115 19.7104 18.2709 10.9732
threshold=1.2710832953453066 5690.4750976562509 -1.3436422944068906 1.0000000180025095e-35 -2.0508302450180049 -0.12449999526143073 85.429000854492202 -5033.2199707031241
decision_type=2 2 2 2 2 2 2 2
left_child=6 2 4 -4 -2 -3 -1 -7
right_child=1 5 3 -5 -6 7 -8 -9
leaf_value=-0.034833685495306917 0.1009029432511734 0.051596308380739093 0.081859039418305649 0.0039505116885357018 -0.035753990475255654 0.093113086610505671 0.080920602697979307 0.14979411557005765
leaf_weight=10.578597307205198 2.3690958544611931 3.6940777227282551 87.481741152703762 8.075805835425852 6.3510782122611982 5.0456338748335847 1.3760560154914845 9.6876059845089877
leaf_count=85 7 16 314 47 45 16 5 16
internal_value=0.0673659 0.0760247 0.0691236 0.0753062 0.00102892 0.114914 -0.0212587 0.130586
internal_weight=134.66 122.705 104.278 95.5575 8.72017 18.4273 11.9547 14.7332
internal_count=551 461 413 361 52 48 90 32
is_linear=0
shrinkage=0.03


Tree=3
num_leaves=7
num_cat=0
split_feature=26 45 10 52 6 45
split_gain=100.055 49.4949 27.4916 56.4982 18.0598 17.6688
threshold=1.2710832953453066 1.9849213957786562 0.00076049999915994715 5063.0908203125009 -343528.74999999994 2.324980735778809
decision_type=2 2 2 2 2 2
left_child=5 2 3 -2 -4 -1
right_child=1 -3 4 -5 -6 -7
leaf_value=-0.034694494943468109 0.072056910469783367 -0.034657088603183332 0.057540589955883265 -0.036137902114997747 0.12423412834438272 0.07823413708357313
leaf_weight=10.36313012242317 100.90746309608221 3.8873674273490897 5.1794267892837551 4.5014148578047743 14.237731680274008 1.404677741229533
leaf_count=85 353 30 20 30 28 5
internal_value=0.0625769 0.0702376 0.0735283 0.0674081 0.106598 -0.0209597
internal_weight=140.481 128.713 124.826 105.409 19.4172 11.7678
internal_count=551 461 431 383 48 90
is_linear=0
shrinkage=0.03


Tree=4
num_leaves=8
num_cat=0
split_feature=26 47 1 53 47 25 49
split_gain=87.847 39.6265 26.1394 35.3838 22.4869 16.0821 15.3382
threshold=1.2710832953453066 1.4533565640449526 5690.4750976562509 -1.3436422944068906 -0.052203023806214326 85.429000854492202 1.2120798230171206
decision_type=2 2 2 2 2 2 2
left_child=5 2 3 -2 -4 -1 -3
right_child=1 6 4 -5 -6 -7 -8
leaf_value=-0.034492714554542232 0.0026520229454352513 -0.035512032434988489 0.056074385620903597 0.067811374228523999 0.12364798835821753 0.070390108401654078 0.076827656657466339
leaf_weight=10.084295973181723 8.2141253650188428 4.6933248713612548 6.9789909869432476 99.789098814129829 13.189655616879461 1.4982077926397313 1.4188098385930059
leaf_count=85 45 34 25 332 20 5 5
internal_value=0.0584082 0.065251 0.0688126 0.0628835 0.100414 -0.020667 -0.00894379
internal_weight=145.867 134.284 128.172 108.003 20.1686 11.5825 6.11213
internal_count=551 461 422 377 45 90 39
is_linear=0
shrinkage=0.03


Tree=5
num_leaves=7
num_cat=0
split_feature=26 45 33 26 41 45
split_gain=77.729 39.7328 23.8199 38.234 16.2445 15.642
threshold=1.2710832953453066 1.9849213957786562 0.85287350416183483 3.0535888671875004 1.0777620077133181 2.324980735778809
decision_type=2 2 2 2 2 2
left_child=5 2 3 -2 -4 -1
right_child=1 -3 4 -5 -6 -7
leaf_value=-0.034371591849590925 0.0040526269480333525 -0.034440939076109726 0.063371789504621259 0.062316839635798787 0.10126459178290233 0.068575927941786088
leaf_weight=9.8769073337316495 11.69621206820011 3.7854031622409812 20.957005515694618 81.848855644464493 21.150124937295914 1.5192397832870472
leaf_count=85 58 30 64 267 42 5
internal_value=0.0547499 0.0609121 0.063595 0.055064 0.0824763 -0.0203842
internal_weight=150.834 139.438 135.652 93.5451 42.1071 11.3961
internal_count=551 461 431 325 106 90
is_linear=0
shrinkage=0.03


Tree=6
num_leaves=7
num_cat=0
split_feature=26 45 38 58 26 45
split_gain=69.2219 35.5364 22.1225 30.971 20.3824 14.6523
threshold=1.2710832953453066 1.9849213957786562 -2.1171909570693965 515381.31250000006 8.8118023872375506 2.324980735778809
decision_type=2 2 2 2 2 2
left_child=5 2 3 -2 -4 -1
right_child=1 -3 4 -5 -6 -7
leaf_value=-0.034206115539091732 -0.035871124579293201 -0.034244355619310517 0.050058524889159281 0.096136654397828217 0.073763556126838908 0.063879226298499472
leaf_weight=9.6306682005524618 4.7870224416255942 3.6942969113588324 64.753378435969353 2.3960793316364288 68.596596226096153 1.5810184180736531
leaf_count=85 33 30 214 4 180 5
internal_value=0.0514998 0.057087 0.0595093 0.00774529 0.0622751 -0.020107
internal_weight=155.439 144.227 140.533 7.1831 133.35 11.2117
internal_count=551 461 431 37 394 90
is_linear=0
shrinkage=0.03


Tree=7
num_leaves=7
num_cat=0
split_feature=26 45 33 26 38 48
split_gain=62.0025 31.981 19.8989 31.5481 24.9382 13.9023
threshold=1.2710832953453066 1.9849213957786562 0.85287350416183483 3.0535888671875004 1.4291078448295595 2.0933055877685551
decision_type=2 2 2 2 2 2
left_child=5 2 3 -2 -4 -1
right_child=1 -3 4 -5 -6 -7
leaf_value=-0.034166363808818517 0.0024863350302665142 -0.034054108934015406 0.081202241401723468 0.054564777409033073 0.014885198877633468 0.059831523027296628
leaf_weight=9.3785622492432577 12.026658967137335 3.6048395335674277 39.362923413515091 87.659908726811409 5.9944815039634696 1.6491562128067005
leaf_count=84 58 30 82 267 24 6
internal_value=0.048599 0.0536962 0.0558978 0.0483119 0.0725039 -0.0198373
internal_weight=159.677 148.649 145.044 99.6866 45.3574 11.0277
internal_count=551 461 431 325 106 90
is_linear=0
shrinkage=0.03


Tree=8
num_leaves=8
num_cat=0
split_feature=26 45 38 53 27 1 25
split_gain=55.818 29.2719 32.5117 22.6474 47.6424 15.7269 13.2401
threshold=1.2710832953453066 1.5444445013999941 2.0605913400650029 -0.55355894565582264 -63.640624999999993 4654.8735351562509 85.429000854492202
decision_type=2 2 2 2 2 2 2
left_child=6 3 -3 4 -2 -5 -1
right_child=1 2 -4 5 -6 -7 -8
leaf_value=-0.033913570787209205 0.052698394625589007 -0.036392969168505741 0.090638737865539276 0.056217641619104072 -0.022170766262664367 0.087649903176696381 0.057437213351688055
leaf_weight=9.1782808229327184 33.784953504800797 6.6030783131718618 2.4987255707383156 82.129758611321449 9.8243780732154828 17.907615885138512 1.6711953431367863
leaf_count=85 100 47 5 228 51 30 5
internal_value=0.0459861 0.0506618 -0.00118925 0.0539681 0.035763 0.0618743 -0.0195659
internal_weight=163.598 152.749 9.1018 143.647 43.6093 100.037 10.8495
internal_count=551 461 52 409 151 258 90
is_linear=0
shrinkage=0.03


Tree=9
num_leaves=7
num_cat=0
split_feature=26 45 38 58 57 48
split_gain=50.4522 26.4285 18.6487 30.4486 23.0172 12.6777
threshold=1.2710832953453066 1.9849213957786562 -1.8660293221473692 305308.40625000006 96.216953277587905 2.0933055877685551
decision_type=2 2 2 2 2 2
left_child=5 2 3 -2 -4 -1
right_child=1 -3 4 -5 -6 -7
leaf_value=-0.03390115158584351 -0.036661377635269082 -0.03372158740575569 0.055286052560339229 0.05794822394825163 -0.0078496742649967685 0.054379299408827297
leaf_weight=8.9386172294616681 5.6735043227672559 3.4458634778857222 135.50785563886166 6.6055317223072052 5.3181204646825782 1.7294412851333607
leaf_count=84 37 30 353 16 25 6
internal_value=0.0436167 0.0479239 0.0497811 0.0139897 0.0528805 -0.0193084
internal_weight=167.219 156.551 153.105 12.279 140.826 10.6681
internal_count=551 461 431 53 378 90
is_linear=0
shrinkage=0.03


Tree=10
num_leaves=8
num_cat=0
split_feature=26 45 38 60 38 60 57
split_gain=45.791 24.2103 28.8419 20.6432 26.4258 23.0184 13.6034
threshold=1.2710832953453066 1.5444445013999941 2.0605913400650029 -2549785.3749999995 1.1658017039299013 -2582200.8749999995 3.4949046373367314
decision_type=2 2 2 2 2 2 2
left_child=6 3 -3 5 -5 -2 -1
right_child=1 2 -4 4 -6 -7 -8
leaf_value=0.059698021130143088 0.036519036581140786 -0.036348639566803752 0.080934222089197622 0.047123008243355753 0.00593796728974221 0.075650970640805393 -0.03395939893136251
leaf_weight=1.638473480939864 21.213335022330284 6.4488930106163007 2.6661303043365479 72.892148792743683 17.573639571666718 39.255703672766685 8.8542505353689176
leaf_count=6 66 47 5 203 69 71 84
internal_value=0.0414628 0.0454486 -0.00171446 0.0483167 0.0391557 0.0619726 -0.0190486
internal_weight=170.543 160.05 9.11502 150.935 90.4658 60.469 10.4927
internal_count=551 461 52 409 272 137 90
is_linear=0
shrinkage=0.03


Tree=11
num_leaves=11
num_cat=0
split_feature=2 1 38 31 48 12 47 18 60 49
split_gain=24.5402 23.9562 23.8707 25.0367 18.4234 25.7224 20.0785 16.9713 12.3336 2.61377
threshold=2948.6455078125005 2568.651977539063 -2.1171909570693965 -9.834403991699217 -0.21587491035461423 13748.494628906252 0.036717887967824943 0.18850000202655795 -2549531.3749999995 -0.5906616449356078
decision_type=2 2 2 2 2 2 2 2 2 2
left_child=1 2 -1 -4 6 8 7 -2 -6 -8
right_child=4 -3 3 -5 5 -7 9 -9 -10 -11
leaf_value=-0.036011080422456779 0.067852868827294716 -0.039023745523227439 -0.0014111211223132901 0.0422754180926097 0.081356124000051919 -0.039231690159244312 0.069544303201680285 0.01294791014484146 0.0067455477097596713 0.093912838960363176
leaf_weight=4.1453113704919806 11.947464197874071 4.1187144517898551 13.296635024249552 96.767358213663101 5.3124047443270674 3.9467358589172354 7.256310626864436 9.0667867809534055 3.3404199853539458 14.432748943567274
leaf_count=29 23 23 75 296 9 22 12 33 13 16
internal_value=0.0394868 0.0317179 0.0342953 0.0369705 0.0560552 0.0238018 0.0655013 0.0443064 0.0528994 0.0858984
internal_weight=173.631 118.328 114.209 110.064 55.3029 12.5996 42.7033 21.0143 8.65282 21.6891
internal_count=551 423 400 371 128 44 84 56 22 28
is_linear=0
shrinkage=0.03


Tree=12
num_leaves=8
num_cat=0
split_feature=26 47 10 52 9 54 60
split_gain=40.0546 19.1557 16.1789 37.7227 14.389 12.747 8.71635
threshold=1.2710832953453066 1.4533565640449526 0.0008535000088158996 5063.0908203125009 2187.430053710938 1.2934282422065737 -2569785.8749999995
decision_type=2 2 2 2 2 2 2
left_child=4 2 3 -2 -1 -3 -4
right_child=1 5 6 -5 -6 -7 -8
leaf_value=0.065009942593712053 0.042495872117664139 -0.035699426251603265 0.081096540480976934 -0.038857322137322611 -0.033928820300040449 0.063660670962745927 0.04081904313045237
leaf_weight=1.5370239913463581 132.34247928857803 4.611452840268611 14.505480691790583 5.2980072274804106 8.9218752905726415 1.5420833155512808 7.8264669328927985
leaf_count=5 353 35 19 30 85 4 20
internal_value=0.037646 0.0412368 0.0432384 0.0393427 -0.0191021 -0.0103121 0.0671152
internal_weight=176.585 166.126 159.972 137.64 10.4589 6.15354 22.3319
internal_count=551 461 422 383 90 39 39
is_linear=0
shrinkage=0.03


Tree=13
num_leaves=7
num_cat=0
split_feature=26 45 53 27 27 9
split_gain=36.6936 20.1485 15.0288 24.2562 17.8052 13.5308
threshold=1.2710832953453066 1.9849213957786562 -0.26393701136112208 11.511245727539064 -694.86132812499989 2187.430053710938
decision_type=2 2 2 2 2 2
left_child=5 2 3 -2 -4 -1
right_child=1 -3 4 -5 -6 -7
leaf_value=0.061004897746935065 0.039916182115829306 -0.03347106213949632 0.021418933098200223 -0.0014772023082060791 0.054908739147672983 -0.033780250778237216
leaf_weight=1.5879775285720814 53.990824863314629 3.3095985874533644 17.925940975546837 16.495638832449913 77.197906047105789 8.6956979706883413
leaf_count=5 146 30 56 66 163 85
internal_value=0.0359696 0.0393249 0.0407978 0.0301865 0.0486292 -0.0188521
internal_weight=179.204 168.92 165.61 70.4865 95.1238 10.2837
internal_count=551 461 431 212 219 90
is_linear=0
shrinkage=0.03


Tree=14
num_leaves=7
num_cat=0
split_feature=26 38 58 2 38 48
split_gain=33.9411 15.7919 25.7348 15.3384 20.0523 15.3122
threshold=1.006086051464081 -1.8660293221473692 305308.40625000006 2948.6455078125005 0.8961031734943391 -0.21587491035461423
decision_type=2 2 2 2 2 2
left_child=-1 2 -2 4 -3 -5
right_child=1 3 -4 5 -6 -7
leaf_value=-0.03359581434040193 -0.036849092983776109 0.041045423013978455 0.044705368570617181 0.061981298204962246 0.012152712745043311 0.02337128829404081
leaf_weight=6.3286718577146521 6.5833035632967931 78.559829965233803 7.3680064380168915 40.149622946977615 30.280376233160496 12.371547825634478
leaf_count=63 44 211 17 68 109 39
internal_value=0.0344104 0.0368825 0.00600665 0.0395335 0.0330348 0.0529437
internal_weight=181.641 175.313 13.9513 161.361 108.84 52.5212
internal_count=551 488 61 427 320 107
is_linear=0
shrinkage=0.03


Tree=15
num_leaves=9
num_cat=0
split_feature=26 26 59 28 4 38 49 39
split_gain=31.5104 14.9724 30.5604 20.8978 16.734 30.4964 14.7278 11.1942
threshold=1.006086051464081 8.8118023872375506 7206.7526855468759 -256.74999999999994 1.0000000180025095e-35 -0.52151980996131886 -0.91893643140792836 4.4862132072448739
decision_type=2 2 2 2 2 2 2 2
left_child=-1 2 3 -2 6 -6 -3 -4
right_child=1 4 7 -5 5 -7 -8 -9
leaf_value=-0.033451695113148439 -0.0166577651664436 -0.0038483063787782225 -0.041133216980284389 0.037546797919639309 0.04318952049663325 -0.040604284291560461 0.053539430072170824 0.037550579569840634
leaf_weight=6.1676912084221831 6.9723649993538848 4.1707410514354697 7.552417539060114 69.282069154083729 13.094797261059286 5.5409553423523894 69.069187968969345 2.036154493689537
leaf_count=63 34 16 39 191 31 29 142 6
internal_value=0.0329611 0.0352829 0.0261871 0.0325512 0.0437487 0.0181142 0.0502305 -0.0241117
internal_weight=183.886 177.719 85.843 76.2544 91.8757 18.6358 73.2399 9.58857
internal_count=551 488 270 225 218 60 158 45
is_linear=0
shrinkage=0.03


Tree=16
num_leaves=8
num_cat=0
split_feature=26 47 7 33 26 38 54
split_gain=29.4168 15.446 14.3983 14.2407 22.3677 15.9584 11.2837
threshold=1.2710832953453066 1.4533565640449526 0.96978554129600536 0.85287350416183483 8.8118023872375506 1.4291078448295595 1.2934282422065737
decision_type=2 2 2 2 2 2 2
left_child=2 3 -1 4 -2 -5 -3
right_child=1 6 -4 5 -6 -7 -8
leaf_value=0.068534003407574193 0.014582427893053499 -0.035862394368862606 -0.033533566033613682 0.055134719050322564 0.041410193062343566 0.0053506799676278066 0.055361784293588547
leaf_weight=1.4425409287214268 48.723748952150345 4.6216510757803908 8.4972056373953802 47.247043788433075 67.068083234131336 6.759449064731597 1.6426087617874143
leaf_count=3 161 35 87 82 155 24 4
internal_value=0.0315966 0.0344373 -0.0184188 0.0361484 0.0301473 0.0489593 -0.0114628
internal_weight=186.002 176.063 9.93975 169.798 115.792 54.0065 6.26426
internal_count=551 461 90 422 316 106 39
is_linear=0
shrinkage=0.03


Tree=17
num_leaves=9
num_cat=0
split_feature=1 8 39 60 47 46 47 12
split_gain=16.0164 23.9297 18.5173 18.1709 12.8705 12.5227 5.38693 1.34707
threshold=5690.4750976562509 2.3220499753952031 4.9605000019073495 -2484421.6249999995 -0.76003146171569813 -0.8993760049343108 -0.052203023806214326 14442.629882812502
decision_type=2 2 2 2 2 2 2 2
left_child=1 2 3 -1 -2 -3 -6 -8
right_child=4 5 -4 -5 6 -7 7 -9
leaf_value=0.032577117341827333 -0.040855123999580883 0.049597325481187296 -0.040551874884412198 -0.038488265377370739 0.034531842201002839 -0.040188665896396997 0.07244754178812822 0.053839453388256936
leaf_weight=144.30715923011303 1.2669358551502252 1.7285860553383825 3.294458031654357 3.2740126177668563 8.1799108982086235 6.8848667442798597 10.823481813073156 8.0618969649076444
leaf_count=417 6 5 17 22 19 42 10 13
internal_value=0.030345 0.0266134 0.0293984 0.0309802 0.0512452 -0.0218217 0.0556672 0.0646629
internal_weight=187.821 159.489 150.876 147.581 28.3322 8.61345 27.0653 18.8854
internal_count=551 503 456 439 48 47 42 23
is_linear=0
shrinkage=0.03


Tree=18
num_leaves=7
num_cat=0
split_feature=26 38 58 57 11 2
split_gain=26.5333 13.8885 22.2959 18.9649 16.1099 8.83362
threshold=1.006086051464081 -1.8660293221473692 305308.40625000006 96.216953277587905 69.20999908447267 3227.7614746093755
decision_type=2 2 2 2 2 2
left_child=-1 2 -2 4 -3 -5
right_child=1 3 -4 5 -6 -7
leaf_value=-0.033224391479000241 -0.037204637798641679 0.03182473395170838 0.037479253109459675 -0.040457620552779162 0.059706383727043837 0.033470974780963461
leaf_weight=5.9031998366117469 6.691875755786894 140.91433707624674 7.7663102522492409 4.4444296807050696 21.861593969166279 2.1229984909296036
leaf_count=63 44 360 17 24 37 6
internal_value=0.0291351 0.0311542 0.00270481 0.0335654 0.0355878 -0.0161025
internal_weight=189.705 183.802 14.4582 169.343 162.776 6.56743
internal_count=551 488 61 427 397 30
is_linear=0
shrinkage=0.03


Tree=19
num_leaves=7
num_cat=0
split_feature=26 18 18 22 45 60
split_gain=24.8009 12.7549 28.9516 18.8841 18.3598 2.60278
threshold=1.006086051464081 17.545499801635746 11.16849994659424 -13544.084960937498 1.5444445013999941 -2543861.4999999995
decision_type=2 2 2 2 2 2
left_child=-1 2 4 -3 -2 -5
right_child=1 3 -4 5 -6 -7
leaf_value=-0.033091372904065712 0.031592849687326119 -0.0041118372504292226 -0.041984512077486519 0.051965050356199832 -0.016440165130256458 0.076927167601846938
leaf_weight=5.7514140233397475 150.95904739946127 4.3037772700190571 5.262256719172 8.2906126379966771 7.4346220195293418 9.3208555430173838
leaf_count=63 372 18 27 16 45 10
internal_value=0.028015 0.029925 0.0270083 0.0515692 0.0293194 0.0653466
internal_weight=191.323 185.571 163.656 21.9152 158.394 17.6115
internal_count=551 488 444 44 417 26
is_linear=0
shrinkage=0.03


Tree=20
num_leaves=8
num_cat=0
split_feature=26 10 29 60 7 40 56
split_gain=23.2106 12.1515 30.3958 17.3418 19.9455 15.5861 6.56897
threshold=1.006086051464081 0.00062599999364465486 5041.5917968750009 -2537166.6249999995 4.2216815948486337 2.8782922029495244 25.567000389099125
decision_type=2 2 2 2 2 2 2
left_child=-1 2 5 6 -5 -2 -3
right_child=1 3 -4 4 -6 -7 -8
leaf_value=-0.032962195220317334 0.029625978847282377 0.019967049373228431 -0.040030239546003488 -0.0096388949259889473 0.068669819308174465 -0.017809993567154715 0.058966476348445006
leaf_weight=5.6029772609472266 126.71849229931831 4.7715513855218878 6.2861536592245093 9.7863268703222257 4.1496457159519187 6.4759993478655806 29.038887031376362
leaf_count=63 329 12 35 39 4 28 41
internal_value=0.0269549 0.028764 0.0242413 0.0419135 0.0134634 0.0272971 0.0535514
internal_weight=192.83 187.227 139.481 47.7464 13.936 133.194 33.8104
internal_count=551 488 392 96 43 357 53
is_linear=0
shrinkage=0.03


Tree=21
num_leaves=8
num_cat=0
split_feature=26 45 38 53 27 40 7
split_gain=21.7895 14.5709 21.8112 14.3957 32.5563 20.4247 12.6617
threshold=1.2710832953453066 1.5444445013999941 2.0605913400650029 -0.55355894565582264 -63.640624999999993 -1.9255897402763364 0.96978554129600536
decision_type=2 2 2 2 2 2 2
left_child=6 3 -3 4 -2 -5 -1
right_child=1 2 -4 5 -6 -7 -8
leaf_value=0.060714186072383075 0.029377849657023912 -0.037444530741398974 0.058917136525959875 -0.0078267508892999119 -0.028117324210292133 0.039333111820895293 -0.033298244279974139
leaf_weight=1.5184161663055409 41.2139962464571 6.7558631524443609 3.0670011937618256 8.8015469014644605 11.242174908518789 113.52473138272762 8.0308725461363775
leaf_count=3 100 47 5 31 51 227 87
internal_value=0.0259617 0.0282538 -0.00705204 0.0302552 0.0169985 0.0359154 -0.0180353
internal_weight=194.155 184.605 9.82286 174.782 52.4562 122.326 9.54929
internal_count=551 461 52 409 151 258 90
is_linear=0
shrinkage=0.03


Tree=22
num_leaves=7
num_cat=0
split_feature=26 38 58 57 11 8
split_gain=20.4568 12.2471 19.825 16.7467 13.6882 10.2336
threshold=1.006086051464081 -1.8660293221473692 305308.40625000006 96.216953277587905 69.20999908447267 2.1303164958953862
decision_type=2 2 2 2 2 2
left_child=-1 2 -2 4 -3 -5
right_child=1 3 -4 5 -6 -7
leaf_value=-0.032723124377166374 -0.037457586643337391 0.027308139570141918 0.032317604793964484 -0.04131995227767047 0.052476149397865261 0.040085794590185096
leaf_weight=5.3216872885823241 6.7484443932771674 145.62909842282534 8.0185066536068899 4.760220229625701 22.83512781560421 1.9313067048788068
leaf_count=63 44 360 17 25 37 5
internal_value=0.0250358 0.02667 0.000227433 0.0288822 0.0307374 -0.0173763
internal_weight=195.244 189.923 14.767 175.156 168.464 6.69153
internal_count=551 488 61 427 397 30
is_linear=0
shrinkage=0.03


Tree=23
num_leaves=8
num_cat=0
split_feature=26 26 3 18 4 34 49
split_gain=19.2196 11.4223 19.9634 16.4336 13.8224 27.0763 12.1766
threshold=1.006086051464081 8.8118023872375506 -550.37100219726551 0.004500000039115549 1.0000000180025095e-35 -0.7814427614212035 -0.91893643140792836
decision_type=2 2 2 2 2 2 2
left_child=-1 2 -2 -4 6 -6 -3
right_child=1 4 3 -5 5 -7 -8
leaf_value=-0.03260414460768505 -0.04238823026940168 -0.009505278895347212 -0.043809034797686608 0.023870045233021334 0.043000941392067511 -0.027089427626821278 0.041287656039330108
leaf_weight=5.1829691827297202 4.6428310573101035 4.4030176997184745 3.3278483450412741 84.063098937273026 10.632291287183763 9.2543807998299581 74.837402105331421
leaf_count=63 23 16 16 231 20 40 142
internal_value=0.024144 0.0256983 0.0180151 0.0212585 0.0328014 0.0102331 0.0384275
internal_weight=196.344 191.161 92.0338 87.3909 99.1271 19.8867 79.2404
internal_count=551 488 270 247 218 60 158
is_linear=0
shrinkage=0.03


Tree=24
num_leaves=8
num_cat=0
split_feature=26 45 38 60 27 60 36
split_gain=18.0778 13.1423 20.0693 13.8353 19.8127 14.3651 12.6986
threshold=1.2710832953453066 1.5444445013999941 2.0605913400650029 -2549785.3749999995 1752.6289062500002 -2582200.8749999995 -1.6128053069114683
decision_type=2 2 2 2 2 2 2
left_child=6 3 -3 5 -5 -2 -1
right_child=1 2 -4 4 -6 -7 -8
leaf_value=0.062995109929118581 0.018677707495827461 -0.037473943516797968 0.054035011919657851 0.022829441266774209 -0.045175192038543054 0.047198382659051172 -0.033181764623736974
leaf_weight=1.4543642476201055 24.657712608575821 6.7653301283717138 3.153911292552948 102.67814679443836 3.977792114019393 46.973871365189552 7.7277945503592473
leaf_count=3 66 47 5 254 18 71 87
internal_value=0.0232897 0.0253016 -0.00807541 0.0271754 0.020265 0.0374226 -0.0176216
internal_weight=197.389 188.207 9.91924 178.288 106.656 71.6316 9.18216
internal_count=551 461 52 409 272 137 90
is_linear=0
shrinkage=0.03


Tree=25
num_leaves=7
num_cat=0
split_feature=26 38 58 57 11 2
split_gain=17.0562 11.1716 18.1139 14.9765 12.3687 8.78755
threshold=1.006086051464081 -1.8660293221473692 305308.40625000006 96.216953277587905 69.20999908447267 3419.317016601563
decision_type=2 2 2 2 2 2
left_child=-1 2 -2 4 -3 -5
right_child=1 3 -4 5 -6 -7
leaf_value=-0.032380735813127358 -0.037524978790639443 0.024484398449993044 0.028966936272781626 -0.040820241643508906 0.048149591726415024 0.033171405139634624
leaf_weight=4.9239917546510688 6.7224547639489165 148.31102434545755 8.1608085408806783 4.6526103541254988 23.349705971777439 2.0540060997009277
leaf_count=63 44 360 17 25 37 5
internal_value=0.0224978 0.0239116 -0.000864485 0.0259958 0.0277209 -0.0177118
internal_weight=198.175 193.251 14.8833 178.367 171.661 6.70662
internal_count=551 488 61 427 397 30
is_linear=0
shrinkage=0.03


Tree=26
num_leaves=7
num_cat=0
split_feature=26 18 20 27 7 22
split_gain=16.074 10.8396 27.4251 15.6523 8.55164 14.0002
threshold=1.006086051464081 17.545499801635746 46710.246093750007 1752.6289062500002 1.7779180407524111 22587.293945312504
decision_type=2 2 2 2 2 2
left_child=-1 2 3 -2 -3 -6
right_child=1 4 -4 -5 5 -7
leaf_value=-0.032270630243466866 0.024648326417355666 0.071317559491666072 -0.042205222265394575 -0.022325428068183151 -0.01091301275950848 0.049004444154351595
leaf_weight=4.7945236712694159 158.5474234521389 6.7306558638811138 6.032334364950656 6.5849117189645758 4.9877766072750118 11.281534150242804
leaf_count=63 387 6 32 25 21 17
internal_value=0.0217332 0.0230822 0.02045 0.022757 0.0425404 0.0304508
internal_weight=198.959 194.165 171.165 165.132 23 16.2693
internal_count=551 488 444 412 44 38
is_linear=0
shrinkage=0.03


Tree=27
num_leaves=8
num_cat=0
split_feature=26 45 38 33 26 38 36
split_gain=15.3062 11.9299 18.4 11.7179 19.1839 13.9879 11.326
threshold=1.2710832953453066 1.5444445013999941 2.0605913400650029 0.85287350416183483 8.8118023872375506 1.4291078448295595 -1.6128053069114683
decision_type=2 2 2 2 2 2 2
left_child=6 3 -3 4 -2 -5 -1
right_child=1 2 -4 5 -6 -7 -8
leaf_value=0.057247523391244719 0.0050459123269117178 -0.03743065018317783 0.049612497328309864 0.041361132898517727 0.029194557638675938 -0.0024421798714794698 -0.033009784390278393
leaf_weight=1.4897445812821386 50.744424045085907 6.7336509823799116 3.2203376144170761 50.6026870906353 72.228649497032166 7.3914045989513388 7.3369978293776494
leaf_count=3 156 47 5 80 149 24 87
internal_value=0.0209939 0.0227863 -0.00896886 0.0245496 0.0192541 0.0357266 -0.0174366
internal_weight=199.748 190.921 9.95399 180.967 122.973 57.9941 8.82674
internal_count=551 461 52 409 305 104 90
is_linear=0
shrinkage=0.03


Tree=28
num_leaves=8
num_cat=0
split_feature=1 53 49 33 45 47 44
split_gain=12.3118 14.0011 20.777 19.687 17.7646 10.7027 9.91158
threshold=5925.6970214843759 -1.3436422944068906 -1.055548310279846 -1.0160525441169737 1.5444445013999941 -0.052203023806214326 2434563.3750000005
decision_type=2 2 2 2 2 2 2
left_child=1 3 -3 -1 -4 6 -2
right_child=5 2 4 -5 -6 -7 -8
leaf_value=0.028703207409467218 -0.015544222133391393 -0.04416570335655691 0.024288429798661956 -0.040923202372273502 -0.020295082207236987 0.052543808492649668 0.052455383938848674
leaf_weight=6.4575689956545821 4.939273729920389 4.3849837929010382 146.50328828394413 8.3526529967784864 8.4370451569557172 18.001797944307327 3.1285948008298874
leaf_count=19 17 26 362 52 52 19 4
internal_value=0.0203151 0.0174058 0.0200059 -0.0103621 0.0218413 0.0396329 0.0104531
internal_weight=200.205 174.136 159.325 14.8102 154.94 26.0697 8.06787
internal_count=551 511 440 71 414 40 21
is_linear=0
shrinkage=0.03


Tree=29
num_leaves=10
num_cat=0
split_feature=1 53 37 4 34 49 19 21 21
split_gain=11.5775 13.0929 21.595 16.3633 17.8424 17.5481 11.6871 10.6256 3.07364
threshold=5925.6970214843759 -1.3436422944068906 -3.0352932214736934 1.0000000180025095e-35 -0.7814427614212035 -1.055548310279846 233934.64843750003 -0.12449999526143073 1.063499987125397
decision_type=2 2 2 2 2 2 2 2 2
left_child=1 2 -1 5 -5 -3 -4 -2 -9
right_child=7 3 6 4 -6 -7 -8 8 -10
leaf_value=0.062970113923435642 -0.0061881532353397018 -0.04274506768227386 -0.040845507117038334 0.024532775215882912 -0.044055842539631823 0.023935019527991003 0.042795603156820405 0.057744936653266341 0.034288961057496119
leaf_weight=2.8955894559621802 3.9666977226734188 3.611149661242961 10.072710916399954 6.3534720689058304 7.3051082715392095 142.66127480566502 1.7337158620357502 11.386505559086801 10.76710371673107
leaf_count=4 13 23 61 14 36 367 6 10 17
internal_value=0.0196487 0.0168318 -0.0101275 0.0193288 -0.0119313 0.0222683 -0.0283091 0.0383671 0.0464803
internal_weight=200.753 174.633 14.702 159.931 13.6586 146.272 11.8064 26.1203 22.1536
internal_count=551 511 71 440 50 390 67 40 27
is_linear=0
shrinkage=0.03


Tree=30
num_leaves=8
num_cat=0
split_feature=26 10 29 2 36 6 12
split_gain=13.8637 10.9242 25.1373 14.0878 10.2944 8.29343 2.94657
threshold=1.2710832953453066 0.0008060300024226309 5041.5917968750009 4922.8659667968759 -1.6128053069114683 -343528.74999999994 16991.854492187504
decision_type=2 2 2 2 2 2 2
left_child=4 2 3 -2 -1 -3 -7
right_child=1 5 -4 -5 -6 6 -8
leaf_value=0.052510784595316697 0.015661861488806116 0.0054292069854177593 -0.041718787106751497 0.038674549619037907 -0.032953010670596077 0.037349280544545005 0.060944299187221634
leaf_weight=1.5172334760427473 128.23681262880564 5.8075736165046719 6.1373092904686919 29.780871726572514 7.219096537679432 14.171216845512392 8.3675163537263852
leaf_count=3 336 16 32 47 87 23 7
internal_value=0.0190108 0.0206955 0.0176915 0.0200179 -0.0177672 0.0379862 0.046242
internal_weight=201.238 192.501 164.155 158.018 8.73633 28.3463 22.5387
internal_count=551 461 415 383 90 46 30
is_linear=0
shrinkage=0.03


Tree=31
num_leaves=10
num_cat=0
split_feature=26 7 3 53 31 7 0 23 45
split_gain=13.3391 14.4634 17.3705 15.1195 14.2031 14.1577 22.4066 13.6536 10.8365
threshold=3.0535888671875004 1.2691291570663454 32.188500404357917 -2.9309557676315303 7.7276737689971933 3.7258709669113164 18990.000000000004 14.500000000000002 -0.46027584373950953
decision_type=2 2 2 2 2 2 2 2 2
left_child=1 -1 3 -3 5 6 -2 -4 -7
right_child=4 2 7 -5 -6 8 -8 -9 -10
leaf_value=0.040338782984755281 0.018316354119896145 0.057053926318701591 -0.042055442206513305 -0.041029772585617554 0.053224792656706044 0.047469687332158339 -0.02942717904251891 0.029582050128304411 0.012804745886201412
leaf_weight=7.172593154013156 105.77144726365805 1.5614758431911457 2.9544012807309619 13.122069831937553 12.295794203877447 24.366823688149452 9.6094815880060178 12.146178629249333 12.575055502355097
leaf_count=15 259 3 20 94 16 33 40 39 32
internal_value=0.018409 0.00203175 -0.0070926 -0.0303951 0.0220675 0.0195327 0.014314 0.0153676 0.0357509
internal_weight=201.575 36.9567 29.7841 14.6835 164.619 152.323 115.381 15.1006 36.9419
internal_count=551 171 156 97 380 364 299 59 65
is_linear=0
shrinkage=0.03


Tree=32
num_leaves=8
num_cat=0
split_feature=1 60 4 34 28 21 21
split_gain=10.2658 13.1616 11.7591 20.8062 14.1902 9.76535 2.71408
threshold=5925.6970214843759 -2482710.2499999995 1.0000000180025095e-35 -0.7814427614212035 -738.49999999999989 -0.12449999526143073 1.063499987125397
decision_type=2 2 2 2 2 2 2
left_child=1 2 4 -4 -1 -2 -7
right_child=5 -3 3 -5 -6 6 -8
leaf_value=-0.040160824454614039 -0.0071603237298624991 -0.041843797266498596 0.024647067024984464 -0.04388576993943643 0.020272723106416899 0.053811255980118933 0.031741049146848437
leaf_weight=3.546273246407508 3.9860376864671734 3.5394554287195197 8.287647716701029 7.6443983465433112 152.71560703217983 11.407244279980661 10.794761970639227
leaf_count=21 13 22 18 38 412 10 17
internal_value=0.0178245 0.0151834 0.016373 -0.00804756 0.018882 0.0354335 0.0432157
internal_weight=201.921 175.733 172.194 15.932 156.262 26.188 22.202
internal_count=551 511 489 56 433 40 27
is_linear=0
shrinkage=0.03


Tree=33
num_leaves=10
num_cat=0
split_feature=26 53 27 22 45 18 38 10 36
split_gain=12.4101 10.4418 27.8701 14.2228 11.3035 9.95543 9.52674 9.52081 9.46861
threshold=1.2710832953453066 -0.55355894565582264 -63.640624999999993 -22396.274414062496 1.5444445013999941 17.545499801635746 1.8166030049324038 0.00070050000795163225 -1.6128053069114683
decision_type=2 2 2 2 2 2 2 2 2
left_child=8 2 3 -2 5 -3 -6 -4 -1
right_child=1 4 7 -5 6 -7 -8 -9 -10
leaf_value=0.049000019975631262 -0.013391798058539286 0.022194183987313473 -0.04330858277899665 0.027516109194096795 -0.038704547860870145 0.047869696972394862 0.043561141669840285 0.025550929650233412 -0.032872770228881902
leaf_weight=1.5277403593063352 9.5568618103861791 112.93843318521976 10.412605106830595 36.666871406137943 4.5502898618578902 15.749647721648214 1.7289620041847227 2.1285245120525351 7.0334188863635045
leaf_count=3 38 238 53 75 28 20 4 5 87
internal_value=0.0172558 0.0188254 0.00819157 0.0189934 0.0234331 0.0253598 -0.0155753 -0.0313823 -0.0179121
internal_weight=202.293 193.732 58.7649 46.2237 134.967 128.688 6.27925 12.5411 8.56116
internal_count=551 461 171 113 290 258 32 58 90
is_linear=0
shrinkage=0.03


Tree=34
num_leaves=12
num_cat=0
split_feature=26 9 28 0 60 60 39 7 26 10 39
split_gain=12.0881 16.4284 14.8719 15.0674 13.1471 17.6899 25.5595 15.9319 10.4553 17.1294 13.4884
threshold=3.0535888671875004 1393.2600097656252 323.00000000000006 13785.000000000002 -2549785.3749999995 -2542768.1249999995 -0.66358119249343861 3.7258709669113164 17.890694618225101 0.00046451001253444707 1.023460924625397
decision_type=2 2 2 2 2 2 2 2 2 2 2
left_child=1 -1 3 -3 8 6 -6 -7 10 -10 -2
right_child=4 2 -4 -5 5 7 -8 -9 9 -11 -12
leaf_value=0.043607016127019275 0.019537679762653408 -0.040707099393313906 0.036095049724918053 0.0060888359145415075 0.041773394650742444 0.0093010342309735768 -0.02471386138675663 0.039367934099821478 -0.024723546856959752 0.033214307579195038 0.050701301479823289
leaf_weight=6.7163062319159499 22.72909551858902 12.907491479069 5.5120965726673594 11.718400023877619 6.9884635806083706 41.024626150727272 20.219851329922676 26.231996417045593 7.3919665515422848 11.990662820637224 28.929565116763115
leaf_count=11 52 97 13 50 12 112 77 42 31 19 35
internal_value=0.0167305 0.00110604 -0.00826584 -0.0183171 0.0201916 0.0128036 -0.00752633 0.0210726 0.0299734 0.0109637 0.0370478
internal_weight=202.361 36.8543 30.138 24.6259 165.506 94.4649 27.2083 67.2566 71.0413 19.3826 51.6587
internal_count=551 171 160 147 380 243 89 154 137 50 87
is_linear=0
shrinkage=0.03


Tree=35
num_leaves=13
num_cat=0
split_feature=26 59 18 49 4 34 8 49 8 41 28 45
split_gain=11.4966 20.1845 14.1203 13.9515 11.5204 20.5377 11.9031 15.3706 10.1019 6.67164 5.36142 3.05064
threshold=8.8118023872375506 7206.7526855468759 0.004500000039115549 -0.12232780829071997 1.0000000180025095e-35 -0.7814427614212035 1.8248285055160525 0.083267450332641615 2.0248509645462041 2.8291012048721318 13.750000000000002 -0.66196778416633595
decision_type=2 2 2 2 2 2 2 2 2 2 2 2
left_child=1 2 -1 -4 6 11 10 -8 -3 -7 -2 -6
right_child=4 8 3 -5 5 9 7 -9 -10 -11 -12 -13
leaf_value=-0.045514615401978521 0.025554767009218889 -0.04533441308903903 0.024328981142552712 -0.0014831867266112905 0.0030257887345603632 -0.043846331188177573 -0.005619198401422369 0.040828896961950016 0.027174021863368102 0.015233465734508383 0.044796310828126719 0.040153398249243459
leaf_weight=3.4717766791582099 24.474468104541302 8.3629516288638097 58.210004284977913 27.553872033953667 2.8738261908292762 7.1394997090101224 16.850878283381466 10.264653936028479 2.1250635087490073 2.1780562400817871 30.715574607253075 8.1557626277208346
leaf_count=17 52 40 163 108 8 35 49 16 5 5 41 12
internal_value=0.0162273 0.00892389 0.0135742 0.0160012 0.0232932 0.00291518 0.0282944 0.0118532 -0.0303568 -0.029714 0.0363179 0.0307516
internal_weight=202.376 99.7237 89.2357 85.7639 102.653 20.3471 82.3056 27.1155 10.488 9.31756 55.19 11.0296
internal_count=551 333 288 271 218 60 158 65 45 40 93 20
is_linear=0
shrinkage=0.03


Tree=36
num_leaves=8
num_cat=0
split_feature=26 38 43 57 11 5 8
split_gain=11.1772 9.99269 14.2849 12.4584 10.377 8.99779 8.38631
threshold=1.006086051464081 -1.8660293221473692 4066853.5000000005 96.216953277587905 69.20999908447267 319395.70312500006 2.1303164958953862
decision_type=2 2 2 2 2 2 2
left_child=-1 2 5 4 -3 -2 -5
right_child=1 3 -4 6 -6 -7 -8
leaf_value=-0.031887557200833035 -0.040614488850098322 0.017346719227533152 0.034673703564456572 -0.042472267914759852 0.038702257332458675 0.031850905516792358 0.02907165262192796
leaf_weight=4.2994710877537718 8.2984656989574415 152.14916049689054 5.0149153172969809 4.8369919508695594 24.019897036254406 1.8473061397671688 2.0711461007595062
leaf_count=63 49 360 8 25 37 4 5
internal_value=0.0157268 0.0167747 -0.00648479 0.0187172 0.0202755 -0.0271246 -0.0205882
internal_weight=202.537 198.238 15.1607 183.077 176.169 10.1458 6.90814
internal_count=551 488 61 427 397 53 30
is_linear=0
shrinkage=0.03


Tree=37
num_leaves=13
num_cat=0
split_feature=26 9 33 33 37 60 60 39 7 30 10 14
split_gain=10.7933 15.1549 23.3835 14.7255 13.7795 11.8277 16.5224 23.8253 14.6359 10.009 16.6383 13.3796
threshold=3.0535888671875004 1393.2600097656252 0.85287350416183483 1.1853582262992861 -3.0352932214736934 -2549785.3749999995 -2542768.1249999995 -0.66358119249343861 3.7258709669113164 5120.0832519531259 0.0015460000140592458 4077.150024414063
decision_type=2 2 2 2 2 2 2 2 2 2 2 2
left_child=1 -1 4 -4 -3 9 7 -7 -8 11 -11 -2
right_child=5 2 3 -5 -6 6 8 -9 -10 10 -12 -13
leaf_value=0.0410933879757635 -0.017331123845087448 0.050551370602658394 0.038364861488372107 -0.038841412505996459 -0.040854578318388117 0.039137563522299766 0.0082068118986301144 -0.024806402893473346 0.036958094652724684 -0.042098457900096475 0.052426550936853202 0.035367418989814735
leaf_weight=6.7588995620608321 4.5979852974414817 1.6155046373605753 10.200650691986082 2.8075898662209502 15.310568772256376 7.0623891651630428 41.150594249367714 20.190544068813324 26.382881984114647 4.3905214667320243 2.7003098726272583 59.430152080953121
leaf_count=11 15 3 21 24 112 12 112 77 42 23 2 97
internal_value=0.0152492 0.000441526 -0.00863708 0.0214707 -0.0319531 0.0185061 0.0115135 -0.00812573 0.0194833 0.0277835 -0.00567864 0.0315362
internal_weight=202.599 36.6932 29.9343 13.0082 16.9261 165.905 94.7864 27.2529 67.5335 71.119 7.09083 64.0281
internal_count=551 171 160 45 115 380 243 89 154 137 25 112
is_linear=0
shrinkage=0.03


Tree=38
num_leaves=12
num_cat=0
split_feature=26 59 18 49 4 38 38 8 49 8 37
split_gain=10.2413 18.7176 13.1184 12.5057 10.7076 19.3619 12.3658 11.2054 14.1145 9.50489 6.92426
threshold=8.8118023872375506 7206.7526855468759 0.004500000039115549 -0.12232780829071997 1.0000000180025095e-35 -0.52151980996131886 -1.3309077620506284 1.8248285055160525 0.083267450332641615 2.0248509645462041 -2.0441339015960689
decision_type=2 2 2 2 2 2 2 2 2 2 2
left_child=1 2 -1 -4 7 6 -6 10 -9 -3 -2
right_child=4 9 3 -5 5 -7 -8 8 -10 -11 -12
leaf_value=-0.045075859167861158 0.053499381479081939 -0.044916624966168925 0.022543272123110955 -0.0019205167263335976 -0.016273662770925252 -0.043811978786237708 0.0415401812649299 -0.0064325932045188119 0.038020146419408499 0.025267295605775987 0.028029828553704027
leaf_weight=3.4153354354202738 12.956946611404417 8.2352946549653989 58.380216028541327 27.423695515841246 5.1160995736718187 5.9009976014494887 9.2354730665683746 16.845429025590423 10.313487246632574 2.1418445557355872 42.34817811101675
leaf_count=17 12 40 163 108 20 29 11 49 16 5 81
internal_value=0.0148112 0.00790873 0.012368 0.0146895 0.0214747 0.0017702 0.0207215 0.0262777 0.0103377 -0.0301415 0.0340511
internal_weight=202.313 99.5964 89.2192 85.8039 102.717 20.2526 14.3516 82.464 27.1589 10.3771 55.3051
internal_count=551 333 288 271 218 60 31 158 65 45 93
is_linear=0
shrinkage=0.03


Tree=39
num_leaves=9
num_cat=0
split_feature=38 43 57 41 11 53 33 17
split_gain=9.01843 13.3412 11.9629 13.312 9.75941 14.5192 8.43536 6.58138
threshold=-1.8660293221473692 4066853.5000000005 96.216953277587905 -3.528347253799438 69.20999908447267 0.97326022386550914 1.1523111462593081 0.20600000023841861
decision_type=2 2 2 2 2 2 2 2
left_child=1 6 4 -4 5 -2 -1 -6
right_child=2 -3 3 -5 7 -7 -8 -9
leaf_value=-0.040297619965841434 0.018004139757701272 0.032372751629312024 0.062469237586954947 -0.040887091797772938 0.011008819185759897 -0.012329922978817838 0.029822119928414718 0.045747724927138141
leaf_weight=8.4120399355888331 139.77097079530358 4.9668352976441374 1.3634423017501829 5.9569639302790156 7.2486662082374123 15.686633579432963 1.8409931585192687 17.029411233961582
leaf_count=52 351 8 1 37 17 57 4 24
internal_value=0.0143676 -0.00770655 0.0161797 -0.0212269 0.0177199 0.0149239 -0.0274146 0.0354994
internal_weight=202.276 15.2199 187.056 7.32041 179.736 155.458 10.253 24.2781
internal_count=551 64 487 38 449 408 56 41
is_linear=0
shrinkage=0.03


Tree=40
num_leaves=7
num_cat=0
split_feature=26 18 20 38 8 36
split_gain=9.88241 8.96214 21.6329 10.5681 7.01827 14.4299
threshold=1.006086051464081 17.545499801635746 46710.246093750007 0.44092850387096411 1.4675999879837038 0.57728379964828502
decision_type=2 2 2 2 2 2
left_child=-1 2 3 -2 -3 -6
right_child=1 4 -4 -5 5 -7
leaf_value=-0.031732234721082775 0.019895209612234472 0.051793437421514522 -0.043002369999573159 0.0039196407761616673 -0.019232604027402164 0.043969578281443537
leaf_weight=4.1355157680809489 112.29463454335928 9.8972839862108248 6.0628874748945227 56.548420593142509 5.4479817077517492 7.8980470448732376
leaf_count=63 253 10 32 159 24 10
internal_value=0.0139355 0.0149037 0.0125499 0.0145625 0.0324872 0.017945
internal_weight=202.285 198.149 174.906 168.843 23.2433 13.346
internal_count=551 488 444 412 44 34
is_linear=0
shrinkage=0.03


Tree=41
num_leaves=11
num_cat=0
split_feature=1 38 36 8 38 60 35 9 47 5
split_gain=9.01806 11.6178 26.6739 17.6231 13.2521 15.8588 13.7885 9.41588 9.20965 11.7626
threshold=5925.6970214843759 0.8961031734943391 1.2181572914123537 1.9696999788284304 -1.8660293221473692 -2582200.8749999995 2.0236234664916997 75740.941406250015 0.11396537348628046 319395.70312500006
decision_type=2 2 2 2 2 2 2 2 2 2
left_child=1 4 7 -4 6 -6 -1 -3 9 -2
right_child=8 2 3 -5 5 -7 -8 -9 -10 -11
leaf_value=-0.028318525586902718 -0.02295613185568084 -0.045383440152015855 0.022370486090539557 -0.044570001034716859 -0.016661139090796504 0.022350507096247481 0.046010453647738953 0.020641757142162979 0.04434034580485504 0.042364448885559659
leaf_weight=10.595192406326531 5.3133983463048953 12.499393574893473 27.518364097923044 4.037771586328744 10.193978313356636 106.52750370651484 2.8285563588142386 2.234195001423358 15.895306557416914 4.6187368333339691
leaf_count=58 18 67 62 22 49 243 3 7 16 6
internal_value=0.013518 0.0110675 -0.00178251 0.01371 0.015661 0.0189177 -0.012433 -0.0351678 0.0301423 0.00711782
internal_weight=202.262 176.435 46.2897 31.5561 130.145 116.721 13.4237 14.7336 25.8274 9.93214
internal_count=551 511 158 84 353 292 61 74 40 24
is_linear=0
shrinkage=0.03


Tree=42
num_leaves=8
num_cat=0
split_feature=1 60 4 34 54 47 5
split_gain=8.56881 10.9109 9.58514 17.1746 11.4424 8.74994 11.0929
threshold=5925.6970214843759 -2482710.2499999995 1.0000000180025095e-35 -0.7814427614212035 -2.8364903926849361 0.11396537348628046 319395.70312500006
decision_type=2 2 2 2 2 2 2
left_child=1 2 4 -4 -1 6 -2
right_child=5 -3 3 -5 -6 -7 -8
leaf_value=-0.022118357991372899 -0.022338759568322649 -0.042053308069016089 0.019183865324355388 -0.043528330539015316 0.015863636214845565 0.043274359144110305 0.04116784946271311
leaf_weight=7.4314247779548159 5.2966912686824816 3.4294377937912932 8.23371324688196 7.4611889868974677 149.71958703547716 15.799686685204504 4.6105146408081055
leaf_count=39 18 22 18 38 394 16 6
internal_value=0.0131293 0.0107428 0.0118077 -0.0104377 0.0140484 0.0293775 0.00691249
internal_weight=201.982 176.275 172.846 15.6949 157.151 25.7069 9.90721
internal_count=551 511 489 56 433 40 24
is_linear=0
shrinkage=0.03


Tree=43
num_leaves=11
num_cat=0
split_feature=26 3 14 29 4 38 38 8 18 37
split_gain=9.34805 14.3241 10.7521 18.8515 9.45635 17.4948 10.6501 10.1424 11.9653 6.37546
threshold=8.8118023872375506 -550.37100219726551 4019.450073242188 4061.278442382813 1.0000000180025095e-35 -0.52151980996131886 -1.3309077620506284 1.8248285055160525 0.89499998092651378 -1.823008596897125
decision_type=2 2 2 2 2 2 2 2 2 2
left_child=1 -1 -3 -4 7 6 -6 9 -9 -2
right_child=4 2 3 -5 5 -7 -8 8 -10 -11
leaf_value=-0.044648932023711035 0.046952265009231151 0.041682342503322672 -0.046907187255894392 0.0093375629015859472 -0.015903211320023394 -0.043383852136014388 0.038092344248221617 -0.020111376247900506 0.022351295455070516 0.024252107863308392
leaf_weight=4.7373370975255957 16.321791611611843 8.17098445817828 5.7311696819961062 81.028806548565626 5.0602411702275285 5.781085953116416 9.0786084234714508 8.80871829390526 18.278891988098621 38.881797097623348
leaf_count=23 18 17 29 264 20 29 11 28 37 75
internal_value=0.0127408 0.0061589 0.00872597 0.00558758 0.0191296 0.000428998 0.0185554 0.0236199 0.00843195 0.0310181
internal_weight=201.879 99.6683 94.931 86.76 102.211 19.9199 14.1388 82.2912 27.0876 55.2036
internal_count=551 333 310 293 218 60 31 158 65 93
is_linear=0
shrinkage=0.03


Tree=44
num_leaves=12
num_cat=0
split_feature=26 9 33 49 2 9 7 26 38 9 26
split_gain=9.07356 13.3397 20.8792 11.988 9.05379 21.1092 12.3469 23.0389 11.2101 10.078 6.77165
threshold=3.0535888671875004 1393.2600097656252 0.85287350416183483 -1.0991650223731992 609.55249023437511 2187.430053710938 3.7258709669113164 8.8118023872375506 -1.2830303907394407 58161.000000000007 1.5339529514312746
decision_type=2 2 2 2 2 2 2 2 2 2 2
left_child=1 -1 3 -3 5 -2 7 -6 -7 -8 -4
right_child=4 2 10 -5 6 8 9 -9 -10 -11 -12
leaf_value=0.036760465852081245 -0.04822356135608305 0.040862884405339174 -0.010170986415071585 -0.040939670329377495 -0.016044823555533022 -0.011013491780376805 -0.016481504685658538 0.015871854057853716 0.043367945691106691 0.032720858315994319 0.034801959422488107
leaf_weight=6.7784649208188048 2.8608952164649954 1.7712488137185598 4.5839805677533141 14.937913548201324 29.211062468588352 3.8067332357168224 4.1678637117147437 66.746878355741501 27.060772612690926 31.434184432029724 8.3366819322109205
leaf_count=11 13 5 33 110 106 12 14 151 35 49 12
internal_value=0.0123689 -0.001112 -0.0098774 -0.0320887 0.0153565 0.0292834 0.0117632 0.00612467 0.0365642 0.0268766 0.0186143
internal_weight=201.697 36.4083 29.6298 16.7092 165.288 33.7284 131.56 95.9579 30.8675 35.602 12.9207
internal_count=551 171 160 115 380 60 320 257 47 63 45
is_linear=0
shrinkage=0.03


Tree=45
num_leaves=14
num_cat=0
split_feature=6 29 0 45 35 14 11 22 47 37 46 37 18
split_gain=8.1614 21.1093 20.8408 16.6102 14.3281 11.6534 10.5904 8.52102 19.6313 15.6161 7.78852 3.46141 2.93877
threshold=-612696.15624999988 4460.0278320312509 19269.500000000004 1.1919066309928896 0.71925759315490734 4537.3000488281259 69.599998474121108 -1549.8800048828123 1.0363487601280215 -0.48219169676303858 -0.86263558268547047 -1.5245749950408933 1.4880000352859499
decision_type=2 2 2 2 2 2 2 2 2 2 2 2 2
left_child=7 2 6 5 -4 -3 -2 8 9 -1 -9 -12 -10
right_child=1 3 4 -5 -6 -7 -8 10 12 -11 11 -13 -14
leaf_value=0.015150000108074808 -0.047967120084149849 0.036640532750345664 0.019218300395381076 -0.037485574702190216 -0.04701514874526868 0.01252869008547915 0.0019403875772403807 -0.045007971515468904 0.017152355734312442 -0.05112593666336037 0.0040226437030890143 0.041647684295657968 0.049400680077713234
leaf_weight=6.700880765914917 13.135259013623001 23.554461531341076 19.59823160618544 5.0578592196106902 3.4406901374459258 80.562349364161491 5.2397512495517722 1.0324485450983072 4.4094067811965925 6.0433973819017428 2.6376236900687244 22.478637095540762 7.3741736188530922
leaf_count=16 65 38 48 40 17 221 13 5 12 26 7 34 9
internal_value=0.0120218 0.00848523 -0.0097072 0.0154138 0.00919662 0.0180124 -0.0335724 0.0224717 0.0095999 -0.016043 0.034431 0.0378159 0.037588
internal_weight=201.265 150.589 41.4139 109.175 23.0389 104.117 18.375 50.6766 24.5279 12.7443 26.1487 25.1163 11.7836
internal_count=551 442 143 299 65 259 78 109 63 42 46 41 21
is_linear=0
shrinkage=0.03


Tree=46
num_leaves=7
num_cat=0
split_feature=26 38 58 27 37 37
split_gain=8.50356 7.95469 11.5506 10.553 12.916 12.4013
threshold=1.006086051464081 -1.8660293221473692 305308.40625000006 1752.6289062500002 1.86723268032074 1.6546331048011782
decision_type=2 2 2 2 2 2
left_child=-1 2 -2 4 -3 -5
right_child=1 3 -4 5 -6 -7
leaf_value=-0.03157324150714428 -0.038202233486147305 0.01293086555522127 0.015245149390379699 0.026858521838207305 0.038861559834013314 -0.047348939040428972
leaf_weight=3.9711411669850341 6.5814700759947291 154.28782317787409 8.0491700768470746 3.2732927054166776 19.649170488119125 5.1859955191612244
leaf_count=63 44 367 17 5 32 23
internal_value=0.0116764 0.0125634 -0.00859266 0.0142768 0.0158774 -0.01828
internal_weight=200.998 197.027 14.6306 182.396 173.937 8.45929
internal_count=551 488 61 427 399 28
is_linear=0
shrinkage=0.03


Tree=47
num_leaves=10
num_cat=0
split_feature=26 9 33 37 31 7 30 45 26
split_gain=8.40447 12.3444 19.5321 12.171 10.4168 10.4021 18.1098 9.16517 6.21941
threshold=3.0535888671875004 1393.2600097656252 0.85287350416183483 -3.0352932214736934 7.7276737689971933 3.7258709669113164 4062.649780273438 -0.46027584373950953 1.5339529514312746
decision_type=2 2 2 2 2 2 2 2 2
left_child=1 -1 3 -3 5 6 -2 -7 -4
right_child=4 2 8 -5 -6 7 -8 -9 -10
leaf_value=0.034792881149687573 -0.046894343206692932 0.044247147338079294 -0.010378521534535399 -0.040728845512607297 0.040887345003274372 0.036615124391497382 0.010173905653080302 0.0047962353160441564 0.032882875311940528
leaf_weight=6.7355920746922484 5.2272083014249793 1.6576666161417986 4.5420290082693091 14.763556048274042 12.282278403639792 24.478017970919609 110.25954298302531 12.55956771224737 8.2941547185182554
leaf_count=11 24 3 33 112 16 33 275 32 12
internal_value=0.0113363 -0.0017228 -0.0102319 -0.0319681 0.0142066 0.0120384 0.00756488 0.0259062 0.0173413
internal_weight=200.8 35.993 29.2574 16.4212 164.807 152.524 115.487 37.0376 12.8362
internal_count=551 171 160 115 380 364 299 65 45
is_linear=0
shrinkage=0.03


Tree=48
num_leaves=10
num_cat=0
split_feature=26 1 3 49 8 49 29 57 19
split_gain=8.12049 13.4661 11.9706 12.6411 7.8168 13.7095 22.2774 10.9362 3.80298
threshold=9.7697057723999041 4654.8735351562509 -550.37100219726551 -0.12232780829071997 0.98379999399185192 -0.3894867449998855 4460.0278320312509 32.120521545410163 190.44245147705081
decision_type=2 2 2 2 2 2 2 2 2
left_child=1 2 -1 -4 8 6 -6 -7 -2
right_child=4 -3 3 -5 5 7 -8 -9 -10
leaf_value=-0.044608494259944738 0.053725729326660178 0.034456770909764768 0.011672544867491988 -0.012111566257882312 -0.048306481954329829 -0.0003786671475396764 0.012575620598532537 0.032714677348102364 0.023190997348809299
leaf_weight=4.7696911692619315 7.0421901047229758 12.803769573569296 63.319185443222523 29.379968382418156 7.1982639878988293 12.059266187250612 21.696244947612286 33.345179386436939 8.7820879369974119
leaf_count=23 6 18 195 124 32 36 49 53 15
internal_value=0.0110187 0.00551965 0.00168761 0.00410207 0.017714 0.0135726 -0.00248764 0.0238591 0.0369693
internal_weight=200.396 110.273 97.4688 92.6992 90.1232 74.299 28.8945 45.4044 15.8243
internal_count=551 360 342 319 191 170 81 89 21
is_linear=0
shrinkage=0.03


Tree=49
num_leaves=11
num_cat=0
split_feature=2 27 40 38 40 55 35 40 57 24
split_gain=7.64329 13.3028 12.9823 12.1675 8.90886 10.8282 8.28926 7.78519 4.701 3.56089
threshold=4922.8659667968759 -2154.2031249999995 3.086664199829102 -2.1171909570693965 -0.57989230751991261 -3.6236857175827022 1.677460849285126 2.6227999925613408 26.182672500610355 7.5000000000000009
decision_type=2 2 2 2 2 2 2 2 2 2
left_child=1 7 3 -3 5 -2 -4 -1 -6 -10
right_child=4 2 6 -5 8 -7 -8 -9 9 -11
leaf_value=-0.048316928451039895 0.029460591571410202 -0.038096246922685921 -0.046766755929441732 0.013352922788035699 0.0077455615548814782 -0.047940603118254169 0.020965473218806197 0.018542546821113351 0.021398451474124679 0.046562449694390204
leaf_weight=5.7414741963148108 3.2830809354782104 4.2306767962872973 5.6992178671061984 144.19583002850413 6.7497756779193905 3.1910969093441954 2.2051747888326645 2.0796889364719391 8.8781261146068591 13.847425997257231
leaf_count=27 5 30 28 391 16 15 5 5 16 13
internal_value=0.010704 0.00793236 0.00985705 0.0118662 0.0232762 -0.00822677 -0.0274912 -0.0301551 0.0302975 0.0368637
internal_weight=200.102 164.152 156.331 148.427 35.9495 6.47418 7.90439 7.82116 29.4753 22.7256
internal_count=551 486 454 421 65 20 33 32 45 29
is_linear=0
shrinkage=0.03


Tree=50
num_leaves=12
num_cat=0
split_feature=26 33 33 54 4 10 8 49 33 26 31
split_gain=7.71046 12.8408 12.0933 17.9867 10.2569 14.6333 11.7716 12.0749 6.53636 6.05781 4.73004
threshold=9.7697057723999041 -1.2827857136726377 -1.0160525441169737 -2.4469434022903438 1.0000000180025095e-35 0.00039249999099411076 1.8248285055160525 0.083267450332641615 -0.32277160882949824 11.803240299224855 0.62637829780578624
decision_type=2 2 2 2 2 2 2 2 2 2 2
left_child=1 -1 10 -4 6 -6 9 -8 -7 -2 -3
right_child=4 2 3 -5 5 8 7 -9 -10 -11 -12
leaf_value=-0.043434048237625388 0.042427476265849744 0.0062477627235659073 -0.042413242524802261 0.0068908341102558992 -0.043619773963081303 -0.0051333306929017873 -0.012725759305518711 0.032512573959484432 0.039423116301868122 0.020885410082256386 0.042023082647980402
leaf_weight=4.6915793679654589 21.107653312385082 5.0377813838422325 7.2398295663297167 81.958960741758347 5.6115463376045254 6.3020481392741203 14.324697807431223 8.4091950431466085 5.4298023879528028 28.559745863080025 11.165007151663302
leaf_count=26 25 15 44 258 28 20 44 13 6 55 17
internal_value=0.0103967 0.00503746 0.00722346 0.00285543 0.0169378 -0.00363626 0.0219076 0.0038758 0.0152328 0.0301008 0.031085
internal_weight=199.838 110.093 105.402 89.1988 89.7447 17.3434 72.4013 22.7339 11.7319 49.6674 16.2028
internal_count=551 360 334 302 191 54 137 57 26 80 32
is_linear=0
shrinkage=0.03


Tree=51
num_leaves=8
num_cat=0
split_feature=7 53 27 26 28 12 9
split_gain=7.62276 12.4746 24.2854 19.3822 11.3417 10.8264 3.70843
threshold=4.2216815948486337 -0.55355894565582264 -63.640624999999993 1.5339529514312746 128.37500000000003 18421.054687500004 63330.226562500007
decision_type=2 2 2 2 2 2 2
left_child=1 2 4 -3 -1 -5 -2
right_child=6 3 -4 5 -6 -7 -8
leaf_value=-0.0091536626014236035 0.0095025308855615255 -0.036845040123771336 -0.042797457456754062 0.018651000969791869 0.022783869048490037 -0.012683858333707859 0.038085942295448483
leaf_weight=19.962429348379374 6.5853856764733818 6.5839282721281043 11.464480031281708 111.80571878701448 19.907816931605339 10.773425184190272 12.326829046010969
leaf_count=74 16 68 70 231 42 34 16
internal_value=0.0101064 0.00818432 -0.00428176 0.0131621 0.00671799 0.0158725 0.0282916
internal_weight=199.41 180.498 51.3347 129.163 39.8702 122.579 18.9122
internal_count=551 519 186 333 116 265 32
is_linear=0
shrinkage=0.03


Tree=52
num_leaves=9
num_cat=0
split_feature=7 53 27 26 40 0 40 31
split_gain=7.20113 11.7469 23.2628 18.4492 13.578 10.7513 5.51018 11.4363
threshold=4.2216815948486337 -0.55355894565582264 -63.640624999999993 1.5339529514312746 -1.5503944754600523 18331.500000000004 0.93066659569740307 -2.9475899934768672
decision_type=2 2 2 2 2 2 2 2
left_child=1 2 5 -3 -5 -1 -2 -8
right_child=6 3 -4 4 -6 -7 7 -9
leaf_value=0.011128669342491368 0.042944356744351819 -0.036629844649939423 -0.042294680365014166 -0.014031110919422702 0.018779883686037935 -0.046670096042202194 -0.022088160001197597 0.045803259414459049
leaf_weight=36.735244430601597 9.9612401649355906 6.4263131804764262 11.255898382514713 12.550277955830095 110.02567294239998 3.1305219233036032 4.6584797650575638 4.2407774180173856
leaf_count=101 11 68 70 43 222 15 17 4
internal_value=0.00982263 0.00795246 -0.00417342 0.012781 0.015396 0.00651468 0.0275244 0.00992714
internal_weight=198.984 180.124 51.1217 129.002 122.576 39.8658 18.8605 8.89926
internal_count=551 519 186 333 265 116 32 21
is_linear=0
shrinkage=0.03


Tree=53
num_leaves=8
num_cat=0
split_feature=1 49 38 36 38 47 5
split_gain=7.38899 10.0902 9.827 22.7771 11.7151 7.87094 9.28845
threshold=5925.6970214843759 -1.1798064708709715 0.8961031734943391 1.2181572914123537 -0.52151980996131886 0.11396537348628046 319395.70312500006
decision_type=2 2 2 2 2 2 2
left_child=1 -1 4 -4 -3 6 -2
right_child=5 2 3 -5 -6 -7 -8
leaf_value=-0.046885216877951538 -0.023396326178219101 0.0037610624011085673 -0.035222673796289711 0.010760689122173112 0.022140070731890303 0.038568117727895548 0.035626483864857519
leaf_weight=3.0173327699303618 5.1991115957498568 65.37975524738431 14.151020385324953 30.680549751967192 60.555725269019604 15.020976170897482 4.4351046830415726
leaf_count=16 18 204 73 81 137 16 6
internal_value=0.00955224 0.00734729 0.00832311 -0.00368698 0.0126224 0.0249723 0.00346339
internal_weight=198.44 173.784 170.767 44.8316 125.935 24.6552 9.63422
internal_count=551 511 495 154 341 40 24
is_linear=0
shrinkage=0.03


Tree=54
num_leaves=13
num_cat=0
split_feature=6 29 0 45 39 34 14 24 20 24 49 49
split_gain=7.16857 19.6723 15.3661 14.5933 13.3358 10.7754 10.7169 9.8723 15.4216 15.627 8.55084 4.32701
threshold=-611893.49999999988 4460.0278320312509 19452.500000000004 1.1919066309928896 -0.77592715620994557 1.3472046852111819 4537.3000488281259 9.5000000000000018 72355.996093750015 32.500000000000007 -0.98709452152252186 -0.3894867449998855
decision_type=2 2 2 2 2 2 2 2 2 2 2 2
left_child=7 2 4 6 -2 -4 -3 10 9 -9 -1 -12
right_child=1 3 5 -5 -6 -7 -8 8 -10 -11 11 -13
leaf_value=-0.012819496900749341 0.020422506907118131 0.032859871225334 -0.0047976855152411313 -0.0376309037823623 -0.040835420488916134 0.05098356551576097 0.0095608182157911146 -0.047126502594910032 0.038519083263819538 0.028881302994784419 0.023390505922671549 0.046478574124841715
leaf_weight=4.0447406694293013 3.8457719311118153 23.169451251626015 12.68791336938739 4.9701818749308577 17.439929824322462 4.1020684316754332 79.3256915807724 7.2244640067219752 5.984022691845893 3.6209259890019894 18.634939841926098 13.053828135132791
leaf_count=13 8 38 44 40 78 4 221 38 11 7 35 14
internal_value=0.00928167 0.00582221 -0.0126685 0.0124015 -0.0296268 0.00865191 0.0148569 0.0188035 0 -0.0214733 0.0277261 0.032996
internal_weight=198.104 145.541 38.0757 107.465 21.2857 16.79 102.495 52.5629 16.8294 10.8454 35.7335 31.6888
internal_count=551 433 134 299 86 48 259 118 56 45 62 49
is_linear=0
shrinkage=0.03


Tree=55
num_leaves=11
num_cat=0
split_feature=33 30 38 55 2 38 53 6 45 34
split_gain=7.11305 11.5915 10.8527 13.7109 10.4059 16.2519 6.91504 20.0204 12.0833 4.0762
threshold=0.85287350416183483 5109.1608886718759 1.4291078448295595 3.6871812343597417 6455.4211425781259 -1.8660293221473692 -0.37329967319965357 -613207.46874999988 -0.88353008031845082 -0.7814427614212035
decision_type=2 2 2 2 2 2 2 2 2 2
left_child=1 4 6 -4 5 -1 7 -2 -8 -6
right_child=2 -3 3 -5 9 -7 8 -9 -10 -11
leaf_value=-0.040546959243389302 0.044840147058026067 -0.043255422543852659 -0.043900993180953848 0.035729010592705911 0.044935833415569303 0.0064388753100795559 -0.051962038983644959 -0.045937409137893216 0.030773039375009074 0.014772105615851043
leaf_weight=7.0443173982202998 4.267544761300087 4.2846632041037074 5.2184118553996068 3.0692447274923325 7.7760467082262066 108.73732201755047 1.6252973042428482 4.4794465042650682 41.819594692438841 9.2327265590429288
leaf_count=47 5 27 29 4 7 310 8 24 72 18
internal_value=0.00902843 0.00521609 0.0176194 -0.0140489 0.00680268 0.00355428 0.0227056 -0.00130523 0.0276088 0.0287387
internal_weight=197.555 137.075 60.4795 8.28766 132.79 115.782 52.1919 8.74699 43.4449 17.0088
internal_count=551 409 142 33 382 357 109 29 80 25
is_linear=0
shrinkage=0.03


Tree=56
num_leaves=6
num_cat=0
split_feature=37 38 53 47 26
split_gain=6.89275 15.3591 13.2879 16.3689 12.5855
threshold=-3.0352932214736934 -2.1171909570693965 -1.3436422944068906 0.32752624154090887 1.5339529514312746
decision_type=2 2 2 2 2
left_child=-1 -2 3 -3 -4
right_child=1 2 4 -5 -6
leaf_value=0.037379526190885262 -0.038808503645417422 -0.04368769321837903 -0.023749888741958842 0.023132060329303455 0.013473585600213252
leaf_weight=7.3578084260225287 6.1686288043856612 8.840121813118456 8.5570597685873491 5.200359057635068 160.79618860408664
leaf_count=10 43 47 81 16 354
internal_value=0.00878528 0.00765958 0.00923893 -0.0187251 0.011575
internal_weight=196.92 189.562 183.394 14.0405 169.353
internal_count=551 541 498 63 435
is_linear=0
shrinkage=0.03


Tree=57
num_leaves=13
num_cat=0
split_feature=33 26 9 38 55 27 58 3 10 49 41 33
split_gain=6.77985 12.3104 18.4177 10.3537 13.0362 10.0435 9.91036 16.9581 6.4447 9.41678 4.01952 2.28429
threshold=0.85287350416183483 3.0535888671875004 1393.2600097656252 1.4291078448295595 3.6871812343597417 -1791.2343749999998 661905.84375000012 344.15200805664068 0.0006010000070091338 -0.195577397942543 1.6610188484191897 1.1523111462593081
decision_type=2 2 2 2 2 2 2 2 2 2 2 2
left_child=1 2 -1 8 -5 -4 7 -3 9 -2 -8 -10
right_child=3 6 5 4 -6 -7 10 -9 11 -11 -12 -13
leaf_value=0.03444794086319905 0.022671042822418712 0.013205399328388103 0.034281341493678445 -0.043499375976259184 0.034477084428870729 -0.040755266072220568 -0.045753995986544171 -0.04659777658976378 0.020107960343074969 -0.015403083438098372 0.003329706089327276 0.042361118310854318
leaf_weight=4.8440172597765949 23.52716027572751 105.09112939238548 1.7682864218950278 5.150241766124962 3.0496974736452103 14.08011848479509 4.0498467795550814 4.4284580796957007 6.8699649572372463 7.6827034056186703 2.2139162868261337 13.701019831001757
leaf_count=8 49 239 3 29 4 112 20 21 13 30 6 17
internal_value=0.00854045 0.00481504 -0.0164482 0.016967 -0.0141327 -0.0321938 0.00864104 0.0107598 0.0219498 0.0132025 -0.0279265 0.0350752
internal_weight=196.457 136.476 20.6924 59.9808 8.19994 15.8484 115.783 109.52 51.7808 31.2099 6.26376 20.571
internal_count=551 409 123 142 33 115 286 260 109 79 26 30
is_linear=0
shrinkage=0.03


Tree=58
num_leaves=8
num_cat=0
split_feature=1 60 26 26 26 22 22
split_gain=6.62681 8.95491 9.10326 12.5257 10.4582 3.60195 2.87731
threshold=5925.6970214843759 -2482710.2499999995 18.973912239074711 42.657173156738288 9.7697057723999041 -5033.2199707031241 341.02999877929693
decision_type=2 2 2 2 2 2 2
left_child=1 2 4 -4 -1 -2 -7
right_child=5 -3 3 -5 -6 6 -8
leaf_value=0.0028641820170728057 0.0034858194472544199 -0.042568250373097201 -0.046533673546710043 0.030580611699170111 0.018760180487738601 0.040719466677532588 0.015169402696657227
leaf_weight=99.748291380703449 6.4622303843498257 3.3016818799078456 6.0783382765948755 2.7070513665676117 59.987887859344482 10.195641815662386 7.2707293182611457
leaf_count=333 15 22 30 4 122 10 15
internal_value=0.00831384 0.00623006 0.00720393 -0.0224309 0.0088526 0.0231514 0.0302555
internal_weight=195.752 171.823 168.522 8.78539 159.736 23.9286 17.4664
internal_count=551 511 489 34 455 40 25
is_linear=0
shrinkage=0.03


Tree=59
num_leaves=11
num_cat=0
split_feature=18 18 27 27 22 26 26 36 56 35
split_gain=6.5751 15.5639 10.0783 9.38535 9.38406 6.35743 4.43537 3.7458 4.53584 0.377386
threshold=17.545499801635746 11.16849994659424 1752.6289062500002 989.60937500000011 -13544.084960937498 1.0778634548187258 14.221069335937502 0.47544464468955999 79.824821472167983 -0.74733391404151905
decision_type=2 2 2 2 2 2 2 2 2 2
left_child=1 2 3 -1 5 -2 -4 8 -6 -9
right_child=4 -3 6 -5 7 -7 -8 9 -10 -11
leaf_value=0.0065883149238561613 0.031486008554544885 -0.043418443974919112 -0.047287970554977375 0.029624032727496207 -0.011982418111162518 -0.043286485390999052 0.0031689305510639583 0.0494482119366145 0.041359003816501261 0.035726074700820044
leaf_weight=142.280358415097 1.5654611364007021 5.5236158967018119 4.1846537739038459 18.055130928754807 3.1328003741800812 2.8147961720824242 2.3372706025838852 5.249416321516037 2.5637670569121838 7.709587160497902
leaf_count=402 6 32 19 28 17 16 6 5 4 16
internal_value=0.00807966 0.00604446 0.00769985 0.00920104 0.0231792 -0.0158786 -0.0287457 0.0325106 0.0114975 0.0415161
internal_weight=195.417 172.381 166.857 160.335 23.0358 4.38026 6.52192 18.6556 5.69657 12.959
internal_count=551 487 455 430 64 22 25 42 21 21
is_linear=0
shrinkage=0.03


Tree=60
num_leaves=9
num_cat=0
split_feature=10 29 0 0 60 26 22 29
split_gain=6.51751 17.2289 9.53664 8.36864 7.03718 14.813 2.87366 0.995727
threshold=0.0008060300024226309 5041.5917968750009 804.50000000000011 2684.5000000000005 -2537166.6249999995 12.105390071868898 -10409.879882812498 5053.2961425781259
decision_type=2 2 2 2 2 2 2 2
left_child=1 2 -1 -4 6 -6 -2 -8
right_child=4 -3 3 -5 5 -7 7 -9
leaf_value=-0.047009126843097437 0.0074041161971579363 -0.041639599879871543 0.031856187326269519 0.0064821259693738711 -0.043996493436164179 0.04908435753072591 0.026771172858221275 0.042982561706610675
leaf_weight=2.8139482587575904 4.4750974327325883 6.6540564261376849 12.818606875836847 145.06382618844509 3.7977424114942542 2.5748434066772461 8.1284936740994471 8.7549420297145826
leaf_count=13 12 44 20 414 24 2 14 8
internal_value=0.00785144 0.00559497 0.00756951 0.00856127 0.0213605 -0.00591641 0.0296394 0.0353553
internal_weight=195.082 167.35 160.696 157.882 27.7311 6.37259 21.3585 16.8834
internal_count=551 491 447 434 60 26 34 22
is_linear=0
shrinkage=0.03


Tree=61
num_leaves=6
num_cat=0
split_feature=37 38 53 47 26
split_gain=6.40241 14.1931 12.2073 15.191 11.0719
threshold=-3.0352932214736934 -2.1171909570693965 -1.3436422944068906 0.32752624154090887 1.5339529514312746
decision_type=2 2 2 2 2
left_child=-1 -2 3 -3 -4
right_child=1 2 4 -5 -6
leaf_value=0.035473293442048373 -0.038616916104176738 -0.043219965918144879 -0.023306877968787342 0.021614020159109102 0.012087150866729859
leaf_weight=7.207879237830638 6.037798684090375 8.6955478861927968 8.3177047371864301 5.1270468421280375 159.27791382744908
leaf_count=10 43 47 81 16 354
internal_value=0.00763304 0.00654655 0.00806618 -0.0189548 0.0103127
internal_weight=194.664 187.456 181.418 13.8226 167.596
internal_count=551 541 498 63 435
is_linear=0
shrinkage=0.03


Tree=62
num_leaves=13
num_cat=0
split_feature=33 26 9 38 55 46 58 60 53 6 45 31
split_gain=6.39287 11.0143 16.9389 9.61345 12.1024 9.5232 9.113 9.4174 6.18717 18.4899 6.86062 3.70913
threshold=0.85287350416183483 3.0535888671875004 1393.2600097656252 1.4291078448295595 3.6871812343597417 -0.977421075105667 661905.84375000012 -2549785.3749999995 -0.37329967319965357 -613207.46874999988 -0.7867644429206847 2.185280561447144
decision_type=2 2 2 2 2 2 2 2 2 2 2 2
left_child=1 2 -1 8 -5 -4 7 -3 9 -2 -10 -8
right_child=3 6 5 4 -6 -7 11 -9 10 -11 -12 -13
leaf_value=0.032419375944613082 0.04251838081685036 0.020420930233987653 0.032243348417374661 -0.043024901740324348 0.032845620591325377 -0.040557375396277753 -0.046126406169335256 0.0022823433848420541 -0.013532104331372122 -0.045667766318493348 0.028931420070337069 0.00068079260428373888
leaf_weight=4.7894368544220951 4.1602108031511307 42.726076059043407 1.7877080067992217 5.0717742815613729 2.9793346971273422 13.665264621376988 3.8334263861179343 65.981164999306202 3.655081082135438 4.3975449092686159 38.790252145379782 2.3227703385055065
leaf_count=8 5 82 6 29 4 109 18 178 14 24 66 8
internal_value=0.00742193 0.00379363 -0.016565 0.0156721 -0.0145762 -0.0319411 0.00740755 0.00943909 0.0205057 -0.00244698 0.0252041 -0.0279785
internal_weight=194.16 135.106 20.2424 59.0542 8.05111 15.453 114.863 108.707 51.0031 8.55776 42.4453 6.1562
internal_count=551 409 123 142 33 115 286 260 109 29 80 26
is_linear=0
shrinkage=0.03


Tree=63
num_leaves=11
num_cat=0
split_feature=18 20 27 22 27 22 26 36 54 33
split_gain=6.20211 15.507 9.49264 8.79362 8.69209 5.9058 4.16209 3.41321 3.961 0.369193
threshold=17.545499801635746 46710.246093750007 1752.6289062500002 -13544.084960937498 989.60937500000011 -139592.75781249997 14.221069335937502 0.47544464468955999 3.3911023139953618 -0.23461298644542691
decision_type=2 2 2 2 2 2 2 2 2 2
left_child=1 2 4 5 -1 -2 -4 8 -5 -9
right_child=3 -3 6 7 -6 -7 -8 9 -10 -11
leaf_value=0.0059392750154418431 0.029983617760528349 -0.04182614381721781 -0.046752419242367817 -0.011792522022926976 0.028248960621806117 -0.042866881359117863 0.0023440208585706716 0.047699778062251313 0.038836642151344962 0.03406861548639812
leaf_weight=140.47490136325359 1.528269477188587 6.05454097688198 4.1174708381295195 2.9996843822300461 17.826923877000809 2.7538706269115236 2.3158819973468781 5.1542819626629353 2.5049851387739182 7.5928635373711568
leaf_count=395 5 39 19 17 28 17 6 5 4 16
internal_value=0.00723047 0.00525558 0.0070042 0.0220654 0.0084706 -0.0161664 -0.0286123 0.0311995 0.0107021 0.0398157
internal_weight=193.324 170.79 164.735 22.534 158.302 4.28214 6.43335 18.2518 5.50467 12.7471
internal_count=551 487 448 64 423 22 25 42 21 21
is_linear=0
shrinkage=0.03


Tree=64
num_leaves=9
num_cat=0
split_feature=1 4 34 26 43 18 21 17
split_gain=6.145 8.16926 13.2643 9.13605 15.881 9.7756 6.30982 2.55366
threshold=5925.6970214843759 1.0000000180025095e-35 -0.7814427614212035 9.7697057723999041 830977.84375000012 0.004500000039115549 -0.12449999526143073 1.1179999709129336
decision_type=2 2 2 2 2 2 2 2
left_child=1 3 -3 5 -5 -1 -2 -8
right_child=6 2 -4 4 -6 -7 7 -9
leaf_value=-0.045136106778900897 -0.013707495322592182 0.011267941260810805 -0.044034752281556046 0.025332588448700115 -0.011977308094182227 0.003453173639322502 0.039303205431504985 0.016802003031603445
leaf_weight=3.8778573721647254 3.7236314639449146 7.8902326673269272 7.6044875755906087 43.984278179705143 13.272598557174204 93.064671486616135 9.9392450600862521 9.5687602460384351
leaf_count=20 13 19 40 74 42 316 10 17
internal_value=0.00702874 0.00502462 -0.0156799 0.00712456 0.0166315 0.00147858 0.0215386 0.0284201
internal_weight=192.926 169.694 15.4947 154.199 57.2569 96.9425 23.2316 19.508
internal_count=551 511 59 452 116 336 40 27
is_linear=0
shrinkage=0.03


Tree=65
num_leaves=11
num_cat=0
split_feature=33 30 60 33 19 37 39 27 41 36
split_gain=6.16583 10.5965 11.7071 12.9141 10.3392 8.07313 10.297 13.7973 4.20341 2.37779
threshold=1.0376913547515871 5109.1608886718759 -2549785.3749999995 -0.32277160882949824 39788.958984375007 2.5688838958740239 0.67843544483184826 -30.333126068115231 0.39971467852592474 -0.0692787431180477
decision_type=2 2 2 2 2 2 2 2 2 2
left_child=1 2 4 -4 -1 6 7 -2 -7 -8
right_child=5 -3 3 -5 -6 8 9 -9 -10 -11
leaf_value=0.02173288482396744 0.028491741664711526 -0.042573275300644267 0.0071055710782024573 -0.016369364989065563 -0.014582822121733247 0.010253928892715458 0.040368983483001851 -0.045722221310378348 -0.045134071933614871 0.021422864101035586
leaf_weight=47.280585393309593 4.9457175359129906 4.2494449503719798 60.188568618148565 32.43998809158802 8.190828971564768 2.2313894033431998 14.318556450307367 4.1247131787240487 2.5763861164450645 11.883290212601425
leaf_count=88 9 29 168 132 38 6 16 27 14 24
internal_value=0.00683552 0.0040554 0.00541357 -0.00108334 0.0163165 0.0173283 0.0223382 -0.00492578 -0.0188034 0.0318909
internal_weight=192.429 152.349 148.1 92.6286 55.4714 40.0801 35.2723 9.07043 4.80778 26.2018
internal_count=551 455 426 300 126 96 76 36 20 40
is_linear=0
shrinkage=0.03


Tree=66
num_leaves=10
num_cat=0
split_feature=10 29 2 27 49 60 26 12 22
split_gain=6.03425 15.3909 8.8397 17.0341 7.20055 6.09446 13.5618 2.863 6.20931
threshold=0.0008060300024226309 5041.5917968750009 4922.8659667968759 -2154.2031249999995 -0.74531680345535267 -2537166.6249999995 12.105390071868898 16991.854492187504 2833.186401367188
decision_type=2 2 2 2 2 2 2 2 2
left_child=1 2 3 -1 -4 7 -7 8 -2
right_child=5 -3 4 -5 -6 6 -8 -9 -10
leaf_value=-0.047651962965923465 -0.0067330187140890955 -0.041222235724310524 -0.018354863507268972 0.0054064640489962781 0.027871346501393651 -0.043183763532212642 0.047274479137914931 0.042821951794873546 0.035068037991117289
leaf_weight=5.684945009648799 5.0676936581730905 6.3590526804327956 3.3972248286008861 125.771927382797 23.673909217119217 3.6597604416310778 2.5049734115600586 7.4830439835786811 8.2065855264663679
leaf_count=27 17 44 11 373 36 24 2 7 10
internal_value=0.00665194 0.00447832 0.00633043 0.00308909 0.0219595 0.0198531 -0.00594039 0.027658 0.0188837
internal_weight=191.809 164.887 158.528 131.457 27.0711 26.9221 6.16473 20.7573 13.2743
internal_count=551 491 447 400 47 60 26 34 27
is_linear=0
shrinkage=0.03


Tree=67
num_leaves=11
num_cat=0
split_feature=18 20 27 37 22 35 26 36 54 35
split_gain=6.00089 14.4191 8.76554 8.3672 8.17999 6.36157 3.8682 3.20322 3.79252 0.325217
threshold=17.545499801635746 46710.246093750007 1752.6289062500002 1.86723268032074 -13544.084960937498 -1.5930972099304197 14.221069335937502 0.47544464468955999 3.3911023139953618 -0.74733391404151905
decision_type=2 2 2 2 2 2 2 2 2 2
left_child=1 2 3 -1 5 -2 -4 8 -6 -9
right_child=4 -3 6 -5 7 -7 -8 9 -10 -11
leaf_value=0.0052195421819452295 0.036508554921497009 -0.041429331420300385 -0.045931226560541813 0.027849899089094327 -0.012284574172239599 -0.041764585807578337 0.0016332630539291524 0.046172883149865132 0.037901669678941034 0.032988647001099977
leaf_weight=140.32676796987653 1.3528260029852388 5.9124109558761111 4.0491952970623961 16.536661084741354 2.9268727861344841 2.8614787273108986 2.2911330312490463 5.034162413328886 2.440302524715662 7.4841023720800859
leaf_count=389 3 39 19 34 17 19 6 5 4 16
internal_value=0.00647198 0.00452823 0.00621152 0.00762438 0.0212106 -0.0159264 -0.0282702 0.0301289 0.00997474 0.0385303
internal_weight=191.216 169.116 163.204 156.863 22.0997 4.2143 6.34033 17.8854 5.36718 12.5183
internal_count=551 487 448 423 64 22 25 42 21 21
is_linear=0
shrinkage=0.03


Tree=68
num_leaves=5
num_cat=0
split_feature=37 38 31 35
split_gain=5.95956 13.021 8.65459 9.16286
threshold=-3.0352932214736934 -2.1171909570693965 17.262976646423343 -2.1609816551208492
decision_type=2 2 2 2
left_child=-1 -2 3 -3
right_child=1 2 -4 -5
leaf_value=0.033512391976252755 -0.038507228275854351 -0.049145203187340468 -0.038134671985680622 0.008540059802372834
leaf_weight=7.0136994346976271 5.9069856330752364 2.5002552866935721 3.7692489698529235 171.61300988867879
leaf_count=10 43 11 37 450
internal_value=0.00629211 0.00523702 0.00670651 0.00769447
internal_weight=190.803 183.789 177.883 174.113
internal_count=551 541 498 461
is_linear=0
shrinkage=0.03


Tree=69
num_leaves=13
num_cat=0
split_feature=6 29 10 19 24 25 26 31 22 49 14 34
split_gain=5.7972 16.2475 13.4321 13.0198 8.90568 18.0022 7.99242 10.969 10.3108 7.51755 4.38758 3.91073
threshold=-611893.49999999988 4460.0278320312509 0.00040900000021792954 28068.773437500004 9.5000000000000018 19.188500404357914 3.0535888671875004 -2.9475899934768672 2833.186401367188 -0.98709452152252186 4107.7500000000009 0.35555055737495428
decision_type=2 2 2 2 2 2 2 2 2 2 2 2
left_child=4 2 3 -2 9 -6 8 -8 -3 -1 -11 -7
right_child=1 6 -4 -5 5 11 7 -9 -10 10 -12 -13
leaf_value=-0.01461238601349461 0.0086282234426693655 -0.029159753039588367 -0.049385810575852437 -0.034403929264167285 -0.048469399858804614 0 0.030137713050351993 0.0060654902215954648 0.013340306584755386 0.03659528085235466 0.012051513824474291 0.035872319072356745
leaf_weight=4.0392034128308287 20.211758602410558 10.138153387233617 7.6956407427787772 9.1793305985629541 5.373153634369376 5.2523069307208043 24.5043427310884 57.409493777900934 10.311869980767367 20.410720020532612 10.283631727099417 5.6596096679568291
leaf_count=13 52 73 34 48 27 20 37 148 41 27 22 9
internal_value=0.00611252 0.00291996 -0.0140608 -0.00470937 0.01478 -0.00336444 0.00910144 0.0133033 -0.00758251 0.0233736 0.02847 0.0185708
internal_weight=190.469 139.451 37.0867 29.3911 51.0186 16.2851 102.364 81.9138 20.45 34.7336 30.6944 10.9119
internal_count=551 433 134 100 118 56 299 185 114 62 49 29
is_linear=0
shrinkage=0.03


Tree=70
num_leaves=10
num_cat=0
split_feature=10 29 2 27 49 60 26 12 31
split_gain=5.78924 14.5171 8.16282 15.7418 6.77989 5.61571 12.8002 2.74476 5.91765
threshold=0.0008060300024226309 5041.5917968750009 4922.8659667968759 -2154.2031249999995 -0.74531680345535267 -2537166.6249999995 12.105390071868898 16991.854492187504 4.3259243965148935
decision_type=2 2 2 2 2 2 2 2 2
left_child=1 2 3 -1 -4 7 -7 8 -2
right_child=5 -3 4 -5 -6 6 -8 -9 -10
leaf_value=-0.046749765136272679 -0.0085619350481853148 -0.040962953969398377 -0.01835272638659164 0.0047320927448496796 0.026620309956754046 -0.042654797228862104 0.046095652430473123 0.041647414030112122 0.033110268562947229
leaf_weight=5.5781712532043448 4.6831857338547769 6.2488826215267173 3.3860481083393124 124.94702242873609 23.217474810779095 3.5771971456706515 2.4605966806411743 7.290743649005889 8.3819501772522909
leaf_count=27 14 44 11 373 36 24 2 7 13
internal_value=0.00595102 0.00382196 0.00562212 0.00250896 0.0207835 0.0190163 -0.00598924 0.0265806 0.0179433
internal_weight=189.771 163.378 157.129 130.525 26.6035 26.3937 6.03779 20.3559 13.0651
internal_count=551 491 447 400 47 60 26 34 27
is_linear=0
shrinkage=0.03


Tree=71
num_leaves=11
num_cat=0
split_feature=18 20 27 37 22 26 26 36 37 7
split_gain=5.6999 13.4093 8.09345 7.8307 7.52435 5.3966 3.57112 2.90021 3.03781 0.338606
threshold=17.545499801635746 46710.246093750007 1752.6289062500002 1.86723268032074 -13544.084960937498 1.0778634548187258 14.221069335937502 0.47544464468955999 2.3706130981445317 1.8663610816001894
decision_type=2 2 2 2 2 2 2 2 2 2
left_child=1 2 3 -1 5 -2 -4 8 -6 -9
right_child=4 -3 6 -5 7 -7 -8 9 -10 -11
leaf_value=0.004544247009522908 0.029011450834895005 -0.040957075530680093 -0.045100429404132614 0.026576630508865818 -0.010676214929883075 -0.041872608125801375 0.00084187466393074279 0.04437809702067428 0.034528352767341647 0.031135883807197361
leaf_weight=139.18043303489685 1.4773942995816494 5.7761727683246127 3.9661172181367865 16.31514835357666 2.8470340594649342 2.6412402726709843 2.2675525397062302 5.2223024964332563 2.4234018325805664 7.0509019121527672
leaf_count=389 6 39 19 34 18 16 6 5 3 16
internal_value=0.00579047 0.00389559 0.00551605 0.00687526 0.0203043 -0.0157174 -0.0279073 0.028932 0.00954011 0.0370149
internal_weight=189.168 167.505 161.729 155.496 21.6623 4.11863 6.23367 17.5436 5.27044 12.2732
internal_count=551 487 448 423 64 22 25 42 21 21
is_linear=0
shrinkage=0.03


Tree=72
num_leaves=8
num_cat=0
split_feature=37 53 7 49 27 60 23
split_gain=5.62074 14.3605 8.50158 8.2318 9.9063 5.75183 1.26868
threshold=-2.6885771751403804 -1.3436422944068906 1.7779180407524111 -1.055548310279846 -2154.2031249999995 -2561435.2499999995 4.5000000000000009
decision_type=2 2 2 2 2 2 2
left_child=6 2 -2 5 -5 -3 -1
right_child=1 3 -4 4 -6 -7 -8
leaf_value=0.038281249962605304 0.011879537007050004 0.025095614605514051 -0.04147843561919954 -0.023086186206218776 0.0098072195494798026 -0.046361068761841498 0.015977171676305024
leaf_weight=5.0619826689362508 3.6802688762545577 1.2749554067850111 9.2444088999181968 8.6655267737805826 151.17108185403049 4.220228534191846 5.4286373965442181
leaf_count=6 9 2 62 33 399 26 14
internal_value=0.00562999 0.00435402 -0.0260528 0.00674919 0.00800514 -0.0292362 0.0270254
internal_weight=188.747 178.256 12.9247 165.332 159.837 5.49518 10.4906
internal_count=551 531 71 460 432 28 20
is_linear=0
shrinkage=0.03


Tree=73
num_leaves=9
num_cat=0
split_feature=38 57 41 35 37 34 10 12
split_gain=5.5732 8.08935 9.08032 7.9348 11.7488 6.90567 12.6007 11.1211
threshold=-1.8660293221473692 96.216953277587905 -3.528347253799438 2.0236234664916997 -3.0352932214736934 -0.89345011115074147 0.00010099999781232329 18421.054687500004
decision_type=2 2 2 2 2 2 2 2
left_child=3 5 -3 4 -1 6 -2 -7
right_child=1 2 -4 -5 -6 7 -8 -9
leaf_value=0.034876585317486532 -0.005555634930643252 0.046027823912328243 -0.041318381071672974 0.036943902127496778 -0.040607869673004955 0.007475507346303486 0.032184529480243702 -0.025986780423648267
leaf_weight=2.329720050096511 11.642594210803507 1.2910410165786741 5.6695205457508555 2.2908876761794081 8.5356377288699132 122.60573346354067 24.365207627415657 9.6103565096855146
leaf_count=3 44 1 37 3 58 329 37 39
internal_value=0.00547274 0.00689825 -0.0246865 -0.0132809 -0.0241466 0.00822296 0.0198985 0.00502055
internal_weight=188.341 175.184 6.96056 13.1562 10.8654 168.224 36.0078 132.216
internal_count=551 487 38 64 61 449 81 368
is_linear=0
shrinkage=0.03


Tree=74
num_leaves=13
num_cat=0
split_feature=33 26 9 53 38 55 58 33 10 50 41 33
split_gain=5.48919 9.23248 14.4374 8.51164 8.31914 10.5407 7.60846 8.49199 5.49794 7.32134 3.46065 2.11035
threshold=0.85287350416183483 3.0535888671875004 1393.2600097656252 -2.9309557676315303 1.4291078448295595 3.6871812343597417 661905.84375000012 -0.13906957209110257 0.0006010000070091338 4084.415893554688 1.6610188484191897 1.1523111462593081
decision_type=2 2 2 2 2 2 2 2 2 2 2 2
left_child=1 2 -1 -4 8 -6 7 -3 9 -2 -8 -10
right_child=4 6 3 -5 5 -7 10 -9 11 -11 -12 -13
leaf_value=0.028781986396136629 0.027449197604991843 0.011819408696346258 0.029215193518807921 -0.040129689477639306 -0.042384230382643537 0.030669916881658443 -0.044692812076610917 -0.0082838915660011642 0.01562060309922297 -0.0026093118279718669 0.0019377523105104802 0.037763272701991868
leaf_weight=4.6304585784673717 12.222438964992763 81.381269671022892 1.7633908465504653 13.044609995558854 4.8980275355279437 2.7461925148963928 3.8323102556169024 24.455866158008575 6.4132743328809765 17.694264121353626 2.0967597737908363 12.558283410966395
leaf_count=8 22 184 4 111 29 4 20 76 13 57 6 17
internal_value=0.00532534 0.00193126 -0.0171148 -0.0316693 0.0131495 -0.015747 0.0052706 0.00714578 0.0177292 0.00957078 -0.0276964 0.0304361
internal_weight=187.737 131.205 19.4385 14.808 56.5325 7.64422 111.766 105.837 48.8883 29.9167 5.92907 18.9716
internal_count=551 409 123 115 142 33 286 260 109 79 26 30
is_linear=0
shrinkage=0.03


Tree=75
num_leaves=11
num_cat=0
split_feature=18 20 22 60 59 17 35 36 54 60
split_gain=5.48009 12.5805 7.00984 6.56958 14.1349 5.98214 5.7496 2.7154 3.25072 0.326606
threshold=17.545499801635746 46710.246093750007 -13544.084960937498 -2528385.7499999995 166878.45312500003 7.1834998130798349 -1.5930972099304197 0.47544464468955999 3.3911023139953618 -2531640.9999999995
decision_type=2 2 2 2 2 2 2 2 2 2
left_child=1 3 6 5 -5 -1 -2 8 -4 -9
right_child=2 -3 7 4 -6 -7 -8 9 -10 -11
leaf_value=0.011246093862495572 0.035055832133254868 -0.040657040300959187 -0.011793858808740863 -0.029631067716537375 0.011532658128361177 -0.0042287569940979968 -0.041004803724274223 0.028975772950610861 0.035993368783566869 0.041976870450466663
leaf_weight=101.60055385902524 1.2982098609209058 5.6377484854310742 2.8277913816273239 14.103577207773926 15.928203318268059 28.548230234533548 2.7112034428864744 5.8793384358286858 2.2631891444325447 6.1596869528293592
leaf_count=241 3 39 17 70 36 101 19 13 4 8
internal_value=0.00518744 0.00333173 0.0196017 0.0048987 -0.00769883 0.00782862 -0.0156289 0.0280229 0.00886062 0.0358769
internal_weight=186.958 165.818 21.1394 160.181 30.0318 130.149 4.00941 17.13 5.09098 12.039
internal_count=551 487 64 448 106 342 22 42 21 21
is_linear=0
shrinkage=0.03


Tree=76
num_leaves=7
num_cat=0
split_feature=7 35 60 31 40 31
split_gain=5.34165 9.72941 7.70861 7.65024 4.34115 8.82774
threshold=4.2216815948486337 -2.1609816551208492 -2484421.6249999995 -12.594202518463133 0.93066659569740307 -2.9475899934768672
decision_type=2 2 2 2 2 2
left_child=1 -1 3 -3 -2 -6
right_child=4 2 -4 -5 5 -7
leaf_value=-0.045752604783956166 0.035794107325126286 -0.024660532709085792 -0.041563041797401917 0.0068240373044234359 -0.023873831919553157 0.038428521165976157
leaf_weight=3.5354549884796134 8.8057832568883914 7.2347561083734027 3.1941771470010272 155.45065464824438 4.3499105349183083 3.8376704007387143
leaf_count=18 11 61 24 416 17 4
internal_value=0.00504642 0.00341689 0.00448294 0.00540545 0.0211154 0.00496202
internal_weight=186.408 169.415 165.88 162.685 16.9934 8.18758
internal_count=551 519 501 477 32 21
is_linear=0
shrinkage=0.03


Tree=77
num_leaves=10
num_cat=0
split_feature=18 18 27 27 22 35 26 56 37
split_gain=5.25598 11.4752 7.48431 7.67287 6.61199 5.48941 3.27074 2.62169 1.47441
threshold=17.545499801635746 11.16849994659424 1752.6289062500002 989.60937500000011 -13544.084960937498 -1.5930972099304197 14.221069335937502 39.664180755615241 1.1376206874847414
decision_type=2 2 2 2 2 2 2 2 2
left_child=1 2 3 -1 5 -2 -4 -6 -9
right_child=4 -3 6 -5 7 -7 -8 8 -10
leaf_value=0.0034272934328803501 0.03429588431737423 -0.041432052585229869 -0.04450004560474697 0.024790246955831267 0.0032318615868946899 -0.040584352775455704 0 0.040852312738087621 0.018382674100383103
leaf_weight=136.88347643241286 1.2817938327789309 5.0379924252629271 3.8983228877186766 17.108501061797142 3.4984764456748989 2.6526493970304754 2.2344838678836823 8.8307053968310338 4.5980000980198374
leaf_count=402 3 32 19 28 13 19 6 13 16
internal_value=0.00490406 0.0030902 0.00450973 0.0058202 0.0191207 -0.0154268 -0.0279063 0.0273279 0.0333821
internal_weight=186.024 165.163 160.125 153.992 20.8616 3.93444 6.13281 16.9272 13.4287
internal_count=551 487 455 430 64 22 25 42 29
is_linear=0
shrinkage=0.03


Tree=78
num_leaves=10
num_cat=0
split_feature=38 35 37 38 45 23 1 47 26
split_gain=5.37187 7.37053 10.9931 6.59453 10.3735 9.05435 11.083 7.04984 5.62966
threshold=-1.8660293221473692 2.0236234664916997 -3.0352932214736934 0.44092850387096411 1.5444445013999941 50.500000000000007 4654.8735351562509 1.0363487601280215 3.0535888671875004
decision_type=2 2 2 2 2 2 2 2 2
left_child=1 2 -1 4 7 6 -5 -2 -7
right_child=3 -3 -4 5 -6 8 -8 -9 -10
leaf_value=0.033702749990830679 0.0099663693186280173 0.03568814269934073 -0.040428227684685375 -0.013407200512484332 -0.037943706389989063 -0.0070853248130097928 0.017392480476192122 0.036379774382214181 0.04093126051203199
leaf_weight=2.2511844485998145 92.221322661265731 2.1863982751965514 8.3594632409512979 42.913417045027018 3.7575322091579428 3.1259397007524949 13.862612485885618 10.223054446280001 6.6973158717155457
leaf_count=3 228 3 58 159 27 23 27 15 8
internal_value=0.00476906 -0.013914 -0.0244177 0.00617002 0.0108138 -0.00119014 -0.00583422 0.0126315 0.0253461
internal_weight=185.598 12.797 10.6106 172.801 106.202 66.5993 56.776 102.444 9.82326
internal_count=551 64 61 487 270 217 186 243 31
is_linear=0
shrinkage=0.03


Tree=79
num_leaves=10
num_cat=0
split_feature=10 52 38 53 0 60 26 12 17
split_gain=5.21891 13.1833 6.91227 12.6193 9.409 4.80599 11.534 2.70342 7.86617
threshold=0.0008060300024226309 5063.0908203125009 1.2459428906440737 2.0921813249588017 1327.5000000000002 -2537166.6249999995 12.105390071868898 16991.854492187504 0.13149999827146533
decision_type=2 2 2 2 2 2 2 2 2
left_child=1 2 4 -4 -1 7 -7 8 -2
right_child=5 -3 3 -5 -6 6 -8 -9 -10
leaf_value=-0.046720783582997631 0.031433668578627734 -0.041929921810221732 -0.017658396683637546 0.036165760929630253 0.0086366659673752962 -0.041855931113590504 0.044263083340178692 0.039847790632009307 -0.019983675861463192
leaf_weight=2.8121387101709834 8.8261716663837486 5.7516398895531884 24.221835874021057 4.6510652862489215 122.21835837140679 3.4268002267926922 2.3509669303894043 6.9113668054342261 3.7701260969042769
leaf_count=14 13 37 97 8 335 24 2 7 14
internal_value=0.00464273 0.002615 0.00429922 -0.00888409 0.00736759 0.0173274 -0.00629497 0.0244776 0.0158061
internal_weight=184.94 159.655 153.903 28.8729 125.03 25.2854 5.77777 19.5077 12.5963
internal_count=551 491 454 105 349 60 26 34 27
is_linear=0
shrinkage=0.03


Tree=80
num_leaves=9
num_cat=0
split_feature=37 53 49 27 47 41 23 8
split_gain=5.23688 13.0448 7.69989 9.07201 7.01596 5.29727 1.05983 0.912
threshold=-2.6885771751403804 -1.3436422944068906 -1.055548310279846 -2154.2031249999995 0.32752624154090887 -2.8448257446289058 4.5000000000000009 1.4496499896049502
decision_type=2 2 2 2 2 2 2 2
left_child=6 4 5 -4 -2 -3 -1 -6
right_child=1 2 3 -5 7 -7 -8 -9
leaf_value=0.036230145224117424 -0.041533559187814671 0.023942484441324036 -0.023229462484815722 0.0085529820090254286 0.025645093090052553 -0.046162994862709389 0.015322844293938494 -0.0036137454616279228
leaf_weight=4.8018287196755391 8.5492239743471128 1.2059307247400282 8.5053519606590253 147.79051760956645 1.422039628028869 4.1296890489757052 5.3486773036420345 2.5537744872272015
leaf_count=6 51 2 33 399 3 26 14 17
internal_value=0.00451853 0.00327791 0.0055788 0.00680424 -0.0261748 -0.0297558 0.0255089 0.00609678
internal_weight=184.307 174.157 161.631 156.296 12.525 5.33562 10.1505 3.97581
internal_count=551 531 460 432 71 28 20 20
is_linear=0
shrinkage=0.03


Tree=81
num_leaves=9
num_cat=0
split_feature=38 57 41 35 37 11 53 17
split_gain=5.18693 7.23076 8.365 7.03522 10.146 6.6337 11.2453 6.27553
threshold=-1.8660293221473692 96.216953277587905 -3.528347253799438 2.0236234664916997 -3.0352932214736934 69.20999908447267 0.97326022386550914 0.20600000023841861
decision_type=2 2 2 2 2 2 2 2
left_child=3 5 -3 4 -1 6 -2 -7
right_child=1 2 -4 -5 -6 7 -8 -9
leaf_value=0.032380058360883132 0.0074867624926987474 0.044107138474187728 -0.040906695858128873 0.035065125215072872 -0.040033414219941721 -0.0011091897723991655 -0.020431292194708819 0.033405885575763149
leaf_weight=2.1667329072952262 128.68861421570182 1.2550110816955564 5.477114785462617 2.1140051409602156 8.1825017966330034 6.7107112295925644 14.397821601480244 14.902868233621119
leaf_count=3 351 1 37 3 58 17 57 24
internal_value=0.00439224 0.00576321 -0.0246127 -0.0142248 -0.0245829 0.00702304 0.00465659 0.0225506
internal_weight=183.895 171.432 6.73213 12.4632 10.3492 164.7 143.086 21.6136
internal_count=551 487 38 64 61 449 408 41
is_linear=0
shrinkage=0.03


Tree=82
num_leaves=10
num_cat=0
split_feature=10 29 60 26 38 53 34 12 19
split_gain=4.96255 12.4296 6.44733 11.6382 6.03299 12.2568 8.91192 2.17992 3.94751
threshold=0.00076049999915994715 5041.5917968750009 -2537166.6249999995 12.105390071868898 1.2459428906440737 2.0921813249588017 1.4227774143218996 16991.854492187504 977.98501586914074
decision_type=2 2 2 2 2 2 2 2 2
left_child=1 4 7 -4 6 -6 -1 8 -2
right_child=2 -3 3 -5 5 -7 -8 -9 -10
leaf_value=0.0045308987091494252 0.028981330133728968 -0.040334795927018656 -0.040958523451774892 0.043364766890237973 -0.017194039117038502 0.036415943955260321 0.035914094841223744 0.038922804686929394 -0.0047627553322404578
leaf_weight=113.67628359608352 8.8740805760026031 5.9310888350009909 4.0246275793761006 2.3025913238525391 23.845133459195498 4.5492205470800391 8.820186819881199 6.727747678756713 4.5979159474372855
leaf_count=326 14 44 29 2 95 7 13 7 14
internal_value=0.00427284 0.00222077 0.0162912 -0.00979759 0.00391339 -0.00849922 0.00681509 0.0246115 0.017242
internal_weight=183.349 156.822 26.527 6.32722 150.891 28.3944 122.496 20.1997 13.472
internal_count=551 485 66 31 441 102 339 35 28
is_linear=0
shrinkage=0.03


Tree=83
num_leaves=13
num_cat=0
split_feature=6 29 0 45 17 24 25 1 14 49 14 36
split_gain=5.00432 13.9223 12.6306 10.5015 8.61738 8.22226 15.8735 8.16716 7.36967 6.99046 9.49379 4.97352
threshold=-611893.49999999988 4460.0278320312509 19452.500000000004 1.1919066309928896 6.7825000286102304 9.5000000000000018 19.188500404357914 391.30400085449224 4537.3000488281259 -0.3894867449998855 4107.7500000000009 -1.0000000180025095e-35
decision_type=2 2 2 2 2 2 2 2 2 2 2 2
left_child=5 2 7 8 -4 9 -7 -2 -3 10 -1 -8
right_child=1 3 4 -5 -6 6 11 -9 -10 -11 -12 -13
leaf_value=0.021152542347753711 0.0019499951944191287 0.025006405604387338 0.020717332735252388 -0.037466084863166847 -0.026386683938122511 -0.048016387655277097 -0.014413715125804047 -0.041539668398541965 0.0046413568060924143 0.038960944773002951 -0.026141424521511161 0.029864893484875147
leaf_weight=16.644726932048798 5.0516737550497082 20.783516775816679 10.647108044475315 4.5241152402013531 5.1726396828889838 5.2740636095404616 3.2451869472861281 15.163408208638428 71.960705632343888 12.163531422615053 4.9114703238010398 7.1728505119681349
leaf_count=31 17 38 22 40 26 27 15 69 221 14 17 14
internal_value=0.00415982 0.00111231 -0.0147896 0.00703431 0.00512593 0.0123207 -0.00546774 -0.0305234 0.00923741 0.0206878 0.0102377 0.0157843
internal_weight=182.715 133.303 36.0348 97.2683 15.8197 49.4118 15.6921 20.2151 92.7442 33.7197 21.5562 10.418
internal_count=551 433 134 299 48 118 56 86 259 62 48 29
is_linear=0
shrinkage=0.03


Tree=84
num_leaves=8
num_cat=0
split_feature=37 53 7 49 6 41 22
split_gain=4.94621 12.0232 7.41447 7.29178 9.91248 4.89342 1.19849
threshold=-2.6885771751403804 -1.3436422944068906 1.7779180407524111 -1.055548310279846 -611893.49999999988 -2.8448257446289058 -85.523048400878892
decision_type=2 2 2 2 2 2 2
left_child=6 2 -2 5 -5 -3 -1
right_child=1 3 -4 4 -6 -7 -8
leaf_value=0.012692097590673504 0.010096494648592561 0.023215043966041248 -0.040659609172887461 0.018611253683981588 0.0015483689486852149 -0.045517528976877074 0.034924674199819303
leaf_weight=4.7246278338134289 3.5625028163194647 1.1470267027616499 8.7308170963078719 42.406366158276796 112.14558829367161 4.0537811778485766 5.218938432633875
leaf_count=13 9 2 62 83 349 26 7
internal_value=0.00405078 0.00284206 -0.0257069 0.00505774 0.00624954 -0.0297819 0.0246627
internal_weight=181.99 172.046 12.2933 159.753 154.552 5.20081 9.94357
internal_count=551 531 71 460 432 28 20
is_linear=0
shrinkage=0.03


Tree=85
num_leaves=11
num_cat=0
split_feature=33 30 60 33 19 39 49 57 54 57
split_gain=4.87923 7.88589 9.35134 10.7463 8.44811 6.12836 8.87242 4.30637 3.43543 3.48634
threshold=1.0376913547515871 5109.1608886718759 -2549785.3749999995 -0.13906957209110257 39788.958984375007 0.67843544483184826 -0.55917775630950917 30.576923370361332 -0.56720083951950062 83.513565063476577
decision_type=2 2 2 2 2 2 2 2 2 2
left_child=1 2 4 -4 -1 6 7 -2 -7 -10
right_child=5 -3 3 -5 -6 8 -8 -9 9 -11
leaf_value=0.017786503559242599 0.033018078820496607 -0.041130097980546058 0.0037425676950278001 -0.018722162867013864 -0.016002885291542708 -0.00027434198466342073 -0.045060584317337476 -0.012441797428870251 0.03649499523160607 0.01077587043520614
leaf_weight=44.316357992589474 4.2629326693713665 3.8073292635381213 60.69211302511394 27.924531815573573 7.7447144053876391 4.9719418883323696 3.4399526380002481 3.2280739806592464 13.105391725897791 8.0489177219569665
leaf_count=88 8 29 179 121 38 16 23 13 15 21
internal_value=0.00393998 0.001426 0.00259908 -0.00330258 0.0127023 0.0136609 -0.00497811 0.0130277 0.0215741 0.026851
internal_weight=181.542 144.485 140.678 88.6166 52.0611 37.0572 10.931 7.49101 26.1263 21.1543
internal_count=551 455 426 300 126 96 44 21 52 36
is_linear=0
shrinkage=0.03


Tree=86
num_leaves=9
num_cat=0
split_feature=38 57 41 57 3 11 56 17
split_gain=4.89763 6.76838 7.69972 6.44687 9.36345 6.37777 7.26153 6.1034
threshold=-1.8660293221473692 96.216953277587905 -3.528347253799438 93.603389739990249 -2047.9095458984373 69.20999908447267 66.542869567871108 0.20600000023841861
decision_type=2 2 2 2 2 2 2 2
left_child=3 5 -3 4 -1 6 -2 -7
right_child=1 2 -4 -5 -6 7 -8 -9
leaf_value=0.03129819001804815 0.0069961910678756917 0.042366418875289982 -0.040436811550314637 0.032663123270236669 -0.039825173030281991 -0.0017146284828163296 -0.011725067118114772 0.032580427144970441
leaf_weight=2.0636297017335883 119.05634162575006 1.2138634920120237 5.3371478822082272 2.0943209119141093 7.902539860457181 6.6251759976148632 22.01168149523437 14.619249448180197
leaf_count=3 330 1 37 5 56 17 78 24
internal_value=0.00383409 0.00516633 -0.0246359 -0.0145703 -0.0247971 0.00638764 0.00405374 0.0217441
internal_weight=180.924 168.863 6.55101 12.0605 9.96617 162.312 141.068 21.2444
internal_count=551 487 38 64 59 449 408 41
is_linear=0
shrinkage=0.03


Tree=87
num_leaves=9
num_cat=0
split_feature=18 18 27 37 8 22 60 26
split_gain=4.77342 10.3019 6.6493 7.36158 5.99299 7.38346 3.67667 2.85061
threshold=17.545499801635746 11.16849994659424 1752.6289062500002 1.86723268032074 1.4675999879837038 -13544.084960937498 -2508563.4999999995 14.221069335937502
decision_type=2 2 2 2 2 2 2 2
left_child=1 2 3 -1 -2 -6 -7 -4
right_child=4 -3 7 -5 5 6 -8 -9
leaf_value=0.0023208668838061506 0.037761670811582035 -0.040873075191780767 -0.043500308506060348 0.024211204192992233 -0.039829404209130809 0.00171600122675774 0.041419462621850207 0
leaf_weight=134.1686228197068 7.9850074574351337 4.8826257251203051 3.7649447172880164 15.486488157883285 2.6639287341386106 5.8422265164554119 3.4326241277158207 2.1766752004623413
leaf_count=396 10 32 19 34 21 29 4 6
internal_value=0.0037295 0.00198896 0.00335325 0.00460615 0.0175984 0.00386137 0.0167337 -0.0276995
internal_weight=180.403 160.479 155.597 149.655 19.9238 11.9388 9.27485 5.94162
internal_count=551 487 455 430 64 54 33 25
is_linear=0
shrinkage=0.03


Tree=88
num_leaves=9
num_cat=0
split_feature=38 35 37 57 41 34 12 1
split_gain=4.67457 6.39946 8.98318 6.37146 7.37413 6.09446 10.0457 8.90096
threshold=-1.8660293221473692 2.0236234664916997 -3.0352932214736934 96.216953277587905 -3.528347253799438 -0.89345011115074147 18421.054687500004 1700.9635009765627
decision_type=2 2 2 2 2 2 2 2
left_child=1 2 -1 5 -5 7 -7 -2
right_child=3 -3 -4 4 -6 6 -8 -9
leaf_value=0.030700316811737186 0.0022568131526029094 0.034040760163485874 -0.039433438586575234 0.04167921676517046 -0.040016559565115552 0.0054201910681882974 -0.027079255271163477 0.033008521139832436
leaf_weight=2.0339989960193625 17.603457832708955 1.9792252704501159 7.8036428689956638 1.1951326131820676 5.2151827681809655 118.16682276315987 9.2082282938063127 16.741476282477379
leaf_count=3 59 3 58 1 37 329 39 22
internal_value=0.0036271 -0.0145475 -0.0246279 0.00492233 -0.0243173 0.00609989 0.00304718 0.0173341
internal_weight=179.947 11.8169 9.83764 168.13 6.41032 161.72 127.375 34.3449
internal_count=551 64 61 487 38 449 368 81
is_linear=0
shrinkage=0.03


Tree=89
num_leaves=12
num_cat=0
split_feature=33 26 9 46 53 6 23 26 60 60 2
split_gain=4.64758 7.96424 12.4037 7.63602 7.38337 13.3594 6.44702 7.73852 6.30187 12.6302 3.06174
threshold=0.85287350416183483 3.0535888671875004 1393.2600097656252 -0.977421075105667 -0.37329967319965357 -613207.46874999988 50.500000000000007 8.6371545791625994 -2538738.3749999995 -2553287.1249999995 84.395000457763686
decision_type=2 2 2 2 2 2 2 2 2 2 2
left_child=1 2 -1 -4 5 -2 7 -3 9 -6 -10
right_child=4 6 3 -5 8 -7 -8 -9 10 -11 -12
leaf_value=0.025786649492115437 0.026241036176202336 -0.011309733007940158 0.027259135164242537 -0.039890792754639151 0.021687567467203111 -0.044426023423543771 0.030972829628876444 0.0069377534289015589 -0.001530105021078737 -0.024830756873501024 0.03263777075529023
leaf_weight=4.399464093148711 4.3209850080311298 29.652566444128752 1.6831645742058761 12.390638742595907 14.981235206127165 5.3600121289491636 7.1917503252625457 70.682414494454861 2.5229285359382692 8.0541940331459028 18.111019305884838
leaf_count=8 8 100 6 109 31 33 12 174 14 28 28
internal_value=0.00353075 0.000363651 -0.0178065 -0.0316468 0.0109544 -0.0125748 0.0035132 0.00151507 0.0162392 0.00529249 0.0283146
internal_weight=179.35 126 18.4733 14.0738 53.3504 9.681 107.527 100.335 43.6694 23.0354 20.6339
internal_count=551 409 123 115 142 41 286 274 101 59 42
is_linear=0
shrinkage=0.03


Tree=90
num_leaves=8
num_cat=0
split_feature=37 53 26 33 7 13 19
split_gain=4.55075 11.2209 7.29019 6.86891 6.78596 6.45798 0.955093
threshold=-2.6885771751403804 -1.3436422944068906 1.5339529514312746 1.0376913547515871 1.7779180407524111 45411.986328125007 7897.2399902343759
decision_type=2 2 2 2 2 2 2
left_child=6 4 5 -4 -2 -3 -1
right_child=1 2 3 -5 -6 -7 -8
leaf_value=0.034128801396971609 0.008837326342405671 -0.035907104349161348 0.0024796343792221694 0.018097906788253928 -0.040315616736622935 0.038174133339061257 0.013731362157619992
leaf_weight=4.4790409058332425 3.4771355837583533 6.5442979987710705 116.57347925752401 32.621202044188976 8.4523324426263553 1.2263376004993913 5.1828518100082874
leaf_count=6 9 84 310 64 62 2 14
internal_value=0.00344015 0.00227497 0.00442303 0.00591466 -0.0257373 -0.0238298 0.0234977
internal_weight=178.557 168.895 156.965 149.195 11.9295 7.77064 9.66189
internal_count=551 531 460 374 71 86 20
is_linear=0
shrinkage=0.03


Tree=91
num_leaves=9
num_cat=0
split_feature=38 35 3 57 34 4 10 48
split_gain=4.55398 6.05538 8.45076 5.94692 5.84795 11.0651 10.8024 5.56479
threshold=-1.8660293221473692 2.0236234664916997 -2047.9095458984373 96.216953277587905 -0.89345011115074147 1.0000000180025095e-35 0.00010099999781232329 -1.0672067403793333
decision_type=2 2 2 2 2 2 2 2
left_child=1 2 -1 4 6 -6 -2 -5
right_child=3 -3 -4 7 5 -7 -8 -9
leaf_value=0.02998696012976363 -0.0071156657750854717 0.033372934213475182 -0.039206375613674405 0.026937386241059989 0.0053638121173590261 -0.027739217098614707 0.028735403473326097 -0.039537956091333343
leaf_weight=1.9573532789945591 11.160112803801892 1.9012724086642272 7.621024971827862 1.4241412635892627 116.49760373495519 9.838930591940878 22.732340076938272 4.8429298494011155
leaf_count=3 44 3 58 3 325 43 37 35
internal_value=0.00334874 -0.0148651 -0.0247534 0.00462258 0.005759 0.00276204 0.0168418 -0.0239533
internal_weight=177.976 11.4797 9.57838 166.496 160.229 126.337 33.8925 6.26707
internal_count=551 64 61 487 449 368 81 38
is_linear=0
shrinkage=0.03


Tree=92
num_leaves=9
num_cat=0
split_feature=18 20 8 22 45 26 23 36
split_gain=4.48513 10.1213 5.37647 6.90302 5.16099 6.83225 6.41571 2.81249
threshold=17.545499801635746 46710.246093750007 1.4675999879837038 -13544.084960937498 1.5444445013999941 4.1418108940124521 107.50000000000001 0.57728379964828502
decision_type=2 2 2 2 2 2 2 2
left_child=1 4 -2 -4 5 -1 -6 -5
right_child=2 -3 3 7 6 -7 -8 -9
leaf_value=-0.010270548457077748 0.036554077186379166 -0.039551882387328909 -0.039449405539792162 -0.0078447188247713854 -0.038174695502184976 0.007133004592606359 0.02861198649249545 0.027724706643259555
leaf_weight=24.245627384632826 7.6354616209864643 5.1976461876183739 2.5508571891114125 2.7859991602599585 5.3774978853762141 121.70123366266489 1.6533912532031534 6.2006206884980202
leaf_count=117 10 39 21 18 39 287 5 15
internal_value=0.00325945 0.00157752 0.0169787 0.00376384 0.00299457 0.00422126 -0.0220424 0.0163638
internal_weight=177.348 158.175 19.1729 11.5375 152.978 145.947 7.03089 8.98662
internal_count=551 487 64 54 448 404 44 33
is_linear=0
shrinkage=0.03


Tree=93
num_leaves=9
num_cat=0
split_feature=42 52 1 18 38 60 26 38
split_gain=4.41156 11.187 5.78516 8.31606 7.83989 5.39246 10.4778 1.81656
threshold=0.00076049999915994715 5063.0908203125009 66.59650039672853 0.004500000039115549 1.2459428906440737 -2537166.6249999995 12.105390071868898 -0.3034288734197616
decision_type=2 2 2 2 2 2 2 2
left_child=1 2 3 -1 -4 7 -7 -2
right_child=5 -3 4 -5 -6 6 -8 -9
leaf_value=0.036518345094948217 0.0090692378935580374 -0.041243820326708654 0.0074879339672012241 -0.042580036838468435 -0.010944515674176151 -0.040277802058372704 0.041925865232402569 0.02942732447171802
leaf_weight=1.5136284828186024 6.4614519216120305 5.3759375531226388 114.362324366346 5.2069199243560433 25.26656267605722 3.7867699880152932 2.1878828406333923 12.607719942927359
leaf_count=2 18 37 309 44 93 29 2 17
internal_value=0.00317061 0.00122358 0.00280405 -0.0243188 0.004131 0.0148467 -0.00967318 0.0226865
internal_weight=176.769 151.725 146.349 6.72055 139.629 25.0438 5.97465 19.0692
internal_count=551 485 448 46 402 66 31 35
is_linear=0
shrinkage=0.03


Tree=94
num_leaves=9
num_cat=0
split_feature=38 35 3 57 11 53 17 48
split_gain=4.34803 5.72983 8.07762 5.5809 5.68685 9.82969 5.88288 5.28233
threshold=-1.8660293221473692 2.0236234664916997 -2047.9095458984373 96.216953277587905 69.20999908447267 0.97326022386550914 0.20600000023841861 -1.0672067403793333
decision_type=2 2 2 2 2 2 2 2
left_child=1 2 -1 4 5 -2 -6 -5
right_child=3 -3 -4 7 6 -7 -8 -9
leaf_value=0.029475757917384368 0.005916024679252993 0.032776496715346388 -0.038966840497032806 0.0259741732150983 -0.0030840103815248203 -0.020547700992076864 0.031090816598250925 -0.039222327844393341
leaf_weight=1.9106113165616978 124.34228274971247 1.83771450072527 7.4382612351328108 1.4095103088766334 6.464741691946986 14.026496643200515 14.067688254639505 4.7060753740370265
leaf_count=3 351 3 58 3 17 57 24 35
internal_value=0.00308491 -0.014955 -0.0246585 0.00432602 0.00542374 0.00321171 0.0201846 -0.0237054
internal_weight=176.203 11.1866 9.34887 165.017 158.901 138.369 20.5324 6.11559
internal_count=551 64 61 487 449 408 41 38
is_linear=0
shrinkage=0.03


Tree=95
num_leaves=13
num_cat=0
split_feature=6 29 0 39 45 17 24 24 15 49 15 47
split_gain=4.35812 12.0236 11.4493 9.42212 9.13448 7.58263 7.46589 11.5816 6.8918 6.42959 9.0302 4.59333
threshold=-611893.49999999988 4460.0278320312509 19452.500000000004 -0.77592715620994557 1.1919066309928896 6.7825000286102304 9.5000000000000018 25.500000000000004 4537.4001464843759 -0.3894867449998855 4107.8500976562509 -1.4182171225547788
decision_type=2 2 2 2 2 2 2 2 2 2 2 2
left_child=6 2 3 -2 8 -4 9 11 -3 10 -1 -8
right_child=1 4 5 -5 -6 -7 7 -9 -10 -11 -12 -13
leaf_value=0.019560388364462489 0.014120688733257801 0.023441563889200434 0.019237533659422764 -0.039764011831540269 -0.03710131785132089 -0.025880661677968497 0.011907468609711475 0.018463776222698514 0.0032928894912725732 0.036715269687304632 -0.026977705616235796 -0.045969162737140405
leaf_weight=16.191515617072582 3.4724571630358723 19.829440761357546 10.305783957242964 16.157861048355699 4.2487460747361174 4.9395095854997626 1.4686658829450605 7.8686628434807062 68.823327528312802 11.697883725166323 4.8434530496597281 5.8274640887975675
leaf_count=31 8 38 22 78 40 26 3 19 221 14 17 34
internal_value=0.00300104 8.43565e-05 -0.0149115 -0.0300794 0.00574616 0.00442235 0.0107193 -0.00653555 0.00783349 0.0188049 0.00870204 -0.0339078
internal_weight=175.675 127.777 34.8756 19.6303 92.9015 15.2453 47.8976 15.1648 88.6528 32.7329 21.035 7.29613
internal_count=551 433 134 86 299 48 118 56 259 62 48 37
is_linear=0
shrinkage=0.03


Tree=96
num_leaves=9
num_cat=0
split_feature=1 26 58 26 18 43 47 5
split_gain=4.37824 6.38106 7.42868 6.73346 8.07943 7.24091 5.86241 5.76097
threshold=5925.6970214843759 18.973912239074711 1380991.8125000002 9.7697057723999041 0.004500000039115549 830977.84375000012 0.11396537348628046 319395.70312500006
decision_type=2 2 2 2 2 2 2 2
left_child=1 3 -3 4 -1 -5 7 -2
right_child=6 2 -4 5 -6 -7 -8 -9
leaf_value=-0.044767188958576495 -0.02504521992729818 -0.045315386523384467 0.018146988395438036 0.017337517390038106 -0.00043175862929353148 -0.0074037583538014646 0.029606180081428065 0.026395114224257582
leaf_weight=3.8686330318450919 4.6913633197546023 5.2992423698306075 2.336971964687109 40.927151307463646 88.359851560555398 14.193887338042257 11.867564350366591 3.3417396917939186
leaf_count=21 18 28 6 82 329 45 16 6
internal_value=0.00292466 0.00120283 -0.0255006 0.00260706 -0.00232399 0.0109121 0.0161835 -0.00327279
internal_weight=174.886 154.986 7.63621 147.35 92.2285 55.121 19.9007 8.0331
internal_count=551 511 34 477 350 127 40 24
is_linear=0
shrinkage=0.03


Tree=97
num_leaves=8
num_cat=0
split_feature=37 53 26 33 7 12 10
split_gain=4.2674 10.46 6.42604 6.45468 6.18309 5.95067 1.18982
threshold=-2.6885771751403804 -1.3436422944068906 1.5339529514312746 -1.2827857136726377 1.7779180407524111 21388.410156250004 2.549999953771476e-05
decision_type=2 2 2 2 2 2 2
left_child=6 4 5 -4 -2 -3 -1
right_child=1 2 3 -5 -6 -7 -8
leaf_value=0.032030731343599031 0.007541674738235438 -0.035569632553396985 -0.020849825465289802 0.0067302317222051808 -0.039966837311475989 0.036883158209165372 0.0090211286863926855
leaf_weight=5.3791909199208003 3.3912629634141913 6.167882287874817 8.0381817296147329 138.09349353983998 8.1715807756409031 1.1837459988892076 3.9483469054102898
leaf_count=10 9 84 30 344 62 2 10
internal_value=0.00284435 0.00170898 0.00379896 0.00519262 -0.0257736 -0.0234953 0.0226124
internal_weight=174.374 165.046 153.483 146.132 11.5628 7.35163 9.32754
internal_count=551 531 460 374 71 86 20
is_linear=0
shrinkage=0.03


Tree=98
num_leaves=12
num_cat=0
split_feature=18 20 34 55 46 54 9 14 60 60 18
split_gain=4.31597 7.49289 13.6012 16.9629 6.91573 7.06715 5.34651 3.56908 2.86483 2.49893 0.418651
threshold=19.622500419616703 14640.455078125002 -1.362481892108917 4.5031685829162607 0.30292049050331121 3.3911023139953618 52876.173828125007 4093.099975585938 -2574801.1249999995 -2616197.3749999995 23.965000152587894
decision_type=2 2 2 2 2 2 2 2 2 2 2
left_child=1 4 -3 -4 5 -1 -6 -2 9 -9 -10
right_child=7 2 3 -5 6 -7 -8 8 10 -11 -12
leaf_value=0.0077224047216640293 -0.013847856354099707 0.031123229546219846 -0.032419442804872439 0.024628475228091865 -0.051774297726032995 -0.029032140746105849 0.0069560985817825492 0.028760035566136748 0.039613104801185239 -0.01532714971283106 0.023783890595595932
leaf_weight=113.47809889912605 2.6587173044681576 5.5747652500867835 21.737362803891305 5.921592140570282 3.3755728453397742 4.8821762092411509 2.2391750514507294 2.0491845905780792 5.2888461910188163 2.5969509631395349 4.0446606744080782
leaf_count=310 16 8 120 15 15 21 6 4 6 16 14
internal_value=0.00276704 0.00120873 -0.0114152 -0.0200974 0.00461699 0.00618099 -0.0278182 0.0173105 0.023451 0.00347187 0.033075
internal_weight=173.847 157.209 33.2337 27.659 123.975 118.36 5.61475 16.6384 13.9796 4.64614 9.33351
internal_count=551 495 143 135 352 331 21 56 40 20 20
is_linear=0
shrinkage=0.03


Tree=99
num_leaves=8
num_cat=0
split_feature=1 4 34 35 26 21 19
split_gain=4.2203 7.3447 9.51335 7.70466 7.49999 4.18 3.18583
threshold=5925.6970214843759 1.0000000180025095e-35 -0.7814427614212035 -2.1609816551208492 9.7697057723999041 -0.024000343866646286 5018.0549316406259
decision_type=2 2 2 2 2 2 2
left_child=1 3 -3 -1 -5 -2 -7
right_child=5 2 -4 4 -6 6 -8
leaf_value=-0.046285366968703556 -0.0087181644317264502 0.005276015148588358 -0.044242992337247856 -0.0012397126811096745 0.013267000071803233 0.038970241053845944 0.010495151404971568
leaf_weight=2.7793463096022597 4.6005271226167705 6.7222047746181488 7.0570656433701497 86.472636150196195 50.691913854330778 6.7663581967353812 8.2123350501060468
leaf_count=14 16 19 40 327 111 7 17
internal_value=0.00269295 0.00100132 -0.0198675 0.00307756 0.00409966 0.0158213 0.0235586
internal_weight=173.302 153.723 13.7793 139.944 137.165 19.5792 14.9787
internal_count=551 511 59 452 438 40 24
is_linear=0
shrinkage=0.03


Tree=100
num_leaves=13
num_cat=0
split_feature=33 33 12 23 49 47 53 6 6 60 60 2
split_gain=4.26135 7.16082 15.2298 7.73077 11.4939 7.63655 6.67899 12.212 6.65739 5.97625 11.3934 2.6117
threshold=0.85287350416183483 0.25693231076002127 16216.219726562502 1.5000000000000002 -0.82388734817504872 -1.4182171225547788 -0.37329967319965357 -613207.46874999988 -614962.62499999988 -2538738.3749999995 -2553287.1249999995 84.395000457763686
decision_type=2 2 2 2 2 2 2 2 2 2 2 2
left_child=1 3 5 8 -5 -3 7 -2 -1 10 -8 -11
right_child=6 2 -4 4 -6 -7 9 -9 -10 11 -12 -13
leaf_value=0.044365790343358545 0.024841997519765759 0.032780596245450953 0.019982929339098583 -0.042960341467154446 0.00091473519747553903 -0.045915716757142837 0.020330996650973366 -0.044071161445834998 0.0083505816257836828 -0.0010146734630030782 -0.02455858666616343 0.031184439621766785
leaf_weight=5.8873058557510403 4.1561121270060539 1.192488111555577 6.1973965466022483 5.8196311723440877 68.835466738790274 10.712534191086888 14.229159835726021 5.1389556974172574 23.109223496168852 2.4034895580262008 7.8910464122891417 17.271211192011833
leaf_count=5 8 2 13 37 228 66 31 33 58 14 28 28
internal_value=0.00261856 -0.000409167 -0.0178397 0.00260607 -0.0024653 -0.037781 0.00989276 -0.0129352 0.0157664 0.0150414 0.0041817 0.0270985
internal_weight=172.844 121.754 18.1024 103.652 74.6551 11.905 51.09 9.29507 28.9965 41.7949 22.1202 19.6747
internal_count=551 409 81 328 265 68 142 41 63 101 59 42
is_linear=0
shrinkage=0.03


Tree=101
num_leaves=10
num_cat=0
split_feature=10 52 2 53 60 26 29 7 6
split_gain=4.04965 10.2342 5.135 7.97622 4.92618 9.38416 2.27534 1.71315 0.838819
threshold=0.00076049999915994715 5063.0908203125009 6455.4211425781259 -0.55355894565582264 -2537166.6249999995 12.105390071868898 4460.0278320312509 2.7781381607055669 -88897.910156249985
decision_type=2 2 2 2 2 2 2 2 2
left_child=1 2 3 -1 7 -6 -4 8 -2
right_child=4 -3 6 -5 5 -7 -8 -9 -10
leaf_value=-0.01174184404222451 0.036395178485501355 -0.04080225540370206 0.0057477616941402476 0.0049395525079107853 -0.039680206038508567 0.040221964869483699 0.0307779277265188 0.0080057941262804393 0.018974051274868921
leaf_weight=35.645269747823477 6.2926207631826436 5.1593887694180003 6.3803805112838727 93.28598172031343 3.6097998842596999 2.0639768838882446 7.5329256802797318 6.1574324667453757 5.8920709304511565
leaf_count=157 7 37 15 266 29 2 10 15 13
internal_value=0.00255289 0.000677386 0.00219659 0.000304424 0.0139862 -0.0100851 0.0195152 0.0215958 0.0282172
internal_weight=172.02 148.004 142.845 128.931 24.0159 5.67378 13.9133 18.3421 12.1847
internal_count=551 485 448 423 66 31 25 35 20
is_linear=0
shrinkage=0.03


Tree=102
num_leaves=14
num_cat=0
split_feature=6 6 7 2 2 24 25 49 14 4 46 30 36
split_gain=4.07481 11.0463 12.4481 12.9986 9.0439 6.85956 13.3212 5.97571 8.22198 4.7368 10.1659 5.88606 4.54912
threshold=-611893.49999999988 -419092.71874999994 3.7258709669113164 444.23548889160162 4376.7138671875009 9.5000000000000018 19.188500404357914 -0.3894867449998855 4107.7500000000009 1.0000000180025095e-35 -0.64778548479080189 5096.8183593750009 0.22936847060918811
decision_type=2 2 2 2 2 2 2 2 2 2 2 2 2
left_child=5 2 3 -2 -4 7 -7 8 -1 11 -11 -3 -8
right_child=1 9 4 -5 -6 6 12 -9 -10 10 -12 -13 -14
leaf_value=0.018556651979253037 0.004189945241793727 0.013730027620658482 -0.0085658442928318364 -0.04050937562430143 0.03117721889035777 -0.046533940137472557 -0.016108216356757285 0.03540566334260465 -0.026112048627391783 0.027487356045825202 -0.024237361676866173 -0.019238905148647463 0.027522823169210217
leaf_weight=15.906647279858587 8.6321691665798443 54.315320506691933 15.457117430865766 17.475460521876812 7.6913416609168044 5.0276673417538396 3.0776857882738096 11.367799676954748 4.7946326881647101 4.9794009253382674 10.742444347590206 5.2823588252067557 6.6882599480450153
leaf_count=31 43 145 61 83 11 27 15 14 17 9 49 32 14
internal_value=0.00248645 -0.000326984 -0.0113968 -0.0256152 0.00450965 0.0100295 -0.00672273 0.0178509 0.008066 0.0068724 -0.00766436 0.0107575 0.0134655
internal_weight=171.438 124.576 49.2561 26.1076 23.1485 46.8627 14.7936 32.0691 20.7013 75.3195 15.7218 59.5977 9.76595
internal_count=551 433 198 126 72 118 56 62 48 235 58 177 29
is_linear=0
shrinkage=0.03


Tree=103
num_leaves=9
num_cat=0
split_feature=38 57 37 27 37 1 47 12
split_gain=3.97657 5.182 7.12999 5.12083 8.52136 6.55462 4.93458 3.64928
threshold=-1.8660293221473692 93.603389739990249 -3.0352932214736934 1752.6289062500002 1.86723268032074 5925.6970214843759 0.081748176366090788 14689.490234375002
decision_type=2 2 2 2 2 2 2 2
left_child=1 2 -1 4 5 -2 -5 -6
right_child=3 -3 -4 6 7 -7 -8 -9
leaf_value=0.028248760275393484 -0.000134453896929736 0.030700914857480412 -0.038479710262802877 -0.042278039499212314 0.010596937254173277 0.019973765546347586 0.0086258252942187832 0.03937766812995442
leaf_weight=1.7562575638294209 119.87749029323459 1.7767241690307845 7.0849987911060444 4.1656351536512366 8.3313728161156195 16.567080587148666 2.7697239890694618 8.2537446655333024
leaf_count=3 387 5 56 21 31 30 7 11
internal_value=0.00242343 -0.0153014 -0.0248852 0.0036187 0.00477743 0.0022851 -0.0215164 0.0251008
internal_weight=170.583 10.618 8.84126 159.965 153.03 136.445 6.93536 16.5851
internal_count=551 64 59 487 459 417 28 42
is_linear=0
shrinkage=0.03


Tree=104
num_leaves=12
num_cat=0
split_feature=18 20 11 1 26 46 7 14 60 41 18
split_gain=3.91714 6.75141 10.754 10.5123 11.1184 6.96186 4.86824 3.36749 2.75618 2.45343 0.412861
threshold=19.622500419616703 14640.455078125002 75.055000305175795 1142.7424926757815 13.003923892974855 0.30292049050331121 1.0000000180025095e-35 4093.099975585938 -2574801.1249999995 0.96031758189201366 23.965000152587894
decision_type=2 2 2 2 2 2 2 2 2 2 2
left_child=1 2 5 6 -5 -1 -3 -2 9 -9 -10
right_child=7 3 -4 4 -6 -7 -8 8 10 -11 -12
leaf_value=0.0073173565038674414 -0.014115547065258333 0.01247913524834313 -0.047812855603055496 0.011115590558134597 -0.047189603416776339 -0.027097957330334935 -0.042499807399759705 -0.018546321555165453 0.038817747193548878 0.025457534660355 0.022859894116705314
leaf_weight=112.50476220622659 2.6016856022179153 1.6075212657451619 3.4726182594895354 17.488692395389084 3.536083821207284 5.5193649828433982 9.7904172223061305 2.270904030650855 5.0663406439125502 2.2528905682265759 3.9306546207517385
leaf_count=314 16 3 17 43 19 21 78 12 6 8 14
internal_value=0.00235923 0.000864988 0.00412882 -0.0112729 0.00116675 0.00568252 -0.0344826 0.0164386 0.0225397 0.00270484 0.0321794
internal_weight=170.042 153.919 121.497 32.4227 21.0248 118.024 11.3979 16.1225 13.5208 4.52379 8.997
internal_count=551 495 352 143 62 335 81 56 40 20 20
is_linear=0
shrinkage=0.03


Tree=105
num_leaves=10
num_cat=0
split_feature=33 60 30 60 10 60 31 56 31
split_gain=3.90387 6.44283 6.64075 5.92873 5.29464 7.07275 11.1942 1.92935 1.30505
threshold=1.0376913547515871 -2484421.6249999995 5109.1608886718759 -2549785.3749999995 0.00062599999364465486 -2538270.6249999995 -6.7548789978027335 59.126380920410163 1.391929626464844
decision_type=2 2 2 2 2 2 2 2 2
left_child=1 2 3 -1 5 6 -2 -7 -6
right_child=4 -3 -4 -5 8 7 -8 -9 -10
leaf_value=0.010504097509436433 0.028114548609381711 -0.039992549781502809 -0.040212057979985283 -0.0027689709457531177 0.01510499860821852 0.0041641291620303231 -0.034449396239418284 0.032411096435391931 0.035797536414488532
leaf_weight=48.459038738161325 3.8074217550456506 3.5274404343217602 3.4058781675994387 80.233708968386054 5.6202900111675245 3.9486183356493729 7.7477291412651539 5.7097701244056225 6.9994497299194336
leaf_count=126 9 27 29 273 16 15 38 10 8
internal_value=0.00229509 0 0.00108931 0.00220567 0.0114118 0.0021044 -0.013575 0.0211736 0.0268197
internal_weight=169.459 135.626 132.099 128.693 33.8333 21.2135 11.5552 9.65839 12.6197
internal_count=551 455 428 399 96 72 47 25 24
is_linear=0
shrinkage=0.03


Tree=106
num_leaves=7
num_cat=0
split_feature=14 50 25 53 30 40
split_gain=3.81151 8.8906 5.65175 5.38615 10.5392 7.0708
threshold=4019.450073242188 4033.4187011718755 1.2465000152587893 -0.46902383863925928 4114.9221191406259 -1.9255897402763364
decision_type=2 2 2 2 2 2
left_child=2 -2 -1 4 -3 -5
right_child=1 3 -4 5 -6 -7
leaf_value=0.039925163327227384 -0.048341228468214502 -0.04455542195433633 -0.0040653468412959705 -0.021021079055744917 -0.00099331702888761915 0.0080849924505941636
leaf_weight=5.7115693539381009 3.207132088020443 5.6895513571798793 4.6606764793395996 8.0794808920472843 42.507634891197085 99.056774875149131
leaf_count=8 18 32 19 33 160 281
internal_value=0.00223406 0.00106139 0.0198692 0.00210071 -0.00619795 0.00586201
internal_weight=168.913 158.541 10.3722 155.333 48.1972 107.136
internal_count=551 524 27 506 192 314
is_linear=0
shrinkage=0.03


Tree=107
num_leaves=7
num_cat=0
split_feature=37 38 54 49 49 17
split_gain=3.79126 6.55203 6.31766 6.314 4.09193 0.874422
threshold=-2.6885771751403804 -2.1171909570693965 -2.8364903926849361 -1.055548310279846 -0.94207060337066639 1.588499963283539
decision_type=2 2 2 2 2 2
left_child=5 -2 4 -4 -3 -1
right_child=1 2 3 -5 -6 -7
leaf_value=0.032023903621742504 -0.036025717868199462 0.021151138829602976 -0.030444980428122086 0.0044921559652625984 -0.039498907611092662 0.011689994602819163
leaf_weight=4.0337309911847097 4.1610086439177385 1.1801444292068479 4.7929512411355963 144.4734286852181 5.0315801277756682 4.8828484881669283
leaf_count=6 38 2 28 428 35 14
internal_value=0.0021693 0.00108615 0.00209866 0.00335022 -0.0274933 0.0212252
internal_weight=168.556 159.639 155.478 149.266 6.21172 8.91658
internal_count=551 531 493 456 37 20
is_linear=0
shrinkage=0.03


Tree=108
num_leaves=12
num_cat=0
split_feature=6 6 9 40 45 48 10 22 17 36 48
split_gain=3.83445 10.1114 11.7502 10.3346 6.99365 6.40047 5.45167 7.01603 13.5878 8.99594 5.21055
threshold=-611893.49999999988 -419092.71874999994 51547.109375000007 0.74823844432830822 1.1919066309928896 -1.3996431827545164 0.00065519000054337095 -1549.8800048828123 6.7825000286102304 -0.49645781517028803 -0.72496065497398365
decision_type=2 2 2 2 2 2 2 2 2 2 2
left_child=6 2 5 -4 10 -2 7 8 -1 -9 -3
right_child=1 4 3 -5 -6 -7 -8 9 -10 -11 -12
leaf_value=-0.048550411804778482 0.019315668179925711 -0.007631611586435938 -0.020389439692841273 0.011790918949484143 -0.036898559144855597 -0.045422306617578213 0.038651773532343413 -0.02246558006503618 0.0081050194849422684 0.02652558375526947 0.012438985034718053
leaf_weight=5.2709287926554707 1.5108254402875889 14.480383284389971 16.41084541939199 19.762062251567841 3.2024914389476171 10.529860341921447 5.1604311242699614 4.0901941619813469 13.559579221531747 17.914472876116633 56.291517116129398
leaf_count=25 3 56 73 54 29 68 6 16 37 34 150
internal_value=0.00210834 -0.000647933 -0.0113599 -0.00272566 0.00629317 -0.03705 0.00949565 0.00573766 -0.00759433 0.0172828 0.00829002
internal_weight=168.184 122.188 48.2136 36.1729 73.9744 12.0407 45.9956 40.8352 18.8305 22.0047 70.7719
internal_count=551 433 198 127 235 71 118 112 62 50 206
is_linear=0
shrinkage=0.03


Tree=109
num_leaves=14
num_cat=0
split_feature=31 6 22 12 35 22 44 22 33 3 57 2 27
split_gain=3.70919 8.93934 9.03187 7.92438 7.68443 6.89297 13.0483 6.52122 5.90334 7.99468 5.74019 12.2059 7.16593
threshold=3.9501941204071049 -612696.15624999988 108.83733367919923 17844.785156250004 -1.5930972099304197 -85.523048400878892 209105.07812500003 -139592.75781249997 -0.98937305808067311 2.8309999704360966 79.789299011230483 4922.8659667968759 -365.05200195312494
decision_type=2 2 2 2 2 2 2 2 2 2 2 2 2
left_child=1 10 3 -3 -4 6 7 -2 -7 -10 12 -12 -1
right_child=5 2 4 -5 -6 8 -8 -9 9 -11 11 -13 -14
leaf_value=-0.012191913953998292 0.029179840401434655 -0.0068770953851955531 0.0087755908546099416 0.017639800508426076 -0.025134581334945953 0.040842588329009923 0.034021451074103093 -0.03688128594756717 -0.025553673956179353 0.020335433579885941 -0.053501982261446361 0.025749924926853414 0.023362558139641096
leaf_weight=6.1947225369513026 1.5500696469098301 32.368728286586702 7.5554766654968253 18.680270679295063 27.386550467461348 7.8608057498931911 4.7568029463291159 8.3971067238599062 4.3990689702332046 14.762399109080432 3.4582287035882464 3.486352413892746 26.558119863271713
leaf_count=22 5 129 20 39 136 9 7 58 21 34 16 5 50
internal_value=0.0020534 -0.000496792 -0.00595565 0.00203556 -0.0177164 0.00980704 -0.00657182 -0.0262854 0.0188305 0.0096437 0.0112524 -0.0132836 0.0165464
internal_weight=167.415 125.688 85.991 51.049 34.942 41.7263 14.704 9.94718 27.0223 19.1615 39.6974 6.94458 32.7528
internal_count=551 417 324 168 156 134 70 63 64 55 93 21 72
is_linear=0
shrinkage=0.03


Tree=110
num_leaves=9
num_cat=0
split_feature=33 30 60 33 19 30 37 39
split_gain=3.64017 5.95531 6.6744 9.18811 6.9546 4.98045 5.62 5.29496
threshold=1.0376913547515871 5109.1608886718759 -2549785.3749999995 -0.13906957209110257 39788.958984375007 4064.0039062500005 2.5688838958740239 0.80535557866096508
decision_type=2 2 2 2 2 2 2 2
left_child=1 2 4 -4 -1 -2 7 -7
right_child=5 -3 3 -5 -6 6 -8 -9
leaf_value=0.01462444579834089 -0.040876951226010469 -0.039845351262495741 0.0023314346688507299 -0.019278514577250688 -0.017222228384261278 -0.0010110364298327396 -0.018818298504198579 0.027277635207219944
leaf_weight=40.521155070513487 1.5633950475603331 3.3253072146326295 56.929231916554272 25.584667090326548 7.1997774802148333 8.3717676699161583 4.1008441410958758 19.0470758266747
leaf_count=88 11 29 179 121 38 32 19 34
internal_value=0.00200197 -0.000182707 0.00080697 -0.0043327 0.00975679 0.0109124 0.0135764 0.0185309
internal_weight=166.643 133.56 130.235 82.5139 47.7209 33.0831 31.5197 27.4188
internal_count=551 455 426 300 126 96 85 66
is_linear=0
shrinkage=0.03


Tree=111
num_leaves=9
num_cat=0
split_feature=38 35 3 57 34 12 48 48
split_gain=3.57492 4.87623 6.54641 4.50972 4.98889 5.35609 4.47979 3.11138
threshold=-1.8660293221473692 2.0236234664916997 -2047.9095458984373 96.216953277587905 -1.3218845129013059 18421.054687500004 -1.0672067403793333 -0.4065194427967071
decision_type=2 2 2 2 2 2 2 2
left_child=1 2 -1 4 7 -6 -5 -2
right_child=3 -3 -4 6 5 -7 -8 -9
leaf_value=0.027506057136921634 0.030633777724471779 0.031587694900045843 -0.037963093290922831 0.023637706314019135 0.0039983803103232794 -0.017877610502536345 -0.037988470044131681 0.0025761666860531457
leaf_weight=1.6698493063449849 9.7140787243843061 1.6172028034925467 6.7787598529830548 1.3388138823211191 123.64989596232772 10.933419935405253 4.370235873386263 6.0014841593801966
leaf_count=3 15 3 58 3 373 43 35 18
internal_value=0.00194658 -0.0153319 -0.0246682 0.00308064 0.00409168 0.0021989 -0.0230112 0.02011
internal_weight=166.074 10.0658 8.44861 156.008 150.299 134.583 5.70905 15.7156
internal_count=551 64 61 487 449 416 38 33
is_linear=0
shrinkage=0.03


Tree=112
num_leaves=10
num_cat=0
split_feature=18 20 38 21 38 22 34 56 26
split_gain=3.58554 8.14403 4.81484 12.2948 5.78923 4.21444 3.59656 3.30529 1.40006
threshold=17.545499801635746 46710.246093750007 0.44092850387096411 1.0000000180025095e-35 -1.8660293221473692 -13544.084960937498 -0.89345011115074147 36.376554489135749 2.3971208333969121
decision_type=2 2 2 2 2 2 2 2 2
left_child=1 2 4 -4 -1 6 -2 -7 -9
right_child=5 -3 3 -5 -6 7 -8 8 -10
leaf_value=-0.017473217882951083 0.024429502316585156 -0.03841475139053601 -0.032060822802045294 0.0026971849478874227 0.0079749567099425944 -0.010488683350769586 -0.038977767259313456 0.010556585935975991 0.035241807193761389
leaf_weight=8.8078604973852617 1.2377278171479704 4.7121023014187804 12.21361232921481 36.147535359486938 86.454921383410692 2.2059000879526129 2.1268854541704085 3.2529563698917618 8.4467355608940107
leaf_count=53 5 39 55 119 221 12 17 19 11
internal_value=0.00189421 0.00036725 0.00166052 -0.00601892 0.00559056 0.0148358 -0.0147607 0.0222127 0.0286348
internal_weight=165.606 148.336 143.624 48.3611 95.2628 17.2702 3.36461 13.9056 11.6997
internal_count=551 487 448 174 274 64 22 42 30
is_linear=0
shrinkage=0.03


Tree=113
num_leaves=10
num_cat=0
split_feature=10 52 1 20 38 60 26 12 17
split_gain=3.50779 8.80625 4.57861 7.33515 6.6219 4.09817 8.4705 2.091 4.3201
threshold=0.00076049999915994715 5063.0908203125009 66.59650039672853 19.138239860534672 1.2459428906440737 -2537166.6249999995 12.105390071868898 16991.854492187504 0.13149999827146533
decision_type=2 2 2 2 2 2 2 2 2
left_child=1 2 3 -1 -4 7 -7 8 -2
right_child=5 -3 4 -5 -6 6 -8 -9 -10
leaf_value=0.034450109484559101 0.026389381579706123 -0.039877558734077598 0.0058789030774104318 -0.041524121589797756 -0.011646084796284997 -0.039017440113830772 0.039310488480648484 0.035184288613882043 -0.010937906607946827
leaf_weight=1.4560896009206761 7.3762177266180569 4.7927421834319821 107.70166063122451 4.8351262621581554 23.590428503230214 3.3781383726745835 1.9407992362976072 5.6538618206977835 4.3519193679094315
leaf_count=2 13 37 309 44 93 29 2 7 15
internal_value=0.00184256 7.513e-05 0.00148869 -0.0234632 0.00270718 0.0127954 -0.00987275 0.0199045 0.0122827
internal_weight=165.077 142.376 137.583 6.29122 131.292 22.7009 5.31894 17.382 11.7281
internal_count=551 485 448 46 402 66 31 35 28
is_linear=0
shrinkage=0.03


Tree=114
num_leaves=12
num_cat=0
split_feature=31 29 1 30 60 22 44 21 33 3 49
split_gain=3.46852 7.8665 10.8124 7.92762 6.81742 6.16049 12.2977 6.24511 5.59081 7.32529 4.46675
threshold=3.9501941204071049 4750.8994140625009 5690.4750976562509 4743.8820800781259 -2549785.3749999995 -85.523048400878892 209105.07812500003 30.210998535156254 -0.98937305808067311 2.8309999704360966 1.5176470279693606
decision_type=2 2 2 2 2 2 2 2 2 2 2
left_child=1 3 10 4 -1 6 7 -2 -7 -10 -3
right_child=5 2 -4 -5 -6 8 -8 -9 9 -11 -12
leaf_value=0.012928490609371396 -0.036344758893938733 -0.047321329547107251 0.01613411063982496 0.038868073568590795 -0.0043727098445857371 0.039699751628980248 0.033555931872004958 0.028555167451949696 -0.024902247394741825 0.019408852101297315 0.0056622741311303289
leaf_weight=28.076803956180811 8.146151948720215 8.5518906172364932 4.6675920858979216 5.0301715768873683 75.858126535080373 7.6776564922183779 4.6486801281571379 1.5434561185538758 4.3359551541507271 14.354218248277901 1.6017405912280072
leaf_count=60 58 58 11 8 273 9 7 5 21 34 7
internal_value=0.00179283 -0.000682722 -0.0212067 0.00208138 0.000272143 0.00939464 -0.00627728 -0.0256972 0.0180305 0.00896856 -0.0386677
internal_weight=164.492 123.786 14.8212 108.965 103.935 40.7061 14.3383 9.68961 26.3678 18.6902 10.1536
internal_count=551 417 76 341 333 134 70 63 64 55 65
is_linear=0
shrinkage=0.03


Tree=115
num_leaves=8
num_cat=0
split_feature=37 53 49 6 7 41 48
split_gain=3.54995 8.62227 5.6395 7.15499 5.16014 3.33105 0.603389
threshold=-2.6885771751403804 -1.3436422944068906 -1.055548310279846 -611893.49999999988 1.7779180407524111 -2.5461627244949336 -0.60727682709693898
decision_type=2 2 2 2 2 2 2
left_child=6 4 5 -4 -2 -3 -1
right_child=1 2 3 -5 -6 -7 -8
leaf_value=0.029277524434412748 0.0059717675329565454 0.013663055093513156 0.014657977502364193 -0.00045803420150656503 -0.039000423020991597 -0.043971940810133808 0.011728351284700025
leaf_weight=4.134978748857975 3.1589173823595029 1.1120198667049406 38.910244528204203 100.93869764823467 7.4755997154861689 3.5778081081807604 4.516170257702468
leaf_count=7 9 3 83 349 62 25 13
internal_value=0.00174775 0.00068501 0.00262201 0.00372625 -0.0253596 -0.0296662 0.0204631
internal_weight=163.824 155.173 144.539 139.849 10.6345 4.68983 8.65115
internal_count=551 531 460 432 71 28 20
is_linear=0
shrinkage=0.03


Tree=116
num_leaves=7
num_cat=0
split_feature=14 14 25 1 48 23
split_gain=3.49471 6.96091 4.92702 4.53009 7.75765 7.11076
threshold=4019.450073242188 4034.549926757813 1.2465000152587893 4654.8735351562509 -0.12874773144721982 14.500000000000002
decision_type=2 2 2 2 2 2
left_child=2 -2 -1 5 -5 -3
right_child=1 3 -4 4 -6 -7
leaf_value=0.038392788753867681 -0.045037899784548606 -0.0076101394821849995 -0.0034574202586293923 0.020789652638831868 -0.02602755088633749 0.0066252635772148889
leaf_weight=5.3925488591194135 2.9506424888968459 65.911128669045866 4.5452073626220226 20.334043271839622 3.7253113463520995 60.545867596752942
leaf_count=8 18 224 19 40 17 225
internal_value=0.00169974 0.000563155 0.01895 0.00147703 0.0134159 -0.000770701
internal_weight=163.405 153.467 9.93776 150.516 24.0594 126.457
internal_count=551 524 27 506 57 449
is_linear=0
shrinkage=0.03


Tree=117
num_leaves=9
num_cat=0
split_feature=33 60 30 26 42 42 60 58
split_gain=3.44791 5.516 5.50131 5.18491 4.75853 7.93428 6.48421 1.47831
threshold=1.0376913547515871 -2484421.6249999995 5109.1608886718759 8.6371545791625994 0.0006010000070091338 0.00025300000561401253 -2538270.6249999995 19432.958007812504
decision_type=2 2 2 2 2 2 2 2
left_child=1 2 3 -1 5 6 -2 -6
right_child=4 -3 -4 -5 7 -7 -8 -9
leaf_value=-0.0051546135114503488 -0.0069498603953150866 -0.038907251127468179 -0.038906710158707926 0.0071193687427078605 0.032740769938059008 -0.044411749529348496 0.031876408351950228 0.011498830142312467
leaf_weight=56.961354764178395 9.1462494209408742 3.2809549421071997 3.1089715948328367 67.61125510931015 7.820009917020796 2.9562654308974734 6.6025233417749432 5.6125682443380356
leaf_count=230 37 27 29 169 15 17 14 13
internal_value=0.00165114 -0.000487751 0.000475995 0.00148296 0.0104606 0.000513586 0.00913719 0.0240885
internal_weight=163.1 130.963 127.682 124.573 32.1376 18.705 15.7488 13.4326
internal_count=551 455 428 399 96 68 51 28
is_linear=0
shrinkage=0.03


Tree=118
num_leaves=9
num_cat=0
split_feature=18 20 27 37 7 22 26 46
split_gain=3.41595 7.60146 5.17484 6.29682 3.97364 5.71874 2.30649 1.87141
threshold=17.545499801635746 46710.246093750007 1752.6289062500002 1.86723268032074 1.7779180407524111 -13544.084960937498 3.0535888671875004 -0.34617394208908076
decision_type=2 2 2 2 2 2 2 2
left_child=1 2 3 -1 -2 -6 -7 -4
right_child=4 -3 7 -5 5 6 -8 -9
leaf_value=0.00032407890126047201 0.036539681314436315 -0.038057993724517396 -0.041629519822511903 0.021753636780978598 -0.037759965705067809 -0.0084562846576204127 0.024227518212672335 -0.0033877748790443105
leaf_weight=122.15940929576755 5.1195255964994457 4.5447177644819012 3.2992126420140266 13.767897266894577 2.2824956942349699 2.5498570222407526 6.8462036699056625 2.0478400439023963
leaf_count=389 6 39 17 34 21 24 13 8
internal_value=0.00160518 0.000108669 0.0013577 0.00251672 0.0144173 0.00446264 0.0150387 -0.0275446
internal_weight=162.617 145.819 141.274 135.927 16.7981 11.6786 9.39606 5.34705
internal_count=551 487 448 423 64 58 37 25
is_linear=0
shrinkage=0.03


Tree=119
num_leaves=7
num_cat=0
split_feature=37 35 27 18 40 17
split_gain=3.35644 6.20878 6.08495 9.60403 9.19453 0.826114
threshold=-2.6885771751403804 -2.1609816551208492 -2154.2031249999995 0.063000001013278975 3.086664199829102 1.588499963283539
decision_type=2 2 2 2 2 2
left_child=5 -2 3 -3 -4 -1
right_child=1 2 4 -5 -6 -7
leaf_value=0.030625629174882842 -0.04647033427809831 0.016164086849754924 0.0047085939936643952 -0.044460839560450327 -0.030246734523149976 0.010423190521534129
leaf_weight=3.8472810611128789 2.4858691096305838 3.7080493867397291 134.15689486544579 6.1732450127601624 7.1165051348507395 4.6800610292702913
leaf_count=6 12 8 441 35 35 14
internal_value=0.00156009 0.000523232 0.00131593 -0.0214072 0.00292652 0.0198897
internal_weight=162.168 153.641 151.155 9.88129 141.273 8.52734
internal_count=551 531 519 43 476 20
is_linear=0
shrinkage=0.03


Tree=120
num_leaves=9
num_cat=0
split_feature=14 29 26 53 22 49 22 18
split_gain=3.34863 5.49899 8.31321 5.89481 10.517 8.28784 4.95004 4.79632
threshold=4019.450073242188 4065.6054687500005 8.2017211914062518 0.40505592525005346 14629.234863281252 -0.80436733365058888 -190.27387237548825 0.39499999582767492
decision_type=2 2 2 2 2 2 2 2
left_child=7 2 -2 4 -3 -5 -4 -1
right_child=1 3 6 5 -6 -7 -8 -9
leaf_value=0.036157735104209353 -0.043711992131097659 0.00068701863699605807 0.022166352876432323 -0.028190895078747967 -0.034636639822144578 0.012755877229858072 -0.02433355264903056 -0.0059412072631232164
leaf_weight=5.7639477625489217 6.1302195042371741 69.517030867747962 4.8044364750385284 4.8028373811393967 8.4959725132212025 54.687691171653569 3.5895662009716016 4.0318608358502388
leaf_count=8 42 233 9 27 51 149 13 19
internal_value=0.001516 0.000400365 -0.017131 0.00227398 -0.00312143 0.0093997 0.00192399 0.018524
internal_weight=161.824 152.028 14.5242 137.504 78.013 59.4905 8.394 9.79581
internal_count=551 524 64 460 284 176 22 27
is_linear=0
shrinkage=0.03


Tree=121
num_leaves=14
num_cat=0
split_feature=31 6 8 33 39 22 44 21 57 3 27 33 3
split_gain=3.32624 7.70743 8.31944 7.68961 6.88205 5.78869 11.5841 5.90286 5.41046 8.49772 6.32232 5.33824 6.8083
threshold=3.9501941204071049 -612696.15624999988 1.5063500404357912 1.3820226192474367 -0.056385451927781098 -85.523048400878892 209105.07812500003 30.210998535156254 79.789299011230483 -599.60699462890614 -365.05200195312494 -0.98937305808067311 2.8309999704360966
decision_type=2 2 2 2 2 2 2 2 2 2 2 2 2
left_child=1 8 3 -3 -4 6 7 -2 10 -10 -1 -7 -13
right_child=5 2 4 -5 -6 11 -8 -9 9 -11 -12 12 -14
leaf_value=-0.011928051029940656 -0.035962116347608965 -0.046337805867518636 -0.031410901762522564 0.01375898271296376 0.00036079185792405765 0.038783852378101447 0.032764928836876026 0.027472445481392271 0.014777716889134396 -0.053190914691427754 0.021864303672127199 -0.024494088385889585 0.01866315907138236
leaf_weight=6.0588296987116363 7.950641315430401 7.7300694622099382 6.7450095470994702 2.4555164948105812 66.128675637766719 7.5512533653527525 4.5370808541774741 1.5286066327244041 3.7768613696098328 2.8884532004594794 25.678400550037622 4.2484765611588982 14.053106216713784
leaf_count=22 58 42 52 6 224 9 7 5 7 14 50 21 34
internal_value=0.00147359 -0.000972099 -0.00613318 -0.0315553 -0.00253875 0.00899967 -0.00636901 -0.0254163 0.0101125 -0.0142268 0.0153186 0.017448 0.00848084
internal_weight=161.331 121.462 83.0593 10.1856 72.8737 39.8692 14.0163 9.47925 38.4025 6.66531 31.7372 25.8528 18.3016
internal_count=551 417 324 48 276 134 70 63 93 21 72 64 55
is_linear=0
shrinkage=0.03


Tree=122
num_leaves=8
num_cat=0
split_feature=18 20 21 46 8 22 36
split_gain=3.27482 7.08718 4.67351 9.85418 4.08882 4.95947 2.21534
threshold=17.545499801635746 46710.246093750007 -7.0479998588562003 1.3395729660987856 1.4675999879837038 -13544.084960937498 0.57728379964828502
decision_type=2 2 2 2 2 2 2
left_child=1 2 -1 -4 -2 -6 -7
right_child=4 -3 3 -5 5 6 -8
leaf_value=0.026233716483802617 0.032992670573535138 -0.037591019365866597 0.0013098984672862645 -0.049635771286860073 -0.03737790901564314 -0.0093203330823939459 0.024433068056855623
leaf_weight=6.3900053575634947 6.3604342266917255 4.3783364268019787 129.92518723756075 3.509278029203414 2.2150295004248628 2.4484631158411476 5.3354927040636539
leaf_count=12 10 39 418 18 21 18 15
internal_value=0.0014365 0 0.0011703 -7.47122e-06 0.0141568 0.00187507 0.0134304
internal_weight=160.562 144.203 139.824 133.434 16.3594 9.99899 7.78396
internal_count=551 487 448 436 64 54 33
is_linear=0
shrinkage=0.03


Tree=123
num_leaves=6
num_cat=0
split_feature=7 31 18 20 8
split_gain=3.31771 5.23342 4.46509 6.18659 2.83048
threshold=5.0197138786315927 -27.385004043579098 17.545499801635746 46710.246093750007 1.4675999879837038
decision_type=2 2 2 2 2
left_child=1 -1 3 -3 -4
right_child=-2 2 4 -5 -6
leaf_value=-0.037536604072640582 0.030119504144077349 0.00091544702371652582 0.032556773810679174 -0.037398585209607281 0.0057333438100221155
leaf_weight=3.1462935265153638 3.5443493388593188 134.35625202581286 6.2538460046052924 3.9024734683334819 8.9488087482750398
leaf_count=42 8 420 10 33 38
internal_value=0.00139626 0.000727037 0.00153107 -0.000144302 0.0169649
internal_weight=160.152 156.608 153.461 138.259 15.2027
internal_count=551 543 501 453 48
is_linear=0
shrinkage=0.03


Tree=124
num_leaves=8
num_cat=0
split_feature=37 53 49 6 7 41 17
split_gain=3.21903 8.02865 5.21027 6.42283 4.56364 2.57407 0.781932
threshold=-2.6885771751403804 -1.3436422944068906 -1.055548310279846 -611893.49999999988 1.7779180407524111 -1.7632846236228941 1.588499963283539
decision_type=2 2 2 2 2 2 2
left_child=6 4 5 -4 -2 -3 -1
right_child=1 2 3 -5 -6 -7 -8
leaf_value=0.029971468772630114 0.0046932915101601603 0.0049469653697262013 0.013782752621813308 -0.00071999195213868399 -0.038402259621933936 -0.043432010423360964 0.010158064096648352
leaf_weight=3.7835162654519063 3.0261289998888952 1.266268119215965 37.903354719281197 98.739687663502991 7.1835022177547216 3.2832741737365714 4.65159204415977
leaf_count=6 9 4 83 349 62 24 14
internal_value=0.00135747 0.000332396 0.00220965 0.00328096 -0.0253349 -0.0293073 0.0194009
internal_weight=159.837 151.402 141.193 136.643 10.2096 4.54954 8.43511
internal_count=551 531 460 432 71 28 20
is_linear=0
shrinkage=0.03


Tree=125
num_leaves=6
num_cat=0
split_feature=7 31 18 20 14
split_gain=3.19288 5.00791 4.2581 5.96599 3.15524
threshold=5.0197138786315927 -27.385004043579098 17.545499801635746 46710.246093750007 4093.099975585938
decision_type=2 2 2 2 2
left_child=1 -1 3 -3 -4
right_child=-2 2 4 -5 -6
leaf_value=-0.037282466013179937 0.029663011308937042 0.00084242006038109734 -0.014021556548349015 -0.037173508664102552 0.022694780594329968
leaf_weight=3.0627347053959957 3.5034675952047101 133.98906528204679 2.4215367790311566 3.8203767659142605 12.638909436762331
leaf_count=42 8 420 15 33 33
internal_value=0.00132015 0.000664104 0.00144399 -0.000189695 0.016592
internal_weight=159.436 155.933 152.87 137.809 15.0604
internal_count=551 543 501 453 48
is_linear=0
shrinkage=0.03


Tree=126
num_leaves=7
num_cat=0
split_feature=14 14 18 1 48 23
split_gain=3.17823 6.1673 4.44122 4.12955 6.95028 6.51697
threshold=4019.450073242188 4034.549926757813 0.39499999582767492 4654.8735351562509 -0.12874773144721982 14.500000000000002
decision_type=2 2 2 2 2 2
left_child=2 -2 -1 5 -5 -3
right_child=1 3 -4 4 -6 -7
leaf_value=0.035302178706891417 -0.043706595765796483 -0.0076951222334997738 -0.0057083976198131709 0.019826043775857172 -0.025026865406160313 0.0060942012717413868
leaf_weight=5.6052173115313035 2.8228302616626015 64.702205960638821 3.9337977934628725 19.59862489998341 3.6420900560915461 58.821867790073156
leaf_count=8 18 224 19 40 17 225
internal_value=0.00128224 0.000191311 0.0180753 0.00105607 0.012668 -0.00110439
internal_weight=159.127 149.588 9.53902 146.765 23.2407 123.524
internal_count=551 524 27 506 57 449
is_linear=0
shrinkage=0.03


Tree=127
num_leaves=14
num_cat=0
split_feature=31 6 8 33 39 22 44 21 33 28 57 2 51
split_gain=3.13192 7.01737 7.87666 7.16588 6.42905 5.39341 11.0483 5.598 5.17816 5.53779 5.07465 9.99984 6.08799
threshold=3.9501941204071049 -612696.15624999988 1.5063500404357912 1.3820226192474367 -0.056385451927781098 -85.523048400878892 209105.07812500003 30.210998535156254 -0.98937305808067311 128.37500000000003 79.789299011230483 4922.8659667968759 4123.1604003906259
decision_type=2 2 2 2 2 2 2 2 2 2 2 2 2
left_child=1 10 3 -3 -4 6 7 -2 -7 -10 12 -12 -1
right_child=5 2 4 -5 -6 8 -8 -9 9 -11 11 -13 -14
leaf_value=0.019586774311018358 -0.035569288295283663 -0.045614604374426451 -0.030897597545343426 0.013145577006329666 0.00019793630231664008 0.0379875989710017 0.032119570478604281 0.026625755861835496 -0.011008463996811494 0.022449390441489425 -0.051040653438566487 0.022892877368126337 -0.021010432755549972
leaf_weight=27.394198831170801 7.7921335129067284 7.5364418849349004 6.565951910801231 2.3880481645464897 65.509113083593547 7.4419825002551105 4.4688559323549262 1.5075656697154043 7.7275961870327619 10.268905505537985 3.3203542400151482 3.2039043605327606 3.7145360335707656
leaf_count=58 58 42 52 6 224 9 7 5 32 23 16 5 14
internal_value=0.00124522 -0.00114427 -0.00608888 -0.0311733 -0.00259321 0.00861279 -0.00635381 -0.0251643 0.0168314 0.00791608 0.00954996 -0.0142739 0.0146428
internal_weight=158.84 119.633 81.9996 9.92449 72.0751 39.207 13.7686 9.2997 25.4385 17.9965 37.633 6.52426 31.1087
internal_count=551 417 324 48 276 134 70 63 64 55 93 21 72
is_linear=0
shrinkage=0.03


Tree=128
num_leaves=10
num_cat=0
split_feature=33 60 34 34 10 10 60 48 60
split_gain=3.12913 5.01172 4.89984 6.70393 4.44082 7.11218 5.96613 3.71141 0.716854
threshold=1.0376913547515871 -2484421.6249999995 -1.3218845129013059 0.35555055737495428 0.0006010000070091338 0.00025300000561401253 -2538270.6249999995 -0.4065194427967071 -2543291.2499999995
decision_type=2 2 2 2 2 2 2 2 2
left_child=1 2 7 -4 5 6 -2 -1 -6
right_child=4 -3 3 -5 8 -7 -8 -9 -10
leaf_value=0.028089876957755368 -0.0071354832661724831 -0.038308478717840586 -0.0099846493199322334 0.0049335042580801267 0.013846083085885801 -0.043332044292905623 0.031043588212477071 -0.0010323517291043536 0.029656129315445319
leaf_weight=9.1704165264964086 8.8753718882799166 3.134234798140823 51.791099148802459 56.633283402770758 5.4094178751111031 2.8477722890675059 6.1963229309767511 6.566233502700924 7.4635871164500696
leaf_count=18 37 27 212 171 12 17 14 27 16
internal_value=0.00121389 -0.000840298 8.13604e-05 -0.00216478 0.00980326 0 0.00836177 0.0157478 0.0232456
internal_weight=158.088 127.295 124.161 108.424 30.7925 17.9195 15.0717 15.7367 12.873
internal_count=551 455 428 383 96 68 51 45 28
is_linear=0
shrinkage=0.03


Tree=129
num_leaves=8
num_cat=0
split_feature=37 53 47 49 6 41 23
split_gain=3.09295 6.59092 6.55858 4.89486 5.70215 2.42422 1.55695
threshold=-3.0352932214736934 -1.3436422944068906 0.32752624154090887 -1.055548310279846 -611893.49999999988 -1.7632846236228941 6.5000000000000009
decision_type=2 2 2 2 2 2 2
left_child=-1 2 -2 5 -5 -3 -4
right_child=1 3 6 4 -6 -7 -8
leaf_value=0.023702428446828499 -0.038729452211928181 0.0046015986564817797 0.028040639335657286 0.013213954603339201 -0.00052352868011399831 -0.042724396977126239 -0.0077950372108919449
leaf_weight=5.307583086192607 7.2924971766769868 1.2461483031511305 1.9145938307046888 37.292308788746595 99.036489456892014 3.1911189602687946 2.3446631357073784
leaf_count=10 53 4 4 83 352 24 21
internal_value=0.00118067 0.000376196 -0.0213842 0.00218324 0.00321231 -0.0287574 0.00760924
internal_weight=157.625 152.318 11.5518 140.766 136.329 4.43727 4.25926
internal_count=551 541 78 463 435 28 25
is_linear=0
shrinkage=0.03


Tree=130
num_leaves=10
num_cat=0
split_feature=27 37 35 53 23 8 12 12 47
split_gain=3.04342 6.41651 6.00632 10.5865 5.91543 5.05643 3.67302 0.542562 0.540715
threshold=1752.6289062500002 1.86723268032074 0.85854831337928783 0.62076392769813549 3.5000000000000004 1.7105500102043154 10321.695312500002 16216.219726562502 -0.36851364374160761
decision_type=2 2 2 2 2 2 2 2 2
left_child=1 2 4 -4 -1 -2 8 -8 -3
right_child=5 6 3 -5 -6 -7 7 -9 -10
leaf_value=0.011836498234620662 0.010361101895578841 0.0086857123858193937 -0.044012850049518243 0.00717138461201951 -0.0024102507721266357 -0.040836845059377007 0.019963653873103952 0.035196271067965627 -0.012806207164571089
leaf_weight=38.505181163549423 2.9817893579602233 1.6932241097092626 7.2382221734151226 7.1403789799660444 81.658712651580572 3.9211141541600227 5.0160709097981435 6.5873316153883934 2.4744646251201621
leaf_count=95 9 5 48 25 304 23 18 9 15
internal_value=0.00114718 0.00205961 -4.02836e-05 -0.0183862 0.00213 -0.0182867 0.0201639 0.0288699 -0.00335477
internal_weight=157.216 150.314 134.542 14.3786 120.164 6.9029 15.7711 11.6034 4.16769
internal_count=551 519 472 73 399 32 47 27 20
is_linear=0
shrinkage=0.03


Tree=131
num_leaves=10
num_cat=0
split_feature=4 46 43 26 8 49 33 18 26
split_gain=3.03738 6.87639 7.31366 5.91566 8.75973 9.4407 6.60797 6.10098 4.90204
threshold=1.0000000180025095e-35 -0.56431525945663441 4066853.5000000005 9.7697057723999041 1.8248285055160525 0.083267450332641615 -1.2827857136726377 0.004500000039115549 11.803240299224855
decision_type=2 2 2 2 2 2 2 2 2
left_child=3 -2 -3 6 8 -6 -1 -8 -5
right_child=1 2 -4 4 5 -7 7 -9 -10
leaf_value=-0.042169061917434192 0.012546030324763232 -0.043707961104456641 0.0092017282328054339 0.030537591098654136 -0.023505142003725839 0.022060571596789522 -0.043011539949392795 0.00097237477646733295 0.0086745436055348044
leaf_weight=3.6094524823129168 6.7467009425163296 7.017933012917636 3.4102180171757936 16.611191146075726 11.482645157724621 6.3078763186931601 2.945239692926406 76.681554458104074 21.960649386048317
leaf_count=23 19 41 11 25 44 13 17 303 55
internal_value=0.00111613 -0.010755 -0.0261177 0.00259813 0.0101135 -0.00718056 -0.00245474 -0.000616829 0.0181678
internal_weight=156.773 17.1749 10.4282 139.599 56.3624 17.7905 83.2362 79.6268 38.5718
internal_count=551 71 52 480 137 57 343 320 80
is_linear=0
shrinkage=0.03


Tree=132
num_leaves=10
num_cat=0
split_feature=10 52 10 10 26 60 26 12 17
split_gain=3.02356 7.37214 3.79313 7.3723 6.15804 3.50621 7.75046 1.99472 3.88864
threshold=0.00076049999915994715 5063.0908203125009 0.00025300000561401253 0.00036649999674409633 7.4382760524749765 -2537166.6249999995 12.105390071868898 16991.854492187504 0.13149999827146533
decision_type=2 2 2 2 2 2 2 2 2
left_child=1 2 4 -4 -1 7 -7 8 -2
right_child=5 -3 3 -5 -6 6 -8 -9 -10
leaf_value=-0.0037391209882250728 0.024866813161507826 -0.038676130434989596 -0.044283967683603612 -0.0022020429716681244 0.012921263993367809 -0.03844219134968635 0.038354968264376663 0.034034911812273562 -0.011659586568651173
leaf_weight=38.422588041052222 6.8259232230484539 4.4174329089000812 4.0941918343305579 46.941208027303219 41.117423538118601 3.2103637708351007 1.8469564318656919 5.2205170691013327 4.1319639384746552
leaf_count=178 13 37 25 144 101 29 2 7 15
internal_value=0.00108666 -0.00054744 0.000719498 -0.00563675 0.00483558 0.0116157 -0.00980232 0.0184964 0.0108198
internal_weight=156.229 134.993 130.575 51.0354 79.54 21.2357 5.05732 16.1784 10.9579
internal_count=551 485 448 169 279 66 31 35 28
is_linear=0
shrinkage=0.03


Tree=133
num_leaves=10
num_cat=0
split_feature=33 60 58 12 10 22 33 44 31
split_gain=3.00153 4.59662 4.71883 5.85939 4.08804 7.8888 4.1952 1.9138 1.13391
threshold=1.0376913547515871 -2484421.6249999995 661905.84375000012 20577.019531250004 0.00062599999364465486 -4050.4943847656245 1.1853582262992861 1633345.8125000002 -1.0000000180025095e-35
decision_type=2 2 2 2 2 2 2 2 2
left_child=1 2 3 -1 5 -2 -7 -4 -6
right_child=4 -3 7 -5 8 6 -8 -9 -10
leaf_value=-0.0006132174947874881 -0.043409520787734635 -0.037634984727363978 -0.0012143008149866697 0.026367429339770182 0.012548672300297844 0.02686351856020185 -0.0036779665432531377 -0.04250252397105414 0.033270167660911745
leaf_weight=109.85883651208133 3.0049438215792241 3.0030398936942211 1.6963469106703986 7.7447348497807971 4.9417209532111883 7.0827086735516813 9.1173103535547835 3.2188589423894882 6.0153054744005185
leaf_count=389 19 27 7 13 16 14 39 19 8
internal_value=0.00105589 -0.000964354 -4.10396e-05 0.00113807 0.00956278 0.00105651 0.0094897 -0.0288634 0.0241984
internal_weight=155.684 125.522 122.519 117.604 30.162 19.205 16.2 4.91521 10.957
internal_count=551 455 428 402 96 72 53 26 24
is_linear=0
shrinkage=0.03


Tree=134
num_leaves=8
num_cat=0
split_feature=37 53 26 23 12 7 17
split_gain=2.97828 7.07578 4.69597 5.32944 4.29835 4.18157 0.719396
threshold=-2.6885771751403804 -1.3436422944068906 1.5339529514312746 14.500000000000002 21388.410156250004 1.7779180407524111 1.588499963283539
decision_type=2 2 2 2 2 2 2
left_child=6 5 4 -4 -3 -2 -1
right_child=1 2 3 -5 -6 -7 -8
leaf_value=0.029066387726880687 0.0042997376983978427 -0.03486050000385104 -0.0023064646358592848 0.0098514052563512203 0.032107133799609902 -0.037691992163363913 0.0096561632572993005
leaf_weight=3.6340399011969549 2.9378087595105153 5.2015496632084242 73.432864185422659 57.74823259934783 0.98843735828995694 6.7808813080191612 4.5131811164319515
leaf_count=6 9 84 213 161 2 62 14
internal_value=0.00102549 2.70929e-05 0.0017976 0.00302277 -0.0236822 -0.0246899 0.0186823
internal_weight=155.237 147.09 137.371 131.181 6.18999 9.71869 8.14722
internal_count=551 531 460 374 86 71 20
is_linear=0
shrinkage=0.03


Tree=135
num_leaves=10
num_cat=0
split_feature=27 37 35 53 11 60 12 12 47
split_gain=2.98152 5.96875 5.73707 9.79769 5.63601 4.19433 3.43544 0.543888 0.541328
threshold=1752.6289062500002 1.86723268032074 0.85854831337928783 0.62076392769813549 21.305000305175785 -2553287.1249999995 10321.695312500002 16216.219726562502 -0.36851364374160761
decision_type=2 2 2 2 2 2 2 2 2
left_child=1 2 4 -4 -1 -2 8 -8 -3
right_child=5 6 3 -5 -6 -7 7 -9 -10
leaf_value=0.0084271022766943468 0.0077967716654149177 0.0087531980344844156 -0.043422399425451647 0.0064519779041736693 -0.0046328107671451107 -0.039323591386777768 0.019140151832056876 0.034546856411291585 -0.012925768603614713
leaf_weight=60.467191803269088 2.9060179442167282 1.6770667210221288 7.0116109056398255 6.9905827585607767 58.249858655966818 3.8151462227106085 4.8771670162677747 6.4146042689681053 2.4148838445544234
leaf_count=173 9 5 48 25 226 23 18 9 15
internal_value=0.000997239 0.00190249 -0.000125492 -0.0183084 0.00199384 -0.0185039 0.0195934 0.028158 -0.0033076
internal_weight=154.824 148.103 132.719 14.0022 118.717 6.72116 15.3837 11.2918 4.09195
internal_count=551 519 472 73 399 32 47 27 20
is_linear=0
shrinkage=0.03


Tree=136
num_leaves=9
num_cat=0
split_feature=38 35 3 27 37 35 12 47
split_gain=2.97401 4.13535 5.52057 3.67852 6.37723 7.18392 3.33505 3.18644
threshold=-1.8660293221473692 2.0236234664916997 -2047.9095458984373 1752.6289062500002 1.86723268032074 0.85854831337928783 14689.490234375002 0.081748176366090788
decision_type=2 2 2 2 2 2 2 2
left_child=1 2 -1 4 5 -2 -6 -5
right_child=3 -3 -4 7 6 -7 -8 -9
leaf_value=0.026245225477866681 0.0032207244027654832 0.031075357117277505 -0.037168563599949481 -0.0388286934760717 0.0069715850788043725 -0.020891696351403664 0.036274066245703347 0.0050561519669303032
leaf_weight=1.486577048897743 112.46895680483431 1.3864461183547971 6.1900791563093644 3.6039746329188338 7.3044773424044234 12.330137757584451 7.2851394973695278 2.3511140123009682
leaf_count=3 350 3 58 21 31 67 11 7
internal_value=0.000970118 -0.0156653 -0.0244977 0.00202808 0.00303338 0.000814381 0.021809 -0.0209989
internal_weight=154.407 9.0631 7.67666 145.344 139.389 124.799 14.5896 5.95509
internal_count=551 64 61 487 459 417 42 28
is_linear=0
shrinkage=0.03


Tree=137
num_leaves=10
num_cat=0
split_feature=33 30 60 33 19 10 22 33 32
split_gain=2.90666 4.44172 5.31386 7.74362 5.97993 3.83239 7.38438 3.90276 1.0946
threshold=1.0376913547515871 5109.1608886718759 -2549785.3749999995 -0.13906957209110257 39788.958984375007 0.00062599999364465486 -4050.4943847656245 1.1853582262992861 -1.0000000180025095e-35
decision_type=2 2 2 2 2 2 2 2 2
left_child=1 2 4 -4 -1 6 -2 -8 -7
right_child=5 -3 3 -5 -6 8 7 -9 -10
leaf_value=0.012830007272194381 -0.042647835956256826 -0.038036510326309052 0.0013131258465526455 -0.019271596959895457 -0.017795054231936558 0.012158052652727302 0.026267779682042223 -0.0034231796890773171 0.032822441213379003
leaf_weight=37.519445287063718 2.909521590918307 2.8545757746323934 53.787442810833454 23.547288669273257 6.7018203362822524 4.7989467456936836 6.9341682717204103 9.020900088362394 5.8659629225730878
leaf_count=88 19 29 179 121 38 16 14 39 8
internal_value=0.000944748 -0.00104193 -0.00014848 -0.00491583 0.00812088 0.00941639 0.00112275 0.00929266 0.0238053
internal_weight=153.94 124.411 121.556 77.3347 44.2213 29.5295 18.8646 15.9551 10.6649
internal_count=551 455 426 300 126 96 72 53 24
is_linear=0
shrinkage=0.03


Tree=138
num_leaves=7
num_cat=0
split_feature=14 50 25 34 34 1
split_gain=2.84824 6.59993 4.15197 4.01013 11.0345 6.5081
threshold=4019.450073242188 4033.4187011718755 1.2465000152587893 -0.82120308279991139 0.35555055737495428 2043.6314697265627
decision_type=2 2 2 2 2 2
left_child=2 -2 -1 5 -5 -3
right_child=1 3 -4 4 -6 -7
leaf_value=0.036214297754970141 -0.045023382531306923 -0.0025714767090608747 -0.0036559123890679028 -0.01634068576000813 0.0045922653414920541 0.021840436781114407
leaf_weight=4.8578065112233144 2.8856657464057198 20.404247608967125 4.315959763713181 33.795178941451013 68.518685250543058 18.627146329730749
leaf_count=8 18 89 19 157 218 42
internal_value=0.000919114 -9.11516e-05 0.0171296 0.000804948 -0.00229275 0.00900188
internal_weight=153.405 144.231 9.17377 141.345 102.314 39.0314
internal_count=551 524 27 506 375 131
is_linear=0
shrinkage=0.03


Tree=139
num_leaves=14
num_cat=0
split_feature=31 6 8 33 22 57 3 51 22 44 21 33 3
split_gain=2.91655 6.34371 7.57341 6.24378 6.04901 4.80234 7.4025 5.72204 4.72694 9.69019 5.17548 5.09016 6.22938
threshold=3.9501941204071049 -612696.15624999988 1.5063500404357912 1.3820226192474367 -779.44015502929676 79.789299011230483 -599.60699462890614 4123.1604003906259 -85.523048400878892 209105.07812500003 30.210998535156254 -0.98937305808067311 2.8309999704360966
decision_type=2 2 2 2 2 2 2 2 2 2 2 2 2
left_child=1 5 3 -3 -4 7 -7 -1 9 10 -2 -10 -13
right_child=8 2 4 -5 -6 6 -8 -9 11 -11 -12 12 -14
leaf_value=0.018787640238906979 -0.035013058101019096 -0.04486123307641824 0.0049710228284134926 0.011481695997290016 -0.01283900514283781 0.013321946898095967 -0.051731655179485546 -0.021158389687990296 0.037173506093912539 0.030759197702969431 0.025584104056986266 -0.025207635894115166 0.017078283192841711
leaf_weight=26.54141898080707 7.2872737441211921 7.2994350977241975 39.234151262324303 2.234201617538929 30.344369595870376 3.5462762415409088 2.7632836932316414 3.606232523918151 7.2450230382382896 4.2186526581645003 1.47723644785583 4.0777138359844711 13.140525246970354
leaf_count=58 58 42 133 6 143 7 14 14 9 7 5 21 34
internal_value=0.000892935 -0.00144263 -0.0062363 -0.0313426 -0.00275311 0.00887733 -0.0146929 0.0139098 0.00818122 -0.00628457 -0.0244573 0.0159811 0.00688968
internal_weight=153.016 115.569 79.1122 9.53364 69.5785 36.4572 6.30956 30.1477 37.4464 12.9832 8.76451 24.4633 17.2182
internal_count=551 417 324 48 276 93 21 72 134 70 63 64 55
is_linear=0
shrinkage=0.03


Tree=140
num_leaves=10
num_cat=0
split_feature=4 46 43 26 46 9 1 41 46
split_gain=2.7987 6.33029 6.63707 5.40148 7.14149 14.994 6.15555 7.85454 4.50695
threshold=1.0000000180025095e-35 -0.56431525945663441 4066853.5000000005 9.7697057723999041 -0.38542535901069636 36678.960937500007 4654.8735351562509 1.0777620077133181 -0.048131130635738366
decision_type=2 2 2 2 2 2 2 2 2
left_child=3 -2 -3 6 5 -5 7 -1 -6
right_child=1 2 -4 4 8 -7 -8 -9 -10
leaf_value=-0.013400286149694874 0.011886850555488465 -0.042999176979301897 0.0085133327090187554 0.024043637031204747 0.028940603960564207 -0.02685133627400638 0.022839297028107497 0.0065613871503260972 0.0066958985261050185
leaf_weight=43.715176765806973 6.5293525420129326 6.7195938378572446 3.2536903247237206 9.3916095122694987 17.258365869522095 11.65221658349037 7.7132664322853079 29.631500569172204 16.430883411318064
leaf_count=206 19 41 11 18 26 48 15 122 45
internal_value=0.000870593 -0.0107634 -0.0258929 0.00230654 0.00959964 -0.00399495 -0.00258089 -0.00529502 0.0181805
internal_weight=152.296 16.5026 9.97328 135.793 54.7331 21.0438 81.0599 73.3467 33.6892
internal_count=551 71 52 480 137 66 343 328 71
is_linear=0
shrinkage=0.03


Tree=141
num_leaves=6
num_cat=0
split_feature=7 31 18 18 15
split_gain=2.84753 4.41595 3.8813 5.31184 2.87781
threshold=5.0197138786315927 -27.385004043579098 17.545499801635746 11.16849994659424 4093.200073242188
decision_type=2 2 2 2 2
left_child=1 -1 3 -3 -4
right_child=-2 2 4 -5 -6
leaf_value=-0.036730339213011352 0.028429175055861924 0.00033514863540142121 -0.014051248484383501 -0.037607689433927206 0.021935121255768363
leaf_weight=2.8513815882615736 3.2978402040898791 127.96777708269656 2.2988134957849971 3.4063560413196674 11.872312657535074
leaf_count=42 8 426 15 27 33
internal_value=0.0008499 0.000216786 0.00096123 -0.000625823 0.0158858
internal_weight=151.694 148.397 145.545 131.374 14.1711
internal_count=551 543 501 453 48
is_linear=0
shrinkage=0.03


Tree=142
num_leaves=10
num_cat=0
split_feature=38 35 3 33 7 33 34 34 48
split_gain=2.77802 3.89756 5.20976 3.53932 7.13666 4.33781 7.80117 5.95366 3.04737
threshold=-1.8660293221473692 2.0236234664916997 -2047.9095458984373 -1.3247353434562681 1.3736922144889834 -0.86751806735992421 0.29207114875316625 0.067441940307617201 -1.262402296066284
decision_type=2 2 2 2 2 2 2 2 2
left_child=1 2 -1 4 -2 7 -7 -5 -6
right_child=3 -3 -4 5 8 6 -8 -9 -10
leaf_value=0.025676740892601621 0.029863330727649684 0.030650490887992436 -0.036874986537977744 0.021367832523975377 0.0072477436650079975 -0.010797555985626215 0.006420669814358476 -0.0051979209757299829 -0.044123616735465693
leaf_weight=1.4413870424032209 2.0984942372888309 1.3345706537365911 5.962608758825807 22.339286735281348 1.1934992522001264 38.015752382576466 62.803575718775392 11.260860080830751 4.9633248783648014
leaf_count=3 4 3 58 47 3 167 197 40 29
internal_value=0.000825129 -0.0155581 -0.0242924 0.0018496 -0.0171625 0.00303954 -4.20177e-05 0.0123752 -0.033678
internal_weight=151.413 8.73857 7.404 142.675 8.25532 134.419 100.819 33.6001 6.15682
internal_count=551 64 61 487 36 451 364 87 32
is_linear=0
shrinkage=0.03


Tree=143
num_leaves=11
num_cat=0
split_feature=33 60 34 38 10 60 31 13 12 35
split_gain=2.77326 4.20761 4.39043 5.78897 3.58652 5.55312 8.83037 2.80558 1.97935 1.09824
threshold=1.0376913547515871 -2484421.6249999995 -1.3218845129013059 -0.43765215575695032 0.00062599999364465486 -2538270.6249999995 -6.7548789978027335 34294.630859375007 14820.364746093752 1.0317077040672304
decision_type=2 2 2 2 2 2 2 2 2 2
left_child=1 2 7 -4 5 6 -2 -1 -7 -6
right_child=4 -3 3 -5 9 8 -8 -9 -10 -11
leaf_value=0.0065365750392141139 0.026122503617183098 -0.037134417448062992 -0.011782745039799539 0.0028691139204752268 0.034003875775065806 0.030222823537458695 -0.032992229775344412 0.036102839372628981 0 0.013145874601685039
leaf_weight=10.816738359630106 3.3353126011788863 2.8577707242220631 38.193938047159463 66.048746882937849 4.9105635881423932 5.4051768612116593 6.922246478497982 4.1325484216213217 2.8223674278706312 5.4855668842792511
leaf_count=40 9 27 158 225 7 14 38 5 11 17
internal_value=0.000803168 -0.00115321 -0.000265344 -0.00247047 0.00917452 0.0010755 -0.0134782 0.0149105 0.0195847 0.0232866
internal_weight=150.931 122.05 119.192 104.243 28.8812 18.4851 10.2576 14.9493 8.22754 10.3961
internal_count=551 455 428 383 96 72 47 45 25 24
is_linear=0
shrinkage=0.03


Tree=144
num_leaves=9
num_cat=0
split_feature=37 53 33 9 27 47 8 46
split_gain=2.76492 6.52806 4.39438 7.77574 5.44818 3.91657 0.419835 0.40257
threshold=-2.6885771751403804 -1.3436422944068906 -1.2827857136726377 2778.265014648438 -2154.2031249999995 0.32752624154090887 1.4496499896049502 -0.48534524440765375
decision_type=2 2 2 2 2 2 2 2
left_child=7 5 3 -3 -4 -2 -7 -1
right_child=1 2 4 -5 -6 6 -8 -9
leaf_value=0.025047087029991175 -0.037524918387067722 0.024373994657174065 -0.023367066939530574 -0.042380691863323619 0.004349777686746153 0.0183609937911395 -0.0042434020047740131 0.0095825652790705144
leaf_weight=4.1388577818870544 6.4315529661253077 2.2364518493413916 6.7184174787253133 4.9616058636456728 119.351557277143 1.1347552835941317 1.7719898256473241 3.7377878315746775
leaf_count=9 51 4 31 29 396 3 17 11
internal_value=0.000783174 -0.000151673 0.00152623 -0.0212231 0.00284892 -0.0244185 0.00354898 0.0180894
internal_weight=150.483 142.606 133.268 7.19806 126.07 9.3383 2.90675 7.87665
internal_count=551 531 460 33 427 71 20 20
is_linear=0
shrinkage=0.03


Tree=145
num_leaves=9
num_cat=0
split_feature=27 37 1 60 8 12 47 22
split_gain=2.71784 5.24478 5.14096 6.14448 4.07497 3.02261 4.93964 2.43454
threshold=1752.6289062500002 1.86723268032074 5925.6970214843759 -2578372.6249999995 1.7105500102043154 14689.490234375002 -0.56360289454460133 -2852.3449707031245
decision_type=2 2 2 2 2 2 2 2
left_child=1 2 3 -1 -2 6 -3 -4
right_child=4 5 7 -5 -6 -7 -8 -9
leaf_value=-0.022878247337416561 0.0086651693935967354 0.027344783760160942 -0.00018317102698828556 -7.3985210034443346e-05 -0.039356667102770117 0.032361337499300126 -0.021685327981820983 0.024811475568194127
leaf_weight=11.9050429277122 2.6809900104999533 4.035708362236619 5.0515180379152289 102.15358498645946 3.627694396302104 7.3067850396037102 3.3727697404101473 9.952010050415991
leaf_count=79 9 11 14 360 23 13 23 19
internal_value=0.00076093 0.00162576 -0.000286107 -0.00248052 -0.0184734 0.0185979 0.00461849 0.0161961
internal_weight=150.086 143.777 129.062 114.059 6.30868 14.7153 7.40848 15.0035
internal_count=551 519 472 439 32 47 34 33
is_linear=0
shrinkage=0.03


Tree=146
num_leaves=8
num_cat=0
split_feature=7 4 2 6 29 28 28
split_gain=2.69604 3.14648 6.87084 5.16991 7.75779 4.90533 3.48006
threshold=5.0197138786315927 1.0000000180025095e-35 5805.5295410156259 -94541.937499999985 4914.8122558593759 -113.49999999999999 -314.87499999999994
decision_type=2 2 2 2 2 2 2
left_child=1 3 6 4 -1 -5 -3
right_child=-2 2 -4 5 -6 -7 -8
leaf_value=0.00091508738815551541 0.027906408275664912 -0.0033621314203733516 0.012276167126831236 -0.014099876569115717 -0.03688741631897649 0.023842846433508296 -0.042706316838529344
leaf_weight=107.29519221978262 3.2179759144783011 3.3251716345548621 5.8607934527099124 3.739503093063834 5.1152942869812241 15.141246687620876 5.9641684573143712
leaf_count=381 8 15 17 15 45 33 37
internal_value=0.000739287 0.000121818 -0.0128012 0.00163589 -0.000778446 0.0161691 -0.0289458
internal_weight=149.659 146.441 15.1501 131.291 112.41 18.8807 9.28934
internal_count=551 543 69 474 426 48 52
is_linear=0
shrinkage=0.03


Tree=147
num_leaves=7
num_cat=0
split_feature=14 50 18 34 34 1
split_gain=2.64799 6.02411 4.11163 3.77198 9.58201 6.12195
threshold=4019.450073242188 4033.4187011718755 0.39499999582767492 -0.82120308279991139 0.35555055737495428 2043.6314697265627
decision_type=2 2 2 2 2 2
left_child=2 -2 -1 5 -5 -3
right_child=1 3 -4 4 -6 -7
leaf_value=0.033737709057542455 -0.043945364159143671 -0.0026883337718888404 -0.0070684572495780893 -0.015725359225280375 0.0040408740919905426 0.021362950941662677
leaf_weight=5.2420485541224462 2.7874575396999708 19.822909431532025 3.6795741366222501 32.859949762001634 66.886824854649603 18.00217604264617
leaf_count=8 18 89 19 157 218 42
internal_value=0.000718013 -0.000268312 0.0165716 0.000594858 -0.00244071 0.00867913
internal_weight=149.281 140.359 8.92162 137.572 99.7468 37.8251
internal_count=551 524 27 506 375 131
is_linear=0
shrinkage=0.03


Tree=148
num_leaves=9
num_cat=0
split_feature=3 1 4 46 26 0 37 10
split_gain=2.71654 4.15117 6.39897 6.48687 5.71853 3.07954 2.9343 1.2165
threshold=898.25848388671886 5925.6970214843759 1.0000000180025095e-35 -0.56431525945663441 9.7697057723999041 14790.500000000002 -1.9827347397804258 0.00039249999099411076
decision_type=2 2 2 2 2 2 2 2
left_child=1 2 4 -4 -1 -2 -3 -8
right_child=5 6 3 -5 -6 -7 7 -9
leaf_value=-0.0033302095011363366 0.0069594669788431759 -0.0046302222119426421 0.0053266709254942276 -0.042098639400244206 0.010248805254547791 -0.042115566439528067 0.011810757500616957 0.033720839735288791
leaf_weight=74.707916777580976 1.8138779439032067 4.0266346186399451 4.2485365718603134 6.2841809019446355 44.417905196547508 2.7639019079506397 4.4444049149751645 6.2052428871393204
leaf_count=327 7 13 15 41 111 17 11 9
internal_value=0.000697231 0.00143836 -0.000250562 -0.0226841 0.00170775 -0.022015 0.0165637 0.0248588
internal_weight=148.913 144.335 129.659 10.5327 119.126 4.57778 14.6763 10.6496
internal_count=551 527 494 56 438 24 33 20
is_linear=0
shrinkage=0.03


Tree=149
num_leaves=14
num_cat=0
split_feature=31 6 8 22 33 57 2 51 22 44 7 33 3
split_gain=2.71276 5.79307 7.03372 5.66042 5.57621 4.57578 8.19042 5.25622 4.4072 8.68916 5.58738 4.88784 5.7376
threshold=3.9501941204071049 -612696.15624999988 1.5063500404357912 -779.44015502929676 1.3820226192474367 79.789299011230483 4922.8659667968759 4123.1604003906259 -85.523048400878892 209105.07812500003 2.5465316772460942 -0.98937305808067311 2.8309999704360966
decision_type=2 2 2 2 2 2 2 2 2 2 2 2 2
left_child=1 5 4 -4 -3 7 -7 -1 9 10 -2 -10 -13
right_child=8 2 3 -5 -6 6 -8 -9 11 -11 -12 12 -14
leaf_value=0.01810296753302354 -0.034498501532330007 -0.043967834583726426 0.0046995285275194419 -0.012754306446105462 0.010722300194058834 -0.048862288206450645 0.020379927091671309 -0.020578372935706846 0.03648698855603201 0.029580422320403876 0.032374827644597926 -0.024838230374784834 0.016361669654539449
leaf_weight=25.850788701325659 7.147641981020568 7.0096100829541665 38.18371176533401 29.573491767048836 2.0989984571933746 3.1563608683645716 2.9256446808576584 3.5326121300458899 7.0547752268612411 4.0095541998744002 1.2890916019678114 3.9615977928042438 12.693269202485679
leaf_count=58 61 42 133 143 6 16 5 14 9 7 2 21 34
internal_value=0.000678104 -0.00160024 -0.00625031 -0.00287414 -0.0310356 0.00839347 -0.0150612 0.0133504 0.00783957 -0.00644726 -0.023925 0.0154659 0.00638156
internal_weight=148.487 112.331 76.8658 67.7572 9.10861 35.4654 6.08201 29.3834 36.1559 12.4463 8.43673 23.7096 16.6549
internal_count=551 417 324 276 48 93 21 72 134 70 63 64 55
is_linear=0
shrinkage=0.03


Tree=150
num_leaves=8
num_cat=0
split_feature=18 18 21 46 8 36 34
split_gain=2.58005 5.34155 4.01764 8.60568 3.12197 3.73369 3.02567
threshold=17.545499801635746 11.16849994659424 -7.0479998588562003 1.3395729660987856 1.4675999879837038 0.57728379964828502 -1.362481892108917
decision_type=2 2 2 2 2 2 2
left_child=1 2 -1 -4 -2 6 -6
right_child=4 -3 3 -5 5 -7 -8
leaf_value=0.024494542227798316 0.030628065234386315 -0.036917921717630184 0.00053365354820850781 -0.04736286069547703 0.024994026693314065 0.018106952317475462 -0.036488019342006371
leaf_weight=5.9252553135156623 5.4617172181606284 3.5540367867797604 120.28974489029497 3.4714219737797967 0.90322300978004877 5.277872540988028 2.8614245420321813
leaf_count=13 10 32 422 20 3 18 33
internal_value=0.000661417 -0.000625145 0.00034632 -0.000785573 0.012687 0.00151879 -0.0209402
internal_weight=147.745 133.24 129.686 123.761 14.5042 9.04252 3.76465
internal_count=551 487 455 442 64 54 36
is_linear=0
shrinkage=0.03


Tree=151
num_leaves=12
num_cat=0
split_feature=33 58 58 38 39 24 60 52 3 57 33
split_gain=2.65649 3.98416 5.00016 5.37736 3.37229 8.57703 3.56597 3.34125 2.48514 1.72064 1.42285
threshold=1.0376913547515871 661905.84375000012 442198.10937500006 -1.8660293221473692 0.18408180028200152 2.5000000000000004 -2543291.2499999995 5022.5551757812509 -189.536994934082 26.182672500610355 1.2578793764114382
decision_type=2 2 2 2 2 2 2 2 2 2 2
left_child=1 2 3 -1 5 -2 7 -6 -4 -3 -8
right_child=4 9 8 -5 6 -7 10 -9 -10 -11 -12
leaf_value=-0.035438028474189476 0.037704823383710728 -0.00015737871890342077 0.031118365089072224 -0.00079567579879114806 -0.015329563706145521 -0.04153616506562334 0.032492424661943888 0.020899944262305577 0.0015334671923550153 -0.041593250484055024 0.011437293435447653
leaf_weight=4.2149127647280684 1.9064505100250269 1.4838382378220547 6.4153046756982803 99.600780289620161 5.4397134110331571 3.3676178455352783 7.8299147188663447 3.9578502345830202 4.6168649159371835 3.0796557459980249 5.4488042751327157
leaf_count=48 2 6 9 355 22 29 13 11 17 20 19
internal_value=0.000643562 -0.00128322 -0.000164605 -0.00223105 0.00898262 -0.0123236 0.0140703 0 0.0190093 -0.0287776 0.0240786
internal_weight=147.362 119.411 114.848 103.816 27.9504 5.27407 22.6763 9.39756 11.0322 4.56349 13.2787
internal_count=551 455 429 403 96 31 65 33 26 26 32
is_linear=0
shrinkage=0.03


Tree=152
num_leaves=6
num_cat=0
split_feature=7 31 18 18 50
split_gain=2.5716 4.08188 3.46602 4.67037 2.49363
threshold=5.0197138786315927 -27.385004043579098 17.545499801635746 11.16849994659424 4102.4145507812509
decision_type=2 2 2 2 2
left_child=1 -1 3 -3 -4
right_child=-2 2 4 -5 -6
leaf_value=-0.036371893452336219 0.027508518258485451 0.00012886742765376785 -0.0133688547067885 -0.036734842877525278 0.021012059380748443
leaf_weight=2.7183862430974832 3.1344835553318253 124.35339805856347 2.1712731607258311 3.1684135217219582 11.27689655125141
leaf_count=42 8 426 15 27 33
internal_value=0.000625989 1.86825e-05 0.000741699 -0.000763525 0.015238
internal_weight=146.823 143.688 140.97 127.522 13.4482
internal_count=551 543 501 453 48
is_linear=0
shrinkage=0.03


Tree=153
num_leaves=7
num_cat=0
split_feature=37 35 23 19 31 17
split_gain=2.58263 4.76352 4.7104 11.5531 4.9254 0.655229
threshold=-2.6885771751403804 -2.1609816551208492 14.500000000000002 10886.270019531252 -4.0177907943725577 1.588499963283539
decision_type=2 2 2 2 2 2
left_child=5 -2 3 -3 -4 -1
right_child=1 2 4 -5 -6 -7
leaf_value=0.027835259857606844 -0.043148050940881345 0.00034804533042073353 -0.012128709617301269 -0.03219932231355252 0.010438586712921364 0.0087170535955761116
leaf_weight=3.3910195156931868 2.298731416463851 63.583115346729755 10.38159239059314 11.570527354255317 51.02249994687736 4.3102158512920141
leaf_count=6 12 209 72 59 179 14
internal_value=0.000607478 -0.00030918 0.000389975 -0.00462297 0.00657428 0.0175248
internal_weight=146.558 138.856 136.558 75.1536 61.4041 7.70124
internal_count=551 531 519 268 251 20
is_linear=0
shrinkage=0.03


Tree=154
num_leaves=9
num_cat=0
split_feature=33 60 37 3 42 22 33 31
split_gain=2.56311 3.90254 4.00555 6.19589 3.19788 6.31346 3.48618 1.05079
threshold=1.0376913547515871 -2484421.6249999995 2.1370304822921757 439.78950500488287 0.00062599999364465486 -4050.4943847656245 1.1853582262992861 -1.0000000180025095e-35
decision_type=2 2 2 2 2 2 2 2
left_child=1 2 3 -1 5 -2 -7 -6
right_child=4 -3 -4 -5 7 6 -8 -9
leaf_value=-0.00045528865083180054 -0.041085676785288468 -0.036659600010414753 0.023549605405550067 -0.041573234338752936 0.010912444593307827 0.025457504472037044 -0.0035299338762803264 0.031874449563024355
leaf_weight=106.66871606651694 2.6915647704154297 2.7463348852470508 5.9280997850000849 3.4100700691342345 4.5573110692203045 6.4631449785083541 8.4946332434192282 5.3345463424921018
leaf_count=390 19 27 19 19 16 14 39 8
internal_value=0.000590074 -0.00130024 -0.000437287 -0.00175631 0.00884974 0.0010179 0.00879476 0.0225203
internal_weight=146.294 118.753 116.007 110.079 27.5412 17.6493 14.9578 9.89186
internal_count=551 455 428 409 96 72 53 24
is_linear=0
shrinkage=0.03


Tree=155
num_leaves=8
num_cat=0
split_feature=27 27 11 11 31 8 47
split_gain=2.5282 4.72024 5.3709 5.68906 4.09201 3.64622 1.92249
threshold=1752.6289062500002 989.60937500000011 75.055000305175795 69.599998474121108 -2.0970056056976314 1.7105500102043154 -0.32535034418106074
decision_type=2 2 2 2 2 2 2
left_child=1 2 3 -1 -3 -2 -4
right_child=5 4 6 -5 -6 -7 -8
leaf_value=-0.0012309125898902486 0.0079618059579404446 0.030694083087990751 -0.00037410538108452294 0.021828653817617939 -0.0024316688674364565 -0.038563003708865083 -0.046798859620499116
leaf_weight=111.23339319275692 2.5310418009757987 8.6600751057267171 1.2803618870675562 10.531363755464552 5.2205448895692816 3.4738455601036549 2.975641854107379
leaf_count=437 9 14 7 27 18 23 16
internal_value=0.000572556 0.00141063 -0.000394925 0.000738858 0.0180193 -0.0184533 -0.0335375
internal_weight=145.906 139.901 126.021 121.765 13.8806 6.00489 4.256
internal_count=551 519 487 464 32 32 23
is_linear=0
shrinkage=0.03


Tree=156
num_leaves=8
num_cat=0
split_feature=7 13 40 54 27 22 44
split_gain=2.51151 2.94566 7.53384 6.74385 11.0152 4.69804 4.16067
threshold=5.0197138786315927 27333.640625000004 -1.9255897402763364 2.5576174259185795 -386.00149536132807 14629.234863281252 2434563.3750000005
decision_type=2 2 2 2 2 2 2
left_child=1 2 -1 4 -3 -5 -4
right_child=-2 3 6 5 -6 -7 -8
leaf_value=-0.039938907059830699 0.027220713212853961 0 0.0026813135692204033 -0.0024257715906328666 -0.038328063465895935 0.036935871545003253 0.029060143696935086
leaf_weight=3.5905376747250548 3.1110347732901564 17.768984246999025 93.105810655280948 6.907140593044458 10.972170223481955 4.3786467313766479 5.752632498741149
leaf_count=29 8 59 333 28 77 6 11
internal_value=0.000554843 -6.36384e-06 0.0026688 -0.0069284 -0.0146931 0.0125799 0.00424666
internal_weight=145.587 142.476 102.449 40.0269 28.7412 11.2858 98.8584
internal_count=551 543 373 170 136 34 344
is_linear=0
shrinkage=0.03


Tree=157
num_leaves=7
num_cat=0
split_feature=37 53 14 45 7 17
split_gain=2.48657 6.03291 4.05653 4.76129 3.49246 0.649059
threshold=-2.6885771751403804 -1.3436422944068906 4019.450073242188 1.5444445013999941 1.7779180407524111 1.588499963283539
decision_type=2 2 2 2 2 2
left_child=5 4 -3 -4 -2 -1
right_child=1 2 3 -5 -6 -7
leaf_value=0.027583409562325592 0.0032554120522967729 0.022329101079591865 0.0013939969773913469 -0.024061706231997906 -0.036759961369143584 0.0084573902462525153
leaf_weight=3.3378270193934432 2.6830589994788152 7.7335278484970322 113.90636563906446 7.0198161099106064 6.1846042121760547 4.2846562080085278
leaf_count=6 9 16 388 56 62 14
internal_value=0.000539122 -0.000363944 0.00126348 -5.89089e-05 -0.0243143 0.0172261
internal_weight=145.15 137.527 128.66 120.926 8.86766 7.62248
internal_count=551 531 460 444 71 20
is_linear=0
shrinkage=0.03


Tree=158
num_leaves=13
num_cat=0
split_feature=2 45 60 56 54 10 45 58 5 40 4 57
split_gain=2.45744 5.72104 7.35669 6.78902 8.38044 6.91764 5.01656 4.58138 3.7156 5.45858 2.53409 0.707588
threshold=2948.6455078125005 -0.7867644429206847 -2545545.3749999995 65.877651214599624 -1.9571946263313291 0.00048699999751988804 -1.0719685554504392 661905.84375000012 15469.415039062502 -1.0000000180025095e-35 1321217.1250000002 79.789299011230483
decision_type=2 2 2 2 2 2 2 2 2 2 2 2
left_child=1 2 6 4 -3 -5 -1 8 9 -2 -9 -10
right_child=7 3 -4 5 -6 -7 -8 10 11 -11 -12 -13
leaf_value=0.023257683988887803 -0.027363647918403872 -0.022430536319512227 -0.044329061771906257 -0.029528490919108703 0.009554834590651734 0.0062858917823021753 -0.021448476601385033 -0.040660392490180344 0.016121797987504766 0.0098635832872360149 0.0035217673133741811 0.03321192977127934
leaf_weight=4.0134851709008217 4.1686399020254603 8.3823556704446656 6.1386617701500645 11.505313820205631 59.012776959687471 8.1942445961758477 5.1411377498880011 2.6536100301891556 5.3231753259897214 22.923344627022747 1.8809104487299917 5.4461203515529633
leaf_count=7 22 63 39 71 180 38 25 17 14 62 6 7
internal_value=0.000525084 -0.00196738 -0.0189002 0.000971473 0.0055321 -0.0144788 -0.00152111 0.00661527 0.0100824 0.0040247 -0.0216721 0.025043
internal_weight=144.784 102.388 15.2933 87.0947 67.3951 19.6996 9.15462 42.3958 37.8613 27.092 4.53452 10.7693
internal_count=551 423 71 352 243 109 32 128 105 84 23 21
is_linear=0
shrinkage=0.03


Tree=159
num_leaves=9
num_cat=0
split_feature=3 1 8 46 34 29 22 20
split_gain=2.4533 3.77575 5.58871 4.89727 4.40879 2.66216 2.52237 0.733195
threshold=898.25848388671886 5925.6970214843759 2.3220499753952031 -0.8993760049343108 0.35555055737495428 4332.0393066406259 -5033.2199707031241 717.02001953125011
decision_type=2 2 2 2 2 2 2 2
left_child=1 2 4 -4 -1 -2 -3 -8
right_child=5 6 3 -5 -6 -7 7 -9
leaf_value=-0.0046521124687314373 -0.041094566269150111 -0.0039243320553195215 0.022401837180431157 -0.042509484986492513 0.0068587083533519239 0.0059433737735500531 0.032455237966829392 0.014732557160847372
leaf_weight=60.73286242922768 2.5906645469367495 3.9045070484280577 1.2702422197908161 4.8166931197047225 58.900618473999202 1.6898829713463781 5.0661836564540845 5.1467149779200554
leaf_count=261 17 12 5 42 186 7 8 13
internal_value=0.000511066 0.00121621 -0.00041245 -0.0284707 0.000990074 -0.021824 0.0159325 0.0238178
internal_weight=144.118 139.838 125.72 6.08694 119.633 4.28055 14.1174 10.2129
internal_count=551 527 494 47 447 24 33 21
is_linear=0
shrinkage=0.03


Tree=160
num_leaves=12
num_cat=0
split_feature=33 6 6 9 24 24 18 38 11 36 38
split_gain=2.40478 3.62259 6.79008 8.31931 6.77802 7.8373 5.83167 3.09166 3.24964 2.84977 7.84651
threshold=1.0376913547515871 -611893.49999999988 -419092.71874999994 51547.109375000007 2.5000000000000004 9.5000000000000018 2.6474999189376835 1.4291078448295595 65.805000305175795 0.99471718072891246 -0.22546170651912686
decision_type=2 2 2 2 2 2 2 2 2 2 2
left_child=1 4 3 -3 -1 -6 -4 9 -9 10 -2
right_child=7 2 6 -5 5 -7 -8 8 -10 -11 -12
leaf_value=-0.031055369731602795 0.017608587905715241 -0.042051164186809611 0.0080137795151256699 -0.0066700607181963342 0.024078589591686642 -0.0070667764056162102 -0.01596027945393811 -0.039349788369449502 0.013024056184438486 0.033553567639428905 -0.031373727299975687
leaf_weight=3.7260842323303214 14.083212388679391 7.9714653054252258 37.967538225464523 25.170964244753122 18.242684282362465 11.891393898054956 11.983175393193958 2.2706248052418223 1.8954180032014845 4.8729410991072646 3.6916872980073121
leaf_count=15 40 60 121 104 34 48 73 17 6 9 24
internal_value=0.000496791 -0.00133885 -0.00473075 -0.0152705 0.00689629 0.0116886 0.00220234 0.00861514 -0.0148012 0.013055 0.00726662
internal_weight=143.767 116.953 83.0931 33.1424 33.8602 30.1341 49.9507 26.8139 4.16604 22.6478 17.7749
internal_count=551 455 358 164 97 82 194 96 23 73 64
is_linear=0
shrinkage=0.03


Tree=161
num_leaves=8
num_cat=0
split_feature=37 27 18 40 33 56 17
split_gain=2.38589 4.56066 6.98678 6.79933 5.74361 4.61396 0.599681
threshold=-2.6885771751403804 -2154.2031249999995 0.063000001013278975 2.8782922029495244 -1.2827857136726377 28.776487350463871 1.588499963283539
decision_type=2 2 2 2 2 2 2
left_child=6 2 -2 4 -3 -5 -1
right_child=1 3 -4 5 -6 -7 -8
leaf_value=0.027093547192635296 0.013540426302872442 -0.026620282290608938 -0.041490930333009622 0.0027068144355068321 0.0043426158941020409 -0.043420879474424044 0.0084672368513293659
leaf_weight=3.2596725150942794 3.1826425269246084 5.6420269524678579 5.6345071941614151 3.010699871927498 113.14110955875367 4.9959974084049463 4.252801351249218
leaf_count=6 8 31 36 11 414 31 14
internal_value=0.000482071 -0.00040803 -0.0212865 0.00102023 0.00284667 -0.0257011 0.0169486
internal_weight=143.119 135.607 8.81715 126.79 118.783 8.0067 7.51247
internal_count=551 531 44 487 445 42 20
is_linear=0
shrinkage=0.03


Tree=162
num_leaves=11
num_cat=0
split_feature=38 57 3 38 21 53 57 23 53 53
split_gain=2.38881 3.39384 4.31463 2.95998 9.5597 6.85834 6.4496 4.73996 9.19732 6.55843
threshold=-1.8660293221473692 93.603389739990249 -2047.9095458984373 0.44092850387096411 1.0000000180025095e-35 2.3841558694839482 81.025863647460952 3.5000000000000004 0.40505592525005346 1.141899645328522
decision_type=2 2 2 2 2 2 2 2 2 2
left_child=1 2 -1 7 5 -5 -6 9 -9 -2
right_child=3 -3 -4 4 6 -7 -8 8 -10 -11
leaf_value=0.02420926252007306 0.020359749206110618 0.028966477373115591 -0.036115894155846887 -0.033246359273592582 0.010177367209066283 0.018551800592862582 -0.023018401638358808 -0.011387570711933297 0.013388965598346672 -0.021876011597991248
leaf_weight=1.2671373039484022 25.107207177206877 1.2407251438125966 5.4123502946458748 12.760300675872712 29.613821653649211 2.7269859444349995 6.3729987107217303 30.036895524710417 24.46075820364058 3.7451587691903105
leaf_count=3 55 5 56 70 101 10 36 124 74 17
internal_value=0.000468668 -0.0155117 -0.0242227 0.00142968 -0.00419528 -0.0239321 0.00421528 0.00493946 -0.000211808 0.0147734
internal_weight=142.744 7.92021 6.67949 134.824 51.4741 15.4873 35.9868 83.35 54.4977 28.8524
internal_count=551 64 59 487 217 80 137 270 198 72
is_linear=0
shrinkage=0.03


Tree=163
num_leaves=8
num_cat=0
split_feature=7 4 1 36 26 8 1
split_gain=2.39966 2.80955 5.38837 6.39844 5.3526 6.91391 5.75926
threshold=5.0197138786315927 1.0000000180025095e-35 5690.4750976562509 -2.0039478540420528 9.7697057723999041 1.8248285055160525 4654.8735351562509
decision_type=2 2 2 2 2 2 2
left_child=1 4 3 -3 6 -6 -1
right_child=-2 2 -4 -5 5 -7 -8
leaf_value=-0.0065803525128084782 0.027032269228319781 0.016928061363527192 0.011955177493327161 -0.040975940943402255 0.016357541582718231 -0.0072227926688588967 0.021823966555218108
leaf_weight=66.833156890701503 2.9942976348102084 2.2025302052497855 4.9455185495316973 6.8994125518947831 34.858561094850302 16.276722673326731 7.0728193521499625
leaf_count=322 8 8 15 46 80 57 15
internal_value=0.000456424 -9.41312e-05 -0.0128351 -0.0266345 0.00131323 0.00879309 -0.00382146
internal_weight=142.083 139.089 14.0475 9.10194 125.041 51.1353 73.906
internal_count=551 543 69 54 474 137 337
is_linear=0
shrinkage=0.03


Tree=164
num_leaves=12
num_cat=0
split_feature=31 29 5 30 39 8 55 23 26 34 23
split_gain=2.32091 5.24574 7.6894 6.06877 4.89969 4.8605 3.73745 8.47209 4.23831 4.54447 4.12757
threshold=3.9501941204071049 4750.8994140625009 15469.415039062502 4743.8820800781259 1.7857387065887453 1.7852770090103152 -1.6870447397232053 1.5000000000000002 3.7450126409530644 -0.86490628123283375 6.5000000000000009
decision_type=2 2 2 2 2 2 2 2 2 2 2
left_child=1 3 -3 4 -1 -4 7 -2 9 -8 -10
right_child=6 2 5 -5 -6 -7 8 -9 10 -11 -12
leaf_value=-0.0063509825911113316 0.021609454307045851 -0.042993677414619048 -0.028701222956439482 0.035154430075568822 0.0081028860547772731 0.02646461823726665 0.020458999673618455 -0.038884852464102136 0.005168793630335373 -0.027899930802927971 0.033601595327890456
leaf_weight=57.088877505622804 3.8990706503391248 6.394641060382126 2.3776639513671398 4.3821887373924246 33.41830902453512 3.5823332741856575 3.0397018585354099 4.3977138474583626 9.0246118083596247 4.0221755504608172 10.006119668483732
leaf_count=229 8 53 16 8 104 7 12 35 26 37 16
internal_value=0.00044476 -0.00170731 -0.0201031 0.000656213 -0.00098098 0.00395356 0.00724325 -0.010094 0.012871 -0.00665958 0.020276
internal_weight=141.633 107.244 12.3546 94.8894 90.5072 5.96 34.3894 8.29678 26.0926 7.06188 19.0307
internal_count=551 417 76 341 333 23 134 43 91 49 42
is_linear=0
shrinkage=0.03


Tree=165
num_leaves=11
num_cat=0
split_feature=33 37 33 1 58 10 22 33 31 10
split_gain=2.2953 3.59976 6.00248 10.2818 6.37581 2.99444 5.66723 3.01065 0.987597 0.790889
threshold=1.0376913547515871 2.1370304822921757 0.25693231076002127 1700.9635009765627 661905.84375000012 0.00062599999364465486 -4050.4943847656245 1.1853582262992861 -1.0000000180025095e-35 0.00039249999099411076
decision_type=2 2 2 2 2 2 2 2 2 2
left_child=1 2 4 -4 -1 6 -2 -8 -7 -3
right_child=5 9 3 -5 -6 8 7 -9 -10 -11
leaf_value=0.0025448457240021443 -0.040266877189083887 0.0099785072445891885 -0.037183284092844424 0.0035088616286904598 -0.039950017901682004 0.010544062306022553 0.024246633213484168 -0.0034230182127984341 0.031370285734646397 0.034115038690264408
leaf_weight=83.603718953207135 2.5557123273611113 3.1347606042399994 10.992575796321036 11.120640344917772 3.2999121062457553 4.4042381374165416 6.0871421433985242 8.0907098036259395 5.0435592234134656 2.6689149141311646
leaf_count=305 19 14 72 34 23 16 14 39 8 7
internal_value=0.00043391 -0.00137137 -0.00262154 -0.0165837 0.000896706 0.00846572 0.000656615 0.00824512 0.0219794 0.021595
internal_weight=141.002 114.821 109.017 22.1132 86.9036 26.1814 16.7336 14.1779 9.4478 5.80368
internal_count=551 455 434 106 328 96 72 53 24 21
is_linear=0
shrinkage=0.03


Tree=166
num_leaves=8
num_cat=0
split_feature=18 18 21 20 7 22 60
split_gain=2.42108 4.64766 3.78826 6.1668 2.72169 3.80174 2.12386
threshold=17.545499801635746 11.16849994659424 -7.0479998588562003 14640.455078125002 1.7779180407524111 -13544.084960937498 -2574801.1249999995
decision_type=2 2 2 2 2 2 2
left_child=1 2 -1 -4 -2 -6 -7
right_child=4 -3 3 -5 5 6 -8
leaf_value=0.02417094861672537 0.032863378571607739 -0.036214224007612629 0.0016454798787689589 -0.018322758044377246 -0.035344611892990083 -0.01242895559501004 0.022816496911231991
leaf_weight=5.6142748668789855 4.1395274400711051 3.2566627697087815 102.08115676231682 16.09573744609952 1.8143793051131059 2.0200767470523697 5.4718680717051038
leaf_count=13 6 32 352 90 21 15 22
internal_value=0.000423298 -0.000835756 7.07364e-05 -0.00104882 0.012543 0.00318202 0.0129127
internal_weight=140.494 127.048 123.791 118.177 13.4459 9.30632 7.49194
internal_count=551 487 455 442 64 58 37
is_linear=0
shrinkage=0.03


Tree=167
num_leaves=8
num_cat=0
split_feature=18 18 21 46 8 36 34
split_gain=2.30526 4.48086 3.59415 7.64156 2.60958 3.23896 2.42504
threshold=17.545499801635746 11.16849994659424 -7.0479998588562003 1.3395729660987856 1.4675999879837038 0.57728379964828502 -1.362481892108917
decision_type=2 2 2 2 2 2 2
left_child=1 2 -1 -4 -2 6 -6
right_child=4 -3 3 -5 5 -7 -8
leaf_value=0.023647023776940754 0.029509304864777514 -0.035964044025421867 0.00024941806599645266 -0.046067746218585101 0.023471302809018487 0.017385119442608038 -0.035272085734695334
leaf_weight=5.5672265402972689 4.9860178083181372 3.1820662794634691 114.81640779227018 3.2948651164770117 0.77513662911951486 4.9410060178488493 2.5711876852437845
leaf_count=13 10 32 422 20 3 18 33
internal_value=0.000410999 -0.000811453 6.87154e-05 -0.00101726 0.0123206 0.0016172 -0.0207684
internal_weight=140.134 126.861 123.678 118.111 13.2733 8.28733 3.34632
internal_count=551 487 455 442 64 54 36
is_linear=0
shrinkage=0.03


Tree=168
num_leaves=9
num_cat=0
split_feature=38 49 37 57 41 11 53 19
split_gain=2.30925 2.98337 4.00205 2.83498 4.48862 3.5041 7.16383 4.69745
threshold=-1.8660293221473692 1.7337208390235903 -3.0352932214736934 96.216953277587905 -3.528347253799438 69.20999908447267 0.97326022386550914 977.98501586914074
decision_type=2 2 2 2 2 2 2 2
left_child=1 2 -1 5 -5 6 -2 -7
right_child=3 -3 -4 4 -6 7 -8 -9
leaf_value=0.023087094737206933 0.0029145826617835643 0.026989506708137451 -0.03579818155519681 0.035453089161434186 -0.036247994789203097 -0.0074471649879381853 -0.022085101797612475 0.026883996343397033
leaf_weight=1.2347276806831358 100.03600389417261 1.1802751477807758 5.1740605873055747 0.94999223947525013 3.8135662460699669 5.228288657963275 11.498489702120422 10.662389355711637
leaf_count=3 351 5 56 1 37 17 57 24
internal_value=0.000400028 -0.0156621 -0.0239851 0.00134486 -0.0213189 0.00221565 0.000310378 0.0153997
internal_weight=139.778 7.58906 6.40879 132.189 4.76356 127.425 111.534 15.8907
internal_count=551 64 59 487 38 449 408 41
is_linear=0
shrinkage=0.03


Tree=169
num_leaves=7
num_cat=0
split_feature=14 50 18 6 45 46
split_gain=2.23261 4.99672 3.74611 3.10401 5.99197 4.20254
threshold=4019.450073242188 4033.4187011718755 0.39499999582767492 -613592.15624999988 1.1919066309928896 -0.43969799578189844
decision_type=2 2 2 2 2 2
left_child=2 -2 -1 5 -5 -3
right_child=1 3 -4 4 -6 -7
leaf_value=0.032487843748088829 -0.042064980605930773 -0.0065008550373755764 -0.0079224734098400761 0 -0.029526974137471674 0.021004060380737922
leaf_weight=4.8785644806921464 2.558508872985839 7.7566346675157574 3.4097178960219026 100.74432227388024 6.5786695396527639 13.405138697475193
leaf_count=8 18 27 19 388 61 30
internal_value=0.000388929 -0.000544023 0.0155015 0.000259432 -0.00178717 0.0107806
internal_weight=139.332 131.043 8.28828 128.485 107.323 21.1618
internal_count=551 524 27 506 449 57
is_linear=0
shrinkage=0.03


Tree=170
num_leaves=8
num_cat=0
split_feature=27 37 37 39 8 12 47
split_gain=2.23696 4.20511 4.31853 3.6721 3.13521 2.57387 4.03375
threshold=1752.6289062500002 1.86723268032074 1.5738702416419985 3.7769608497619633 1.7105500102043154 14689.490234375002 -0.56360289454460133
decision_type=2 2 2 2 2 2 2
left_child=1 2 3 -1 -2 6 -3
right_child=4 5 -4 -5 -6 -7 -8
leaf_value=-0.0017900670409167398 0.0073307761505165469 0.025612421541036809 -0.039144419218000999 0.013895451667425465 -0.037569400616664209 0.030732364269137454 -0.020907338738054112
leaf_weight=102.28102420642972 2.3071470856666556 3.6083238162100315 2.5573788778856388 15.455093123950062 3.2216847259551287 6.5167168322950602 3.0975345466285926
leaf_count=406 9 11 21 45 23 13 23
internal_value=0.00037661 0.00117206 -0.000568954 0.000243473 -0.0182902 0.017238 0.00367689
internal_weight=139.045 133.516 120.293 117.736 5.52883 13.2226 6.70586
internal_count=551 519 472 451 32 47 34
is_linear=0
shrinkage=0.03


Tree=171
num_leaves=6
num_cat=0
split_feature=7 31 18 18 7
split_gain=2.20823 3.42403 3.08548 3.92077 1.91684
threshold=5.0197138786315927 -27.385004043579098 17.545499801635746 11.16849994659424 1.7779180407524111
decision_type=2 2 2 2 2
left_child=1 -1 3 -3 -4
right_child=-2 2 4 -5 -6
leaf_value=-0.035316528639002975 0.026168307527093055 -0.00010973023171417634 0.032122783967998753 -0.035759442863626568 0.0061422600487298475
leaf_weight=2.4515862958505741 2.9237278411164871 118.23350166063756 3.9759217202663413 2.8480502450838676 8.283063951879738
leaf_count=42 8 426 6 27 42
internal_value=0.00036552 -0.000167945 0.000455795 -0.000973051 0.0148132
internal_weight=138.716 135.792 133.341 121.082 12.259
internal_count=551 543 501 453 48
is_linear=0
shrinkage=0.03


Tree=172
num_leaves=13
num_cat=0
split_feature=33 6 6 9 33 31 14 51 10 22 33 31
split_gain=2.21332 3.3161 6.18891 7.55424 5.26759 5.05314 5.2524 4.57066 2.81311 5.29111 2.91829 0.976267
threshold=1.0376913547515871 -611893.49999999988 -419092.71874999994 51547.109375000007 -1.3247353434562681 -4.0177907943725577 4002.900024414063 4123.1604003906259 0.00062599999364465486 -4050.4943847656245 1.1853582262992861 -1.0000000180025095e-35
decision_type=2 2 2 2 2 2 2 2 2 2 2 2
left_child=1 5 3 -3 -4 6 -1 -7 9 -2 -11 -10
right_child=8 2 4 -5 -6 7 -8 -9 11 10 -12 -13
leaf_value=0.018112682262622862 -0.039637264071326096 -0.041191774689027537 -0.040617373415358246 -0.0066996848030479398 0.0043761441315957276 0.018466133850998698 -0.044559418876219094 -0.0097460264409981838 0.01010920755151642 0.023990448010690245 -0.0036056460756390182 0.031060469488028142
leaf_weight=1.8530487418174733 2.4631519522517964 7.5911993752233711 2.4619106836616984 24.402289723977447 45.590835018549114 21.232555646449331 3.1824553329497576 6.6783499754965296 4.302973298355937 5.9485207218676805 7.8515086518600583 4.9171042293310148
leaf_count=5 19 60 18 104 176 44 21 27 16 14 39 8
internal_value=0.000354407 -0.00142413 -0.0047431 -0.0149775 0.00200854 0.00654855 -0.0209005 0.0116082 0.00835814 0.000661944 0.0080723 0.021608
internal_weight=138.476 112.993 80.0462 31.9935 48.0527 32.9464 5.0355 27.9109 25.4833 16.2632 13.8 9.22008
internal_count=551 455 358 164 194 97 26 71 96 72 53 24
is_linear=0
shrinkage=0.03


Tree=173
num_leaves=8
num_cat=0
split_feature=3 1 4 46 35 0 40
split_gain=2.2013 3.22005 5.25003 5.39247 4.55503 2.75371 2.21995
threshold=898.25848388671886 5925.6970214843759 1.0000000180025095e-35 -0.56431525945663441 -2.1609816551208492 14251.000000000002 -1.0000000180025095e-35
decision_type=2 2 2 2 2 2 2
left_child=1 2 4 -4 -1 -2 -3
right_child=5 6 3 -5 -6 -7 -8
leaf_value=-0.040562059507758992 0.010744031894199601 -0.0029305820381791275 0.0047328496049427243 -0.040543640807581348 0.0022132456915019308 -0.040142670879318373 0.023093187270672246
leaf_weight=2.2831701077520838 1.3934353329241269 4.0359956175088874 3.8746459521353245 5.6777894794940931 108.66674299864098 2.5914364382624626 9.3184501528739911
leaf_count=14 6 14 15 41 424 18 19
internal_value=0.000343472 0.00101901 -0.000505916 -0.0218646 0.00130596 -0.0215957 0.0150036
internal_weight=137.842 133.857 120.502 9.55244 110.95 3.98487 13.3544
internal_count=551 527 494 56 438 24 33
is_linear=0
shrinkage=0.03


Tree=174
num_leaves=9
num_cat=0
split_feature=37 23 17 33 6 37 49 28
split_gain=2.23005 4.16179 10.0608 6.62977 5.21719 4.4497 4.14523 0.562832
threshold=-2.6885771751403804 14.500000000000002 1.588499963283539 -1.2827857136726377 -613592.15624999988 -0.8749004304409026 -0.91893643140792836 767.62500000000011
decision_type=2 2 2 2 2 2 2 2
left_child=7 2 5 -3 -4 -2 -5 -1
right_child=1 3 4 6 -6 -7 -8 -9
leaf_value=0.0074918648444398227 0.010416059621185457 -0.039742812948864267 0.0058151505003610276 -0.037935876442387391 -0.036385663564884138 -0.0066779213015591508 0.0091418138847308809 0.025811311843310231
leaf_weight=3.8124717306345692 23.380005894228816 2.7740272143855682 3.2379061430692664 1.7151586022227991 11.88701710430905 33.075130404904485 54.185175503138453 3.4164754897356033
leaf_count=15 66 22 10 16 66 130 221 5
internal_value=0.000332765 -0.000545061 -0.00542097 0.0053522 -0.0271531 0.000348142 0.00764369 0.0165648
internal_weight=137.483 130.254 71.5801 58.6744 15.1249 56.4551 55.9003 7.22895
internal_count=551 531 272 259 76 196 237 20
is_linear=0
shrinkage=0.03


Tree=175
num_leaves=13
num_cat=0
split_feature=33 33 36 34 11 11 29 28 38 11 36 38
split_gain=2.16437 3.36062 11.9064 10.6489 5.39547 10.516 4.82227 3.90497 2.71199 2.87934 2.54946 6.87939
threshold=1.0376913547515871 -0.86751806735992421 -0.71855562925338734 -1.362481892108917 52.725000381469734 69.599998474121108 4068.454467773438 -256.74999999999994 1.4291078448295595 65.805000305175795 0.99471718072891246 -0.22546170651912686
decision_type=2 2 2 2 2 2 2 2 2 2 2 2
left_child=1 4 3 -3 6 -6 -1 -4 10 -10 11 -2
right_child=8 2 7 -5 5 -7 -8 -9 9 -11 -12 -13
leaf_value=-0.02426102523456114 0.016935627134669753 0.017736596235939109 -0.028742063004292367 -0.042372034309248817 -0.044503948826291592 0.015686203178879695 0.015665682456191595 0.0031224076582590425 -0.03820167821442351 0.01276276958769515 0.032662802352620889 -0.030341229683986986
leaf_weight=2.9641976468265083 13.237422723323112 3.3376991245895615 3.7016182905063024 11.853002837859092 5.0312746819108707 5.3388991598039865 27.759571962524205 51.989816540852189 2.1306416289880867 1.759190075099468 4.5536552481353274 3.473101411014798
leaf_count=16 40 11 20 90 32 14 85 187 17 6 9 24
internal_value=0.000323033 -0.0014405 -0.00541879 -0.0289675 0.00534857 -0.0132268 0.011716 0.000950618 0.00829288 -0.0143816 0.0125818 0.00693012
internal_weight=137.13 111.976 70.8821 15.1907 41.0939 10.3702 30.7238 55.6914 25.154 3.88983 21.2642 16.7105
internal_count=551 455 308 101 147 46 101 207 96 23 73 64
is_linear=0
shrinkage=0.03


Tree=176
num_leaves=9
num_cat=0
split_feature=38 58 34 21 31 45 48 22
split_gain=2.10013 2.81634 2.70262 3.12614 7.36045 4.72355 2.88456 5.67385
threshold=-1.8660293221473692 305308.40625000006 -1.3218845129013059 -0.45449997484683985 11.709875583648683 -0.76946204900741566 -0.4577783197164535 -22396.274414062496
decision_type=2 2 2 2 2 2 2 2
left_child=1 -1 6 4 -4 -5 -2 -8
right_child=2 -3 3 5 -6 -7 7 -9
leaf_value=-0.034339988306179965 0.026520695553354696 0.0023456050489622494 -0.015903763910330018 -0.015465436865880136 0.020894559516958969 0.0054533369456697461 0.020925380688686164 -0.040981330137088171
leaf_weight=3.5840900870971373 7.3984001688659191 3.6728989630937576 24.417153108399365 11.124581111595033 6.0587068339809766 74.407314706593752 3.6047456506639719 2.1072429902851564
leaf_count=47 15 17 118 44 19 269 10 12
internal_value=0.000313931 -0.0153593 0.00121807 -0.00021558 -0.00848969 0.00269749 0.0141326 -0.00138777
internal_weight=136.375 7.25699 129.118 116.008 30.4759 85.5319 13.1104 5.71199
internal_count=551 64 487 450 137 313 37 22
is_linear=0
shrinkage=0.03


Tree=177
num_leaves=14
num_cat=0
split_feature=33 33 36 34 7 11 48 34 39 24 60 10 33
split_gain=2.09186 3.1437 11.4323 10.115 6.55416 7.90622 6.08003 3.68306 2.65084 7.46282 2.90103 2.66575 1.08906
threshold=1.0376913547515871 -0.86751806735992421 -0.71855562925338734 -1.362481892108917 2.3263175487518315 50.399999618530281 -0.58415096998214711 0.067441940307617201 0.18408180028200152 2.5000000000000004 -2543291.2499999995 0.00067749997833743702 1.2578793764114382
decision_type=2 2 2 2 2 2 2 2 2 2 2 2 2
left_child=1 4 3 -3 7 -6 -4 -1 9 -2 11 -10 -12
right_child=8 2 6 -5 5 -7 -8 -9 10 -11 12 -13 -14
leaf_value=0.025355230888974747 0.036661572211662212 0.017280114160277537 -0.014132414020445426 -0.041902273334005105 0.0024668645190061666 -0.043968917464029575 0.0074811438892783541 -0.0039806285491687087 -0.015293965517006529 -0.040048719080354941 0.030659012671068003 0.018834390377578485 0.010720481584994992
leaf_weight=14.586226179264488 1.7822232842445398 3.2693689493462434 16.75515094678849 11.585006150417028 17.076388531364504 4.0631191786378613 38.798287767451257 5.0074836406856766 4.7111803088337219 3.0842198627069592 6.887459442019459 3.656844936311245 4.7394508440047503
leaf_count=37 2 11 73 90 63 24 134 23 24 29 13 9 19
internal_value=0.000305244 -0.00143151 -0.0052903 -0.0286746 0.00516479 -0.00631641 0.000908402 0.0177049 0.00818996 -0.0113389 0.013093 -2.12934e-05 0.0227895
internal_weight=136.002 111.141 70.4078 14.8544 40.7332 21.1395 55.5534 19.5937 24.8614 4.86644 19.9949 8.36803 11.6269
internal_count=551 455 308 101 147 87 207 60 96 31 65 33 32
is_linear=0
shrinkage=0.03


Tree=178
num_leaves=8
num_cat=0
split_feature=7 41 8 1 33 39 47
split_gain=2.07223 2.57844 7.5022 12.855 6.10091 5.60174 4.66228
threshold=5.0197138786315927 1.0777620077133181 1.8248285055160525 4222.0236816406259 -0.89058244228363026 4.6655950546264657 0.55834734439849865
decision_type=2 2 2 2 2 2 2
left_child=1 2 4 -4 -1 6 -3
right_child=-2 5 3 -5 -6 -7 -8
leaf_value=0.018792282240669367 0.025716095095234461 0.0019391002073422536 -0.028549121670085761 0.013715896990951097 -0.0037251330123614246 -0.039217224031863944 0.023532043408025598
leaf_weight=15.950437264051287 2.8283528639003626 38.62132120039314 20.903608933556828 9.2753333151340467 33.32687050383538 2.4517786419019094 11.888336982578037
leaf_count=44 8 156 136 24 128 17 38
internal_value=0.000297736 -0.000222527 -0.00366192 -0.0154598 0.00350259 0.00488083 0.00708077
internal_weight=135.246 132.418 79.4563 30.1789 49.2773 52.9614 50.5097
internal_count=551 543 332 160 172 211 194
is_linear=0
shrinkage=0.03


Tree=179
num_leaves=7
num_cat=0
split_feature=14 50 18 53 27 39
split_gain=2.0699 4.41011 3.53697 3.03574 9.66465 3.85981
threshold=4019.450073242188 4033.4187011718755 0.39499999582767492 -0.55355894565582264 -63.640624999999993 -0.77592715620994557
decision_type=2 2 2 2 2 2
left_child=2 -2 -1 4 -3 -5
right_child=1 3 -4 5 -6 -7
leaf_value=0.031955066413764138 -0.040689610629903165 0.00057163879806440196 -0.0081091733527479306 0.020940400083002804 -0.03883651461743521 0.00085001073753698906
leaf_weight=4.6951111443340769 2.4251753524877122 26.990620973519981 3.2651753788813949 9.6909029223024827 7.021272918675094 80.663938191253692
leaf_count=8 18 113 19 30 62 301
internal_value=0.000290303 -0.000618618 0.0151445 0.000138652 -0.00747541 0.00303798
internal_weight=134.752 126.792 7.96029 124.367 34.0119 90.3548
internal_count=551 524 27 506 175 331
is_linear=0
shrinkage=0.03


Tree=180
num_leaves=8
num_cat=0
split_feature=37 53 45 33 9 23 43
split_gain=2.00223 4.53349 4.3906 3.859 6.33171 4.27521 2.08014
threshold=-3.0352932214736934 -1.3436422944068906 0.7608262598514558 -1.2827857136726377 2778.265014648438 14.500000000000002 6876385.0000000009
decision_type=2 2 2 2 2 2 2
left_child=-1 2 6 4 -3 -5 -2
right_child=1 3 -4 5 -6 -7 -8
leaf_value=0.020261270041162668 -0.037055912083620968 0.022922469424070387 0.020323473874307788 -0.002735947014245657 -0.04023318018100825 0.0089197459557994966 0.0052572417352477223
leaf_weight=4.3729248046874991 6.5292467493563873 1.9905908405780781 1.8344969097524879 62.469484373927116 4.6830767160281539 51.441928774118423 1.1016297563910482
leaf_count=10 61 4 13 223 31 205 4
internal_value=0.000281786 -0.000366953 -0.0203766 0.00117884 -0.0209459 0.00250138 -0.0305542
internal_weight=134.423 130.05 9.46537 120.585 6.67367 113.911 7.63088
internal_count=551 541 78 463 35 428 65
is_linear=0
shrinkage=0.03


Tree=181
num_leaves=9
num_cat=0
split_feature=45 23 47 39 21 48 45 38
split_gain=2.0357 5.43126 4.2561 4.20107 3.94432 7.07763 3.7034 1.30794
threshold=1.3877261281013491 57.000000000000007 1.0363487601280215 4.1899199485778817 3.8999999761581425 1.5393183231353762 -0.33529107272624964 2.0605913400650029
decision_type=2 2 2 2 2 2 2 2
left_child=2 3 4 -2 6 -6 -1 -3
right_child=1 7 -4 -5 5 -7 -8 -9
leaf_value=-0.00050147397091290791 -0.038755663156350713 0 0.022856944058190363 0.020877928165470169 -0.017687516186228033 0.028172364292585472 0.013761068940479215 0.036832161422178239
leaf_weight=70.732831436675042 5.729394128546117 1.6139165954664352 7.7704568263143292 1.2350504882633684 20.580570244230334 3.5085470508784047 21.18681320361793 1.7065411806106565
leaf_count=277 50 19 18 4 110 8 63 2
internal_value=0.000273938 -0.0125223 0.00136143 -0.0277497 -5.25183e-05 -0.0108835 0.0027533 0.0185125
internal_weight=134.064 10.2849 123.779 6.96444 116.009 24.0891 91.9196 3.32046
internal_count=551 75 476 54 458 118 340 21
is_linear=0
shrinkage=0.03


Tree=182
num_leaves=13
num_cat=0
split_feature=2 45 60 60 49 53 45 58 37 55 60 34
split_gain=2.0537 4.64515 6.07562 5.38172 7.50129 5.26113 4.14067 3.59576 3.40045 4.70786 3.21428 2.26687
threshold=2948.6455078125005 -0.7867644429206847 -2545545.3749999995 -2578372.6249999995 1.7337208390235903 0.97326022386550914 -1.0719685554504392 661905.84375000012 0.16635881364345553 2.2844890356063847 -2549531.3749999995 -0.43003591895103449
decision_type=2 2 2 2 2 2 2 2 2 2 2 2
left_child=1 2 6 4 -3 -5 -1 8 10 -10 -2 -9
right_child=7 3 -4 5 -6 -7 -8 11 9 -11 -12 -13
leaf_value=0.021684752152946789 0.024484126618295843 -0.039582659936542905 -0.042055975876000858 0.0069684746096981519 0.026038272820134545 -0.014559004019736846 -0.020203632938466439 0.0034943737933874255 -0.031131735402484376 0.011044561185372394 0.0022456729216029096 -0.040092258741841608
leaf_weight=3.7455354183912277 14.379811733961104 6.0287160938605648 5.6549726529046884 60.301935055293143 2.0615241937339306 12.239421322476117 4.872271860484032 1.7969568371772764 3.9121030047535879 5.9699449390172958 10.396679190918805 2.3000619569793335
leaf_count=7 31 59 39 209 6 78 25 7 22 15 37 16
internal_value=0.000266772 -0.00208607 -0.0178691 0.000670514 -0.0224906 0.00329493 -0.00164968 0.00610581 0.00930707 -0.0053486 0.0152735 -0.0202429
internal_weight=133.66 94.9044 14.2728 80.6316 8.09024 72.5414 8.61781 38.7556 34.6585 9.88205 24.7765 4.09702
internal_count=551 423 71 352 65 287 32 128 105 37 68 23
is_linear=0
shrinkage=0.03


Tree=183
num_leaves=13
num_cat=0
split_feature=33 6 24 24 21 3 34 39 24 60 10 60
split_gain=2.07386 2.80267 5.93898 7.05538 5.71992 5.77918 4.89694 2.53568 6.95982 2.74582 2.43338 1.06538
threshold=1.0376913547515871 -611893.49999999988 2.5000000000000004 9.5000000000000018 10.728499412536623 155.37550354003909 -1.4852203130722044 0.18408180028200152 2.5000000000000004 -2543291.2499999995 0.00067749997833743702 -2522903.2499999995
decision_type=2 2 2 2 2 2 2 2 2 2 2 2
left_child=1 2 -1 -4 5 -3 -6 8 -2 10 -9 -11
right_child=7 4 3 -5 6 -7 -8 9 -10 11 -12 -13
leaf_value=-0.030463876981432002 0.036078235194596894 0.001393951074828974 0.022812681948507354 -0.0077864909528402287 0.024457831029464257 -0.024988805104588795 -0.039347547727485825 -0.014652445558545347 -0.039523843020996478 0.029605656538773641 0.018338007349074051 0.0090745272108505009
leaf_weight=3.5310547575354603 1.7069140076637292 60.808736936189234 17.069613533094529 11.064385511446742 1.2340530101209877 8.499076900072394 6.6002232870087019 4.5952676888555324 2.9683392178267241 7.3273217529058456 3.5787204056978226 4.0167935220524633
leaf_count=15 2 243 34 48 4 45 66 24 29 15 9 17
internal_value=0.000259256 -0.00148388 0.00599024 0.0106722 -0.00459072 -0.00179803 -0.028914 0.00822282 -0.0112802 0.0130482 0 0.0226003
internal_weight=133.001 108.807 31.6651 28.134 77.1421 69.3078 7.83428 24.1934 4.67525 19.5181 8.17399 11.3441
internal_count=551 455 97 82 358 288 70 96 31 65 33 32
is_linear=0
shrinkage=0.03


Tree=184
num_leaves=13
num_cat=0
split_feature=33 26 38 50 27 8 38 21 10 22 33 31
split_gain=1.97353 2.72431 7.7175 6.52784 5.47632 4.63645 5.27916 5.13007 2.41556 4.66245 2.50651 0.884294
threshold=1.0376913547515871 8.6371545791625994 -0.43765215575695032 4529.3808593750009 -1791.2343749999998 2.052363514900208 -1.0000000180025095e-35 -0.19399999082088468 0.00062599999364465486 -4050.4943847656245 1.1853582262992861 -1.0000000180025095e-35
decision_type=2 2 2 2 2 2 2 2 2 2 2 2
left_child=1 2 4 -4 -1 7 -7 -3 9 -2 -11 -10
right_child=8 5 3 -5 -6 6 -8 -9 11 10 -12 -13
leaf_value=0.014776789542477164 -0.038506493435855993 -0.0102638161193118 0.0091556349478259212 -0.022648996122942064 -0.031394128848712836 0.0051045009332470262 -0.045680000230593487 0.01136561462750987 0.0095313899163313783 0.023209751193333069 -0.0032002210981497189 0.030119830927432541
leaf_weight=2.6894087120890644 2.2968494612723598 13.01783876121044 24.869654192123562 7.560679084621369 13.600137987639753 3.6170059442520142 3.5670742951333514 39.521978184580803 4.1244499776512384 5.5267811547964811 7.4104714803397655 4.5708915293216688
leaf_count=8 19 51 85 63 104 13 19 112 16 14 39 8
internal_value=0.000252563 -0.00144471 -0.0067276 0.00164832 -0.0235871 0.00281458 -0.0196937 0.00594937 0.00806967 0.000664066 0.0078502 0.0206992
internal_weight=132.373 108.444 48.7199 32.4303 16.2895 59.7239 7.18408 52.5398 23.9294 15.2341 12.9373 8.69534
internal_count=551 455 260 148 112 195 32 163 96 72 53 24
is_linear=0
shrinkage=0.03


Tree=185
num_leaves=8
num_cat=0
split_feature=18 18 21 46 7 22 8
split_gain=1.96815 3.76512 3.34444 6.73929 2.15054 3.29297 1.71652
threshold=17.545499801635746 11.16849994659424 -7.0479998588562003 1.3395729660987856 1.7779180407524111 -13544.084960937498 2.2184150218963627
decision_type=2 2 2 2 2 2 2
left_child=1 2 -1 -4 -2 -6 -7
right_child=4 -3 3 -5 5 6 -8
leaf_value=0.023330790701241957 0.031167214030003478 -0.034876265693174514 5.3432940413457521e-05 -0.044649034413570599 -0.034528027600355074 0.00041383635136053816 0.032095753956873856
leaf_weight=5.2494605742394915 3.6364780515432349 2.8658447368070474 108.29650829546154 3.1190036889165631 1.6454379362985481 4.3755568731576195 2.5539766736328602
leaf_count=13 6 32 422 20 21 28 9
internal_value=0.000245615 -0.000903113 -4.28564e-05 -0.00117106 0.0117355 0.00314507 0.0125236
internal_weight=131.742 119.531 116.665 111.416 12.2114 8.57497 6.92953
internal_count=551 487 455 442 64 58 37
is_linear=0
shrinkage=0.03


Tree=186
num_leaves=9
num_cat=0
split_feature=27 27 11 11 8 11 0 47
split_gain=1.9456 3.60997 4.42537 4.99721 2.76757 2.664 2.3261 1.35001
threshold=1752.6289062500002 989.60937500000011 75.055000305175795 69.599998474121108 1.7105500102043154 52.725000381469734 18546.500000000004 -0.32535034418106074
decision_type=2 2 2 2 2 2 2 2
left_child=1 2 3 -1 -2 6 -3 -4
right_child=4 5 7 -5 -6 -7 -8 -9
leaf_value=-0.0015015620568668603 0.0071998952438312074 -0.01618305790419941 -0.00069184186083040306 0.021204170134633767 -0.036788220703597801 0.030368125308623411 0.021144100894337936 -0.043541379580194606
leaf_weight=100.82789971353486 2.1028816625475875 3.0306909158825857 1.0617070440202954 9.5436807684600335 2.9672337658703327 6.1885855123400688 2.9466858208179474 2.7548576062545171
leaf_count=437 9 13 7 27 23 12 7 16
internal_value=0.000239361 0.000993055 -0.000636829 0.000434591 -0.017952 0.0165375 0.00171633 -0.0324074
internal_weight=131.424 126.354 114.188 110.372 5.07012 12.166 5.97738 3.81656
internal_count=551 519 487 464 32 32 20 23
is_linear=0
shrinkage=0.03


Tree=187
num_leaves=6
num_cat=0
split_feature=7 31 18 18 56
split_gain=1.90263 3.00164 2.62148 3.31739 1.78721
threshold=5.0197138786315927 -27.385004043579098 17.545499801635746 11.16849994659424 36.376554489135749
decision_type=2 2 2 2 2
left_child=1 -1 3 -3 -4
right_child=-2 2 4 -5 -6
leaf_value=-0.034662650499420584 0.025047162680643168 -0.00022026809362150714 -0.0047211908407064759 -0.03468959335324838 0.021374327161855475
leaf_weight=2.2458057813346377 2.7255360139533868 112.19298412650824 3.0617748759686938 2.5757839321158817 8.3018772955983859
leaf_count=42 8 426 18 27 30
internal_value=0.000231479 -0.000272002 0.000316543 -0.00102001 0.0140793
internal_weight=131.104 128.378 126.132 114.769 11.3637
internal_count=551 543 501 453 48
is_linear=0
shrinkage=0.03


Tree=188
num_leaves=11
num_cat=0
split_feature=38 58 38 21 53 57 23 53 55 15
split_gain=1.90575 2.64606 2.46763 8.19321 5.56557 5.06428 4.20023 7.42888 4.7691 0.227706
threshold=-1.8660293221473692 322282.28125000006 0.44092850387096411 1.0000000180025095e-35 2.3841558694839482 81.025863647460952 3.5000000000000004 0.40505592525005346 1.963443458080292 5038.7500000000009
decision_type=2 2 2 2 2 2 2 2 2 2
left_child=1 9 6 4 -4 -5 8 -8 -2 -1
right_child=2 -3 3 5 -6 -7 7 -9 -10 -11
leaf_value=-0.034847179932418905 0.021340563673865501 0.005962958117088816 -0.032141661592610782 0.0092366365106707968 0.016973628599497453 -0.021566331720162486 -0.010942718804517627 0.012336198407461757 -0.0079995459150999804 -0.0093251871005207692
leaf_weight=3.2876357003115109 20.103860037401322 2.8853370696306229 11.66988799581304 27.507141542620957 2.4397442918270817 5.784477819222956 27.953940289560705 22.062882556580007 6.4571986189112058 0.72857022844254959
leaf_count=43 44 13 70 101 10 36 124 74 28 8
internal_value=0.00022268 -0.0150914 0.00109936 -0.00424788 -0.0234363 0.00379445 0.00444845 -0.000614194 0.0140948 -0.0309643
internal_weight=130.881 6.90154 123.979 47.4013 14.1096 33.2916 76.5779 50.0168 26.5611 4.01621
internal_count=551 64 487 217 80 137 270 198 72 51
is_linear=0
shrinkage=0.03


Tree=189
num_leaves=9
num_cat=0
split_feature=37 53 49 27 47 41 48 11
split_gain=1.89363 4.65437 3.70106 4.3344 3.00481 1.15835 0.49547 0.126684
threshold=-2.6885771751403804 -1.3436422944068906 -1.055548310279846 -2154.2031249999995 0.32752624154090887 -1.0352963805198667 -0.60727682709693898 1.0000000180025095e-35
decision_type=2 2 2 2 2 2 2 2
left_child=6 4 5 -4 -2 -3 -1 -6
right_child=1 2 3 -5 7 -7 -8 -9
leaf_value=0.024754468400836855 -0.035752840108725661 -0.0023161647293194446 -0.022231848066438489 0.00334436934340707 0.011507886884994848 -0.040425365999162834 0.0069613131805842231 -0.00074216703166648731
leaf_weight=3.1512553542852402 5.3382777208462349 1.2547280043363573 6.3006576625630251 105.66970815043896 1.0644816225394609 2.4842652329243711 3.6908251680433741 1.3779183644801376
leaf_count=7 51 6 33 399 8 22 13 12
internal_value=0.000215289 -0.000612531 0.000872788 0.00187838 -0.0230868 -0.0284391 0.0155948 0.00336853
internal_weight=130.332 123.49 115.709 111.97 7.78068 3.73899 6.84208 2.4424
internal_count=551 531 460 432 71 28 20 20
is_linear=0
shrinkage=0.03


Tree=190
num_leaves=7
num_cat=0
split_feature=15 50 18 60 45 53
split_gain=1.90983 3.91376 3.31646 2.5807 6.22237 5.74524
threshold=4019.549926757813 4033.4187011718755 0.39499999582767492 -2549785.3749999995 1.3877261281013491 -0.55355894565582264
decision_type=2 2 2 2 2 2
left_child=2 -2 -1 4 -3 -5
right_child=1 3 -4 5 -6 -7
leaf_value=0.031343668167671708 -0.0395437453622789 0.008621404964591281 -0.0082126541654283635 -0.018263190512929857 -0.036706120754386402 0.0012391744867682813
leaf_weight=4.5211263485252848 2.2885062941350034 42.720646628178656 3.1319534061476588 17.791322658304125 2.8923994973301879 56.685796475037932
leaf_count=8 18 155 19 104 26 221
internal_value=0.000207268 -0.000678514 0.0147636 3.7143e-05 0.00568134 -0.00337933
internal_weight=130.032 122.379 7.65308 120.09 45.613 74.4771
internal_count=551 524 27 506 181 325
is_linear=0
shrinkage=0.03


Tree=191
num_leaves=11
num_cat=0
split_feature=2 27 45 60 33 58 37 55 27 34
split_gain=1.85794 4.30165 4.56241 5.56981 5.14164 3.33048 3.30625 4.22866 3.82493 2.30679
threshold=2948.6455078125005 -2154.2031249999995 -0.7867644429206847 -2545545.3749999995 -1.2827857136726377 661905.84375000012 0.16635881364345553 2.2844890356063847 -311.17187499999994 -0.6152091622352599
decision_type=2 2 2 2 2 2 2 2 2 2
left_child=1 -1 3 -3 -4 6 8 -8 -2 -7
right_child=5 2 4 -5 -6 9 7 -9 -10 -11
leaf_value=-0.039331794940744881 0.0055956674759184847 -0.001255535645821097 -0.037968555042412082 -0.041241772207241484 0.0034705108103437647 0.0061486703109338977 -0.030709895908461692 0.01009569000894151 0.030747180207777176 -0.03907899966585035
leaf_weight=2.7095055095851412 15.235356589779256 8.2270315475761873 2.7904141284525386 5.233356879092752 73.267541520297527 1.6101110503077509 3.7586975842714292 5.6939806044101715 8.8118108883500117 2.3494270518422118
leaf_count=20 52 30 23 38 312 6 22 15 16 17
internal_value=0.00019993 -0.0020645 -0.000902993 -0.0170249 0.00191075 0.00585521 0.00899245 -0.00581259 0.0149369 -0.0199299
internal_weight=129.687 92.2278 89.5183 13.4604 76.058 37.4594 33.4998 9.45268 24.0472 3.95954
internal_count=551 423 403 68 335 128 105 37 68 23
is_linear=0
shrinkage=0.03


Tree=192
num_leaves=8
num_cat=0
split_feature=37 53 47 49 6 41 23
split_gain=1.85389 3.89879 4.33287 3.58308 3.62993 1.11416 0.990049
threshold=-3.0352932214736934 -1.3436422944068906 0.32752624154090887 -1.055548310279846 -611893.49999999988 -1.0352963805198667 6.5000000000000009
decision_type=2 2 2 2 2 2 2
left_child=-1 2 -2 5 -5 -3 -4
right_child=1 3 6 4 -6 -7 -8
leaf_value=0.019806442155001866 -0.036082687542602153 -0.0024472993636756864 0.025301870509126117 0.010644121612538559 -0.0013490438148656574 -0.040103462812557729 -0.0067749383959181397
leaf_weight=4.2028403207659712 5.5109155005775374 1.2493969500064852 1.481519512832165 31.396847508847713 81.046042828354985 2.4233278911560765 1.863061439245939
leaf_count=10 53 6 4 83 352 22 21
internal_value=0.000192558 -0.000443061 -0.0196472 0.000995695 0.00197307 -0.0281103 0.00653687
internal_weight=129.174 124.971 8.8555 116.116 112.443 3.67272 3.34458
internal_count=551 541 78 463 435 28 25
is_linear=0
shrinkage=0.03


Tree=193
num_leaves=12
num_cat=0
split_feature=33 37 33 60 23 39 24 60 50 60 3
split_gain=1.83981 3.13185 4.97317 6.87814 4.7814 2.40333 6.47535 2.54982 2.28606 0.951993 0.485143
threshold=1.0376913547515871 2.1370304822921757 -0.32277160882949824 -2549785.3749999995 1.5000000000000002 0.18408180028200152 2.5000000000000004 -2543291.2499999995 5076.1738281250009 -2536033.8749999995 90.377498626708999
decision_type=2 2 2 2 2 2 2 2 2 2 2
left_child=1 2 4 -4 -1 6 -2 8 -7 -9 -3
right_child=5 10 3 -5 -6 7 -8 9 -10 -11 -12
leaf_value=0.014679657458748333 0.035429263045694388 0.010190419508374925 0.0032056176384824215 -0.024044001374785733 -0.0030244661206175398 -0.011707402526771871 -0.039098703984317848 0.033215911593029938 0.022683963405628973 0.013795547397906931 0.030834786303974085
leaf_weight=19.197902254760265 1.6233405470848108 2.6487754355184725 14.563443467952309 18.968857186380774 47.721740452572703 5.2508191280067011 2.8668471476994455 4.4916582014411688 2.599800743162632 6.2992916284128988 2.617048803716898
leaf_count=52 2 15 52 118 212 25 29 8 8 24 6
internal_value=0.000184653 -0.00146833 -0.00267707 -0.0121197 0.00200966 0.00786887 -0.0114864 0.0126919 0 0.0221572 0.0210201
internal_weight=128.85 105.718 100.452 33.5323 66.9196 23.1318 4.49019 18.6416 7.85062 10.7909 5.26582
internal_count=551 455 434 170 264 96 31 65 33 32 21
is_linear=0
shrinkage=0.03


Tree=194
num_leaves=5
num_cat=0
split_feature=7 31 36 33
split_gain=1.83016 2.79086 2.71814 2.35882
threshold=5.0197138786315927 -27.385004043579098 -2.158523321151733 1.0376913547515871
decision_type=2 2 2 2
left_child=1 -1 -3 -4
right_child=-2 2 3 -5
leaf_value=-0.034265704763187965 0.024953874769763514 -0.036186090660450698 -0.0011068867254020731 0.0097621407038016896
leaf_weight=2.1430239416658869 2.6323072118684641 1.8118782602250565 99.909489672165364 21.848713517189026
leaf_count=42 8 17 404 80
internal_value=0.00018225 -0.000312579 0.000251978 0.00081885
internal_weight=128.345 125.713 123.57 121.758
internal_count=551 543 501 484
is_linear=0
shrinkage=0.03


Tree=195
num_leaves=11
num_cat=0
split_feature=4 46 43 26 46 9 7 24 46 57
split_gain=1.8361 4.41783 4.18705 3.81416 6.22937 11.292 4.21647 5.48573 3.08039 0.703588
threshold=1.0000000180025095e-35 -0.56431525945663441 4066853.5000000005 9.7697057723999041 -0.38542535901069636 36678.960937500007 4.1595137119293222 1.5000000000000002 -0.048131130635738366 20.000410079956058
decision_type=2 2 2 2 2 2 2 2 2 2
left_child=3 -2 -3 6 5 -5 7 -1 -6 -8
right_child=1 2 -4 4 8 -7 9 -9 -10 -11
leaf_value=-0.039306649522901208 0.010562318505447315 -0.039497733163977776 0.0060187785622504274 0.021077217135476368 0.026409249333882862 -0.026577235230896015 0.032257996021023215 -0.0029744312004597278 0.0063282342645260203 0.0091570982850822727
leaf_weight=4.0233844993636003 5.2787203192710868 5.4401866272091848 2.5742810321971774 7.9239759892225292 14.745103895664217 10.203300219029186 2.9221679028123608 58.49189149774611 13.784892985597251 2.7833422236144543
leaf_count=28 19 41 11 18 26 48 7 295 45 13
internal_value=0.000175392 -0.0103531 -0.0245033 0.00141982 0.00804764 -0.00558055 -0.00306908 -0.0053607 0.0168118 0.0215144
internal_weight=128.171 13.2932 8.01447 114.878 46.6573 18.1273 68.2208 62.5153 28.53 5.70551
internal_count=551 71 52 480 137 66 343 323 71 20
is_linear=0
shrinkage=0.03


Tree=196
num_leaves=8
num_cat=0
split_feature=37 53 23 17 35 7 17
split_gain=1.82406 4.03286 3.50623 8.21278 3.55317 2.92302 0.490334
threshold=-2.6885771751403804 -1.3436422944068906 14.500000000000002 1.588499963283539 -1.1126340627670286 1.7779180407524111 1.588499963283539
decision_type=2 2 2 2 2 2 2
left_child=6 5 3 -3 -4 -2 -1
right_child=1 2 4 -5 -6 -7 -8
leaf_value=0.025386625343094934 0.0042260080393464426 0.0015103779930697647 -0.007644442736059358 -0.025232351391333507 0.010965825755635254 -0.035159317432542435 0.0073255162985939159
leaf_weight=2.8393081128597251 2.3685300871729842 49.452531206421554 11.883509884588419 13.011884955223648 39.194420818705112 5.0226973635144532 3.8428698219358921
leaf_count=6 9 172 62 65 161 62 14
internal_value=0.00017219 -0.000647109 0.000725086 -0.00401234 0.00657733 -0.0221323 0.0154488
internal_weight=127.616 120.934 113.542 62.4644 51.0779 7.39123 6.68218
internal_count=551 531 460 237 223 71 20
is_linear=0
shrinkage=0.03


Tree=197
num_leaves=11
num_cat=0
split_feature=38 58 38 23 56 1 60 34 13 14
split_gain=1.84326 2.44691 2.21603 5.24052 5.67741 4.1251 5.31728 2.65111 2.13392 0.191099
threshold=-1.8660293221473692 322282.28125000006 0.44092850387096411 50.500000000000007 29.300192832946781 1700.9635009765627 -2574801.1249999995 -0.7814427614212035 23554.569335937504 5038.6501464843759
decision_type=2 2 2 2 2 2 2 2 2 2
left_child=1 9 5 4 -4 6 -2 -7 -5 -1
right_child=2 -3 3 8 -6 7 -8 -9 -10 -11
leaf_value=-0.034701595106079321 -0.040578022757108333 0.0052707922874110653 -0.039228253515959891 0.032457628078376211 -0.0039995589241694418 0.023557343315257127 0.0010374799911503057 0.0054580778448661002 -0.0026444072699138422 -0.010074817649491157
leaf_weight=3.1193584159482266 2.9631097824312738 2.7895409464836121 4.7197754057124248 4.4461847590282551 34.863478410057724 12.118250615894796 39.624091844074428 19.752545086666942 2.1688853851519525 0.7201317436993121
leaf_count=43 31 13 35 13 151 26 152 61 18 8
internal_value=0.000167718 -0.0152057 0.00103722 -0.00409127 -0.0082759 0.00425954 -0.00178758 0.0124341 0.0204952 -0.030864
internal_weight=127.285 6.62903 120.656 46.1983 39.5833 74.458 42.5872 31.8708 6.61507 3.83949
internal_count=551 64 487 217 186 270 183 87 31 51
is_linear=0
shrinkage=0.03


Tree=198
num_leaves=10
num_cat=0
split_feature=41 41 38 14 39 60 47 13 45
split_gain=1.82474 6.79717 5.12542 5.19936 4.9362 4.49979 4.10352 5.86191 2.46725
threshold=1.0777620077133181 0.70220798254013073 1.2459428906440737 4771.5000000000009 4.6655950546264657 -2578372.6249999995 0.55834734439849865 22293.080078125004 0.83954909443855297
decision_type=2 2 2 2 2 2 2 2 2
left_child=1 2 5 -4 6 -1 7 -2 -8
right_child=4 -3 3 -5 -6 -7 8 -9 -10
leaf_value=-0.021348346086081771 0.0098598037631062799 -0.037985213960642465 -0.031235915493997894 0.010668130175915223 -0.038382564442994871 0.0059322463975271227 0.03508698068205636 -0.016228222334185888 0.0058628099992263146
leaf_weight=6.0192625108174971 25.252499314490706 4.6232926519587627 8.4887279053218645 3.7531101666390887 2.2689511515200129 54.042750747408718 6.3435226809233409 11.151760627049951 4.8799560554325581
leaf_count=38 87 45 53 15 17 188 14 70 24
internal_value=0.000161412 -0.00271215 -0.000415205 -0.0181439 0.00465178 0.00314831 0.0067649 0.00178582 0.0226476
internal_weight=126.824 76.9271 72.3039 12.2418 49.8967 60.062 47.6277 36.4043 11.2235
internal_count=551 339 294 68 212 226 195 157 38
is_linear=0
shrinkage=0.03


Tree=199
num_leaves=7
num_cat=0
split_feature=14 50 18 34 28 5
split_gain=1.78548 3.65152 3.03071 2.36514 6.79365 4.13535
threshold=4019.450073242188 4033.4187011718755 0.39499999582767492 -0.82120308279991139 -75.249999999999986 15469.415039062502
decision_type=2 2 2 2 2 2
left_child=2 -2 -1 5 -5 -3
right_child=1 3 -4 4 -6 -7
leaf_value=0.030714800176144325 -0.03888598944927138 0.00097583547241241375 -0.0078757304471383984 -0.023366882026814712 0.00083396298168404996 0.026949009357664453
leaf_weight=4.3381245099008074 2.2125194747932246 24.284678800497208 2.9961153953336179 12.143241690704597 73.081337631680071 7.2432690374553195
leaf_count=8 18 114 19 79 296 17
internal_value=0.000156028 -0.000705601 0.0145411 0 -0.0025791 0.0070381
internal_weight=126.299 118.965 7.33424 116.753 85.2246 31.5279
internal_count=551 524 27 506 375 131
is_linear=0
shrinkage=0.03


end of trees

feature_importances:
atr=106
z_cvd_4=83
z_btc_20=81
btc_CVD=74
Ask_Qty=61
z_cvd_20=60
pull_ema8=52
Delta_USD=48
cvd_delta=48
Long/Short_Ratio_(Account)=45
z_bid_qty=44
z_ask_trades=42
Agg._Funding_Rate=39
z_btc_4=39
Buy_Qty=38
macro_score=37
Whale_Ind=36
CVD=35
z_delta_qty=34
stoch_k=33
z_cvd_10=30
Net_Shorts=27
Candle_Delta=26
Price_Low=26
z_btc_10=26
Delta_Qty=24
Bid_Trades=24
z_ask_qty=24
liq_long_5_mean=24
RSI=23
z_ls=23
Sell_Qty=22
Agg._Liq_Long=22
Agg._OI=22
Bid_Qty=22
vol_regime=22
ema_fast=21
z_bid_trades=19
Ask_USD=18
Ask_Trades=17
z_oi=15
ema_slow=14
Candle=13
Bid_USD=12
pull_ema21=12
btc_cvd_mom=11
ema_8=11
total_qty=10
pull_ema50=10
rsi=10
liq_short_5=9
Agg._Liq_Short=8
liq_long_5=8
ema_50=8
Net_Longs=5
Price_High=5
funding=4
ema_21=4
liq_short_5_mean=4
macro=1

parameters:
[boosting: gbdt]
[objective: binary]
[metric: binary_logloss]
[tree_learner: serial]
[device_type: cpu]
[data_sample_strategy: bagging]
[data: ]
[valid: ]
[num_iterations: 200]
[learning_rate: 0.03]
[num_leaves: 31]
[num_threads: 1]
[seed: 42]
[deterministic: 0]
[force_col_wise: 0]
[force_row_wise: 0]
[histogram_pool_size: -1]
[max_depth: 4]
[min_data_in_leaf: 10]
[min_sum_hessian_in_leaf: 0.001]
[bagging_fraction: 0.8]
[pos_bagging_fraction: 1]
[neg_bagging_fraction: 1]
[bagging_freq: 0]
[bagging_seed: 400]
[bagging_by_query: 0]
[feature_fraction: 0.8]
[feature_fraction_bynode: 1]
[feature_fraction_seed: 30056]
[extra_trees: 0]
[extra_seed: 12879]
[early_stopping_round: 0]
[early_stopping_min_delta: 0]
[first_metric_only: 0]
[max_delta_step: 0]
[lambda_l1: 0.1]
[lambda_l2: 0]
[linear_lambda: 0]
[min_gain_to_split: 0]
[drop_rate: 0.1]
[max_drop: 50]
[skip_drop: 0.5]
[xgboost_dart_mode: 0]
[uniform_drop: 0]
[drop_seed: 17869]
[top_rate: 0.2]
[other_rate: 0.1]
[min_data_per_group: 100]
[max_cat_threshold: 32]
[cat_l2: 10]
[cat_smooth: 10]
[max_cat_to_onehot: 4]
[top_k: 20]
[monotone_constraints: ]
[monotone_constraints_method: basic]
[monotone_penalty: 0]
[feature_contri: ]
[forcedsplits_filename: ]
[refit_decay_rate: 0.9]
[cegb_tradeoff: 1]
[cegb_penalty_split: 0]
[cegb_penalty_feature_lazy: ]
[cegb_penalty_feature_coupled: ]
[path_smooth: 0]
[interaction_constraints: ]
[verbosity: -1]
[saved_feature_importance_type: 0]
[use_quantized_grad: 0]
[num_grad_quant_bins: 4]
[quant_train_renew_leaf: 0]
[stochastic_rounding: 1]
[linear_tree: 0]
[max_bin: 63]
[max_bin_by_feature: ]
[min_data_in_bin: 3]
[bin_construct_sample_cnt: 200000]
[data_random_seed: 175]
[is_enable_sparse: 1]
[enable_bundle: 1]
[use_missing: 1]
[zero_as_missing: 0]
[feature_pre_filter: 1]
[pre_partition: 0]
[two_round: 0]
[header: 0]
[label_column: ]
[weight_column: ]
[group_column: ]
[ignore_column: ]
[categorical_feature: ]
[forcedbins_filename: ]
[precise_float_parser: 0]
[parser_config_file: ]
[objective_seed: 16083]
[num_class: 1]
[is_unbalance: 0]
[scale_pos_weight: 5.48235]
[sigmoid: 1]
[boost_from_average: 1]
[reg_sqrt: 0]
[alpha: 0.9]
[fair_c: 1]
[poisson_max_delta_step: 0.7]
[tweedie_variance_power: 1.5]
[lambdarank_truncation_level: 30]
[lambdarank_norm: 1]
[label_gain: ]
[lambdarank_position_bias_regularization: 0]
[eval_at: ]
[multi_error_top_k: 1]
[auc_mu_weights: ]
[num_machines: 1]
[local_listen_port: 12400]
[time_out: 120]
[machine_list_filename: ]
[machines: ]
[gpu_platform_id: -1]
[gpu_device_id: -1]
[gpu_use_dp: 0]
[num_gpu: 1]

end of parameters

pandas_categorical:[]
