tree
version=v4
num_class=1
num_tree_per_iteration=1
label_index=0
max_feature_idx=60
objective=binary sigmoid:1
feature_names=Candle Buy_Qty Sell_Qty Candle_Delta Agg._Liq_Long Agg._Liq_Short CVD Long/Short_Ratio_(Account) Whale_Ind Agg._OI Agg._Funding_Rate RSI Net_Shorts Net_Longs Price_Low Price_High Mid_Price Bid_Qty Ask_Qty Bid_USD Ask_USD Delta_Qty Delta_USD Bid_Trades Ask_Trades total_qty atr cvd_delta btc_cvd_mom ema_fast ema_slow macro_score macro z_cvd_4 z_btc_4 z_cvd_10 z_btc_10 z_cvd_20 z_btc_20 vol_regime z_oi z_ls funding liq_long_5 liq_short_5 z_bid_qty z_ask_qty z_delta_qty z_bid_trades z_ask_trades ema_8 ema_21 ema_50 pull_ema8 pull_ema21 pull_ema50 rsi stoch_k liq_long_5_mean liq_short_5_mean btc_CVD
feature_infos=[2761:229733] [47263:771613376] [28903:715737216] [-100521264:74828656] [0:18760426] [0:74079360] [-73092079616:-2564107008] [0:5.7306051254272461] [0:2.0887999534606934] [0:1995251840] [-0.008481999859213829:0.01095999963581562] [0:93.120002746582031] [0:797970560] [0:1001600576] [0.0099999997764825821:0.44999998807907104] [0.0099999997764825821:0.44999998807907104] [0.0099999997764825821:0.44999998807907104] [0:14493670] [0:9654534] [0:588172.3125] [0:590530.5] [-8008528:12524060] [-281114.03125:441970.1875] [0:1581] [0:1593] [0:4224878] [4.8571400839136913e-05:0.019285706803202629] [-289755136:476622848] [-16367.84375:7631.125] [0.0100995022803545:0.37023806571960449] [0.010025041177868843:0.36533227562904358] [-23.452188491821289:44.001766204833984] [-1:1] [-1.4999973773956299:1.5] [-1.4993491172790527:1.4977540969848633] [-2.8270442485809326:2.8207838535308838] [-2.8279294967651367:2.8198785781860352] [-4.0559220314025879:4.1535100936889648] [-4.1164565086364746:4.0426177978515625] [-1.965511679649353:9.8999996185302734] [-5.801292896270752:5.9545636177062988] [-5.8167524337768555:6.7014098167419434] [-0.008481999859213829:0.01095999963581562] [0:69505912] [0:166569072] [-1.8965133428573608:2.8137259483337402] [-2.7859294414520264:2.7855136394500732] [-2.7986311912536621:2.7947330474853516] [-1.6591658592224121:2.8087451457977295] [-1.7519530057907104:2.733043909072876] [0.012222222052514553:0.36777779459953308] [0.010909090749919415:0.36909103393554688] [0.010392156429588795:0.36965489387512207] [-26.741893768310547:31.72667121887207] [-31.256757736206055:50.255931854248047] [-33.027194976806641:59.770908355712891] [0:99.999992370605469] [0:100] [0:8675919] [0:14038666] [-2639628.5:416479.96875]
tree_sizes=2443 2576 2577 2356 2586 2485 2355 2580 2574 2565 2583 2668 2464 2379 2336 2331 2370 2356 2577 2539 2475 2464 2468 2582 2473 2574 2781 2355 2466 2467 2264 2474 2455 2533 2344 2341 2239 2259 1922 2448 2472 2229 2439 2371 2356 2418 2154 2143 2490 2108 2491 2243 2370 2458 2360 2043 2368 2155 2160 2250 2154 2690 2145 2170 2369 1733 1941 2592 2467 2060 2160 1941 2057 2472 2368 2465 2350 2052 2448 2478 2067 2153 2773 2149 1737 2149 2537 2473 2065 2758 2778 2864 2556 2455 2250 2588 2446 2634 2438 2546 2443 2465 2767 2374 2361 2687 2631 2891 2531 2379 2474 2446 2447 2780 2547 2429 2755 2679 2591 2645 2554 1804 2795 2265 1936 2356 2154 2465 2151 2155 2257 2672 2256 2358 2043 2344 1830 2039 2246 2339 2654 1910 2025 2236 2071 2383 2248 2145 2375 2350 2580 1844 2148 2153 2046 2037 2035 2477 1936 2262 2055 2157 2055 2271 2481 2159 2272 2497 2056 1814 2674 2537 1722 2158 2367 2123 2345 1707 2371 1726 2432 2668 2266 1932 2156 1818 1954 2255 2033 2364 1832 2378 2016 2266 1847 1944 1948 2482 2133 1933 2057 2248 2252 1833 2164 2045 2370 1930 1521 1945 2446 2151 2265 2457 2229 2373 2267 1932 2047 2150 1627 2044 2004 1825 2661 2477 2254 2050 1918 2563 2135 2253 2363 2359 2247 2456 1933 1813 2471 1727 1627 1838 1737 1936 1941 1625 1501 1512 1501 2383 1498 1501 2361 1606 2572 1308 2696 2473 1520 1719 1610 1609 1518 1611 1798 2762 2572 1924 1635 2137 1697 1603 1612 1418 1420 2686 2864 1587 2471 1925 1414 1524 2766 2048 2877 1623 1604 1628 1616 2987 2018 1950 1626 2697 1416 1834 1605 1422 1594 1417

Tree=0
num_leaves=22
num_cat=0
split_feature=11 26 11 17 17 2 47 58 49 28 45 41 45 21 21 60 47 33 21 22 54
split_gain=171.485 77.4473 15.6546 11.5688 8.27409 7.7005 9.39056 7.69424 7.08614 6.95157 4.20908 3.70576 4.11782 5.15973 7.70199 4.53299 4.27546 4.1822 3.26466 1.68707 1.11842
threshold=1.0000000180025095e-35 0.0014492869377136233 19.425000190734867 37840.000000000007 27710.000000000004 4955965.0000000009 -1.3590980172157285 2009462.8750000002 0.93586558103561412 -63.562499999999993 -0.6988026201725005 2.117325067520142 -0.28933960199356074 8776.5000000000018 -48367.999999999993 -2549532.1249999995 0.31432543694972997 -0.31395918130874628 -1069628.4999999998 -67145.371093749985 -2.6336226463317867
decision_type=2 2 2 2 2 2 2 2 2 2 2 2 2 2 2 2 2 2 2 2 2
left_child=11 2 3 -2 10 8 18 -8 9 -3 -4 12 16 14 -14 -15 20 -18 -7 -6 -1
right_child=1 5 4 -5 19 6 7 -9 -10 -11 -12 -13 13 15 -16 -17 17 -19 -20 -21 -22
leaf_value=-0.10536098218546741 -0.1104251313608714 -0.095347983693048144 -0.080919369832253174 -0.084519666186396392 -0.085925303188364832 -0.093719270822896356 -0.10150014478871165 -0.08840153908831247 -0.10415228528119506 -0.082679673969545495 -0.089344270849069804 -0.096440361734371607 -0.10592904798297316 -0.11427580534422627 -0.088032571660392883 -0.10466569129547636 -0.093782907186705136 -0.10933465568233823 -0.078356051756761455 -0.076903473313128537 -0.11336735519231213
leaf_weight=2.544217646121985 3.0181405246257773 7.5578230917453828 13.768707633018495 4.0158730447292328 2.6689342558383933 3.1428571343421936 36.741496175527573 5.03854876756668 3.3174602687358847 9.6780046224594098 11.374149680137633 3.1179138123989096 6.6099772155284882 7.9818592071533194 3.7165533006191236 14.791382998228075 2.619047611951828 4.5396824479103079 2.7188208997249594 42.802721738815308 22.249432563781738
leaf_count=10 12 29 51 15 10 12 143 19 13 36 43 12 26 32 14 58 10 18 10 157 89
internal_value=-0.0943603 -0.0882361 -0.0814063 -0.095493 -0.0799889 -0.095998 -0.0982178 -0.0998966 -0.0909012 -0.0882927 -0.0846909 -0.107448 -0.10796 -0.105398 -0.0993912 -0.108078 -0.110583 -0.103505 -0.0864228 -0.077411 -0.112586
internal_weight=214.014 145.844 77.6485 7.03401 70.6145 68.195 47.6417 41.78 20.5533 17.2358 25.1429 68.1701 65.0522 33.0998 10.3265 22.7732 31.9524 7.15873 5.86168 45.4717 24.7937
internal_count=819 550 288 27 261 262 184 162 78 65 94 269 257 130 40 90 127 28 22 167 99
is_linear=0
shrinkage=1


Tree=1
num_leaves=23
num_cat=0
split_feature=11 26 11 1 23 10 23 46 38 49 7 3 31 57 23 47 23 31 33 60 36 41
split_gain=168.128 75.8412 15.3241 8.18777 7.54245 7.45979 6.40286 6.1029 8.34847 5.9562 5.08452 4.57201 11.0211 6.9625 4.92115 4.58165 3.70154 5.09324 3.59336 2.52552 4.09304 0.10944
threshold=1.0000000180025095e-35 0.0014492869377136233 19.425000190734867 1456966.0000000002 31.500000000000004 -0.00039863500569481397 2.5000000000000004 -0.72517991065978993 -1.4898712038993833 -0.14923421293497083 1.6190595626831057 -58575.999999999993 3.6390073299407963 17.324300765991214 191.00000000000003 0.18732974678277972 275.00000000000006 -0.28747051954269404 -1.4635440707206724 -2542914.3749999995 0.51001477241516124 -1.0598106384277342
decision_type=2 2 2 2 2 2 2 2 2 2 2 2 2 2 2 2 2 2 2 2 2 2
left_child=11 2 4 5 -2 -3 10 8 -5 -9 -4 12 13 -1 -15 -14 19 -18 -8 21 -21 -13
right_child=1 3 6 7 -6 -7 18 9 -10 -11 -12 16 15 14 -16 -17 17 -19 -20 20 -22 -23
leaf_value=-0.0013437709887454922 -0.01418755580939245 0.020581430892939633 0.0063518346506065372 0.0027999193835021858 0.0074068295047177478 -0.0017642031172136004 0.0081246983537663613 0.0037638283029479613 -0.013075423103341524 -0.0033054469469942878 0.02057747870515933 -0.014218029589774155 -0.0072630925945044228 -0.018875844971321547 -0.0061815543608004161 0.0075761496956810405 0.0016731622966953846 -0.015593156102176381 0.017602685631562594 -0.017333007183329016 -0.0057923578873766354 -0.01889220216769907
leaf_weight=4.4131088256836 2.5173183977603903 3.2940574288368225 12.452445477247236 4.987651214003562 4.5162991583347321 2.594316601753234 4.791914388537406 22.099014967679974 9.3522801995277387 25.864308789372448 3.2941119372844687 2.5177141726017025 3.8389299660921079 12.71108663082123 4.3632308095693579 4.5127727687358856 3.1415559649467468 3.5153478831052771 50.122944429516792 7.2542284429073352 5.9082993865013123 15.951227977871893
leaf_count=17 10 12 47 19 17 10 18 84 37 100 12 10 15 51 17 17 12 14 184 29 23 64
internal_value=0.000940284 0.00700154 0.013757 -0.00068068 -0.000179586 0.0105665 0.0151584 -0.00175972 -0.007484 -2.74419e-05 0.00939128 -0.0120245 -0.00899917 -0.0127905 -0.0156905 0.000635432 -0.0143561 -0.00729454 0.0167938 -0.0158106 -0.0122287 -0.0183092
internal_weight=214.014 145.887 77.695 68.1916 7.03362 5.88837 70.6614 62.3033 14.3399 47.9633 15.7466 68.1275 29.8391 21.4874 17.0743 8.3517 38.2884 6.6569 54.9149 31.6315 13.1625 18.4689
internal_count=819 550 288 262 27 22 261 240 56 184 59 269 117 85 68 32 152 26 202 126 52 74
is_linear=0
shrinkage=0.01


Tree=2
num_leaves=23
num_cat=0
split_feature=11 26 11 19 1 17 10 34 35 3 31 57 54 23 59 23 19 14 60 36 34 40
split_gain=164.854 74.2826 15.0036 11.2184 8.02011 7.95896 7.30544 6.57161 6.81933 4.48823 10.8164 6.83438 5.56206 4.83277 4.30121 3.63569 6.92201 3.51894 2.47977 4.01784 1.67877 0.10856
threshold=1.0000000180025095e-35 0.0014492869377136233 19.425000190734867 6401.9001464843759 1456966.0000000002 27710.000000000004 -0.00039863500569481397 -1.3686760663986204 -0.873399257659912 -58575.999999999993 3.6390073299407963 17.324300765991214 -0.66828793287277211 191.00000000000003 627812.96875000012 275.00000000000006 68753.167968750015 0.33002500236034399 -2542914.3749999995 0.51001477241516124 -1.4587702155113218 1.709003806114197
decision_type=2 2 2 2 2 2 2 2 2 2 2 2 2 2 2 2 2 2 2 2 2 2
left_child=9 2 3 -2 6 14 -3 -6 -9 10 11 -1 -12 -13 -4 18 -17 -14 21 -20 -7 -11
right_child=1 4 5 -5 7 20 -8 8 -10 15 12 13 17 -15 -16 16 -18 -19 19 -21 -22 -23
leaf_value=-0.0013304265538082163 -0.014898727477915673 0.020359926071482549 0.0081896837795320601 0.010617003658659249 0.0097968996115621685 0.0090498037422615061 -0.001746706860011771 -0.0061808197926938382 0.00066592802948186192 -0.018727034144399898 -0.010754102436427524 -0.018708320297327812 -0.0016459012521466557 -0.0061217653909674931 0.018648950268442287 0.0017407494561718288 -0.01854641283014067 0.013998957656879838 -0.017176922261312056 -0.0057362511752653512 0.018031043061066069 -0.014071035739913368
leaf_weight=4.4128007143735948 3.0141897052526465 3.2965826988220215 19.973193898797039 4.0187315791845322 4.5389065891504279 2.6723353117704383 2.5941013395786277 28.255826041102409 29.502504512667656 15.933486178517343 2.7920114547014236 12.696730434894564 2.5927292406558973 4.3617935925722113 5.1928084194660178 3.6646792292594901 2.9894175082445145 2.9671283364295959 7.2469809949398059 5.9064375758171082 42.86100746691227 2.5153879821300498
leaf_count=17 12 12 75 15 17 10 10 110 113 64 11 51 10 17 19 14 12 11 29 23 157 10
internal_value=0.000930718 0.00693011 0.0136132 -0.000176414 -0.000673776 0.0149991 0.010455 -0.00174214 -0.00266624 -0.0119136 -0.00891466 -0.0126731 0.000627854 -0.0155486 0.0103876 -0.0142252 -0.00722317 0.00652343 -0.0156679 -0.0121156 0.0175259 -0.0181464
internal_weight=214 145.92 77.7323 7.03292 68.1879 70.6993 5.89068 62.2972 57.7583 68.0796 29.8232 21.4713 8.35187 17.0585 25.166 38.2564 6.6541 5.55986 31.6023 13.1534 45.5333 18.4489
internal_count=819 550 288 27 262 261 22 240 223 269 117 85 32 68 94 152 26 21 126 52 167 74
is_linear=0
shrinkage=0.01


Tree=3
num_leaves=21
num_cat=0
split_feature=58 26 17 41 41 12 46 49 23 27 6 7 33 3 57 24 31 23 28 35
split_gain=154.231 70.8916 15.2548 14.4342 9.11358 6.48032 7.46938 7.79836 7.26997 6.17121 5.29927 8.44282 4.54606 4.46118 4.69117 6.35489 5.92002 2.6024 1.22753 0.583663
threshold=12638.773925781252 0.0014492869377136233 37840.000000000007 2.2319080829620366 -1.6363881230354307 189631520.00000003 0.93415144085884105 -0.14923421293497083 52.500000000000007 -25634815.999999996 -57629171711.999992 1.4867205023765566 -1.4635440707206724 86680.000000000015 11.872728347778322 26.500000000000004 3.6390073299407963 275.00000000000006 -444.15624999999994 -1.3252382278442381
decision_type=2 2 2 2 2 2 2 2 2 2 2 2 2 2 2 2 2 2 2 2
left_child=3 2 4 13 -2 6 7 -3 -8 -6 11 -7 -4 14 15 -1 -16 18 -15 -14
right_child=1 5 12 -5 9 10 8 -9 -10 -11 -12 -13 19 17 16 -17 -18 -19 -20 -21
leaf_value=0.0094674872542218381 -0.010170217442848307 -0.001295607908144207 0.0071433749902870816 0.010330791424935039 -4.1716909246607935e-05 -0.0059388117460740042 0.015814244338950244 -0.010811032947957691 -0.0009852125121627424 0.011941071820750791 0.017313176449731477 0.011340451323165267 0.019832991493245834 -0.0096325069478118107 -0.014076920381915475 -0.0096734361690942669 -0.0045955724240133375 -0.00780326872525282 -0.018023822719930405 0.016808076004412947
leaf_weight=2.6677441745996466 2.5452397316694286 30.399073213338848 4.5205914825201026 2.9441816210746756 5.2147555202245774 5.9119057208299619 4.0660070776939374 12.191885873675348 6.7575801312923431 20.700237303972241 2.993135228753089 5.3655003309249878 17.565906047821045 2.537475034594542 26.153409972786903 4.8354879915714264 9.2692577540874463 4.0836506634950629 18.18295930325985 25.063089951872826
leaf_count=10 10 117 17 11 20 23 15 48 26 77 11 20 64 10 104 19 36 16 73 92
internal_value=0.000921317 0.00688809 0.0135435 -0.0111624 0.00769775 -0.000531739 -0.00214453 -0.00404293 0.00523331 0.00949124 0.00543484 0.00219355 0.0170508 -0.0121115 -0.0100936 -0.00273468 -0.0116241 -0.0155633 -0.0170445 0.018078
internal_weight=213.969 143.295 75.6098 70.6742 28.4602 67.6851 53.4145 42.591 10.8236 25.915 14.2705 11.2774 47.1496 67.73 42.9259 7.50323 35.4227 24.8041 20.7204 42.629
internal_count=819 540 280 279 107 260 206 165 41 97 54 43 173 268 169 29 140 99 83 156
is_linear=0
shrinkage=0.01


Tree=4
num_leaves=23
num_cat=0
split_feature=11 26 11 19 1 42 19 34 46 42 3 31 57 54 23 33 23 19 56 60 36 41
split_gain=158.631 71.3389 14.5884 10.9155 7.80231 7.1591 6.52614 6.44398 6.81821 5.41762 4.3496 10.5151 6.61567 5.44043 4.75066 4.13892 3.53341 6.80399 3.50914 2.43045 3.92144 0.111079
threshold=1.0000000180025095e-35 0.0014492869377136233 19.425000190734867 6401.9001464843759 1456966.0000000002 -0.00039863500569481397 1680.5999755859377 -1.3686760663986204 -0.72517991065978993 -0.00011942499986616893 -58575.999999999993 3.6390073299407963 17.324300765991214 -0.66828793287277211 191.00000000000003 -1.4635440707206724 275.00000000000006 68753.167968750015 66.666675567626967 -2542914.3749999995 0.51001477241516124 -1.0598106384277342
decision_type=2 2 2 2 2 2 2 2 2 2 2 2 2 2 2 2 2 2 2 2 2 2
left_child=10 2 3 -2 5 -3 9 -6 -9 -4 11 12 -1 -13 -14 -8 19 -18 -15 21 -21 -12
right_child=1 4 6 -5 7 -7 15 8 -10 -11 16 13 14 18 -16 -17 17 -19 -20 20 -22 -23
leaf_value=-0.0012946503039831696 -0.014790379544482346 0.020115234535337079 0.014598968077331914 0.010377900802063753 0.009708903408195144 -0.0017635787872799316 0.007073081319115937 -0.0089311682927624841 -0.00072992731583428733 0.0037797281037174964 -0.013795948810878643 -0.010601873363199935 -0.018428916862178072 0.013953882493918504 -0.0059405654260818478 0.0174842013863819 0.0018132490585300424 -0.018312579309264467 -0.0016689125127685867 -0.01689199351614671 -0.0055788469348751583 -0.018441254237107949
leaf_weight=4.4118040651083055 3.0119074732065192 3.2985183596611023 10.293000444769861 4.0217117965221405 4.5406240224838248 2.5942102819681159 4.5214798003435126 13.259701803326605 44.486363649368286 8.9665617644786817 2.5100762993097332 2.7893701791763306 12.666905477643015 2.9677293151617032 4.3568584918975821 46.965631797909737 3.6631910800933829 2.9841937571763992 2.5928934663534164 7.2304901480674761 5.9004381597042084 15.89503154158592
leaf_count=17 12 12 38 15 17 10 17 52 171 34 10 11 51 11 17 172 14 12 10 29 23 64
internal_value=0.000912055 0.00679262 0.0133387 -0.000257382 -0.00066056 0.0103136 0.0147045 -0.00171484 -0.00263042 0.00961384 -0.0117014 -0.00874651 -0.0124574 0.000660059 -0.0152915 0.0165893 -0.0139803 -0.00707135 0.00648921 -0.0154049 -0.0118845 -0.0178621
internal_weight=213.929 145.96 77.7803 7.03362 68.1794 5.89273 70.7467 62.2867 57.7461 19.2596 67.969 29.7856 21.4356 8.34999 17.0238 51.4871 38.1834 6.64738 5.56062 31.536 13.1309 18.4051
internal_count=819 550 288 27 262 22 261 240 223 72 269 117 85 32 68 189 152 26 21 126 52 74
is_linear=0
shrinkage=0.01


Tree=5
num_leaves=22
num_cat=0
split_feature=11 26 11 17 1 17 10 34 46 59 23 14 1 30 39 10 60 17 34 34 33
split_gain=155.582 69.9082 14.2907 10.713 7.6443 7.46624 7.01544 6.3149 6.68676 4.19392 3.98213 4.37176 6.08642 5.00359 3.88328 8.74073 3.71161 2.84082 5.96974 1.62871 0.902828
threshold=1.0000000180025095e-35 0.0014492869377136233 19.425000190734867 37840.000000000007 1456966.0000000002 27710.000000000004 -0.00039863500569481397 -1.3686760663986204 -0.72517991065978993 627812.96875000012 171.50000000000003 0.3298999965190888 295749.50000000006 0.32848031818866735 0.93061417341232311 -1.0000000180025095e-35 -2548128.2499999995 198034.00000000003 -0.083650454878807054 -1.4587702155113218 -1.0652745962142942
decision_type=2 2 2 2 2 2 2 2 2 2 2 2 2 2 2 2 2 2 2 2 2
left_child=10 2 3 -2 6 9 -3 -6 -9 -4 11 13 -13 20 17 -16 -14 18 -12 -7 -1
right_child=1 4 5 -5 7 19 -8 8 -10 -11 14 12 16 -15 15 -17 -18 -19 -20 -21 -22
leaf_value=-0.011038992992269119 -0.014663256101575135 0.019907866334309642 0.0079172974216516027 0.010276278673876784 0.0096078322891965228 0.0086568770333967024 -0.0017460884448124922 -0.0088463825864657734 -0.00072265482302521491 0.018239246327147164 -0.015701192890373104 0.0057324213650928628 -0.018238392478407417 -0.0031640140580878567 -0.014414063153216191 0.0094079721971334768 -0.0027865723099485002 -0.016420436177371302 0.00095273460829832458 0.017499606467588392 -0.016598295083494714
leaf_weight=4.5442398041486696 3.0089241564273825 3.2995425164699554 19.988132476806644 4.0226740688085556 4.5424961596727362 2.67446744441986 2.5939949899911872 13.252951279282568 44.48473659157753 5.1982215493917456 4.0047184526920319 2.6391136944293958 3.9725311398506165 3.6060457527637473 2.7620329558849335 3.4625270366668692 2.8340669721364975 5.4932608753442755 4.4270574748516101 42.898424372076988 30.157445281744007
leaf_count=18 12 12 75 15 17 10 10 52 171 19 16 10 16 14 11 13 11 22 17 157 121
internal_value=0.000902876 0.00672459 0.0132039 -0.000253499 -0.000654017 0.0145553 0.0102074 -0.00169788 -0.00260467 0.0100874 -0.0115968 -0.0132002 -0.00690487 -0.0147264 -0.00774703 -0.00100196 -0.0119516 -0.0106903 -0.00683854 0.0170026 -0.0158991
internal_weight=213.868 145.965 77.7908 7.0316 68.1737 70.7592 5.89354 62.2802 57.7377 25.1864 67.903 47.7534 9.44571 38.3077 20.1496 6.22456 6.8066 13.925 8.43178 45.5729 34.7017
internal_count=819 550 288 27 262 261 22 240 223 94 269 190 37 153 79 24 27 55 33 167 139
is_linear=0
shrinkage=0.01


Tree=6
num_leaves=21
num_cat=0
split_feature=58 26 17 41 41 2 46 58 28 9 23 23 0 33 3 50 27 23 2 28
split_gain=145.688 66.7432 14.4053 13.7876 8.82659 7.54393 8.11458 7.70656 7.24114 6.20135 5.83393 5.56694 4.4873 4.33995 4.3013 4.80659 3.27715 2.49889 1.61824 1.21649
threshold=12638.773925781252 0.0014492869377136233 37840.000000000007 2.2319080829620366 -1.6363881230354307 4955965.0000000009 0.93415144085884105 2411457.3750000005 -63.562499999999993 317959072.00000006 56.500000000000007 52.500000000000007 172762.00000000003 -1.4635440707206724 86680.000000000015 0.33110287785530096 -1189887.9999999998 275.00000000000006 7271354.5000000009 -444.15624999999994
decision_type=2 2 2 2 2 2 2 2 2 2 2 2 2 2 2 2 2 2 2 2
left_child=3 2 4 14 -2 8 7 -7 11 -6 -8 -3 -10 -4 15 16 -1 19 -15 -16
right_child=1 5 13 -5 9 6 10 -9 12 -11 -12 -13 -14 18 17 -17 -18 -19 -20 -21
leaf_value=-0.0060955831061779361 -0.01012754211163874 0.0072780296109906037 0.0068674231168997426 0.010128443441292058 0.0045099245315633465 -0.0063362437860276354 0.015285861252385513 0.0074818270911174677 4.1627422361517613e-05 0.014452927312019264 -0.0010336906354513284 -0.0085906207687249277 0.014109602977577787 0.014683391005182936 -0.009275328693609022 0.0018280282737606519 -0.012633687671760879 -0.0075806524391563513 0.019152357806098357 -0.017629518866553725
leaf_weight=11.504376471042631 2.5439398735761669 3.7157623022794741 4.5233787745237342 2.9446506649255744 13.73020486533642 34.114938259124756 3.7939949482679349 4.5143836587667456 3.3917243182659131 12.196157380938528 4.9375877529382706 5.3604133576154709 7.8396947085857391 15.473758012056349 2.5295496284961763 3.1374962478876105 28.181608691811562 4.0761685371398917 27.173788830637932 18.111893028020859
leaf_count=45 10 14 17 11 52 133 14 17 13 45 19 21 29 57 10 12 112 16 99 73
internal_value=0.000893977 0.0066876 0.0131429 -0.0108713 0.00746141 -0.000513442 -0.00271309 -0.00469552 0.00456727 0.00922584 0.00594286 -0.00198386 0.00995032 0.0165507 -0.0118016 -0.0098177 -0.0107636 -0.0151983 0.0175543 -0.0166542
internal_weight=213.795 143.31 75.6412 70.4857 28.4703 67.6685 47.3609 38.6293 20.3076 25.9264 8.73158 9.07618 11.2314 47.1709 67.5411 42.8235 39.686 24.7176 42.6475 20.6414
internal_count=819 540 280 279 107 260 183 150 77 97 33 35 42 173 268 169 157 99 156 83
is_linear=0
shrinkage=0.01


Tree=7
num_leaves=23
num_cat=0
split_feature=11 26 11 19 1 10 34 35 19 45 3 50 57 56 33 23 19 45 60 36 47 41
split_gain=149.767 67.2033 13.917 10.448 7.38783 6.82338 6.21256 6.61171 6.15175 5.25474 4.2073 10.0085 6.43599 7.68686 3.94323 3.39451 6.63558 2.79812 2.3819 3.83002 1.69003 0.1179
threshold=1.0000000180025095e-35 0.0014492869377136233 19.425000190734867 6401.9001464843759 1456966.0000000002 -0.00039863500569481397 -1.3686760663986204 -0.873399257659912 1680.5999755859377 -0.6988026201725005 -58575.999999999993 0.32923972606658941 17.324300765991214 24.349082946777347 -1.4635440707206724 275.00000000000006 68753.167968750015 -0.37153895199298853 -2542914.3749999995 0.51001477241516124 0.18732974678277972 -1.0598106384277342
decision_type=2 2 2 2 2 2 2 2 2 2 2 2 2 2 2 2 2 2 2 2 2 2
left_child=10 2 3 -2 5 -3 -6 -8 9 -4 11 12 13 -1 -10 18 -17 -14 21 -20 -13 -12
right_child=1 4 8 -5 6 -7 7 -9 14 -11 15 20 17 -15 -16 16 -18 -19 19 -21 -22 -23
leaf_value=-0.014292617001499627 -0.014574291322295015 0.019602823448436574 0.013843541176121094 0.010057174330029074 0.0095443561978565024 -0.0017491503051406852 -0.0060308723528203455 0.00071319505479567637 0.0068178295492918361 0.0030912243428397063 -0.013407826980350243 -0.0015298840928577126 -0.018062761599912113 0.0084436568388032655 0.016984928558561981 0.001910037267937424 -0.017986561072567915 -0.0099041976849012624 -0.016511082434147294 -0.0053158545147456125 0.0095415550534564391 -0.018057996936730762
leaf_weight=2.7599143981933656 3.0064416974782935 3.2997404634952545 11.097163304686548 4.0237088650465012 4.5434454381465903 2.5938603132963172 28.229869335889816 29.491949155926704 4.5236341953277579 8.1717377305030805 2.5003685802221325 2.5901173353195182 9.402534052729612 3.1875105351209641 46.966236084699631 3.660758599638938 2.9747597426176071 9.1088992208242363 7.2014200389385241 5.888609454035759 2.6655480563640594 15.826784729957579
leaf_count=11 12 12 41 15 17 10 110 113 17 31 10 10 38 12 172 14 12 36 29 23 10 64
internal_value=0.000885437 0.00659406 0.0129465 -0.00033422 -0.000641234 0.0100358 -0.00166791 -0.00256779 0.0142801 0.00933549 -0.0113943 -0.00848452 -0.0111855 -0.00193902 0.0161111 -0.0136401 -0.00685907 -0.0141022 -0.0150405 -0.0115513 0.00389501 -0.0174781
internal_weight=213.715 145.948 77.7889 7.03015 68.1589 5.8936 62.2653 57.7218 70.7588 19.2689 67.7672 29.7145 24.4589 5.94742 51.4899 38.0527 6.63552 18.5114 31.4172 13.09 5.25567 18.3272
internal_count=819 550 288 27 262 22 240 223 261 72 269 117 97 23 189 152 26 74 126 52 20 74
is_linear=0
shrinkage=0.01


Tree=8
num_leaves=23
num_cat=0
split_feature=11 26 11 24 1 10 34 46 23 7 3 31 57 54 23 21 23 54 39 60 36 41
split_gain=146.915 65.8814 13.6394 8.61033 7.23944 6.69113 6.08811 6.50397 5.60165 4.85693 4.13718 10.1074 6.37605 5.28472 4.60756 3.41532 3.33946 5.02214 3.20623 2.34455 3.76601 0.114144
threshold=1.0000000180025095e-35 0.0014492869377136233 19.425000190734867 24.500000000000004 1456966.0000000002 -0.00039863500569481397 -1.3686760663986204 -0.72517991065978993 2.5000000000000004 1.6190595626831057 -58575.999999999993 3.6390073299407963 17.324300765991214 -0.66828793287277211 191.00000000000003 -1.0000000180025095e-35 275.00000000000006 1.0000000180025095e-35 -0.10634183138608931 -2542914.3749999995 0.51001477241516124 -1.0598106384277342
decision_type=2 2 2 2 2 2 2 2 2 2 2 2 2 2 2 2 2 2 2 2 2 2
left_child=10 2 3 -2 5 -3 -6 -8 9 -4 11 12 -1 -13 -14 -15 19 -18 -10 21 -21 -12
right_child=1 4 8 -5 6 -7 7 -9 18 -11 16 13 14 15 -16 -17 17 -19 -20 20 -22 -23
leaf_value=-0.001092887905552018 -0.014242154823029056 0.01941049458733491 0.0057723283310709564 0.0084181266966204538 0.0094457781477594316 -0.001731804248748672 -0.0087015593119282048 -0.00068622368826669593 0.01059909988934596 0.019657764863705858 -0.013291975042315501 -0.010294166409284574 -0.017950439195990143 -0.0014882222482190547 -0.0056313313407117564 0.013918640584279869 -0.018047792292042945 0 0.016919043879726113 -0.016374311815596447 -0.0052649153735269032 -0.017912555422870957
leaf_weight=4.4056227505207124 2.7568264305591574 3.2991141974925995 12.471011027693747 4.2701607793569565 4.5449452847242346 2.5936435312032691 13.239790201187132 44.473166555166245 11.020679637789724 3.2998940646648398 2.4969570189714458 2.7827761024236679 12.596990764141085 2.5891692787408829 4.3462969511747351 2.9677403122186643 2.4814646840095511 4.149344265460968 43.956742838025093 7.1890177875757235 5.8861397057771683 15.795891404151915
leaf_count=17 11 12 47 16 17 10 52 171 41 12 10 11 51 10 17 11 10 16 161 29 23 64
internal_value=0.000876875 0.00652937 0.0128197 -0.000329643 -0.00063461 0.0099352 -0.00165111 -0.00254233 0.0141398 0.00874112 -0.0112945 -0.00840742 -0.0120574 0.000816253 -0.0148494 0.00656006 -0.0135238 -0.00679387 0.0156703 -0.0149145 -0.0114496 -0.0173365
internal_weight=213.613 145.926 77.7753 7.02699 68.1507 5.89276 62.2579 57.713 70.7483 15.7709 67.6874 29.6886 21.3489 8.33969 16.9433 5.55691 37.9988 6.63081 54.9774 31.368 13.0752 18.2928
internal_count=819 550 288 27 262 22 240 223 261 59 269 117 85 32 68 21 152 26 202 126 52 74
is_linear=0
shrinkage=0.01


Tree=9
num_leaves=23
num_cat=0
split_feature=11 26 11 17 1 17 10 34 35 59 3 31 57 54 23 56 23 54 60 36 49 40
split_gain=144.134 64.5948 13.3705 10.0945 7.09503 6.94782 6.56315 5.96671 6.48018 4.11044 4.06745 9.92585 6.26746 5.18031 4.53504 3.3831 3.28592 4.93282 2.30883 3.70415 1.58958 0.124896
threshold=1.0000000180025095e-35 0.0014492869377136233 19.425000190734867 37840.000000000007 1456966.0000000002 27710.000000000004 -0.00039863500569481397 -1.3686760663986204 -0.873399257659912 627812.96875000012 -58575.999999999993 3.6390073299407963 17.324300765991214 -0.66828793287277211 191.00000000000003 66.666675567626967 275.00000000000006 1.0000000180025095e-35 -2542914.3749999995 0.51001477241516124 -0.049165759235620492 1.709003806114197
decision_type=2 2 2 2 2 2 2 2 2 2 2 2 2 2 2 2 2 2 2 2 2 2
left_child=10 2 3 -2 6 9 -3 -6 -9 -4 11 12 -1 -13 -14 -15 18 -18 21 -20 -7 -12
right_child=1 4 5 -5 7 20 -8 8 -10 -11 16 13 14 15 -16 -17 17 -19 19 -21 -22 -23
leaf_value=-0.0010820358608959069 -0.014346364681630669 0.019223673513642448 0.0075433643278301635 0.0098787531907333723 0.0093486710318053407 0.018472476598293486 -0.0017146311452542241 -0.0059474057655997973 0.0007303251153350927 0.017756350503789591 -0.01778025939928337 -0.010199692930132384 -0.017807437804029238 0.013813818729707215 -0.0055775951557488056 -0.0015184249941733331 -0.017896089744274871 0 -0.016240612053897045 -0.0052145154669554572 0.014366479602408992 -0.013114433465746778
leaf_weight=4.4053122848272386 3.0000122636556616 3.2978698313236237 19.995654121041301 4.0243735909461975 4.54622659087181 21.930252894759178 2.5934249609708777 28.214779570698738 29.488629460334778 5.19907023012638 15.765030920505525 2.7804772257804871 12.571296185255052 2.9688492268323881 4.3442987054586402 2.5896309614181519 2.4774944335222235 4.149344265460968 7.1757848113775271 5.8836133182048798 23.606419801712036 2.4911296665668479
leaf_count=17 12 12 75 15 17 80 10 110 113 19 64 11 51 11 17 10 10 16 29 23 87 10
internal_value=0.000868201 0.00646552 0.0126951 -0.000325078 -0.000628358 0.0140022 0.00983662 -0.00163483 -0.0025175 0.00969056 -0.0111969 -0.00833251 -0.0119535 0.000805733 -0.0147257 0.0064908 -0.0134097 -0.00673041 -0.0147912 -0.0113496 0.0163659 -0.0171984
internal_weight=213.499 145.897 77.7558 7.02439 68.1409 70.7314 5.89129 62.2496 57.7034 25.1947 67.6023 29.6599 21.3209 8.33896 16.9156 5.55848 37.9424 6.62684 31.3156 13.0594 45.5367 18.2562
internal_count=819 550 288 27 262 261 22 240 223 94 269 117 85 32 68 21 152 26 126 52 167 74
is_linear=0
shrinkage=0.01


Tree=10
num_leaves=23
num_cat=0
split_feature=11 26 11 19 1 17 10 34 47 45 3 50 57 56 23 19 45 60 36 53 22 40
split_gain=141.418 63.3409 13.1073 9.96908 6.95367 6.82266 6.43925 5.84757 6.32905 4.03669 3.99961 9.57905 6.13527 7.54111 3.23398 6.51039 2.67818 2.27462 3.64432 1.67082 1.63303 0.121322
threshold=1.0000000180025095e-35 0.0014492869377136233 19.425000190734867 6401.9001464843759 1456966.0000000002 27710.000000000004 -0.00039863500569481397 -1.3686760663986204 -1.2578005194663999 -0.6988026201725005 -58575.999999999993 0.32923972606658941 17.324300765991214 24.349082946777347 275.00000000000006 68753.167968750015 -0.37153895199298853 -2542914.3749999995 0.51001477241516124 0.51604750752449047 -67145.371093749985 1.709003806114197
decision_type=2 2 2 2 2 2 2 2 2 2 2 2 2 2 2 2 2 2 2 2 2 2
left_child=10 2 3 -2 6 9 -3 -6 -9 -4 11 12 13 -1 17 -16 -14 21 -19 -13 -7 -12
right_child=1 4 5 -5 7 20 -8 8 -10 -11 14 19 16 -15 15 -17 -18 18 -20 -21 -22 -23
leaf_value=-0.014131073731541304 -0.014265712522080112 0.019042131465234601 0.013278018171311292 0.0098168765210389988 0.009252997726673564 0.0078869914731365936 -0.0016976299859174171 0.0054504300675799868 -0.0038770924499118942 0.0050473463027831409 -0.01764190573441262 -0.0015475401126052849 -0.017659399866281594 0.008398014846111225 0.0020145923182805195 -0.017717239771753903 -0.0096530680120948276 -0.016109874816447323 -0.0051646472110581654 0.0094621263032434628 0.016706931742913936 -0.013003610322941249
leaf_weight=2.7554983496666017 2.9967347681522361 3.2960264682769775 13.796703770756723 4.0236450880765915 4.5472954064607611 2.672696352005004 2.593204751610755 8.4565804302692396 49.237433403730392 11.397411629557608 15.729953765869142 2.5889856815338126 9.3475266844034248 3.1880818605422974 3.657761111855506 2.9647531062364578 9.0833232551813072 7.1617485880851763 5.8810323476791382 2.6656218618154526 42.840131014585495 2.4872559905052176
leaf_count=11 12 12 51 15 17 10 10 32 191 43 64 10 38 12 14 12 36 29 23 10 157 10
internal_value=0.000859766 0.00640285 0.0125731 -0.000320628 -0.000621878 0.0138675 0.00973999 -0.00161838 -0.00249257 0.00959429 -0.0111012 -0.00825887 -0.0109097 -0.00187843 -0.0132979 -0.00666791 -0.0137679 -0.0146704 -0.0112513 0.00384727 0.016211 -0.0170635
internal_weight=213.369 145.858 77.7273 7.02038 68.1305 70.7069 5.88923 62.2413 57.694 25.1941 67.5115 29.629 24.3744 5.94358 37.8825 6.62251 18.4308 31.26 13.0428 5.25461 45.5128 18.2172
internal_count=819 550 288 27 262 261 22 240 223 94 269 117 97 23 152 26 74 126 52 20 167 74
is_linear=0
shrinkage=0.01


Tree=11
num_leaves=24
num_cat=0
split_feature=11 54 54 2 11 17 19 34 17 48 3 31 57 54 23 56 23 19 44 60 36 4 36
split_gain=138.755 18.6434 33.6282 15.4535 14.5953 10.886 8.97427 6.61183 4.45802 4.23361 3.93561 9.63324 6.07526 5.064 4.44446 3.31968 3.18428 6.39805 2.80358 2.24188 3.58645 1.76801 0.117499
threshold=1.0000000180025095e-35 4.2424874305725107 -4.781085491180419 4955965.0000000009 19.425000190734867 169397.00000000003 6401.9001464843759 -0.48291398584842676 14347.500000000002 -0.8840312361717223 -58575.999999999993 3.6390073299407963 17.324300765991214 -0.66828793287277211 191.00000000000003 66.666675567626967 275.00000000000006 68753.167968750015 163949.12500000003 -2542914.3749999995 0.51001477241516124 1033260.7187500001 -1.0784304141998289
decision_type=2 2 2 2 2 2 2 2 2 2 2 2 2 2 2 2 2 2 2 2 2 2 2
left_child=10 2 4 7 6 -5 -2 -4 -6 -3 11 12 -1 -13 -14 -15 19 -18 -11 22 -21 -20 -12
right_child=1 9 3 5 8 -7 -8 -9 -10 18 16 13 14 15 -16 -17 17 -19 21 20 -22 -23 -24
leaf_value=-0.0010548521433822167 -0.014201678644137437 0.0033932462633573445 0.00062811741191049777 -0.0059643696111967475 0.009252061655467235 0.0035220113943871117 0.0089853285503520616 0.010917697964810666 0.017421113261520106 0.0055376273411159469 -0.012896948041027206 -0.010074052233595792 -0.01755791409123 0.013685613796793403 -0.0054369945212698872 -0.0014991947405445436 0.0019941813686248462 -0.01757515258768096 0.017680037605008754 -0.015981996817177643 -0.0051153028137302815 0.0081999162915362394 -0.017506670619361255
leaf_weight=4.403845861554152 2.9942148923873892 3.6969859004020718 10.445473209023477 32.324505805969238 10.446332097053526 19.19390843808651 3.7486022561788559 16.364354729652405 22.410425454378128 2.9222341030836132 2.4832498878240612 2.7769002616405487 12.519891709089281 2.969968914985655 4.3387252837419501 2.5887005478143692 3.6582453101873389 2.9588639289140701 18.593665003776554 7.1469358652830142 5.8783990144729614 2.669975370168685 15.692779764533041
leaf_count=17 12 14 40 126 39 73 14 61 82 11 10 11 51 11 17 10 14 12 68 29 23 10 64
internal_value=0.000851615 0.00634116 0.00458969 0.000779131 0.0121018 -0.00241067 -0.00116279 0.00694604 0.0148543 0.013713 -0.0110065 -0.00818527 -0.0117605 0.000814611 -0.0144978 0.00643407 -0.0131881 -0.00660519 0.0152491 -0.0145521 -0.0111546 0.0165367 -0.0169319
internal_weight=213.227 145.811 117.928 78.3282 39.5996 51.5184 6.74282 26.8098 32.8568 27.8829 67.4165 29.598 21.2625 8.33557 16.8586 5.55867 37.8185 6.61711 24.1859 31.2014 13.0253 21.2636 18.176
internal_count=819 550 447 300 147 199 26 101 121 103 269 117 85 32 68 21 152 26 89 126 52 78 74
is_linear=0
shrinkage=0.01


Tree=12
num_leaves=22
num_cat=0
split_feature=11 26 11 19 1 17 10 34 46 59 3 31 54 34 47 0 34 33 28 54 22
split_gain=136.158 61.0988 12.6037 9.61256 6.71909 6.62447 6.30174 5.7358 6.28158 4.04244 3.8715 9.46319 4.96441 4.72648 3.27914 3.14279 3.37626 2.30354 1.96739 2.11592 1.6059
threshold=1.0000000180025095e-35 0.0014492869377136233 19.425000190734867 6401.9001464843759 1456966.0000000002 27710.000000000004 -0.00039863500569481397 -1.3686760663986204 -0.72517991065978993 627812.96875000012 -58575.999999999993 3.6390073299407963 -0.66828793287277211 1.1524199247360232 -1.0000000180025095e-35 228999.50000000003 -0.083650454878807054 -0.71734598278999318 -488.40624999999994 3.252533078193665 -67145.371093749985
decision_type=2 2 2 2 2 2 2 2 2 2 2 2 2 2 2 2 2 2 2 2 2
left_child=10 2 3 -2 6 9 -3 -6 -9 -4 11 13 -13 17 -14 18 -17 -1 -12 -20 -7
right_child=1 4 5 -5 7 20 -8 8 -10 -11 15 12 14 -15 -16 16 -18 -19 19 -21 -22
leaf_value=-0.016727397316040345 -0.014027870743263239 0.018782082619618366 0.0072738856749503525 0.0096397844767265838 0.0091672366591082546 0.0076690406724187242 -0.0017381647729967167 -0.0085222461587237119 -0.00064047950546062562 0.017401498155076009 -0.0056372073778168906 -0.0099826254381635577 -0.001517534409580451 0 0.013572432843420005 -0.013477005901670471 0.002155509967266277 -0.0090834437604356971 -0.015978716534503546 -0.0065432804763111566 0.01641803182056728
leaf_weight=10.608112946152692 2.9882666468620291 3.292126476764679 19.993268162012104 4.0233492106199265 4.5481212735176078 2.6707473546266547 2.5936028063297263 13.221204087138174 44.459278181195259 5.1959824413061133 2.7810837626457205 2.7743222713470459 2.588630884885788 3.0819999724626532 2.9711307734251005 2.7331447303295135 2.6078936755657187 7.5395111590623882 26.60614958405495 3.0228094756603232 42.780543223023415
leaf_count=43 12 12 75 15 17 10 10 52 171 19 11 11 10 12 11 11 10 30 108 12 157
internal_value=0.000843598 0.00628015 0.0123444 -0.000304466 -0.000618534 0.013614 0.00956974 -0.00159823 -0.00246443 0.00940269 -0.0109141 -0.00811394 0.000804182 -0.011662 0.00636666 -0.0130805 -0.00565682 -0.0136068 -0.014273 -0.0150498 0.0159259
internal_weight=213.081 145.766 77.6522 7.01162 68.1143 70.6405 5.88573 62.2286 57.6805 25.1893 67.3148 29.5637 8.33408 21.2296 5.55976 37.7511 5.34104 18.1476 32.41 29.629 45.4513
internal_count=819 550 288 27 262 261 22 240 223 94 269 117 32 85 21 152 21 73 131 120 167
is_linear=0
shrinkage=0.01


Tree=13
num_leaves=21
num_cat=0
split_feature=11 26 11 17 1 17 10 34 47 45 3 31 57 24 60 0 55 28 24 34
split_gain=133.604 59.938 12.3604 9.44731 6.58686 6.51265 6.18644 5.62196 6.13831 3.98579 3.80899 9.29379 5.9784 4.74725 3.48661 3.09405 3.55858 1.93593 2.25795 1.60932
threshold=1.0000000180025095e-35 0.0014492869377136233 19.425000190734867 37840.000000000007 1456966.0000000002 27710.000000000004 -0.00039863500569481397 -1.3686760663986204 -1.2578005194663999 -0.6988026201725005 -58575.999999999993 3.6390073299407963 17.324300765991214 202.50000000000003 -2531275.3749999995 228999.50000000003 1.0000000180025095e-35 -488.40624999999994 392.00000000000006 -1.4587702155113218
decision_type=2 2 2 2 2 2 2 2 2 2 2 2 2 2 2 2 2 2 2 2
left_child=10 2 3 -2 6 9 -3 -6 -9 -4 11 12 -1 -13 -14 17 -17 -12 -19 -7
right_child=1 4 5 -5 7 19 -8 8 -10 -11 15 13 14 -15 -16 16 -18 18 -20 -21
leaf_value=-0.00094069112544454343 -0.013920501974553696 0.018612752960233896 0.012970592816412692 0.0095537156599801772 0.0090741995318309072 0.0075203107838907055 -0.0017209284313057171 0.0053797830900021524 -0.0038049704190525981 0.0047938166915632505 -0.0055846918060319427 0.0070207861597460517 -0.016673553916669061 -0.0083820616389098657 -0.005053842990114024 -0.013616634881076744 0.0024566532016273867 -0.015844395545524931 -0.0057765129942961048 0.016273363938805793
leaf_weight=4.4000579714775148 2.983769789338111 3.2888719141483307 13.789775416254999 4.0227085798978806 4.548801749944686 2.6690379530191413 2.5933848619461051 8.4590700566768628 49.211014926433563 11.395276650786398 2.7791726887226096 5.0287068188190442 13.260418340563779 3.3035539984703064 3.53905369341373 2.7382358163595191 2.5987040251493454 26.784550443291668 2.7839898616075507 42.74205718934536
leaf_count=17 12 12 51 15 17 10 10 32 191 43 11 19 54 13 14 11 10 109 11 157
internal_value=0.000835555 0.00622018 0.0122291 -0.000300259 -0.000612469 0.0134868 0.00947798 -0.00158251 -0.00244041 0.00931062 -0.0108217 -0.00804246 -0.0115627 0.000793888 -0.0142852 -0.0129732 -0.00560273 -0.0141583 -0.0149303 0.0157809
internal_weight=212.92 145.704 77.6026 7.00648 68.1011 70.5961 5.88226 62.2189 57.6701 25.1851 67.2164 29.5318 21.1995 8.33226 16.7995 37.6847 5.33694 32.3477 29.5685 45.4111
internal_count=819 550 288 27 262 261 22 240 223 94 269 117 85 32 68 152 21 131 120 167
is_linear=0
shrinkage=0.01


Tree=14
num_leaves=21
num_cat=0
split_feature=58 26 17 41 41 2 47 58 28 1 59 23 0 27 38 33 29 24 30 2
split_gain=125.689 57.3378 12.6104 12.5689 8.38661 6.79693 8.36982 7.27418 6.78979 6.27707 5.50469 5.50373 4.18969 4.12044 4.41335 4.08106 3.56221 3.27675 3.85984 1.60052
threshold=12638.773925781252 0.0014492869377136233 37840.000000000007 2.2319080829620366 -1.6363881230354307 4955965.0000000009 -1.3590980172157285 2009462.8750000002 -63.562499999999993 11702936.000000002 471995.62500000006 52.500000000000007 172762.00000000003 -1189887.9999999998 1.2886607050895693 -1.4635440707206724 0.31776691973209387 490.50000000000006 0.31968905031681066 7271354.5000000009
decision_type=2 2 2 2 2 2 2 2 2 2 2 2 2 2 2 2 2 2 2 2
left_child=3 2 4 13 -2 8 10 -8 11 -6 -7 -3 -10 14 16 -4 -1 18 -15 -17
right_child=1 5 15 -5 9 6 7 -9 12 -11 -12 -13 -14 17 -16 19 -18 -19 -20 -21
leaf_value=0.00051001477093344646 -0.010285892438877668 0.0072179273396431034 0.0060067705755564218 0.0099037697870204087 0.013743380055181425 -0.0019715189624754 -0.0057358512302231506 0.0070161766098992065 0 0.0037541031082903237 0.017220748067644856 -0.008564934722797098 0.013589216559675092 -0.017523852857384007 0.0046084573917665643 0.013524997650027643 -0.011931229890421044 -0.0028541210666607922 -0.011165705332862732 0.017956991949101216
leaf_weight=2.8406153768301001 2.5398617386817959 3.7134323418140429 4.5195891708135596 2.935083106160163 12.455044135451319 2.5961156934499732 36.399130761623383 5.0334097594022742 3.3895193040370923 13.431876510381697 3.2717074751853943 5.3561800271272659 7.8302182108163834 14.679821819067 2.8617082983255377 15.403543233871458 9.4645195305347425 3.5890294462442389 33.39075779914856 27.045575559139252
leaf_count=11 10 14 17 11 46 10 142 19 13 51 12 21 29 60 11 57 38 14 134 99
internal_value=0.000827759 0.00620094 0.0121972 -0.0101709 0.00687641 -0.000472993 -0.00256323 -0.00416254 0.00435067 0.0085989 0.00855904 -0.00199259 0.00956746 -0.0110676 -0.00634849 0.0153962 -0.00897793 -0.0124337 -0.0131282 0.0163723
internal_weight=212.747 142.985 75.3955 69.7615 28.4268 67.5897 47.3004 41.4325 20.2893 25.8869 5.86782 9.06961 11.2197 66.8265 15.1668 46.9687 12.3051 51.6596 48.0706 42.4491
internal_count=819 540 280 279 107 260 183 161 77 97 22 35 42 268 60 173 49 208 194 156
is_linear=0
shrinkage=0.01


Tree=15
num_leaves=21
num_cat=0
split_feature=58 26 17 41 41 2 47 58 28 1 6 59 0 33 3 50 57 23 2 28
split_gain=123.32 56.2546 12.3956 12.3395 8.22343 6.66322 8.20179 7.13185 6.65512 6.157 5.41775 5.39376 4.1046 4.01061 3.82625 4.38861 6.53358 2.28287 1.57227 1.20862
threshold=12638.773925781252 0.0014492869377136233 37840.000000000007 2.2319080829620366 -1.6363881230354307 4955965.0000000009 -1.3590980172157285 2009462.8750000002 -63.562499999999993 11702936.000000002 -58433390591.999992 471995.62500000006 172762.00000000003 -1.4635440707206724 86680.000000000015 0.33110287785530096 11.872728347778322 275.00000000000006 7271354.5000000009 -444.15624999999994
decision_type=2 2 2 2 2 2 2 2 2 2 2 2 2 2 2 2 2 2 2 2
left_child=3 2 4 14 -2 8 11 -8 10 -6 -3 -7 -10 -4 15 16 -1 19 -15 -16
right_child=1 5 13 -5 9 6 7 -9 12 -11 -12 -13 -14 18 17 -17 -18 -19 -20 -21
leaf_value=-0.0010656495998588977 -0.010187136564857091 -0.0077524711082341468 0.0059476897312519261 0.0098032306837212441 0.013612115856944346 -0.0019519454544527765 -0.005680718665240724 0.0069435254492323777 0 0.0037164790658863064 0.0083752940478216409 0.017041517583097604 0.013453452719252983 0.013402224189003531 -0.0082575627471159017 0.0020504304049397746 -0.011903140895104207 -0.0068923391210527407 0.017800610354221581 -0.016592865264624123
leaf_weight=6.9701168090105048 2.5388437658548382 5.8799707144498825 4.5188429355621329 2.9355301707983008 12.449426159262659 2.5959280729293814 36.384939134120941 5.0352053493261328 3.3895193040370923 13.432174637913702 3.1882855445146578 3.2730486243963242 7.8301432281732559 15.38927476108074 2.4953087866306367 3.1247002482414237 32.299259200692177 4.0437484979629508 27.010517090559006 17.794980093836784
leaf_count=27 10 23 17 11 46 10 142 19 13 51 12 12 29 57 10 12 130 16 99 73
internal_value=0.000820295 0.00614227 0.0120847 -0.0100835 0.00680918 -0.000467927 -0.002538 -0.00412192 0.00430792 0.00851506 -0.00197188 0.00847006 0.00947268 0.015259 -0.0109733 -0.00909286 -0.010005 -0.0142083 0.0162278 -0.0156171
internal_weight=212.58 142.916 75.3391 69.6636 28.4204 67.577 47.2891 41.4201 20.2879 25.8816 9.06826 5.86898 11.2197 46.9186 66.7281 42.3941 39.2694 24.334 42.3998 20.2903
internal_count=819 540 280 279 107 260 183 161 77 97 35 22 42 173 268 169 157 99 156 83
is_linear=0
shrinkage=0.01


Tree=16
num_leaves=21
num_cat=0
split_feature=11 26 4 17 1 38 53 34 46 24 30 35 60 41 24 40 49 34 33 41
split_gain=126.636 61.1676 9.70625 8.09877 6.05976 5.38233 7.76922 5.34928 5.92802 3.39854 6.22445 3.92503 3.53757 3.19654 3.12153 1.80581 1.59135 5.90286 0.937536 0.37468
threshold=16.82499980926514 0.0014492869377136233 433286.54687500006 27710.000000000004 1456966.0000000002 -1.0678899884223936 -8.6035799980163556 -1.3686760663986204 -0.72517991065978993 392.00000000000006 0.3208011537790299 1.5186760425567629 -2538416.3749999995 0.81337434053421032 48.500000000000007 -0.20801265537738797 -0.049165759235620492 -1.1618714332580564 -1.0652745962142942 1.1921896338462832
decision_type=2 2 2 2 2 2 2 2 2 2 2 2 2 2 2 2 2 2 2 2
left_child=2 3 9 5 13 6 -2 -6 -9 10 18 -12 -11 -3 -7 -4 19 -18 -1 -5
right_child=1 4 15 16 7 14 -8 8 -10 12 11 -13 -14 -15 -16 -17 17 -19 -20 -21
leaf_value=-0.0099395818240752172 0.014720219976961943 0.015891132830488725 0.0090850174927845015 0.018361202656867665 0.0090245683318987292 0.016749909972382699 -0.0015312571242900954 -0.0081615972512572871 -0.00042443218667189407 -0.012700147677820546 -0.0080814482344984655 -0.017251989769951587 0.002651928436709289 0.00062709866661354971 0.0059752651473501794 -0.0024334091862060502 0.00093628509098658515 0.015486694249753016 -0.017240629756467726 0.013906439695674417
leaf_weight=2.7623482942581203 4.3406913876533499 3.2579835951328269 2.6576662957668304 17.740320563316349 4.5485798716545096 8.186090022325514 8.8571392893791216 12.952666297554968 43.416999161243439 2.4728038758039474 37.597533196210861 5.6184190958738318 3.6334256827831259 2.6153491139411926 4.5198711156845084 2.5882051885128012 3.4099530130624798 20.066621765494347 16.562058731913567 4.5930224061012259
leaf_count=11 16 12 10 65 17 30 34 51 167 10 150 23 14 10 17 10 13 74 68 17
internal_value=0.000812865 0.00645709 -0.00975324 0.0128709 -0.000414422 0.00831759 0.00373799 -0.00136401 -0.00222002 -0.0107585 -0.0114609 -0.00929683 -0.00340134 0.00926444 0.0129958 0.00321144 0.0154238 0.0134159 -0.0162487 0.0174898
internal_weight=212.398 138.505 73.8925 71.7137 66.7916 25.9038 13.1978 60.9182 56.3697 68.6466 62.5404 43.216 6.10623 5.87333 12.706 5.24587 45.8099 23.4766 19.3244 22.3333
internal_count=819 523 296 266 257 97 50 235 218 276 252 173 24 22 47 20 169 87 79 82
is_linear=0
shrinkage=0.01


Tree=17
num_leaves=21
num_cat=0
split_feature=11 54 54 8 1 28 18 17 48 37 3 50 57 30 31 44 48 18 36 22
split_gain=124.262 22.3466 29.9556 9.28848 8.79278 7.60975 6.95879 6.65272 4.02982 3.99109 3.97635 7.96142 4.18966 3.40157 2.93692 2.69081 2.48143 2.10988 1.68803 0.0319991
threshold=16.82499980926514 -4.781085491180419 4.2424874305725107 0.97012302279472362 7451077.0000000009 -78.374999999999986 142517.50000000003 14347.500000000002 -0.8840312361717223 -2.6396529674530025 -58575.999999999993 0.32923972606658941 17.324300765991214 0.32848031818866735 2.3061232566833501 163949.12500000003 1.4578902125358584 1446791.5000000002 0.70357781648635875 -19513.515624999996
decision_type=2 2 2 2 2 2 2 2 2 2 2 2 2 2 2 2 2 2 2 2
left_child=3 7 4 10 5 -3 -6 9 -4 -2 11 12 -1 -13 -11 -10 18 19 -12 -9
right_child=1 2 8 -5 6 -7 -8 17 15 14 16 13 -14 -15 -16 -17 -18 -19 -20 -21
leaf_value=-0.0043581068272793271 -0.002322429083090537 -0.00072219216548904703 0.0029341690853456688 0.0062372307469928025 -0.0076776839626808485 0.0085619258825734047 0.00082164167518107263 0.014302159028533424 0.0049906875279068855 0.0042896605601039023 -0.015873011463049744 0.010426755369248711 -0.012765550443554661 -0.0052147347646160766 0.016800688914373214 0.015778234538300205 -0.0054883263811235528 0.0080914465230600939 -0.010869381462366543 0.01838764803008416
leaf_weight=9.2287485897541064 3.1180893480777732 15.334016159176825 3.6896666139364269 3.4217249751090995 15.032963320612906 20.233135268092155 26.339588701725006 2.7029486447572735 2.9141862243413952 3.96589846909046 18.498113080859184 2.9392857998609534 18.995411261916161 2.5493963062763214 4.0882101804018021 21.154496267437935 4.5403695553541175 2.9325381368398658 13.613434374332426 16.918274343013767
leaf_count=36 12 59 14 13 59 76 101 10 11 15 76 11 77 10 15 78 18 11 55 62
internal_value=0.000805532 0.00639675 0.0041026 -0.00967008 0.000875801 0.00453116 -0.00224247 0.013489 0.0130105 0.00702239 -0.0104578 -0.00790067 -0.0100519 0.00297937 0.0107643 0.0145136 -0.0127827 0.0166479 -0.0137829 0.0178758
internal_weight=212.21 138.424 104.698 73.7865 76.9397 35.5672 41.3726 33.726 27.7583 11.1722 70.3648 33.7128 28.2242 5.48868 8.05411 24.0687 36.6519 22.5538 32.1115 19.6212
internal_count=819 523 398 296 295 135 160 125 103 42 283 134 113 21 30 89 149 83 131 72
is_linear=0
shrinkage=0.01


Tree=18
num_leaves=23
num_cat=0
split_feature=11 26 4 19 1 10 38 39 34 46 39 51 3 47 23 48 47 39 54 43 8 54
split_gain=121.937 59.1409 9.44986 6.94753 5.89085 5.95673 5.51997 6.7195 5.25408 5.76672 4.17725 3.79549 5.00544 6.21453 3.55624 3.07689 6.16811 2.7296 4.06068 2.35936 1.65683 1.13672
threshold=16.82499980926514 0.0014492869377136233 433286.54687500006 3200.4450683593755 1456966.0000000002 -0.00039863500569481397 -1.0678899884223936 2.227493524551392 -1.3686760663986204 -0.72517991065978993 5.4433429241180429 0.32431796193122869 -58575.999999999993 0.18732974678277972 275.00000000000006 -0.19097863137722013 0.52701744437217724 -0.10634183138608931 -6.281547784805297 731264.28125000012 0.78010001778602611 -2.472598552703857
decision_type=2 2 2 2 2 2 2 2 2 2 2 2 2 2 2 2 2 2 2 2 2 2
left_child=2 3 11 6 5 -3 7 -2 -6 -10 -8 15 13 -13 -14 21 -17 18 -5 -19 -4 -1
right_child=1 4 20 17 8 -7 10 -9 9 -11 -12 12 14 -15 -16 16 -18 19 -20 -21 -22 -23
leaf_value=-0.0087616685556979167 -0.0016516015706995156 0.018124912251900979 -0.002192131772533217 0.018034117343591501 0.0089403500425468338 -0.0018447435084807757 0.018889060456491351 0.013954467679567773 -0.008066874997332843 -0.00043238805931970162 0.0057716528070258441 -0.0095504387499309312 -0.013716797337966689 0.0026538789388039631 -0.002348620674227518 -0.0020225474022408782 -0.015895021189247408 0.013000481353815221 0.004005997023190034 0.018249424771574822 0.0088234751416875461 -0.016944414591523186
leaf_weight=2.5129615366458937 8.3282328099012393 3.2749725878238678 2.5863187164068213 3.5425805449485779 4.5488873422145835 2.5940505713224402 6.0334270894527418 4.0631965547800055 12.940677374601362 43.416099980473518 4.5152369439601898 9.4880063980817813 16.384623721241955 7.2684007436037055 3.5723994076251975 6.3554251790046674 6.8703051805496216 17.214938104152679 5.537048324942587 22.343345075845718 2.6589762270450592 15.974600285291672
leaf_count=10 32 12 10 13 17 10 22 15 51 167 17 38 67 28 14 25 28 64 21 82 10 66
internal_value=0.000798256 0.00633651 -0.00958877 0.0126519 -0.000418146 0.00912813 0.00801963 0.00338499 -0.00135447 -0.00220317 0.0133691 -0.0105838 -0.00832011 -0.00419691 -0.0117319 -0.0131729 -0.00930442 0.0148161 0.00958946 0.0159905 0.00320132 -0.0158862
internal_weight=212.025 138.353 73.672 71.578 66.7747 5.86902 22.9401 12.3914 60.9057 56.3568 10.5487 68.4267 36.7134 16.7564 19.957 31.7133 13.2257 48.6379 9.07963 39.5583 5.24529 18.4876
internal_count=819 523 296 266 257 22 86 47 235 218 39 276 147 66 81 129 53 180 34 146 20 76
is_linear=0
shrinkage=0.01


Tree=19
num_leaves=23
num_cat=0
split_feature=58 26 41 17 41 2 47 58 28 1 23 59 27 17 46 0 2 46 22 22 30 60
split_gain=114.429 52.3961 11.8538 11.8273 7.97823 6.29757 7.92019 7.00221 6.37751 5.93497 5.43058 5.26431 3.9851 4.15248 7.66146 3.97622 3.1942 3.18797 6.41311 2.61994 1.8795 1.81812
threshold=12638.773925781252 0.0014492869377136233 2.2319080829620366 37840.000000000007 -1.6363881230354307 4955965.0000000009 -1.3590980172157285 2009462.8750000002 -63.562499999999993 11702936.000000002 52.500000000000007 471995.62500000006 -1189887.9999999998 45651.500000000007 -0.35116316378116602 172762.00000000003 83578820.000000015 1.437989413738251 -4405.2150878906241 5114.9851074218759 0.32561939954757696 -2542914.3749999995
decision_type=2 2 2 2 2 2 2 2 2 2 2 2 2 2 2 2 2 2 2 2 2 2
left_child=2 3 12 4 -2 8 11 -8 10 -6 -3 -7 13 21 -15 -10 20 19 -19 -14 -5 -1
right_child=1 5 -4 16 9 6 7 -9 15 -11 -12 -13 17 14 -16 -17 -18 18 -20 -21 -22 -23
leaf_value=-0.016885761008744261 -0.010230258564943182 0.00718589630729003 0.0097530475054453808 0.016150139292621667 0.013206866245516508 -0.0019521644195091103 -0.0055782234861264284 0.0069329506457878965 0 0.0034835533694723966 -0.0084951993615781877 0.016808532673802848 -0.010785137012920864 0.011755141744250802 -0.0081168096398848699 0.01316390783946666 0.0057864966885119249 -0.013963794264171032 0.0066491731518482375 -0.01591950824626235 0.0067668055756170201 -0.0054390014345398517
leaf_weight=3.6422010064125061 2.5384509563446072 3.7124520540237445 2.9301791489124289 40.060556247830391 12.420448511838915 2.5957280397415152 36.349118053913116 5.0341267734765998 3.3898933529853803 13.420302018523214 5.3525457680225372 3.2738653868436813 26.681786373257637 2.9085886329412451 5.7635807693004599 7.82106913626194 3.967568263411521 3.4406269192695618 2.6154367178678504 18.476581886410713 2.6533585786819449 2.763031691312789
leaf_count=15 10 14 11 148 46 10 142 19 13 51 21 12 108 11 23 29 15 14 10 76 10 11
internal_value=0.000790964 0.00591654 -0.00975269 0.0116667 0.00651239 -0.000460205 -0.00247394 -0.00403212 0.00418345 0.0081958 -0.0019629 0.00834156 -0.01063 -0.00597719 -0.00133658 0.00924248 0.0147788 -0.0119802 -0.00489653 -0.012908 0.0155907 -0.0121041
internal_weight=211.811 142.589 69.222 75.0607 28.3792 67.5288 47.2528 41.3832 20.276 25.8408 9.065 5.86959 66.2918 15.0774 8.67217 11.211 46.6815 51.2144 6.05606 45.1584 42.7139 6.40523
internal_count=819 540 279 280 107 260 183 161 77 97 35 22 268 60 34 42 173 208 24 184 158 26
is_linear=0
shrinkage=0.01


Tree=20
num_leaves=22
num_cat=0
split_feature=58 26 19 4 8 2 47 31 56 49 29 59 23 19 10 29 57 35 31 27 33
split_gain=112.304 51.4316 9.88863 6.81828 6.36045 6.17402 7.76199 7.05443 6.19593 6.49982 5.62609 5.16063 3.96735 6.05795 7.8091 3.56777 3.55326 6.11004 4.59179 2.57801 2.14302
threshold=12638.773925781252 0.0014492869377136233 5589.8942871093759 2231139.3750000005 0.9486689865589143 4955965.0000000009 -1.3590980172157285 -1.8809115290641782 32.722997665405281 0.77554047107696544 0.090108491480350508 471995.62500000006 171.50000000000003 68753.167968750015 -0.00026494500343687827 0.32977394759655004 11.872728347778322 1.3490738272666933 3.9254262447357182 2869248.0000000005 -1.4635440707206724
decision_type=2 2 2 2 2 2 2 2 2 2 2 2 2 2 2 2 2 2 2 2 2
left_child=4 2 3 10 12 8 11 -8 -3 -10 -2 -7 16 14 -14 20 17 -1 -18 -15 -4
right_child=1 5 15 -5 -6 6 7 -9 9 -11 -12 -13 13 19 -16 -17 18 -19 -20 -21 -22
leaf_value=0.00072851889513669485 0.015977664557456167 0.016808370909721791 0.0083725191375662363 -0.0065191297017148479 0.0053571085170811628 -0.0019327854710697986 -0.018242604483055942 -0.0027605942473036818 0.0045923478310068025 -0.011499152314533615 0.0053330874276026254 0.016639356942833451 -0.01433234875981867 -0.017358834429627365 0.0029585217642097441 0.0041067362354578214 -0.015621066569453699 -0.016777804559818543 -0.0078582269052742439 -0.0045018080278967348 0.015930111197049596
leaf_weight=5.1553812026977521 7.335012808442122 3.2590698748827007 4.8066229969263068 3.3276743590831748 2.6217392385005942 2.5955373197793952 3.2282479256391516 38.141193777322769 13.972446009516718 3.0405868738889685 16.918453216552734 3.2740784883499146 3.6859698295593271 5.3764786869287482 8.8004623204469681 3.4209565222263327 26.133845001459122 3.1505066454410553 11.65263447165489 2.5303273051977158 39.169170260429382
leaf_count=20 27 12 18 13 10 10 13 148 53 12 64 12 15 22 34 13 108 13 47 10 145
internal_value=0.000783916 0.00586187 0.0115633 0.00673396 -0.00967159 -0.000455336 -0.00244971 -0.0039929 0.00414273 0.00165768 0.00859357 0.00825641 -0.0102793 -0.00649787 -0.00206562 0.0143525 -0.0119306 -0.00579141 -0.0132536 -0.0133708 0.0151268
internal_weight=211.596 142.489 74.9779 27.5811 69.1073 67.5112 47.2391 41.3694 20.2721 17.013 24.2535 5.86962 66.4856 20.3932 12.4864 47.3967 46.0924 8.30589 37.7865 7.90681 43.9758
internal_count=819 540 280 104 279 260 183 161 77 65 91 22 269 81 49 176 188 33 155 32 163
is_linear=0
shrinkage=0.01


Tree=21
num_leaves=22
num_cat=0
split_feature=11 26 4 17 1 10 34 46 38 53 51 3 50 24 31 24 40 40 2 39 2
split_gain=115.744 56.1178 8.89295 7.5558 5.63456 5.78408 5.17898 5.606 5.1131 7.52723 3.76277 4.92795 5.185 4.0589 3.34203 3.06311 2.40801 1.73411 1.45923 3.93447 2.2702
threshold=16.82499980926514 0.0014492869377136233 433286.54687500006 27710.000000000004 1456966.0000000002 -0.00039863500569481397 -1.3686760663986204 -0.72517991065978993 -1.0678899884223936 -8.6035799980163556 0.32431796193122869 -58575.999999999993 0.32923972606658941 440.50000000000006 4.6731765270233163 48.500000000000007 -1.580398380756378 -0.20801265537738797 7271354.5000000009 0.57945388555526745 83578820.000000015
decision_type=2 2 2 2 2 2 2 2 2 2 2 2 2 2 2 2 2 2 2 2 2
left_child=2 3 10 8 5 -3 -6 -8 9 -2 13 12 -12 16 -13 -10 -1 -4 19 -5 -20
right_child=1 4 17 18 6 -7 7 -9 15 -11 11 14 -14 -15 -16 -17 -18 -19 20 -21 -22
leaf_value=-0.0065898472513230303 0.01430184468895165 0.017832741428558251 0.0087944963124431449 0.0048174898647449131 0.0089025478262749619 -0.0018589251876468674 -0.0079482892998385644 -0.00041648585711042465 0.016228785261102482 -0.0017115587802599458 -0.0077848450732787011 -0.007967603965837464 0.004131693180311433 -0.00045362633930215543 -0.016627479194752444 0.005550928660516985 -0.01521959876547262 -0.0025006522359410678 0.017374663272578424 0.015447896659088856 0.0073944746093064333
leaf_weight=4.225027456879622 4.3310673832893363 3.2635268568992615 2.6562632769346237 5.2713644504547146 4.5481392294168463 2.5934965014457694 12.92359548807144 43.398526325821877 8.1616234183311445 8.8505187332630175 11.466642439365389 11.910430938005449 5.2362119704484931 2.5624145418405524 7.9340451657772055 4.5109772086143485 24.743089497089386 2.5854785889387122 24.887066915631298 12.406127348542212 2.9126185476779929
leaf_count=17 16 12 10 20 17 10 51 167 30 34 46 48 20 10 33 17 102 10 92 46 11
internal_value=0.000776815 0.00617378 -0.00937187 0.0123406 -0.000403565 0.00894251 -0.00131929 -0.00216248 0.0079402 0.00347409 -0.0103416 -0.0080841 -0.00398924 -0.0129267 -0.0114803 0.0125068 -0.0139955 0.00303241 0.0148203 0.0123345 0.016365
internal_weight=211.378 138.059 73.3196 71.3314 66.7273 5.85702 60.8703 56.3221 25.8542 13.1816 68.0779 36.5473 16.7029 31.5305 19.8445 12.6726 28.9681 5.24174 45.4772 17.6775 27.7997
internal_count=819 523 296 266 257 22 235 218 97 50 276 147 66 129 81 47 119 20 169 66 103
is_linear=0
shrinkage=0.01


Tree=22
num_leaves=22
num_cat=0
split_feature=11 26 4 17 1 10 34 35 38 53 51 50 38 47 24 33 30 2 49 34 41
split_gain=113.605 55.1099 8.74007 7.44689 5.52599 5.68529 5.07658 5.74901 5.01966 7.38407 3.7075 4.48614 12.5091 5.85492 3.99608 3.01032 2.3987 1.61643 1.52536 5.78626 0.367084
threshold=16.82499980926514 0.0014492869377136233 433286.54687500006 27710.000000000004 1456966.0000000002 -0.00039863500569481397 -1.3686760663986204 -0.873399257659912 -1.0678899884223936 -8.6035799980163556 0.32431796193122869 0.32586789131164556 -0.63025665283203114 0.5649828612804414 440.50000000000006 1.1092945337295534 0.3208011537790299 57786424.000000007 -0.049165759235620492 -1.1618714332580564 1.1921896338462832
decision_type=2 2 2 2 2 2 2 2 2 2 2 2 2 2 2 2 2 2 2 2 2
left_child=2 3 10 8 5 -3 -6 -8 9 -2 14 12 -12 -13 16 -10 -1 -4 20 -20 -5
right_child=1 4 17 18 6 -7 7 -9 15 -11 11 13 -14 -15 -16 -17 -18 -19 19 -21 -22
leaf_value=-0.016211569827522955 0.014169052902456174 0.01768842488283864 0.008566038679979229 0.01759384647527916 0.0088132724846054968 -0.0018404816619779849 -0.0054910365284432505 0.000882074042202814 0.01608550349399673 -0.0016943844446096412 -0.016845652272403189 -0.012479862518197146 0.011559661789513134 -0.0026403722856114444 -0.00044911322808954194 0.0054933712045916626 -0.0099243085599668799 -0.0023262107815480806 0.00035219876980825557 0.014787459527592504 0.013189728631835663
leaf_weight=18.069902464747436 4.3279568105936042 3.2572828531265259 2.6551094353198996 17.554619520902637 4.548267424106597 2.5932925790548316 26.872000008821487 29.438954651355743 8.1532671153545362 8.8508243113756198 2.6730048209428787 21.295712873339657 3.6870744675397864 8.8383063375949842 2.5622844099998465 4.5090273320674887 10.826117426156996 2.5868778675794601 3.3932117074728039 19.893666341900826 4.5532857775688163
leaf_count=75 16 12 10 65 17 10 105 113 30 34 11 87 14 35 10 17 44 10 13 74 17
internal_value=0.000769863 0.00611739 -0.00929469 0.0122344 -0.000399632 0.00886123 -0.00130634 -0.00214146 0.00786521 0.00343934 -0.0102578 -0.0080153 -0.000221251 -0.00962713 -0.0128276 0.0123926 -0.0138906 0.00300004 0.0146995 0.012727 0.016732
internal_weight=211.14 137.946 73.1944 71.2359 66.7098 5.85058 60.8592 56.311 25.8411 13.1788 67.9524 36.4941 6.36008 30.134 31.4583 12.6623 28.896 5.24199 45.3948 23.2869 22.1079
internal_count=819 523 296 266 257 22 235 218 97 50 276 147 25 122 129 47 119 20 169 87 82
is_linear=0
shrinkage=0.01


Tree=23
num_leaves=23
num_cat=0
split_feature=11 26 4 17 1 42 34 46 38 53 23 50 1 19 42 33 27 53 2 49 34 41
split_gain=111.51 54.1243 8.58966 7.34119 5.41946 5.58925 4.97597 5.49805 4.92863 7.24439 3.50374 5.83429 6.81363 5.35936 6.02356 2.95672 2.4552 2.25125 1.58483 1.50411 5.68889 0.360901
threshold=16.82499980926514 0.0014492869377136233 433286.54687500006 27710.000000000004 1456966.0000000002 -0.00039863500569481397 -1.3686760663986204 -0.72517991065978993 -1.0678899884223936 -8.6035799980163556 171.50000000000003 0.32923972606658941 295749.50000000006 68753.167968750015 -8.4999999671708779e-05 1.1092945337295534 3237888.0000000005 -0.83471009135246266 57786424.000000007 -0.049165759235620492 -1.1618714332580564 1.1921896338462832
decision_type=2 2 2 2 2 2 2 2 2 2 2 2 2 2 2 2 2 2 2 2 2 2
left_child=2 3 10 8 5 -3 -6 -8 9 -2 11 17 -13 14 -12 -10 -15 -1 -4 21 -21 -5
right_child=1 4 18 19 6 -7 7 -9 15 -11 13 12 -14 16 -16 -17 -18 -19 -20 20 -22 -23
leaf_value=-0.0089716066294341593 0.014038809096268968 0.017547734914117288 0.0084802306939751309 0.017460323249262822 0.0087252367077198852 -0.0018222225016296489 -0.0078534827506548752 -0.00039140072748473589 0.015944273499033504 -0.0016773854108609073 -0.013597980209431187 0.0079737797612339251 -0.0099457084388174539 -0.016927601967535896 0.0019973954581604214 0.0054400458721787712 -0.0043410457646663632 -0.015006726331672037 -0.002303051360087449 0.00034868802986438651 0.014666671059121828 0.013079817101437548
leaf_weight=9.1896727830171532 4.3244453221559516 3.2505976259708405 2.6551552712917319 17.512186974287037 4.548217073082923 2.5930863022804251 12.910051509737967 43.391240179538727 8.143281161785124 8.8511140495538729 3.4152871370315561 2.8790599852800351 7.6367350220680237 5.337394803762435 8.7620853036642075 4.5077006369829169 2.5232419669628143 28.083373785018924 2.5867629051208496 3.3931017369031933 19.857109591364861 4.5456703901290885
leaf_count=37 16 12 10 65 17 10 51 167 30 34 14 11 31 22 34 17 10 117 10 13 74 17
internal_value=0.000763087 0.00606189 -0.00921823 0.0121301 -0.00039543 0.00878135 -0.00129316 -0.00212024 0.00779137 0.00340504 -0.0101748 -0.0116739 -0.00494454 -0.00654968 -0.00229439 0.0122805 -0.0130146 -0.0135456 0.00296817 0.0145812 0.0126201 0.0166029
internal_weight=210.897 137.828 73.0688 71.1346 66.6932 5.84368 60.8495 56.3013 25.8265 13.1756 67.8269 47.7888 10.5158 20.038 12.1774 12.651 7.86064 37.273 5.24192 45.3081 23.2502 22.0579
internal_count=819 523 296 266 257 22 235 218 97 50 276 196 42 80 48 47 32 154 20 169 87 82
is_linear=0
shrinkage=0.01


Tree=24
num_leaves=22
num_cat=0
split_feature=11 26 8 17 1 10 34 35 23 19 37 38 53 50 1 53 24 36 49 34 41
split_gain=109.459 53.1644 8.5182 7.23857 5.3157 5.49585 4.87785 5.63504 4.84509 5.24112 7.6795 4.83995 7.10808 4.01897 7.83695 3.0042 2.97957 2.71295 1.48382 5.59414 0.355133
threshold=16.82499980926514 0.0014492869377136233 0.97012302279472362 27710.000000000004 1456966.0000000002 -0.00039863500569481397 -1.3686760663986204 -0.873399257659912 171.50000000000003 68753.167968750015 1.0000000180025095e-35 -1.0678899884223936 -8.6035799980163556 0.32923972606658941 295749.50000000006 -0.83471009135246266 48.500000000000007 -0.39933006465435023 -0.049165759235620492 -1.1618714332580564 1.1921896338462832
decision_type=2 2 2 2 2 2 2 2 2 2 2 2 2 2 2 2 2 2 2 2 2
left_child=2 3 8 11 5 -3 -6 -8 13 10 -10 12 -2 15 -15 -1 -13 -11 20 -20 -5
right_child=1 4 -4 18 6 -7 7 -9 9 17 -12 16 -14 14 -16 -17 -18 -19 19 -21 -22
leaf_value=-0.008412776703522239 0.013911028342851938 0.017410540518677201 0.0061014360284106827 0.017330103007628547 0.0086384110510894369 -0.0018041461340767048 -0.0054175283522065977 0.00089334815627849587 0.005257958324198426 -0.0049106941219881567 -0.010761884846322199 0.015848512273300589 -0.0016605597387683026 0.0078883627896791531 -0.011331734727211431 -0.01490347604089276 0.0053057807286275805 -0.017075907940079533 0.00034521280045601041 0.014548200359964998 0.012971738806928266
leaf_weight=10.723779395222659 4.3205454647541037 3.2434855699539185 3.4125764966011038 17.467560350894932 4.547993376851081 2.5928777754306784 26.854477614164352 29.435305595397949 7.0187213271856326 3.5110020935535431 5.1807913780212402 8.1345137953758222 8.851388558745386 2.8811220824718458 7.5979163348674774 27.995593771338466 4.5041715651750556 4.6134934872388822 3.3929927349090603 19.818815588951111 4.5377482622861853
leaf_count=43 16 12 13 65 17 10 105 113 27 14 21 30 34 11 31 117 17 19 13 74 17
internal_value=0.000756382 0.00600711 -0.00914333 0.0120277 -0.000391585 0.00870283 -0.00128048 -0.00209965 -0.00990602 -0.00570124 -0.00146325 0.00771865 0.00337118 -0.0116227 -0.0059519 -0.0131316 0.0121704 -0.0119418 0.0144652 0.0125152 0.0164768
internal_weight=210.637 137.702 72.935 71.0277 66.6741 5.83636 60.8378 56.2898 69.5224 20.324 12.1995 25.8106 13.1719 49.1984 10.479 38.7194 12.6387 8.1245 45.2171 23.2118 22.0053
internal_count=819 523 296 266 257 22 235 218 283 81 48 97 50 202 42 160 47 33 169 87 82
is_linear=0
shrinkage=0.01


Tree=25
num_leaves=23
num_cat=0
split_feature=11 26 4 17 2 18 44 38 56 49 59 27 51 3 47 60 24 40 40 49 34 40
split_gain=107.449 52.2252 8.39003 7.13907 5.15406 7.41737 9.08004 6.41402 6.30116 7.18324 4.7644 6.11581 3.6055 4.87768 5.96326 4.39321 3.91497 2.38293 1.65013 1.46443 5.5019 0.181851
threshold=16.82499980926514 0.0014492869377136233 433286.54687500006 27710.000000000004 4955965.0000000009 234029.50000000003 377907.04687500006 -1.5381563305854795 32.722997665405281 0.77554047107696544 627812.96875000012 -11329535.999999998 0.32431796193122869 -58575.999999999993 0.18732974678277972 -2538416.3749999995 440.50000000000006 -1.580398380756378 -0.20801265537738797 -0.049165759235620492 -1.1618714332580564 -0.65423405170440663
decision_type=2 2 2 2 2 2 2 2 2 2 2 2 2 2 2 2 2 2 2 2 2 2
left_child=2 3 12 10 8 7 -7 -6 -3 -10 11 -2 16 14 -14 -15 17 -1 -4 21 -21 -5
right_child=1 4 18 19 5 6 -8 -9 9 -11 -12 -13 13 15 -16 -17 -18 -19 -20 20 -22 -23
leaf_value=-0.006233889695043098 -0.0041849978448229488 0.016566661323823704 0.0085954742943207003 0.013786221307839124 0.0011480219169073384 -0.0092195513762842029 0.0050846575280370067 -0.01019978262351671 0.0044829264110609795 -0.011921886337478559 0.016338968946997302 0.0084874658951693167 -0.0090066300113290244 -0.014168281210380109 0.0029983171711535049 -0.0033966315773597336 -0.00030072265462376303 -0.014844859822415289 -0.0024179638438018569 0.00034177143107354821 0.01443197086906824 0.017226564865329825
leaf_weight=4.1938415616750779 4.9077834486961409 3.2504804730415371 2.6564242392778397 5.8607899695634869 7.2597660124301937 5.8442639410495785 18.174676835536957 14.892449632287024 13.948595941066744 3.2857574373483649 5.1600279510021201 15.725729405879974 9.3877087682485598 14.167273446917534 7.2340497225522986 5.5326625704765329 2.5573994219303122 24.488128989934921 2.5838008671998969 3.3928845822811153 19.778844401240349 16.08955317735672
leaf_count=17 19 12 10 22 28 23 69 59 53 13 19 59 38 59 28 22 10 102 10 13 74 60
internal_value=0.000749897 0.00595318 -0.00906893 0.0119271 -0.000387469 -0.00225324 0.00156254 -0.00643572 0.00376902 0.0012973 0.00764696 0.00542479 -0.0100178 -0.00780195 -0.00372173 -0.0111939 -0.0125622 -0.0136206 0.00297424 0.0143516 0.012412 0.0163535
internal_weight=210.373 137.572 72.8013 70.9156 66.656 46.1712 24.0189 22.1522 20.4848 17.2344 25.7935 20.6335 67.5611 36.3217 16.6218 19.6999 31.2394 28.682 5.24023 45.1221 23.1717 21.9503
internal_count=819 523 296 266 257 179 92 87 78 66 97 78 276 147 66 81 129 119 20 169 87 82
is_linear=0
shrinkage=0.01


Tree=26
num_leaves=25
num_cat=0
split_feature=11 26 4 19 27 59 2 18 44 38 49 34 23 19 37 14 3 30 37 39 14 37 43 14
split_gain=105.479 51.3068 8.24755 6.14737 5.37448 7.24214 5.05216 7.27335 8.90156 6.29647 6.1296 5.55559 3.37479 5.21721 7.38507 3.82225 5.62668 4.66429 2.69715 2.61746 3.77026 2.45872 2.37049 1.53713
threshold=16.82499980926514 0.0014492869377136233 433286.54687500006 3200.4450683593755 -5634047.9999999991 551144.34375000012 4955965.0000000009 234029.50000000003 377907.04687500006 -1.5381563305854795 0.93586558103561412 0.21931144595146182 171.50000000000003 68753.167968750015 1.0000000180025095e-35 0.3298999965190888 -58575.999999999993 0.32848031818866735 1.9690592288970949 -0.10634183138608931 0.17500000447034839 1.5329814553260805 731264.28125000012 0.12499999627470972
decision_type=2 2 2 2 2 2 2 2 2 2 2 2 2 2 2 2 2 2 2 2 2 2 2 2
left_child=2 3 12 4 5 -2 10 9 -9 -8 11 -3 15 14 -14 17 -17 -1 -6 20 -5 -15 -21 -4
right_child=1 6 23 19 18 -7 7 8 -10 -11 -12 -13 13 21 -16 16 -18 -19 -20 22 -22 -23 -24 -25
leaf_value=-0.013946969054645523 -0.0040339384671662327 0.0011869492225275418 0.0083575753012711702 0.013779769553534833 0.014895566216203755 0.013219784337496723 0.0011364276175419373 -0.0091330258766676459 0.0050325490198894285 -0.010107197989221344 -0.0086038929799898828 0.012826891158542663 0.0047062228716572251 -0.01669893145534353 -0.010933207456003487 0.0034496319824121142 -0.012204194921229905 -0.0015518533486525172 0.004011978362279958 0.012037471158307981 9.6786242094864803e-05 -0.0040833924281343031 0.017317423787725311 -0.0022595619898666576
leaf_weight=34.716151431202888 6.7146330177783984 9.9108307063579613 2.6617749184370032 5.6022604107856733 8.9174688011407834 3.7798485457897186 7.2604929655790356 5.8406535834074047 18.179211437702179 14.878648728132246 3.3096341937780371 7.2619015276432028 6.7406949698925036 5.3061117231845847 5.4099575728178024 3.9150626212358475 5.2978235334157926 3.528209760785102 3.431771218776702 16.968825548887253 3.376115620136261 2.5114195793867111 22.00893497467041 2.5784447640180588
leaf_count=145 26 38 10 21 33 14 28 23 69 59 13 27 26 22 22 15 22 14 13 64 13 10 82 10
internal_value=0.000743329 0.00589965 -0.00899568 0.0118278 0.00746294 0.00208513 -0.000383395 -0.0022311 0.00154643 -0.0063747 0.00373177 0.00616741 -0.00993834 -0.00637446 -0.00217478 -0.0114168 -0.00544348 -0.0128296 0.0119521 0.0138861 0.00874597 -0.012774 0.0150445 0.00294259
internal_weight=210.107 137.441 72.6657 70.7999 22.8437 10.4945 66.6414 46.159 24.0199 22.1391 20.4824 17.1727 67.4254 19.9682 12.1507 47.4572 9.21289 38.2444 12.3492 47.9561 8.97838 7.81753 38.9778 5.24022
internal_count=819 523 296 266 86 40 257 179 92 87 78 65 276 80 48 196 37 159 46 180 34 32 146 20
is_linear=0
shrinkage=0.01


Tree=27
num_leaves=21
num_cat=0
split_feature=11 26 8 17 1 10 39 6 56 38 39 41 47 45 39 2 24 2 39 2
split_gain=103.553 50.4081 8.25084 6.96385 5.09611 5.37297 4.79788 5.76627 4.94619 4.67216 6.94004 3.63063 5.68835 4.1265 6.42727 4.96316 2.94638 1.46496 3.83752 2.20712
threshold=16.82499980926514 0.0014492869377136233 0.97012302279472362 27710.000000000004 1456966.0000000002 -0.00039863500569481397 1.0021736919879916 -58114875391.999992 99.999958038330092 -1.0678899884223936 2.227493524551392 1.5120357871055605 0.39431120455265051 -0.16440414637327191 0.36458553373813635 288138.50000000006 48.500000000000007 7271354.5000000009 0.57945388555526745 83578820.000000015
decision_type=2 2 2 2 2 2 2 2 2 2 2 2 2 2 2 2 2 2 2 2
left_child=2 3 11 9 5 -3 8 -8 -6 10 -2 13 -13 15 -15 -1 -11 18 -5 -19
right_child=1 4 -4 17 6 -7 7 -9 -10 16 -12 12 -14 14 -16 -17 -18 19 -20 -21
leaf_value=-0.0049552835046841924 -0.0017480372030371939 0.017176576568528723 0.0060868041830289136 0.0041977085182863094 -0.009144904495425649 -0.0018398141235731048 -0.0028095089183063811 0.004281094014049195 0.0058350793411008489 0.015546367553447552 0.013648867565025993 0.0042729895830556875 -0.013246001191749813 -0.012329714221531403 -0.0027071269508224254 -0.014879760584126637 0.0050546620507750939 0.016686877222849592 0.014734102851948996 0.0068080367062655304
leaf_weight=6.6247047632932654 8.8388570696115512 3.2294058203697205 3.4079599976539603 5.2307141274213818 11.669102892279623 2.5926594883203498 26.048525422811505 20.45347382128239 2.6319378912448874 8.106411471962927 4.3159635663032523 4.3746378272771826 3.1573586761951447 14.36199736595154 14.061996683478354 26.53404925763607 4.4956163465976706 24.553615972399715 12.254182264208792 2.8862332850694647
leaf_count=27 34 12 13 20 46 10 101 78 10 30 16 17 13 59 56 111 17 92 46 11
internal_value=0.000736954 0.00584688 -0.00892383 0.0117299 -0.000379368 0.00853651 -0.00124954 0.000287723 -0.00631809 0.00750117 0.00322751 -0.00967846 -0.00293808 -0.0104866 -0.00760438 -0.0129271 0.0118829 0.0141322 0.0116393 0.0156842
internal_weight=209.829 137.307 72.5227 70.6816 66.6251 5.82207 60.803 46.502 14.301 25.7568 13.1548 69.1147 7.532 61.5827 28.424 33.1588 12.602 44.9247 17.4849 27.4398
internal_count=819 523 296 266 257 22 235 179 56 97 50 283 30 253 115 138 47 169 66 103
is_linear=0
shrinkage=0.01


Tree=28
num_leaves=22
num_cat=0
split_feature=11 54 54 8 1 4 18 17 23 10 39 50 1 48 29 1 53 44 18 47 22
split_gain=101.654 19.1095 24.9783 8.10776 7.55843 7.47836 6.3187 5.65878 4.69412 4.61922 8.61474 3.88568 7.63799 3.78176 3.55374 6.63004 2.93279 2.57178 2.01505 1.45532 0.0649863
threshold=16.82499980926514 -4.781085491180419 4.2424874305725107 0.97012302279472362 7451077.0000000009 497684.28125000006 45431.500000000007 14347.500000000002 171.50000000000003 -8.4999999671708779e-05 0.93061417341232311 0.32923972606658941 295749.50000000006 -0.8840312361717223 0.090108491480350508 11702936.000000002 -0.83471009135246266 163949.12500000003 1446791.5000000002 1.0419057011604311 -19513.515624999996
decision_type=2 2 2 2 2 2 2 2 2 2 2 2 2 2 2 2 2 2 2 2 2
left_child=3 7 4 8 5 -3 -6 14 11 19 -11 16 -13 -4 -2 -16 -1 -15 20 -10 -9
right_child=1 2 13 -5 6 -7 -8 18 9 10 -12 12 -14 17 15 -17 -18 -19 -20 -21 -22
leaf_value=-0.0081226702487996252 0.015292473296690824 0.0056841288948212389 0.0020926575727217927 0.0060245532108417193 -0.010612220737563103 -0.0095493032405430788 -0.00031954938591853831 0.012937441326714106 -0.016438035009356471 -0.0069805821864783024 0.010896365164684903 0.007955726447472021 -0.011052226165157419 0.0040174561564134438 0.011137475387402935 -0.0072156648803217861 -0.014558285934092058 0.014597378795323293 0.0069711180471687473 -0.006394074907217359 0.017105416993071144
leaf_weight=10.665607362985606 3.254820838570593 31.820189639925957 3.6621947586536434 3.4087383449077597 7.295840546488761 3.5416216403245917 33.943474918603897 2.6444143354892757 3.8321042954921749 9.6822095662355405 3.7117612808942786 2.8759390413761121 7.5436588972806931 2.8878970146179226 4.2844869643449783 3.5863184481859207 27.670345738530163 20.792710781097412 2.8913082629442206 2.9994599521160126 16.562058597803119
leaf_count=43 12 121 14 13 29 14 131 10 16 39 14 11 31 11 16 14 117 78 11 12 62
internal_value=0.000730631 0.00579472 0.00367086 -0.00885121 0.000728166 0.00413016 -0.00216472 0.0124094 -0.0096008 -0.00545418 -0.00195183 -0.0113005 -0.00570982 0.0118783 0.00643694 0.00264785 -0.0127939 0.0133494 0.0153712 -0.0121745 0.0165836
internal_weight=209.557 137.167 103.944 72.3898 76.6011 35.3618 41.2393 33.2234 68.9811 20.2255 13.394 48.7556 10.4196 27.3428 11.1256 7.87081 38.336 23.6806 22.0978 6.83156 19.2065
internal_count=819 523 398 296 295 135 160 125 283 81 53 202 42 103 42 30 160 89 83 28 72
is_linear=0
shrinkage=0.01


Tree=29
num_leaves=22
num_cat=0
split_feature=11 54 54 4 19 4 49 17 37 48 51 3 47 24 29 49 30 18 47 14 37
split_gain=99.7926 18.7981 24.5425 7.9997 7.48662 8.88149 5.97154 5.58149 3.78475 3.72051 3.51143 4.77687 5.79372 3.81887 3.16729 2.57689 2.32554 1.98786 1.80577 1.48889 0.0653081
threshold=16.82499980926514 -4.781085491180419 4.2424874305725107 433286.54687500006 734.19863891601574 10113.719726562502 -0.10653109475970267 14347.500000000002 -2.6396529674530025 -0.8840312361717223 0.32431796193122869 -58575.999999999993 0.18732974678277972 440.50000000000006 0.32623355090618139 -0.42379926145076746 0.3208011537790299 1446791.5000000002 -0.20686253905296323 0.12499999627470972 -0.99760508537292469
decision_type=2 2 2 2 2 2 2 2 2 2 2 2 2 2 2 2 2 2 2 2 2
left_child=3 7 4 10 5 -3 -6 8 -2 -4 13 12 -12 16 -13 -10 -1 20 -11 -5 -9
right_child=1 2 9 19 6 -7 -8 17 15 18 11 14 -14 -15 -16 -17 -18 -19 -20 -21 -22
leaf_value=-0.015601999561834851 -0.0027340281526695071 0.0033631114899936648 0.0020720454110051824 0.0083078061090440594 0.0056456861041800565 -0.011497068066937214 -0.00063220077036993155 0.016985820548151689 0.0056888214180397471 0.010505722583821034 -0.0087140335331147966 -0.00051893069529527038 0.0031481363639600697 -0.00011424082623400875 -0.012521797141712991 0.018118367731341484 -0.0093648082779275842 0.0069078931689677513 0.016451043338223725 -0.0021369231697424417 0.012822704780029875
leaf_weight=17.716176360845573 3.1102184355258933 6.801056087017062 3.6616418957710293 2.6600583493709555 28.880917921662331 9.5605710297822935 31.345413655042648 16.515601694583896 5.2831452041864386 12.925050556659704 9.3215858191251773 2.7312541902065304 7.2167156487703314 2.5499292016029349 16.801400184631348 2.723638027906417 10.672671511769293 2.8886068910360327 10.709723323583598 2.5750512778759003 2.6368200480937984
leaf_count=75 12 26 14 10 110 38 121 62 20 49 38 11 28 10 70 10 44 11 40 10 10
internal_value=0.000724294 0.00574235 0.00363626 -0.0087807 0.000720612 -0.005259 0.00236169 0.0123106 0.00637756 0.0117803 -0.00971437 -0.00752158 -0.00347735 -0.0122386 -0.0108946 0.0100418 -0.0132924 0.0152577 0.0132421 0.00297922 0.0164649
internal_weight=209.287 137.042 103.884 72.2448 76.588 16.3616 60.2263 33.158 11.117 27.2964 67.0097 36.071 16.5383 30.9388 19.5327 8.00678 28.3888 22.041 23.6348 5.23511 19.1524
internal_count=819 523 398 296 295 64 231 125 42 103 276 147 66 129 81 30 119 83 89 20 72
is_linear=0
shrinkage=0.01


Tree=30
num_leaves=20
num_cat=0
split_feature=11 26 8 17 1 10 34 35 23 59 1 10 26 50 1 53 31 33 2
split_gain=97.9679 48.1832 7.93051 6.79754 4.93527 5.27319 4.7922 5.46675 4.60844 4.56784 9.20318 4.54664 4.49499 3.82974 7.48674 2.88426 2.05295 1.4731 2.31025
threshold=16.82499980926514 0.0014492869377136233 0.97012302279472362 27710.000000000004 1456966.0000000002 -0.00039863500569481397 -1.3686760663986204 -0.873399257659912 171.50000000000003 627812.96875000012 9079141.0000000019 -8.4999999671708779e-05 0.00024500170547980821 0.32923972606658941 295749.50000000006 -0.83471009135246266 5.9790539741516122 -1.4635440707206724 7271354.5000000009
decision_type=2 2 2 2 2 2 2 2 2 2 2 2 2 2 2 2 2 2 2
left_child=2 3 8 9 5 -3 -6 -8 13 10 -2 16 -13 15 -15 -1 -10 -5 -19
right_child=1 4 -4 17 6 -7 7 -9 11 -11 -12 12 -14 14 -16 -17 -18 18 -20
leaf_value=-0.0079953695746549126 0.011543822896504394 0.016980013372794017 0.0060046521886304421 0.0059066452938746419 0.0085864838503496108 -0.001874293582034477 -0.0053299491470169868 0.00088829591613366415 -0.016624178681753664 0.015821551324092825 -0.001771877002838517 -0.012868713742379981 0.0011090740912488985 0.0079368039607578475 -0.010894896809132207 -0.014390082828742662 -0.0047805413032660027 0.011300421901783332 0.016359541896251432
leaf_weight=10.638438895344729 10.695949077606207 3.2166411876678467 3.4061353653669348 2.6263892054557791 4.5462895333766928 2.5930082201957694 26.822274923324585 29.422760635614395 4.0772539377212551 5.1276050209999076 9.8679792284965497 2.9179999828338614 10.452368929982184 2.8749885857105237 7.5134982466697693 27.494344249367717 2.726651594042778 17.129343941807747 24.877130538225174
leaf_count=43 40 12 13 10 17 10 105 113 17 19 38 12 41 11 31 117 11 65 94
internal_value=0.000717983 0.00569028 -0.00871084 0.0114637 -0.000390836 0.00839268 -0.0012467 -0.0020593 -0.00945504 0.0072831 0.00510541 -0.00534217 -0.0018667 -0.0111445 -0.00558701 -0.0126323 -0.0120248 0.0138477 0.0143203
internal_weight=209.027 136.925 72.1017 70.3244 66.601 5.80965 60.7913 56.245 68.6955 25.6915 20.5639 20.1743 13.3704 48.5213 10.3885 38.1328 6.80391 44.6329 42.0065
internal_count=819 523 296 266 257 22 235 218 283 97 78 81 53 202 42 160 28 169 159
is_linear=0
shrinkage=0.01


Tree=31
num_leaves=22
num_cat=0
split_feature=58 26 41 17 41 2 56 34 59 28 6 27 41 27 38 29 2 36 36 22 60
split_gain=92.1204 42.6626 10.6586 10.387 7.51219 5.36755 7.36723 9.34661 8.01605 5.97645 5.35947 4.56751 3.75763 3.70224 4.25058 3.34426 2.87906 2.175 3.74953 1.74567 0.150873
threshold=12638.773925781252 0.0014492869377136233 2.2319080829620366 37840.000000000007 -1.6363881230354307 4955965.0000000009 66.666656494140639 0.33995944261550909 133039.71093750003 -63.562499999999993 -58433390591.999992 -25634815.999999996 1.5120357871055605 -1189887.9999999998 1.2886607050895693 0.31776691973209387 83578820.000000015 1.2621228098869326 0.89735856652259838 -19513.515624999996 -2554327.8749999995
decision_type=2 2 2 2 2 2 2 2 2 2 2 2 2 2 2 2 2 2 2 2 2
left_child=2 3 13 4 -2 9 7 -7 -8 10 -3 -6 -11 14 15 -1 19 18 -15 -5 -19
right_child=1 5 -4 16 11 6 8 -9 -10 12 -12 -13 -14 17 -16 -17 -18 20 -20 -21 -22
leaf_value=0.0014528748280093009 -0.010537032112577156 -0.0078380619792436726 0.0096906097092069026 0.0098146584049647826 -0.0008302632315127529 -0.0027858089522775627 -0.013704422227741835 -0.017948043338695232 0.0055272096747013104 0.012199448322506199 0.0082026140801305103 0.0095105678125265835 -0.00078176731273229595 -0.010976619905992092 0.0056431875909384076 -0.010753427659118377 0.0049361230836384084 -0.011840462552599471 -0.00072515265841891613 0.015383702525060371 -0.016568481499576734
leaf_weight=2.7850974947214118 2.5319342613220241 5.8662755191326141 2.9047900140285483 8.1414643675088865 5.1806787848472657 24.416392549872402 2.5055895000696209 4.9450816810131064 15.26309961080551 8.2989483624696714 3.1900321841239947 20.436836287379261 2.8565514981746665 35.525614857673645 2.8166395574808112 9.2167065739631635 3.9124992340803137 2.8304309099912643 4.2004779130220404 33.541387319564819 7.3586899489164335
leaf_count=11 10 23 11 31 20 95 10 20 58 31 12 77 11 148 11 38 15 12 17 127 31
internal_value=0.000711879 0.00531617 -0.0088774 0.0105715 0.00573317 -0.000424007 -0.00228621 -0.0053735 0.00275905 0.00386882 -0.00207741 0.00738029 0.00878575 -0.00972605 -0.0052077 -0.00783755 0.0135367 -0.0110474 -0.00991784 0.01432 -0.0153532
internal_weight=208.725 141.087 67.6384 73.7448 28.1494 67.342 47.1302 29.3615 17.7687 20.2118 9.05631 25.6175 11.1555 64.7337 14.8184 12.0018 45.5954 49.9152 39.7261 41.6829 10.1891
internal_count=819 540 279 280 107 260 183 115 68 77 35 97 42 268 60 49 173 208 165 158 43
is_linear=0
shrinkage=0.01


Tree=32
num_leaves=22
num_cat=0
split_feature=11 54 54 8 19 4 49 17 23 19 37 50 1 37 49 31 28 34 54 18 22
split_gain=94.608 18.0275 23.3978 7.68794 7.24756 8.66677 5.87701 5.39477 4.5541 5.10336 7.20887 3.78604 7.35532 3.69204 3.47402 2.83841 2.64578 2.37958 2.22316 1.9641 0.0687171
threshold=16.82499980926514 -4.781085491180419 4.2424874305725107 0.97012302279472362 734.19863891601574 10113.719726562502 -0.10653109475970267 14347.500000000002 171.50000000000003 68753.167968750015 1.0000000180025095e-35 0.32923972606658941 295749.50000000006 -2.6396529674530025 -0.83693188428878773 2.3061232566833501 -488.40624999999994 -0.42747271060943598 0.90195536613464367 1446791.5000000002 -19513.515624999996
decision_type=2 2 2 2 2 2 2 2 2 2 2 2 2 2 2 2 2 2 2 2 2
left_child=3 7 4 8 5 -3 -6 13 11 10 -10 18 -13 -2 -4 -15 -16 -11 -1 20 -9
right_child=1 2 14 -5 6 -7 -8 19 9 17 -12 12 -14 15 16 -17 -18 -19 -20 -21 -22
leaf_value=-0.010487202960963941 -0.0027851750374185882 0.0033168502367627159 0.00071280209272817563 0.0059067772486309901 0.0055637560512205595 -0.011367577886354945 -0.00066787008708281653 0.012524515530905561 0.0054699041930528292 -0.005153934078638788 -0.010136163181361473 0.007927368781520016 -0.01074910366880256 0.0034672164304842762 0.003205663159975738 0.015793023297104365 0.013958568044324856 -0.016586255800340236 -0.015764674161270021 0.0066493416769132238 0.016689164899378779
leaf_weight=23.762114807963371 3.1085643619298935 6.7988788634538677 2.8612749427557018 3.4046450853347769 28.850884631276131 9.5456931442022306 31.309242904186249 2.6183617860078838 6.9944291561841982 3.7117768377065659 5.1050349622964859 2.8750671148300153 7.4831424206495285 3.9400200694799405 2.8405510336160722 4.0494845062494278 21.443459257483479 4.3109677731990796 14.17280739545822 2.8756783902645102 16.379964798688892
leaf_count=99 12 26 11 13 110 38 121 10 27 15 21 11 31 15 11 15 81 18 61 11 62
internal_value=0.000705572 0.00559465 0.00353221 -0.00858093 0.00068817 -0.00519809 0.002304 0.0120478 -0.00931652 -0.00522406 -0.001032 -0.011001 -0.00546864 0.00621339 0.0115109 0.00983972 0.012742 -0.0114217 -0.0124853 0.0149622 0.0161678
internal_weight=208.442 136.622 103.65 71.82 76.5047 16.3446 60.1601 32.9721 68.4153 20.1222 12.0995 48.2931 10.3582 11.0981 27.1453 7.9895 24.284 8.02274 37.9349 21.874 18.9983
internal_count=819 523 398 296 295 64 231 125 283 81 48 202 42 42 103 30 92 33 160 83 72
is_linear=0
shrinkage=0.01


Tree=33
num_leaves=23
num_cat=0
split_feature=11 26 4 17 46 35 9 34 38 53 51 50 38 47 24 6 24 30 2 49 34 41
split_gain=92.8841 45.9923 7.6291 6.59213 4.82943 5.20282 8.08341 6.35078 4.41741 6.74335 3.45216 4.45672 12.2101 5.55946 3.77578 3.35574 2.8981 2.28922 1.49693 1.40618 5.44215 0.364796
threshold=16.82499980926514 0.0014492869377136233 433286.54687500006 27710.000000000004 -0.9687482714653014 -0.873399257659912 312428400.00000006 -1.3686760663986204 -1.0678899884223936 -8.6035799980163556 0.32431796193122869 0.32586789131164556 -0.63025665283203114 0.5649828612804414 440.50000000000006 -57629171711.999992 48.500000000000007 0.3208011537790299 57786424.000000007 -0.049165759235620492 -1.1618714332580564 1.1921896338462832
decision_type=2 2 2 2 2 2 2 2 2 2 2 2 2 2 2 2 2 2 2 2 2 2
left_child=2 3 10 8 15 7 -7 -6 9 -2 14 12 -12 -13 17 -3 -10 -1 -4 21 -21 -5
right_child=1 4 18 19 5 6 -8 -9 16 -11 11 13 -14 -15 -16 -17 -18 -19 -20 20 -22 -23
leaf_value=-0.015311529563227833 0.013253512168690475 -0.018155194236675033 0.0083402087640414672 0.016408927665477989 0.011922567659954864 -0.0019008657369180379 0.0081629787366408364 -0.0040966451408821101 0.015014355656048304 -0.0019685753187203771 -0.016084293221588438 -0.011696565545816677 0.01221212706179454 -0.002035863926916944 0 -0.0013724311538534195 0.0045884427701583909 -0.0090953658768019759 -0.0021418970501010572 0 0.01368779063180201 0.012033715945203551
leaf_weight=17.503377526998527 4.2847022265195838 2.4747263938188553 2.6466907858848563 17.044690966606144 2.6983838379383114 15.523323670029642 16.160108178853989 27.135014295578003 8.0404527485370618 8.8278475403785723 2.6144388318061829 20.821440130472187 3.6546743065118781 8.7213868796825391 2.5414588600397101 2.5683680772781363 4.4741176664829245 10.586176499724386 2.5802082866430283 3.3632207512855556 19.450591266155243 4.4486959576606742
leaf_count=75 16 10 10 65 10 60 61 106 30 34 11 87 14 35 10 10 17 44 10 13 74 17
internal_value=0.000699583 0.00554439 -0.00851334 0.0112079 -0.000391197 0.000364388 0.00320063 -0.00261421 0.0070886 0.00292918 -0.00943211 -0.00725219 0.000252021 -0.00887846 -0.0119481 -0.00980629 0.0113669 -0.0130044 0.0029745 0.0135679 0.0116568 0.0155499
internal_weight=208.164 136.494 71.6699 69.9343 66.5599 61.5168 31.6834 29.8334 25.6271 13.1125 66.443 35.8119 6.26911 29.5428 30.631 5.04309 12.5146 28.0896 5.2269 44.3072 22.8138 21.4934
internal_count=819 523 296 266 257 237 121 116 97 50 276 147 25 122 129 20 47 119 20 169 87 82
is_linear=0
shrinkage=0.01


Tree=34
num_leaves=21
num_cat=0
split_feature=11 26 8 17 1 10 34 35 59 1 23 19 37 50 1 36 54 49 34 12
split_gain=91.2001 45.2186 7.50898 6.51159 4.77099 5.12631 4.64173 5.21223 4.49709 8.91326 4.4832 5.00933 7.06729 3.73226 7.24014 2.66214 2.1891 1.39245 5.36066 0.285693
threshold=16.82499980926514 0.0014492869377136233 0.97012302279472362 27710.000000000004 1456966.0000000002 -0.00039863500569481397 -1.3686760663986204 -0.873399257659912 627812.96875000012 9079141.0000000019 171.50000000000003 68753.167968750015 1.0000000180025095e-35 0.32923972606658941 295749.50000000006 -0.39933006465435023 0.90195536613464367 -0.049165759235620492 -1.1618714332580564 179813360.00000003
decision_type=2 2 2 2 2 2 2 2 2 2 2 2 2 2 2 2 2 2 2 2
left_child=2 3 10 8 5 -3 -6 -8 9 -2 13 12 -12 16 -15 -13 -1 19 -19 -5
right_child=1 4 -4 17 6 -7 7 -9 -10 -11 11 15 -14 14 -16 -17 -18 18 -20 -21
leaf_value=-0.010346860618478561 0.011220591103063884 0.016762291913089568 0.0058744694314017253 0.016342846477723674 0.00844990122563599 -0.0018455468838177397 -0.0052255133364509411 0.00084751289415988624 0.015517255935862851 -0.0019041074043232148 0.0054737683211686962 -0.0042726405906614844 -0.0099974858292267363 0.0079303332186584745 -0.01061085333543847 -0.016400854753501459 -0.015601554493513381 0 0.013586931835161842 0.012458561897250862
leaf_weight=23.65704433619976 10.646309465169912 3.2002167105674744 3.4019860476255408 16.221234411001209 4.5446307361125937 2.5926872193813315 26.788501441478729 29.42217093706131 5.1015665531158438 9.8547884523868543 6.9929903298616427 3.464451476931572 5.0852774381637573 2.8746790885925275 7.45448237657547 4.5250182598829261 14.064285546541212 3.3632207512855556 19.399284690618515 5.2005775868892661
leaf_count=99 40 12 13 62 17 10 105 113 19 38 27 14 21 11 31 19 61 13 74 20
internal_value=0.000693471 0.00549555 -0.0084465 0.0111199 -0.000387513 0.00826149 -0.00122864 -0.00202894 0.00702488 0.00486283 -0.00917641 -0.00511161 -0.000957255 -0.0108532 -0.0053539 -0.0112669 -0.0123326 0.0134702 0.0115663 0.0154465
internal_weight=207.855 136.335 71.5202 69.787 66.5482 5.7929 60.7553 56.2107 25.6027 20.5011 68.1182 20.0677 12.0783 48.0505 10.3292 7.98947 37.7213 44.1843 22.7625 21.4218
internal_count=819 523 296 266 257 22 235 218 97 78 283 81 48 202 42 33 160 169 87 82
is_linear=0
shrinkage=0.01


Tree=35
num_leaves=21
num_cat=0
split_feature=11 26 4 17 1 10 39 6 21 59 1 51 3 47 24 29 40 40 33 2
split_gain=89.5532 44.4533 7.47164 6.43432 4.68081 5.04565 4.59517 5.63159 4.83422 4.42355 8.7518 3.38827 4.75926 5.6079 3.72803 3.11982 2.38906 1.55437 1.45555 2.28552
threshold=16.82499980926514 0.0014492869377136233 433286.54687500006 27710.000000000004 1456966.0000000002 -0.00039863500569481397 1.0021736919879916 -58114875391.999992 -141550.49999999997 627812.96875000012 9079141.0000000019 0.32431796193122869 -58575.999999999993 0.18732974678277972 440.50000000000006 0.32623355090618139 -1.580398380756378 -0.20801265537738797 -1.4635440707206724 7271354.5000000009
decision_type=2 2 2 2 2 2 2 2 2 2 2 2 2 2 2 2 2 2 2 2
left_child=2 3 11 9 5 -3 8 -8 -6 10 -2 14 13 -13 16 -14 -1 -4 -5 -20
right_child=1 4 17 18 6 -7 7 -9 -10 -11 -12 12 15 -15 -16 -17 -18 -19 19 -21
leaf_value=-0.0053980590877569876 0.011123757598520965 0.016643923509829423 0.008455333757149644 0.0054651165826289103 0.0010387125774657812 -0.0018272375014986048 -0.0027751177706030398 0.0042344144611740067 -0.010776938147778642 0.015394826882054099 -0.0018849187597479355 -0.0082777814066575025 -0.00018094619931465847 0.0034452981542286236 0 -0.012145673029585609 -0.014091497044564933 -0.0022366767254817835 0.010833005968303595 0.015890288583310638
leaf_weight=4.1039300262928071 10.631670206785207 3.1907933950424194 2.646618127822876 2.6062390655279151 5.4676938354969016 2.5924816429615012 26.020432725548741 20.446713328361515 8.8085878342390043 5.0907698720693579 9.855555981397627 9.2135581374168414 2.7053513973951366 7.1797084510326377 2.5379840433597556 16.584821179509163 23.816529139876366 2.5771428793668738 16.944097861647606 24.50840499997139
leaf_count=17 40 12 10 10 21 10 101 78 35 19 38 38 11 28 10 70 102 10 65 94
internal_value=0.000687653 0.00544782 -0.00838058 0.011033 -0.000383454 0.0081909 -0.00121627 0.000287732 -0.0061816 0.0069614 0.00481701 -0.00929364 -0.0071309 -0.00308246 -0.0117946 -0.0105195 -0.0128495 0.002989 0.0133741 0.0138472
internal_weight=207.529 136.163 71.3656 69.6367 66.5267 5.78328 60.7434 46.4671 14.2763 25.578 20.4872 66.1419 35.6834 16.3933 30.4584 19.2902 27.9205 5.22376 44.0587 41.4525
internal_count=819 523 296 266 257 22 235 179 56 97 78 276 147 66 129 81 119 20 169 159
is_linear=0
shrinkage=0.01


Tree=36
num_leaves=20
num_cat=0
split_feature=11 26 4 17 46 1 39 59 1 51 3 50 60 24 6 40 40 33 39
split_gain=87.9364 43.7058 7.34721 6.35805 4.76505 5.50256 5.39036 4.352 8.59378 3.34569 4.68832 4.66768 4.2497 3.67649 3.25037 2.36087 1.52409 1.43665 1.76722
threshold=16.82499980926514 0.0014492869377136233 433286.54687500006 27710.000000000004 -0.9687482714653014 1456966.0000000002 1.0021736919879916 627812.96875000012 9079141.0000000019 0.32431796193122869 -58575.999999999993 0.32923972606658941 -2538416.3749999995 440.50000000000006 -57629171711.999992 -1.580398380756378 -0.20801265537738797 -1.4635440707206724 -0.10634183138608931
decision_type=2 2 2 2 2 2 2 2 2 2 2 2 2 2 2 2 2 2 2
left_child=2 3 9 7 14 -6 -7 8 -2 13 11 -11 -12 15 -3 -1 -4 -5 -19
right_child=1 4 16 17 5 6 -8 -9 -10 10 12 -13 -14 -15 -16 -17 -18 18 -20
leaf_value=-0.0053506802261579656 0.011028301751598475 -0.017968576655897496 0.0083711150555063705 0.0054150765712038104 0.010428837567514419 -0.0058919754883792674 0.0012532056822268179 0.015274891276987284 -0.0018659283280371031 -0.0067279659012920347 -0.01341679575784396 0.0046668570182250395 -0.0027365307858539184 0 -0.0014298200584537814 -0.014001677907411112 -0.0022144272534775577 0.0092017491121828016 0.014818305362557811
leaf_weight=4.0988917797803941 10.616531878709798 2.4697758108377457 2.6465128064155579 2.60403087735176 5.0057759881019583 14.01840405166149 42.447957277297974 5.0794906169176093 9.8562986701726896 11.186170578002931 13.78728649020195 5.1947624236345282 5.4542906135320672 2.5379840433597556 2.5672134906053534 23.730049893260002 2.5770065933465949 8.0354482382535917 33.292598754167557
leaf_count=17 40 10 10 10 19 55 163 19 38 46 59 20 22 10 10 102 10 31 128
internal_value=0.00068177 0.00540038 -0.00831519 0.0109472 -0.000379567 0.000370971 -0.000502956 0.00689878 0.00477175 -0.00922264 -0.00707205 -0.00305336 -0.0104413 -0.0117125 -0.00973776 -0.0127634 0.00295733 0.0132792 0.0137505
internal_weight=207.206 135.994 71.213 69.4844 66.5091 61.4721 56.4664 25.5523 20.4728 65.9894 35.6225 16.3809 19.2416 30.3669 5.03699 27.8289 5.22352 43.9321 41.328
internal_count=819 523 296 266 257 237 218 97 78 276 147 66 81 129 20 119 20 169 159
is_linear=0
shrinkage=0.01


Tree=37
num_leaves=20
num_cat=0
split_feature=11 26 8 17 46 1 39 59 1 3 50 57 6 30 60 34 33 2 28
split_gain=86.3514 42.9763 7.27007 6.28316 4.67641 5.39808 5.28551 4.28237 8.43911 3.46882 6.87517 3.75386 3.19316 3.13193 2.32738 3.2946 1.41824 2.27845 1.19685
threshold=16.82499980926514 0.0014492869377136233 0.97012302279472362 27710.000000000004 -0.9687482714653014 1456966.0000000002 1.0021736919879916 627812.96875000012 9079141.0000000019 -58575.999999999993 0.32923972606658941 17.324300765991214 -57629171711.999992 0.32848031818866735 -2542914.3749999995 -0.27411998808383936 -1.4635440707206724 7271354.5000000009 -389.81249999999994
decision_type=2 2 2 2 2 2 2 2 2 2 2 2 2 2 2 2 2 2 2
left_child=2 3 9 7 12 -6 -7 8 -2 10 11 -1 -3 -12 18 -16 -5 -18 -11
right_child=1 4 -4 16 5 6 -8 -9 -10 14 13 -13 -14 -15 15 -17 17 -19 -20
leaf_value=-0.0032095440058284731 0.010934186248132024 -0.017819827417099008 0.0058491967636307551 0.0053655301949612965 0.010334407707475847 -0.0058359525021223647 0.0012405825911893755 0.015157364883070266 -0.0018471336824907631 -0.0063391063879883417 0.010711301301067407 -0.011261793931660128 -0.0014156528299627902 -0.0043266332341546608 -0.014086471688093224 -0.0046755584762356002 0.010641115983239394 0.015702037266598804 -0.014772675346052422
leaf_weight=9.0772897303104418 10.600912243127828 2.4655092805624008 3.3960531353950492 2.6018075197935095 5.0010243952274314 14.011480823159216 42.451054647564888 5.0677456557750693 9.8570168465375883 2.3747936189174679 2.9258866906166068 18.183809548616409 2.5669767558574668 2.5151668339967728 6.3194423764944103 10.23691366612911 16.861330509185791 24.340333014726639 16.025689452886581
leaf_count=36 40 10 13 10 19 55 163 19 38 10 11 77 10 10 27 42 65 94 70
internal_value=0.000675898 0.00535322 -0.00825096 0.0108626 -0.00037585 0.000367312 -0.000497787 0.00683699 0.00472702 -0.00897348 -0.00655793 -0.00861727 -0.00965107 0.00357612 -0.0112046 -0.00832804 0.0131856 0.0136552 -0.0137386
internal_weight=206.88 135.825 71.055 69.3291 66.496 61.4636 56.4625 25.5257 20.4579 67.659 32.7022 27.2611 5.03249 5.44105 34.9568 16.5564 43.8035 41.2017 18.4005
internal_count=819 523 296 266 257 237 218 97 78 283 134 113 20 21 149 69 169 159 80
is_linear=0
shrinkage=0.01


Tree=38
num_leaves=17
num_cat=0
split_feature=11 26 4 31 46 1 39 30 31 55 3 47 60 2 0 40
split_gain=84.7984 42.2625 7.16527 4.81028 4.58976 5.2958 5.18276 4.54857 3.16886 3.11416 3.5981 3.48687 2.81124 2.50859 1.782 1.48393
threshold=16.82499980926514 0.0014492869377136233 433286.54687500006 -7.905303716659545 -0.9687482714653014 1456966.0000000002 1.0021736919879916 0.33898568153381353 0.24349329620599749 4.3169193267822275 86680.000000000015 0.18732974678277972 -2542914.3749999995 114499296.00000001 228333.00000000003 -0.20801265537738797
decision_type=2 2 2 2 2 2 2 2 2 2 2 2 2 2 2 2
left_child=2 3 9 -2 8 -6 -7 13 -3 10 11 -1 -11 -5 -12 -4
right_child=1 4 15 7 5 6 -8 -9 -10 12 14 -13 -14 -15 -16 -17
leaf_value=-0.011041592936506986 0 -0.017696337774379338 0.0082870898707240494 0.012453618394794291 0.010241266968336589 -0.0057805325931196841 0.0012280886271205779 -0.0012981954388779366 -0.0013478094188943662 -0.0085798976520711362 -0.014829264875072454 -0.0048223364868331961 0.0030069066698648773 0.0034808184068189129 -0.0060502832270743004 -0.0021554833445800738
leaf_weight=19.416604161262512 3.8249861598014823 2.466112717986106 2.6453640758991241 59.162525042891502 4.9960666894912711 14.00439068675041 42.454088419675827 2.5610029548406592 2.5615283697843552 4.473953440785408 16.506317019462589 18.335542187094688 3.7701157331466657 3.6214159280061713 3.1723312586545935 2.5758215337991706
leaf_count=82 15 10 10 227 19 55 163 10 10 19 72 75 15 14 13 10
internal_value=0.000670072 0.00530668 -0.00818748 0.0107793 -0.000372175 0.000363693 -0.000492671 0.0114174 -0.00956584 -0.00908765 -0.00992117 -0.0080475 -0.00315981 0.011952 -0.0134649 0.00294382
internal_weight=206.548 135.652 70.896 69.1699 66.4822 61.4545 56.4585 65.3449 5.02764 65.6749 57.4308 37.7521 8.24407 62.7839 19.6786 5.22119
internal_count=819 523 296 266 257 237 218 251 20 276 242 157 34 241 85 20
is_linear=0
shrinkage=0.01


Tree=39
num_leaves=22
num_cat=0
split_feature=11 54 54 2 17 8 28 17 23 19 37 50 1 37 49 31 53 36 28 18 22
split_gain=83.2597 16.4506 21.0044 10.6352 8.70345 7.09316 5.47097 5.10893 4.42817 4.99389 6.90591 3.61742 7.04856 3.60846 3.35921 2.77573 2.76539 2.63206 2.59833 1.94041 0.091316
threshold=16.82499980926514 -4.781085491180419 4.2424874305725107 4955965.0000000009 169397.00000000003 0.97012302279472362 -78.374999999999986 14347.500000000002 171.50000000000003 68753.167968750015 1.0000000180025095e-35 0.32923972606658941 295749.50000000006 -2.6396529674530025 -0.83693188428878773 2.3061232566833501 -0.83471009135246266 -0.39933006465435023 -488.40624999999994 1446791.5000000002 -19513.515624999996
decision_type=2 2 2 2 2 2 2 2 2 2 2 2 2 2 2 2 2 2 2 2 2
left_child=5 7 3 6 -5 8 -3 13 11 10 -10 16 -13 -2 -4 -15 -1 -11 -16 20 -9
right_child=1 2 14 4 -6 -7 -8 19 9 17 -12 12 -14 15 18 -17 -18 -19 -20 -21 -22
leaf_value=-0.0074291235342127662 -0.0031158912396514553 0 0.00027607481453560396 -0.005364181323573392 0.0032392081980416871 0.0058057904709830693 0.0093957629411591786 0.011835053671382137 0.0057230400324406539 -0.0039954913289040926 -0.0096361337043957534 0.0080338370957852186 -0.01031503435357198 0.0030899308665515816 0.0026447892840287808 0.015309835021827669 -0.013744176438758821 -0.016100096341800922 0.013356549664988478 0.0060591019149342212 0.016099800236478432
leaf_weight=10.497309103608126 3.09928198158741 10.368752911686899 2.8432193547487286 31.063650846481323 18.773065760731697 3.393722563982009 16.059479713439941 2.5640595406293896 6.9678699821233767 3.441312164068222 5.0314134955406189 2.8643282651901227 7.3747613131999969 3.920072987675665 2.8049656301736894 4.0166905224323273 26.699598610401157 4.4740542024373999 21.094890519976612 2.8401242643594733 16.045319736003879
leaf_count=43 12 40 11 122 72 13 61 10 27 14 21 11 31 15 11 15 117 19 81 11 62
internal_value=0.000664102 0.00525971 0.00328932 0.000601423 -0.00210329 -0.00812353 0.00573965 0.0114768 -0.00884027 -0.00478986 -0.000633869 -0.0105196 -0.00508437 0.0057947 0.0109172 0.00940026 -0.0119889 -0.0109638 0.0121412 0.0143538 0.0155659
internal_weight=206.238 135.494 103.008 76.2649 49.8367 70.7444 26.4282 32.4855 67.3506 19.9146 11.9993 47.436 10.2391 11.036 26.7431 7.93676 37.1969 7.91537 23.8999 21.4495 18.6094
internal_count=819 523 398 295 194 296 101 125 283 81 48 202 42 42 103 30 160 33 92 83 72
is_linear=0
shrinkage=0.01


Tree=40
num_leaves=22
num_cat=0
split_feature=11 26 4 19 10 60 34 2 60 56 38 55 23 31 3 34 39 54 43 40 7
split_gain=81.7667 40.9472 7.00565 5.31863 4.7721 4.99823 4.49803 5.03097 7.50546 6.50673 3.13247 3.07876 4.59351 3.66416 3.56833 4.02779 2.56437 3.89288 2.39815 1.44599 1.33496
threshold=16.82499980926514 0.0014492869377136233 433286.54687500006 3200.4450683593755 -0.00011942499986616893 -1041022.3437499999 -1.3686760663986204 4955965.0000000009 -2051226.1874999998 32.722997665405281 -1.0678899884223936 4.3169193267822275 275.00000000000006 3.6390073299407963 86680.000000000015 -0.36377774178981775 -0.10634183138608931 -6.281547784805297 731264.28125000012 -0.20801265537738797 0.98631972074508678
decision_type=2 2 2 2 2 2 2 2 2 2 2 2 2 2 2 2 2 2 2 2 2
left_child=2 3 11 4 10 -6 -3 9 -9 -8 -2 14 13 -13 15 -1 17 -5 -18 -4 -16
right_child=1 6 19 16 5 -7 7 8 -10 -11 -12 12 -14 -15 20 -17 18 -19 -20 -21 -22
leaf_value=-0.01190429825403291 0.0052226171150936479 0.0089196555766759018 0.0082212524212474068 0.015914141920214644 -0.0081831837294266945 0.0067046478102399318 0.016057258480478238 -0.015345711994145932 -0.0015799832068727085 0.0004272136395106929 0.015397239012147707 -0.015256980061997286 0.0078294723539629619 0.00062765717653178853 -0.015322379944657769 -0.0051171771039002622 0.010688552011660047 0.0019374182240533327 0.016065761280761145 -0.0020839682850385486 -0.0092725189271200669
leaf_weight=15.371731907129282 6.2886333018541336 4.8096773773431769 2.6437319219112396 3.3671025335788727 3.5604860335588455 6.073766350746153 3.2269047647714642 4.4639632254838935 37.837925761938095 16.113213241100311 6.63433486223221 3.1950789242982847 2.5712011903524399 2.4497014284133911 12.940278947353365 22.225382104516033 16.393358409404755 5.3626476228237134 21.195991367101669 2.5745121985673896 6.6080015003681174
leaf_count=65 24 18 10 13 14 23 12 18 147 62 25 14 10 10 57 92 64 21 82 10 28
internal_value=0.000658744 0.00521414 -0.00806151 0.0106177 0.00654247 0.00109882 -0.000371492 -0.00111267 -0.00305627 0.0030868 0.0105234 -0.00895557 -0.00305241 -0.00818627 -0.00978678 -0.00791872 0.0125807 0.00744285 0.0137473 0.00294536 -0.0133285
internal_weight=205.908 135.328 70.5796 68.8763 22.5572 9.63425 66.4517 61.642 42.3019 19.3401 12.923 65.3614 8.21598 5.64478 57.1454 37.5971 46.3191 8.72975 37.5893 5.21824 19.5483
internal_count=819 523 296 266 86 37 257 239 165 74 49 276 34 24 242 157 180 34 146 20 85
is_linear=0
shrinkage=0.01


Tree=41
num_leaves=20
num_cat=0
split_feature=11 54 54 2 17 8 28 17 30 1 41 47 45 39 2 4 44 18 47
split_gain=80.2969 15.9557 20.3629 10.276 8.46149 6.91692 5.349 4.98278 3.47536 5.84316 3.38373 5.55561 3.94322 6.34874 4.89731 3.32915 4.0447 1.92683 0.0585916
threshold=16.82499980926514 -4.781085491180419 4.2424874305725107 4955965.0000000009 169397.00000000003 0.97012302279472362 -78.374999999999986 14347.500000000002 0.098840933293104186 11702936.000000002 1.5120357871055605 0.39431120455265051 -0.16440414637327191 0.36458553373813635 288138.50000000006 1376315.9375000002 163949.12500000003 1446791.5000000002 0.86739584803581249
decision_type=2 2 2 2 2 2 2 2 2 2 2 2 2 2 2 2 2 2 2
left_child=5 7 3 6 -5 10 -3 8 -2 -10 12 -12 14 -14 -1 16 -4 18 -9
right_child=1 2 15 4 -6 -7 -8 17 9 -11 11 -13 13 -15 -16 -17 -18 -19 -20
leaf_value=-0.0039235013139404043 0.014482813990021505 0 0.00093448935075158418 -0.0052913418453124899 0.0031940551992887395 0.0057577730648796918 0.0092583593584990975 0.015920913352290261 0.010024212924393266 -0.0072865956575199975 0.0050161440663232673 -0.012504498991922346 -0.011428864179642817 -0.0017555043317525859 -0.013923042652509774 0.00011255743164365365 0.013570300263603275 0.0058913311550761894 0.011997182261935064
leaf_weight=6.4313674867153194 3.2230171561241132 10.366518974304201 3.0819399356842103 31.036356449127197 18.763583645224571 3.391440898180007 16.033251494169235 15.672708213329321 4.2127566039562225 3.5840832591056824 4.309099242091178 3.0776583701372147 13.952773109078409 13.755635783076285 25.506649166345596 2.8154617846012107 20.728524029254913 2.8300198912620536 2.7992883920669547
leaf_count=27 12 40 12 122 72 13 61 61 16 14 17 13 59 56 111 11 80 11 11
internal_value=0.000653374 0.00516942 0.00322937 0.000584942 -0.00207414 -0.00799888 0.00563886 0.0113104 0.00569809 0.00193845 -0.0087098 -0.00214837 -0.00950562 -0.00666269 -0.0119407 0.0107598 0.0119768 0.0141667 0.0153804
internal_weight=205.572 135.148 102.826 76.1997 49.7999 70.4246 26.3998 32.3219 11.0199 7.79684 67.0332 7.38676 59.6464 27.7084 31.938 26.6259 23.8105 21.302 18.472
internal_count=819 523 398 295 194 296 101 125 42 30 283 30 253 115 138 103 92 83 72
is_linear=0
shrinkage=0.01


Tree=42
num_leaves=22
num_cat=0
split_feature=11 54 54 2 17 4 24 17 48 29 1 51 3 47 60 24 44 30 18 24 22
split_gain=78.8542 15.7137 20.0216 10.0761 8.29698 6.84827 5.28176 4.92517 3.49496 3.41387 5.73371 3.26366 4.57221 5.44795 4.14064 3.6313 2.56528 2.28519 1.90645 1.51291 0.0931468
threshold=16.82499980926514 -4.781085491180419 4.2424874305725107 4955965.0000000009 169397.00000000003 433286.54687500006 129.50000000000003 14347.500000000002 -0.8840312361717223 0.090108491480350508 11702936.000000002 0.32431796193122869 -58575.999999999993 0.18732974678277972 -2538416.3749999995 440.50000000000006 163949.12500000003 0.3208011537790299 1446791.5000000002 39.500000000000007 -19513.515624999996
decision_type=2 2 2 2 2 2 2 2 2 2 2 2 2 2 2 2 2 2 2 2 2
left_child=5 7 3 6 -5 11 -3 9 -4 -2 -11 15 13 -13 -14 17 -10 -1 20 -7 -9
right_child=1 2 8 4 -6 19 -8 18 16 10 -12 12 14 -15 -16 -17 -18 -19 -20 -21 -22
leaf_value=-0.014704825125533245 0.014363591311061357 0.0088861321818902161 0.0012283125757888078 -0.0052409523766434154 0.0031620812943625887 -0.0022275854703596486 -0.00038120508581817626 0.011555103785949181 0.0027571691524904181 0.0099394904980294324 -0.0072144615533983993 -0.007880553665685925 -0.013019987243023473 0.0037297194341548269 -0.0024257862131166373 0 0.013392019858476909 -0.0084315791632670976 0.0058390500148854975 0.0083284219744505401 0.015821762394213693
leaf_weight=16.981553971767433 3.217300206422804 17.096550613641742 3.6161664873361614 31.021484330296516 18.763780578970909 2.5629675835371009 9.2903933972120267 2.5384327024221447 2.8315272629261043 4.2062115669250488 3.5837214440107346 9.0950881391763705 13.54168438911438 7.1430358439683905 5.4141234904527673 2.5212089270353308 20.116435676813126 10.359423771500586 2.8268215507268897 2.6509163379669189 15.861068218946459
leaf_count=75 12 65 14 122 72 10 36 10 11 16 14 38 59 28 22 10 78 44 11 10 62
internal_value=0.000648106 0.00512509 0.00320023 0.00057936 -0.00205381 -0.00793675 0.00558536 0.0112291 0.0106779 0.00564765 0.00191953 -0.00882444 -0.00669089 -0.00271169 -0.0100468 -0.0113054 0.0121234 -0.0123645 0.0140763 0.00294765 0.0152875
internal_weight=205.24 134.97 102.736 76.1722 49.7853 70.27 26.3869 32.2336 26.5641 11.0072 7.78993 65.0561 35.1939 16.2381 18.9558 29.8622 22.948 27.341 21.2263 5.21388 18.3995
internal_count=819 523 398 295 194 296 101 125 103 42 30 276 147 66 81 129 89 119 83 20 72
is_linear=0
shrinkage=0.01


Tree=43
num_leaves=21
num_cat=0
split_feature=11 26 8 17 46 1 39 23 19 37 38 39 50 1 6 24 53 36 33 2
split_gain=77.4446 39.1277 6.76668 6.11173 4.49305 5.01294 5.01343 4.34344 4.96495 6.74026 4.07916 6.45507 3.56884 6.89166 3.13608 2.79552 2.72636 2.61467 1.45412 2.25499
threshold=16.82499980926514 0.0014492869377136233 0.97012302279472362 27710.000000000004 -0.9687482714653014 1456966.0000000002 1.0021736919879916 171.50000000000003 68753.167968750015 1.0000000180025095e-35 -1.0678899884223936 2.227493524551392 0.32923972606658941 295749.50000000006 -57629171711.999992 48.500000000000007 -0.83471009135246266 -0.39933006465435023 -1.4635440707206724 7271354.5000000009
decision_type=2 2 2 2 2 2 2 2 2 2 2 2 2 2 2 2 2 2 2 2
left_child=2 3 7 10 14 -6 -7 12 9 -9 11 -2 16 -14 -3 -12 -1 -10 -5 -20
right_child=1 4 -4 18 5 6 -8 8 17 -11 15 -13 13 -15 -16 -17 -18 -19 19 -21
leaf_value=-0.0071911619638926226 -0.0023945240818559676 -0.017595330835530283 0.0057314192240137483 0.0047807530406121478 0.0099895592142075357 -0.005681886648422738 0.0012159101835660232 0.0058640946240575958 -0.0037857547830886097 -0.0093626124305149962 0.014181704513757994 0.012572216849663536 0.0081285693418078932 -0.010055747144397569 -0.0013101105962870199 0.0038863805404669312 -0.013486130625198569 -0.01588726646602355 0.010173686855503085 0.015243426060167585
leaf_weight=10.431361004710192 8.7709175795316714 2.4546776562929153 3.3894224911928168 2.5711138844490042 4.9731223136186591 13.981989741325377 42.431060522794724 6.9512325078248995 3.4223116487264633 4.9854016602039337 7.8898833990097028 4.2434524148702613 2.8586662858724576 7.3042540699243546 2.5605082958936682 4.4273713976144791 26.329415738582615 4.4326155930757514 16.626645535230637 23.860226169228554
leaf_count=43 34 10 13 10 19 55 163 27 14 21 30 16 11 31 10 17 117 19 65 94
internal_value=0.000642823 0.0050811 -0.00787642 0.0103905 -0.000372249 0.000355578 -0.000475984 -0.00858275 -0.00456214 -0.000411649 0.00641277 0.00240868 -0.0102573 -0.00484239 -0.00948029 0.0105623 -0.0117271 -0.0107421 0.0127075 0.0131861
internal_weight=204.896 134.791 70.1047 68.3896 66.4014 61.3862 56.4131 66.7153 19.7916 11.9366 25.3316 13.0144 46.9237 10.1629 5.01519 12.3173 36.7608 7.85493 43.058 40.4869
internal_count=819 523 296 266 257 237 218 283 81 48 97 50 202 42 20 47 160 33 169 159
is_linear=0
shrinkage=0.01


Tree=44
num_leaves=21
num_cat=0
split_feature=11 26 4 17 46 1 39 59 1 51 3 50 23 36 48 21 33 2 15 21
split_gain=76.0626 38.4917 6.69851 6.04363 4.41034 4.91871 4.91611 4.16052 7.97623 3.20364 4.51521 4.34869 3.63464 3.11219 2.85137 6.7803 1.4368 2.23829 1.37844 0.890505
threshold=16.82499980926514 0.0014492869377136233 433286.54687500006 27710.000000000004 -0.9687482714653014 1456966.0000000002 1.0021736919879916 627812.96875000012 9079141.0000000019 0.32431796193122869 -58575.999999999993 0.32923972606658941 333.50000000000006 -0.58665281534194935 -0.19097863137722013 8776.5000000000018 -1.4635440707206724 7271354.5000000009 0.12499999627470972 38999.500000000007
decision_type=2 2 2 2 2 2 2 2 2 2 2 2 2 2 2 2 2 2 2 2
left_child=2 3 9 7 13 -6 -7 8 -2 14 11 -11 -12 -3 19 -16 -5 -18 -4 -1
right_child=1 4 18 16 5 6 -8 -9 -10 10 12 -13 -14 -15 15 -17 17 -19 -20 -21
leaf_value=-0.01518945016287355 0.010359355259452235 -0.0012514087649881033 0.0080865060058550112 0.0047372919846877786 0.0099010443537419311 -0.0056281128627837943 0.001203668272185036 0.014610784366152037 -0.0021160628007398921 -0.006215110176549592 -0.011557535482075157 0.0048304096932829787 0.0015718389910239143 -0.017482539687708475 0.0037466110567107372 -0.012164106061326958 0.010096191328000746 0.01515531568816062 -0.0019716796274808135 -0.0087864506209712877
leaf_weight=13.478202447295194 10.478232309222227 2.5570332109928131 2.6480952948331824 2.5687666088342658 4.9674344956874839 13.974462300539015 42.433965638279915 5.0010426491498938 9.8217312693595868 11.020928427577021 16.592819616198543 5.1737239807844153 2.2650727182626715 2.4527623653411856 3.7191319912672034 8.8622259050607664 16.586923837661743 23.759460791945457 2.5627429187297821 3.6117345541715613
leaf_count=60 40 10 10 10 19 55 163 19 38 46 72 20 9 10 15 38 65 94 10 16
internal_value=0.000637513 0.00503766 -0.00781706 0.0103135 -0.00036862 0.000352082 -0.00047109 0.0063568 0.00427411 -0.00869918 -0.00658203 -0.00262464 -0.0099275 -0.00939767 -0.0111666 -0.00738131 0.012623 0.0131002 0.00294788 -0.0138948
internal_weight=204.536 134.602 69.9347 68.2162 66.3857 61.3759 56.4084 25.301 20.3 64.7238 35.0525 16.1947 18.8579 5.0098 29.6713 12.5814 42.9152 40.3464 5.21084 17.0899
internal_count=819 523 296 266 257 237 218 97 78 276 147 66 81 20 129 53 169 159 20 76
is_linear=0
shrinkage=0.01


Tree=45
num_leaves=22
num_cat=0
split_feature=11 54 54 2 18 4 24 17 37 48 51 3 47 60 24 31 44 40 18 24 22
split_gain=74.7032 15.1453 19.079 9.70566 8.06424 6.58873 5.2006 4.76758 3.50837 3.41553 3.16572 4.44909 5.32173 4.07099 3.56733 2.70636 2.5451 2.38092 1.90142 1.49648 0.102795
threshold=16.82499980926514 -4.781085491180419 4.2424874305725107 4955965.0000000009 45431.500000000007 433286.54687500006 129.50000000000003 14347.500000000002 -2.6396529674530025 -0.8840312361717223 0.32431796193122869 -58575.999999999993 0.18732974678277972 -2538416.3749999995 440.50000000000006 2.3061232566833501 163949.12500000003 -1.580398380756378 1446791.5000000002 39.500000000000007 -19513.515624999996
decision_type=2 2 2 2 2 2 2 2 2 2 2 2 2 2 2 2 2 2 2 2 2
left_child=5 7 3 6 -5 10 -3 8 -2 -4 14 12 -12 -13 17 -10 -11 -1 20 -7 -9
right_child=1 2 9 4 -6 19 -8 18 15 16 11 13 -14 -15 -16 -17 -18 -19 -20 -21 -22
leaf_value=-0.0046500077298653056 -0.0032770997757679381 0.0087514336310177705 0.0010874290041879308 -0.010070295374062215 0 -0.0022312167748601555 -0.00045202997153630763 0.011278682068825709 0.0028522665578884165 0.0025343453985633732 -0.0077290225422199169 -0.012824457286914738 0.0037645191501516264 -0.0022911182555745042 0 0.014955046585087095 0.013148080358777313 -0.013414285606914657 0.0055955593293313677 0.0082709014197163561 0.015595259577796337
leaf_weight=4.0098894536495271 3.0899207293987274 17.053108841180805 3.6062465012073543 9.9808453470468503 39.750756874680519 2.5609595179557791 9.2811825871467573 2.5111644715070787 3.9013780653476733 2.8189923465251949 9.0471892356872576 13.410009905695915 7.1338055729866019 5.3933207839727411 2.5158732980489722 3.9831719398498535 19.935060441493988 23.045729041099548 2.8096714764833441 2.6492147743701935 15.687444284558294
leaf_count=17 12 65 14 40 154 10 36 10 15 11 38 59 28 22 10 15 78 102 11 10 62
internal_value=0.000632258 0.00499467 0.0031053 0.000550719 -0.00203398 -0.0077579 0.00546982 0.0110142 0.0055192 0.0104389 -0.00863493 -0.00652874 -0.0026 -0.00985638 -0.0110928 0.00909326 0.0118771 -0.0121523 0.0138371 0.00291686 0.0150546
internal_weight=204.175 134.409 102.426 76.0659 49.7316 69.766 26.3343 31.9828 10.9745 26.3603 64.5558 34.9843 16.181 18.8033 29.5715 7.88455 22.7541 27.0556 21.0083 5.21017 18.1986
internal_count=819 523 398 295 194 296 101 125 42 103 276 147 66 81 129 30 89 119 83 20 72
is_linear=0
shrinkage=0.01


Tree=46
num_leaves=19
num_cat=0
split_feature=58 26 41 17 41 1 46 36 46 46 27 38 33 46 22 46 22 39
split_gain=70.8156 33.6602 9.518 9.36481 6.99766 4.68277 4.50617 7.79191 5.97047 7.7774 3.46146 4.15462 3.24859 3.11491 6.14856 2.95273 2.7556 1.51721
threshold=12638.773925781252 0.0014492869377136233 2.2319080829620366 37840.000000000007 -1.6363881230354307 11702936.000000002 -0.84339493513107289 -1.2867414355278013 -0.78128319978713978 -0.72517991065978993 -1189887.9999999998 1.2886607050895693 -1.4635440707206724 1.437989413738251 -4405.2150878906241 -0.6728353202342986 5114.9851074218759 -0.57857617735862721
decision_type=2 2 2 2 2 2 2 2 2 2 2 2 2 2 2 2 2 2
left_child=2 3 10 4 -2 -6 7 -3 -8 -10 11 15 -5 16 -15 -1 -12 -14
right_child=1 6 -4 12 5 -7 8 -9 9 -11 13 -13 17 14 -16 -17 -18 -19
leaf_value=0.0013627073515070976 -0.010912529754025671 0.0041332210324503196 0.0097215917035711266 0.0038690535041222317 0.01100839926883735 0.0022514179848464669 0.013919552850404391 -0.01541863586049955 -0.01285844645256262 0.00090618507584920907 -0.0088135357583065798 0.006464599295734408 0.0058592801189233804 -0.012188654724867739 0.0084781368283311561 -0.0099489856335482265 -0.014217629962631569 0.013860619303468078
leaf_weight=2.9367021620273581 2.5151697546243694 3.3808783739805222 2.8601623624563208 4.3936376124620429 11.973841428756716 13.182083219289778 3.1686159074306479 4.8951259851455671 4.4604551792144767 51.18967267870903 25.039517313241959 2.769470512866973 3.0150612741708747 3.2549099624156952 2.5354996025562277 8.7274142801761609 17.184347957372665 36.345267578959465
leaf_count=12 10 13 11 17 46 51 12 20 18 197 108 11 12 14 10 37 76 144
internal_value=0.000627057 0.00467885 -0.00795158 0.00945715 0.0048442 0.00645936 -0.000392933 -0.00731056 0.000563401 -0.000179105 -0.00877704 -0.00435952 0.0123516 -0.0100842 -0.0029664 -0.00701528 -0.0110366 0.0132731
internal_weight=203.828 138.52 65.308 71.4251 27.6711 25.1559 67.0947 8.276 58.8187 55.6501 62.4479 14.4336 43.754 48.0143 5.79041 11.6641 42.2239 39.3603
internal_count=819 540 279 280 107 97 260 33 227 215 268 60 173 208 24 49 184 156
is_linear=0
shrinkage=0.01


Tree=47
num_leaves=19
num_cat=0
split_feature=58 26 41 17 41 34 35 4 46 9 27 38 33 46 22 46 22 2
split_gain=69.5457 33.1041 9.35155 9.24987 6.86492 4.4301 5.2305 8.60658 8.11245 4.39356 3.41742 4.07744 3.21163 3.07255 6.03912 2.90581 2.73035 1.50079
threshold=12638.773925781252 0.0014492869377136233 2.2319080829620366 37840.000000000007 -1.6363881230354307 -1.3686760663986204 -0.873399257659912 39638.429687500007 -0.94083204865455616 317959072.00000006 -1189887.9999999998 1.2886607050895693 -1.4635440707206724 1.437989413738251 -4405.2150878906241 -0.6728353202342986 5114.9851074218759 7271354.5000000009
decision_type=2 2 2 2 2 2 2 2 2 2 2 2 2 2 2 2 2 2
left_child=2 3 10 4 -2 -3 7 -7 -8 -6 11 15 -5 16 -15 -1 -12 -14
right_child=1 5 -4 12 9 6 8 -9 -10 -11 13 -13 17 14 -16 -17 -18 -19
leaf_value=0.0013487217579539058 -0.010805037868414587 0.0088395658804158381 0.0096249801920224708 0.0038324043990884725 0.0023968445100464864 0.0013179688984561178 -0.01403099311629509 -0.0093886027544474136 0.0032482065967941332 0.010899479325407668 -0.008746417156358488 0.0063923693859076619 0.010375195800209 -0.012106334012541933 0.0083809537770659567 -0.0098727943937298498 -0.014135546463722965 0.014776593207581446
leaf_weight=2.9374786764383307 2.5147913247346905 4.8051217645406714 2.8599835336208335 4.391309291124343 13.409416079521181 14.456156089901926 2.979020044207572 15.30952402949333 29.531480833888054 11.719586789608 24.979651242494583 2.7727395892143241 14.379700332880018 3.2443254888057709 2.5392326712608329 8.7069216519594175 17.111658573150635 24.839085876941681
leaf_count=12 10 18 11 17 52 56 12 61 113 45 108 11 57 14 10 37 76 99
internal_value=0.000622022 0.00463861 -0.00789092 0.00938565 0.00480054 -0.000388802 -0.0011169 -0.0041552 0.00163411 0.00640207 -0.00871117 -0.00431954 0.0122691 -0.0100128 -0.00293862 -0.00695612 -0.0109611 0.0131883
internal_weight=203.487 138.335 65.152 71.2539 27.6438 67.0813 62.2762 29.7657 32.5105 25.129 62.292 14.4171 43.6101 47.8749 5.78356 11.6444 42.0913 39.2188
internal_count=819 540 279 280 107 260 242 117 125 97 268 60 173 208 24 49 184 156
is_linear=0
shrinkage=0.01


Tree=48
num_leaves=22
num_cat=0
split_feature=11 26 8 19 10 60 34 46 38 49 23 19 37 38 1 51 53 36 39 21 33
split_gain=71.0002 36.2586 6.4278 4.93305 4.45714 4.7869 4.32556 4.54337 5.76573 5.50647 4.23939 4.86834 6.56097 3.0456 2.92793 7.20102 2.72758 2.61644 2.51889 4.15124 1.16867
threshold=16.82499980926514 0.0014492869377136233 0.97012302279472362 3200.4450683593755 -0.00011942499986616893 -1041022.3437499999 -1.3686760663986204 -0.84339493513107289 -1.4898712038993833 -0.049165759235620492 171.50000000000003 68753.167968750015 1.0000000180025095e-35 -1.0678899884223936 295749.50000000006 0.32873417437076574 -0.83471009135246266 -0.39933006465435023 -0.10634183138608931 -28922.499999999996 -1.4635440707206724
decision_type=2 2 2 2 2 2 2 2 2 2 2 2 2 2 2 2 2 2 2 2 2
left_child=2 3 10 4 13 -6 -3 8 -8 -9 14 12 -12 -2 15 -1 -16 -13 19 -5 -20
right_child=1 6 -4 18 5 -7 7 9 -10 -11 11 17 -14 -15 16 -17 -18 -19 20 -21 -22
leaf_value=-0.010445878753669001 0.0047382696451925468 0.0087537521595534747 0.0056807364417893816 0.013362346747215998 -0.0082711714620320557 0.006340118666922836 0.0031299116364269797 0.0028071311268071716 -0.015231005430155242 -0.0035880270021578292 0.0059973944324901154 -0.0034820416926157091 -0.0090843616783415678 0.014824741732708653 -0.007087830424902599 0.0082683057867908808 -0.013208396966284803 -0.015639984872193584 0.0065818404428882515 -0.00036010177511907492 0.013701112298991923
leaf_weight=7.0338010638952237 6.2351746708154678 4.8037114590406409 3.3798043578863135 4.5554161369800568 3.5461703985929489 6.0371346622705442 2.5800276845693588 29.621176272630692 4.6488482654094687 24.668671324849129 6.9299384504556674 3.3899955600500107 4.9350805580615997 6.5272423774004 11.549001991748804 2.8487744331359863 24.83633162081242 4.3789958953857413 3.0828087031841269 4.0055504292249662 33.545068189501762
leaf_count=31 24 18 13 18 14 23 10 114 19 96 27 14 21 25 48 11 112 19 12 16 134
internal_value=0.000617057 0.00487487 -0.0075949 0.0100331 0.00609753 0.000829063 -0.000362505 -0.00109061 -0.00853955 -8.03342e-05 -0.00829091 -0.00430692 -0.000191359 0.00997528 -0.00995993 -0.0049501 -0.0112932 -0.0104636 0.011957 0.00682501 0.0131292
internal_weight=203.139 133.857 69.2817 67.5346 22.3457 9.58331 66.3224 61.5187 7.22888 54.2898 65.9019 19.634 11.865 12.7624 46.2679 9.88258 36.3853 7.76899 45.1888 8.56097 36.6279
internal_count=819 523 296 266 86 37 257 239 29 210 283 81 48 49 202 42 160 33 180 34 146
is_linear=0
shrinkage=0.01


Tree=49
num_leaves=19
num_cat=0
split_feature=58 54 54 2 41 17 17 37 34 58 4 27 38 29 24 29 60 58
split_gain=67.1257 13.5808 17.7197 9.584 9.10566 7.47986 7.4386 6.16828 4.90096 4.86871 4.08965 3.34573 3.99114 3.17248 2.7441 3.49754 2.72922 3.61363
threshold=12638.773925781252 4.2424874305725107 -4.781085491180419 4955965.0000000009 2.2319080829620366 169397.00000000003 14347.500000000002 -2.6396529674530025 -0.48291398584842676 202628.17968750003 1376315.9375000002 -1189887.9999999998 1.2886607050895693 0.31776691973209387 490.50000000000006 0.31776691973209387 -1290584.1874999998 380374.23437500006
decision_type=2 2 2 2 2 2 2 2 2 2 2 2 2 2 2 2 2 2
left_child=4 2 6 8 11 -5 7 -2 -4 -8 16 12 13 -1 15 -13 17 -3
right_child=1 10 3 5 -6 -7 9 -9 -10 -11 -12 14 -14 -15 -16 -17 -18 -19
leaf_value=0.0023234002396739111 -0.0071771072818030577 0.012627970030502091 0 -0.0051488859115939234 0.0095149334892788481 0.0028255218245415766 0.0043454849474955032 0.0075153507758549962 0.0087996981515086042 0.014713905204119651 0 -0.015140868620440584 0.0063554984229698365 -0.0097649218091831452 -0.00097756064881465731 -0.0087102622789857684 0.015658009757585491 -0.0010535257329929474
leaf_weight=2.7093719989061347 4.2956676930189124 5.6624665111303365 10.357931286096575 31.926688700914383 2.8565951138734809 18.449459210038185 6.4671421200037029 8.3328260630369169 15.635194957256315 17.915271088480949 2.7806178480386725 12.518917515873907 2.772625967860221 8.8917819857597333 3.4565411508083335 31.615283280611038 13.39268134534359 2.7341489940881729
leaf_count=11 17 22 40 126 11 71 26 32 60 71 11 57 11 38 14 137 53 11
internal_value=0.000612043 0.00456063 0.00308787 0.000322164 -0.00777578 -0.00220854 0.00876769 0.00243843 0.00526527 0.0120048 0.0113161 -0.00858903 -0.00423766 -0.00685558 -0.00988225 -0.010557 0.0127736 0.00805384
internal_weight=202.771 137.95 113.38 76.3693 64.8211 50.3761 37.0109 12.6285 25.9931 24.3824 24.5699 61.9645 14.3738 11.6012 47.5907 44.1342 21.7893 8.39662
internal_count=819 540 443 297 279 197 146 49 100 97 97 268 60 49 208 194 86 33
is_linear=0
shrinkage=0.01


Tree=50
num_leaves=22
num_cat=0
split_feature=11 26 8 19 10 60 34 35 1 43 23 19 37 50 1 37 53 36 39 21 43
split_gain=68.6276 35.1862 6.24216 4.85327 4.38495 4.66417 4.24821 4.68871 9.39448 7.86913 4.16702 4.79216 6.39911 3.45136 6.63779 2.77034 2.64335 2.58544 2.4948 4.07767 2.40669
threshold=16.82499980926514 0.0014492869377136233 0.97012302279472362 3200.4450683593755 -0.00011942499986616893 -1041022.3437499999 -1.3686760663986204 -0.873399257659912 1918470.5000000002 5784589.5000000009 171.50000000000003 68753.167968750015 1.0000000180025095e-35 0.32923972606658941 295749.50000000006 -0.69891938567161549 -0.83471009135246266 -0.39933006465435023 -0.10634183138608931 -28922.499999999996 731264.28125000012
decision_type=2 2 2 2 2 2 2 2 2 2 2 2 2 2 2 2 2 2 2 2 2
left_child=2 3 10 4 15 -6 -3 8 -8 -9 13 12 -12 16 -15 -2 -1 -13 19 -5 -20
right_child=1 6 -4 18 5 -7 7 9 -10 -11 11 17 -14 14 -16 -17 -18 -19 20 -21 -22
leaf_value=-0.0068212614816042499 0.0050196195002138169 0.0086778938298363376 0.0055969022051094519 0.013207279510392796 -0.0082176665785754395 0.0062134776913489185 0.012097001156448368 -0.00038616753423112205 -0.0060743119235069035 0.014102504817249563 0.005963096611454056 -0.0034041879607467091 -0.0089528762624513196 0.0082419218123401909 -0.0096731065227649727 0.014679903004541781 -0.013067569398782865 -0.015515647418934422 0.0098871723616677041 -0.00042311797444357323 0.015344804868227846
leaf_weight=10.308761119842524 6.4690656960010529 4.8020292669534674 3.376043587923049 4.5238431990146637 3.545002743601799 6.0246469229459745 3.1701138913631466 28.441661283373833 25.580323904752731 4.2987097054719916 6.9303580522537249 3.3814396262168884 4.9118894934654236 2.8491407930850965 7.1822378933429718 6.2497720420360583 25.654180064797405 4.3512839823961249 15.908487260341643 3.9970723539590818 20.466740772128105
leaf_count=43 25 18 13 18 14 23 12 110 101 16 27 14 21 11 31 24 117 19 64 16 82
internal_value=0.000607024 0.00479633 -0.00748893 0.00989698 0.00599057 0.000763075 -0.000357854 -0.00107975 -0.0040359 0.00148561 -0.00817794 -0.00422341 -0.000139259 -0.00983923 -0.00448514 0.00984511 -0.0113049 -0.0103488 0.011814 0.00669604 0.0129854
internal_weight=202.423 133.477 68.9453 67.1846 22.2885 9.56965 66.2928 61.4908 28.7504 32.7404 65.5693 19.575 11.8422 45.9943 10.0314 12.7188 35.9629 7.73272 44.8961 8.52092 36.3752
internal_count=819 523 296 266 86 37 257 239 113 126 283 81 48 202 42 49 160 33 180 34 146
is_linear=0
shrinkage=0.01


Tree=51
num_leaves=20
num_cat=0
split_feature=58 26 19 4 30 8 12 47 39 39 6 7 30 28 1 6 24 2 21
split_gain=64.7945 31.0337 7.47327 6.05581 5.10612 4.64211 4.40259 6.07475 8.60432 8.49842 5.59622 7.52617 3.49319 2.77656 3.82428 3.12848 3.02859 1.81723 0.239589
threshold=12638.773925781252 0.0014492869377136233 5589.8942871093759 2231139.3750000005 0.098840933293104186 0.94171550869941723 189631520.00000003 -1.3590980172157285 5.2311542034149179 4.0700824260711679 -57629171711.999992 1.4867205023765566 0.32848031818866735 -758.18749999999989 678492.50000000012 -62101424127.999992 392.00000000000006 83578820.000000015 109706.50000000001
decision_type=2 2 2 2 2 2 2 2 2 2 2 2 2 2 2 2 2 2 2
left_child=5 2 3 4 -2 13 7 9 -9 -3 11 -8 17 14 -1 18 -17 -4 -15
right_child=1 6 12 -5 -6 -7 10 8 -10 -11 -12 -13 -14 15 -16 16 -18 -19 -20
leaf_value=-0.010607320318080119 0.013846684603529995 0.01402858089000072 0.013103459285465101 -0.0077897908871677772 0.003528410913070519 0.0037187990954570859 -0.0065118017108828927 -0.0060391209419262647 0.0034535770490127351 -0.0074145148734217807 0.016756506898336142 0.0099494214696397281 0.00092954013210812259 -0.015007239132613813 0.0068432360659323923 -0.0085917131252534664 0 0.0050911995385743139 -0.0095686074165866469
leaf_weight=2.3035758584737769 7.0338248014450135 5.1359616667032233 37.339141398668289 3.2440060526132575 16.381312906742096 3.2797538936138144 5.834295377135275 31.392480313777924 13.577976778149603 2.8203116804361343 2.9850930720567694 5.2675261646509171 3.0218554139137259 8.3272910863161069 2.7280587702989578 41.183342680335045 4.4475222676992408 3.5213094204664221 2.2166364043951026
leaf_count=10 27 19 150 13 64 13 23 124 52 11 11 20 12 38 11 179 18 14 10
internal_value=0.000602141 0.00448416 0.00911427 0.00487356 0.00667069 -0.00766306 -0.000374768 -0.00171088 -0.00315074 0.00630182 0.00457423 0.00120855 0.0116678 -0.0082893 -0.00094721 -0.00892914 -0.00774504 0.0124374 -0.0139587
internal_weight=202.041 137.555 70.5414 26.6591 23.4151 64.4862 67.0136 52.9267 44.9705 7.95627 14.0869 11.1018 43.8823 61.2064 5.03163 56.1748 45.6309 40.8605 10.5439
internal_count=819 540 280 104 91 279 260 206 176 30 54 43 176 266 21 245 197 164 48
is_linear=0
shrinkage=0.01


Tree=52
num_leaves=21
num_cat=0
split_feature=11 26 4 17 34 35 4 43 59 45 51 3 50 60 24 40 46 34 24 18
split_gain=66.3405 34.1075 5.94717 5.62953 4.17147 4.56102 8.98925 7.70835 4.08152 5.56703 3.1342 4.43582 4.16197 4.02461 3.4959 2.38739 1.45865 3.10304 1.44133 0.0870925
threshold=16.82499980926514 0.0014492869377136233 433286.54687500006 27710.000000000004 -1.3686760663986204 -0.873399257659912 39638.429687500007 5784589.5000000009 627812.96875000012 -0.6988026201725005 0.32431796193122869 -58575.999999999993 0.32923972606658941 -2538416.3749999995 440.50000000000006 -1.580398380756378 -0.37793838977813715 -1.1618714332580564 39.500000000000007 14676.000000000002
decision_type=2 2 2 2 2 2 2 2 2 2 2 2 2 2 2 2 2 2 2 2
left_child=2 3 10 8 -3 6 -6 -7 9 -2 14 12 -12 -13 15 -1 19 -18 -4 -5
right_child=1 4 18 16 5 7 -8 -9 -10 -11 11 13 -14 -15 -16 -17 17 -19 -20 -21
leaf_value=-0.0042141159850803455 0.0082307001934745268 0.0086056595365796591 -0.0022978450190690868 0.010869644462689024 0.0016128262563191054 -0.00038943389114161038 -0.0095274174913674015 0.013947150666865867 0.01416250737072396 -0.0024068735365133458 -0.0057438048549927337 -0.012468676515971578 0.0051174453106282063 -0.0019296756546619471 0.00021411794854019157 -0.013052585741715406 0.0025511001597550444 0.01202097342983717 0.0080325655353162533 0.015114711402557409
leaf_weight=3.9454254508018556 11.960745781660084 4.7998353391885749 2.5494708716869345 2.4666390419006374 14.201271474361421 28.435701534152031 14.517315819859503 4.3010250627994528 4.9333515316247931 8.1606047302484512 10.852445080876349 13.137892678380011 5.1453532278537741 5.3338906913995769 2.4998166412115088 22.510023817420006 4.4779769629240063 21.022212341427803 2.6400314569473267 13.808183729648588
leaf_count=17 46 18 10 10 55 110 58 16 19 32 46 59 20 22 10 102 18 85 10 56
internal_value=0.000597261 0.00471979 -0.00738425 0.00976095 -0.000350001 -0.00106574 -0.00398377 0.00146359 0.00593391 0.00386673 -0.00823042 -0.00612447 -0.00218801 -0.00947958 -0.0107029 -0.0117723 0.0120323 0.0103972 0.0027648 0.0145328
internal_weight=201.699 133.085 68.6143 66.8297 66.2551 61.4553 28.7186 32.7367 25.0547 20.1214 63.4248 34.4696 15.9978 18.4718 28.9553 26.4554 41.775 25.5002 5.1895 16.2748
internal_count=819 523 296 266 257 239 113 126 97 78 276 147 66 81 129 119 169 103 20 66
is_linear=0
shrinkage=0.01


Tree=53
num_leaves=22
num_cat=0
split_feature=11 54 54 2 17 8 28 17 23 19 37 50 1 48 37 31 53 36 44 47 5
split_gain=65.1656 13.83 16.9763 9.00223 7.39676 5.99461 5.15303 4.464 4.10196 4.75476 6.27461 3.3929 6.52264 3.33387 3.33322 2.6775 2.59572 2.54377 2.43639 1.6745 0.106047
threshold=16.82499980926514 -4.781085491180419 4.2424874305725107 4955965.0000000009 169397.00000000003 0.97012302279472362 -78.374999999999986 14347.500000000002 171.50000000000003 68753.167968750015 1.0000000180025095e-35 0.32923972606658941 295749.50000000006 -0.8840312361717223 -2.6396529674530025 2.3061232566833501 -0.83471009135246266 -0.39933006465435023 163949.12500000003 0.86739584803581249 346887.92187500006
decision_type=2 2 2 2 2 2 2 2 2 2 2 2 2 2 2 2 2 2 2 2 2
left_child=5 7 3 6 -5 8 -3 14 11 10 -10 16 -13 -4 -2 -16 -1 -11 -15 20 -9
right_child=1 2 13 4 -6 -7 -8 19 9 17 -12 12 -14 18 15 -17 -18 -19 -20 -21 -22
leaf_value=-0.0066802259635401718 -0.0033982183611205438 -0.00017541502036525777 0.00060825188943306873 -0.0050323941016953092 0.0029181459356423501 0.0054963742048044582 0.0088087126695448673 0.015188372398145378 0.0060299028680272995 -0.0033081990239356906 -0.0087772701003983548 0.0082669924018236047 -0.0095191718796443971 0.0021379185113702941 0.0024749900409727675 0.014546659520707595 -0.012891758105253719 -0.01535755586540721 0.012589907104605048 0.006360845295591837 0.010832200143439252
leaf_weight=10.260255500674242 3.0808181017637253 10.32647641003132 3.5679213851690319 30.890837714076042 18.671787649393082 3.372050777077674 15.859727621078489 14.568445041775709 6.9204999506473559 3.3699351102113724 4.8783950358629227 2.8454654067754728 7.1331121921539307 2.7863186001777676 3.8799172043800372 3.943471223115921 25.347749233245853 4.3125370591878882 19.447835922241211 3.4140178561210623 2.4491054415702811
leaf_count=43 12 40 14 122 72 13 61 59 27 14 21 11 31 11 15 15 117 19 78 14 10
internal_value=0.000592484 0.00468002 0.0028744 0.000474258 -0.002017 -0.00732947 0.00522765 0.0104996 -0.00800952 -0.00407915 -7.54718e-06 -0.00966723 -0.0043471 0.0098819 0.00518128 0.00868768 -0.01113 -0.0102022 0.0113251 0.0132891 0.0146202
internal_weight=201.327 132.887 101.551 75.7488 49.5626 68.44 26.1862 31.3358 65.0679 19.4814 11.7989 45.5866 9.97858 25.8021 10.9042 7.82339 35.608 7.68247 22.2342 20.4316 17.0176
internal_count=819 523 398 295 194 296 101 125 283 81 48 202 42 103 42 30 160 33 89 83 69
is_linear=0
shrinkage=0.01


Tree=54
num_leaves=21
num_cat=0
split_feature=58 26 17 41 41 1 12 47 39 39 6 7 27 38 33 29 46 22 22 2
split_gain=61.5001 29.6293 8.77326 8.72655 6.50836 4.46873 4.25589 5.91076 8.36075 8.30809 5.47778 7.35507 3.24626 3.91233 3.14728 3.09482 3.02156 5.94961 2.78856 1.52484
threshold=12638.773925781252 0.0014492869377136233 37840.000000000007 2.2319080829620366 -1.6363881230354307 11702936.000000002 189631520.00000003 -1.3590980172157285 5.2311542034149179 4.0700824260711679 -57629171711.999992 1.4867205023765566 -1189887.9999999998 1.2886607050895693 -1.4635440707206724 0.31776691973209387 1.437989413738251 -4405.2150878906241 5114.9851074218759 7271354.5000000009
decision_type=2 2 2 2 2 2 2 2 2 2 2 2 2 2 2 2 2 2 2 2
left_child=3 2 4 12 -2 -6 7 9 -9 -3 11 -8 13 15 -4 -1 18 -18 -14 -16
right_child=1 6 14 -5 5 -7 10 8 -10 -11 -12 -13 16 -15 19 -17 17 -19 -20 -21
leaf_value=0.0024750082135028182 -0.010771990138109873 0.013863754150110348 0.0033916886265665104 0.0094605184053183043 0.010503967342016425 0.0019069664434703515 -0.0064655693376376652 -0.0059545598414625471 0.0034048794025659627 -0.0073400429130862591 0.016550299358459326 0.0098155064613628957 -0.008289602470042394 0.0065026480641521911 0.0098498605342560459 -0.0095135757565348797 -0.011747772586392067 0.0087258266854439905 -0.013784608251686885 0.014321427095692882
leaf_weight=2.6914969384670249 2.5049097836017635 5.1341303884983054 4.3446481078863135 2.8436085134744635 11.802952080965044 13.099394008517264 5.8313795626163465 31.35036626458168 13.575268924236296 2.8192941695451736 2.9851207435131064 5.2603921741247177 24.475554019212723 2.7617293894290915 14.070899188518522 8.790849417448042 3.1877613067626953 2.5182477533817282 16.71677353978157 24.184825301170349
leaf_count=11 10 19 17 11 46 51 23 124 52 11 11 20 108 11 57 38 14 10 76 99
internal_value=0.000587808 0.00437366 0.00892286 -0.00750027 0.00445047 0.00602184 -0.000367944 -0.00168254 -0.00310414 0.0062218 0.00449921 0.00116575 -0.00830544 -0.00400253 0.0117767 -0.00661632 -0.009591 -0.00253685 -0.0105439 0.0127029
internal_weight=200.95 136.964 70.0076 63.986 27.4073 24.9023 66.956 52.8791 44.9256 7.95342 14.0769 11.0918 61.1424 14.2441 42.6004 11.4823 46.8983 5.70601 41.1923 38.2557
internal_count=819 540 280 279 107 97 260 206 176 30 54 43 268 60 173 49 208 24 184 156
is_linear=0
shrinkage=0.01


Tree=55
num_leaves=18
num_cat=0
split_feature=11 54 54 2 18 8 28 41 47 21 48 1 48 58 41 47 24
split_gain=62.9908 13.4665 16.4881 8.75027 7.4575 5.83472 5.03998 4.01483 3.83463 4.96441 4.56813 3.31741 3.27357 3.2371 2.40544 1.88311 1.41292
threshold=16.82499980926514 -4.781085491180419 4.2424874305725107 4955965.0000000009 45431.500000000007 0.94171550869941723 -78.374999999999986 2.117325067520142 0.18732974678277972 -3904.4999999999995 0.14399969577789309 45981230.000000007 -0.8840312361717223 1063643.6875000002 1.6174503564834597 -0.20686253905296323 8.5000000000000018
decision_type=2 2 2 2 2 2 2 2 2 2 2 2 2 2 2 2 2
left_child=5 11 3 6 -5 7 -3 8 10 -10 -1 14 -4 -13 16 -14 -2
right_child=1 2 12 4 -6 -7 -8 -9 9 -11 -12 13 15 -15 -16 -17 -18
leaf_value=-0.01314910265637355 0.0063399112727020061 -0.00019067838505333241 0.00055723382391302219 -0.0097519778370796506 -2.8442908971355331e-05 0.0032217786530876831 0.0086982246864797073 0.0041379730986547221 0.0049198358607217734 -0.0074477771895886877 -0.003807140686071615 -0.0015205750279985478 0.0083375129089703036 0.012691119708324133 0.0035458942753702422 0.014540442178236024 0.014393174196620796
leaf_weight=24.006416946649555 3.0128267556429007 10.322329655289652 3.5620372891426113 9.9148028939962369 39.603107824921608 4.8280449211597434 15.828230634331701 2.489559292793273 3.606706932187083 26.052153676748276 7.1128967255353919 4.0323968380689612 12.095692485570913 2.5548946857452393 3.1942451000213614 10.001565977931017 18.361319705843925
leaf_count=109 12 40 14 40 154 19 61 10 15 113 30 16 49 10 13 40 74
internal_value=0.00058321 0.0046055 0.00282404 0.000461142 -0.00199555 -0.00722765 0.0051513 -0.00804086 -0.00855618 -0.00591008 -0.011046 0.0103672 0.00975319 0.00383965 0.0120767 0.0111903 0.0133048
internal_weight=200.579 132.483 101.328 75.6685 49.5179 68.0958 26.1506 63.2677 60.7782 29.6589 31.1193 31.1557 25.6593 6.58729 24.5684 22.0973 21.3741
internal_count=819 523 398 295 194 296 101 277 267 128 139 125 103 26 99 89 86
is_linear=0
shrinkage=0.01


Tree=56
num_leaves=21
num_cat=0
split_feature=11 26 4 17 34 35 1 46 59 1 51 50 38 47 24 40 46 34 40 47
split_gain=61.8606 32.1702 5.71381 5.48645 4.12462 4.42208 8.94049 7.65384 3.99867 7.39651 3.11102 4.45495 12.1129 5.30016 3.45146 2.38087 1.46732 3.10226 1.41228 0.111761
threshold=16.82499980926514 0.0014492869377136233 433286.54687500006 27710.000000000004 -1.3686760663986204 -0.873399257659912 1918470.5000000002 -0.94083204865455616 627812.96875000012 9079141.0000000019 0.32431796193122869 0.32586789131164556 -0.63025665283203114 0.5649828612804414 440.50000000000006 -1.580398380756378 -0.37793838977813715 -1.1618714332580564 -0.20801265537738797 0.86739584803581249
decision_type=2 2 2 2 2 2 2 2 2 2 2 2 2 2 2 2 2 2 2 2
left_child=2 3 10 8 -3 6 -6 -7 9 -2 14 12 -12 -13 15 -1 19 -18 -4 -5
right_child=1 4 18 16 5 7 -8 -9 -10 -11 11 13 -14 -15 -16 -17 17 -19 -20 -21
leaf_value=-0.0039899919960401774 0.0096182997094289655 0.0085592721928622745 0.0080292839186810391 0.014889304633955614 0.011835398614226221 -0.013829120086910307 -0.0059274332904915078 0.0029848073848406675 0.013901731017922815 -0.0024772403802439747 -0.015007647746676513 -0.010429960101954612 0.013711163444881802 -0.00081533175413170302 0.0003749290224551253 -0.012853226810221717 0.0022482394299292497 0.011754951151391071 -0.0022007936567278821 0.010492404494393101
leaf_weight=3.9104574173688951 10.266123726964002 4.7972161620855323 2.6197295188903809 13.604126110672953 3.1559553593397167 2.9660253226757041 25.51153938472271 29.747575864195824 4.888362690806388 9.7667688578367216 2.485264003276825 19.695429980754856 3.5638723969459525 8.4178137779235822 2.4910919517278662 22.194042801856995 4.4387611746788052 20.732835248112679 2.5588812232017508 2.4178815633058539
leaf_count=17 40 18 10 56 12 12 101 114 19 38 11 87 14 35 10 102 18 85 10 10
internal_value=0.000578541 0.0045663 -0.00717213 0.00950048 -0.00034803 -0.00106047 -0.00393707 0.00142978 0.0057182 0.00367136 -0.00800939 -0.00590471 0.00174684 -0.00758667 -0.0104888 -0.0115638 0.0117644 0.0101183 0.00278124 0.0142882
internal_weight=200.23 132.293 67.9366 66.1149 66.1783 61.3811 28.6675 32.7136 24.9213 20.0329 62.758 34.1624 6.04914 28.1132 28.5956 26.1045 41.1936 25.1716 5.17861 16.022
internal_count=819 523 296 266 257 239 113 126 97 78 276 147 25 122 129 119 169 103 20 66
is_linear=0
shrinkage=0.01


Tree=57
num_leaves=19
num_cat=0
split_feature=58 26 17 41 41 1 46 36 46 46 3 47 31 33 60 23 2 28
split_gain=58.4321 28.3217 8.60859 8.4317 6.34841 4.299 4.10143 7.46522 5.74964 7.45888 3.31589 3.79524 5.43368 3.10115 2.89022 2.08733 1.53287 1.49844
threshold=12638.773925781252 0.0014492869377136233 37840.000000000007 2.2319080829620366 -1.6363881230354307 11702936.000000002 -0.84339493513107289 -1.2867414355278013 -0.78128319978713978 -0.72517991065978993 86680.000000000015 0.18732974678277972 5.9790539741516122 -1.4635440707206724 -2542914.3749999995 275.00000000000006 7271354.5000000009 -444.15624999999994
decision_type=2 2 2 2 2 2 2 2 2 2 2 2 2 2 2 2 2 2
left_child=3 2 4 10 -2 -6 7 -3 -8 -10 11 14 -13 -4 -1 17 -15 -12
right_child=1 6 13 -5 5 -7 8 -9 9 -11 15 12 -14 16 -16 -17 -18 -19
leaf_value=-0.013792848464302974 -0.010737683453592174 0.0042037486382570897 0.0032500124752325682 0.00934276599368704 0.010281991354906388 0.001828440980932962 0.013692963340535385 -0.014996814483766335 -0.012627156577933741 0.00088325343692025472 -0.0044231197512288704 -0.0060947491717347228 0.006349920077843612 0.0096468454490109528 -0.0058720952480387388 -0.0041859502788856489 0.014146767838552137 -0.013926768122378865
leaf_weight=8.8001895248889923 2.5007366836071041 3.3708478808403015 4.3260340243577948 2.837035968899726 11.720335319638254 13.070517271757124 3.1513948887586585 4.8382287174463254 4.4392195641994467 51.085596904158592 2.2175262421369597 14.603907600045206 4.5486096143722525 13.941114008426664 11.089227885007858 3.7768933773040763 23.898173525929451 15.62307034432888
leaf_count=40 10 13 17 11 46 51 12 20 18 197 10 63 18 57 48 16 99 73
internal_value=0.000573979 0.00426878 0.00874188 -0.0073439 0.00430737 0.00586535 -0.000361351 -0.00699078 0.000549094 -0.000178896 -0.00814082 -0.00634242 -0.003087 0.0115884 -0.00942696 -0.0113425 0.0125153 -0.0128015
internal_weight=199.839 136.342 69.4569 63.4965 27.2916 24.7909 66.8853 8.20908 58.6762 55.5248 60.6594 39.0419 19.1525 42.1653 19.8894 21.6175 37.8393 17.8406
internal_count=819 540 280 279 107 97 260 33 227 215 268 169 81 173 88 99 156 83
is_linear=0
shrinkage=0.01


Tree=58
num_leaves=19
num_cat=0
split_feature=11 26 8 17 46 49 19 59 59 1 41 23 19 42 6 46 33 12
split_gain=59.8057 31.2011 5.66036 5.36786 3.96198 4.51733 8.05751 6.51888 3.94306 7.19668 3.8959 3.45892 3.73721 3.37624 2.99338 1.46176 2.5825 0.0968458
threshold=16.82499980926514 0.0014492869377136233 0.94171550869941723 27710.000000000004 -0.9687482714653014 -0.049165759235620492 734.19863891601574 1727771.5625000002 627812.96875000012 9079141.0000000019 2.117325067520142 171.50000000000003 68753.167968750015 -0.00059750000946223725 -57629171711.999992 -0.37793838977813715 -1.3396883606910703 237161184.00000003
decision_type=2 2 2 2 2 2 2 2 2 2 2 2 2 2 2 2 2 2
left_child=2 3 10 8 14 6 -6 -7 9 -2 11 13 -13 -1 -3 17 -17 -5
right_child=1 4 -4 15 5 7 -8 -9 -10 -11 -12 12 -14 -15 -16 16 -18 -19
leaf_value=-0.0049709802167438128 0.0094821649703014516 -0.016937925835631661 0.003224630947174218 0.014746685009775107 -0.0039921013171718162 -0.0046211192556195792 0.0061753623048068007 0.010523133351632864 0.013777564687618506 -0.0024604576587973761 0.0041189330439444427 -0.00062674886000124946 -0.0099611863620941293 -0.011650270342970795 -0.00093297677488545178 0.0018790834960781334 0.011319447251930298 0.010439944464044728
leaf_weight=10.746879875659941 10.224589973688131 2.4187122285366058 4.8195106089115134 13.466698929667471 11.660288214683531 23.285312667489055 23.031973645091057 3.2062478959560385 4.8658395856618872 9.7660518735647184 2.4871785789728156 10.422161325812342 7.5983785241842261 31.522827491164207 2.5346349179744712 3.655914098024371 21.342441990971565 2.4113090485334387
leaf_count=46 40 10 19 56 46 91 88 12 19 38 10 43 33 145 10 15 88 10
internal_value=0.0005693 0.0044943 -0.00707291 0.00937399 -0.000340435 0.000340242 0.00272919 -0.00275048 0.00563079 0.0035978 -0.0078794 -0.00839096 -0.00461812 -0.00997575 -0.00895005 0.0116257 0.00997883 0.0141556
internal_weight=199.467 131.87 67.5969 65.7328 66.1372 61.1838 34.6923 26.4916 24.8565 19.9906 62.7774 60.2902 18.0205 42.2697 4.95335 40.8764 24.9984 15.878
internal_count=819 523 296 266 257 237 134 103 97 78 277 267 76 191 20 169 103 66
is_linear=0
shrinkage=0.01


Tree=59
num_leaves=20
num_cat=0
split_feature=11 26 8 17 34 35 1 43 59 1 23 19 60 50 1 53 36 2 2
split_gain=58.7417 30.7158 5.5695 5.31477 4.01563 4.36623 8.74742 7.50398 3.88653 7.07085 3.67586 4.36014 5.7237 3.17116 4.62237 2.56046 2.55814 1.43444 2.15493
threshold=16.82499980926514 0.0014492869377136233 0.94171550869941723 27710.000000000004 -1.3686760663986204 -0.873399257659912 1918470.5000000002 5784589.5000000009 627812.96875000012 9079141.0000000019 171.50000000000003 68753.167968750015 -2540677.3749999995 0.32923972606658941 295749.50000000006 -0.83471009135246266 -0.39933006465435023 83578820.000000015 7271354.5000000009
decision_type=2 2 2 2 2 2 2 2 2 2 2 2 2 2 2 2 2 2 2
left_child=2 3 10 8 -3 6 -6 -7 9 -2 13 12 -12 15 -15 -1 -13 18 -5
right_child=1 4 -4 17 5 7 -8 -9 -10 -11 11 16 -14 14 -16 -17 -18 -19 -20
leaf_value=-0.0063687551606059394 0.0094074531910991743 0.0084549721231144421 0.0031917542108421859 0.0091174654685432389 0.011713008881859428 -0.00039614595345129164 -0.0058704845834326291 0.013751225252254496 0.013687429729819248 -0.0024354540007049414 -0.0066414426980966361 -0.0029524220490907515 0.0076940382565098796 0.0072169712589343453 -0.0085651091595344009 -0.012579291182217487 -0.015099120107083553 0.0038963724598515305 0.014194918178915897
leaf_weight=10.148275077342982 10.202842772006994 4.7933191806077948 4.8204577118158332 16.14410887658596 3.1504945605993298 28.394927814602852 25.486286103725433 4.3003468066453925 4.8489880263805381 9.7676439732313138 6.0744819194078454 3.3328715413808823 5.1425879895687112 2.5579720437526685 6.3551983088254929 24.756390959024433 4.2448142766952506 2.6696986407041541 21.902904227375984
leaf_count=43 40 18 19 66 12 110 101 16 19 38 26 14 20 10 28 117 19 11 92
internal_value=0.000564673 0.00445664 -0.00701948 0.0093089 -0.000337256 -0.00104071 -0.0039011 0.00143405 0.00558289 0.00356497 -0.0078216 -0.0040282 0 -0.00942588 -0.00392365 -0.0108023 -0.00988864 0.0115556 0.0120667
internal_weight=199.095 131.662 67.433 65.5362 66.1254 61.3321 28.6368 32.6953 24.8195 19.9705 62.6126 18.7948 11.2171 43.8178 8.91317 34.9047 7.57769 40.7167 38.047
internal_count=819 523 296 266 257 239 113 126 97 78 277 79 46 198 38 160 33 169 158
is_linear=0
shrinkage=0.01


Tree=60
num_leaves=19
num_cat=0
split_feature=58 26 17 41 41 1 46 36 46 46 3 47 31 45 2 23 22 28
split_gain=55.5511 27.0278 8.38559 8.08793 6.16542 4.09428 3.97333 7.29196 5.5924 7.33066 3.2903 3.74667 5.33035 2.95554 2.55799 2.06299 1.69202 1.50167
threshold=12638.773925781252 0.0014492869377136233 37840.000000000007 2.2319080829620366 -1.6363881230354307 11702936.000000002 -0.84339493513107289 -1.2867414355278013 -0.78128319978713978 -0.72517991065978993 86680.000000000015 0.18732974678277972 5.9790539741516122 -0.16440414637327191 83578820.000000015 275.00000000000006 -19513.515624999996 -444.15624999999994
decision_type=2 2 2 2 2 2 2 2 2 2 2 2 2 2 2 2 2 2
left_child=3 2 4 10 -2 -6 7 -3 -8 -10 11 13 -13 -1 16 17 -4 -12
right_child=1 6 14 -5 5 -7 8 -9 9 -11 15 12 -14 -15 -16 -17 -18 -19
leaf_value=-0.011519867174310796 -0.010654955486595485 0.0041694944960698381 0.0076291106189853098 0.0091627992220037931 0.01005685047707945 0.0017850666484985637 0.013518045133895949 -0.014824312087074097 -0.012525511719452043 0.00088089181413671862 -0.0042407653472117512 -0.005941037823052382 0.006403509937460034 -0.0023024450218176624 0.0030976547056752418 -0.0040605291008597149 0.013278539999765547 -0.013785402826735462
leaf_weight=14.785465151071548 2.4959377199411419 3.3698223233222961 7.5738030076026908 2.829847738146781 11.634683415293695 13.048557788133619 3.1472121328115454 4.816978991031645 4.4303236305713645 51.068686708807945 2.1999898701906249 14.511360868811609 4.5413231402635565 4.9282673448324212 3.7078096419572821 3.7583123296499243 30.414462104439735 15.432015508413315
leaf_count=67 10 13 31 11 46 51 12 20 18 197 10 63 18 21 15 16 127 73
internal_value=0.000560206 0.00416713 0.00856379 -0.00719524 0.0041836 0.00572456 -0.000348927 -0.006884 0.000546294 -0.000171284 -0.00798136 -0.00618592 -0.00294615 -0.00926632 0.011395 -0.0111886 0.0121785 -0.0126512
internal_weight=198.695 135.708 68.8753 62.9866 27.1792 24.6832 66.833 8.1868 58.6462 55.499 60.1567 38.7664 19.0527 19.7137 41.6961 21.3903 37.9883 17.632
internal_count=819 540 280 279 107 97 260 33 227 215 268 169 81 88 173 99 158 83
is_linear=0
shrinkage=0.01


Tree=61
num_leaves=24
num_cat=0
split_feature=11 26 17 3 31 23 45 12 24 34 35 1 46 59 1 49 0 55 54 28 46 34 47
split_gain=56.8107 29.8014 5.19964 4.96321 6.37553 6.33985 6.83798 6.68945 4.72053 3.91504 4.29717 8.56345 7.28017 3.83232 6.88427 3.59784 2.80858 3.18834 1.89177 2.12946 1.46005 3.08065 0.120334
threshold=16.82499980926514 0.0014492869377136233 27710.000000000004 -58575.999999999993 3.9254262447357182 181.50000000000003 0.56150358915328991 1.0000000180025095e-35 202.50000000000003 -1.3686760663986204 -0.873399257659912 1918470.5000000002 -0.94083204865455616 627812.96875000012 9079141.0000000019 -0.7611037790775298 228999.50000000003 1.0000000180025095e-35 3.252533078193665 -488.40624999999994 -0.37793838977813715 -1.1618714332580564 0.86739584803581249
decision_type=2 2 2 2 2 2 2 2 2 2 2 2 2 2 2 2 2 2 2 2 2 2 2
left_child=3 2 13 4 5 7 -7 -1 15 -3 11 -11 -12 14 -2 -6 18 -18 19 -5 22 -22 -4
right_child=1 9 20 16 8 6 -8 -9 -10 10 12 -13 -14 -15 -16 -17 17 -19 -20 -21 21 -23 -24
leaf_value=-0.012206093819038248 0.0092786058012054376 0.0083538059607041592 0.014576267985491919 -0.002872447638534531 -1.1667897533091911e-05 0.014142809655726821 -0.0062496523143283538 0.0048740424362951071 -0.0074940261440017541 0.011596967104913267 -0.01349725672423968 -0.005813610384856803 0.0029435991080492257 0.013568368621237659 -0.0024187665290544176 0.015691493488859995 -0.01055028426528916 0.0053762201711530242 -0.0024030469880309026 -0.0127235944821283 0.0018967186011320475 0.011420518997906344 0.010122091713168779
leaf_weight=15.779025480151182 10.160352826118475 4.7905568629503241 13.291557163000105 2.7218645215034547 2.4718112051486969 2.6401703357696524 4.3116467446088791 2.5916666835546485 2.6201544851064682 3.1451921910047558 2.9486449956893912 25.463371559977531 29.738679081201553 4.8256568163633338 9.7668309062719327 3.1672273725271207 2.494063362479209 2.4536724388599396 2.6777164191007605 23.154578343033791 4.3908738344907787 20.343985125422478 2.3697964549064627
leaf_count=72 40 18 56 12 10 10 18 10 11 12 12 101 114 19 38 12 11 10 12 108 18 85 10
internal_value=0.000555656 0.00438694 0.00918697 -0.00692457 -0.00415527 -0.00665713 0.00135118 -0.00974206 0.0033943 -0.00032987 -0.00102485 -0.00386456 0.00142992 0.00549943 0.00349524 0.00863085 -0.00967062 -0.00244993 -0.0108868 -0.011726 0.0114218 0.00977031 0.0139661
internal_weight=198.319 131.235 65.1491 67.0836 33.5817 25.3225 6.95182 18.3707 8.25919 66.0864 61.2959 28.6086 32.6873 24.7528 19.9272 5.63904 33.5019 4.94774 28.5542 25.8764 40.3962 24.7349 15.6614
internal_count=819 523 266 296 143 110 28 82 33 257 239 113 126 97 78 22 153 21 132 120 169 103 66
is_linear=0
shrinkage=0.01


Tree=62
num_leaves=19
num_cat=0
split_feature=11 26 4 17 34 35 4 58 59 1 55 56 53 0 56 33 2 24
split_gain=55.8216 29.3359 5.31959 5.14945 3.83891 4.21381 8.50216 7.27913 3.77823 6.76435 3.05535 2.948 3.59186 2.92721 2.69962 1.45224 2.23633 1.39735
threshold=16.82499980926514 0.0014492869377136233 433286.54687500006 27710.000000000004 -1.3686760663986204 -0.873399257659912 39638.429687500007 192117.17187500003 627812.96875000012 9079141.0000000019 4.3169193267822275 66.666675567626967 -1.6633954644203184 228333.00000000003 79.014961242675795 -1.4635440707206724 7271354.5000000009 39.500000000000007
decision_type=2 2 2 2 2 2 2 2 2 2 2 2 2 2 2 2 2 2
left_child=2 3 10 8 -3 6 -6 -7 9 -2 11 12 -1 -13 -12 -5 -17 -4
right_child=1 4 17 15 5 7 -8 -9 -10 -11 14 13 -14 -15 -16 16 -18 -19
leaf_value=-0.013730615220838831 0.0092061128809955168 0.0082743196028483672 -0.0022603078335539308 0.0033476026176312195 0.0016194089898943654 -0.0061241035142363485 -0.0092388510832544218 0.0043764400278052881 0.013481624685940208 -0.0023942047903782212 -0.008595914966687759 -0.013881081055023243 -0.0054482087463165072 -0.0013070830244811676 0.003215774623694454 0.008797901034640945 0.01398885376580242 0.0079355645358138369
leaf_weight=6.6006882935762397 10.13806794583798 4.7882226109504691 2.533309504389762 2.4735177159309378 14.151833549141886 9.1212345361709577 14.434881284832953 23.562915489077568 4.8082265406846991 9.7683490812778455 3.3273047655820838 14.120047852396967 30.86744798719883 2.3365775197744361 4.4832906126976013 15.734750032424925 22.025311753153801 2.627053365111351
leaf_count=29 40 18 10 10 55 36 58 90 19 38 15 66 137 10 19 65 94 10
internal_value=0.000551303 0.00435111 -0.00687521 0.00912403 -0.000326413 -0.00101487 -0.0038285 0.00141544 0.00545294 0.00346344 -0.00769484 -0.00854634 -0.00693399 -0.0121565 -0.00168796 0.0113542 0.0118522 0.00273645
internal_weight=197.903 131.007 66.8957 64.9482 66.0591 61.2709 28.5867 32.6842 24.7146 19.9064 61.7354 53.9248 37.4681 16.4566 7.8106 40.2336 37.7601 5.16036
internal_count=819 523 296 266 257 239 113 126 97 78 276 242 166 76 34 169 159 20
is_linear=0
shrinkage=0.01


Tree=63
num_leaves=19
num_cat=0
split_feature=11 26 8 17 46 49 34 46 41 47 21 45 59 1 31 46 34 47
split_gain=54.8336 28.8805 5.3551 5.10007 3.79016 4.46096 9.08725 7.29332 3.76927 3.73643 4.90152 4.2781 3.72527 6.64668 2.91912 1.46131 3.05952 0.123803
threshold=16.82499980926514 0.0014492869377136233 0.94171550869941723 27710.000000000004 -0.9687482714653014 -0.049165759235620492 -0.48291398584842676 -0.22657646238803861 2.117325067520142 0.18732974678277972 -3904.4999999999995 1.0000000180025095e-35 627812.96875000012 9079141.0000000019 0.24349329620599749 -0.37793838977813715 -1.1618714332580564 0.86739584803581249
decision_type=2 2 2 2 2 2 2 2 2 2 2 2 2 2 2 2 2 2
left_child=2 3 8 12 14 7 -7 -6 9 11 -11 -1 13 -2 -3 17 -17 -5
right_child=1 4 -4 15 5 6 -8 -9 -10 10 -12 -13 -14 -15 -16 16 -18 -19
leaf_value=-0.012733629936769115 0.0091343909669244164 -0.01666186077390237 0.0032021532689907786 0.014458209571117896 0.00065828349947512116 -0.0089883718816183514 0.0027182139739605482 0.013133468838969178 0.0042106320129564039 0.0053337603756848321 -0.0070447350057885492 -0.0036913227323056457 0.013396255097502472 -0.0023699028050309483 -0.00081494847959199992 0.0017744329434877572 0.011285222664245309 0.0099794472744210022
leaf_weight=23.123430445790294 10.115606829524046 2.4098313599824897 4.8040989190340033 13.162562116980551 29.007311522960663 12.404779002070429 14.062061846256254 5.6387827545404425 2.4753374606370917 3.5625247657299068 25.570747047662735 7.2020929008722296 4.7905675321817389 9.7698249965906125 2.5182864218950272 4.3739720582962063 20.182137817144394 2.350398287177085
leaf_count=108 40 10 19 56 113 49 54 21 10 15 113 31 19 38 10 18 85 10
internal_value=0.000546851 0.00431528 -0.0068231 0.00906179 -0.000322948 0.000341609 -0.00273078 0.00271753 -0.00761689 -0.0081261 -0.00549672 -0.0106191 0.00540696 0.00343198 -0.00876695 0.0112876 0.00963187 0.0138441
internal_weight=197.524 130.786 66.7382 64.7451 66.0411 61.1129 26.4668 34.6461 61.9341 59.4588 29.1333 30.3255 24.676 19.8854 4.92812 40.0691 24.5561 15.513
internal_count=819 523 296 266 257 237 103 134 277 267 128 139 97 78 20 169 103 66
is_linear=0
shrinkage=0.01


Tree=64
num_leaves=21
num_cat=0
split_feature=11 26 4 17 34 46 38 49 59 1 51 50 38 3 24 40 46 34 24 12
split_gain=53.8584 28.4353 5.22798 5.0513 3.77266 3.94026 5.46851 5.37255 3.6734 6.53123 3.0532 4.40206 11.9794 3.88089 3.35913 2.45192 1.45318 3.02257 1.37698 0.110969
threshold=16.82499980926514 0.0014492869377136233 433286.54687500006 27710.000000000004 -1.3686760663986204 -0.84339493513107289 -1.4898712038993833 -0.049165759235620492 627812.96875000012 9079141.0000000019 0.32431796193122869 0.32586789131164556 -0.63025665283203114 -58575.999999999993 440.50000000000006 -1.580398380756378 -0.37793838977813715 -1.1618714332580564 39.500000000000007 237161184.00000003
decision_type=2 2 2 2 2 2 2 2 2 2 2 2 2 2 2 2 2 2 2 2
left_child=2 3 10 8 -3 6 -6 -7 9 -2 14 12 -12 -13 15 -1 19 -18 -4 -5
right_child=1 4 18 16 5 7 -8 -9 -10 -11 11 13 -14 -15 -16 -17 17 -19 -20 -21
leaf_value=-0.0034151559387270787 0.0090634228976311012 0.0082092279775663 -0.0021997847148738045 0.014383985122221901 0.0033725709189392867 0.0027947462658329176 -0.014597318540958016 -0.0035327285609577457 0.013312220462933611 -0.002345857738387989 -0.014698343499925466 -0.0028795173378421668 0.014067686854203842 -0.010566495817800317 0.00067385548878108679 -0.0124900637469413 0.0017575642704128844 0.011217614654858359 0.0079210107097728404 0.0099833606790325543
leaf_weight=3.8234896212816301 10.092979252338415 4.7851714044809333 2.5306729972362509 13.081375464797018 2.5677903443574905 29.515864312648773 4.5662801116704932 24.593474462628365 4.7726901471614829 9.7712596356868726 2.4357347935438156 12.266750484704971 3.5359895229339591 15.310482889413834 2.4725871533155432 21.575894728302956 4.3718038201332119 20.101143479347229 2.6251950562000275 2.3507576882839194
leaf_count=17 40 18 10 56 10 114 19 96 19 38 11 52 14 70 10 102 18 85 10 10
internal_value=0.000542633 0.00427957 -0.00677124 0.00900021 -0.000319643 -0.00100236 -0.00798918 -6.27012e-05 0.00536147 0.00340083 -0.00758755 -0.00548925 0.0021672 -0.00718348 -0.0100774 -0.0111633 0.0112217 0.00956855 0.00275943 0.0137784
internal_weight=197.147 130.571 66.5768 64.542 66.0286 61.2434 7.13407 54.1093 24.6369 19.8642 61.4209 33.549 5.97172 27.5772 27.872 25.3994 39.9051 24.4729 5.15587 15.4321
internal_count=819 523 296 266 257 239 29 210 97 78 276 147 25 122 129 119 169 103 20 66
is_linear=0
shrinkage=0.01


Tree=65
num_leaves=15
num_cat=0
split_feature=11 26 8 31 30 41 34 35 4 43 23 19 2 2
split_gain=52.9121 27.997 5.26909 4.30306 4.43142 3.7048 3.69935 4.14106 8.34681 7.20668 3.31734 3.64598 2.4258 2.38649
threshold=16.82499980926514 0.0014492869377136233 0.94171550869941723 -7.905303716659545 0.33898568153381353 2.117325067520142 -1.3686760663986204 -0.873399257659912 39638.429687500007 5784589.5000000009 171.50000000000003 68753.167968750015 114499296.00000001 153765.50000000003
decision_type=2 2 2 2 2 2 2 2 2 2 2 2 2 2
left_child=2 3 5 -2 12 10 -3 8 -8 -9 13 -12 -5 -1
right_child=1 6 -4 4 -6 -7 7 9 -10 -11 11 -13 -14 -15
leaf_value=0.00013222943522698454 -0.001387939623581812 0.0081315540986535949 0.0032261467088163815 0.010648132728503448 -0.0033209392645549957 0.0042155773526696893 0.0016124670922864981 -0.00037799350055370203 -0.0091503551962400925 0.013482712265200541 -0.00035916519504090123 -0.0096324345936816269 0.0016551003166033003 -0.010164540176529954
leaf_weight=2.1852428168058387 3.6373212039470664 4.7825843244791022 4.7990901768207541 54.805030733346939 2.4407807886600486 2.4733961373567572 14.150175616145136 28.36780846118927 14.411991834640501 4.3029732555150977 10.332073926925661 7.4816793948411933 3.45466125011444 39.131222918629646
leaf_count=10 15 18 19 227 10 10 55 110 58 16 43 33 14 181
internal_value=0.000538379 0.00424431 -0.00672157 0.0089393 0.00957461 -0.00751275 -0.00031622 -0.000992362 -0.00378326 0.00141695 -0.00802026 -0.00431002 0.010132 -0.00959574
internal_weight=196.756 130.353 66.4027 64.3378 60.7005 61.6036 66.0155 61.2329 28.5622 32.6708 59.1302 17.8138 58.2597 41.3165
internal_count=819 523 296 266 251 277 257 239 113 126 267 76 241 191
is_linear=0
shrinkage=0.01


Tree=66
num_leaves=17
num_cat=0
split_feature=11 26 8 17 46 1 39 41 47 21 48 59 1 6 33 2
split_gain=51.9646 27.5454 5.18375 5.02595 3.66051 4.3188 4.48007 3.64591 3.73834 4.80816 4.39158 3.6347 6.42272 2.8807 1.45542 2.28297
threshold=16.82499980926514 0.0014492869377136233 0.94171550869941723 27710.000000000004 -0.9687482714653014 1456966.0000000002 1.0021736919879916 2.117325067520142 0.18732974678277972 -3904.4999999999995 0.14399969577789309 627812.96875000012 9079141.0000000019 -57629171711.999992 -1.4635440707206724 7271354.5000000009
decision_type=2 2 2 2 2 2 2 2 2 2 2 2 2 2 2 2
left_child=2 3 7 11 13 -6 -7 8 10 -10 -1 12 -2 -3 -5 -16
right_child=1 4 -4 14 5 6 -8 -9 9 -11 -12 -13 -14 -15 15 -17
leaf_value=-0.012588477262542726 0.0089273325905726911 -0.016514150484927194 0.0031932631962036297 0.0030639669697675844 0.0093461998902649775 -0.0053727994687033766 0.0011684872939564295 0.0041706447858930983 0.0054120892876016779 -0.0068687571926400216 -0.0033216929852013348 0.013177408126934612 -0.0024021964134106092 -0.00074349210180707297 0.0085067500514027922 0.013782029625181887
leaf_weight=23.055836230516437 10.046819865703588 2.391350120306015 4.8000203520059577 2.4508001506328574 4.9059009552001944 13.878086790442465 42.301897242665291 2.4750344157218924 3.5536337196826961 25.379752039909363 6.9791896343231192 4.7428641617298117 9.7653706371784192 2.5191610753536215 15.521441251039503 21.630016550421715
leaf_count=109 40 10 19 10 19 55 163 10 15 113 30 19 38 10 65 94
internal_value=0.000533972 0.00420838 -0.00667032 0.0088748 -0.000312858 0.000339139 -0.0004296 -0.00745715 -0.00796215 -0.00532585 -0.0104685 0.00524257 0.00329257 -0.00862723 0.0111017 0.011605
internal_weight=196.397 130.154 66.2435 64.1573 65.9964 61.0859 56.18 61.4434 58.9684 28.9334 30.035 24.5551 19.8122 4.91051 39.6023 37.1515
internal_count=819 523 296 266 257 237 218 277 267 128 139 97 78 20 169 159
is_linear=0
shrinkage=0.01


Tree=67
num_leaves=23
num_cat=0
split_feature=11 26 8 17 23 19 37 38 53 46 39 24 35 50 3 31 24 53 36 46 28 47
split_gain=51.0422 27.1226 5.11237 4.97822 3.7579 4.45345 6.02462 3.59842 6.28972 3.59511 4.04704 6.3878 4.37518 3.27127 5.37749 2.8499 2.66051 2.59231 2.58006 1.46439 2.42215 0.133039
threshold=16.82499980926514 0.0014492869377136233 0.97012302279472362 27710.000000000004 171.50000000000003 68753.167968750015 1.0000000180025095e-35 -1.0678899884223936 -8.6035799980163556 -0.9687482714653014 1.0021736919879916 70.500000000000014 -0.20157673954963681 0.32923972606658941 -58575.999999999993 0.24349329620599749 48.500000000000007 -0.83471009135246266 -0.39933006465435023 -0.37793838977813715 -315.93749999999994 0.86739584803581249
decision_type=2 2 2 2 2 2 2 2 2 2 2 2 2 2 2 2 2 2 2 2 2 2
left_child=2 3 4 7 13 6 -6 8 -2 15 12 -12 -11 17 -15 -3 -9 -1 -7 21 -21 -5
right_child=1 9 -4 19 5 18 -8 16 -10 10 11 -13 -14 14 -16 -17 -18 -19 -20 20 -22 -23
leaf_value=-0.0059011192081787484 0.011643544607497535 -0.016392641364743075 0.0052420543545000043 0.014243122124839906 0.0063865875800267879 -0.0025280798430499297 -0.0082468310526666519 0.012834362850254433 -0.0033485555573467092 -0.0069757338956446379 0.0062038862114164664 -0.0013004290812628095 0.0066548029535580047 0.0045269651782165786 -0.010348699475510845 -0.00069381041796458427 0.0026283618204939996 -0.012204281254654434 -0.014808464154687331 0.0045533090698756211 0.011587233094375069 0.0096985976703952252
leaf_weight=9.9792328625917381 4.1160269826650611 2.3918636590242377 3.3511573672294608 12.913939133286474 6.8609677255153674 3.2878051698207855 4.7596893757581711 7.4860471338033658 8.6160237640142459 11.756793066859244 19.295151039958 27.148166760802269 2.8732789605855933 4.3212570697069168 5.3824902474880201 2.5109268575906754 4.2969750463962555 23.979401797056202 4.1589000523090354 7.7623454034328487 16.448920398950577 2.3105131834745398
leaf_count=43 16 10 13 56 27 14 21 30 34 47 74 105 11 17 25 10 17 117 19 33 70 10
internal_value=0.000529799 0.00417381 -0.00661985 0.00881509 -0.00726948 -0.00347887 0.000306852 0.0051987 0.00141956 -0.000309833 0.000335817 0.00179575 -0.00423041 -0.00890193 -0.00362124 -0.00855657 0.00919736 -0.0103815 -0.00952082 0.0110378 0.0093734 0.0136191
internal_weight=196.008 129.927 66.0809 63.9508 62.7297 19.0674 11.6207 24.5151 12.7321 65.9762 61.0734 46.4433 14.6301 43.6624 9.70375 4.90279 11.783 33.9586 7.44671 39.4357 24.2113 15.2245
internal_count=819 523 296 266 283 81 48 97 50 257 237 179 58 202 42 20 47 160 33 169 103 66
is_linear=0
shrinkage=0.01


Tree=68
num_leaves=22
num_cat=0
split_feature=58 26 17 41 41 27 12 47 39 47 6 7 3 57 24 50 34 2 54 22 28
split_gain=48.6469 23.8961 7.94435 7.39394 5.21922 4.9241 4.02344 5.66418 8.19936 7.97945 5.22214 7.02057 3.24344 3.67425 6.25827 6.2314 2.94498 2.42339 1.84929 1.70552 1.67181
threshold=12638.773925781252 0.0014492869377136233 37840.000000000007 2.2319080829620366 -0.82756873965263356 -25634815.999999996 189631520.00000003 -1.3590980172157285 4.0700824260711679 0.28208653628826147 -57629171711.999992 1.4867205023765566 86680.000000000015 11.872728347778322 26.500000000000004 0.33110287785530096 -0.15262326598167417 83578820.000000015 2.7563834190368657 -19513.515624999996 -488.40624999999994
decision_type=2 2 2 2 2 2 2 2 2 2 2 2 2 2 2 2 2 2 2 2 2
left_child=3 2 4 12 16 -6 7 8 -3 -9 11 -8 13 14 -1 -15 -2 19 20 -4 -14
right_child=1 6 17 -5 5 -7 10 9 -10 -11 -12 -13 18 15 -16 -17 -18 -19 -20 -21 -22
leaf_value=0.013479501130427425 0.0013355744033009878 0.013743954579335489 0.007103908335341318 0.0088856144659487015 -0.0024788581650955505 0.008890023235279319 -0.0063047756865311846 -0.0071640584244770031 -0.0073341803402523428 0.001252606529998023 0.016190662406162768 0.0096485790978475868 -0.0029077029365576447 -0.0086172067365196999 -0.0062770049639759573 0.0075586052610247803 -0.012734089937970969 0.0027948373167970457 -0.004113025219719459 0.012835274500088511 -0.013413071437724897
leaf_weight=2.4897873252630225 3.4846218377351761 5.1264598667621604 7.3878692835569373 2.8024459630250922 4.8291159123182323 16.068203210830688 5.8087194114923459 22.680536016821861 2.8159387409687042 22.045238196849823 2.9843099415302268 5.2189740985631943 1.9631428867578549 28.529837056994442 4.4748457819223404 2.532293274998664 2.4633888304233578 3.652535378932952 3.809712126851081 29.402013704180717 15.037837207317352
leaf_count=10 14 19 31 11 19 64 23 90 11 86 11 20 9 130 19 10 10 15 17 127 73
internal_value=0.000525573 0.00391303 0.00811789 -0.00682049 0.00384279 0.00621496 -0.000315153 -0.00159613 0.0061449 -0.00299314 0.00442841 0.00115464 -0.00758557 -0.00579156 0.000642168 -0.0072663 -0.0043233 0.0109309 -0.0108157 0.0117115 -0.0122588
internal_weight=195.608 133.968 67.2877 61.6399 26.8453 20.8973 66.6802 52.6682 7.9424 44.7258 14.012 11.0277 58.8375 38.0268 6.96463 31.0621 5.94801 40.4424 20.8107 36.7899 17.001
internal_count=819 540 280 279 107 83 260 206 30 176 54 43 268 169 29 140 24 173 99 158 82
is_linear=0
shrinkage=0.01


Tree=69
num_leaves=18
num_cat=0
split_feature=11 26 4 31 51 34 2 60 56 51 50 36 3 24 40 2 24
split_gain=49.3383 26.3204 5.00371 4.20587 3.82865 3.6381 3.84932 7.07564 6.03766 3.01721 4.34746 8.55894 3.81861 3.34044 2.47959 2.41802 1.35908
threshold=16.82499980926514 0.0014492869377136233 433286.54687500006 -7.905303716659545 0.33129292726516729 -1.3686760663986204 4955965.0000000009 -2051226.1874999998 32.722997665405281 0.32431796193122869 0.32586789131164556 -0.082167420536279664 -58575.999999999993 440.50000000000006 -1.580398380756378 114499296.00000001 39.500000000000007
decision_type=2 2 2 2 2 2 2 2 2 2 2 2 2 2 2 2 2
left_child=2 3 9 -2 15 -3 8 -8 -7 13 11 -11 -12 14 -1 -5 -4
right_child=1 5 16 4 -6 6 7 -9 -10 10 12 -13 -14 -15 -16 -17 -18
leaf_value=-0.0031025659612503704 -0.0015418891447400392 0.0080782841354248309 -0.0021304078365740088 0.010485618596825988 -0.00069083816740074847 0.015292540708709978 -0.014698237310096032 -0.0012488756024238708 0.00014568431600351248 -0.010675206529266306 -0.0026608328956533125 0.013415645604994638 -0.010327555314177887 0.00091631376320558996 -0.012281461820980199 0.0014798450772465189 0.007934352957035002
leaf_weight=3.7723254114389482 3.6137119084596625 4.7774961888790122 2.5203342437744132 53.10052652657032 3.4062477946281424 3.182148456573489 4.4033246934413901 37.555294364690781 16.026691272854805 2.6677253395318985 12.161609411239624 3.2553337067365637 15.079592451453209 2.4588539749383918 21.185507595539093 3.4354280084371558 2.6190262138843536
leaf_count=17 15 18 10 223 14 12 18 147 62 12 52 13 70 10 102 14 10
internal_value=0.000521405 0.00410746 -0.00652965 0.00870022 0.00933437 -0.000303754 -0.000974784 -0.00268414 0.00270698 -0.00733797 -0.00524364 0.00239638 -0.00694152 -0.00983488 -0.0109342 0.00995607 0.00280403
internal_weight=195.221 129.501 65.7203 63.5559 59.9422 65.945 61.1675 41.9586 19.2088 60.5809 33.1643 5.92306 27.2412 27.4167 24.9578 56.536 5.13936
internal_count=819 523 296 266 251 257 239 165 74 276 147 25 122 129 119 237 20
is_linear=0
shrinkage=0.01


Tree=70
num_leaves=19
num_cat=0
split_feature=11 26 8 17 59 1 46 49 46 59 41 47 3 48 6 49 33 41
split_gain=48.4669 25.8978 4.96723 4.90168 3.60774 6.27162 3.54516 4.26537 7.08097 6.33204 3.49804 3.72732 4.36525 4.35535 2.8204 1.47838 4.15024 0.509817
threshold=16.82499980926514 0.0014492869377136233 0.94171550869941723 27710.000000000004 627812.96875000012 9079141.0000000019 -0.9687482714653014 -0.049165759235620492 -0.22657646238803861 1727771.5625000002 2.117325067520142 0.18732974678277972 223173.00000000003 0.14399969577789309 -57629171711.999992 -0.049165759235620492 -1.3396883606910703 1.1921896338462832
decision_type=2 2 2 2 2 2 2 2 2 2 2 2 2 2 2 2 2 2
left_child=2 3 10 4 5 -2 14 8 -8 -9 11 13 -13 -1 -3 17 -17 -5
right_child=1 6 -4 15 -6 -7 7 9 -10 -11 -12 12 -14 -15 -16 16 -18 -19
leaf_value=-0.012411735043961179 0.0087053689329993026 -0.016328299083302009 0.0031835108742905983 0.014016953716791378 0.012991182770326038 -0.0025208675687389791 0.00063388263097593708 -0.0045125105738249242 0.012932365133966761 0.010433594843108816 0.0041371495875197131 -0.0029270384988147064 -0.01231598462845509 -0.0031421176324093391 -0.00069165261993503577 -0.0024949556250913139 0.010604837102656186 0.0090225674028367973
leaf_weight=22.715041860938076 9.9625036567449623 2.3788706809282303 4.7850565016269675 14.675301387906076 4.696273446083068 9.7466937154531461 28.972230777144432 23.227220803499225 5.6337589472532263 3.1974284350872031 2.4692729264497748 22.074368432164196 6.5777060985565177 6.9259181171655646 2.5136487782001486 2.6630050092935589 17.722207963466644 3.9072455614805213
leaf_count=109 40 10 19 65 19 38 113 91 21 12 10 96 32 30 10 11 76 17
internal_value=0.00051703 0.00407289 -0.00648187 0.00863804 0.00504671 0.00310297 -0.000300518 0.000340328 0.00266494 -0.00266616 -0.00725948 -0.00775939 -0.00511738 -0.0102795 -0.00849899 0.0108616 0.0088445 0.0130206
internal_weight=194.844 129.296 65.5474 63.3732 24.4055 19.7092 65.9232 61.0306 34.606 26.4246 60.7623 58.293 28.6521 29.641 4.89252 38.9678 20.3852 18.5825
internal_count=819 523 296 266 97 78 257 237 134 103 277 267 128 139 20 169 87 82
is_linear=0
shrinkage=0.01


Tree=71
num_leaves=17
num_cat=0
split_feature=11 26 4 31 30 34 2 59 28 3 50 19 57 55 2 0
split_gain=47.6117 25.5031 4.92973 4.13218 4.29837 3.5479 3.79809 6.63602 5.95821 3.00541 4.14431 3.97182 3.3217 2.65422 2.34822 1.70646
threshold=16.82499980926514 0.0014492869377136233 1603313.8750000002 -7.905303716659545 0.33898568153381353 -1.3686760663986204 4955965.0000000009 114377.06640625001 -63.562499999999993 86680.000000000015 0.32923972606658941 23417.009765625004 17.324300765991214 4.3169193267822275 114499296.00000001 228333.00000000003
decision_type=2 2 2 2 2 2 2 2 2 2 2 2 2 2 2 2
left_child=2 3 9 -2 14 -3 8 -8 -7 10 12 -12 -1 15 -5 -11
right_child=1 5 -4 4 -6 6 7 -9 -10 13 11 -13 -14 -15 -16 -17
leaf_value=-0.00197452782138832 -0.0015779868030046896 0.0079844259299144613 0.0052201111086473398 0.010286440019730404 -0.0035248645604742785 -0.0038353588183115718 -0.014676109527230781 -0.001310351975477379 0.0074188504338379884 -0.013231847100084477 -0.0046614799847091914 0.0098570481839627463 -0.0090570053149169136 -0.0018250435362881362 0.001398951356201446 -0.0043797135151517437
leaf_weight=9.7899533063173276 3.607310786843299 4.7723916172981253 3.3452769815921775 53.704741880297661 2.4259525239467612 7.9663696885108974 4.15621294081211 37.780969470739365 11.23472701013088 14.61666370928288 4.7109345942735663 3.1127493381500244 23.378574371337891 3.4422255456447592 3.4254812598228446 2.9836480021476737
leaf_count=41 15 18 13 227 10 31 17 148 43 72 20 12 109 16 14 13
internal_value=0.000512898 0.00403935 -0.00643377 0.00858058 0.00921267 -0.000297429 -0.000960258 -0.00265882 0.0026975 -0.00707834 -0.00544854 0.000987079 -0.00699671 -0.0102058 0.00977106 -0.011788
internal_weight=194.454 129.074 65.38 63.1635 59.5562 65.9107 61.1383 41.9372 19.2011 62.0347 40.9922 7.82368 33.1685 21.0425 57.1302 17.6003
internal_count=819 523 296 266 251 257 239 165 74 283 182 32 150 101 241 85
is_linear=0
shrinkage=0.01


Tree=72
num_leaves=18
num_cat=0
split_feature=11 53 54 2 29 4 49 23 23 28 44 3 50 54 33 28 35
split_gain=46.7714 11.4857 10.3424 7.27346 6.11564 4.84828 4.07794 3.27553 4.65529 3.12925 3.87629 3.03231 4.7271 2.58916 1.85105 1.49506 0.968215
threshold=16.82499980926514 -8.6035799980163556 4.2424874305725107 4955965.0000000009 0.083894304931163802 1603313.8750000002 1.4413126111030581 289.50000000000006 360.50000000000006 -488.40624999999994 163949.12500000003 86680.000000000015 0.32923972606658941 -1.0000000180025095e-35 0.64571359753608715 -488.40624999999994 -2.3156344890594478
decision_type=2 2 2 2 2 2 2 2 2 2 2 2 2 2 2 2 2
left_child=5 16 3 6 -5 7 -3 11 13 -4 -11 12 -1 -9 -10 -13 -2
right_child=1 2 9 4 -6 -7 -8 8 14 10 -12 15 -14 -15 -16 -17 -18
leaf_value=-0.0081752166969354702 0.0076103345768655855 0.0066372352870037602 -0.00081430331360374166 0.0033755244677056307 -0.0031170628734684337 0.0051681592744558845 -0.0060435413045709452 -0.0020413092059887892 -0.014397648878960324 -0.00032324368756878996 0.011731954576182835 -0.0025296387703519474 0.00075992490394886914 0.012202266924340215 -0.0016268491887179259 -0.012545804773537625 0.014356941787833826
leaf_weight=27.185593277215958 3.6431066095829001 27.049554988741878 2.8312214761972454 23.710560396313667 37.197232529520988 3.3451165258884421 2.7158451974391928 2.3533415049314499 2.6020461171865463 2.9255865961313274 18.636878326535225 1.9323186129331613 7.3149063140153876 2.5518357306718809 2.3624491989612579 15.559909299015997 10.156717360019682
leaf_count=125 15 107 12 94 149 13 11 10 12 12 79 9 30 10 10 77 44
internal_value=0.000508453 0.00400531 0.00296007 0.00139193 -0.00057317 -0.00638689 0.00544662 -0.00702788 -0.00161833 0.008748 0.0100499 -0.00803553 -0.00625177 0.0051648 -0.00852185 -0.0114965 0.0126483
internal_weight=194.074 128.867 115.067 90.6732 60.9078 65.2075 29.7654 61.8624 9.86967 24.3937 21.5625 51.9927 34.5005 4.90518 4.9645 17.4922 13.7998
internal_count=819 523 464 361 243 296 118 283 42 103 91 241 155 20 22 86 59
is_linear=0
shrinkage=0.01


Tree=73
num_leaves=22
num_cat=0
split_feature=11 26 8 19 27 30 23 19 37 34 35 1 43 50 1 39 21 43 37 34 54
split_gain=45.9404 24.8722 4.81302 4.12498 4.39654 4.03575 3.70779 4.39381 5.90705 3.48683 4.01381 8.05849 6.96136 3.19645 6.25728 2.56466 3.99238 2.65928 2.53629 2.35047 2.27931
threshold=16.82499980926514 0.0014492869377136233 0.97012302279472362 3200.4450683593755 -5634047.9999999991 0.098840933293104186 171.50000000000003 68753.167968750015 1.0000000180025095e-35 -1.3686760663986204 -0.873399257659912 1918470.5000000002 5784589.5000000009 0.32923972606658941 295749.50000000006 -0.10634183138608931 -28922.499999999996 731264.28125000012 1.9690592288970949 -0.42747271060943598 0.90195536613464367
decision_type=2 2 2 2 2 2 2 2 2 2 2 2 2 2 2 2 2 2 2 2 2
left_child=2 3 6 4 5 -2 13 8 -8 -3 11 -11 -12 20 -15 16 -5 -17 -6 -9 -1
right_child=1 9 -4 15 18 -7 7 19 -10 10 12 -13 -14 14 -16 17 -18 -19 -20 -21 -22
leaf_value=-0.008012758137086037 0.0096310296969372607 0.0079052386114803527 0.0051841609655457364 0.011819388928630966 0.012034537163113953 -0.0041566499310448073 0.0065876675101351834 -0.0028856776636520913 -0.0079669368051498296 0.01132589456077328 -0.00035854434277696466 -0.0056112628272497892 0.0132662637468974 0.0090494297415114732 -0.0086326723932847078 0.0082269751846109161 -0.0021774933850678738 0.014164183087478395 0.0012454506665271164 -0.014661374503299015 -0.013694716634091808
leaf_weight=21.195086762309074 3.0433456897735613 4.7686080336570731 3.3383168429136267 4.1662828624248505 8.2384734302759153 7.0197012722492218 6.8276247531175631 3.4508481025695801 4.6970988363027573 3.1261678338050869 28.318267598748207 25.360376074910164 4.3020513802766791 2.7937752306461316 6.7905948758125305 14.610315933823584 3.7947609871625891 18.692770183086395 3.2563569992780677 3.8852705508470526 12.056460827589033
leaf_count=99 12 18 13 18 33 28 27 15 21 12 110 101 16 11 31 64 16 82 13 18 61
internal_value=0.000504101 0.00397054 -0.00634024 0.00847283 0.00483971 0 -0.00698002 -0.00320054 0.000568919 -0.000307873 -0.000965166 -0.00371744 0.00140767 -0.0086208 -0.00337413 0.0103467 0.00502194 0.0115895 0.00906511 -0.0092585 -0.010103
internal_weight=193.733 128.697 65.0351 62.822 21.5579 10.063 61.6968 18.8608 11.5247 65.8755 61.1069 28.4865 32.6203 42.8359 9.58437 41.2641 7.96104 33.3031 11.4948 7.33612 33.2515
internal_count=819 523 296 266 86 40 283 81 48 257 239 113 126 202 42 180 34 146 46 33 160
is_linear=0
shrinkage=0.01


Tree=74
num_leaves=21
num_cat=0
split_feature=11 26 17 4 59 1 46 1 58 55 23 31 53 46 31 46 34 24 1 47
split_gain=45.1402 24.4885 4.85505 4.76082 3.57428 6.12348 3.49991 4.10393 3.988 2.97628 4.04519 3.63154 2.98286 3.75134 2.77048 1.48956 3.01408 1.34536 1.32745 0.142901
threshold=16.82499980926514 0.0014492869377136233 27710.000000000004 433286.54687500006 627812.96875000012 9079141.0000000019 -0.9687482714653014 1456966.0000000002 202628.17968750003 4.3169193267822275 275.00000000000006 3.6390073299407963 0.5794210433959962 -0.78128319978713978 0.24349329620599749 -0.37793838977813715 -1.1618714332580564 39.500000000000007 341183.00000000006 0.86739584803581249
decision_type=2 2 2 2 2 2 2 2 2 2 2 2 2 2 2 2 2 2 2 2
left_child=3 2 4 9 5 -2 14 -8 -9 12 11 -11 13 -1 -3 19 -17 -5 -14 -4
right_child=1 6 15 17 -6 -7 7 8 -10 10 -12 -13 18 -15 -16 16 -18 -19 -20 -21
leaf_value=-0.011595162434766137 0.0084722562056350828 -0.016218511012454688 0.01392679047618225 -0.0021005782174020257 0.012787320071719047 -0.0026549772050808978 0.0091384981085205156 -0.0060064950943300287 0.00083902016015259193 -0.013872855966740635 0.0091998792505965706 0.0027727602990452733 -0.0068423168730326282 -0.0044884601577069869 -0.00069357980117050228 0.0010964891864956817 0.010646169509719524 0.00791963559113118 -0.014227268324972937 0.0093007987999998692
leaf_weight=10.603302150964732 9.8726478219032341 2.3769584447145453 12.508531287312506 2.5154758542776099 4.6451685428619376 9.7220894098281843 4.8781172037124625 10.432349890470503 45.660715714097023 2.8514109402894965 2.4885000437498093 2.2721338719129562 4.1261807829141608 27.9011644423008 2.5015742629766464 4.274697512388232 19.345585182309151 2.6144080758094788 9.4811420887708646 2.2494989186525336
leaf_count=50 40 10 56 10 19 38 19 41 177 14 10 10 19 127 10 18 85 10 46 10
internal_value=0.000500181 0.00393827 0.00841609 -0.00629487 0.00483628 0.00290035 -0.000304613 0.000331748 -0.000416301 -0.00709377 -0.00109868 -0.00629586 -0.00795029 -0.00647146 -0.00846274 0.0106511 0.00896025 0.00281121 -0.0120614 0.0132894
internal_weight=193.322 128.468 62.6182 64.8537 24.2399 19.5947 65.8497 60.9712 56.0931 59.7238 7.61204 5.12354 52.1118 38.5045 4.87853 38.3783 23.6203 5.12988 13.6073 14.758
internal_count=819 523 266 296 97 78 257 237 218 276 34 24 242 177 20 169 103 20 65 66
is_linear=0
shrinkage=0.01


Tree=75
num_leaves=22
num_cat=0
split_feature=58 26 17 41 41 7 1 12 47 39 39 6 7 3 47 31 33 60 23 2 41
split_gain=43.1814 21.5794 7.73428 6.94481 5.02819 4.34163 4.3364 3.84511 5.49308 8.01692 7.85927 5.10391 6.79407 3.14198 3.65478 5.0691 2.87188 2.87137 2.05038 1.67739 1.37129
threshold=12638.773925781252 0.0014492869377136233 37840.000000000007 2.2319080829620366 -0.82756873965263356 1.3015289306640627 9079141.0000000019 189631520.00000003 -1.3590980172157285 4.0700824260711679 5.2311542034149179 -57629171711.999992 1.4867205023765566 86680.000000000015 0.18732974678277972 5.9790539741516122 -1.4635440707206724 -2542914.3749999995 275.00000000000006 7271354.5000000009 -1.4923129081726072
decision_type=2 2 2 2 2 2 2 2 2 2 2 2 2 2 2 2 2 2 2 2 2
left_child=3 2 4 13 6 -6 -2 8 9 -3 -10 12 -9 14 17 -16 -4 -1 20 -18 -15
right_child=1 7 16 -5 5 -7 -8 11 10 -11 -12 -13 -14 18 15 -17 19 -19 -20 -21 -22
leaf_value=-0.013088674124390326 0.0024404443956411886 0.013583399818762111 0.0024593808378306783 0.0087844549979283811 0.0013966651297445691 0.010703248346199653 -0.014770667727697752 -0.0062471158003468679 -0.0057153861595451621 -0.0072679527030134273 0.0033832208147741554 0.015967787905052787 0.0094760422860573484 -0.0041606404432936268 -0.0052480029883114308 0.0069082968418187141 0.0084594704183348652 -0.0049979018629352388 -0.003309866349872946 0.013277726653312106 -0.013186869029320989
leaf_weight=8.2764331698417664 3.458928748965266 5.1219679713249198 4.2075927108526221 2.7763928025960913 10.823910579085352 9.8161648958921415 2.4460594952106476 5.7967471778392774 31.119938731193542 2.812861904501915 13.514132633805273 2.9812744706869116 5.1925447732210159 2.293949887156491 14.055975273251535 4.4837879538536063 13.070209205150602 10.603557392954826 3.6500540822744361 22.123496636748314 14.306799426674843
leaf_count=40 14 19 17 11 43 40 10 23 124 11 52 11 20 11 63 18 57 48 16 99 72
internal_value=0.000496192 0.00369657 0.00775112 -0.00650176 0.00352207 0.00587121 -0.00451967 -0.00030681 -0.00156007 0.00606566 -0.00293814 0.00433742 0.00109123 -0.00725502 -0.00548142 -0.0022541 0.0105749 -0.00859762 -0.0104829 0.0115167 -0.0119998
internal_weight=192.933 132.486 65.9464 60.4469 26.5451 20.6401 5.90499 66.5395 52.5689 7.93483 44.6341 13.9706 10.9893 57.6706 37.4198 18.5398 39.4013 18.88 20.2508 35.1937 16.6007
internal_count=819 540 280 279 107 83 24 260 206 30 176 54 43 268 169 81 173 88 99 156 83
is_linear=0
shrinkage=0.01


Tree=76
num_leaves=21
num_cat=0
split_feature=11 26 17 4 4 46 49 34 19 31 3 50 17 57 6 54 0 49 34 41
split_gain=43.6571 23.7745 4.75428 4.62648 3.546 3.43859 4.18559 8.80342 7.67771 2.94033 2.92995 3.94496 3.84563 3.25683 2.7505 2.73608 1.7338 1.48939 5.16707 0.53063
threshold=16.82499980926514 0.0014492869377136233 27710.000000000004 1603313.8750000002 1429728.2500000002 -0.9687482714653014 -0.049165759235620492 -0.48291398584842676 734.19863891601574 -2.1930378675460811 86680.000000000015 0.32923972606658941 68774.000000000015 17.324300765991214 -57629171711.999992 2.7563834190368657 228333.00000000003 -0.049165759235620492 -1.1618714332580564 1.1921896338462832
decision_type=2 2 2 2 2 2 2 2 2 2 2 2 2 2 2 2 2 2 2 2
left_child=3 2 4 10 9 14 8 -8 -7 -2 11 13 -13 -1 -3 16 -12 19 -19 -4
right_child=1 5 17 -5 -6 6 7 -9 -10 -11 15 12 -14 -15 -16 -17 -18 18 -20 -21
leaf_value=-0.0017731011655544434 0 -0.016155949981452197 0.013754842223997117 0.005086500159880946 -0.0053286481942654155 -0.0039375042541179728 -0.0088196823638658824 0.0027211087076090706 0.0060075471916916723 0.0084816312725506 -0.01300421381308374 -0.0045249974060691126 0.0097760353939174722 -0.0088152525729378924 -0.00066860093388610461 -0.0011964713944841972 -0.0040337081823465619 -0.0030489079090388659 0.010706115898756053 0.0086482169768207252
leaf_weight=9.7289196103811246 5.7353819757700029 2.3634201884269714 14.254376247525217 3.3368971645832053 2.9485760927200309 11.610122337937353 12.360789373517038 14.022365510463713 22.944263532757759 15.483633384108542 14.446821525692945 4.6825877577066413 3.1115603446960449 23.023728623986244 2.5040609985589972 3.2525426447391501 2.9370689392089835 3.1320082247257259 16.841753423213959 3.8144103288650504
leaf_count=41 23 10 65 13 12 46 49 54 88 62 73 20 12 109 10 15 13 13 74 17
internal_value=0.000492304 0.00387768 0.00831049 -0.00620916 0.00476597 -0.000297782 0.000332504 -0.00264797 0.00263711 0.00621583 -0.00684156 -0.00522804 0.00105592 -0.00675397 -0.00839398 -0.00996337 -0.0115461 0.010536 0.00849918 0.0127322
internal_weight=192.535 128.015 62.2101 64.5201 24.1676 65.805 60.9375 26.3832 34.5544 21.219 61.1832 40.5468 7.79415 32.7526 4.86748 20.6364 17.3839 38.0425 19.9738 18.0688
internal_count=819 523 266 296 97 257 237 103 134 85 283 182 32 150 20 101 86 169 87 82
is_linear=0
shrinkage=0.01


Tree=77
num_leaves=18
num_cat=0
split_feature=11 26 8 31 51 23 19 37 34 35 4 43 50 1 36 53 2
split_gain=42.891 23.4098 4.62107 4.01348 3.69989 3.6415 4.37886 5.80444 3.44682 3.91615 7.96461 6.79989 3.14613 6.0963 2.55741 2.50231 2.36818
threshold=16.82499980926514 0.0014492869377136233 0.97012302279472362 -7.905303716659545 0.33129292726516729 171.50000000000003 68753.167968750015 1.0000000180025095e-35 -1.3686760663986204 -0.873399257659912 39638.429687500007 5784589.5000000009 0.32923972606658941 295749.50000000006 -0.39933006465435023 -0.83471009135246266 114499296.00000001
decision_type=2 2 2 2 2 2 2 2 2 2 2 2 2 2 2 2 2
left_child=2 3 5 -2 16 12 7 -7 -3 10 -10 -11 15 -14 -8 -1 -5
right_child=1 8 -4 4 -6 6 14 -9 9 11 -12 -13 13 -15 -16 -17 -18
leaf_value=-0.0054961008934760617 -0.0018067974863791908 0.0078751923541994315 0.0051370311465290938 0.0100441074119096 -0.0010258425189527717 0.0066896124741868028 -0.0021202648396264337 -0.0077820133140670544 0.0016059716756072831 -0.00035165620785452206 -0.0089300805712610072 0.013117262931539331 0.0090393396248158678 -0.0084548446352887326 -0.014469402275081889 -0.0117651699603667 0.0010728185404911047
leaf_weight=9.802338212728495 3.5710939466953269 4.7635129243135443 3.3301218748092642 51.684724152088165 3.366452530026435 6.8088967949152011 3.230252668261528 4.6533090323209763 14.098809331655504 28.288152158260345 14.33648297190666 4.3002074956893912 2.7897448092699033 6.7113649398088455 4.0435593128204337 22.977554574608806 3.386811450123786
leaf_count=43 15 18 13 223 14 27 14 21 55 110 58 16 11 31 19 117 14
internal_value=0.000488152 0.00384553 -0.0061642 0.00825451 0.00888646 -0.00679738 -0.00304334 0.000727327 -0.000295055 -0.000949212 -0.00367092 0.00139495 -0.00843725 -0.0032129 -0.00912271 -0.009921 0.00951055
internal_weight=192.143 127.796 64.3471 62.0091 58.438 61.017 18.736 11.4622 65.7872 61.0237 28.4353 32.5884 42.281 9.50111 7.27381 32.7799 55.0715
internal_count=819 523 296 266 251 283 81 48 257 239 113 126 202 42 33 160 237
is_linear=0
shrinkage=0.01


Tree=78
num_leaves=22
num_cat=0
split_feature=58 26 17 41 41 27 1 12 47 47 6 7 59 27 38 46 22 22 46 33 2
split_gain=41.0231 20.5894 7.62415 6.71182 4.91715 4.65736 4.23997 3.7595 5.39893 7.77 4.95628 6.6222 3.56569 3.15045 3.79937 3.02804 5.73874 2.92621 2.83761 2.82397 1.69267
threshold=12638.773925781252 0.0014492869377136233 37840.000000000007 2.2319080829620366 -0.82756873965263356 -25634815.999999996 9079141.0000000019 189631520.00000003 -1.3590980172157285 0.28208653628826147 -57629171711.999992 1.4867205023765566 440423.46875000006 -1189887.9999999998 1.2886607050895693 1.437989413738251 -4405.2150878906241 5114.9851074218759 -0.6728353202342986 -1.4635440707206724 7271354.5000000009
decision_type=2 2 2 2 2 2 2 2 2 2 2 2 2 2 2 2 2 2 2 2 2
left_child=3 2 4 13 6 -6 -2 8 12 -10 11 -9 -3 14 18 17 -17 -15 -1 -4 -21
right_child=1 7 19 -5 5 -7 -8 10 9 -11 -12 -13 -14 15 -16 16 -18 -19 -20 20 -22
leaf_value=0.0030118150424551515 0.0023246693070492655 0 0.0023601511479214572 0.0086831410755058951 -0.0027433045515995887 0.0083678923351494117 -0.014710069397037388 -0.0061517299556716363 -0.0070281913549405462 0.0012901445939844619 0.015762626801488381 0.0093814262547366589 0.013567736087697447 -0.0070653197976976584 0.0077244050024442438 -0.010690215988775884 0.0099247316947312664 -0.012889000829951274 -0.0084995511815877407 0.0082810885076435997 0.013144374783374433
leaf_weight=2.761080026626586 3.4450781643390682 4.4290947616100302 4.1918750554323188 2.7652006000280371 4.8014468550682112 15.743194907903668 2.4420116394758224 5.7905165255069715 22.603778451681137 21.984462693333626 2.9792630076408377 5.1837374120950699 3.5007105320692062 22.84076589345932 2.6784058213233939 2.9884865880012512 2.4428385645151129 15.358702614903448 8.0828344970941526 12.926166757941244 21.812646120786667
leaf_count=12 14 17 17 11 19 64 10 23 90 86 11 20 13 108 11 14 10 76 37 57 99
internal_value=0.000484086 0.00360718 0.00759308 -0.00637073 0.00339183 0.00572244 -0.00457161 -0.000297173 -0.00153707 -0.00290437 0.00429785 0.0010943 0.00602497 -0.00711657 -0.00278765 -0.0084353 -0.00123415 -0.009433 -0.00547631 0.0104198 0.0113636
internal_weight=191.752 131.834 65.3624 59.9183 26.4317 20.5446 5.88709 66.4716 52.518 44.5882 13.9535 10.9743 7.92981 57.1531 13.5223 43.6308 5.43133 38.1995 10.8439 38.9307 34.7388
internal_count=819 540 280 279 107 83 24 260 206 176 54 43 30 268 60 208 24 184 49 173 156
is_linear=0
shrinkage=0.01


Tree=79
num_leaves=22
num_cat=0
split_feature=11 26 17 8 59 39 46 49 19 21 23 19 10 50 21 6 36 53 46 33 47
split_gain=41.4661 22.7083 4.68625 4.51403 3.53956 4.38727 3.39522 4.09453 7.4917 6.79831 3.34398 4.07702 5.4742 2.98196 3.2271 2.69147 2.54402 2.48765 1.5043 2.53899 0.157696
threshold=16.82499980926514 0.0014492869377136233 27710.000000000004 0.94171550869941723 627812.96875000012 2.227493524551392 -0.9687482714653014 -0.049165759235620492 734.19863891601574 109706.50000000001 171.50000000000003 68753.167968750015 -8.4999999671708779e-05 0.32923972606658941 -11927.499999999998 -57629171711.999992 -0.39933006465435023 -0.83471009135246266 -0.37793838977813715 -1.3396883606910703 0.86739584803581249
decision_type=2 2 2 2 2 2 2 2 2 2 2 2 2 2 2 2 2 2 2 2 2
left_child=3 2 4 10 5 -2 15 8 -8 -9 13 12 -12 17 -15 -3 -13 -1 20 -20 -4
right_child=1 6 18 -5 -6 -7 7 9 -10 -11 11 16 -14 14 -16 -17 -18 -19 19 -21 -22
leaf_value=-0.0054117954234826435 -0.0018415832719596448 -0.016044550692921242 0.013710718537852287 0.0031531273610071564 0.012585252714951589 0.0075972052531188099 -0.0038813185385715284 -0.0045316720605707668 0.0059466790346098157 0.010949869025570793 -0.010788051626776977 -0.0020239025086424981 0.0050330868013540534 -0.011052980034261415 0.0015533452614000123 -0.00069849412663875008 -0.014373505992709201 -0.011678405744558947 0.00048072834212167152 0.0100607715167039 0.008972267737207322
leaf_weight=9.7658398449420876 10.000339701771741 2.3539575189352036 12.198740780353544 4.7526891827583304 4.5902528315782538 9.4677085280418378 11.595153361558912 23.152089402079586 22.936712980270386 3.2039712518453589 3.0102328658103952 3.2180349677801132 7.9294478595256814 3.165856808423996 5.3731994330883008 2.501964956521987 4.0102616697549811 22.768477112054828 3.4765690416097668 19.690613567829132 2.1978069543838492
leaf_count=43 40 10 56 19 19 38 46 91 88 12 14 14 32 15 23 10 19 117 15 88 10
internal_value=0.00048046 0.00378493 0.00814689 -0.00608072 0.00462548 0.00269733 -0.000288356 0.00033764 0.00261766 -0.00261172 -0.00683839 -0.00317699 0.00058823 -0.00843359 -0.00300334 -0.00834358 -0.00901381 -0.00982809 0.0103756 0.00866631 0.0130568
internal_weight=191.36 127.366 61.622 63.994 24.0583 19.468 65.7438 60.8879 34.5319 26.3561 59.2414 18.168 10.9397 41.0734 8.53906 4.85592 7.2283 32.5343 37.5637 23.1672 14.3965
internal_count=819 523 266 296 97 78 257 237 134 103 277 79 46 198 38 20 33 160 169 103 66
is_linear=0
shrinkage=0.01


Tree=80
num_leaves=18
num_cat=0
split_feature=11 53 54 2 29 8 49 23 19 37 48 18 10 44 34 40 37
split_gain=40.7415 10.8294 9.30353 6.88628 5.76526 4.44661 3.94435 3.54972 4.21805 5.63854 3.11584 2.99518 5.01025 2.50793 2.31241 0.998473 0.962681
threshold=16.82499980926514 -8.6035799980163556 4.2424874305725107 4955965.0000000009 0.083894304931163802 0.97012302279472362 1.4413126111030581 171.50000000000003 68753.167968750015 1.0000000180025095e-35 -0.8840312361717223 57788.500000000007 -0.00059750000946223725 163949.12500000003 -0.42747271060943598 -1.6940231919288633 -2.7689367532730098
decision_type=2 2 2 2 2 2 2 2 2 2 2 2 2 2 2 2 2
left_child=5 16 3 6 -5 7 -3 11 9 -9 -4 12 -1 -12 -10 -13 -2
right_child=1 2 10 4 -6 -7 -8 8 14 -11 13 15 -14 -15 -16 -17 -18
leaf_value=0.00076000966642885456 0.0077180099773105065 0.0064043964598723092 -0.00022669376574557571 0.0031911266058442145 -0.0031334462681485431 0.0050512749184715971 -0.0061205036533860807 0.0066098645350312216 -0.0026107546786608587 -0.0076761737068112229 0.00029536432282907261 -0.0054090315248069851 -0.0088316836061149099 0.011154991725340454 -0.014385786003821581 -0.013290025917715692 0.014218555124880735
leaf_weight=7.2017542272806159 4.1360674053430548 26.780537441372875 3.4281827211380032 23.527996182441711 36.982771784067154 3.3254202008247367 2.6936988085508338 6.8122274875640887 3.4081607460975647 4.6258315145969391 2.6330018937587765 2.3901660889387122 20.20156875252724 17.719191074371338 3.7965719997882834 12.054336830973623 9.2468219846487028
leaf_count=32 18 107 14 94 149 13 11 27 15 21 11 11 99 78 18 60 41
internal_value=0.000476587 0.00375373 0.00274145 0.00125825 -0.000657779 -0.00603718 0.0052258 -0.00666329 -0.00294995 0.000744813 0.00831181 -0.00829365 -0.00627444 0.0097992 -0.00895447 -0.0120552 0.0122842
internal_weight=190.964 127.148 113.765 89.985 60.5108 63.816 29.4742 60.4906 18.6428 11.4381 23.7804 41.8478 27.4033 20.3522 7.20473 14.4445 13.3829
internal_count=819 523 464 361 243 296 118 283 81 48 103 202 131 89 33 71 59
is_linear=0
shrinkage=0.01


Tree=81
num_leaves=19
num_cat=0
split_feature=11 53 53 17 4 49 3 8 2 41 0 55 43 4 54 28 35 8
split_gain=40.021 10.695 9.18813 4.96177 7.89784 5.04365 4.48715 5.94482 4.78731 3.09655 2.78397 3.05693 2.51925 2.10559 1.91358 2.21846 0.965169 0.903143
threshold=16.82499980926514 -8.6035799980163556 3.6316900253295903 3876.0000000000005 10113.719726562502 -0.10653109475970267 -58575.999999999993 0.94171550869941723 406722.50000000006 -1.4065665602684019 228999.50000000003 1.0000000180025095e-35 17075.645507812504 764975.25000000012 3.252533078193665 -488.40624999999994 -2.3156344890594478 0.75677147507667553
decision_type=2 2 2 2 2 2 2 2 2 2 2 2 2 2 2 2 2 2
left_child=6 16 3 4 -3 -5 7 8 -1 -10 14 -12 17 -14 15 -8 -2 -4
right_child=1 2 12 5 -6 -7 10 -9 9 -11 11 -13 13 -15 -16 -17 -18 -19
leaf_value=0.0080346390234802261 0.0071625234032970378 0.004755437760231406 -0.00174750563421595 0.0054399511454734685 -0.0075513482090200559 0.00014187384800623898 -0.0016203770807352558 0.00971288725240637 -0.014128731430887947 -0.0045111172206265659 -0.0096322701354809581 0.0063244413602625239 0.012837337399151874 0.0019221102198349858 -0.0012644855648029809 -0.011908875230813996 0.013967281184046386 0.0068240921844715712
leaf_weight=2.6007974147796658 3.5646960735321036 8.4577861726284045 2.2937493324279812 34.790856435894966 13.354033559560774 37.987155824899673 2.5759792774915793 3.1099804788827887 4.1156264990568223 22.442728027701374 2.3672782033681861 2.3876311928033829 12.090402111411093 2.330329328775405 2.5422138571739188 21.502361223101616 9.7539854496717435 2.3532877564430237
leaf_count=11 15 33 10 140 54 154 12 12 20 100 11 10 53 10 12 108 44 10
internal_value=0.000472615 0.00372146 0.00271665 0.00142753 -0.0027334 0.00268831 -0.00599338 -0.00332476 -0.00474959 -0.00603917 -0.00870615 -0.00140945 0.00905918 0.0111428 -0.0099719 -0.0108497 0.0122211 0.00237801
internal_weight=190.621 126.976 113.658 94.5898 21.8118 72.778 63.6446 32.2691 29.1592 26.5584 31.3755 4.75491 19.0678 14.4207 26.6206 24.0783 13.3187 4.64704
internal_count=819 523 464 381 87 294 296 143 131 120 153 21 83 63 132 120 59 20
is_linear=0
shrinkage=0.01


Tree=82
num_leaves=25
num_cat=0
split_feature=11 26 3 31 23 21 12 24 21 19 38 39 39 34 35 4 58 0 55 39 21 43 28 57
split_gain=39.3125 22.0144 4.43332 5.92266 5.83803 7.40974 5.96593 4.3247 4.09956 3.93758 3.7559 5.1534 4.02663 3.37828 3.81255 7.72238 6.75126 2.75226 3.00255 2.57692 3.90724 2.73645 1.75369 2.18898
threshold=16.82499980926514 0.0014492869377136233 -58575.999999999993 3.9254262447357182 181.50000000000003 25060.000000000004 1.0000000180025095e-35 202.50000000000003 10802.000000000002 3200.4450683593755 -1.0678899884223936 2.227493524551392 5.4433429241180429 -1.3686760663986204 -0.873399257659912 39638.429687500007 192117.17187500003 228999.50000000003 1.0000000180025095e-35 -0.10634183138608931 -28922.499999999996 731264.28125000012 -488.40624999999994 96.56280899047853
decision_type=2 2 2 2 2 2 2 2 2 2 2 2 2 2 2 2 2 2 2 2 2 2 2 2
left_child=2 9 3 4 6 -6 -1 8 -5 10 11 -2 -12 -3 15 -15 -16 22 -19 20 -11 -21 -4 -24
right_child=1 13 17 7 5 -7 -8 -9 -10 19 12 -13 -14 14 16 -17 -18 18 -20 21 -22 -23 23 -25
leaf_value=-0.011346882406578008 -0.0038412674726314576 0.0077807378633339306 -0.0016051298371324834 0 0.011931664937031621 -0.0089225318590355034 0.004925496507630551 -0.0065576023834915745 0.017197933712066977 0.011372167679584429 0.014896445710821452 0.010367543499723327 0.0014782575810367627 0.0015441002316160133 -0.0059345266063931404 -0.0088368195203570241 0.0042042071363750481 -0.0095700540594546111 0.0062514584628331942 0.0076989993771098076 -0.0026759226675339021 0.013815344060693995 -0.011856005489219137 -0.0018333006974069377
leaf_weight=14.779065325856214 8.0303425043821353 4.7556061744689933 2.5744516551494661 2.617227301001547 3.5897837877273551 3.2095832526683807 2.5651414543390265 2.5317221730947495 2.9267629384994507 4.0216982960700989 5.3440465033054334 3.7288183569908133 4.1541758328676224 14.091168358922006 9.0645544826984388 14.302316293120382 23.497374206781387 2.3588836789131156 2.3913320600986481 14.122738674283026 3.7245880365371695 17.983099833130836 21.234216392040256 2.6969871968030921
leaf_count=72 32 18 12 11 14 14 10 11 11 18 22 15 17 55 36 58 90 11 10 64 16 82 107 13
internal_value=0.000468788 0.00368923 -0.00594975 -0.00329637 -0.00579315 0.00194055 -0.0088826 0.00404431 0.00906616 0.00801025 0.00444835 0.000579292 0.0091331 -0.000313991 -0.00096193 -0.00364974 0.00135109 -0.00865294 -0.00139474 0.0098851 0.00448844 0.011156 -0.00991599 -0.0107683
internal_weight=190.296 126.821 63.4752 32.2193 24.1436 6.79937 17.3442 8.07571 5.54399 61.1095 21.2574 11.7592 9.49822 65.711 60.9554 28.3935 32.5619 31.2559 4.75022 39.8521 7.74629 32.1058 26.5057 23.9312
internal_count=819 523 296 143 110 28 82 33 22 266 86 47 39 257 239 113 126 153 21 180 34 146 132 120
is_linear=0
shrinkage=0.01


Tree=83
num_leaves=19
num_cat=0
split_feature=11 53 53 17 4 49 3 8 3 6 0 53 11 49 44 54 28 35
split_gain=38.6349 10.4923 8.93606 4.835 7.71011 4.96768 4.37404 5.7477 4.05763 3.2964 2.72084 2.27697 2.08482 4.08923 2.37139 1.88889 2.17751 0.963919
threshold=16.82499980926514 -8.6035799980163556 3.6316900253295903 3876.0000000000005 10113.719726562502 -0.10653109475970267 -58575.999999999993 0.94171550869941723 -111455.99999999999 -62082357247.999992 228999.50000000003 -0.57907819747924794 75.81000137329103 0.71259701251983654 369002.73437500006 3.252533078193665 -488.40624999999994 -2.3156344890594478
decision_type=2 2 2 2 2 2 2 2 2 2 2 2 2 2 2 2 2 2
left_child=6 17 3 4 -3 -5 7 8 9 -1 15 -12 14 -14 -4 16 -8 -2
right_child=1 2 12 5 -6 -7 10 -9 -10 -11 11 -13 13 -15 -16 -17 -18 -19
leaf_value=-0.010108300316731473 0.007056838378196764 0.0046851020699837029 0.0042819428275501295 0.0053754476409068434 -0.0074786555713289094 0.00011332814717941585 -0.0015900187655582413 0.0095573265218491851 0.0042601050338073702 -0.0026743003785776754 -0.0091352112465321669 0.0046861758246826996 -0.0021426058804007715 0.013770292269686932 0.014309895025931592 -0.001198140984928871 -0.011797883710837637 0.013874624955370285
leaf_weight=11.749505922198297 3.5462671518325797 8.4547212272882479 3.6771758496761349 34.730526313185692 13.334307238459585 37.933698251843452 2.5729366987943747 3.1042965799570075 4.2110179364681271 13.080243885517119 2.1551778018474579 2.5902594774961463 3.9072190672159186 2.6570445150136948 8.6956126987934095 2.5348248779773703 21.283470690250397 9.6538051515817624
leaf_count=56 15 33 16 140 54 154 12 12 18 57 10 11 17 12 38 12 108 44
internal_value=0.000465186 0.00365939 0.00266579 0.00139624 -0.0027129 0.00264217 -0.00590877 -0.00327079 -0.00467648 -0.00623236 -0.00860007 -0.00138019 0.00894518 0.00414618 0.0114104 -0.0098604 -0.0107389 0.0121187
internal_weight=189.872 126.59 113.39 94.4533 21.789 72.6642 63.2817 32.1451 29.0408 24.8297 31.1367 4.74544 18.9371 6.56426 12.3728 26.3912 23.8564 13.2001
internal_count=819 523 464 381 87 294 296 143 131 113 153 21 83 29 54 132 120 59
is_linear=0
shrinkage=0.01


Tree=84
num_leaves=15
num_cat=0
split_feature=11 53 54 2 29 8 49 41 47 21 48 48 44 37
split_gain=37.9519 10.3654 8.80737 6.66219 5.5778 4.16917 3.83243 3.28403 3.67831 4.83964 4.2866 3.09851 2.46766 0.968328
threshold=16.82499980926514 -8.6035799980163556 4.2424874305725107 4955965.0000000009 0.083894304931163802 0.94171550869941723 1.4413126111030581 2.117325067520142 0.18732974678277972 -3904.4999999999995 0.14399969577789309 -0.8840312361717223 163949.12500000003 -2.7689367532730098
decision_type=2 2 2 2 2 2 2 2 2 2 2 2 2 2
left_child=5 13 3 6 -5 7 -3 8 10 -10 -1 -4 -13 -2
right_child=1 2 11 4 -6 -7 -8 -9 9 -11 -12 12 -14 -15
leaf_value=-0.011860167313065127 0.0074629653906219109 0.0062764297337965626 -0.0004424130542948361 0.0031062585382302943 -0.0031191461135682821 0.0030171507200231246 -0.0060769913249424301 0.0045261774194508301 0.0065275281008473733 -0.0060406282827300938 -0.0025146227356695979 0.00015781276585439399 0.010959466091050165 0.014018885057037777
leaf_weight=21.550248593091968 4.0793215036392203 26.701481521129612 3.4053637385368374 23.487347990274429 36.929822400212288 4.7327941358089438 2.690348580479621 2.4311680048704138 3.4334408491849926 24.233797252178192 6.7310672849416724 2.6212172210216549 17.461713552474976 9.054868206381796
leaf_count=109 18 107 14 94 149 19 11 10 15 113 30 11 78 41
internal_value=0.000461436 0.00362782 0.00264161 0.00120265 -0.000682451 -0.00586584 0.00511165 -0.0066031 -0.00710458 -0.00444481 -0.00967125 0.00810098 0.00959943 0.0120588
internal_weight=189.544 126.431 113.297 89.809 60.4172 63.1125 29.3918 58.3797 55.9486 27.6672 28.2813 23.4883 20.0829 13.1342
internal_count=819 523 464 361 243 296 118 277 267 128 139 103 89 59
is_linear=0
shrinkage=0.01


Tree=85
num_leaves=19
num_cat=0
split_feature=58 54 54 39 41 9 17 58 29 28 27 38 46 22 22 29 34 35
split_gain=36.3902 9.07932 11.4121 7.60715 6.33138 6.24628 6.15032 4.7333 4.22233 3.91711 3.07416 3.72846 2.96918 5.57123 2.95958 2.87751 2.46099 2.35335
threshold=12638.773925781252 4.2424874305725107 -4.781085491180419 -0.2313151732087135 2.2319080829620366 305817152.00000006 14347.500000000002 202628.17968750003 0.090108491480350508 -488.40624999999994 -1189887.9999999998 1.2886607050895693 1.437989413738251 -4405.2150878906241 5114.9851074218759 0.31776691973209387 1.4228167533874514 2.3822768926620488
decision_type=2 2 2 2 2 2 2 2 2 2 2 2 2 2 2 2 2 2
left_child=4 2 6 -4 10 -5 8 -8 -2 -3 11 15 14 -14 -12 -1 17 -11
right_child=1 9 3 5 -6 -7 7 -9 -10 16 12 -13 13 -15 -16 -17 -18 -19
leaf_value=0.0038290225021592275 0.012089463575637576 -0.0015746800507352304 -0.014620644425344958 -0.0019896035579647295 0.0085836250602258149 0.0039390266311324484 0.0023213384394836821 0.013093646177636992 -0.0018902089576908097 0.014335228722195155 -0.0067328403376246595 0.0079442275733572869 -0.010412091814391367 0.010043587336605589 -0.012654245072269412 -0.008145395862252245 0.0024865182338132973 0.0038471658986732912
leaf_weight=2.5369163304567328 2.7882659286260596 2.7452198266983059 3.3845181167125693 38.559598580002785 2.7494713664054862 32.820077106356621 5.8238887041807201 15.794779866933821 9.3429173827171308 13.120756298303609 22.365717276930809 2.65726613998413 2.9262721538543701 2.4262227416038504 14.951027214527128 8.1303250044584257 3.2011873573064795 2.886862948536872
leaf_count=11 11 12 14 153 11 130 26 71 38 58 108 11 14 10 76 38 14 13
internal_value=0.000457734 0.00340534 0.00220668 1.44054e-05 -0.00607185 0.000722346 0.00703348 0.0102379 0.00124049 0.0092845 -0.00680934 -0.00250673 -0.0081295 -0.000952945 -0.00913206 -0.00520386 0.0108885 0.0125062
internal_weight=189.211 130.468 108.514 74.7642 58.7432 71.3797 33.7499 21.6187 12.1312 21.954 55.9937 13.3245 42.6692 5.35249 37.3167 10.6672 19.2088 16.0076
internal_count=819 540 443 297 279 283 146 97 49 97 268 60 208 24 184 49 85 71
is_linear=0
shrinkage=0.01


Tree=86
num_leaves=23
num_cat=0
split_feature=11 26 17 3 31 23 21 12 24 21 59 1 34 2 60 56 31 34 28 34 21 21
split_gain=36.6912 21.1146 4.61621 4.29579 5.78243 5.69119 7.19271 5.79192 4.1963 3.98058 3.48768 5.81095 3.32516 3.30972 6.85794 5.90386 2.65287 2.79421 5.81794 1.53109 1.64845 0.266127
threshold=16.82499980926514 0.0014492869377136233 27710.000000000004 -58575.999999999993 3.9254262447357182 181.50000000000003 25060.000000000004 1.0000000180025095e-35 202.50000000000003 10802.000000000002 627812.96875000012 9079141.0000000019 -1.3686760663986204 4955965.0000000009 -2051226.1874999998 32.722997665405281 4.6731765270233163 -0.64827111363410939 -162.03124999999997 -1.4587702155113218 736759.00000000012 -48367.999999999993
decision_type=2 2 2 2 2 2 2 2 2 2 2 2 2 2 2 2 2 2 2 2 2 2
left_child=3 2 10 4 5 7 -7 -1 9 -6 11 -2 -3 15 -15 -14 17 21 -19 -4 -21 -5
right_child=1 12 19 16 8 6 -8 -9 -10 -11 -12 -13 13 14 -16 -17 -18 18 -20 20 -22 -23
leaf_value=-0.011185484341630693 0.007934385608501647 0.0076944540065523679 0.0019324154011597374 -0.007677984769111852 0 0.011817453824023874 -0.0087639011918010119 0.0048761756768970817 -0.0063810193918394298 0.017059799993435616 0.012305288927812961 -0.0030016100478980931 0.014936785279010361 -0.014445726718042078 -0.0011593032186171285 0 -0.013645961796538651 0.011270988767799656 -0.0066480719018007488 0.011240893579744116 0.0019851209776465661 -0.013770913209229955
leaf_weight=14.582210972905168 9.6355592161417061 4.7486547827720633 2.4492111504077902 1.9137571454048155 2.6063075512647611 3.5887449681758872 3.1881206035614014 2.5593630671501151 2.5150174796581268 2.9214928299188614 4.5074489414691916 9.6364793628454191 3.1542358100414303 4.3711386024951926 37.416060149669647 15.968414604663847 7.7752136737108222 2.0395056754350742 14.281613215804093 31.856549248099327 2.3311914801597586 4.8141559064388337
leaf_count=72 40 18 11 10 11 14 14 10 11 11 19 38 12 18 147 62 40 9 70 148 10 24
internal_value=0.000454118 0.00356949 0.00783643 -0.00578571 -0.00316668 -0.00565086 0.00198756 -0.00872902 0.00409664 0.00904463 0.00433116 0.00241424 -0.000341554 -0.000984476 -0.00257306 0.00243463 -0.0084689 -0.00667911 -0.00434762 0.0100843 0.010639 -0.0121864
internal_weight=188.86 126.075 60.4164 62.7855 31.9613 23.9184 6.77687 17.1416 8.04282 5.5278 23.7795 19.272 65.6585 60.9098 41.7872 19.1227 30.8242 23.049 16.3211 36.637 34.1877 6.72791
internal_count=819 523 266 296 143 110 28 82 33 22 97 78 257 239 165 74 153 113 79 169 158 34
is_linear=0
shrinkage=0.01


Tree=87
num_leaves=22
num_cat=0
split_feature=11 26 17 3 8 2 59 1 34 35 1 58 41 60 34 1 34 21 49 26 21
split_gain=36.0578 20.7949 4.57256 4.23703 5.43933 4.8612 3.44133 5.70936 3.26131 3.68507 7.49809 6.6429 3.17135 2.40328 3.71578 3.43803 1.51574 1.63323 1.2997 0.408759 0.181399
threshold=16.82499980926514 0.0014492869377136233 27710.000000000004 -58575.999999999993 0.94171550869941723 363017.00000000006 627812.96875000012 9079141.0000000019 -1.3686760663986204 -0.873399257659912 1918470.5000000002 192117.17187500003 -1.4065665602684019 -2542914.3749999995 -0.27411998808383936 2957652.5000000005 -1.4587702155113218 736759.00000000012 1.4413126111030581 0.00055285971029661607 -23550.999999999996
decision_type=2 2 2 2 2 2 2 2 2 2 2 2 2 2 2 2 2 2 2 2 2
left_child=3 2 6 4 5 -1 7 -2 -3 10 -10 -11 -7 18 20 -16 -4 -18 19 -5 -15
right_child=1 8 16 13 -6 12 -8 -9 9 11 -12 -13 -14 14 15 -17 17 -19 -20 -21 -22
leaf_value=0.010639486318044915 0.0078748652551799431 0.007623023688887477 0.0019145149703674444 -0.013284144387138824 0.0093565061852236217 -0.013933950070251546 0.012236768507016871 -0.0029707987738531831 0.010959452286949499 -0.0059323329910029622 -0.0054480670549393907 0.0041289992772006864 -0.0041391716894342177 -0.0081373778501946468 0.0011278756027713417 -0.013532606504107085 0.011185997911279071 0.0019665305936829793 -0.0029348267332548884 -0.0068858478504884571 -0.01384702873149854
leaf_weight=1.9281950294971526 9.6114249229431206 4.7452369034290305 2.4473989158868781 11.372796535491945 3.0921983718872061 4.0263409018516638 4.4874620437622061 9.6390461921691877 3.096486002206805 9.0565166026353818 25.24912990629673 23.48724576830864 22.839457273483269 1.9852245450019834 7.9042886197566951 1.9798038601875303 31.693575486540794 2.3297040909528723 1.9272116273641575 1.8689824044704426 3.6707752048969278
leaf_count=8 40 18 11 61 12 20 19 38 12 36 101 90 103 10 35 10 148 10 9 10 18
internal_value=0.000450558 0.00354059 0.00778554 -0.00574574 -0.00314218 -0.00451915 0.00429545 0.00239231 -0.000338199 -0.000975057 -0.00362042 0.00129833 -0.00564432 -0.00841654 -0.00552511 -0.00170748 0.0100297 0.0105841 -0.0113128 -0.0124566 -0.0120198
internal_weight=188.439 125.843 60.2086 62.5953 31.8862 28.794 23.7379 19.2505 65.6346 60.8894 28.3456 32.5438 26.8658 30.7091 15.5401 9.88409 36.4707 34.0233 15.169 13.2418 5.656
internal_count=819 523 266 296 143 131 97 78 257 239 113 126 123 153 73 45 169 158 80 71 28
is_linear=0
shrinkage=0.01


Tree=88
num_leaves=18
num_cat=0
split_feature=11 26 58 31 51 46 49 34 19 23 19 22 25 31 2 54 49
split_gain=35.4334 20.4786 3.98394 3.84766 3.58758 3.36162 3.94284 8.54589 7.04566 2.95403 7.6071 2.83146 4.03146 2.68436 2.38995 2.14516 1.0547
threshold=16.82499980926514 0.0014492869377136233 698449.68750000012 -7.905303716659545 0.33129292726516729 -0.9687482714653014 -0.049165759235620492 -0.48291398584842676 734.19863891601574 289.50000000000006 72790.992187500015 -1073.9106445312498 39258.500000000007 0.24349329620599749 114499296.00000001 3.252533078193665 0.93586558103561412
decision_type=2 2 2 2 2 2 2 2 2 2 2 2 2 2 2 2 2
left_child=2 3 9 -2 14 13 8 -8 -7 11 -11 12 -1 -3 -5 -13 -12
right_child=1 5 -4 4 -6 6 7 -9 -10 10 16 15 -14 -15 -16 -17 -18
leaf_value=0.00019008112484161538 -0.0022253727984228948 -0.016020725608562176 0.0070928424346359265 0.0095463994812824363 -0.0014840294381249812 -0.0037846630701695357 -0.0086989978663354478 0.0026869469728720654 0.0057589641750600161 0.0079223820343506807 -0.0039035969021064547 -0.01062529628067709 -0.007833980405248837 -0.00067212346502509737 0.00044221351487366974 -3.9263548966553293e-05 -0.014115043304516088
leaf_weight=9.7297379374504072 3.4937405139207831 2.3601768463850012 2.2711279541254035 49.896096974611282 3.3051422834396353 11.555112212896345 12.323409885168077 13.987896770238875 22.898620948195457 4.7281260639429075 2.1287093162536621 22.085685372352607 16.433463245630264 2.4811554998159409 3.3057413250207892 2.304023638367652 2.7431415617465973
leaf_count=43 15 10 9 223 14 46 49 54 88 19 10 111 80 10 14 11 13
internal_value=0.000446971 0.00351218 -0.00570469 0.00773508 0.00836861 -0.00033466 0.000288382 -0.00260787 0.00252919 -0.0062045 -0.000996999 -0.00717362 -0.00481172 -0.00836121 0.0089995 -0.00966627 -0.00985851
internal_weight=188.031 125.607 62.424 60.0007 56.507 65.6064 60.765 26.3113 34.4537 60.1529 9.59998 50.5529 26.1632 4.84133 53.2018 24.3897 4.87185
internal_count=819 523 296 266 251 257 237 103 134 287 42 245 123 20 237 122 23
is_linear=0
shrinkage=0.01


Tree=89
num_leaves=25
num_cat=0
split_feature=11 26 17 3 31 23 12 47 24 59 4 46 49 19 59 49 0 55 31 54 28 46 33 47
split_gain=34.8053 20.1556 4.54642 4.18019 5.66548 5.58885 5.67184 4.85615 4.06449 3.40531 4.10718 3.30228 3.86421 6.90589 6.0696 3.24517 2.70712 2.88944 2.64486 1.86194 2.18159 1.53208 2.55678 0.179658
threshold=16.82499980926514 0.0014492869377136233 27710.000000000004 -58575.999999999993 3.9254262447357182 181.50000000000003 1.0000000180025095e-35 0.34032033383846289 202.50000000000003 627812.96875000012 1429728.2500000002 -0.9687482714653014 -0.049165759235620492 734.19863891601574 1727771.5625000002 -0.7611037790775298 228999.50000000003 1.0000000180025095e-35 0.24349329620599749 3.252533078193665 -488.40624999999994 -0.37793838977813715 -1.3396883606910703 0.86739584803581249
decision_type=2 2 2 2 2 2 2 2 2 2 2 2 2 2 2 2 2 2 2 2 2 2 2 2
left_child=3 2 9 4 5 6 -1 -7 15 10 -2 18 13 -13 -14 -6 19 -18 -3 20 -5 23 -23 -4
right_child=1 11 21 16 8 7 -8 -9 -10 -11 -12 12 14 -15 -16 -17 17 -19 -20 -21 -22 22 -24 -25
leaf_value=-0.0110674221540052 0.004107456769588437 -0.015918010525627128 0.013374721572582212 -0.0012695367646565637 0 0.012229942381628695 0.0048510073483555276 -0.0049097772028209793 -0.0062235812712498938 0.01212858857288455 -0.0097314769352917045 -0.0037484622083729436 -0.0043943060117040932 0.0057009401084788438 0.010276063993247942 0.015691286545730387 -0.009239631990616377 0.0063988322863405911 -0.00066544611699808568 -0.00096125339632969727 -0.011564758568482362 0 0.0096159546362752733 0.0084539261282970228
leaf_weight=14.440279155969629 16.768487080931671 2.3516949266195288 11.659585744142531 2.5306973904371359 2.3909887224435806 2.7934648096561423 2.5538843572139731 3.964381068944931 2.4994891583919525 4.454808071255683 2.4270948767662039 11.5500640720129 23.122005060315136 22.900356382131577 3.180628925561904 3.1289810091257078 2.3094299733638755 2.3782674372196198 2.4809922277927399 2.5053435862064353 20.765998214483261 3.3915574401617077 19.005167469382286 2.1109393537044516
leaf_count=72 68 10 56 12 10 11 10 17 11 19 10 46 91 88 12 12 11 10 10 12 108 15 88 10
internal_value=0.000443094 0.00348252 0.00768114 -0.00566271 -0.00307422 -0.00554598 -0.00861636 0.00202723 0.00412193 0.00419812 0.00230556 -0.000331589 0.000285381 0.00250385 -0.00258228 0.00898763 -0.00832723 -0.00109225 -0.00829461 -0.00960292 -0.0104893 0.0099311 0.00818831 0.012693
internal_weight=187.665 125.403 59.8176 62.2612 31.7715 23.752 16.9942 6.75785 8.01946 23.6504 19.1956 65.5857 60.7531 34.4504 26.3026 5.51997 30.4897 4.6877 4.83269 25.802 23.2967 36.1673 22.3967 13.7705
internal_count=819 523 266 296 143 110 82 28 33 97 78 257 237 134 103 22 153 21 20 132 120 169 103 66
is_linear=0
shrinkage=0.01


Tree=90
num_leaves=25
num_cat=0
split_feature=43 26 17 55 55 13 35 56 20 52 2 34 56 43 59 41 26 60 39 33 39 30 2 31
split_gain=34.0024 16.0443 5.7026 5.67739 5.53347 6.18554 5.88334 5.48219 4.97896 5.49774 4.83192 10.4314 5.82598 4.7396 11.9589 3.58549 3.93132 3.26045 2.7471 2.59788 2.32611 1.93881 1.87481 0.324535
threshold=17075.645507812504 0.0014492869377136233 37840.000000000007 4.3169193267822275 2.4028444290161137 118903528.00000001 1.133074998855591 66.666656494140639 70438.769531250015 0.32847285270690924 4955965.0000000009 0.33995944261550909 32.722997665405281 919522.96875000012 359577.68750000006 1.6174503564834597 0.00048249746032524859 -2534785.1249999995 4.5261061191558847 -1.4635440707206724 2.3691036701202397 0.32718744874000555 7271354.5000000009 8.8595213890075701
decision_type=2 2 2 2 2 2 2 2 2 2 2 2 2 2 2 2 2 2 2 2 2 2 2 2
left_child=3 2 13 7 10 6 -6 15 9 17 12 -12 -3 20 -15 16 -1 -5 -7 -4 -2 23 -21 -9
right_child=1 4 19 8 5 18 -8 21 -10 -11 11 -13 -14 14 -16 -17 -18 -19 -20 22 -22 -23 -24 -25
leaf_value=-0.007397770255097769 0.0039439275984341493 0.014788278325045074 0.0019460213370750456 -0.014233374451127705 0.0048590008325643114 0.0056058381186133632 -0.011152688445394004 -0.014262921759625799 0.010961581497738069 0.0096887213765857304 -0.0014439739968263459 -0.016944372490813181 -0.00033431345760727627 -0.0090488900017841011 0.0081983724811041814 0.0051002267737165208 0.0021557829267394046 -0.00042200102858201336 0.019025977572678984 0.0074050275609931692 0.014936854747006614 -0.0043512708018591277 0.012686937591460373 -0.0080950016510366526
leaf_weight=25.158505111932758 4.189928203821184 3.1434292793273899 4.1089906990528098 3.7179038524627677 7.8121155798435229 3.3747468292713156 3.2475632876157761 11.613126724958422 3.3039435148239127 2.3876796066761017 24.986639812588695 5.3057122975587836 12.826129361987114 7.4660106003284481 8.7042353153228742 3.2708619982004157 5.0134103894233695 3.4501296877861014 3.2739349901676178 12.092186361551287 4.1365368068218231 3.2140982598066321 19.655683442950249 1.803758606314658
leaf_count=123 17 12 17 19 30 13 13 59 14 10 99 22 50 31 36 14 23 15 12 55 17 15 94 9
internal_value=0.000439564 0.0034763 0.00717476 -0.00554356 0 0.00474059 6.6911e-05 -0.00706659 0.000309163 -0.00326932 -0.0018327 -0.00419188 0.00257978 0.00339283 0.000173247 -0.00468343 -0.00577719 -0.00772517 0.0123646 0.00973062 0.00952525 -0.0117987 0.0107067 -0.0135082
internal_weight=187.257 124.324 60.3536 62.9334 63.9703 17.7084 11.0597 50.0738 12.8597 9.55571 46.2619 30.2924 15.9696 24.4967 16.1702 33.4428 30.1719 7.16803 6.64868 35.8569 8.32647 16.631 31.7479 13.4169
internal_count=819 518 267 301 251 68 43 243 58 44 183 121 62 101 67 160 146 34 25 166 34 83 149 68
is_linear=0
shrinkage=0.01


Tree=91
num_leaves=26
num_cat=0
split_feature=11 26 17 3 31 23 45 12 24 45 59 39 46 39 49 35 45 31 34 28 31 46 34 20 47
split_gain=33.6296 19.5552 4.47162 4.11392 5.57485 5.51442 6.05457 5.5604 3.96073 3.35333 4.38602 3.90671 3.23749 3.81019 6.7908 4.17489 3.16376 2.62881 2.77345 5.67016 2.59612 1.53935 3.04859 0.269526 0.183644
threshold=16.82499980926514 0.0014492869377136233 27710.000000000004 -58575.999999999993 3.9254262447357182 181.50000000000003 0.56150358915328991 1.0000000180025095e-35 202.50000000000003 -0.6988026201725005 627812.96875000012 2.227493524551392 -0.9687482714653014 1.0021736919879916 1.4413126111030581 -0.20157673954963681 -0.46754530072212214 4.6731765270233163 -0.64827111363410939 -162.03124999999997 0.24349329620599749 -0.37793838977813715 -1.1618714332580564 39257.005859375007 0.86739584803581249
decision_type=2 2 2 2 2 2 2 2 2 2 2 2 2 2 2 2 2 2 2 2 2 2 2 2 2
left_child=3 2 9 4 5 7 -7 -1 16 11 -11 -2 20 15 -15 -14 -6 18 23 -20 -3 24 -23 -5 -4
right_child=1 12 21 17 8 6 -8 -9 -10 10 -12 -13 13 14 -16 -17 -18 -19 19 -21 -22 22 -24 -25 -26
leaf_value=-0.010983100586657602 0.0011120026755530859 -0.015798454016946458 0.013298601829425778 -0.013504573212439148 0 0.0140812858929159 -0.0053034997201025467 0.004794680270965173 -0.0061078978329164261 -0.0038738162791284109 0.010688252333559403 0.012403678652746527 -0.0068589073084171304 0.0029061625190684968 -0.01066854901723757 0.006499759724725003 0.015540044058150078 -0.013458283098765532 0.011308033136592654 -0.0064202589639115841 -0.0006599682516096947 4.3899701862246613e-05 0.0098405389803055462 -0.007205717745358913 0.0083417154866698255
leaf_weight=14.330258190631875 5.6501542478799838 2.3409190475940695 11.52972464263439 4.8521195799112382 2.3855198323726654 2.6099200248718253 4.1344577074050903 2.5500098615884772 2.4884701520204544 7.8356733918189985 2.8100473582744598 7.2834515869617462 11.662299066781996 42.185264274477959 4.0155873596668235 2.8532799482345572 3.1308092772960645 7.5881334543228141 2.0350010097026905 14.060455650091164 2.4776231795549393 4.1014438271522549 18.11663892865181 1.7389017045497892 2.0922593325376502
leaf_count=72 23 10 56 25 10 10 18 10 11 32 12 30 47 163 16 11 12 40 9 70 10 18 85 9 10
internal_value=0.000436209 0.00342716 0.00758246 -0.00558492 -0.00301271 -0.0054748 0.0020497 -0.0085404 0.00412876 0.00412671 0 0.00754813 -0.000325114 0.000285125 0.00170466 -0.00416415 0.0089279 -0.00823921 -0.00644947 -0.00411668 -0.008222 0.0098281 0.00807709 -0.0119945 0.0126107
internal_weight=186.858 124.954 59.4194 61.9041 31.6294 23.6246 6.74438 16.8803 8.0048 23.5793 10.6457 12.9336 65.535 60.7164 46.2009 14.5156 5.51633 30.2746 22.6865 16.0955 4.81854 35.8401 22.2181 6.59102 13.622
internal_count=819 523 266 296 143 110 28 82 33 97 44 53 257 237 179 58 22 153 113 79 20 169 103 34 66
is_linear=0
shrinkage=0.01


Tree=92
num_leaves=23
num_cat=0
split_feature=11 26 17 3 31 23 21 12 24 21 59 45 34 35 4 43 31 46 28 43 33 39
split_gain=33.0479 19.2619 4.43172 4.05868 5.47827 5.43158 6.8908 5.48341 3.8823 3.78496 3.31431 5.00781 3.21745 3.59014 7.36897 6.51597 2.61228 2.75639 3.32253 1.54441 3.56605 1.32137
threshold=16.82499980926514 0.0014492869377136233 27710.000000000004 -58575.999999999993 3.9254262447357182 181.50000000000003 25060.000000000004 1.0000000180025095e-35 202.50000000000003 10802.000000000002 627812.96875000012 -0.6988026201725005 -1.3686760663986204 -0.873399257659912 39638.429687500007 5784589.5000000009 4.6731765270233163 1.437989413738251 -444.15624999999994 1061434.6250000002 -1.254805266857147 -0.32349839806556696
decision_type=2 2 2 2 2 2 2 2 2 2 2 2 2 2 2 2 2 2 2 2 2 2
left_child=3 2 10 4 5 7 -7 -1 9 -6 11 -2 -3 14 -14 -15 17 18 -5 20 -4 -21
right_child=1 12 19 16 8 6 -8 -9 -10 -11 -12 -13 13 15 -16 -17 -18 -19 -20 21 -22 -23
leaf_value=-0.010925044790691131 0.0065222226696544329 0.007591769489432393 -0.00070922612334255609 0.003244367414452659 0 0.011639335436301877 -0.0085600123986990326 0.0047466752390017374 -0.006058426851478874 0.016647179591655681 0.011965714493583419 -0.003832688904806072 0.0015061735324649363 -0.00042253314328130468 -0.0086531069924008098 0.012780140393893108 -0.013410456417651118 0.0038312118053873481 -0.0090584961162204543 0.0041882457431093546 0.0098440035647456917 0.013355652608676159
leaf_weight=14.262684687972078 11.29736497998238 4.7377205789089194 3.7969490736722973 2.3703352957964006 2.5992169976234418 3.5832384526729575 3.157839298248291 2.5500408709049216 2.4837261587381363 2.9202763289213181 4.4051641076803199 7.8405333906412134 14.051723524928095 28.208957388997078 14.230147838592528 4.2892905324697486 7.5392885208129874 2.2405319809913626 18.009685546159748 2.1495310962200191 15.827508151531218 13.899800464510916
leaf_count=72 46 18 17 11 11 14 14 10 11 11 19 32 55 110 58 16 40 10 92 10 75 67
internal_value=0.000432816 0.00339919 0.00753335 -0.00554626 -0.00298906 -0.0054361 0.00202866 -0.00848859 0.00408773 0.00883459 0.00409227 0.00222771 -0.000322118 -0.000955446 -0.00357015 0.00128925 -0.00818876 -0.0064042 -0.00757852 0.00977628 0.0077512 0.0121901
internal_weight=186.452 124.735 59.2169 61.7169 31.557 23.5538 6.74108 16.8127 8.00322 5.51949 23.5431 19.1379 65.5178 60.7801 28.2819 32.4982 30.1598 22.6206 20.38 35.6738 19.6245 16.0493
internal_count=819 523 266 296 143 110 28 82 33 22 97 78 257 239 113 126 153 113 103 169 92 77
is_linear=0
shrinkage=0.01


Tree=93
num_leaves=22
num_cat=0
split_feature=11 26 17 8 23 19 45 36 39 46 49 34 19 6 1 20 46 46 34 46 47
split_gain=32.4756 18.9669 4.39339 3.74998 3.33517 6.9128 3.24669 4.47618 3.8671 3.18424 3.77243 8.42046 6.73728 2.57676 2.49678 5.5258 2.94824 1.54647 3.01748 0.977269 0.186518
threshold=16.82499980926514 0.0014492869377136233 27710.000000000004 0.97012302279472362 289.50000000000006 72790.992187500015 -0.6988026201725005 -0.52357801795005787 2.227493524551392 -0.9687482714653014 -0.049165759235620492 -0.48291398584842676 734.19863891601574 -57629171711.999992 295749.50000000006 12020.995117187502 1.437989413738251 -0.37793838977813715 -1.1618714332580564 0.83159413933753978 0.86739584803581249
decision_type=2 2 2 2 2 2 2 2 2 2 2 2 2 2 2 2 2 2 2 2 2
left_child=3 2 6 4 14 -6 8 -8 -2 13 12 -12 -11 -3 15 -1 -16 20 -19 -7 -4
right_child=1 9 17 -5 5 19 7 -9 -10 10 11 -13 -14 -15 16 -17 -18 18 -20 -21 -22
leaf_value=0.0041976947201802983 0.0010311314971273642 -0.015750856675784384 0.013221702966609667 0.0047393430337895441 0.0078885803454874209 -0.0036646652410828673 -0.0061011383587741674 0.0069051734949038433 0.012285438013778509 -0.0037011735905628229 -0.0086019498098392731 0.0027088692564384708 0.0056378138711746422 -0.00064892870862264353 -0.0090843718843494972 -0.010199367988894363 0.001743704201214195 0 0.0097316903541551925 -0.013781104684526695 0.0082351416841653906
leaf_weight=5.4359754174947721 5.6402710825204867 2.3247477412223816 11.397147089242933 3.2714262902736655 4.7168460041284543 2.1002695113420486 5.6711993515491486 4.9602870643138868 7.2375328689813614 11.531972631812094 12.301082640886309 13.971992477774618 22.881256967782974 2.4822894334793082 35.857325717806816 5.130568265914917 2.5400605499744406 4.0876222252845791 17.948079645633698 2.4721481949090958 2.0741232335567465
leaf_count=25 23 10 56 13 19 10 23 21 30 46 49 54 88 10 180 25 12 18 85 12 10
internal_value=0.000429618 0.00337161 0.0074839 -0.00550795 -0.00610059 -0.000490512 0.00405725 0 0.00743389 -0.000318722 0.000285953 -0.00254881 0.00247923 -0.00816045 -0.00714449 -0.00269814 -0.00834203 0.00972454 0.00796519 -0.00935298 0.0125282
internal_weight=186.034 124.51 59.0163 61.5246 58.2532 9.28926 23.5093 10.6315 12.8778 65.4933 60.6863 26.2731 34.4132 4.80704 48.9639 10.5665 38.3974 35.507 22.0357 4.57242 13.4713
internal_count=819 523 266 296 283 41 97 44 53 257 237 103 134 20 242 50 192 169 103 22 66
is_linear=0
shrinkage=0.01


Tree=94
num_leaves=20
num_cat=0
split_feature=43 26 11 17 3 3 39 27 9 46 33 6 45 25 30 13 29 51 26
split_gain=31.9712 15.0908 6.19739 7.08332 4.80364 4.57762 4.56198 8.2081 6.43013 7.58312 5.73115 5.65457 4.07863 4.59188 3.4804 2.77275 1.33746 1.35333 0.238899
threshold=17075.645507812504 0.0014492869377136233 19.425000190734867 37840.000000000007 4618294.5000000009 438407.00000000006 5.6711292266845712 -12896255.999999998 312428400.00000006 -0.82222968339920033 0.24128936976194384 -57629171711.999992 -0.88606020808219899 51336.000000000007 0.33898568153381353 174644168.00000003 0.32074862718582159 0.32615324854850775 0.00071428663795813929
decision_type=2 2 2 2 2 2 2 2 2 2 2 2 2 2 2 2 2 2 2
left_child=4 2 3 -2 5 12 8 -8 10 -10 -3 -9 -1 -14 15 -4 18 -18 -7
right_child=1 6 14 -5 -6 16 7 11 9 -11 -12 -13 13 -15 -16 -17 17 -19 -20
leaf_value=-0.013293620453454049 -0.013110024039650987 -0.0019472427007736646 0.0075826904371555396 0.0072382981463361799 0.0079791895118705644 -0.01216989552416829 -0.0064648196336214636 0.002191821531203697 -0.012321178016914305 0.0051785028381515965 -0.012437282963999525 0.016261036414549825 0.0014525980373387051 -0.0056730738556767489 -0.0029111433176271352 0.013850361426462602 -0.0015159951060494427 -0.011683444529674592 -0.018073148362365083
leaf_weight=4.8651848733425131 3.1066520810127249 19.859002724289898 40.964166879653931 3.7622601240873337 2.5059943050146094 3.5128065049648267 4.7477116882801083 6.1514906436204919 2.8641472458839443 17.37011393904686 7.2196423113346091 5.658491596579549 12.697567284107206 29.807309404015541 2.5636327266693106 9.1858046203851682 2.4301378279924393 3.6451221853494644 2.7320113331079483
leaf_count=26 13 79 186 15 11 19 19 24 12 67 29 21 59 143 11 42 12 19 12
internal_value=0.000426367 0.00337689 0.00699679 -0.0018192 -0.00541405 -0.0059931 0 0.00451771 -0.001581 0.00265201 -0.004781 0.00901745 -0.00454571 -0.00352088 0.00816454 0.00875066 -0.0114771 -0.00778101 -0.0149126
internal_weight=185.649 123.453 59.5825 6.86891 62.1961 59.6901 63.8706 16.5577 47.3129 20.2343 27.0786 11.81 47.3701 42.5049 52.7136 50.15 12.3201 6.07526 6.24482
internal_count=819 518 267 28 301 290 251 64 187 79 108 45 228 202 239 228 62 31 31
is_linear=0
shrinkage=0.01


Tree=95
num_leaves=23
num_cat=0
split_feature=11 26 17 3 50 57 40 4 38 34 35 4 58 3 0 55 30 54 28 49 34 41
split_gain=31.3719 18.3916 4.36813 3.99503 4.76431 5.53075 5.98685 3.27585 3.36163 3.16432 3.51332 7.20041 6.33791 2.74748 2.70416 2.83009 1.90427 1.84572 2.15269 1.54006 5.08541 0.61475
threshold=16.82499980926514 0.0014492869377136233 27710.000000000004 -58575.999999999993 0.32923972606658941 17.324300765991214 -0.81023353338241566 1429728.2500000002 -1.0678899884223936 -1.3686760663986204 -0.873399257659912 39638.429687500007 192117.17187500003 -1100784.9999999998 228999.50000000003 1.0000000180025095e-35 0.32848031818866735 3.252533078193665 -488.40624999999994 -0.049165759235620492 -1.1618714332580564 1.1921896338462832
decision_type=2 2 2 2 2 2 2 2 2 2 2 2 2 2 2 2 2 2 2 2 2 2
left_child=3 2 7 4 5 6 -1 8 -2 -3 11 -11 -12 -7 17 -16 -6 18 -5 21 -21 -4
right_child=1 9 19 14 16 13 -8 -9 -10 10 12 -13 -14 -15 15 -17 -18 -19 -20 20 -22 -23
leaf_value=0.01058524780450971 0.0014748205263462697 0.0075409401819536773 0.013089834574259314 -0.0010514785669843922 0.011149759449718038 0.00055909575461372482 -0.0049853594130929843 -0.0058510724718916739 0.0097086291897324969 0.0014873802996076269 -0.005795822323855151 -0.0085614793145743044 0.004046870103193663 -0.010418018570220493 -0.0089727739111540462 0.0066138303784560619 -0.00027635797950273285 -0.00070446373916065554 -0.011341308574636319 -0.0041041319797530621 0.0098328160409364915 0.0075375564558881093
leaf_weight=3.9640844315290451 10.887838542461399 4.73245745897293 12.980656191706659 2.5012877136468985 2.8594616502523413 2.5657173544168499 6.4989857524633461 2.8826916366815558 9.6537579149007797 14.043859571218492 9.0227468907833082 14.19821675121784 23.445218577980995 12.828989967703814 2.2679754942655554 2.3637064099311829 2.6420678794384003 2.4704464375972739 20.259888917207718 3.031627610325816 15.678443163633345 3.5190456807613364
leaf_count=16 44 18 65 12 11 11 28 12 41 55 36 58 90 66 11 10 11 12 108 13 74 17
internal_value=0.000422635 0.00331795 0.00738609 -0.00542881 -0.00288606 -0.00470486 0.000818215 0.00396663 0.00539307 -0.00031167 -0.000940267 -0.0035291 0.00128082 -0.00852359 -0.00806545 -0.00080249 0.00548069 -0.00935905 -0.0102545 0.00963257 0.00752114 0.0119663
internal_weight=185.299 124.077 58.6341 61.2226 31.3593 25.8578 10.4631 23.4243 20.5416 65.4425 60.71 28.2421 32.468 15.3947 29.8633 4.63168 5.50153 25.2316 22.7612 35.2098 18.7101 16.4997
internal_count=819 523 266 296 143 121 44 97 85 257 239 113 126 77 153 21 22 132 120 169 87 82
is_linear=0
shrinkage=0.01


Tree=96
num_leaves=22
num_cat=0
split_feature=43 26 11 19 55 8 49 37 2 55 56 46 52 60 47 34 0 29 31 54 1
split_gain=30.9476 14.6281 6.05014 6.95502 5.30765 8.35901 5.6904 5.59719 5.5723 5.21937 5.43397 4.47795 4.76501 4.63482 3.56056 3.99464 3.26009 2.92609 2.72932 1.31872 0.184429
threshold=17075.645507812504 0.0014492869377136233 19.425000190734867 6401.9001464843759 2.8727760314941411 0.63663950562477123 1.3539050221443178 -1.3882346749305723 4955965.0000000009 4.3169193267822275 66.666656494140639 0.93415144085884105 0.32877901196479803 -2534785.1249999995 -0.92440754175186146 -0.27411998808383936 228333.00000000003 0.33154162764549261 -7.905303716659545 3.252533078193665 295749.50000000006
decision_type=2 2 2 2 2 2 2 2 2 2 2 2 2 2 2 2 2 2 2 2 2
left_child=9 2 3 -2 6 7 8 -6 -3 10 14 12 13 -11 -1 -16 20 18 -4 -7 -12
right_child=1 4 17 -5 5 19 -8 -9 -10 11 16 -13 -14 -15 15 -17 -18 -19 -20 -21 -22
leaf_value=-0.013347138902502682 -0.013017574198135047 0.004203571029226201 -0.00074371687135210988 0.0071703097369850031 0.011035992393133905 0.018969030720678022 -0.014500843529180716 -0.0055473192495142732 -0.0032291461562406558 -0.014129184573221924 -0.0092927740745373053 0.012808834013366542 0.0099185676729085705 0.00091537810862839784 -0.0080582334186465269 -0.00028111978777015334 0 -0.0016241579752221558 0.0091975711743273875 0.0084623527355760161 -0.01408174901615479
leaf_weight=4.0056469291448584 3.098311945796012 15.194787085056303 2.7380483150482169 3.7534910589456558 2.8879730552434912 3.2767997384071341 3.2176915407180777 6.8456366807222357 29.777213722467422 3.8486191332340232 2.3610549867153194 2.3567117303609839 2.343022882938385 4.130347028374671 10.583079010248182 18.323935285210613 2.1898270547389975 2.7774031311273566 46.841867074370384 2.6179294437170029 11.723356515169142
leaf_count=21 13 59 12 15 11 12 13 27 119 20 12 10 10 18 52 87 10 12 215 10 61
internal_value=0.000419329 0.00332554 0.00690544 -0.00181249 0 0.00506825 -0.00163815 -0.000524295 -0.000695602 -0.00534386 -0.0068195 0.000302014 -0.00245666 -0.00621597 -0.00443283 -0.00316297 -0.0115848 0.00806543 0.00862839 0.0144725 -0.0133499
internal_weight=184.893 123.027 59.2091 6.8518 63.818 15.6283 48.1897 9.73361 44.972 61.8656 49.1869 12.6787 10.322 7.97897 32.9127 28.907 16.2742 52.3573 49.5799 5.89473 14.0844
internal_count=819 518 267 28 251 60 191 38 178 301 243 58 48 38 160 139 83 239 227 22 73
is_linear=0
shrinkage=0.01


Tree=97
num_leaves=24
num_cat=0
split_feature=43 26 11 17 55 8 35 55 56 2 34 11 20 52 8 47 34 39 60 0 7 54 1
split_gain=30.4065 14.4005 5.95398 6.84903 5.20473 8.19985 7.43204 5.13611 5.37912 4.86312 6.65915 5.79532 4.72807 5.27146 3.88994 3.52517 3.93327 3.31724 4.5499 3.22988 2.33272 1.29367 0.184069
threshold=17075.645507812504 0.0014492869377136233 19.425000190734867 37840.000000000007 2.8727760314941411 0.63663950562477123 1.133074998855591 4.3169193267822275 66.666656494140639 4955965.0000000009 0.33995944261550909 55.050001144409187 70438.769531250015 0.32847285270690924 0.68068501353263866 -0.92440754175186146 -0.27411998808383936 -0.10634183138608931 -951803.90624999988 228333.00000000003 1.5984635949134829 3.252533078193665 295749.50000000006
decision_type=2 2 2 2 2 2 2 2 2 2 2 2 2 2 2 2 2 2 2 2 2 2 2
left_child=7 2 3 -2 9 6 -6 8 15 11 -11 -3 13 14 -9 -1 -17 18 -4 22 -19 -7 -10
right_child=1 4 17 -5 5 21 -8 12 19 10 -12 -13 -14 -15 -16 16 -18 20 -20 -21 -22 -23 -24
leaf_value=-0.013298552006498607 -0.01293174365092245 0.0059403828458894324 -0.002314159051619477 0.0071198263879652312 0.0051536209015345192 0.018796247692843042 -0.01382515072257013 -0.014743241738484103 -0.00923606050245631 -0.0016574156757162956 -0.013388145424677264 -0.0080501022728556009 0.010737898427296826 0.0095004415535356063 0 -0.0080040856520909084 -0.00027833586595461102 0.0079249563360156219 0.010541073600514568 0 0.013736308055204285 0.0083784310522097959 -0.014027422443740015
leaf_weight=3.9802065193653098 3.0912044942378989 12.911546230316164 6.420493558049202 3.7486388087272644 6.7711209505796415 3.2738665938377371 2.9611425250768661 3.6813913881778699 2.3518436998128918 25.397128432989124 6.0657571405172339 3.7949329018592826 3.2645481824874869 2.3652008175849915 3.3379872888326645 10.548301815986632 18.322147399187092 31.256147220730782 4.7071613073348981 2.1898270547389975 9.7977831661701185 2.6177111268043518 11.651432707905768
leaf_count=21 13 50 28 15 26 12 12 19 12 101 25 15 14 10 15 52 87 145 21 10 45 10 61
internal_value=0.000415745 0.00329796 0.00685792 -0.00179609 0 0.00501965 -0.000518117 -0.00530579 -0.0067721 -0.00162246 -0.00395078 0.00270254 0.000300385 -0.00322388 -0.00765384 -0.00439748 -0.00313571 0.00801144 0.00303393 -0.0115277 0.00933623 0.0143372 -0.0132941
internal_weight=184.508 122.815 59.0214 6.83984 63.7932 15.6238 9.73226 61.6929 49.0438 48.1694 31.4629 16.7065 12.6491 9.38458 7.01938 32.8507 28.8704 52.1816 11.1277 16.1931 41.0539 5.89158 14.0033
internal_count=819 518 267 28 251 60 38 301 243 191 126 65 58 44 34 160 139 239 49 83 190 22 73
is_linear=0
shrinkage=0.01


Tree=98
num_leaves=22
num_cat=0
split_feature=43 53 54 55 2 8 17 37 55 56 20 52 58 8 3 41 1 30 28 40 14
split_gain=29.8744 7.57776 8.75972 6.82019 7.79429 5.63321 5.48749 5.49079 5.05705 5.32515 4.6385 5.17355 4.26972 3.83601 3.46917 4.92249 2.0077 1.9442 1.55297 1.059 0.26297
threshold=17075.645507812504 3.6316900253295903 -4.781085491180419 2.4028444290161137 4955965.0000000009 0.79280000925064098 14347.500000000002 -2.6396529674530025 4.3169193267822275 66.666656494140639 70438.769531250015 0.32847285270690924 202628.17968750003 0.68068501353263866 86680.000000000015 -1.4923129081726072 82975540.000000015 0.32718744874000555 -236.49999999999997 -1.3202902674674986 0.33002500236034399
decision_type=2 2 2 2 2 2 2 2 2 2 2 2 2 2 2 2 2 2 2 2 2
left_child=8 2 6 4 -4 -5 7 -2 9 14 11 13 -8 -10 15 -1 19 20 -16 -3 -11
right_child=1 16 3 5 -6 -7 12 -9 10 17 -12 -13 -14 -15 18 -17 -18 -19 -20 -21 -22
leaf_value=-0.013367817001250877 -0.008020280341573963 0.0049882428462058835 0.0036090938279727497 0.0013701254751800915 -0.0043036287187236625 0.011976280538965703 0.0023662546380520543 0.0061340483215479528 -0.01465334709032097 -0.014028016824090968 0.010642060169695525 0.0094051210280884038 0.012649659867412321 0 -0.00079183989059453152 -0.00042110059207022037 0.00087404649155997758 -0.0039513338161634281 -0.011885206242568915 0.013569895923154041 -0.0085654129168308557
leaf_weight=3.4653107076883307 4.1270201653242102 2.179250791668891 19.453743159770966 14.466640502214434 34.222380399703979 7.8743520379066458 5.8769208490848568 8.0452646762132627 3.6670082509517652 10.86053888499737 3.2610255479812613 2.3652799725532532 15.000246495008467 3.3379872888326645 1.7782434821128843 20.505157455801967 2.1122560650110236 3.1444387137889853 7.0400314480066282 9.2356983125209791 2.1068978905677787
leaf_count=18 17 10 78 59 139 31 27 33 19 57 14 10 71 15 9 95 9 15 38 44 11
internal_value=0.000412272 0.00327101 0.00238351 0.000500631 -0.0014172 0.00515315 0.00668406 0.00125286 -0.00526711 -0.0067251 0.000298167 -0.00319497 0.00980278 -0.00759223 -0.00436243 -0.00233447 0.0103528 -0.0114712 -0.00976158 0.0120192 -0.0132176
internal_weight=184.126 122.594 109.067 76.0171 53.6761 22.341 33.0495 12.1723 61.5319 48.9006 12.6313 9.37028 20.8772 7.005 32.7887 23.9705 13.5272 16.1119 8.81827 11.4149 12.9674
internal_count=819 518 455 307 217 90 148 50 301 243 58 44 98 34 160 113 63 83 47 54 68
is_linear=0
shrinkage=0.01


Tree=99
num_leaves=23
num_cat=0
split_feature=43 26 11 19 55 13 35 49 2 55 56 20 52 3 34 30 0 60 13 26 28 1
split_gain=29.3545 13.9903 5.8546 6.67469 5.02252 5.67697 5.61962 5.48001 4.99939 4.98011 5.26944 4.55073 5.07756 3.42797 4.39555 3.37851 3.20694 2.9987 2.79515 2.16366 1.53813 0.182156
threshold=17075.645507812504 0.0014492869377136233 19.425000190734867 6401.9001464843759 2.4028444290161137 118903528.00000001 1.133074998855591 1.3539050221443178 4955965.0000000009 4.3169193267822275 66.666656494140639 70438.769531250015 0.32847285270690924 86680.000000000015 -0.27411998808383936 0.33898568153381353 228333.00000000003 -2534785.1249999995 174644168.00000003 0.002857140614651144 -236.49999999999997 295749.50000000006
decision_type=2 2 2 2 2 2 2 2 2 2 2 2 2 2 2 2 2 2 2 2 2 2
left_child=9 2 3 -2 7 6 -6 8 -3 10 13 12 17 14 -1 18 21 -11 -4 -7 -15 -12
right_child=1 4 15 -5 5 19 -8 -9 -10 11 16 -13 -14 20 -16 -17 -18 -19 -20 -21 -22 -23
leaf_value=-0.0079895529902411552 -0.012834959982544079 0.00399953756108507 0.0073256951615778224 0.0069868513434764813 0.0047294405890655408 0.018358246526965615 -0.010946858367748205 -0.014358656952538129 -0.0032190304120002754 -0.013950746308424022 -0.0091361257537231691 0.010547373141009227 0.0093110403588968337 -0.00078420980142629535 0.00086786463781979577 -0.0030160661454695799 0 -0.00052643872326115502 0.013677785952722491 0.00626575451087395 -0.011835211777946671 -0.013925258656971395
leaf_weight=8.7149588763713819 3.0816588550806037 14.407282277941702 40.299474775791168 3.7381506562232971 7.8077889382839221 2.9782827198505393 3.2323745042085648 3.2097480297088614 28.45327265560627 3.5731564909219733 2.3348479121923473 3.2574158161878577 2.3652872741222382 1.777592748403549 15.230921551585199 2.5517761707305899 2.1825438588857642 3.4174000173807135 8.9872381836175901 3.6530056297779083 6.9992768913507444 11.514840647578238
leaf_count=43 13 56 186 15 30 11 13 13 114 19 12 14 10 9 70 11 10 15 42 14 38 61
internal_value=0.000408976 0.003244 0.00676828 -0.00182337 0 0.00453313 4.91051e-05 -0.00173772 -0.000769227 -0.00522923 -0.00667915 0.000295975 -0.00316636 -0.00432855 -0.00231398 0.00791788 -0.0114145 -0.0075312 0.00850426 0.0118476 -0.00971097 -0.0131901
internal_weight=183.768 122.4 58.6583 6.81981 63.7418 17.6715 11.0402 46.0703 42.8606 61.3682 48.755 12.6133 9.35584 32.7228 23.9459 51.8385 16.0322 6.99056 49.2867 6.63129 8.77687 13.8497
internal_count=819 518 267 28 251 68 43 183 170 301 243 58 44 160 113 239 83 34 228 25 47 73
is_linear=0
shrinkage=0.01


Tree=100
num_leaves=22
num_cat=0
split_feature=43 26 11 17 55 54 53 49 39 55 56 19 46 52 60 47 34 30 0 13 1
split_gain=28.8439 13.7731 5.76142 6.57379 4.93623 6.05373 8.33981 5.48389 6.50574 4.90012 5.21645 4.53215 4.24856 4.44501 4.47347 3.50234 3.8416 3.3307 3.17807 2.7801 0.18201
threshold=17075.645507812504 0.0014492869377136233 19.425000190734867 37840.000000000007 2.8727760314941411 3.252533078193665 1.1716815829277041 1.3539050221443178 0.93061417341232311 4.3169193267822275 66.666656494140639 23417.009765625004 0.93415144085884105 0.32877901196479803 -2534785.1249999995 -0.92440754175186146 -0.27411998808383936 0.33898568153381353 228333.00000000003 174644168.00000003 295749.50000000006
decision_type=2 2 2 2 2 2 2 2 2 2 2 2 2 2 2 2 2 2 2 2 2
left_child=9 2 3 -2 7 6 -6 8 -3 10 15 -7 13 14 -11 -1 -17 19 20 -4 -12
right_child=1 4 17 -5 5 11 -8 -9 -10 12 18 -13 -14 -15 -16 16 -18 -19 -20 -21 -22
leaf_value=-0.013218749539779617 -0.012751834723687523 -0.0076263922013531252 0.0072738698427454911 0.0069381150174339665 -0.0040609464856830079 -0.0083687646864730909 0.017558433925040511 -0.014238734703174268 0.0014005053280255601 -0.01395627232065557 -0.0090805317980157414 0.0073828605189791424 0.012528947178251657 0.0095297657053324564 0.00089590003909565915 -0.0078722743830296569 -0.00021257269445153288 -0.0029834318569182056 0 0.0136266109303807 -0.013873438354552164
leaf_weight=3.9349771589040712 3.0742517113685599 10.356231406331061 40.181331396102905 3.7331817299127579 2.5022455602884275 4.266120269894599 5.6872528344392776 3.2044400423765174 34.543163314461708 3.7719208896160117 2.3256971836090079 3.1550580561161041 2.3373159021139136 2.3440600633621216 4.1344451010227194 10.459711104631422 18.262569561600692 2.5538811981678 2.1825438588857642 8.931061848998068 11.442634701728819
leaf_count=21 13 42 186 15 10 17 21 13 136 20 12 12 10 10 18 52 87 11 10 42 61
internal_value=0.000405537 0.00321727 0.00672188 -0.00180701 0 0.00488697 0.0108307 -0.0015847 -0.000659314 -0.00519223 -0.00663321 -0.00153733 0.000292709 -0.00239986 -0.0060632 -0.00429428 -0.0030368 0.00786499 -0.0113592 0.00844947 -0.0131365
internal_weight=183.384 122.188 58.4737 6.80743 63.7145 15.6107 8.1895 48.1038 44.8994 61.1959 48.6081 7.42118 12.5877 10.2504 7.90637 32.6573 28.7223 51.6663 15.9509 49.1124 13.7683
internal_count=819 518 267 28 251 60 31 191 178 301 243 29 58 48 38 160 139 239 83 228 73
is_linear=0
shrinkage=0.01


Tree=101
num_leaves=22
num_cat=0
split_feature=43 26 11 19 3 3 41 47 39 32 22 47 59 21 44 39 60 7 2 21 26
split_gain=28.3395 13.5614 5.6697 6.45951 4.35849 4.50581 4.99063 5.24827 4.33536 9.29321 8.22236 5.58811 5.97721 5.59995 4.20211 3.30502 4.50466 2.33856 1.33285 1.81734 0.391559
threshold=17075.645507812504 0.0014492869377136233 19.425000190734867 6401.9001464843759 4618294.5000000009 438407.00000000006 2.3773303031921391 0.18732974678277972 5.6711292266845712 1.0000000180025095e-35 8163.3598632812509 -1.3590980172157285 551144.34375000012 -769187.99999999988 765353.78125000012 -0.10634183138608931 -951803.90624999988 1.5984635949134829 580715.00000000012 -1.0000000180025095e-35 0.00071428663795813929
decision_type=2 2 2 2 2 2 2 2 2 2 2 2 2 2 2 2 2 2 2 2 2
left_child=4 2 3 -2 5 6 7 -1 11 14 -11 12 -3 -13 -10 16 -4 -17 19 -7 -20
right_child=1 8 15 -5 -6 18 -8 -9 9 10 -12 13 -14 -15 -16 17 -18 -19 20 -21 -22
leaf_value=-0.008685352920509079 -0.012659971589881648 -0.0010144740794654666 -0.0025023063034701767 0.0068771107917027273 0.0076831091862752153 0.00021147183086591762 0.010148597550984247 -0.001724407738424842 0.0042398432970271885 0.0044981942216349947 -0.018177705733268931 -0.014699405396351386 0.018378880936502327 -0.0017180180935697784 0.01754727875989848 0.0077277647047544577 0.01035495415181821 0.013591023867578156 -0.011530472981697218 -0.012613621006525827 -0.017656401115507005
leaf_weight=20.844369038939476 3.065850004553794 3.6119201332330695 6.3805922865867615 3.7290491312742233 2.4707810133695594 1.9938546419143675 2.2390161901712409 23.462704166769981 5.3974462300539034 3.7915649414062491 2.7091132551431656 3.6911423355340949 2.7175933420658112 37.15035443007946 4.6248898804187775 30.840264961123466 4.6513633579015714 9.6221135556697828 5.1982582658529282 2.1242295801639539 2.6899025142192841
leaf_count=108 13 14 28 15 11 10 9 111 21 15 11 15 10 148 17 145 21 45 28 12 12
internal_value=0.000402061 0.00319043 0.00667586 -0.00179083 -0.0051554 -0.00571424 -0.00427054 -0.00502177 0 0.0044089 -0.004798 -0.00154333 0.00715412 -0.00291573 0.0104804 0.00781249 0.00282801 0.00914679 -0.0112279 -0.00616126 -0.0137462
internal_weight=183.006 121.983 58.2892 6.7949 61.0231 58.5523 46.5461 44.3071 63.694 16.523 6.50068 47.171 6.32951 40.8415 10.0223 51.4943 11.032 40.4624 12.0062 4.11808 7.88816
internal_count=819 518 267 28 301 290 228 219 251 64 26 187 24 163 38 239 49 190 62 22 40
is_linear=0
shrinkage=0.01


Tree=102
num_leaves=25
num_cat=0
split_feature=43 26 17 55 8 49 39 37 55 3 20 52 43 44 34 3 8 33 31 39 2 0 54 28
split_gain=27.8373 13.3544 5.32347 4.82316 7.72177 5.3573 6.34193 5.32277 4.79624 5.0413 4.93088 6.84778 4.4045 5.43315 4.12395 3.98222 3.4179 2.62134 2.43945 2.28991 2.00735 1.97853 1.23251 0.361818
threshold=17075.645507812504 0.0014492869377136233 37840.000000000007 2.8727760314941411 0.63663950562477123 1.3539050221443178 0.93061417341232311 -1.3882346749305723 4.3169193267822275 86680.000000000015 106331.67578125001 0.32877901196479803 919522.96875000012 2725648.1250000005 -0.36377774178981775 23653.500000000004 0.68068501353263866 -1.4635440707206724 4.6731765270233163 2.3691036701202397 7271354.5000000009 228333.00000000003 3.252533078193665 -444.15624999999994
decision_type=2 2 2 2 2 2 2 2 2 2 2 2 2 2 2 2 2 2 2 2 2 2 2 2
left_child=8 2 12 5 7 6 -3 -5 9 14 11 16 19 -14 18 -16 -10 -4 -1 -2 -19 23 -6 -11
right_child=1 3 17 4 22 -7 -8 -9 10 21 -12 -13 13 -15 15 -17 -18 20 -20 -21 -22 -23 -24 -25
leaf_value=-0.011287343217613663 0.0033950126099985714 -0.0075367575724947572 0.001290912816647729 0.01072517988268209 0.018260795053439329 -0.014087537154029941 0.0013803250317351006 -0.0054479085835584763 -0.014480396490941927 -0.0070543190693852223 0.014474560021887722 0.010730841793535133 -0.003366163406101459 0.01044467255560042 -0.0030272848606717417 0.010498669804180367 -0.0007902049000190843 0.0067214966662609045 -0.00048621665272686207 0.014432761633836302 0.012292223341681464 -0.0029119639876792787 0.0080626248346636238 -0.013385464017709363
leaf_weight=9.2366558760404605 4.116720989346506 10.342501714825628 4.0088993459939948 2.8891900181770316 3.2598430514335623 3.1978774964809409 34.538349896669388 6.83116291463375 3.6112580895423871 1.7566092610359199 2.0739892125129691 2.8369463831186295 12.10647566616535 3.7233298420906058 17.139528736472133 2.4747297167778006 4.018151193857193 11.540404349565508 2.957647591829299 3.9871801286935806 18.617878496646881 2.7912110686302176 2.6136636734008789 11.979003131389618
leaf_count=48 17 42 17 11 12 13 136 27 19 9 9 12 51 16 82 11 18 55 13 17 94 13 10 67
internal_value=0.000398774 0.00316411 0.00663084 0 0.00483343 -0.0015667 -0.000652278 -0.000537889 -0.00511647 -0.00654726 0.000318595 -0.00239097 0.00295228 -5.45436e-05 -0.0041687 -0.00126973 -0.00740131 0.00917837 -0.00874961 0.00894907 0.0101937 -0.0110647 0.0138929 -0.0126486
internal_weight=182.649 121.773 58.1009 63.6726 15.5939 48.0787 44.8809 9.72035 60.8757 48.3354 12.5403 10.4664 23.9337 15.8298 31.8086 19.6143 7.62941 34.1672 12.1943 8.1039 30.1583 16.5268 5.87351 13.7356
internal_count=819 518 267 251 60 191 178 38 301 243 58 49 101 67 154 93 37 166 61 34 149 89 22 76
is_linear=0
shrinkage=0.01


Tree=103
num_leaves=21
num_cat=0
split_feature=11 53 53 17 6 49 3 31 23 21 12 47 45 0 34 48 6 28 54 37
split_gain=27.4006 9.2439 7.06952 4.23968 6.75066 4.11254 3.75515 5.32434 5.23623 6.6454 5.21118 3.83469 3.66353 2.6315 2.57495 2.55406 2.09379 1.75935 2.17047 0.999233
threshold=16.82499980926514 -8.6035799980163556 3.6316900253295903 494.00000000000006 -62269503487.999992 -0.10653109475970267 -58575.999999999993 3.9254262447357182 181.50000000000003 25060.000000000004 1.0000000180025095e-35 0.18732974678277972 0.63924840092659008 228999.50000000003 -0.083650454878807054 -0.8840312361717223 -37320175615.999992 -488.40624999999994 3.252533078193665 -2.7689367532730098
decision_type=2 2 2 2 2 2 2 2 2 2 2 2 2 2 2 2 2 2 2 2
left_child=6 19 3 4 -3 -5 7 8 10 -10 -1 -9 -13 17 -15 -4 -17 -8 -19 -2
right_child=1 2 15 5 -6 -7 13 11 9 -11 -12 12 -14 14 -16 16 -18 18 -20 -21
leaf_value=-0.010612632651979164 0.0066204683634415009 0.010692610561738074 -2.2997562756167319e-05 0.0044850217119081319 -0.0061137694725588946 -0.00017522894161367417 -0.00055256084021576199 -0.0045514003528636373 0.011685547074527226 -0.0082804978548238414 0.0047760364602847721 0.017827895701518284 0.00021611656973201978 -0.0085320916189831307 0.006444868572246445 0.011285161471472268 8.2807415872329881e-05 -0.011055743225266436 -0.00059470372838246255 0.013446814002698593
leaf_weight=13.809700652956971 3.8351914286613455 2.8212198168039349 3.0452492982149151 36.958803981542587 14.667429357767103 38.021716892719269 2.4435644000768724 2.9024659395217887 3.5573301911354056 3.0961167216300964 2.520194172859191 2.6407282203435898 2.349301740527153 2.2016230225563049 2.3733098357915869 12.511196449398994 2.1337174475192997 19.571806341409687 2.4338937550783148 8.3817678540945035
leaf_count=72 18 11 13 152 60 158 12 13 14 14 10 10 10 11 10 60 10 108 12 41
internal_value=0.000395596 0.00311325 0.00218673 0.00106621 -0.00334543 0.00210853 -0.0051399 -0.00266269 -0.00511626 0.00224424 -0.00817646 0.00435554 0.00973669 -0.00774069 -0.000544003 0.00798735 0.0097213 -0.00904643 -0.00994416 0.0113857
internal_weight=182.276 122.376 110.159 92.4692 17.4886 74.9805 59.9 30.8758 22.9833 6.65345 16.3299 7.8925 4.99003 29.0242 4.57493 17.6902 14.6449 24.4493 22.0057 12.217
internal_count=819 523 464 381 71 310 296 143 110 28 82 33 20 153 21 83 70 132 120 59
is_linear=0
shrinkage=0.01


Tree=104
num_leaves=21
num_cat=0
split_feature=43 26 11 17 39 32 22 9 46 58 23 3 3 41 47 30 13 2 21 26
split_gain=26.9275 13.0407 5.53938 6.31498 4.188 9.07524 8.05292 6.00697 7.38056 5.77907 4.65669 4.17726 4.45005 4.85081 5.15646 3.28127 2.80007 1.32386 1.79405 0.368658
threshold=17075.645507812504 0.0014492869377136233 19.425000190734867 37840.000000000007 5.6711292266845712 1.0000000180025095e-35 8163.3598632812509 312428400.00000006 -0.82222968339920033 234066.44531250003 94.500000000000014 4618294.5000000009 438407.00000000006 2.3773303031921391 0.18732974678277972 0.33898568153381353 174644168.00000003 580715.00000000012 -1.0000000180025095e-35 0.00071428663795813929
decision_type=2 2 2 2 2 2 2 2 2 2 2 2 2 2 2 2 2 2 2 2
left_child=11 2 3 -2 7 10 -7 9 -9 -3 -6 12 13 14 -1 16 -4 18 -14 -19
right_child=1 4 15 -5 5 6 -8 8 -10 -11 -12 -13 17 -15 -16 -17 -18 19 -20 -21
leaf_value=-0.0085636031161323983 -0.012590266606481626 -0.014845596094080888 0.0070871705895118606 0.0067618955024400119 0.016435408716452417 0.0044202058051483516 -0.018030712246299995 -0.012227994104771081 0.0050622324574076992 -0.00246809214779552 0.0024087804017576433 0.0075546374122300577 0.00030795465222841818 0.010068814761984363 -0.0016351252390073468 -0.0031045475815719456 0.013508391684626458 -0.011436730825606657 -0.012516570186850061 -0.017469871085794699
leaf_weight=20.618162915110588 3.0560750514268866 4.6267011314630535 39.682639643549919 3.71163509786129 5.5828843265771884 3.7893067002296439 2.7052435576915741 2.8555127680301693 17.32570768892765 22.322403624653816 4.4341043382883072 2.4547480791807166 1.9795050919055937 2.233342617750167 23.332677513360977 2.5433622300624839 8.7835738062858564 5.1364101469516754 2.0874124169349653 2.6733471006155014
leaf_count=108 13 19 186 15 21 15 11 12 67 89 17 11 10 9 111 11 42 28 12 12
internal_value=0.000392359 0.00311346 0.006553 -0.00182914 0 0.00432484 -0.00477754 -0.00152747 0.00256623 -0.00463021 0.0103262 -0.00505077 -0.00560093 -0.00416226 -0.00490816 0.00768471 0.00827153 -0.0111112 -0.00602856 -0.01363
internal_weight=181.935 121.419 57.7773 6.76771 63.6419 16.5115 6.49455 47.1303 20.1812 26.9491 10.017 60.5156 58.0609 46.1842 43.9508 51.0096 48.4662 11.8767 4.06692 7.80976
internal_count=819 518 267 28 251 64 26 187 79 108 38 301 290 228 219 239 228 62 22 40
is_linear=0
shrinkage=0.01


Tree=105
num_leaves=24
num_cat=0
split_feature=11 26 17 3 31 23 45 12 47 45 59 1 46 24 19 33 31 46 28 6 46 28 12
split_gain=26.4859 15.8874 4.36493 3.68381 5.23197 5.13701 5.75309 5.13864 3.7416 3.58862 3.28638 5.47799 3.10108 3.63739 10.662 4.55572 2.63267 2.63277 3.31954 2.47897 1.63342 2.65672 0.226639
threshold=16.82499980926514 0.0014492869377136233 27710.000000000004 -58575.999999999993 3.9254262447357182 181.50000000000003 0.56150358915328991 1.0000000180025095e-35 0.18732974678277972 0.63924840092659008 627812.96875000012 9079141.0000000019 -0.9687482714653014 70.500000000000014 734.19863891601574 -0.86602497100830067 4.6731765270233163 1.437989413738251 -444.15624999999994 -57629171711.999992 -0.37793838977813715 -315.93749999999994 237161184.00000003
decision_type=2 2 2 2 2 2 2 2 2 2 2 2 2 2 2 2 2 2 2 2 2 2 2
left_child=3 2 10 4 5 7 -7 -1 -6 -10 11 -2 19 14 -14 -15 17 18 -5 -3 22 -22 -4
right_child=1 12 20 16 8 6 -8 -9 9 -11 -12 -13 13 15 -16 -17 -18 -19 -20 -21 21 -23 -24
leaf_value=-0.010536467285821487 0.0071440039479549154 -0.015544287933069792 0.012913719883552404 0.0039410062349368481 -0.0044726374232945234 0.013980550776315319 -0.0050223299433509875 0.0047634536630049911 0.017658013510510742 0.00022170198481840425 0.011486440057091343 -0.0036381165968391686 -0.004360997246565571 -0.0085074614879655178 0.0081929319766098872 0.00014589996012293391 -0.013051282551398865 0.0042774812668682554 -0.0085580993725464169 -0.00065278322140819797 0.0021024239921237121 0.0098846560125219925 0.0075952306499502166
leaf_weight=13.707711502909669 9.251839563250547 2.3048342317342758 10.817378535866736 2.3073683977127137 2.8914420753717414 2.5896355807781211 4.0551120638847351 2.5158251523971549 2.6421815156936646 2.3480387628078461 4.237593248486518 9.4852252751588804 11.447930738329889 7.984019696712493 16.313260823488235 24.667795062065125 7.118035450577735 2.1885474175214759 17.203640893101696 2.458907186985015 6.8686019182205209 14.20739059150219 1.9600590467452992
leaf_count=72 40 10 56 11 13 10 18 10 10 10 19 38 46 32 63 96 40 10 92 10 33 70 10
internal_value=0.0003891 0.00306291 0.00692822 -0.00507054 -0.00261349 -0.0050554 0.00223311 -0.00810223 0.00434475 0.00965413 0.00349349 0.00163242 -0.000291942 0.000304642 0.00298002 -0.00193939 -0.00765765 -0.00584231 -0.0070287 -0.00806764 0.00922966 0.0073959 0.0121761
internal_weight=181.572 122.005 56.8281 59.5675 30.7499 22.8683 6.64475 16.2235 7.88166 4.99022 22.9747 18.7371 65.1767 60.413 27.7612 32.6518 28.8176 21.6996 19.511 4.76374 33.8534 21.076 12.7774
internal_count=819 523 266 296 143 110 28 82 33 20 97 78 257 237 109 128 153 113 103 20 169 103 66
is_linear=0
shrinkage=0.01


Tree=106
num_leaves=24
num_cat=0
split_feature=43 26 17 55 8 35 49 39 55 56 43 59 46 52 17 47 34 0 33 39 2 54 1
split_gain=26.0491 12.6372 5.21881 4.73848 7.47496 7.09866 5.21195 6.17451 4.55093 5.15521 4.29771 11.1009 4.02513 4.27385 4.01669 3.44913 3.80381 3.15033 2.61596 2.29543 2.02427 1.20197 0.180782
threshold=17075.645507812504 0.0014492869377136233 37840.000000000007 2.8727760314941411 0.63663950562477123 1.133074998855591 1.3539050221443178 0.93061417341232311 4.3169193267822275 66.666656494140639 919522.96875000012 359577.68750000006 0.93415144085884105 0.32877901196479803 99001.500000000015 -0.92440754175186146 -0.27411998808383936 228333.00000000003 -1.4635440707206724 2.3691036701202397 7271354.5000000009 3.252533078193665 295749.50000000006
decision_type=2 2 2 2 2 2 2 2 2 2 2 2 2 2 2 2 2 2 2 2 2 2 2
left_child=8 2 10 6 5 -5 7 -3 9 15 19 -12 13 14 -10 -1 -17 22 -4 -2 -20 -6 -11
right_child=1 3 18 4 21 -7 -8 -9 12 17 11 -13 -14 -15 -16 16 -18 -19 20 -21 -22 -23 -24
leaf_value=-0.013033633734934968 0.0032070393123400896 -0.0074581076310997543 0.0011133028505786002 0.0050375834315824963 0.018035213367213001 -0.013550740261481137 -0.013926356750457898 0.001348026918538852 -0.012428114425774277 -0.0088723484276042805 -0.0092107592136429477 0.0076222005573272867 0.01229977914479675 0.0094054870483768534 0.0017899016852964051 -0.0076583454480867244 0 0 0.0065391021302749468 0.014301219711590769 0.012169980961008488 0.0079412027796423642 -0.013690336613294374
leaf_weight=3.8277128934860185 4.0899300575256365 10.321843191981314 3.9784166961908332 6.7657409608364087 3.2523792684078208 2.9438178837299347 3.1898218840360633 34.501238092780113 4.309199392795561 2.2773061990737906 7.3327009975910178 8.4061802476644498 2.312604382634162 2.3316882699728012 3.4876324832439423 10.276690766215323 18.040977656841285 2.1596651971340171 11.391948938369753 3.9390858113765717 18.269235625863075 2.6074554622173309 11.153074666857718
leaf_count=21 17 42 17 26 12 12 13 136 22 12 31 36 10 10 16 52 87 10 55 17 94 10 61
internal_value=0.000386233 0.00306557 0.0064668 0 0.00478861 -0.000495175 -0.0015599 -0.000657537 -0.00498418 -0.00638924 0.00281826 -0.000156692 0.000326537 -0.00230853 -0.00593994 -0.00405156 -0.00280214 -0.0111452 0.00901493 0.00877446 0.010041 0.0137143 -0.0129478
internal_weight=181.166 120.99 57.4075 63.5823 15.5694 9.70956 48.0129 44.8231 60.1766 47.7354 23.7679 15.7389 12.4411 10.1285 7.79683 32.1454 28.3177 15.59 33.6396 8.02902 29.6612 5.85983 13.4304
internal_count=819 518 267 251 60 38 191 178 301 243 101 67 58 48 38 160 139 83 166 34 149 22 73
is_linear=0
shrinkage=0.01


Tree=107
num_leaves=26
num_cat=0
split_feature=11 54 55 2 44 30 4 34 3 31 23 21 12 47 17 17 37 4 27 31 34 28 18 22 18
split_gain=25.6173 8.18527 10.1775 7.2916 5.99812 5.63303 5.34392 5.06395 3.61666 5.14815 5.04541 6.49423 5.03935 3.65987 3.6034 3.33957 3.18424 4.33371 2.91815 2.61749 2.82869 5.55551 2.10762 0.303566 0.265743
threshold=16.82499980926514 -4.781085491180419 2.4028444290161137 4955965.0000000009 163949.12500000003 0.07845377549529077 1721081.6875000002 -0.48291398584842676 -58575.999999999993 3.9254262447357182 181.50000000000003 25060.000000000004 1.0000000180025095e-35 0.18732974678277972 14347.500000000002 180299.50000000003 -1.9054130911827085 361012.31250000006 2168832.0000000005 4.6731765270233163 -0.64827111363410939 -162.03124999999997 1446791.5000000002 -19513.515624999996 120284.50000000001
decision_type=2 2 2 2 2 2 2 2 2 2 2 2 2 2 2 2 2 2 2 2 2 2 2 2 2
left_child=8 14 3 7 18 -5 -6 -3 9 10 12 -12 -1 -11 16 -15 17 -2 -4 20 24 -22 23 -16 -10
right_child=1 2 4 5 6 -7 -8 -9 19 13 11 -13 -14 15 22 -17 -18 -19 -20 -21 21 -23 -24 -25 -26
leaf_value=-0.010459642538376867 0.0073258986343626396 -0.00292037233423535 0.0018085774151806403 0.0013149451629379716 0.0077971982637714404 -0.0072678740278827852 -0.0057067633419254898 0.0075544545667867984 -0.01307471236711737 -0.0043999828990421109 0.011555670586672395 -0.0082120559992814503 0.0047098146139402325 0.017289629978536194 0.0072841391939539261 0.00043463918361112008 0.011996440278139514 -0.0081102171348826427 -0.013073698705166161 -0.012988027177477221 0.012053563061205461 -0.0057430248754755239 0.0017271914353098089 0.013056921482692392 -0.0066608077580845408
leaf_weight=13.599395096302041 3.6127649545669556 7.3297463059425381 2.798766463994979 11.673038601875303 34.463599473237991 21.236407518386841 3.1157059073448172 12.000572353601454 4.5553576499223771 2.880032703280448 3.5534909367561331 3.0808226764202118 2.5113294571638098 2.6492985486984253 1.9092539548873926 2.3392294347286224 2.8874678909778613 3.6504148542881012 2.3371713310480118 7.0391724407672873 1.9899274408817333 13.395832121372216 2.4172662943601599 12.126835241913794 1.635051757097244
leaf_count=72 15 29 12 47 151 87 13 49 25 13 14 14 10 10 10 10 12 15 10 40 9 70 11 62 9
internal_value=0.000383315 0.00301603 0.00162923 -0.00131589 0.00525445 -0.00419315 0.00665097 0.00353084 -0.00500307 -0.00256434 -0.00499686 0.00222526 -0.00803297 0.00434006 0.0079282 0.00958642 0.00310329 -0.000294486 -0.00476908 -0.00757715 -0.00576551 -0.0033763 0.0108441 0.0123429 -0.0115422
internal_weight=180.788 121.559 94.955 52.2398 42.7152 32.9094 37.5793 19.3303 59.2289 30.6136 22.745 6.63431 16.1107 7.86856 26.604 4.98853 10.1506 7.26318 5.13594 28.6153 21.5762 15.3858 16.4534 14.0361 6.19041
internal_count=819 523 398 212 186 134 164 78 296 143 110 28 82 33 125 20 42 30 22 153 113 79 83 72 34
is_linear=0
shrinkage=0.01


Tree=108
num_leaves=23
num_cat=0
split_feature=43 26 11 17 55 8 35 49 39 55 56 46 52 17 47 34 39 53 0 7 54 1
split_gain=25.1895 12.2951 5.33022 6.11976 4.54873 7.31415 6.92872 5.13045 6.04791 4.45044 5.12293 3.94187 4.18547 3.95821 3.41227 3.73941 3.28912 3.86639 3.12098 2.36448 1.18234 0.182476
threshold=17075.645507812504 0.0014492869377136233 19.425000190734867 37840.000000000007 2.8727760314941411 0.63663950562477123 1.133074998855591 1.3539050221443178 0.93061417341232311 4.3169193267822275 66.666656494140639 0.93415144085884105 0.32877901196479803 99001.500000000015 -0.92440754175186146 -0.27411998808383936 -0.10634183138608931 -8.6035799980163556 228333.00000000003 1.5984635949134829 3.252533078193665 295749.50000000006
decision_type=2 2 2 2 2 2 2 2 2 2 2 2 2 2 2 2 2 2 2 2 2 2
left_child=9 2 3 -2 7 6 -6 8 -3 10 14 12 13 -11 -1 -16 17 -4 21 -18 -7 -12
right_child=1 4 16 -5 5 20 -8 -9 -10 11 18 -13 -14 -15 15 -17 19 -19 -20 -21 -22 -23
leaf_value=-0.012965653565278323 -0.012473897517451678 -0.0073748163898457774 0.013428981472100549 0.0066284196072792911 0.004923876062978714 0.017823815305611217 -0.013453206171188774 -0.013816391566227149 0.0013474284571977841 -0.012345671674868972 -0.0087915032357702479 0.01221272548315471 0.0093298811344155741 0.0017918922735871241 -0.0075733517517221184 0 0.007420709409556389 -0.00065292229605434381 0 0.013387306460354426 0.0078025137457407969 -0.013632960696168555
leaf_weight=3.7856418490409842 3.0396984815597525 10.302647784352301 2.5007827728986731 3.6892153471708298 6.7688741236925107 3.2438769042491904 2.9368041902780533 3.1821737289428702 34.483853191137314 4.2816396057605726 2.2582411319017401 2.3040774911642066 2.3271521627902985 3.4841101318597794 10.204763412475588 17.99643532931805 30.108674019575119 8.3431524485349637 2.1558959931135169 9.3575184792280179 2.6059799492359161 11.041087076067923
leaf_count=21 13 42 12 15 26 12 12 13 136 22 12 10 10 16 52 87 145 37 10 45 10 61
internal_value=0.000380339 0.00301801 0.00638812 -0.00185219 0 0.00469101 -0.000533743 -0.00153187 -0.000636701 -0.00491731 -0.00631258 0.000341579 -0.00226937 -0.00587407 -0.0039794 -0.00273765 0.00751012 0.00250237 -0.0110767 0.00886074 0.0135305 -0.0128861
internal_weight=180.402 120.563 57.039 6.72891 63.5242 15.5555 9.70568 47.9687 44.7865 59.839 47.4421 12.397 10.0929 7.76575 31.9868 28.2012 50.3101 10.8439 15.4552 39.4662 5.84986 13.2993
internal_count=819 518 267 28 251 60 38 191 178 301 243 58 48 38 160 139 239 49 83 190 22 73
is_linear=0
shrinkage=0.01


Tree=109
num_leaves=21
num_cat=0
split_feature=11 26 31 30 3 31 57 56 18 47 45 34 35 43 33 31 34 28 2 18
split_gain=24.7548 15.0213 3.62475 3.8009 3.55723 5.06128 4.75276 6.15545 3.59244 3.5812 3.46327 3.04975 3.16982 6.26115 5.78758 2.60158 2.79636 5.45894 2.33959 0.265186
threshold=16.82499980926514 0.0014492869377136233 -7.905303716659545 0.33898568153381353 -58575.999999999993 3.9254262447357182 17.324300765991214 20.524016380310062 178076.00000000003 0.18732974678277972 0.63924840092659008 -1.3686760663986204 -0.873399257659912 5784589.5000000009 -0.68980512022972096 4.6731765270233163 -0.64827111363410939 -162.03124999999997 114499296.00000001 120284.50000000001
decision_type=2 2 2 2 2 2 2 2 2 2 2 2 2 2 2 2 2 2 2 2
left_child=4 2 -2 18 5 6 7 -1 -8 -7 -11 -3 14 -14 -13 16 19 -18 -4 -6
right_child=1 11 3 -5 15 9 8 -9 -10 10 -12 12 13 -15 -16 -17 17 -19 -20 -21
leaf_value=-0.0044142376490788069 -0.0031030628921474295 0.0074468163266766182 0.0085495410886281611 -0.0048718350602512854 -0.013006655468860802 -0.0043283051230604656 -0.011453251028035467 0.014227694884435023 6.7777611406302213e-05 0.017380680779143624 0.000233979115074426 -0.00018408449686117936 -0.00047606060238827359 0.012499609413788698 -0.009951248922785089 -0.012925869105070762 0.011956214796268461 -0.0056744580637680666 -1.9621000393264418e-05 -0.0065773149949886443
leaf_weight=6.2181183397769981 3.3588108122348777 4.7030149847269049 47.243306666612625 2.3085845708847037 4.505849674344069 2.8686104118823996 10.520918592810629 2.4674847275018692 3.4129469841718665 2.642547994852066 2.3435311317443848 19.011519476771358 28.016457483172417 4.2685551196336737 9.0626841485500318 6.9603559076786032 1.9940836131572766 13.332761913537972 3.1671904474496833 1.6216180324554441
leaf_count=27 15 18 227 10 25 13 57 10 16 10 10 76 110 16 37 40 9 70 14 9
internal_value=0.000377326 0.0029679 0.00676161 0.00740907 -0.00493477 -0.00251189 -0.0049342 0.000766598 -0.00855953 0.00433644 0.00952204 -0.000286564 -0.000905695 0.00120854 -0.00337266 -0.00749807 -0.00569053 -0.00331539 0.00799132 -0.0114683
internal_weight=180.029 121.14 56.0779 52.7191 58.8888 30.4742 22.6195 8.6856 13.9339 7.85469 4.98608 65.0622 60.3592 32.285 28.0742 28.4147 21.4543 15.3268 50.4105 6.12747
internal_count=819 523 266 251 296 143 110 37 73 33 20 257 239 126 113 153 113 79 241 34
is_linear=0
shrinkage=0.01


Tree=110
num_leaves=22
num_cat=0
split_feature=43 53 54 11 39 37 34 24 55 20 52 53 37 34 39 8 17 47 1 40 27
split_gain=24.4008 6.84173 7.61099 6.19194 6.11991 6.29937 5.70855 4.74187 4.33311 4.65773 6.47624 3.79353 4.63686 5.42503 3.59408 3.35235 2.08017 2.0801 2.01898 1.1091 0.815768
threshold=17075.645507812504 3.6316900253295903 -4.781085491180419 19.425000190734867 1.0021736919879916 -0.29307848215103144 -1.4033757448196409 581.00000000000011 4.3169193267822275 106331.67578125001 0.32877901196479803 0.5794210433959962 1.0000000180025095e-35 -0.64827111363410939 0.47853273153305059 0.68068501353263866 14347.500000000002 0.8357343077659608 82975540.000000015 -1.3202902674674986 -1881599.9999999998
decision_type=2 2 2 2 2 2 2 2 2 2 2 2 2 2 2 2 2 2 2 2 2
left_child=8 2 3 6 5 -4 -2 -6 11 10 15 12 13 -1 -14 -10 -5 20 19 -3 -13
right_child=1 18 4 16 7 -7 -8 -9 9 -11 -12 17 14 -15 -16 -17 -18 -19 -20 -21 -22
leaf_value=-0.010557187772360879 0.0078228178083851671 0.0043205468613114802 -0.0077595962928547618 0.0045337312700672134 0.0027112046217827794 0.0052695302581080971 -0.010923475793786559 -0.01154660259360301 -0.014348247618372906 0.014194241399885617 0.010498016486087412 -0.0062510237724545123 -0.012252675701618809 0.0032969964581158269 -0.00314837530944026 -0.00066403702742401914 0.010701541274909533 -0.0014686886216411837 0.00029672895520352772 0.013216710083192511 -0.013753583003473133
leaf_weight=3.7815793305635461 2.9225880205631256 2.0982537269592276 14.553108960390093 9.3666415959596652 53.472310423851013 4.886631414294242 3.5876396149396923 2.4165937006473532 3.5306687802076322 2.045440897345542 2.8069278597831726 2.3567297905683509 9.0115674287080783 11.161839574575421 9.0771610736846906 3.9617744535207748 16.030620411038399 2.3201826065778723 2.0670406371355048 8.7701998203992826 9.4482118338346464
leaf_count=20 12 10 60 39 216 21 15 10 19 9 12 12 49 53 47 18 82 11 9 44 51
internal_value=0.000373938 0.00297224 0.00213162 0.00622711 0.000383585 -0.00443298 -0.00235424 0.00207682 -0.00485684 0.000341113 -0.00231301 -0.00623876 -0.00433264 -0.000142022 -0.0077393 -0.00724592 0.0084662 -0.0106255 0.00986372 0.0115912 -0.0123405
internal_weight=179.674 120.172 107.236 31.9075 75.3286 19.4397 6.51023 55.8889 59.5021 12.3448 10.2994 47.1573 33.0321 14.9434 18.0887 7.49244 25.3973 14.1251 12.9355 10.8685 11.8049
internal_count=819 518 455 148 307 81 27 226 301 58 49 243 169 73 96 37 121 74 63 54 63
is_linear=0
shrinkage=0.01


Tree=111
num_leaves=22
num_cat=0
split_feature=43 53 54 11 39 37 34 24 55 56 20 52 8 3 34 0 4 53 28 46 1
split_gain=23.9759 6.75744 7.49692 6.09763 5.99955 6.17841 5.6053 4.64891 4.26443 5.03675 4.57378 6.3573 3.30628 3.30154 4.12735 3.12099 2.16164 2.08013 1.31096 0.569345 0.182246
threshold=17075.645507812504 3.6316900253295903 -4.781085491180419 19.425000190734867 1.0021736919879916 -0.29307848215103144 -1.4033757448196409 581.00000000000011 4.3169193267822275 66.666656494140639 106331.67578125001 0.32877901196479803 0.68068501353263866 86680.000000000015 -0.27411998808383936 228333.00000000003 764975.25000000012 -8.6035799980163556 -186.09374999999997 -0.6728353202342986 295749.50000000006
decision_type=2 2 2 2 2 2 2 2 2 2 2 2 2 2 2 2 2 2 2 2 2
left_child=8 2 3 6 5 -4 -2 -6 9 13 11 12 -10 14 -1 20 19 -5 -15 -3 -11
right_child=1 16 4 17 7 -7 -8 -9 10 15 -12 -13 -14 18 -16 -17 -18 -19 -20 -21 -22
leaf_value=-0.0075221959291917788 0.0077541850358973756 0.0069606515094293208 -0.0076860926359169704 0.011678646211413908 0.0026842744346329129 0.0052223372767540742 -0.01083548927463417 -0.011434407032403313 -0.014263826127518524 -0.0086741244925350163 0.014079272220421322 0.010398873640155378 -0.00065740779607483609 -0.001345173366381756 0.0011972500201313698 0 0.00019966695172366665 0.0056852719870437718 -0.011446051059261424 0.013188689038042163 -0.013533949714521761
leaf_weight=8.3929943740367889 2.9189895987510681 2.7960532158613196 14.545399114489557 11.355341479182247 53.46870681643486 4.8815084248781195 3.5806394070386913 2.4159058779478064 3.5161226689815503 2.2302924990653983 2.0415417551994315 2.8053600192070007 3.9617074728012085 1.8923859745264051 14.973611339926723 2.1437150686979285 2.1571695655584326 13.942686066031452 6.502753019332884 7.9194466918706885 10.882416769862173
leaf_count=43 12 13 60 57 216 21 15 10 19 12 9 12 18 10 70 10 10 64 37 40 61
internal_value=0.000370857 0.00294757 0.00211294 0.0061866 0.000379701 -0.00439104 -0.00233299 0.00205603 -0.004822 -0.00619569 0.000337386 -0.00229357 -0.00718896 -0.00387835 -0.00189187 -0.0109545 0.00981461 0.008415 -0.00928828 0.0116569 -0.0127836
internal_weight=179.325 119.982 107.109 31.7977 75.3115 19.4269 6.49963 55.8846 59.3429 47.0182 12.3247 10.2832 7.47783 31.7617 23.3666 15.2564 12.8727 25.298 8.39514 10.7155 13.1127
internal_count=819 518 455 148 307 81 27 226 301 243 58 49 37 160 113 83 63 121 47 53 73
is_linear=0
shrinkage=0.01


Tree=112
num_leaves=22
num_cat=0
split_feature=43 26 55 6 58 2 34 28 55 56 20 52 29 2 59 47 34 0 26 40 1
split_gain=23.5572 11.6205 4.42004 5.36615 6.94907 4.50624 6.54124 6.18714 4.19693 4.98667 4.49153 6.24068 4.14464 4.37716 5.60498 3.38633 3.59053 3.09526 2.46456 2.25251 0.182505
threshold=17075.645507812504 0.0014492869377136233 2.8727760314941411 -44322283519.999992 339794.34375000006 4955965.0000000009 0.33995944261550909 -63.562499999999993 4.3169193267822275 66.666656494140639 106331.67578125001 0.32877901196479803 0.32977394759655004 43193634.000000007 359577.68750000006 -0.92440754175186146 -0.27411998808383936 228333.00000000003 0.00071428529918193828 -0.3589747548103332 295749.50000000006
decision_type=2 2 2 2 2 2 2 2 2 2 2 2 2 2 2 2 2 2 2 2 2
left_child=8 12 5 4 -4 7 -7 -3 9 15 11 19 13 18 -15 -1 -17 20 -2 -10 -11
right_child=1 2 3 -5 -6 6 -8 -9 10 17 -12 -13 -14 14 -16 16 -18 -19 -20 -21 -22
leaf_value=-0.012870387561403313 0.0029534011222757122 -0.004754015957505158 -0.0024665043397600252 -0.004797826848199134 0.013911356573258503 -0.0014885823558481726 -0.01315922567768169 0.0076483424058308271 0.0007767406425846586 -0.0086217298859130685 0.013965883485049933 0.010300977373119547 -0.003233736063315978 -0.0032796162047563668 0.0089847649472722044 -0.0073895650605635341 2.0689010899766805e-05 0 0.010017602761260751 -0.010779048727115293 -0.013488378771543914
leaf_weight=3.7272976636886588 6.3841843754053107 6.6218283027410534 3.8271491229534131 4.2550903707742682 7.4533322006464005 25.265066072344784 6.0138183087110511 10.023029938340185 2.2685493379831305 2.2214520871639243 2.0375558435916892 2.803709089756012 4.1440323591232291 7.9994369298219663 6.8670885860919952 10.063277944922449 17.909715577960018 2.1437150686979285 30.943964630365372 5.1946471184492102 10.810352966189383
leaf_count=21 29 26 15 17 28 101 25 39 10 12 9 12 18 35 32 52 87 10 153 27 61
internal_value=0.00036788 0.00292298 0 0.00462365 0.00826616 -0.00151422 -0.0037644 0.00265423 -0.00478748 -0.00615307 0.000333695 -0.00227433 0.00622845 0.00699887 0.00231823 -0.00384742 -0.0026094 -0.0109035 0.00883621 -0.0071325 -0.0127355
internal_weight=178.978 119.798 63.4593 15.5356 11.2805 47.9237 31.2789 16.6449 59.1803 46.8758 12.3045 10.2669 56.3387 52.1947 14.8665 31.7003 27.973 15.1755 37.3281 7.4632 13.0318
internal_count=819 518 251 60 43 191 126 65 301 243 58 49 267 249 67 160 139 83 182 37 73
is_linear=0
shrinkage=0.01


Tree=113
num_leaves=25
num_cat=0
split_feature=11 26 17 3 31 57 57 60 47 45 59 1 46 24 19 34 0 55 6 28 57 46 34 12
split_gain=23.1472 14.1939 4.2907 3.45227 5.002 4.65698 6.0221 3.52339 3.50549 3.36144 3.22958 5.24268 3.08145 3.56929 10.4112 4.71311 2.61759 2.69524 2.46145 1.75834 2.09118 1.67805 3.10252 0.243373
threshold=16.82499980926514 0.0014492869377136233 27710.000000000004 -58575.999999999993 3.9254262447357182 17.324300765991214 6.333141803741456 -2531275.3749999995 0.18732974678277972 0.63924840092659008 627812.96875000012 9079141.0000000019 -0.9687482714653014 70.500000000000014 734.19863891601574 -0.48291398584842676 228999.50000000003 1.0000000180025095e-35 -57629171711.999992 -488.40624999999994 96.56280899047853 -0.37793838977813715 -1.1618714332580564 237161184.00000003
decision_type=2 2 2 2 2 2 2 2 2 2 2 2 2 2 2 2 2 2 2 2 2 2 2 2
left_child=3 2 10 4 5 6 -1 -7 -6 -10 11 -2 18 14 -14 -15 19 -18 -3 -5 -21 23 -23 -4
right_child=1 12 21 16 8 7 -8 -9 9 -11 -12 -13 13 15 -16 -17 17 -19 -20 20 -22 22 -24 -25
leaf_value=-0.0043361734155139805 0.0067948335094671379 -0.015501729199234931 0.012725280657124473 -0.00011091940837218333 -0.0042032840133835623 -0.011414510726790936 0.014105613328297007 0 0.017281708921625772 0.00034670607647567791 0.011199286053711259 -0.0038326216987772609 -0.0042967687088694747 -0.005961453666581901 0.0081251950932421432 0.0016317363709296901 -0.0083682183110460138 0.0071258194634307229 -0.00063560018601722707 -0.010752479025398411 -0.00051097800981705292 -0.00077100717734572056 0.0089356376952813756 0.0072473501206672111
leaf_weight=6.1890304535627418 9.0632740408182197 2.299176424741745 10.411632046103476 2.383978992700583 2.8420328050851813 10.255259707570078 2.4703106135129929 3.518271148204799 2.6397732645273209 2.3310404121875763 4.1330081373453131 9.4151459634304029 11.414606258273126 15.321667730808256 16.271146088838577 17.219290256500244 2.1646099388599387 2.3240916281938553 2.4480180293321601 18.67735476791859 2.4635127931833258 3.8775014728307751 16.585775837302208 1.8983088135719288
leaf_count=27 40 10 56 12 13 56 10 17 10 10 19 38 46 61 63 67 11 10 10 107 13 18 85 10
internal_value=0.000364739 0.0028745 0.00659477 -0.00480303 -0.00241083 -0.00483217 0.000809361 -0.00845157 0.00441351 0.00954129 0.00317474 0.0013258 -0.000281327 0.000314117 0.0029676 -0.00191273 -0.00735016 -0.00012317 -0.00804626 -0.00868661 -0.00960635 0.00892386 0.0070475 0.0119618
internal_weight=178.618 120.359 55.3846 58.2593 30.2457 22.4329 8.65934 13.7735 7.81285 4.97081 22.6114 18.4784 64.9739 60.2267 27.6858 32.541 28.0135 4.4887 4.74719 23.5248 21.1409 32.7732 20.4633 12.3099
internal_count=819 523 266 296 143 110 37 73 33 20 97 78 257 237 109 128 153 21 20 132 120 169 103 66
is_linear=0
shrinkage=0.01


Tree=114
num_leaves=23
num_cat=0
split_feature=43 26 17 11 55 8 35 49 39 55 56 46 31 47 3 60 0 46 33 2 54 1
split_gain=22.812 11.2743 5.07976 7.6881 4.33544 7.074 6.77655 5.00307 5.71771 4.08632 4.92324 3.68085 3.50147 3.33672 3.54486 3.11258 3.07898 2.99346 2.59846 2.08666 1.17103 0.183249
threshold=17075.645507812504 0.0014492869377136233 37840.000000000007 19.425000190734867 2.8727760314941411 0.63663950562477123 1.133074998855591 1.3539050221443178 0.93061417341232311 4.3169193267822275 66.666656494140639 0.93415144085884105 -2.1930378675460811 -0.92440754175186146 86680.000000000015 -2552413.2499999995 228333.00000000003 -0.35116316378116602 -1.4635440707206724 7271354.5000000009 3.252533078193665 295749.50000000006
decision_type=2 2 2 2 2 2 2 2 2 2 2 2 2 2 2 2 2 2 2 2 2 2
left_child=9 2 3 -2 7 6 -6 8 -3 10 13 15 -5 -1 -15 -11 21 -17 -4 -20 -7 -12
right_child=1 4 18 12 5 20 -8 -9 -10 11 16 -13 -14 14 -16 17 -18 -19 19 -21 -22 -23
leaf_value=-0.012801213299374772 -0.01226626434211287 -0.0071823886892470688 0.00078676213716636853 -0.0023065616823629695 0.0048427778777531934 0.017569683591149757 -0.01334634463491559 -0.013649754739613905 0.0013133434190555351 -0.013677528844166077 -0.0085390067950241403 0.011900932576582176 0.0071684657791826582 -0.00041180216556181622 -0.0086315969970651805 0.0060739918001796621 0 -0.0061395659497182542 0.0061688565996849687 0.011961345405788444 0.0075904764140360273 -0.013425119242973474
leaf_weight=3.6834982037544242 3.019675716757777 10.258466422557829 3.9135100692510596 5.0405608564615312 6.7600836306810361 3.2321014404296866 2.9311038106679916 3.1717441678047171 34.445767343044281 1.9138213545083989 2.2013048678636542 2.2689768671989432 15.330033391714091 20.706641897559173 7.1627580970525733 4.4058538079261762 2.1381155252456656 3.6642118692398071 11.077478736639025 17.608009070158005 2.6007762402296066 10.696830615401266
leaf_count=21 13 42 17 21 26 12 12 13 136 11 12 10 67 99 40 20 10 17 55 94 10 61
internal_value=0.000361738 0.00287855 0.00614861 0.00253209 0 0.00458296 -0.000555344 -0.00149834 -0.000613838 -0.00472782 -0.00608051 0.000333885 0.00477485 -0.00378749 -0.00256027 -0.00219473 -0.0108258 0.000404513 0.00871284 0.00975932 0.0132916 -0.0126687
internal_weight=178.231 119.389 55.9893 23.3903 63.4 15.5241 9.69119 47.876 44.7042 58.842 46.5891 12.2529 20.3706 31.5529 27.8694 9.98389 15.0363 8.07007 32.599 28.6855 5.83288 12.8981
internal_count=819 518 267 101 251 60 38 191 178 301 243 58 88 160 139 48 83 37 166 149 22 73
is_linear=0
shrinkage=0.01


Tree=115
num_leaves=22
num_cat=0
split_feature=43 26 55 8 35 49 39 29 2 59 55 56 20 16 8 41 26 0 26 54 35
split_gain=22.4167 11.1044 4.25312 6.9467 6.65222 4.91562 5.60932 4.06349 4.29837 5.47318 4.0216 4.87435 4.35806 4.97623 3.97529 3.30709 3.81781 3.05412 2.44937 1.15329 0.186757
threshold=17075.645507812504 0.0014492869377136233 2.8727760314941411 0.63663950562477123 1.133074998855591 1.3539050221443178 0.93061417341232311 0.32977394759655004 43193634.000000007 359577.68750000006 4.3169193267822275 66.666656494140639 106331.67578125001 0.33134999871253973 0.68068501353263866 1.6174503564834597 0.00048249746032524859 228333.00000000003 0.00071428529918193828 3.252533078193665 -1.2916147112846372
decision_type=2 2 2 2 2 2 2 2 2 2 2 2 2 2 2 2 2 2 2 2 2
left_child=10 7 5 4 -4 6 -3 8 18 -10 11 15 13 14 -12 16 -1 20 -2 -5 -13
right_child=1 2 3 19 -6 -7 -8 -9 9 -11 12 17 -14 -15 -16 -17 -18 -19 -20 -21 -22
leaf_value=-0.0065337096874536508 0.0028325879092492095 -0.0071178510825665609 0.0047933401444294503 0.017433136034873557 -0.013240532453152916 -0.013542391134950758 0.0013001324267510775 -0.0032747311664652464 -0.0032981398377961114 0.0088623657725951915 -0.014150174564371221 -0.0084474298098785525 0.013807291253980419 0.010328351944621656 0 0.0057982489163717222 0.0031176126743626561 0 0.0099006582500960772 0.0075176311600866335 -0.013379034381243982
leaf_weight=23.519649282097824 6.3411381244659415 10.24801756441593 6.7615006417036039 3.2248791456222525 2.9250130355358124 3.1649547666311255 34.44781094789505 4.1292033642530432 7.9783681333065015 6.7980979532003403 3.4693073928356153 2.1700555980205527 2.023537039756774 2.3611207753419876 4.3779174238443375 3.1626531779766074 4.8108808249235144 2.1381155252456656 30.549383938312531 2.5997231900691986 10.647476553916929
leaf_count=123 29 42 26 12 12 13 136 18 35 32 19 12 9 10 20 14 23 10 153 10 61
internal_value=0.000358754 0.00285529 0 0.00454158 -0.000549068 -0.00148385 -0.000607599 0.00610852 0.00687778 0.00222878 -0.00469413 -0.00603879 0.000330255 -0.00224325 -0.00615331 -0.00375746 -0.0048595 -0.0107759 0.00871283 0.0131792 -0.0126221
internal_weight=177.849 119.168 63.3719 15.5111 9.68651 47.8608 44.6958 55.7962 51.667 14.7765 58.6807 46.4488 12.2319 10.2083 7.84722 31.4932 28.3305 14.9556 36.8905 5.8246 12.8175
internal_count=819 518 251 60 38 191 178 267 249 67 301 243 58 49 39 160 146 83 182 22 73
is_linear=0
shrinkage=0.01


Tree=116
num_leaves=25
num_cat=0
split_feature=43 26 17 11 55 8 35 2 34 28 55 3 20 16 8 34 3 31 1 2 0 2 54 28
split_gain=22.0203 10.9287 5.02028 7.52721 4.17253 6.82237 6.53054 4.42421 6.43429 6.07195 3.95845 4.7929 4.27933 4.88516 3.92063 3.91741 3.92206 3.44634 3.06515 2.16509 1.96046 1.75337 1.13626 0.386569
threshold=17075.645507812504 0.0014492869377136233 37840.000000000007 19.425000190734867 2.8727760314941411 0.63663950562477123 1.133074998855591 4955965.0000000009 0.33995944261550909 -63.562499999999993 4.3169193267822275 86680.000000000015 106331.67578125001 0.33134999871253973 0.68068501353263866 -0.36377774178981775 23653.500000000004 -2.1930378675460811 678492.50000000012 83578820.000000015 228333.00000000003 7271354.5000000009 3.252533078193665 -444.15624999999994
decision_type=2 2 2 2 2 2 2 2 2 2 2 2 2 2 2 2 2 2 2 2 2 2 2 2
left_child=10 2 3 -2 7 6 -6 9 -9 -3 11 15 13 14 -12 18 -17 -5 -1 21 23 -4 -7 -13
right_child=1 4 19 17 5 22 -8 8 -10 -11 12 20 -14 -15 -16 16 -18 -19 -20 -21 -22 -23 -24 -25
leaf_value=-0.011155025258507985 -0.012194538154792522 -0.0046749887264121342 0.0062041360643006679 -0.0023310530766995213 0.0047444699903229247 0.01729991444064502 -0.013136450516556927 -0.0014451676098944338 -0.013039690570159615 0.007617689137697412 -0.014068058566969551 -0.0064195957738526323 0.013697796829853136 0.010239540694922373 0 -0.0025905433324380036 0.010971425792665686 0.0070767944540296723 0.00046136083521966336 0.00060018934966956771 -0.0023712625596659788 0.011517834496290983 0.0074456518842074383 -0.012985059239248036
leaf_weight=8.8086344301700574 3.0112684518098858 6.6168451756238964 11.204470068216326 5.0378357917070451 6.762828975915907 3.2172539234161368 2.9187378734350204 25.234504714608196 5.9902708530426017 10.003580361604689 3.4547355324029905 1.6811322718858708 2.0193362534046164 2.3578002750873566 4.3779174238443375 16.650716140866287 2.4336631000041953 15.256579354405398 2.8420940786600104 3.2829200178384772 2.7205130457878104 17.837093874812126 2.5986124277114868 11.171682462096213
leaf_count=47 13 26 56 21 26 12 12 101 25 39 19 9 9 10 20 82 11 67 14 15 13 95 10 67
internal_value=0.000356017 0.00283152 0.00606564 0.00246735 0 0.00450079 -0.000542868 -0.00146951 -0.00370153 0.00266362 -0.00465982 -0.00599656 0.000328157 -0.00222303 -0.00610221 -0.0036565 -0.000808706 0.00469214 -0.00823548 0.00862904 -0.0105506 0.0095022 0.0130688 -0.0122041
internal_weight=177.491 118.973 55.6302 23.3057 63.3426 15.4974 9.68157 47.8452 31.2248 16.6204 58.5182 46.3084 12.2098 10.1905 7.83265 30.7351 19.0844 20.2944 11.6507 32.3245 15.5733 29.0416 5.81587 12.8528
internal_count=819 518 267 101 251 60 38 191 126 65 301 243 58 49 39 154 93 88 61 166 89 151 22 76
is_linear=0
shrinkage=0.01


Tree=117
num_leaves=24
num_cat=0
split_feature=43 26 17 11 55 54 53 42 49 39 55 56 31 52 17 47 34 33 21 2 30 48 1
split_gain=21.6366 10.7626 4.96163 7.3963 4.09419 5.50485 7.69991 6.67264 4.83271 5.5111 3.89702 4.81192 3.3897 3.37503 6.85592 3.30963 3.50845 2.57755 2.38992 2.09487 1.96499 0.566903 0.428458
threshold=17075.645507812504 0.0014492869377136233 37840.000000000007 19.425000190734867 2.8727760314941411 3.252533078193665 1.1716815829277041 0.00072999999974854301 1.3539050221443178 0.93061417341232311 4.3169193267822275 66.666656494140639 -2.1930378675460811 0.32877901196479803 99001.500000000015 -0.92440754175186146 -0.27411998808383936 -1.4635440707206724 -23550.999999999996 7271354.5000000009 0.32718744874000555 -0.60145959258079518 295749.50000000006
decision_type=2 2 2 2 2 2 2 2 2 2 2 2 2 2 2 2 2 2 2 2 2 2 2
left_child=10 2 3 -2 8 6 -6 -7 9 -3 11 15 -5 14 21 -1 -17 -4 -16 -19 22 -12 -13
right_child=1 4 17 12 5 7 -8 -9 -10 -11 13 20 -14 -15 18 16 -18 19 -20 -21 -22 -23 -24
leaf_value=-0.012726901671194987 -0.012109970091410934 -0.0070472184768109042 0.000677324504940383 -0.0023067100581689623 -0.0041597476960142498 0.0059365821117859209 0.01668061473019708 -0.013433868439362479 -0.013430202695265228 0.0013029437569531564 -0.015957950390522665 -0.006085546186213482 0.0070237671261387195 0.010059900014268467 0.010678091791600014 -0.0072285853894953891 0.00013803150461849583 0.0060259987876144705 -0.0028071118610286951 0.011862784871773191 -0.002961167767055308 -0.007150211726468958 -0.013354405532937992
leaf_weight=3.6343481242656699 3.002020642161372 10.230233401060103 3.8973545283079138 5.0400788784027162 2.489937022328375 4.4203527420759192 5.6233565360307693 2.9493951052427292 3.1558206081390372 34.430836588144302 2.2234695106744766 1.4652087986469258 15.218236848711962 2.7880802303552619 3.1163958609104148 9.9333178550004977 17.785547986626629 10.963521331548693 2.1086996644735345 17.319813877344131 2.9688789248466483 1.9509142637252788 10.380993992090223
leaf_count=21 13 42 17 21 10 17 21 12 13 136 12 8 67 12 14 52 87 55 10 94 15 10 60
internal_value=0.000353222 0.00280883 0.00602579 0.00244661 0 0.00446059 0.0101615 -0.00167984 -0.0014559 -0.000587385 -0.00462625 -0.00595523 0.00465307 0.000326082 -0.00245478 -0.00368711 -0.00246579 0.00858177 0.00504446 0.00963562 -0.0106878 -0.0120812 -0.0125398
internal_weight=177.097 118.741 55.441 23.2603 63.2999 15.483 8.11329 7.36975 47.8169 44.6611 58.3559 46.1683 20.2583 12.1876 9.39948 31.3532 27.7189 32.1807 5.2251 28.2833 14.8151 4.17438 11.8462
internal_count=819 518 267 101 251 60 31 29 191 178 301 243 88 58 46 160 139 166 24 149 83 22 68
is_linear=0
shrinkage=0.01


Tree=118
num_leaves=23
num_cat=0
split_feature=11 26 7 17 45 36 39 46 24 19 36 23 19 37 36 21 31 4 46 28 28 12
split_gain=21.2599 13.1495 4.92562 4.16093 3.20187 4.19245 3.69779 3.02579 3.48784 10.1615 4.26956 2.94674 3.15025 4.41363 3.33107 3.11971 3.7341 2.39633 1.7153 2.74361 0.324776 0.256813
threshold=16.82499980926514 0.0014492869377136233 1.6753645539283755 27710.000000000004 -0.6988026201725005 -0.52357801795005787 2.227493524551392 -0.9687482714653014 70.500000000000014 734.19863891601574 -1.3802557587623594 171.50000000000003 68753.167968750015 1.0000000180025095e-35 -0.39933006465435023 -37641.499999999993 3.9254262447357182 14069.535156250002 -0.37793838977813715 -315.93749999999994 324.00000000000006 237161184.00000003
decision_type=2 2 2 2 2 2 2 2 2 2 2 2 2 2 2 2 2 2 2 2 2 2
left_child=2 3 11 4 6 -6 -2 17 9 -9 -10 15 13 -13 -14 20 -17 -3 21 -20 -1 -5
right_child=1 7 -4 18 5 -7 -8 8 10 -11 -12 12 14 -15 -16 16 -18 -19 19 -21 -22 -23
leaf_value=-0.012887526848195866 0.00014170148212014309 -0.00065062510112459714 0.010461283823706084 0.012606398243274308 -0.0070002269833665323 0.0058300355337195624 0.011408830461613347 -0.0042348176608816681 -0.0085148839254857375 0.0080482720840571332 6.3889058585783317e-05 0.0070015874437148167 0.00010850537185903157 -0.0062315906280269321 -0.013576637919783727 -0.0075869092377365104 3.1983455032545147e-06 -0.015357350008517342 0.001333673739322861 0.0094053244516286907 -0.0067030569603549637 0.0070029174758540116
leaf_weight=7.7039254456758481 5.427525147795679 2.4405583739280692 2.0392534583806983 10.140411257743834 5.5410122275352478 4.6681461781263334 6.779367133975029 11.391455084085466 7.4707687050104132 16.243223994970322 24.961096972227097 6.3127499371767062 3.2046548128128052 4.1415533870458603 3.633925959467887 19.242785423994068 9.3782193809747678 2.2873061299324036 6.5790416598320016 13.461764991283417 1.8079681247472761 1.8552775979042042
leaf_count=46 23 10 8 56 23 21 30 46 30 63 98 26 15 21 19 105 46 10 33 70 10 10
internal_value=0.000350167 0.00276326 -0.00463989 0.00638636 0.00301306 -0.00103563 0.00648107 -0.000266129 0.00032416 0.0029488 -0.00188142 -0.00521354 -0.00171157 0.00166351 -0.00701736 -0.00677543 -0.00506493 -0.00797714 0.00871547 0.00680544 -0.0118171 0.0118231
internal_weight=176.712 119.247 57.465 54.4525 22.4161 10.2092 12.2069 64.7944 60.0665 27.6347 32.4319 55.4258 17.2929 10.4543 6.83858 38.1329 28.621 4.72786 32.0365 20.0408 9.51189 11.9957
internal_count=819 523 296 266 97 44 53 257 237 109 128 288 81 47 34 207 151 20 169 103 56 66
is_linear=0
shrinkage=0.01


Tree=119
num_leaves=24
num_cat=0
split_feature=43 26 17 11 55 8 35 49 39 55 56 20 52 47 3 8 46 0 22 34 2 54 1
split_gain=20.9976 10.4663 4.85099 7.19756 4.02644 6.62489 6.37754 4.7453 5.42428 3.78101 4.78194 4.17067 5.82843 3.26636 3.50174 3.14595 3.05342 3.02491 2.15233 5.2737 1.83642 1.099 0.419704
threshold=17075.645507812504 0.0014492869377136233 37840.000000000007 19.425000190734867 2.8727760314941411 0.63663950562477123 1.133074998855591 1.3539050221443178 0.93061417341232311 4.3169193267822275 66.666656494140639 106331.67578125001 0.32877901196479803 -0.92440754175186146 86680.000000000015 0.68068501353263866 -0.29079978168010706 228333.00000000003 -19513.515624999996 -1.0740621685981748 3021307.5000000005 3.252533078193665 258336.50000000003
decision_type=2 2 2 2 2 2 2 2 2 2 2 2 2 2 2 2 2 2 2 2 2 2 2
left_child=9 2 3 -2 7 6 -6 8 -3 10 13 12 15 -1 -15 -11 -5 22 19 -4 -20 -7 -12
right_child=1 4 18 16 5 21 -8 -9 -10 11 17 -13 -14 14 -16 -17 -18 -19 20 -21 -22 -23 -24
leaf_value=-0.012660589165106354 -0.011982247680960139 -0.0069944812539404202 -0.0061886572024477792 0.0021905837658821275 0.0046824001816110636 0.017069500057952314 -0.013007994040833477 -0.013322053279977902 0.0012940275155539735 -0.014002173361785811 -0.0060648630492244901 0.013559159573120354 0.0099776827768894034 -0.0002747431106844284 -0.0084935983459382101 -0.00058999177529277355 0.011162627659710041 0 0.001679610823494775 0.010971875575706804 0.010890220004151515 0.0073447583002122308 -0.013250297710607839
leaf_weight=3.5912357270717612 2.9867897331714657 10.217528656125067 3.092398077249527 14.893394112586979 6.7565757334232313 3.2022718787193289 2.910233736038208 3.148257002234458 34.414347723126411 3.4117498844861966 1.466277927160262 2.0061626434326163 2.778460219502449 20.56283354759217 7.0586415827274314 3.9263285100460052 5.2958582788705799 2.1256471425294867 2.6917593926191357 4.1213407665491131 21.991836279630661 2.5932460576295853 11.10453577339649
leaf_count=21 13 42 14 65 26 12 12 13 136 19 8 9 12 99 40 18 23 10 14 21 117 10 65
internal_value=0.000347499 0.00276941 0.00595661 0.00241424 0 0.00442939 -0.000539921 -0.00144149 -0.000581047 -0.00457307 -0.00588597 0.000316436 -0.00221082 -0.00362256 -0.00241127 -0.0069621 0.00459358 -0.010625 0.00849908 0.00347684 0.00992631 0.0128906 -0.0124917
internal_weight=176.348 118.316 55.0734 23.176 63.2425 15.4623 9.66681 47.7801 44.6319 58.0319 45.9092 12.1227 10.1165 31.2127 27.6215 7.33808 20.1893 14.6965 31.8973 7.21374 24.6836 5.79552 12.5708
internal_count=819 518 267 101 251 60 38 191 178 301 243 58 49 160 139 37 88 83 166 35 131 22 73
is_linear=0
shrinkage=0.01


Tree=120
num_leaves=23
num_cat=0
split_feature=43 26 17 11 55 54 53 10 49 39 55 56 31 52 23 41 28 0 33 2 49 35
split_gain=20.6344 10.3081 4.79554 7.07293 3.95056 5.3525 7.51482 6.48795 4.6635 5.32164 3.72106 4.73484 3.31047 3.25173 7.12959 3.2365 3.75743 3.0014 2.54719 2.1112 0.859605 0.193917
threshold=17075.645507812504 0.0014492869377136233 37840.000000000007 19.425000190734867 2.8727760314941411 3.252533078193665 1.1716815829277041 0.00072999999974854301 1.3539050221443178 0.93061417341232311 4.3169193267822275 66.666656494140639 -2.1930378675460811 0.32877901196479803 191.00000000000003 1.6174503564834597 -758.18749999999989 228333.00000000003 -1.4635440707206724 7271354.5000000009 -0.64987486600875843 -1.2916147112846372
decision_type=2 2 2 2 2 2 2 2 2 2 2 2 2 2 2 2 2 2 2 2 2 2
left_child=10 2 3 -2 8 6 -6 -7 9 -3 11 15 -5 14 20 16 -1 21 -4 -20 -12 -13
right_child=1 4 18 12 5 7 -8 -9 -10 -11 13 17 -14 -15 -16 -17 -18 -19 19 -21 -22 -23
leaf_value=0.0067893181345510169 -0.011900463310817877 -0.0069319213105854885 0.00058225359833450035 -0.002321848806342237 -0.0041294828879699314 0.0058402965200095337 0.01647527407655372 -0.013282190037694047 -0.013220145549898506 0.001281013584461303 -0.015822925026814531 -0.0082134019125357487 0.0069100182022788339 0.0098851659302762913 0.0077306070221154445 0.0058792308962093299 -0.0058655880323673307 0 0.0058760246824900407 0.011769811703695279 -0.0065397994083154099 -0.013219430215815722
leaf_weight=2.5128612518310574 2.9772905558347729 10.206697598099707 3.8790456950664547 5.0337871313095155 2.4866730570793134 4.4143055379390708 5.6056415289640427 2.9402220249176025 3.1408373117446891 34.416317716240883 1.8728610277175892 2.1258078366518012 15.124774381518359 2.7764297872781745 3.9040994644165039 3.1484582126140586 25.493310526013378 2.1256471425294867 10.841548934578897 17.030150413513184 3.5483215600252143 10.364737793803213
leaf_count=12 13 42 17 21 10 17 21 12 13 136 10 12 67 12 17 14 134 10 55 94 19 61
internal_value=0.000344698 0.00274711 0.00591764 0.00239428 0 0.00439016 0.0100201 -0.0016686 -0.00142758 -0.000575135 -0.0045405 -0.00584558 0.00455513 0.000312937 -0.00242978 -0.00359376 -0.00469442 -0.010577 0.00845352 0.00951312 -0.00993131 -0.0124475
internal_weight=175.97 118.097 54.8866 23.1359 63.2107 15.4468 8.09231 7.35453 47.7639 44.623 57.8725 45.7708 20.1586 12.1017 9.32528 31.1546 28.0062 14.6162 31.7507 27.8717 5.42118 12.4905
internal_count=819 518 267 101 251 60 31 29 191 178 301 243 88 58 46 160 146 83 166 149 29 73
is_linear=0
shrinkage=0.01


Tree=121
num_leaves=16
num_cat=0
split_feature=43 53 54 39 7 11 34 60 3 3 41 4 53 40 45
split_gain=20.2714 6.16615 6.77833 5.89689 5.62219 5.44928 5.15645 3.63903 4.40634 4.40232 4.0022 2.18444 2.11999 1.41108 1.27177
threshold=17075.645507812504 3.6316900253295903 -4.781085491180419 -0.32349839806556696 2.8975827693939213 19.425000190734867 -1.4033757448196409 -2560146.3749999995 4618294.5000000009 438407.00000000006 2.3773303031921391 764975.25000000012 -8.6035799980163556 -1.3202902674674986 -0.72844406962394703
decision_type=2 2 2 2 2 2 2 2 2 2 2 2 2 2 2
left_child=7 2 5 -4 -5 6 -2 -1 9 10 -9 13 -7 -3 -11
right_child=1 11 3 4 -6 12 -8 8 -10 14 -12 -13 -14 -15 -16
leaf_value=-0.01286716319610591 0.0075398945775046614 0.002618711303020777 -0.012911763632691758 0.00020889292359313 0.012594461359763781 0.011400672314379913 -0.010422665229066683 -0.0036024171800440735 0.010285529800546832 -0.0017801741557594564 0.010182071136043198 0 0.0052562369496180596 0.013087859797726713 -0.012002834032194336
leaf_weight=4.8654813617467871 2.8705866187810898 1.8143387436866749 3.2290597110986701 67.537694081664085 3.8882697671651831 10.89155171811581 3.5337810069322613 38.637856215238571 2.1147157400846472 1.708594575524329 2.1942034512758246 2.1078576892614356 13.558453783392903 8.4411868602037412 8.1978905946016294
leaf_count=30 12 9 14 278 15 57 15 198 10 10 9 10 64 44 44
internal_value=0.000341978 0.00272489 0.00193003 0.000286464 0.000897136 0.00587437 -0.00221528 -0.00450706 -0.00371853 -0.00432191 -0.00283719 0.00942737 0.00803425 0.0113332 -0.0103407
internal_weight=175.592 117.873 105.509 74.655 71.426 30.8544 6.40437 57.7187 52.8533 50.7385 40.8321 12.3634 24.45 10.2555 9.90649
internal_count=819 518 455 307 293 148 27 301 271 261 207 63 121 53 54
is_linear=0
shrinkage=0.01


Tree=122
num_leaves=25
num_cat=0
split_feature=11 26 17 3 31 23 21 53 24 59 1 46 24 17 34 21 31 34 8 6 46 34 12 9
split_gain=19.8654 12.4198 4.07774 3.25568 4.91597 4.77411 6.20739 4.94542 3.33574 3.15519 5.02022 2.96526 3.3871 8.79749 4.62847 2.96335 2.60506 2.84143 3.48856 2.44998 1.73247 3.11841 0.262053 0.259284
threshold=16.82499980926514 0.0014492869377136233 27710.000000000004 -58575.999999999993 3.9254262447357182 181.50000000000003 25060.000000000004 -0.67443642020225514 202.50000000000003 627812.96875000012 9079141.0000000019 -0.9687482714653014 70.500000000000014 6158.0000000000009 -0.48291398584842676 10802.000000000002 4.6731765270233163 -0.64827111363410939 0.68068501353263866 -57629171711.999992 -0.37793838977813715 -1.1618714332580564 237161184.00000003 255830728.00000003
decision_type=2 2 2 2 2 2 2 2 2 2 2 2 2 2 2 2 2 2 2 2 2 2 2 2
left_child=3 2 9 4 5 7 -7 -1 15 10 -2 19 13 -13 -14 -6 17 23 -19 -3 22 -22 -4 -5
right_child=1 11 20 16 8 6 -8 -9 -10 -11 -12 12 14 -15 -16 -17 -18 18 -20 -21 21 -23 -24 -25
leaf_value=-0.0011167081752798003 0.0064789660192730416 -0.015362953975887562 0.012514475709541482 -0.0064503649399633798 0.00062359344549068111 0.011572553745950611 -0.0079020567371208723 -0.012678385753519608 -0.0049978180491505233 0.01092425085159999 -0.0039962462627300783 -0.0038937047925407687 -0.0058752509979256764 0.007575217027727307 0.0016702686628117264 0.015982229960440762 -0.012634785614451881 -0.0080472435558127196 0.0016222723322612197 -0.0004849495935100544 -0.0012991500771340023 0.0085793845079505417 0.0068479099982119108 -0.012827785929693348
leaf_weight=6.8143947869539288 8.8893360942602211 2.2837336808443069 9.921351224184038 1.6541376709938109 2.4814093559980384 3.5220237970352164 3.0115545839071274 8.6604845970869082 2.36630579829216 4.0276399105787268 9.3432294577360135 11.136776000261309 15.238863736391066 16.46751070022583 17.126574039459229 2.8767445236444473 6.5521885901689521 6.8276510983705503 7.9396869689226151 2.4299097955226889 3.7848877906799361 15.952223286032673 1.8276354819536198 4.1567212343215942
leaf_count=30 40 10 56 10 11 14 14 52 11 19 38 45 61 64 67 11 40 41 38 10 18 85 10 24
internal_value=0.000339285 0.00267725 0.00623064 -0.00451243 -0.00217777 -0.00460956 0.00244297 -0.0076518 0.0046214 0.00288653 0.00105612 -0.000259847 0.000324422 0.00291193 -0.00185155 0.00905614 -0.00703419 -0.00520234 -0.00278069 -0.00790541 0.00856312 0.00663436 0.0117181 -0.0111845
internal_weight=175.293 118.43 53.7463 56.8633 29.7329 22.0085 6.53358 15.4749 7.72446 22.2602 18.2326 64.6834 59.9697 27.6043 32.3654 5.35815 27.1304 20.5782 14.7673 4.71364 31.4861 19.7371 11.749 5.81086
internal_count=819 523 266 296 143 110 28 82 33 97 78 257 237 109 128 22 153 113 79 20 169 103 66 34
is_linear=0
shrinkage=0.01


Tree=123
num_leaves=20
num_cat=0
split_feature=58 26 17 41 41 7 1 7 7 30 1 47 21 31 0 26 24 33 2
split_gain=19.4456 11.0187 6.16499 4.86422 3.97606 3.93168 3.49718 3.17052 4.92599 4.70085 4.12626 2.81309 4.37273 2.95212 2.71243 3.91518 3.26056 2.69634 1.8497
threshold=12638.773925781252 0.0014492869377136233 37840.000000000007 2.2319080829620366 -0.82756873965263356 1.3015289306640627 9079141.0000000019 2.8975827693939213 1.9244287610054018 0.25708307325840002 7451077.0000000009 0.18732974678277972 -699.99999999999989 5.9790539741516122 228770.00000000003 0.00032392889261245733 490.50000000000006 -1.4635440707206724 7271354.5000000009
decision_type=2 2 2 2 2 2 2 2 2 2 2 2 2 2 2 2 2 2 2
left_child=3 2 4 11 6 -6 -2 8 10 -10 -3 14 -13 -14 16 -16 -1 -4 -19
right_child=1 7 17 -5 5 -7 -8 -9 9 -11 -12 12 13 -15 15 -17 -18 18 -20
leaf_value=-0.011027498328615574 0.0010556610251025195 0.0038775122640921107 0.00047863586549102855 0.0084552307308798699 -3.7625635762662222e-05 0.0090309855636971966 -0.014775154328931266 0.007918975004356222 -0.014590636998607652 8.9980989512347713e-05 -0.001903953858780668 0.0076472123516969108 -0.0065567731996494186 0.0023193387330053567 -0.0097307944576309289 0.0064872361156059948 0.0031276867826310413 0.0062508583179939304 0.011736428390242642
leaf_weight=17.23229172825814 3.1801619231700924 19.83437006175518 3.85752148926258 2.5978312045335761 10.101195201277735 8.7206174135208112 2.3485953956842422 4.4000824242830268 4.7180105894803983 3.8077721744775772 32.576805666089058 3.2702433317899731 17.395370230078701 4.5843208134174338 3.0551884919404975 2.8506953567266464 1.6790938079357136 11.025938019156458 17.6605514138937
leaf_count=102 14 78 17 11 43 40 10 17 20 15 130 15 93 21 16 13 8 57 99
internal_value=0.000336416 0.00253047 0.00574873 -0.00473683 0.00189039 0.00411096 -0.00548834 -0.00025665 -0.000863398 -0.00791671 0.000264892 -0.00544129 -0.00302641 -0.00465998 -0.00785798 -0.00173323 -0.00971782 0.00860495 0.00966285
internal_weight=174.897 122.232 56.8946 52.665 24.3506 18.8218 5.52876 65.337 60.937 8.52578 52.4112 50.0672 25.2499 21.9797 24.8173 5.90588 18.9114 32.544 28.6865
internal_count=819 540 280 279 107 83 24 260 243 35 208 268 129 114 139 29 110 173 156
is_linear=0
shrinkage=0.01


Tree=124
num_leaves=17
num_cat=0
split_feature=43 26 17 11 7 7 40 50 60 3 35 21 31 33 2 49
split_gain=19.3225 9.74323 4.6446 6.7759 3.80751 4.58197 5.2881 5.1711 3.58551 4.25592 4.47501 3.68912 3.22427 2.50614 2.10058 1.34092
threshold=17075.645507812504 0.0014492869377136233 37840.000000000007 19.425000190734867 2.8975827693939213 1.9244287610054018 -1.1780872941017149 0.24836610257625583 -2560146.3749999995 4618294.5000000009 1.5186760425567629 -117338.49999999999 -2.1930378675460811 -1.4635440707206724 7271354.5000000009 0.58998295664787304
decision_type=2 2 2 2 2 2 2 2 2 2 2 2 2 2 2 2
left_child=8 2 3 -2 5 6 -3 -7 -1 10 11 -10 -5 -4 -15 -12
right_child=1 4 13 12 -6 7 -8 -9 9 -11 15 -13 -14 14 -16 -17
leaf_value=-0.012795883113558731 -0.011737755462860065 0.0080851853376556222 0.0004739139376048307 -0.0023672314393097292 0.0092361768421833964 -0.014467273020031502 -0.00089938408468463239 0.0012657750339434863 -0.011566489858480323 0.01019515762161036 -0.013488205220180126 -0.0017949648184690484 0.0067644416243929049 0.0057222224416736368 0.011646536079224508 -0.0042260515223717203
leaf_weight=4.7825236916542044 2.9569040387868908 7.7131855040788642 3.8570009171962765 5.0184720605611863 4.1628591418266288 4.7064094543457013 42.98153267800808 3.5618194937705994 4.383665829896926 2.0922143459320059 6.0501536726951581 37.331572279334068 14.992337331175799 10.709633573889734 16.650560423731804 2.5910491943359375
leaf_count=30 13 30 17 21 16 20 171 14 26 10 34 188 67 55 94 13
internal_value=0.000334014 0.0026633 0.00577393 0.00230008 0 -0.000659309 0.000447889 -0.00756879 -0.00442301 -0.00364047 -0.00423517 -0.00284578 0.00442435 0.00829774 0.00936412 -0.0108267
internal_weight=174.542 117.311 54.1849 22.9677 63.1258 58.9629 50.6947 8.26823 57.2312 52.4487 50.3564 41.7152 20.0108 31.2172 27.3602 8.6412
internal_count=819 518 267 101 251 235 201 34 301 271 261 214 88 166 149 47
is_linear=0
shrinkage=0.01


Tree=125
num_leaves=21
num_cat=0
split_feature=43 56 54 39 49 44 17 37 53 58 60 55 56 20 52 22 22 22 0 28
split_gain=18.9814 6.02625 8.92128 8.89844 5.50013 5.00934 4.65083 5.00938 4.58523 4.32111 3.55657 3.42116 5.12191 3.5882 4.9027 3.43467 3.30917 5.33107 2.92838 1.09047
threshold=17075.645507812504 92.704437255859389 -4.781085491180419 0.93061417341232311 1.4413126111030581 163949.12500000003 14347.500000000002 -2.6396529674530025 1.0516519546508791 202628.17968750003 -2560146.3749999995 4.3169193267822275 66.666656494140639 106331.67578125001 0.32877901196479803 23267.663085937504 19278.738281250004 37148.910156250007 228333.00000000003 -360.37499999999994
decision_type=2 2 2 2 2 2 2 2 2 2 2 2 2 2 2 2 2 2 2 2
left_child=10 2 6 5 -5 -4 7 -2 -3 -8 -1 12 15 14 -13 -12 19 -18 -14 -10
right_child=1 8 3 4 -6 -7 9 -9 16 -11 11 13 18 -15 -16 -17 17 -19 -20 -21
leaf_value=-0.012760307499474256 -0.0083111117648638627 -0.0047320164848094126 0.0036360591676203456 0.0022105571256068645 -0.01222134228079232 -0.010840696504437934 0.0010859543508527456 0.0054878917162512041 0.0063849501489280248 0.011882313396040498 -0.0012673495503974872 -0.0059941589957817065 -0.012373261127613442 0.01342244873563172 0.0097777786824230547 -0.012588869660544535 -0.0060691867803926124 0.0081830387567055282 4.8474454069160429e-05 0.015333717424349027
leaf_weight=4.7480714768171302 3.9842631071805954 3.0299540758132961 2.9107920825481406 41.436159759759903 2.8064329177141181 11.3188199698925 5.4200645387172726 7.6783140897750872 2.2793085277080536 13.387847065925596 25.009565159678463 6.7610200792551023 10.678148955106733 1.982367917895316 2.7599462419748306 3.0505278408527365 3.1972664594650295 13.143965587019919 2.1139217466115943 6.5086090862751025
leaf_count=30 17 13 12 168 12 48 27 33 11 71 125 35 62 9 12 18 14 62 10 30
internal_value=0.000331206 0.0026416 0.00135106 -0.000920462 0.0012725 -0.00780907 0.00574289 0.000688021 0.00668237 0.00882419 -0.0043892 -0.00361093 -0.00497206 0.001136 -0.00131714 -0.0025338 0.00809845 0.0053333 -0.0102424 0.0131265
internal_weight=174.205 117.102 88.9427 58.4722 44.2426 14.2296 30.4705 11.6626 28.1591 18.8079 57.1036 52.3555 40.8522 11.5033 9.52097 28.0601 25.1291 16.3412 12.7921 8.78792
internal_count=819 518 388 240 180 60 148 50 130 98 301 271 215 56 47 143 117 76 72 41
is_linear=0
shrinkage=0.01


Tree=126
num_leaves=19
num_cat=0
split_feature=43 26 17 11 55 8 35 49 39 60 3 35 34 31 2 30 49 7
split_gain=18.6469 9.48698 4.56121 6.63098 3.82022 6.34212 6.22399 4.44546 5.06789 3.52695 4.13131 4.42801 3.93331 3.15249 2.18519 2.05745 1.32595 1.09836
threshold=17075.645507812504 0.0014492869377136233 37840.000000000007 19.425000190734867 2.8727760314941411 0.63663950562477123 1.133074998855591 1.3539050221443178 0.93061417341232311 -2560146.3749999995 4618294.5000000009 1.5186760425567629 -0.64827111363410939 -2.1930378675460811 83578820.000000015 0.32590763270854956 0.58998295664787304 1.4051088690757754
decision_type=2 2 2 2 2 2 2 2 2 2 2 2 2 2 2 2 2 2
left_child=9 2 3 -2 7 6 -6 8 -3 -1 11 12 -11 -5 15 -4 -13 -7
right_child=1 4 14 13 5 17 -8 -9 -10 10 -12 16 -14 -15 -16 -17 -18 -19
leaf_value=-0.012725195489395123 -0.011655617495905742 -0.0067998142526693806 0.0098316661827311108 -0.0023509208247202676 0.0046138741196819636 0.017189815921027762 -0.012885791740303972 -0.012972422125032516 0.0012287471135449827 -0.0074659220810180853 0.010090811425085524 -0.013411504454629278 -0.00072324112420001508 0.0066852563488134899 7.6237688686782144e-05 -0.00085534523922826608 -0.0041738939284569811 0.0075111930883748701
leaf_weight=4.7137330770492545 2.945824176073077 10.162232577800749 26.003320574760444 5.0145729929208818 6.7476328760385496 2.9409185945987693 2.9004683941602707 3.1169314831495276 34.384616836905479 12.578882426023478 2.0790142714977256 6.0013575702905637 29.002420455217365 14.923865094780917 3.2029918581247321 1.7519845068454731 2.5802507400512695 2.8222467303276062
leaf_count=30 13 42 143 21 26 11 12 13 136 67 10 34 147 67 15 8 13 11
internal_value=0.000328527 0.00261955 0.00570269 0.00225682 0 0.00431569 -0.00054333 -0.00141167 -0.000580317 -0.0043569 -0.00358269 -0.00416933 -0.00278704 0.00436248 0.00821756 0.00912105 -0.0107505 0.0126237
internal_weight=173.873 116.918 53.8426 22.8843 63.075 15.4113 9.6481 47.6638 44.5468 56.9557 52.2419 50.1629 41.5813 19.9384 30.9583 27.7553 8.58161 5.76317
internal_count=819 518 267 101 251 60 38 191 178 301 271 261 214 88 166 151 47 22
is_linear=0
shrinkage=0.01


Tree=127
num_leaves=22
num_cat=0
split_feature=11 26 7 17 45 36 39 46 1 7 23 19 42 36 21 31 6 46 28 28 47
split_gain=18.3198 11.5869 4.59831 3.91807 3.13692 4.07691 3.59574 2.93079 3.30913 3.10235 2.84318 3.13985 4.21148 3.28991 3.09317 3.58011 2.41458 1.75487 2.79638 0.34404 0.286368
threshold=16.82499980926514 0.0014492869377136233 1.6753645539283755 27710.000000000004 -0.6988026201725005 -0.52357801795005787 2.227493524551392 -0.9687482714653014 1456966.0000000002 2.8975827693939213 171.50000000000003 68753.167968750015 -8.4999999671708779e-05 -0.39933006465435023 -37641.499999999993 3.9254262447357182 -57629171711.999992 -0.37793838977813715 -315.93749999999994 324.00000000000006 0.86739584803581249
decision_type=2 2 2 2 2 2 2 2 2 2 2 2 2 2 2 2 2 2 2 2 2
left_child=2 3 10 4 6 -6 -2 16 -9 -10 14 12 -12 -13 19 -16 -3 20 -19 -1 -5
right_child=1 7 -4 17 5 -7 -8 8 9 -11 11 13 -14 -15 15 -17 -18 18 -20 -21 -22
leaf_value=-0.012725630181827669 0 -0.015286653226134029 0.010288348633589748 0.012411557541011926 -0.0071404695899710434 0.0055849464873101206 0.011166091589818794 0.0083595417716484672 -0.0010140215127784826 0.0082282609012973417 -0.0090615897469795148 0.00029783434606983557 0.0056676145426676865 -0.013440097707439067 -0.0072938905478852033 0.00021724453747001192 -0.00049150306392626826 0.00082815050685044274 0.0090953222021829469 -0.0063612679045637593 0.0065395892714405551
leaf_weight=7.402997210621832 5.3640872240066546 2.2744065523147583 2.0196156501770011 9.665547728538515 5.5061328262090683 4.5838635563850385 6.6269650906324387 4.7366110980510703 51.201893731951714 3.8996577858924857 2.5575184077024469 3.1516382098197937 7.7526725083589563 3.5522273629903784 18.70785512030125 9.219137214124201 2.4262436628341666 6.3878415971994444 12.957042574882504 1.7572240680456159 1.7757335603237141
leaf_count=46 23 10 8 56 23 21 30 19 203 15 14 15 33 19 105 46 10 33 70 10 10
internal_value=0.000325669 0.00257746 -0.00436731 0.00604924 0.00276667 -0.00126023 0.00623855 -0.000250967 0.000330282 -0.000341777 -0.00493289 -0.0014717 0.00191694 -0.00683242 -0.00649378 -0.00477854 -0.00786286 0.00837115 0.00641713 -0.0116139 0.0115876
internal_weight=173.527 117.406 56.1209 52.8672 22.081 10.09 11.9911 64.5388 59.8382 55.1016 54.1013 17.0141 10.3102 6.70387 37.0872 27.927 4.70065 30.7862 19.3449 9.16022 11.4413
internal_count=819 523 296 266 97 44 53 257 237 218 288 81 47 34 207 151 20 169 103 56 66
is_linear=0
shrinkage=0.01


Tree=128
num_leaves=19
num_cat=0
split_feature=43 26 17 11 55 13 26 49 39 60 3 35 57 31 33 2 49 14
split_gain=18.0989 9.22149 4.45732 6.45419 3.75259 4.7934 5.275 4.37059 4.97781 3.49353 4.01426 4.37832 4.97022 3.07465 2.48313 2.1214 1.31896 1.12697
threshold=17075.645507812504 0.0014492869377136233 37840.000000000007 19.425000190734867 2.8727760314941411 118903528.00000001 0.0025000007590278987 1.3539050221443178 0.93061417341232311 -2560146.3749999995 4618294.5000000009 1.5186760425567629 11.872728347778322 -2.1930378675460811 -1.4635440707206724 7271354.5000000009 0.58998295664787304 0.24499999731779101
decision_type=2 2 2 2 2 2 2 2 2 2 2 2 2 2 2 2 2 2
left_child=9 2 3 -2 7 6 -6 8 -3 -1 11 12 -11 -5 -4 -16 -13 -7
right_child=1 4 14 13 5 17 -8 -9 -10 10 -12 16 -14 -15 15 -17 -18 -19
leaf_value=-0.01268375436222542 -0.011536110223056124 -0.0067406832723212653 0.00032846621758880724 -0.0023183531939205402 -0.0045175323648703192 0.016915964389614232 0.011052656363565526 -0.012875272827722217 0.0012207397092396754 0.0059476711819624493 0.0099918233645012264 -0.013354354091880152 -0.004125378941346243 0.0066100575016672936 0.0055361920885826157 0.011534747055519228 -0.0041138568712770175 0.0066688430858417407
leaf_weight=4.6600956320762625 2.9298023283481625 10.148614346981047 3.8282133191823986 5.0129420459270539 7.0393742769956571 2.6583517491817465 3.1451723426580429 3.1084443330764762 34.367749497294426 5.6014146357774726 2.0636467784643164 5.9484342783689481 35.832067601382732 14.857758015394205 10.555467501282694 16.300464913249016 2.5678793340921402 2.5507572591304779
leaf_count=30 13 42 17 21 28 10 12 13 136 25 10 34 189 67 55 94 13 10
internal_value=0.000323233 0.00258337 0.00563726 0.0022276 0 0.00428365 0.000192636 -0.00139584 -0.000571801 -0.00430527 -0.00353538 -0.00411427 -0.00273946 0.00430729 0.00813828 0.00921431 -0.0106855 0.0120902
internal_weight=173.177 116.503 53.4846 22.8005 63.0185 15.3937 10.1845 47.6248 44.5164 56.6735 52.0134 49.9498 41.4335 19.8707 30.6841 26.8559 8.51631 5.20911
internal_count=819 518 267 101 251 60 40 191 178 301 271 261 214 88 166 149 47 20
is_linear=0
shrinkage=0.01


Tree=129
num_leaves=19
num_cat=0
split_feature=43 56 54 39 49 11 53 34 53 60 3 35 34 21 11 47 49 1
split_gain=17.7778 5.7387 8.54609 8.55388 5.25611 5.04407 4.88261 4.80588 4.48274 3.46595 3.94545 4.32287 3.88209 2.77531 3.20006 2.13744 1.30872 0.243183
threshold=17075.645507812504 92.704437255859389 -4.781085491180419 0.93061417341232311 1.4413126111030581 19.425000190734867 -1.509926915168762 -1.4033757448196409 1.0516519546508791 -2560146.3749999995 4618294.5000000009 1.5186760425567629 -0.64827111363410939 -66779.499999999985 68.034999847412124 0.8357343077659608 0.58998295664787304 4946562.0000000009
decision_type=2 2 2 2 2 2 2 2 2 2 2 2 2 2 2 2 2 2
left_child=9 2 5 6 -5 7 -4 -2 -3 -1 11 12 -11 14 -10 -7 -13 -15
right_child=1 8 3 4 -6 15 -8 -9 13 10 -12 16 -14 17 -16 -17 -18 -19
leaf_value=-0.012649734493569029 0.007317639310408396 -0.0047734138826085017 0.00023062381331391503 0.0021485068772663474 -0.012007536442725531 0.008849545547224431 -0.011935438140853044 -0.01014266557376327 -7.8353982102098715e-05 -0.0073811451034473665 0.0099285155735237777 -0.013295559552939875 -0.00066307574613297382 0.0092966038797722278 0.0087455897562633209 -0.00010686037442784275 -0.0040778346157186087 0.015050093469070196
leaf_weight=4.6260727047920218 2.8218786716461182 3.0191473364830044 4.864469349384307 41.359914407134056 2.7863455414772025 20.980147764086727 9.3045331984758359 3.4963150620460537 5.955733463168154 12.49154726415872 2.0560753196477881 5.9151586890220624 28.895624548196796 2.2596679329872087 11.834235042333601 2.800557315349578 2.5646737515926361 4.8063777387142181
leaf_count=30 12 13 20 168 12 106 40 15 27 67 10 34 147 11 56 15 13 23
internal_value=0.000320637 0.00256248 0.00130099 -0.000917888 0.00123238 0.0056332 -0.00768804 -0.00218614 0.00652777 -0.00427187 -0.00350618 -0.00408016 -0.0027149 0.00794071 0.00573529 0.00775274 -0.0106256 0.0133517
internal_weight=172.838 116.289 88.4142 58.3153 44.1463 30.0989 14.169 6.31819 27.8752 56.5492 51.9231 49.867 41.3872 24.856 17.79 23.7807 8.47983 7.06605
internal_count=819 518 388 240 180 148 60 27 130 301 271 261 214 117 83 121 47 34
is_linear=0
shrinkage=0.01


Tree=130
num_leaves=20
num_cat=0
split_feature=43 26 11 19 39 32 22 47 12 59 23 60 39 60 53 37 57 46 23
split_gain=17.461 8.98403 4.01031 4.97055 3.45831 8.53382 7.56151 5.31317 5.57178 5.18868 4.43752 3.4383 3.19185 4.40638 3.04147 3.71573 4.55071 2.25652 1.85547
threshold=17075.645507812504 0.0014492869377136233 19.425000190734867 6401.9001464843759 5.6711292266845712 1.0000000180025095e-35 8163.3598632812509 -1.3590980172157285 189631520.00000003 551144.34375000012 94.500000000000014 -2560146.3749999995 -0.10634183138608931 -951803.90624999988 2.792587518692017 2.1082451343536381 11.872728347778322 -1.1909426450729368 39.500000000000007
decision_type=2 2 2 2 2 2 2 2 2 2 2 2 2 2 2 2 2 2 2
left_child=11 2 3 -2 7 10 -7 9 -9 -3 -6 -1 13 -4 15 16 -13 -14 -16
right_child=1 4 12 -5 5 6 -8 8 -10 -11 -12 14 17 -15 18 -17 -18 -19 -20
leaf_value=-0.012616146302907956 -0.011466739991313472 -0.00049720219363028008 -0.0038350652763700899 0.006067177349520874 0.015773048071459173 0.0040333649533499912 -0.017774172538109315 -0.0046390343281529096 0.0045709774756696213 0.017658621643980309 0.0020328220589018666 0.0046342216427135499 -0.0028980402454761196 0.009415215443229423 -0.0030712591700142755 -0.012888100588549358 -0.0047130297048563283 0.0085482224900390383 0.0084662908017938861
leaf_weight=4.5921748578548423 2.9216239005327216 3.5670751780271521 6.0197738409042358 3.5632371306419373 5.5335749238729495 3.756925404071807 2.6940978020429611 32.174138948321342 8.1510028392076475 2.6801214069128036 4.4080245196819305 5.9933113455772391 1.6773965954780568 4.2509611099958402 2.3084292113780966 4.6395273730158797 35.692844279110432 34.715732723474503 3.1982014328241348
leaf_count=30 13 14 28 15 21 15 11 131 32 10 17 27 8 21 11 27 191 182 15
internal_value=0.00031776 0.00254075 0.00556836 -0.00167817 0 0.00393529 -0.00491896 -0.00140524 -0.0027526 0.00713179 0.00978133 -0.00423912 0.00659684 0.00155174 -0.00347765 -0.00432248 -0.00334517 0.00799317 0.00344805
internal_weight=172.538 116.114 53.1487 6.48486 62.965 16.3926 6.45102 46.5723 40.3251 6.2472 9.9416 56.4245 46.6639 10.2707 51.8323 46.3257 41.6862 36.3931 5.50663
internal_count=819 518 267 28 251 64 26 187 163 24 38 301 239 49 271 245 218 190 26
is_linear=0
shrinkage=0.01


Tree=131
num_leaves=24
num_cat=0
split_feature=43 26 11 19 55 8 35 2 34 11 55 56 20 52 39 53 41 26 8 0 46 54 1
split_gain=17.1531 8.8432 3.94569 4.88622 3.62026 6.07692 6.08493 4.24836 6.26483 5.78068 3.38343 4.68975 3.84068 5.40262 3.15344 3.76775 3.11275 3.70089 3.02121 2.96368 2.22793 1.08101 0.450131
threshold=17075.645507812504 0.0014492869377136233 19.425000190734867 6401.9001464843759 2.8727760314941411 0.63663950562477123 1.133074998855591 4955965.0000000009 0.33995944261550909 55.050001144409187 4.3169193267822275 66.666656494140639 106331.67578125001 0.32877901196479803 -0.10634183138608931 -8.6035799980163556 1.6174503564834597 0.00048249746032524859 0.68068501353263866 228333.00000000003 -1.1909426450729368 3.252533078193665 258336.50000000003
decision_type=2 2 2 2 2 2 2 2 2 2 2 2 2 2 2 2 2 2 2 2 2 2 2
left_child=10 2 3 -2 7 6 -6 9 -9 -3 11 16 13 18 15 -4 17 -1 -12 22 -16 -7 -13
right_child=1 4 14 -5 5 21 -8 8 -10 -11 12 19 -14 -15 20 -17 -18 -19 -20 -21 -22 -23 -24
leaf_value=-0.0060162925490606914 -0.01139130479686082 0.0059437411684604077 0.012918744099275254 0.006013860507811334 0.004548891680771102 0.016532899248582901 -0.012779412759352913 -0.0013437039192567436 -0.012834713131153254 -0.0080779708067370386 -0.013716451731459547 -0.0055326903185549071 0.013339347951827158 0.0097964923132324473 -0.0028656642782234716 -0.0015924028114359496 0.0061460870564462693 0.0036198012874950657 -0.000391553275938494 0.00021928701755532184 0.008499664317649808 0.0068580185618011182 -0.013004542467575391
leaf_weight=22.570146754384048 2.9116120189428321 12.759320437908174 2.2815547585487366 3.5589012205600739 6.7409368455409986 3.1603426039218894 2.8894188553094864 25.09835454821587 5.9326183199882498 3.7741397470235816 3.2794147133827192 1.4078253358602513 1.9547302275896061 2.746443435549736 1.6793740838766087 7.9789848178625089 3.1002263575792304 4.7034193873405448 3.8721492141485214 2.0982835441827765 34.565675497055054 2.5697079747915268 10.554649002850054
leaf_count=123 13 50 12 15 26 12 12 101 25 15 19 8 9 12 8 37 14 23 18 10 182 10 65
internal_value=0.000315172 0.00252011 0.00553059 -0.0016636 0 0.00420636 -0.000546323 -0.00137745 -0.00357282 0.00268248 -0.00420724 -0.00547538 0.00046253 -0.00197945 0.00655304 0.00153687 -0.00321688 -0.00431785 -0.00664164 -0.010283 0.00794547 0.0123686 -0.0122088
internal_weight=172.188 115.901 52.9761 6.47051 62.9248 15.3604 9.63036 47.5644 31.031 16.5335 56.2873 44.4346 11.8527 9.89801 46.5056 10.2605 30.3738 27.2736 7.15156 14.0608 36.245 5.73005 11.9625
internal_count=819 518 267 28 251 60 38 191 126 65 301 243 58 49 239 49 160 146 37 83 190 22 73
is_linear=0
shrinkage=0.01


Tree=132
num_leaves=20
num_cat=0
split_feature=43 26 17 11 60 3 3 45 39 32 22 47 12 59 23 4 33 2 2
split_gain=16.8513 8.70553 4.38102 6.03258 3.40027 3.78521 4.23088 3.91013 3.3793 8.36446 7.44132 5.17764 5.41621 5.10386 4.35903 3.06964 2.48645 2.11967 1.69116
threshold=17075.645507812504 0.0014492869377136233 37840.000000000007 19.425000190734867 -2560146.3749999995 4618294.5000000009 438407.00000000006 -0.88606020808219899 5.6711292266845712 1.0000000180025095e-35 8163.3598632812509 -1.3590980172157285 189631520.00000003 551144.34375000012 94.500000000000014 361012.31250000006 -1.4635440707206724 7271354.5000000009 580715.00000000012
decision_type=2 2 2 2 2 2 2 2 2 2 2 2 2 2 2 2 2 2 2
left_child=4 2 3 -2 -1 6 7 -6 11 14 -11 13 -13 -3 -10 -5 -4 -18 -8
right_child=1 8 16 15 5 -7 18 -9 9 10 -12 12 -14 -15 -16 -17 17 -19 -20
leaf_value=-0.012559205737874784 -0.011279671687830513 -0.00051663444403061195 0.00015774596130127314 0.0075882951078126894 -0.012617001091756792 0.0097924507717158105 -0.0032523762606052171 -0.001516592014087726 0.015628749986511602 0.0040014666917519044 -0.017646715872176685 -0.0045822992580393405 0.0045033556045866808 0.017506099806461381 0.0020005625532629259 -0.00026734117100325533 0.0053931111981129288 0.011430986177174043 -0.012860749400150213
leaf_weight=4.5374813079833975 2.8970995545387295 3.565604254603385 3.7975900024175671 11.128190889954569 3.5247595459222785 2.0389225184917441 2.9654322862625104 36.456598863005638 5.5250788778066653 3.7541343420743933 2.6887951344251633 32.129805967211723 8.1405741423368436 2.6721035987138748 4.4043926894664764 8.5648363530635816 10.429719343781473 15.985697641968725 6.6105031445622444
leaf_count=30 13 14 17 50 21 10 17 186 21 15 11 131 32 10 17 38 55 94 37
internal_value=0.000312628 0.00249956 0.00549316 0.00210162 -0.00417652 -0.00341995 -0.00398372 -0.00252022 0 0.00389283 -0.00487765 -0.0013897 -0.00272082 0.00704361 0.00968444 0.00412096 0.00799589 0.00908488 -0.0099897
internal_weight=171.817 115.684 52.8031 22.5901 56.1337 51.5962 49.5573 39.9814 62.8805 16.3724 6.44293 46.5081 40.2704 6.23771 9.92947 19.693 30.213 26.4154 9.57594
internal_count=819 518 267 101 301 271 261 207 251 64 26 187 163 24 38 88 166 149 54
is_linear=0
shrinkage=0.01


Tree=133
num_leaves=21
num_cat=0
split_feature=11 26 7 17 59 4 34 46 35 38 23 19 10 36 18 53 46 34 12 31
split_gain=16.5398 10.6106 4.34538 3.8436 3.07537 3.55707 2.94664 3.12579 4.30668 3.01977 2.7752 3.12895 4.07986 3.24 3.0369 3.21851 1.79196 3.16411 0.296169 0.0510178
threshold=16.82499980926514 0.0014492869377136233 1.6753645539283755 27710.000000000004 627812.96875000012 1429728.2500000002 -1.3686760663986204 -0.94083204865455616 -0.873399257659912 -1.0678899884223936 171.50000000000003 68753.167968750015 -8.4999999671708779e-05 -0.39933006465435023 103661.00000000001 -0.83471009135246266 -0.37793838977813715 -1.1618714332580564 237161184.00000003 5.4794776439666757
decision_type=2 2 2 2 2 2 2 2 2 2 2 2 2 2 2 2 2 2 2 2
left_child=2 3 10 4 5 -2 -3 9 -9 -8 14 12 -12 -13 15 -1 18 -18 -5 -16
right_child=1 6 -4 16 -6 -7 7 8 -10 -11 11 13 -14 -15 19 -17 17 -19 -20 -21
leaf_value=1.4110005245083333e-05 0.0025243495729903448 0.0074093359550538038 0.010083927929076664 0.012300229414251287 0.010623993181957081 -0.010702143415691532 0 -0.0031495565385150776 0.0024821582340059795 -0.015487823539462413 -0.0088503159796103036 0.0003845079313812567 0.0057591182646707763 -0.013333252676308565 -0.013150845162745046 -0.0070428830640948334 -0.0019424687087689128 0.0081930464438985037 0.0063166700347361895 -0.0083442353459323645
leaf_weight=9.1092802733182925 15.597881034016615 4.6446941941976538 2.0119134187698355 9.3811662048101443 3.9069558382034293 2.3263146579265586 2.414417177438736 25.467963576316833 29.047029405832291 2.7390733510255805 2.5051930248737344 3.1262001395225525 7.7221567779779443 3.4930772930383673 5.584544025361537 20.105210274457932 3.6725738495588347 15.239560648798939 1.7356308996677388 1.6447858661413191
leaf_count=44 68 18 8 56 19 10 10 103 114 12 14 15 33 19 34 119 18 85 10 10
internal_value=0.000310072 0.0024583 -0.00418461 0.00582459 0.00256447 0.000751942 -0.00024062 -0.000852865 -0.000130486 -0.00830033 -0.00474207 -0.00131011 0.00208276 -0.00670346 -0.0063011 -0.00480823 0.00816141 0.00617194 0.011456 -0.0121956
internal_weight=171.476 116.173 55.3024 51.8601 21.8312 17.9242 64.3132 59.6685 54.515 5.15349 53.2904 16.8466 10.2273 6.61928 36.4438 29.2145 30.0289 18.9121 11.1168 7.22933
internal_count=819 523 296 266 97 78 257 239 217 22 288 81 47 34 207 163 169 103 66 44
is_linear=0
shrinkage=0.01


Tree=134
num_leaves=18
num_cat=0
split_feature=43 26 17 11 7 5 11 60 3 35 22 46 12 22 34 2 49
split_gain=16.3368 8.44838 4.29659 5.89233 3.63712 4.73127 5.73968 3.36844 3.67629 4.24785 3.89541 3.04579 2.20926 2.18299 5.24374 1.90392 1.30809
threshold=17075.645507812504 0.0014492869377136233 37840.000000000007 19.425000190734867 2.8975827693939213 1112247.9375000002 75.81000137329103 -2560146.3749999995 4618294.5000000009 1.5186760425567629 19278.738281250004 -0.29079978168010706 122864800.00000001 -19513.515624999996 -1.0740621685981748 3021307.5000000005 0.58998295664787304
decision_type=2 2 2 2 2 2 2 2 2 2 2 2 2 2 2 2 2
left_child=7 2 3 -2 5 6 -3 -1 9 10 -9 -5 -7 14 -4 -15 -11
right_child=1 4 13 11 -6 12 -8 8 -10 16 -12 -13 -14 15 -16 -17 -18
leaf_value=-0.012517362155724772 -0.011190624691577512 -0.00055933968720826475 -0.0069204812823703997 0.0016418255159580783 0.0090390699368789983 -0.0037338860864679982 0.012939574644792246 -0.0011153036548046842 0.0096934393179423685 -0.013167085529498242 -0.0092646728587427295 0.010729765294137182 -0.016700355179059732 0.00085200139051696763 0.010569756910912864 0.01043685363326693 -0.0038939992932097338
leaf_weight=4.4856225401163092 2.8835981935262707 49.398542135953903 3.0145475268363953 14.511031568050388 4.1481440514326087 3.5171159803867331 3.3607310503721228 33.802994176745415 2.0247507542371741 5.8098192140459997 7.2101642787456504 5.1217554360628101 2.3865834772586823 2.5615324676036861 3.875190585851672 20.491960883140564 2.5318619087338448
leaf_count=30 13 198 14 65 16 14 13 173 10 34 41 23 10 14 21 117 13
internal_value=0.000307621 0.00246398 0.00542631 0.00206563 0 -0.000650043 0.000281578 -0.00412384 -0.00337159 -0.00392784 -0.00257236 0.0040636 -0.009145 0.00792004 0.00277191 0.00941523 -0.0104724
internal_weight=171.136 115.271 52.4596 22.5164 62.8111 58.663 52.7593 55.8652 51.3796 49.3548 41.0132 19.6328 5.9037 29.9432 6.88974 23.0535 8.34168
internal_count=819 518 267 101 251 235 211 301 271 261 214 88 24 166 35 131 47
is_linear=0
shrinkage=0.01


Tree=135
num_leaves=21
num_cat=0
split_feature=11 26 7 17 59 1 34 46 35 38 23 19 37 18 53 34 46 34 47 31
split_gain=15.9758 10.2924 4.24551 3.78129 3.03216 4.75206 2.88757 3.07984 4.22804 2.97613 2.73178 3.07415 4.13079 3.01156 3.18171 2.90295 1.7953 3.12366 0.299928 0.0562525
threshold=16.82499980926514 0.0014492869377136233 1.6753645539283755 27710.000000000004 627812.96875000012 9079141.0000000019 -1.3686760663986204 -0.94083204865455616 -0.873399257659912 -1.0678899884223936 171.50000000000003 68753.167968750015 1.0000000180025095e-35 103661.00000000001 -0.83471009135246266 -0.42747271060943598 -0.37793838977813715 -1.1618714332580564 0.86739584803581249 5.4794776439666757
decision_type=2 2 2 2 2 2 2 2 2 2 2 2 2 2 2 2 2 2 2 2
left_child=2 3 10 4 5 -2 -3 9 -9 -8 13 12 -12 14 -1 -13 18 -18 -5 -15
right_child=1 6 -4 16 -6 -7 7 8 -10 -11 11 15 -14 19 -16 -17 17 -19 -20 -21
leaf_value=5.4768861007185397e-05 0.0060892892618804708 0.0073411019722609029 0.0099877551547820614 0.012253537993645289 0.01055152694886885 -0.0042070618180463076 0 -0.0031175067354207819 0.0024639721050220406 -0.015400459634720969 0.007222640753193941 0 -0.0057642746622532234 -0.013098665828786722 -0.0069743409773556451 -0.013315492121157502 -0.0019781812027197445 0.0081104826411445546 0.0062262520628984354 -0.0082395945345598333
leaf_weight=9.0877088010311144 8.6555087417364174 4.6399386823177329 2.0088698565959922 9.265170559287073 3.8780033588409415 9.2369027435779554 2.4152485877275467 25.454217135906219 29.034029811620712 2.7280162572860709 6.2549547553062457 3.3109054714441299 3.9572016298770905 5.5279491618275634 19.984213389456272 3.2714017182588568 3.6646283566951796 15.09798842668533 1.7200925648212422 1.6318393796682356
leaf_count=44 40 18 8 56 19 38 10 103 114 12 26 16 21 34 119 18 18 85 10 10
internal_value=0.000304938 0.00241873 -0.00412415 0.00574957 0.00251555 0.00071794 -0.000235629 -0.000841946 -0.000125066 -0.00824221 -0.00467763 -0.00126849 0.0020923 -0.00623027 -0.00474269 -0.00663452 0.00808271 0.00608671 0.0114008 -0.0121309
internal_weight=170.825 115.79 55.035 51.5183 21.7704 17.8924 64.2715 59.6315 54.4882 5.14326 53.0262 16.7945 10.2122 36.2317 29.0719 6.58231 29.7479 18.7626 10.9853 7.15979
internal_count=819 523 296 266 97 78 257 239 217 22 288 81 47 207 163 34 169 103 66 44
is_linear=0
shrinkage=0.01


Tree=136
num_leaves=16
num_cat=0
split_feature=58 53 53 27 41 41 57 39 3 47 55 45 11 35 7
split_gain=15.7249 5.50878 6.14866 5.57288 4.5791 3.7956 3.51009 3.39168 2.76262 3.16257 2.52285 2.45089 3.85529 2.40889 0.614124
threshold=12638.773925781252 3.6316900253295903 -8.6035799980163556 -156603647.99999997 2.2319080829620366 -0.82756873965263356 99.79480361938478 0.93061417341232311 86680.000000000015 0.18732974678277972 4.3169193267822275 -0.52232798933982838 75.81000137329103 -2.5348851680755611 1.082997262477875
decision_type=2 2 2 2 2 2 2 2 2 2 2 2 2 2 2
left_child=4 2 5 -4 6 -2 8 -5 9 -1 -10 12 14 -7 -3
right_child=1 11 3 7 -6 13 -8 -9 10 -11 -12 -13 -14 -15 -16
leaf_value=-0.0059781624996202301 -0.003494020188425419 0.01326723667120365 -0.01368772997072381 -0.0023420958029746037 0.0085271370604919142 0.0024953681801860223 -0.017936442745481288 0.002122649811871451 -0.0099059857005482609 0.00035527338058229249 0.00015066467029845057 0.01245464875971047 -0.0045381125461386711 0.012891347409344833 0.0048938459549647218
leaf_weight=15.030896395444872 2.4200871288776389 2.59890216588974 2.6742768436670294 22.851748898625374 2.5688175708055487 3.3905288875102988 2.0723831728100768 65.161435723304749 12.446317784488199 15.998598620295523 2.8766327127814284 6.9085714668035489 3.0465580224990845 8.3663628250360471 2.0678105801343918
leaf_count=84 12 13 12 100 11 15 10 276 80 78 16 40 15 47 10
internal_value=0.000302477 0.00229203 0.00147855 0.000509322 -0.00433975 0.007608 -0.00504295 0.000952061 -0.00444492 -0.00268046 -0.00795275 0.00805767 0.00398977 0.00997834 0.00977129
internal_weight=170.48 119.486 104.864 90.6875 50.9936 14.177 48.4248 88.0132 46.3524 31.0295 15.323 14.6218 7.71327 11.7569 4.66671
internal_count=819 540 462 388 279 74 268 376 258 162 96 78 38 62 23
is_linear=0
shrinkage=0.01


Tree=137
num_leaves=18
num_cat=0
split_feature=43 26 29 55 8 37 49 39 60 3 37 57 12 19 1 54 28
split_gain=15.6014 8.13997 3.71744 3.46118 5.86109 4.70124 4.18616 4.68146 3.33342 3.55071 4.21569 3.91266 3.2546 2.83615 1.18503 1.0688 0.805107
threshold=17075.645507812504 0.0014492869377136233 0.32977394759655004 2.8727760314941411 0.63663950562477123 -1.3882346749305723 1.3539050221443178 0.93061417341232311 -2560146.3749999995 4618294.5000000009 2.1082451343536381 11.872728347778322 185776200.00000003 2506.424926757813 1714225.5000000002 3.252533078193665 -63.562499999999993
decision_type=2 2 2 2 2 2 2 2 2 2 2 2 2 2 2 2 2
left_child=8 2 12 6 5 -5 7 -3 -1 10 11 -10 13 -2 -14 -6 -12
right_child=1 3 -4 4 15 -7 -8 -9 9 -11 16 -13 14 -15 -16 -17 -18
leaf_value=-0.012465023237067418 0.00090512832449685891 -0.0065433837083940464 -0.003802183152555246 0.010048423707487184 0.016320669493748621 -0.0052092739492184759 -0.012629227521145021 0.0011967194798597587 0.0047096975550074685 0.0096034967258337659 -0.0049791376878458695 -0.003951385629684616 0.003863194951006219 0.0067421605860942535 0.012869093165584947 0.0066771676563802161 -0.014253992994460139
leaf_weight=4.4162910208106032 13.365145698189734 10.090603590011595 3.9756550490856162 2.8734439909458152 3.1389674842357627 6.7373400032520285 3.0834185928106299 34.279782548546791 5.9696769416332236 2.004523128271102 1.6863580793142317 37.130155615508556 2.1876312792301169 24.110037565231323 8.3503634929656965 2.5567831248044968 4.2600955441594115
leaf_count=30 59 42 18 11 12 27 13 136 27 10 10 200 11 134 45 10 24
internal_value=0.00029999 0.00241032 0.00533668 0 0.00412105 -0.000543459 -0.00134751 -0.000540978 -0.00404779 -0.00330004 -0.0038478 -0.00272855 0.00611423 0.00468713 0.0110944 0.0121673 -0.0117919
internal_weight=170.216 114.749 51.9888 62.7603 15.3065 9.61078 47.4538 44.3704 55.4671 51.0508 49.0463 43.0998 48.0132 37.4752 10.538 5.69575 5.94645
internal_count=819 518 267 251 60 38 191 178 301 271 261 227 249 193 56 22 34
is_linear=0
shrinkage=0.01


Tree=138
num_leaves=20
num_cat=0
split_feature=43 26 17 11 7 7 50 40 55 47 57 37 52 23 46 49 33 2 7
split_gain=15.323 8.01011 4.16414 5.69543 3.55056 4.22869 5.00893 4.99075 3.1993 3.10164 3.09574 4.90741 3.03968 6.57386 3.00282 2.88476 2.44268 2.16151 0.883122
threshold=17075.645507812504 0.0014492869377136233 37840.000000000007 19.425000190734867 2.8975827693939213 1.9244287610054018 0.24836610257625583 -1.1780872941017149 4.3169193267822275 -0.92440754175186146 66.666946411132827 1.0000000180025095e-35 0.32877901196479803 191.00000000000003 -0.29079978168010706 -0.10653109475970267 -1.4635440707206724 7271354.5000000009 0.98631972074508678
decision_type=2 2 2 2 2 2 2 2 2 2 2 2 2 2 2 2 2 2 2
left_child=8 2 3 -2 5 7 -7 -3 9 -1 11 -11 13 18 -5 -12 -4 -18 -10
right_child=1 4 16 14 -6 6 -8 -9 12 10 15 -13 -14 -15 -16 -17 17 -19 -20
leaf_value=-0.012426761467564971 -0.011085256594500596 0.0078662982542044829 0 0.0015511876974920642 0.0089301388890781087 -0.014192435598734128 0.0013687104505542193 -0.00089368131549142043 -0.0049888450579841509 0.0032981532676901325 -0.011886074928687172 -0.0059863890277777471 0.0098690735336692832 0.007646573665549882 0.010613121241441448 -0.0029656339183335122 0.0051256411976979624 0.011290328598461788 -0.014113493366767798
leaf_weight=5.4356867074966422 2.8662684261798885 7.6551519334316245 3.7596812546253231 14.436886325478557 4.1453494578599921 4.631199121475218 3.5436107814311981 42.750638484954834 2.6573283374309522 10.136984080076219 8.0486219078302366 12.763667069375513 2.7247728854417792 3.8125300705432892 5.070337459444997 7.2651905193924895 10.205516472458841 15.50212739408016 2.5039993524551392
leaf_count=35 13 30 17 65 16 20 14 171 17 49 51 71 12 17 23 37 55 94 12
internal_value=0.000297584 0.00239033 0.00529891 0.00198597 0 -0.000646384 -0.00732467 0.000416862 -0.00401615 -0.00526311 -0.00421797 -0.00183292 0.000551056 -0.00216678 0.00395784 -0.00771933 0.00778037 0.00888195 -0.00960938
internal_weight=169.916 114.567 51.8408 22.3735 62.7259 58.5806 8.17481 50.4058 55.3488 43.6502 38.2145 22.9007 11.6986 8.97386 19.5072 15.3138 29.4673 25.7076 5.16133
internal_count=819 518 267 101 251 235 34 201 301 243 208 120 58 46 88 88 166 149 29
is_linear=0
shrinkage=0.01


Tree=139
num_leaves=21
num_cat=0
split_feature=43 26 17 11 47 39 32 22 47 58 23 10 41 3 47 21 33 41 39 39
split_gain=15.0552 7.88887 4.115 5.60195 4.59837 3.2246 8.1164 7.29331 5.0416 5.25639 4.28205 2.75046 2.70655 2.83131 3.80292 5.004 2.41717 2.27288 1.9929 1.61227
threshold=17075.645507812504 0.0014492869377136233 37840.000000000007 20.989999771118168 -0.28398220241069788 5.6711292266845712 1.0000000180025095e-35 8163.3598632812509 -1.3590980172157285 2411457.3750000005 94.500000000000014 -1.0000000180025095e-35 2.3773303031921391 4618294.5000000009 0.18732974678277972 -699.99999999999989 -1.4635440707206724 1.6174503564834597 0.17705271393060687 1.085979759693146
decision_type=2 2 2 2 2 2 2 2 2 2 2 2 2 2 2 2 2 2 2 2
left_child=12 2 3 19 -5 8 10 -8 11 -10 -7 -3 13 14 17 -16 -4 -1 -18 -2
right_child=1 5 16 4 -6 6 7 -9 9 -11 -12 -13 -14 -15 15 -17 18 -19 -20 -21
leaf_value=-0.0087528897522795579 -0.013984944795518279 0.00091858037914131037 0 0.012055341854082063 0.0010022614181703208 0.015423576690339181 0.0039540661780940204 -0.017500259656264245 -0.0039597092272872668 0.0075866829900330633 0.0019015658866345067 0.014692352375366022 0.0057966297088681796 0.006302257626098995 0.0077933865660898688 -0.0042014073317807278 0.0038668684898950823 0.0021203922636236546 0.010519825128459477 -0.0013704243288934878
leaf_weight=22.436912350356582 2.2559309303760555 3.5569649189710617 3.7596812546253231 5.5748459994793 12.310385957360262 5.5074628889560717 3.7473811507225028 2.681799978017807 35.767778784036636 4.3803056776523581 4.3986159563064575 2.6617289781570426 2.605194777250289 2.2452066391706458 4.0901303440332439 21.886879354715347 6.6089847981929806 1.9444722682237614 18.965255796909332 2.1938216537237167
leaf_count=134 10 14 17 26 55 21 15 11 146 17 17 10 11 11 19 117 37 9 112 10
internal_value=0.000295241 0.00237088 0.00526409 0.00196953 0.00450343 0 0.00380736 -0.00483962 -0.00135924 -0.00267505 0.00952032 0.00697484 -0.00398656 -0.00449008 -0.00499111 -0.00227431 0.00773849 -0.00784471 0.00883965 -0.00799045
internal_weight=169.58 114.371 51.6689 22.335 17.8852 62.702 16.3353 6.42918 46.3668 40.1481 9.90608 6.21869 55.2088 52.6036 50.3584 25.977 29.3339 24.3814 25.5742 4.44975
internal_count=819 518 267 101 81 251 64 26 187 163 38 24 301 290 279 136 166 143 149 20
is_linear=0
shrinkage=0.01


Tree=140
num_leaves=24
num_cat=0
split_feature=43 26 17 11 55 54 53 42 2 34 28 55 56 20 52 47 34 4 0 23 2 30 1
split_gain=14.7885 7.76681 4.06685 5.53197 3.37396 4.99616 6.93379 5.83412 4.18208 6.08913 5.91309 3.11166 4.65351 3.63309 5.21935 3.21737 3.4811 2.99877 2.9547 2.33593 2.18617 2.011 0.469543
threshold=17075.645507812504 0.0014492869377136233 37840.000000000007 19.425000190734867 2.8727760314941411 3.252533078193665 1.1716815829277041 0.00072999999974854301 4955965.0000000009 0.33995944261550909 -63.562499999999993 4.3169193267822275 66.666656494140639 106331.67578125001 0.32877901196479803 -0.92440754175186146 -0.27411998808383936 361012.31250000006 228333.00000000003 215.50000000000003 83578820.000000015 0.32590763270854956 258336.50000000003
decision_type=2 2 2 2 2 2 2 2 2 2 2 2 2 2 2 2 2 2 2 2 2 2 2
left_child=11 2 3 -2 8 6 -6 -7 10 -10 -3 12 15 14 19 -1 -17 -5 22 -13 21 -4 -14
right_child=1 4 20 17 5 7 -8 -9 9 -11 -12 13 18 -15 -16 16 -18 -19 -20 -21 -22 -23 -24
leaf_value=-0.012281538408751288 -0.010969764305526852 -0.0045504014964219044 0.009379679810668385 0.007356684648681582 -0.0040619632130583939 0.0053510183042807438 0.015812602425326488 -0.012862089125085713 -0.0013150554524968456 -0.012680966131687968 0.0076188624514345214 -0.010203329671370522 -0.0052030875333112713 0.013183775700491649 0.0097785404518280026 -0.0066125325408962297 0.0009221372331388181 -0.00045740903633841056 0.00047432255466660096 0.0021429708022385856 0 -0.0013577407337765377 -0.012862256337831739
leaf_weight=3.3049355447292319 2.8489937037229565 6.5832135379314449 24.397267609834678 10.966011926531793 2.4690607488155347 4.3636637181043625 5.5277057886123657 2.9146636575460434 25.009504139423374 5.8906570374965659 9.9127144962549192 4.9844524115324003 1.3724084421992291 1.9216940999031056 2.7201910614967346 9.4270717203617114 17.048730358481411 8.4819905757904035 2.0735258758068076 2.0379502475261688 3.0991742908954611 1.7054828852415074 10.180880032479761
leaf_count=21 13 26 143 50 10 17 21 12 101 25 39 28 8 9 12 52 87 38 10 9 15 8 65
internal_value=0.000293356 0.00235189 0.00522918 0.00195277 0 0.00407458 0.00955113 -0.00180517 -0.00132966 -0.00351416 0.00270172 -0.00395606 -0.00519061 0.00055245 -0.00183639 -0.00292824 -0.00172291 0.00389725 -0.0100615 -0.00647795 0.00769661 0.00863982 -0.012039
internal_weight=169.242 114.17 51.4989 22.297 62.6712 15.2751 7.99677 7.27833 47.3961 30.9002 16.4959 55.0718 43.4076 11.6643 9.74259 29.7807 26.4758 19.448 13.6268 7.0224 29.2019 26.1028 11.5533
internal_count=819 518 267 101 251 60 31 29 191 126 65 301 243 58 49 160 139 88 83 37 166 151 73
is_linear=0
shrinkage=0.01


Tree=141
num_leaves=17
num_cat=0
split_feature=43 26 17 11 7 5 11 60 3 3 45 31 33 2 12 2
split_gain=14.5266 7.64648 4.01819 5.43731 3.45534 4.61354 5.49325 3.30347 3.38422 4.14393 3.84187 2.99179 2.3999 2.18557 2.14959 1.70215
threshold=17075.645507812504 0.0014492869377136233 37840.000000000007 19.425000190734867 2.8975827693939213 1112247.9375000002 75.81000137329103 -2560146.3749999995 4618294.5000000009 438407.00000000006 -0.88606020808219899 -2.1930378675460811 -1.4635440707206724 7271354.5000000009 122864800.00000001 580715.00000000012
decision_type=2 2 2 2 2 2 2 2 2 2 2 2 2 2 2 2
left_child=7 2 3 -2 5 6 -3 -1 9 10 -9 -5 -4 -14 -7 -11
right_child=1 4 12 11 -6 14 -8 8 -10 15 -12 -13 13 -15 -16 -17
leaf_value=-0.01238789944235931 -0.010899930881319306 -0.00053939292861737416 0 -0.002711577894866314 0.0088133074364881003 -0.0037016864085305575 0.012707081491668727 -0.012448578348950794 0.009473198835012183 -0.0029057748115405117 -0.0012694884221240194 0.0061798081408766907 0.004966683840403531 0.011204140057108817 -0.016535043844730354 -0.012657638316267032
leaf_weight=4.3325612172484389 2.838626220822337 49.26167456805706 3.7498194128274944 4.9455288499593797 4.1421912014484397 3.5065195560455313 3.3392663002014151 3.4054269418120375 1.9855256676673878 2.8879795372486097 35.87734530121088 14.472479924559588 10.080086320638658 15.238559469580649 2.3695693910121918 6.4383298233151436
leaf_count=30 13 198 17 21 16 14 13 21 10 17 186 67 55 94 10 37
internal_value=0.000290771 0.00233263 0.00519401 0.00193588 0 -0.000637858 0.000282522 -0.00392677 -0.00318246 -0.00371997 -0.00226406 0.00386378 0.00765424 0.00876032 -0.009047 -0.00974511
internal_weight=168.871 113.944 51.3251 22.2566 62.6192 58.477 52.6009 54.9272 50.5946 48.6091 39.2828 19.418 29.0685 25.3186 5.87609 9.32631
internal_count=819 518 267 101 251 235 211 301 271 261 207 88 166 149 24 54
is_linear=0
shrinkage=0.01


Tree=142
num_leaves=18
num_cat=0
split_feature=43 26 17 11 47 7 5 11 60 3 35 57 33 2 39 28 49
split_gain=14.2681 7.53192 3.97055 5.35308 4.55491 3.3863 4.53002 5.39085 3.27714 3.32652 4.15947 4.65178 2.37498 2.17662 1.60076 1.45906 1.31195
threshold=17075.645507812504 0.0014492869377136233 37840.000000000007 20.989999771118168 -0.28398220241069788 2.8975827693939213 1112247.9375000002 75.81000137329103 -2560146.3749999995 4618294.5000000009 1.5186760425567629 11.872728347778322 -1.4635440707206724 7271354.5000000009 1.085979759693146 -78.374999999999986 0.58998295664787304
decision_type=2 2 2 2 2 2 2 2 2 2 2 2 2 2 2 2 2
left_child=8 2 3 14 -5 6 7 -3 -1 10 11 -10 -4 -14 -2 -8 -12
right_child=1 5 12 4 -6 -7 15 -9 9 -11 16 -13 13 -15 -16 -17 -18
leaf_value=-0.012357631869479468 -0.013840555482739101 -0.00053401812197765284 0 0.011959278650349863 0.00091897608140273845 0.0087238885849402932 -0.0027617833068978859 0.012596264269163873 0.0060789949493144082 0.0094136850159556983 -0.012977414675195234 -0.0037168141403474005 0.0049304995291078353 0.011168599414187838 -0.0012355902968627373 -0.013419699123200795 -0.0036111697277887273
leaf_weight=4.2999049797654143 2.2397857457399395 49.259918481111526 3.7498194128274944 5.5232887566089692 12.269497767090792 4.1427985131740561 2.5431505292654037 3.3349789530038825 5.5657516717910758 1.9781347364187229 5.6633913740515691 34.817622728645802 10.052660241723062 15.134702160954474 2.180491715669632 3.3246920406818381 2.485969677567482
leaf_count=30 10 198 17 26 55 16 10 13 25 10 34 189 55 94 10 14 13
internal_value=0.000288137 0.00231316 0.00515992 0.0019194 0.00440234 0 -0.000631811 0.000279544 -0.00389641 -0.00315632 -0.00368926 -0.00234197 0.00761289 0.00871858 -0.00784885 -0.00897093 -0.0102429
internal_weight=168.567 113.756 51.1502 22.2131 17.7928 62.6055 58.4627 52.5949 54.8108 50.5109 48.5327 40.3834 28.9372 25.1874 4.42028 5.86784 8.14936
internal_count=819 518 267 101 81 251 235 211 301 271 261 214 166 149 20 24 47
is_linear=0
shrinkage=0.01


Tree=143
num_leaves=20
num_cat=0
split_feature=43 26 17 11 60 3 37 34 39 32 47 12 59 23 59 38 33 39 28
split_gain=14.0128 7.41841 3.92398 5.28186 3.25133 3.26962 4.13193 3.83928 3.14016 7.92901 4.8862 5.2063 4.84208 4.1955 3.47424 2.99932 2.35031 2.01597 0.807322
threshold=17075.645507812504 0.0014492869377136233 37840.000000000007 19.425000190734867 -2560146.3749999995 4618294.5000000009 2.1082451343536381 -0.64827111363410939 5.6711292266845712 1.0000000180025095e-35 -1.3590980172157285 189631520.00000003 551144.34375000012 94.500000000000014 125148.25781250001 -1.0000000180025095e-35 -1.4635440707206724 0.17705271393060687 -63.562499999999993
decision_type=2 2 2 2 2 2 2 2 2 2 2 2 2 2 2 2 2 2 2
left_child=4 2 3 -2 -1 6 7 -6 10 13 12 -12 -3 -10 -11 -5 -4 -18 -8
right_child=1 8 16 15 5 -7 18 -9 9 14 11 -13 -14 -15 -16 -17 17 -19 -20
leaf_value=-0.012327722266271868 -0.010788091989038066 -0.00047981709941901485 0 0.0015982929288033071 -0.0072094780043170693 0.0093545838797056066 -0.0047397257886126537 -0.000576187315411187 0.015265926367471273 0.0041751198265820438 -0.0044685247215007304 0.0044587487065088846 0.017120779863014076 0.0018662254687222108 -0.010717845778272483 0.011126428031336136 0.0036440312622163847 0.010386860867142194 -0.014085684628737728
leaf_weight=4.2673970609903327 2.8211661279201534 3.5573007911443701 3.7498194128274944 14.977233409881595 12.516654007136816 1.9707631170749653 1.6601225733757017 30.103834837675098 5.4941833317279833 2.4850226193666449 31.978088080883026 8.1050460785627347 2.6485283374786377 4.392382025718689 3.930473580956459 4.3767822235822651 6.5021273493766811 18.554650291800499 4.175894394516944
leaf_count=30 13 14 17 67 70 10 10 157 21 10 131 32 10 17 16 21 37 112 24
internal_value=0.0002857 0.00229385 0.00512569 0.00190307 -0.00386591 -0.00313 -0.00365839 -0.00254769 0 0.00376149 -0.00134197 -0.00263843 0.00687064 0.00941388 -0.00479323 0.00380469 0.00757174 0.00867703 -0.0115985
internal_weight=168.267 113.573 50.9818 22.1752 54.6947 50.4273 48.4565 42.6205 62.591 16.3021 46.289 40.0831 6.20583 9.88657 6.4155 19.354 28.8066 25.0568 5.83602
internal_count=819 518 267 101 301 271 261 227 251 64 187 163 24 38 26 88 166 149 34
is_linear=0
shrinkage=0.01


Tree=144
num_leaves=18
num_cat=0
split_feature=11 26 7 31 30 46 1 58 23 18 53 19 37 36 47 6 31
split_gain=13.7715 9.07532 3.95697 3.1879 3.60029 2.82623 3.16022 3.34026 2.63107 3.08702 3.11395 3.07642 3.94919 3.17734 2.54075 2.34277 0.0572458
threshold=16.82499980926514 0.0014492869377136233 1.6753645539283755 -7.905303716659545 0.33898568153381353 -0.9687482714653014 1456966.0000000002 202628.17968750003 171.50000000000003 103661.00000000001 -0.83471009135246266 68753.167968750015 1.0000000180025095e-35 -0.39933006465435023 0.12249381840229036 -57629171711.999992 5.4794776439666757
decision_type=2 2 2 2 2 2 2 2 2 2 2 2 2 2 2 2 2
left_child=2 3 8 -2 14 15 -7 -8 9 10 -1 12 -10 -13 -5 -3 -11
right_child=1 5 -4 4 -6 6 7 -9 11 16 -12 13 -14 -15 -16 -17 -18
leaf_value=0.00032060526014414793 -0.004129479891101232 -0.015088063220517258 0.0098116368792327564 0.0044897057957515038 -0.006120402230164663 0.0082269998685533339 -0.0055102921051171086 0.00084891815979284133 0.0073140955607010703 -0.013016441102537643 -0.0067025374157649292 0.00057164578402554411 -0.0054848541461708436 -0.01316853911260161 0.0094034426762836538 -0.00042693566781220715 -0.008077026847727032
leaf_weight=8.9569059908390063 3.1342381685972205 2.2509365677833557 1.9885659366846073 24.509280622005463 2.2089881598949423 4.6982075572013846 10.117144450545309 44.529867380857468 6.2310476154088992 5.3553882837295523 19.442197754979134 3.0761214345693588 3.8556661829352379 3.3934697210788718 20.221049234271049 2.3974909782409659 1.5726396292448042
leaf_count=44 15 10 8 130 10 19 41 177 26 34 119 15 21 19 111 10 10
internal_value=0.000283453 0.00225695 -0.00387663 0.00544647 0.00610718 -0.000223146 0.000348907 -0.000310103 -0.00442054 -0.00596852 -0.00445227 -0.00105711 0.00232253 -0.00648087 0.00673339 -0.00774151 -0.0120396
internal_weight=167.939 114.067 53.872 50.0736 46.9393 63.9936 59.3452 54.647 51.8834 35.3271 28.3991 16.5563 10.0867 6.46959 44.7303 4.64843 6.92803
internal_count=819 523 296 266 251 257 237 218 288 207 163 81 47 34 241 20 44
is_linear=0
shrinkage=0.01


Tree=145
num_leaves=21
num_cat=0
split_feature=58 26 17 11 41 45 58 24 47 53 10 47 21 31 0 26 24 22 55 26
split_gain=13.5403 8.09827 5.20315 4.78942 4.35478 3.404 3.02145 4.33449 5.42716 3.49224 3.10389 2.72339 4.2227 2.9431 2.69216 3.85416 3.17657 2.68873 3.33128 1.02109
threshold=12638.773925781252 0.0014492869377136233 37840.000000000007 19.425000190734867 2.2319080829620366 -0.6988026201725005 2009462.8750000002 12.500000000000002 0.28208653628826147 0.87196043133735668 -8.4999999671708779e-05 0.18732974678277972 -699.99999999999989 5.9790539741516122 228770.00000000003 0.00032392889261245733 490.50000000000006 -19513.515624999996 -3.5840684175491329 0.0014285705983638766
decision_type=2 2 2 2 2 2 2 2 2 2 2 2 2 2 2 2 2 2 2 2
left_child=4 2 3 -2 11 -5 7 10 -9 -8 -3 14 -13 -14 16 -16 -1 18 -4 -19
right_child=1 6 17 5 -6 -7 9 8 -10 -11 -12 12 13 -15 15 -17 -18 19 -20 -21
leaf_value=-0.010569073936291185 -0.010715869611373363 0.00027817538822293646 -0.0029792504396111488 0.0070988603279970143 0.0085137570067467354 -0.00095886308228565616 -0.0017420209071527077 -0.002397409123868361 0.0043440156389481397 0.01313181604883867 -0.013455729164361512 0.0082271700378425891 -0.006000435099786653 0.0030159778326720559 -0.0092478567267552259 0.0071932837273968988 0.0037578276668685084 0.011083293371410173 0.012166153364943611 0.0063255857665430503
leaf_weight=15.888455331325536 2.8083175718784359 2.4073587656021118 4.3038553297519684 10.661202684044842 2.5496538281440726 9.9425153285264933 2.7181552201509467 32.946039915084839 18.727255314588547 3.447502464056015 4.3936883658170691 3.2020412981510189 16.519508689641956 4.4739148616790763 2.9085958600044242 2.7643913328647614 1.6049288809299458 14.889195412397386 2.1525665819644955 8.3294006586074811
leaf_count=102 13 10 22 49 11 45 11 133 74 13 19 15 93 21 16 13 8 89 12 50
internal_value=0.000280933 0.00213701 0.00503195 0.00145461 -0.00407699 0.003162 -0.000225052 -0.000942024 2.64422e-05 0.00641244 -0.00844732 -0.00477591 -0.00236769 -0.00403131 -0.00724794 -0.00105998 -0.00919749 0.00782058 0.00191533 0.00941959
internal_weight=167.639 117.727 53.0871 23.412 49.9115 20.6037 64.64 58.4743 51.6733 6.16566 6.80105 47.3618 24.1955 20.9934 23.1664 5.67299 17.4934 29.675 6.45642 23.2186
internal_count=819 540 280 107 279 94 260 236 207 24 29 268 129 114 139 29 110 173 34 139
is_linear=0
shrinkage=0.01


Tree=146
num_leaves=20
num_cat=0
split_feature=58 53 53 27 41 11 34 39 47 3 56 0 46 46 11 48 40 9 2
split_gain=13.2996 5.05295 5.7047 5.31316 4.27803 3.68824 3.88892 3.30578 2.69192 4.46963 3.93437 2.66266 3.31081 2.7145 2.52139 4.22393 0.930576 0.505955 0.154995
threshold=12638.773925781252 3.6316900253295903 -8.6035799980163556 -156603647.99999997 2.2319080829620366 20.989999771118168 -1.4033757448196409 0.93061417341232311 0.18732974678277972 223173.00000000003 75.00000381469728 228770.00000000003 1.437989413738251 0.419418215751648 75.81000137329103 -0.68551349639892567 1.0000000180025095e-35 236874936.00000003 51567010.000000007
decision_type=2 2 2 2 2 2 2 2 2 2 2 2 2 2 2 2 2 2 2
left_child=4 2 5 -4 8 6 -2 -5 11 10 -10 12 -1 -13 16 -16 -3 -11 -7
right_child=1 14 3 7 -6 18 -8 -9 9 17 -12 13 -14 -15 15 -17 -18 -19 -20
leaf_value=-0.011112800503518575 0.0090261919507103848 0.012700470727629172 -0.013557584616135545 -0.0024243488670205584 0.0084359772774592213 0.012378079695969412 -0.0081677912846673112 0.0020082266320881393 0.0022857847416012048 -0.0042233182335238038 -0.009046345894285792 0.0046780497971333481 0.0002333087630061576 -0.0092738918209718871 -0.0093018877660476732 0.0092697122588352217 0.0039261337142193625 -0.012400886340807247 0.0070101378795568003
leaf_weight=14.48438853770495 2.7268499284982681 7.094366103410719 2.6343121677637091 22.607293277978897 2.5474411547183982 6.8072163760662061 2.5247563719749442 64.479090452194214 14.915868997573858 1.4589210301637638 3.8553059846162787 3.2679086327552787 2.9186763018369666 2.3971990793943405 1.9752500355243681 3.1435522735118857 1.8895787894725797 3.9313919320702553 1.6505488306283949
leaf_count=94 12 40 12 100 11 41 12 276 73 10 21 16 16 13 10 18 10 25 9
internal_value=0.000278786 0.00211919 0.00134185 0.000412009 -0.00404666 0.00735426 0.000569614 0.000846064 -0.00474112 -0.00234655 0 -0.00720582 -0.00915248 -0.00104922 0.00774933 0.00190792 0.0109663 -0.0103731 0.0114488
internal_weight=167.31 117.533 103.43 89.7207 49.7771 13.7094 5.25161 87.0864 47.2297 24.1615 18.7712 23.0682 17.4031 5.66511 14.1027 5.1188 8.98394 5.39031 8.45777
internal_count=819 540 462 388 279 74 24 376 268 129 94 139 110 29 78 28 50 35 50
is_linear=0
shrinkage=0.01


Tree=147
num_leaves=19
num_cat=0
split_feature=43 55 54 39 4 44 1 11 34 60 5 55 21 46 20 52 17 54
split_gain=13.1773 5.03494 8.12755 5.83876 5.1144 5.46384 4.97896 4.1505 4.15749 3.21253 3.17008 2.88395 3.82281 3.34506 3.1265 4.50801 1.9267 0.242573
threshold=17075.645507812504 2.4028444290161137 -4.781085491180419 -0.2313151732087135 1721081.6875000002 163949.12500000003 6863401.0000000009 19.425000190734867 -1.4033757448196409 -2560146.3749999995 1240434.6250000002 4.3169193267822275 -60098.999999999993 -0.78128319978713978 106331.67578125001 0.32877901196479803 14347.500000000002 1.0000000180025095e-35
decision_type=2 2 2 2 2 2 2 2 2 2 2 2 2 2 2 2 2 2
left_child=9 2 7 -4 5 -3 -5 8 -2 -1 -7 12 17 -14 15 -13 -9 -11
right_child=1 4 3 6 -6 10 -8 16 -10 11 -12 14 13 -15 -16 -17 -18 -19
leaf_value=-0.012274113598400627 0.0069983316582059333 -0.0072054137371960125 -0.014537301828244179 0.0028338535663067748 -0.0067270212999957927 0.0096282380022944501 -0.0035669331540993205 0.0033619570283635559 -0.0095210383901644293 -0.0064019674704774163 0 -0.0055511266174832511 -0.0081914727184058435 -0.00087645647162116873 0.013141406206587394 0.0098106279157584384 0.0095696808011479142 -0.01266849045416041
leaf_weight=4.1789017841219893 2.7142513543367386 2.4569910168647793 3.2123713046312323 22.569999694824219 2.9886264503002158 22.803386017680172 26.194019243121147 8.8753276467323321 3.3938737809658077 1.5622225552797306 4.0745908915996543 6.4554922804236394 8.6940450221300072 23.664576739072803 1.8916018903255452 2.6966385841369629 13.598777651786802 5.0112599581480026
leaf_count=30 12 11 14 94 13 109 109 39 15 10 20 35 51 122 9 12 82 32
internal_value=0.000276506 0.0022275 0.000874953 -0.0014655 0.00556744 0.00685408 -0.000583878 0.00516602 -0.00201665 -0.00377175 0.0081765 -0.00304078 -0.00432662 -0.00287274 0.00140159 -0.000915583 0.00716266 -0.0113313
internal_weight=167.037 112.882 80.5586 51.9764 32.3236 29.335 48.764 28.5822 6.10813 54.1547 26.878 49.9758 38.9321 32.3586 11.0437 9.15213 22.4741 6.57348
internal_count=819 518 365 217 153 140 203 148 27 301 129 271 215 173 56 47 121 42
is_linear=0
shrinkage=0.01


Tree=148
num_leaves=21
num_cat=0
split_feature=58 26 17 11 45 37 53 18 48 33 51 58 24 47 53 28 22 34 3 34
split_gain=12.8426 7.83167 5.102 4.60936 3.32749 3.18986 3.20434 5.16492 4.34686 3.9007 3.50357 2.97813 4.21601 5.34599 3.39177 3.2346 2.67007 4.98149 1.24093 0.311193
threshold=12638.773925781252 0.0014492869377136233 37840.000000000007 19.425000190734867 -0.6988026201725005 2.1082451343536381 -1.034116208553314 27520.500000000004 -0.31429606676101679 -0.78053611516952504 0.33090980350971227 2009462.8750000002 12.500000000000002 0.28208653628826147 0.87196043133735668 -315.93749999999994 -19513.515624999996 -1.0740621685981748 972538.50000000012 -0.36377774178981775
decision_type=2 2 2 2 2 2 2 2 2 2 2 2 2 2 2 2 2 2 2 2
left_child=5 2 3 -2 -5 6 7 -1 10 -10 -8 12 15 -14 -13 -3 17 -4 -18 -7
right_child=1 11 16 4 -6 19 8 -9 9 -11 -12 14 13 -15 -16 -17 18 -19 -20 -21
leaf_value=0.013040590295585588 -0.010583148828618662 0.00046095423321916991 -0.007532849950309675 0.0069926579760743466 -0.00099464156291101911 -0.0060089272783302727 -0.0098271297371405886 -0.0051329484066037811 -0.007404833387475265 0.0016604542677855958 0.0040491953590310369 -0.0016770123287753506 -0.0023997057550447223 0.0042933497320513728 0.012985458212550909 -0.013551007673064138 0.011097216977457285 0.010086356710468267 0.0058428282511683947 -0.013112537333043326
leaf_weight=2.9945565164089194 2.7879602462053326 2.4392214268445969 2.948005735874176 10.578783303499225 9.9164283275604213 1.4638586565852163 14.32753296941519 3.1789697855710983 6.9287650287151346 14.777970544993877 1.9743653684854496 2.7143861949443808 32.921653002500534 18.717636570334435 3.4427401274442673 4.339920610189437 15.054560564458372 3.4629205465316799 7.8729204833507529 3.882073685526847
leaf_count=14 13 10 14 49 45 9 95 16 36 75 10 11 133 74 13 19 90 20 49 24
internal_value=0.000273972 0.00208381 0.00494836 0.00140037 0.00307928 -0.00398842 -0.00307452 0.0035204 -0.004172 -0.00118711 -0.00808519 -0.00023497 -0.000947079 6.95362e-06 0.00635905 -0.00836181 0.00772998 0.00182834 0.00933656 -0.0113544
internal_weight=166.725 117.197 52.6216 23.2832 20.4952 49.5281 44.1822 6.17353 38.0086 21.7067 16.3019 64.5756 58.4184 51.6393 6.15713 6.77914 29.3384 6.41093 22.9275 5.34593
internal_count=819 540 280 107 94 279 246 30 216 111 105 260 236 207 24 29 173 34 139 33
is_linear=0
shrinkage=0.01


Tree=149
num_leaves=21
num_cat=0
split_feature=11 26 7 17 59 4 34 46 35 38 23 18 19 10 53 34 46 34 12 31
split_gain=12.6203 8.51107 3.7965 3.47978 2.98873 3.38375 2.78532 2.96668 3.93436 2.92874 2.54007 3.04812 3.04181 3.85064 3.02768 2.83517 1.88873 3.18826 0.342257 0.0656593
threshold=16.82499980926514 0.0014492869377136233 1.6753645539283755 27710.000000000004 627812.96875000012 361012.31250000006 -1.3686760663986204 -0.94083204865455616 -0.873399257659912 -1.0678899884223936 171.50000000000003 103661.00000000001 68753.167968750015 -8.4999999671708779e-05 -0.83471009135246266 -0.42747271060943598 -0.37793838977813715 -1.1618714332580564 237161184.00000003 5.4794776439666757
decision_type=2 2 2 2 2 2 2 2 2 2 2 2 2 2 2 2 2 2 2 2
left_child=2 3 10 4 5 -2 -3 9 -9 -8 11 14 13 -12 -1 -14 18 -18 -5 -13
right_child=1 6 -4 16 -6 -7 7 8 -10 -11 12 19 15 -15 -16 -17 17 -19 -20 -21
leaf_value=0.00040926537027291283 0.0040646479500594202 0.0072342740835229704 0.0096974213610575271 0.012040597123486397 0.010275051441030299 -0.0048699874225777593 0 -0.0030159228053127166 0.0023834236617390472 -0.015262259553105728 -0.0084860730556062473 -0.012924831865189954 0 0.0059492729517142675 -0.0065506123515345115 -0.013130738310551164 -0.0027825924316281208 0.0076535171274402002 0.0056027724356894001 -0.0078740174755996001
leaf_weight=8.8980813175439852 10.40638037025929 4.6117396354675284 1.9790894538164128 8.6591416820883769 3.7578113228082648 7.1231604367494574 2.3993407040834427 25.322373241186142 28.854216769337654 2.7015094459056845 2.3972003087401399 5.2264939174056044 3.2439442127943039 7.6349186152219781 19.117276817560196 3.1621982827782622 3.5241979658603713 14.247458651661869 1.6139248311519612 1.5350696444511411
leaf_count=44 47 18 8 56 19 31 10 103 114 12 14 34 16 33 119 18 18 85 10 10
internal_value=0.000271612 0.00216479 -0.00373913 0.00528583 0.00217126 0.000376996 -0.00022946 -0.000827003 -0.000121796 -0.00812102 -0.00427788 -0.00581497 -0.000965146 0.00240023 -0.00430436 -0.00639148 0.00761428 0.00552772 0.0111265 -0.011926
internal_weight=166.416 113.221 53.1943 49.3321 21.2874 17.5295 63.8892 59.2774 54.1766 5.10085 51.2152 34.7769 16.4383 10.0321 28.0154 6.40614 28.0447 17.7717 10.2731 6.76156
internal_count=819 523 296 266 97 78 257 239 217 22 288 207 81 47 163 34 169 103 66 44
is_linear=0
shrinkage=0.01


Tree=150
num_leaves=23
num_cat=0
split_feature=43 55 53 34 17 4 44 1 30 47 55 3 34 34 20 52 1 8 34 18 0 41
split_gain=12.5839 4.89228 8.74591 9.40314 9.31466 5.00915 5.34855 4.50223 6.19645 3.34718 2.8731 4.61946 3.8649 3.7441 3.40707 5.00805 3.10574 2.79534 2.74671 2.33254 1.91601 0.446087
threshold=17075.645507812504 2.4028444290161137 -0.57907819747924794 -0.48291398584842676 24196.000000000004 1721081.6875000002 163949.12500000003 11702936.000000002 0.1206437610089779 -2.1048835515975948 4.3169193267822275 86680.000000000015 -0.36377774178981775 -0.2167147099971771 106331.67578125001 0.32877901196479803 678492.50000000012 0.68068501353263866 -1.1880212426185606 234029.50000000003 228333.00000000003 -1.2170381546020506
decision_type=2 2 2 2 2 2 2 2 2 2 2 2 2 2 2 2 2 2 2 2 2 2
left_child=10 2 7 19 -5 6 -3 18 -9 -8 11 12 16 -14 15 17 -1 -12 -2 -4 21 -13
right_child=1 5 3 4 -6 -7 9 8 -10 -11 14 20 13 -15 -16 -17 -18 -19 -20 -21 -22 -23
leaf_value=-0.010451246067898047 0.011238955251183262 -0.0071495710297992225 -0.019063929955976461 -0.011844337268270985 0.0062340359546450667 -0.0066898903098185939 -0.0046187367581178949 0.0033041647562240739 -0.0059730124135074112 0.009053016707857393 -0.013331614631182416 -0.0055151600264740312 0.01368506972723192 -0.0012816756095466255 0.013032161096292096 0.0097767039646059969 0.0017085020628440179 -0.00022716219205556307 0.0038197863289386432 -0.0065402972513748962 -0.0014635117833058193 -0.012437981630786441
leaf_weight=8.0273945331573469 6.8740980774164226 2.4546244740486172 4.2164068520069149 4.2831021249294272 8.5101875215768796 2.9845744371414176 1.8294581919908548 21.457722164690495 10.825767271220682 24.867527440190315 3.0940714925527555 1.6536588817834843 1.8633222803473461 16.023870438337333 1.8811259269714344 2.6842668950557709 2.6649252995848647 3.7732658535242081 21.272947430610657 2.7598296701908112 2.57470978796482 9.5220176577568036
leaf_count=47 31 11 18 18 37 13 9 101 49 120 19 11 9 84 9 12 14 18 100 11 13 65
internal_value=0.000269435 0.00217921 0.000843442 -0.00491206 0.00010336 0.00548168 0.00676213 0.00274287 0.000162232 0.00807868 -0.00370242 -0.00490679 -0.00256761 0.000221516 0.000669333 -0.00166075 -0.00732706 -0.00627698 0.00566723 -0.0142529 -0.00969595 -0.0115031
internal_weight=166.099 112.336 80.2001 19.7695 12.7933 32.1362 29.1516 60.4305 32.2835 26.697 53.7626 42.3299 28.5795 17.8872 11.4327 9.5516 10.6923 6.86734 28.147 6.97624 13.7504 11.1757
internal_count=819 518 365 84 55 153 140 281 150 129 301 243 154 93 58 49 61 37 131 29 89 76
is_linear=0
shrinkage=0.01


Tree=151
num_leaves=16
num_cat=0
split_feature=43 26 30 2 59 7 5 11 60 3 35 57 26 49 55
split_gain=12.3605 6.73556 3.4377 3.982 5.03275 3.35342 4.41653 5.21081 3.17148 2.97735 4.12369 4.43134 2.30617 1.31167 1.30025
threshold=17075.645507812504 0.0014492869377136233 0.32668004930019384 43193634.000000007 359577.68750000006 2.8975827693939213 1112247.9375000002 75.81000137329103 -2560146.3749999995 4618294.5000000009 1.5186760425567629 11.872728347778322 0.00071428529918193828 0.58998295664787304 0.88171386718750011
decision_type=2 2 2 2 2 2 2 2 2 2 2 2 2 2 2
left_child=8 2 3 12 -5 6 7 -3 -1 10 11 -10 -2 -12 -8
right_child=1 5 -4 4 -6 -7 14 -9 9 -11 13 -13 -14 -15 -16
leaf_value=-0.012211678210889466 0.0016688373113968767 -0.00054514509614344035 -0.0039619786811258004 -0.0043724736792421356 0.0078575841261874033 0.0086777046104087614 -0.013496468203830846 0.01240813825136877 0.0061130837279084515 0.009105085549564379 -0.01285110171129757 -0.003476579404132102 0.0088466275069329237 -0.0033718362407406744 -0.0034311733964533836
leaf_weight=4.0951511338353148 5.8150996267795554 49.094956040382385 3.8994931280612937 7.4703577905893308 6.0747778043150902 4.1298584789037696 3.0744827389717093 3.3117340654134741 5.5483669787645331 1.9237157404422749 5.5003108829259864 34.129694022238255 26.54589519649744 2.4242446273565292 2.7707764357328415
leaf_count=30 29 198 18 35 32 16 13 13 25 10 34 189 153 13 11
internal_value=0.000266818 0.00216005 0.00490237 0.00567713 0.00103869 -1.33917e-05 -0.000646727 0.00025433 -0.00367556 -0.00294955 -0.00345771 -0.00211041 0.00758772 -0.0100774 -0.00889638
internal_weight=165.809 112.187 49.8056 45.9061 13.5451 62.3818 58.2519 52.4067 53.6215 49.5263 47.6026 39.6781 32.361 7.92456 5.84526
internal_count=819 518 267 249 67 251 235 211 301 271 261 214 182 47 24
is_linear=0
shrinkage=0.01


Tree=152
num_leaves=19
num_cat=0
split_feature=58 26 17 11 41 57 45 58 24 47 53 28 3 47 22 34 55 2
split_gain=12.0204 7.45545 4.97995 4.45753 4.1384 3.48713 3.27092 2.92896 4.10256 5.24267 3.29203 3.15813 2.68304 2.9051 2.63093 4.83655 2.45947 1.39471
threshold=12638.773925781252 0.0014492869377136233 37840.000000000007 19.425000190734867 2.2319080829620366 99.79480361938478 -0.6988026201725005 2009462.8750000002 12.500000000000002 0.28208653628826147 0.87196043133735668 -315.93749999999994 86680.000000000015 0.18732974678277972 -19513.515624999996 -1.0740621685981748 4.3169193267822275 83578820.000000015
decision_type=2 2 2 2 2 2 2 2 2 2 2 2 2 2 2 2 2 2
left_child=4 2 3 -2 5 12 -5 8 11 -10 -9 -3 13 -1 15 -4 -14 -16
right_child=1 7 14 6 -6 -7 -8 10 9 -11 -12 -13 16 -15 17 -17 -18 -19
leaf_value=-0.0054692334063313587 -0.010494002874808452 0.00043132686966807247 -0.0074569352156738013 0.006882304310908023 0.0084239345228611512 -0.017531138600993569 -0.0010622099471223505 -0.0016174972072398198 -0.0023903397178148349 0.0042422461768416601 0.012841608280492849 -0.01342270854827643 -0.0095415316851240294 0.00070946808939148422 0.010068545052172598 0.0099824234602122908 0.000617530135131343 0.0012947643704622461
leaf_weight=14.342901788651945 2.770981669425967 2.4388774484395981 2.9463180899620056 10.498275235295299 2.5347391068935385 2.0313463509082785 9.8696287870407069 2.7053559124469748 32.87285116314888 18.694632589817047 3.4354820996522903 4.3170069307088843 11.6877209469676 15.690075419843195 20.257647678256038 3.3996799588203457 2.7657313570380202 2.2819194048643103
leaf_count=84 13 10 14 49 11 10 45 11 133 74 13 19 80 78 127 20 16 12
internal_value=0.000264406 0.00201868 0.00483573 0.00132634 -0.00388121 -0.00457321 0.00298355 -0.000239246 -0.000945831 0 0.00630878 -0.00827338 -0.00395905 -0.00220801 0.00761232 0.0017281 -0.00752836 0.00922465
internal_weight=165.541 116.489 52.0245 23.1389 49.0525 46.5178 20.3679 64.4642 58.3234 51.5675 6.14084 6.75588 44.4864 30.033 28.8856 6.346 14.4535 22.5396
internal_count=819 540 280 107 279 268 94 260 236 207 24 29 258 162 173 34 96 139
is_linear=0
shrinkage=0.01


Tree=153
num_leaves=19
num_cat=0
split_feature=43 56 54 39 49 44 11 17 4 47 11 60 3 35 57 47 49 54
split_gain=11.9631 4.7521 6.90869 7.94584 4.98699 4.63973 3.89596 4.45068 3.25467 3.64429 4.30252 3.14643 2.89185 4.07836 4.34225 2.81445 1.29839 0.891266
threshold=17075.645507812504 92.704437255859389 -4.781085491180419 0.93061417341232311 1.4413126111030581 163949.12500000003 20.989999771118168 37840.000000000007 1721081.6875000002 0.25629769265651708 68.034999847412124 -2560146.3749999995 4618294.5000000009 1.5186760425567629 11.872728347778322 0.8357343077659608 0.58998295664787304 3.0910493135452275
decision_type=2 2 2 2 2 2 2 2 2 2 2 2 2 2 2 2 2 2
left_child=11 2 6 5 -5 -4 7 -2 9 10 -3 -1 13 14 -13 -8 -15 -11
right_child=1 8 3 4 -6 -7 15 -9 -10 17 -12 12 -14 16 -16 -17 -18 -19
leaf_value=-0.012179352944455555 -0.0076665735879961885 -0.0016867000661004699 0.0035098426666062671 0.0019771944295103416 -0.011993767229881528 -0.010537355657573085 0.0089738160034506711 0.006660347859694684 -0.0047632804657763792 0.0057512257159961803 0.0089077179140174025 0.0060694575031985587 0.0090177191730713997 -0.012788697468947426 -0.0034224615492041044 -0.0021847685086978505 -0.0033317518995636102 0.0141586886331005
leaf_weight=4.0477740392088881 4.3580275475978869 6.9981530457735124 2.8612008541822425 40.731566876173019 2.7132159024476996 11.082825869321821 17.021670266985897 4.2962844967842102 2.5030767023563376 2.1236552149057371 8.1372294127941114 5.5529047250747672 1.9101867526769627 5.4538073763251296 34.005842082202435 2.4466189593076697 2.4159674420952797 6.5723201930522919
leaf_count=30 20 33 12 168 12 48 93 21 11 9 43 25 10 34 189 14 13 34
internal_value=0.000262265 0.0021269 0.00096898 -0.00100627 0.00108166 -0.00758327 0.00503537 -0.00043867 0.00584887 0.00700545 0.0039431 -0.00362546 -0.00290343 -0.00340464 -0.00206479 0.00752013 -0.0100125 0.0122205
internal_weight=165.232 111.846 85.5114 57.3888 43.4448 13.944 28.1226 8.65431 26.3344 23.8314 15.1354 53.3865 49.3387 47.4285 39.5587 19.4683 7.86977 8.69598
internal_count=819 518 388 240 180 60 148 41 130 119 76 301 271 261 214 107 47 43
is_linear=0
shrinkage=0.01


Tree=154
num_leaves=18
num_cat=0
split_feature=43 26 17 37 46 7 5 55 60 3 37 34 33 2 13 28 34
split_gain=11.7482 6.44847 3.62528 3.32722 3.36723 3.29487 4.32 4.47612 3.12149 2.84241 4.04636 3.78625 2.34366 2.26084 1.48097 1.40131 0.734399
threshold=17075.645507812504 0.0014492869377136233 37840.000000000007 -0.55654385685920704 -0.29079978168010706 2.8975827693939213 1112247.9375000002 2.4028444290161137 -2560146.3749999995 4618294.5000000009 2.1082451343536381 -0.64827111363410939 -1.4635440707206724 7271354.5000000009 106188172.00000001 -78.374999999999986 -1.0000000180025095e-35
decision_type=2 2 2 2 2 2 2 2 2 2 2 2 2 2 2 2 2
left_child=8 2 3 4 -2 6 7 -3 -1 10 11 -10 -4 -14 -5 -8 -12
right_child=1 5 12 14 -6 -7 15 -9 9 -11 16 -13 13 -15 -16 -17 -18
leaf_value=-0.012151829919779693 -0.0037229184082194005 -0.0015350045281912065 0 0.0027479432371918561 0.0068768953764997767 0.0086033294874200798 -0.0027131113848046966 0.0050048606413444219 -0.0069621863035433246 0.0089611250291827434 -0.0049712750857338747 -0.00029979819544203467 0.0044440217190551993 0.010937807658038531 0.012740690036320858 -0.013201134367510459 -0.013933440317788344
leaf_weight=4.0165292024612418 11.119168192148209 37.924618124961853 3.6669590175151852 3.4290768951177588 4.0745135694742212 4.127513274550437 2.5345694869756699 14.431390970945357 12.198214322328562 1.9030638933181752 1.7208124995231626 29.523683913052086 9.6333199739456195 14.308144994080065 3.125477135181427 3.2950689792633048 3.9145745560526839
leaf_count=30 50 154 17 16 19 16 10 57 70 10 11 157 55 94 16 14 23
internal_value=0.000259983 0.00210902 0.00480919 0.00169521 -0.000814533 -1.36764e-05 -0.000642127 0.000248541 -0.00359687 -0.00287903 -0.00337594 -0.00227165 0.00722598 0.00836667 0.00766546 -0.00881276 -0.0113742
internal_weight=164.947 111.67 49.3567 21.7482 15.1937 62.3132 58.1856 52.356 53.2769 49.2603 47.3573 41.7219 27.6084 23.9415 6.55455 5.82964 5.63539
internal_count=819 518 267 101 69 251 235 211 301 271 261 227 166 149 32 24 34
is_linear=0
shrinkage=0.01


Tree=155
num_leaves=18
num_cat=0
split_feature=11 26 17 59 45 37 8 41 47 34 46 35 38 46 34 12 35
split_gain=11.4298 7.89849 3.37681 2.92744 4.24606 2.86538 2.75561 2.95641 3.22459 2.7036 2.90056 3.78771 2.88309 1.90166 3.13736 0.354078 0.243109
threshold=16.82499980926514 0.0014492869377136233 27710.000000000004 627812.96875000012 -0.6988026201725005 2.1082451343536381 0.94171550869941723 2.117325067520142 0.18732974678277972 -1.3686760663986204 -0.94083204865455616 -0.873399257659912 -1.0678899884223936 -0.37793838977813715 -1.1618714332580564 237161184.00000003 2.1509720087051396
decision_type=2 2 2 2 2 2 2 2 2 2 2 2 2 2 2 2 2
left_child=5 2 3 4 -2 6 7 8 -1 -3 12 -12 -11 15 -15 -4 -7
right_child=1 9 13 -5 -6 16 -8 -9 -10 10 11 -13 -14 14 -16 -17 -18
leaf_value=-0.0071461350400173831 0.0045455214434910697 0.0071322255163251925 0.011952269922019802 0.010128304831366253 -0.00544930845664654 -0.012549730188032434 0.0051241096422669722 0.0081255189332855582 -0.0014785214455339674 0 -0.0029676577983597948 0.0023362843034833588 -0.015159468939824795 -0.0029450008452981949 0.0074772760054767178 0.0053825336053101684 -0.0060678678490942474
leaf_weight=19.139236010611057 10.029895618557934 4.5956728160381308 8.4065901488065737 3.6932462453842154 7.3591294735670099 3.5543643906712523 3.9308803826570502 2.017471730709075 22.276493355631828 2.3950943797826767 25.269915983080864 28.775914534926414 2.6873732805252066 3.4894317239522978 13.909825846552845 1.5777254179120053 1.5645753443241117
leaf_count=119 46 18 56 19 32 22 17 9 118 10 103 114 12 18 85 10 11
internal_value=0.000257655 0.00206526 0.00510868 0.00203466 0.000258148 -0.0035873 -0.00279057 -0.0035299 -0.00412181 -0.000233745 -0.000823168 -0.000125148 -0.008049 0.00743881 0.00532961 0.0110143 -0.0107639
internal_weight=164.673 112.19 48.4658 21.0823 17.389 52.483 47.3641 43.4332 41.4157 63.724 59.1283 54.0458 5.08247 27.3836 17.3993 9.98432 5.11894
internal_count=819 523 266 97 78 296 263 246 237 257 239 217 22 169 103 66 33
is_linear=0
shrinkage=0.01


Tree=156
num_leaves=18
num_cat=0
split_feature=43 26 17 11 47 7 2 56 28 60 3 3 45 33 2 2 20
split_gain=11.3809 6.25062 3.55177 4.67227 4.44678 3.22874 4.01185 6.38076 5.70885 3.1032 2.76398 4.02386 3.74841 2.3126 2.26897 1.69976 1.39245
threshold=17075.645507812504 0.0014492869377136233 37840.000000000007 20.989999771118168 -0.28398220241069788 2.8975827693939213 4955965.0000000009 66.666656494140639 -63.562499999999993 -2560146.3749999995 4618294.5000000009 438407.00000000006 -0.88606020808219899 -1.4635440707206724 7271354.5000000009 580715.00000000012 7730.1201171875009
decision_type=2 2 2 2 2 2 2 2 2 2 2 2 2 2 2 2 2
left_child=9 2 3 16 -5 6 8 -8 -3 -1 11 12 -11 -4 -15 -13 -2
right_child=1 5 13 4 -6 -7 7 -9 -10 10 -12 15 -14 14 -16 -17 -18
leaf_value=-0.01212286686759915 -0.0013179838584744996 -0.0030779911680299745 0 0.011632737406800384 0.00056357217924027402 0.0085208463469959219 -0.0054180455019902252 0.0027390738230335153 0.0084151379257626484 -0.012213340952162026 0.0088811763000118619 -0.0024314669293511739 -0.00089845923640010641 0.0043580060086655095 0.01088959606498313 -0.012364104592310795 -0.013248642269667764
leaf_weight=3.9769830033183089 2.1531804651021984 7.5486852824687984 3.6585917770862606 5.3314209282398286 12.031735837459559 4.1267948895692816 25.613449767231941 15.14693436026573 9.8335073888301832 3.2297853827476493 1.889804184436797 2.7722294852137548 35.011884838342667 9.5664630085229891 14.142765887081621 6.1639095842838287 2.1777000278234482
leaf_count=30 10 30 17 26 55 16 106 60 39 21 10 17 186 55 94 37 10
internal_value=0.000255545 0.00207749 0.00474699 0.00166453 0.00401999 -9.74709e-06 -0.000632423 -0.00236225 0.00336641 -0.00354954 -0.00283428 -0.00332476 -0.00188023 0.00715387 0.00829634 -0.00939464 -0.00754799
internal_weight=164.376 111.331 49.0619 21.694 17.3632 62.2694 58.1426 40.7604 17.3822 53.0446 49.0676 47.1778 38.2417 27.3678 23.7092 8.93614 4.33088
internal_count=819 518 267 101 81 251 235 166 69 301 271 261 207 166 149 54 20
is_linear=0
shrinkage=0.01


Tree=157
num_leaves=22
num_cat=0
split_feature=43 26 17 11 47 7 5 11 55 56 0 20 16 8 47 34 2 15 12 39 1
split_gain=11.1789 6.15335 3.50823 4.58907 4.3919 3.16446 4.26483 5.01056 2.73197 4.59998 4.13296 3.27699 3.78286 3.33225 3.16323 3.4304 2.11891 2.30407 2.05365 1.56618 0.321291
threshold=17075.645507812504 0.0014492869377136233 37840.000000000007 20.989999771118168 -0.28398220241069788 2.8975827693939213 1112247.9375000002 75.81000137329103 4.3169193267822275 66.666656494140639 228770.00000000003 106331.67578125001 0.33134999871253973 0.68068501353263866 -0.92440754175186146 -0.27411998808383936 83578820.000000015 0.32997500896453863 122864800.00000001 1.085979759693146 258336.50000000003
decision_type=2 2 2 2 2 2 2 2 2 2 2 2 2 2 2 2 2 2 2 2 2
left_child=8 2 3 19 -5 6 7 -3 9 14 20 12 13 -10 -1 -16 17 -4 -8 -2 -11
right_child=1 5 16 4 -6 -7 18 -9 11 10 -12 -13 -14 -15 15 -17 -18 -19 -20 -21 -22
leaf_value=-0.01202389118856376 -0.013451299308063696 -0.00052451907759242195 0.0088988012829218071 0.011580508396907855 0.0005580402507513614 0.0084355278539362481 -0.0035210254465108132 0.012206990740316009 -0.013137409720765681 -0.0063557439119034925 0.0052280209729353138 0.012981275641363491 0.0096343185788029841 0.00042009698942870093 -0.0061991262992189709 0.0014207075072109319 -0.00050690362433414586 -0.0034919097881872989 -0.016146602329613041 -0.00086172621634969429 -0.01263524630875895
leaf_weight=3.0945483893156043 2.1959012150764492 48.997528493404388 22.760828375816352 5.3020588457584443 12.029506936669344 4.1268484294414511 3.4851778894662848 3.2955750674009314 3.0353285670280439 1.6518191173672665 1.5406965762376774 1.8527357727289189 2.2511612772941589 4.1666589975357056 9.0815341621637362 16.557802736759189 2.9990315884351721 1.4860498458147038 2.331808865070343 2.1296145617961884 9.7048551216721517
leaf_count=21 10 198 144 26 55 16 14 13 19 10 7 9 10 20 52 87 15 7 10 10 66
internal_value=0.000253285 0.00206041 0.00471495 0.0016503 0.00398772 -9.33738e-06 -0.000626282 0.000258713 -0.00352184 -0.00470918 -0.00969709 0.000761844 -0.00152727 -0.00515496 -0.00243553 -0.00123926 0.00711427 0.00809815 -0.00875405 -0.00748416 -0.01181
internal_weight=164.077 111.14 48.903 21.6571 17.3316 62.2369 58.1101 52.2931 52.9371 41.6313 12.8974 11.3059 9.45315 7.20199 28.7339 25.6393 27.2459 24.2469 5.81699 4.32552 11.3567
internal_count=819 518 267 101 81 251 235 211 301 243 83 58 49 39 160 139 166 151 24 20 76
is_linear=0
shrinkage=0.01


Tree=158
num_leaves=17
num_cat=0
split_feature=11 26 7 17 59 1 34 46 35 38 33 41 47 46 34 47
split_gain=10.8803 7.54798 3.52856 3.28041 2.8806 4.37573 2.66718 2.85991 3.70793 2.83804 2.49641 2.56297 2.91916 1.91159 3.11341 0.351027
threshold=16.82499980926514 0.0014492869377136233 1.6753645539283755 27710.000000000004 627812.96875000012 9079141.0000000019 -1.3686760663986204 -0.94083204865455616 -0.873399257659912 -1.0678899884223936 1.2672563791275027 2.3773303031921391 0.18732974678277972 -0.37793838977813715 -1.1618714332580564 0.86739584803581249
decision_type=2 2 2 2 2 2 2 2 2 2 2 2 2 2 2 2
left_child=2 3 10 4 5 -2 -3 9 -9 -8 11 12 -1 15 -15 -5
right_child=1 6 -4 13 -6 -7 7 8 -10 -11 -12 -13 -14 14 -16 -17
leaf_value=-0.0065581463382234206 0.0055273484140359068 0.0070948384504112795 0.0094851345966632094 0.011895896674295319 0.010050145390682044 -0.0045269299510017772 0 -0.0029324385177369938 0.0023187345807164673 -0.015080039632006288 -0.012054507780643589 0.0075074292479044178 -0.0013627123481970941 -0.0030490832456779994 0.0073713467685103465 0.0053212349360767051
leaf_weight=21.492981627583504 8.2808745801448875 4.5908311605453482 1.9635899662971485 8.247309088706972 3.6596532911062232 9.0478053838014585 2.3944339007139206 25.238316938281059 28.738887831568718 2.6731698364019385 3.7002809271216384 2.0049676746129981 22.966275043785572 3.4716404825449034 13.724296987056729 1.5662546455860127
leaf_count=133 40 18 8 56 19 38 10 103 114 12 26 8 121 18 85 10
internal_value=0.000251046 0.00201812 -0.00351401 0.00501309 0.0019817 0.000220011 -0.000225142 -0.000811219 -0.000118049 -0.00799714 -0.00404277 -0.00338321 -0.00389684 0.00733167 0.00520944 0.0109485
internal_weight=163.762 111.633 52.1281 47.9978 20.9883 17.3287 63.6356 59.0448 53.9772 5.0676 50.1645 46.4642 44.4593 27.0095 17.1959 9.81356
internal_count=819 523 296 266 97 78 257 239 217 22 288 262 254 169 103 66
is_linear=0
shrinkage=0.01


Tree=159
num_leaves=20
num_cat=0
split_feature=43 26 17 11 7 5 11 60 38 34 35 57 31 59 3 33 2 12 57
split_gain=10.8285 5.97001 3.43292 4.50019 3.09403 4.20681 4.91245 3.07069 2.96786 2.7088 3.8356 5.27183 3.75267 3.14944 2.99207 2.27891 2.29533 2.02381 1.58222
threshold=17075.645507812504 0.0014492869377136233 37840.000000000007 19.425000190734867 2.8975827693939213 1112247.9375000002 75.81000137329103 -2560146.3749999995 -1.0000000180025095e-35 -0.64827111363410939 1.4731959104537966 19.645591735839847 3.2503324747085576 97538.792968750015 -58575.999999999993 -1.4635440707206724 7271354.5000000009 122864800.00000001 92.060859680175795
decision_type=2 2 2 2 2 2 2 2 2 2 2 2 2 2 2 2 2 2 2
left_child=7 2 3 -2 5 6 -3 -1 -5 12 11 -11 18 -12 -14 -4 -17 -7 -9
right_child=1 4 15 8 -6 17 -8 9 -10 10 13 -13 14 -15 -16 16 -18 -19 -20
leaf_value=-0.012069985698020282 -0.010281642209136896 -0.00051304152429885747 -4.458829515683469e-05 0.0011929324449435879 0.0083453292657941283 -0.0035015565044322124 0.012107039926106084 -0.012527775575119327 0.010821234578145269 0.0096807497666883038 -0.010077267758427485 -0.0015720386406726096 0.0063607877880391588 0.0051797928997731595 -0.010154591393506336 0.0042138515587216967 0.010822909438290562 -0.0160531240288522 -0.0007245239379766147
leaf_weight=3.9184212386608115 2.7322864681482342 48.972198247909546 3.6429622322320965 14.632800579071048 4.1253538876771918 3.4833291769027701 3.2878660857677451 7.1286093518137914 4.2180360257625553 5.1433414369821575 6.9409828931093198 21.603119976818562 3.0948229655623436 1.586427256464958 1.6919322237372387 9.4552626907825488 13.910091109573839 2.3238763958215714 1.5687735974788664
leaf_count=30 13 198 17 67 16 14 13 46 21 23 42 120 14 8 10 55 94 10 8
internal_value=0.00024906 0.00202956 0.00465589 0.001622 -6.32806e-06 -0.000616888 0.000261798 -0.00347653 0.0034004 -0.00276541 -0.00127285 0.000554483 -0.00659572 -0.0071216 0.000314332 0.00704332 0.00819122 -0.00869653 -0.0105138
internal_weight=163.46 110.784 48.5914 21.5831 62.1926 58.0673 52.2601 52.6764 18.8508 48.758 35.2739 26.7465 13.4841 8.52741 4.78676 27.0083 23.3654 5.80721 8.69738
internal_count=819 518 267 101 251 235 211 301 88 271 193 143 78 50 24 166 149 24 54
is_linear=0
shrinkage=0.01


Tree=160
num_leaves=18
num_cat=0
split_feature=43 26 29 2 59 60 7 5 11 34 53 57 31 3 26 12 57
split_gain=10.6358 5.87924 3.2519 3.82817 4.85656 3.04567 3.0328 4.13159 4.82256 2.67354 3.89088 5.53091 3.71271 2.93774 2.27321 1.99681 1.5724
threshold=17075.645507812504 0.0014492869377136233 0.32977394759655004 43193634.000000007 271368.17187500006 -2560146.3749999995 2.8975827693939213 1112247.9375000002 75.81000137329103 -0.64827111363410939 -1.6633954644203184 11.872728347778322 3.2503324747085576 -58575.999999999993 0.00071428529918193828 122864800.00000001 92.060859680175795
decision_type=2 2 2 2 2 2 2 2 2 2 2 2 2 2 2 2 2
left_child=5 2 3 14 -5 -1 7 8 -3 12 -11 -12 16 -14 -2 -9 -7
right_child=1 6 -4 4 -6 9 -8 15 -10 10 11 -13 13 -15 -16 -17 -18
leaf_value=-0.012043661046277479 0.0013871622778936629 -0.00050792861307256878 -0.0040383440281830706 -0.0073030357872157841 0.0053333535268158087 -0.012494769957395289 0.0082623257804979727 -0.0034672522767548834 0.012005718386553812 -0.012657163198280712 0.011530086230934728 -0.0017299359633721923 0.0062893279949129965 -0.010092145825557531 0.0085919160045496018 -0.015951632394458796 -0.00071746811807662332
leaf_weight=3.8878692761063567 5.6984237283468273 48.970520228147507 3.855936884880065 4.6735196858644477 8.6223414763808233 7.0762281492352468 4.1251303851604453 3.4826182276010504 3.2824846208095542 2.7647757828235617 3.5250688195228568 28.95579794049263 3.09866713732481 1.6854099705815304 25.58243466168642 2.31531822681427 1.5683612674474714
leaf_count=30 29 198 18 22 45 46 16 14 13 16 15 162 14 10 153 10 8
internal_value=0.000246812 0.0020125 0.00462478 0.00539658 0.000816428 -0.00344977 -6.27239e-06 -0.00061107 0.000259029 -0.00274279 -0.00126091 -0.000260071 -0.00655776 0.000309178 0.0073114 -0.00862518 -0.0104737
internal_weight=163.171 110.609 48.4327 44.5767 13.2959 52.5622 62.1761 58.0509 52.253 48.6743 35.2456 32.4809 13.4287 4.78408 31.2809 5.79794 8.64459
internal_count=819 518 267 249 67 301 251 235 211 271 193 177 78 24 182 24 54
is_linear=0
shrinkage=0.01


Tree=161
num_leaves=19
num_cat=0
split_feature=43 26 17 11 60 7 2 56 56 31 55 56 47 0 20 52 33 2
split_gain=10.4456 5.785 3.38978 4.40885 3.02086 2.97287 3.93317 6.15117 4.51431 2.8462 2.60819 4.89156 3.40323 2.9126 2.87485 4.20072 2.23377 2.30217
threshold=17075.645507812504 0.0014492869377136233 37840.000000000007 19.425000190734867 -2560146.3749999995 2.8975827693939213 4955965.0000000009 66.666656494140639 32.722997665405281 -2.1930378675460811 4.3169193267822275 66.666656494140639 -0.92440754175186146 228333.00000000003 106331.67578125001 0.32877901196479803 -1.4635440707206724 7271354.5000000009
decision_type=2 2 2 2 2 2 2 2 2 2 2 2 2 2 2 2 2 2
left_child=4 2 3 -2 -1 6 8 -8 -3 -5 11 12 -6 -13 15 -12 -4 -18
right_child=1 5 16 9 10 -7 7 -9 -10 -11 14 13 -14 -15 -16 -17 17 -19
leaf_value=-0.012017618117013445 -0.010228076656558407 0.014383556524103636 -3.5957734774237807e-05 -0.0031316784052336753 -0.011979753303704557 0.0081803965559251474 -0.0053259134666591591 0.0026900378643020975 0.00091805594624698363 0.0056588244904766539 -0.0052552035073622251 -0.01174495296488785 -0.00025496991704268232 0.001050105103430369 0.012948362128392834 0.0097092496460436072 0.0041309370537189576 0.010775495214646389
leaf_weight=3.8574839383363715 2.7228159159421947 3.0689004361629513 3.6405614614486721 4.8462380319833818 2.79478646069765 4.1247819513082495 25.549682140350342 15.124093562364576 14.29161114990711 13.942320585250849 6.2781748548150045 9.4993662312626821 23.498939909040931 2.0166596025228491 1.8442583233118046 2.6617005467414856 9.3926713466644305 13.754883810877798
leaf_count=30 13 12 17 21 19 16 106 60 57 67 35 62 124 10 9 12 55 94
internal_value=0.000244418 0.00199505 0.00459128 0.00157457 -0.00342321 -6.21725e-06 -0.000605311 -0.00232068 0.00335602 0.00333822 -0.00272039 -0.00396523 -0.00153924 -0.00941748 0.00155137 -0.000687926 0.00697643 0.00812251
internal_weight=162.91 110.459 48.2995 21.5114 52.4514 62.1591 58.0343 40.6738 17.3605 18.7886 48.5939 37.8098 26.2937 11.516 10.7841 8.93988 26.7881 23.1476
internal_count=819 518 267 101 301 251 235 166 69 88 271 215 143 72 56 47 166 149
is_linear=0
shrinkage=0.01


Tree=162
num_leaves=18
num_cat=0
split_feature=43 26 29 2 60 7 2 56 56 21 55 56 0 47 20 52 46
split_gain=10.2619 5.69408 3.18794 3.78662 2.99577 2.91378 3.85743 6.0346 4.43658 2.89907 2.56356 4.83364 4.05167 3.36456 2.82512 4.12094 2.28136
threshold=17075.645507812504 0.0014492869377136233 0.32977394759655004 43193634.000000007 -2560146.3749999995 2.8975827693939213 4955965.0000000009 66.666656494140639 32.722997665405281 -660367.49999999988 4.3169193267822275 66.666656494140639 228770.00000000003 -0.92440754175186146 106331.67578125001 0.32877901196479803 -1.1909426450729368
decision_type=2 2 2 2 2 2 2 2 2 2 2 2 2 2 2 2 2
left_child=4 2 3 16 -1 6 8 -8 -3 -5 11 13 -13 -6 15 -12 -2
right_child=1 5 -4 9 10 -7 7 -9 -10 -11 14 12 -14 -15 -16 -17 -18
leaf_value=-0.011991851446170296 -0.0040989063044039476 0.014270681700167015 -0.0040188329869815104 0.0080721885919681716 -0.011949809131082996 0.0080995188033889665 -0.0052775929648623231 0.0026630167264207793 0.00090891451020308175 -0.0021680457727967198 -0.0052076041938899842 -0.011746365339245356 0.0052942896703293638 -0.00025244661727805926 0.012852095069653123 0.0096202857378378231 0.0078802101604989704
leaf_weight=3.8272662386298171 1.567812293767928 3.0622755289077785 3.8518305867910376 3.8943531438708296 2.77387661486864 4.1243124902248374 25.525893226265907 15.124776527285574 14.290997907519339 9.3502227887511236 6.2722338214516622 9.9176212027668935 1.5365482568740834 23.496495090425018 1.8395156413316716 2.6594628095626831 29.47597681730986
leaf_count=30 8 12 18 21 19 16 106 60 57 46 35 65 7 124 9 12 174
internal_value=0.000242444 0.00197874 0.00456033 0.00532905 -0.0033976 -5.51666e-06 -0.000599057 -0.00229855 0.00332445 0.000767427 -0.00269873 -0.00393484 -0.0093731 -0.00152563 0.00153772 -0.000680556 0.00724301
internal_weight=162.591 110.268 48.1402 44.2884 52.323 62.1283 58.0039 40.6507 17.3533 13.2446 48.4958 37.7245 11.4542 26.2704 10.7712 8.9317 31.0438
internal_count=819 518 267 249 301 251 235 166 69 67 271 215 72 143 56 47 182
is_linear=0
shrinkage=0.01


Tree=163
num_leaves=20
num_cat=0
split_feature=43 26 17 43 44 60 7 5 4 55 56 47 20 16 40 40 8 12 26
split_gain=10.0802 5.59914 3.34085 3.22418 4.85925 2.97083 2.85593 4.07484 4.18649 2.51983 4.77776 3.32638 2.77632 3.14699 2.21822 6.23574 2.14816 1.95019 1.92351
threshold=17075.645507812504 0.0014492869377136233 37840.000000000007 919522.96875000012 2725648.1250000005 -2560146.3749999995 2.8975827693939213 1112247.9375000002 381300.75000000006 4.3169193267822275 66.666656494140639 -0.92440754175186146 106331.67578125001 0.33134999871253973 -1.1115431785583494 -0.52388510107994068 0.8219054937362672 122864800.00000001 0.00071428564842790376
decision_type=2 2 2 2 2 2 2 2 2 2 2 2 2 2 2 2 2 2 2
left_child=5 2 3 18 -5 -1 7 8 -3 10 11 -7 13 -11 -4 -16 -12 -9 -2
right_child=1 6 14 4 -6 9 -8 17 -10 12 16 -13 -14 -15 15 -17 -18 -19 -20
leaf_value=-0.011966356308881964 0.00023669210406681052 0.001985513092833192 0.012305601475125808 -0.0043585932389904568 0.0095452107428277127 -0.011920217185489147 0.0080196708132437775 -0.003464187046363408 -0.0044350132042955508 -0.0042129904750352436 -0.012343515046152047 -0.00024994802868574323 0.012756868001385754 0.0094556941753153444 -0.011293196636585295 0.0070963006326580196 -0.0026349297388779829 -0.015832021139202779 0.011241620749006188
leaf_weight=3.7972169294953337 2.8124305754900005 38.410156860947609 6.1324271410703686 11.075765565037726 3.2311190217733374 2.7530595734715453 4.1237254887819281 3.4790981858968726 13.780839294195173 6.6857697963714582 7.7526885122060758 23.49407417327166 1.8347387313842762 2.2377316951751709 2.0106050819158616 18.428670696914192 3.6380388811230659 2.3031663447618484 4.3196828216314316
leaf_count=30 13 154 38 51 16 19 16 14 57 37 54 124 9 10 12 116 18 10 21
internal_value=0.00024038 0.00196195 0.0045266 0.00152959 -0.00114861 -0.00337231 -4.82212e-06 -0.000592866 0.000271037 -0.00267734 -0.00390487 -0.00151214 0.0015242 -0.000673253 0.00690706 0.00523841 -0.00933052 -0.00856343 0.00704222
internal_weight=162.301 110.108 48.0107 21.439 14.3069 52.1933 62.097 57.9733 52.191 48.3961 37.6379 26.2471 10.7582 8.9235 26.5717 20.4393 11.3907 5.78226 7.13211
internal_count=819 518 267 101 67 301 251 235 211 271 215 143 56 47 166 128 72 24 34
is_linear=0
shrinkage=0.01


Tree=164
num_leaves=22
num_cat=0
split_feature=43 26 17 43 59 60 39 27 47 58 6 59 34 53 57 31 1 39 40 40 57
split_gain=9.90291 5.51113 3.29741 3.17158 9.06802 2.94584 2.83974 6.56806 4.69111 4.96178 4.63597 4.54723 2.67354 3.88774 5.33612 3.67225 2.91526 2.32859 2.20817 6.11739 1.53766
threshold=17075.645507812504 0.0014492869377136233 37840.000000000007 919522.96875000012 359577.68750000006 -2560146.3749999995 5.6711292266845712 -12896255.999999998 -1.3590980172157285 2411457.3750000005 -57629171711.999992 551144.34375000012 -0.64827111363410939 -1.6633954644203184 11.872728347778322 3.2503324747085576 507266.50000000006 2.3691036701202397 -1.1115431785583494 -0.52388510107994068 92.060859680175795
decision_type=2 2 2 2 2 2 2 2 2 2 2 2 2 2 2 2 2 2 2 2 2
left_child=5 2 3 17 -5 -1 8 -8 11 -10 -9 -3 15 -14 -15 20 -17 -2 -4 -20 -7
right_child=1 6 18 4 -6 12 7 10 9 -11 -12 -13 13 14 -16 16 -18 -19 19 -21 -22
leaf_value=-0.011941127861464503 0.0012581706479542817 -0.00032847126345254054 0.01227557298881078 -0.0095787822218715239 0.0063465640866545592 -0.012441962718238272 -0.0062839339841670085 0.0013933480584866259 -0.0038239106624600732 0.007450534702406612 0.014306767520546347 0.016789156304617945 -0.012609474450910221 0.011390678356595334 -0.001625485163367361 -0.0084359693503051301 0.0073483168767366812 0.013055430212004556 -0.011111034839285126 0.0070542122112032396 -0.00075963503160632578
leaf_weight=3.7673368677496901 3.7363836914300945 3.5405451059341422 6.0861857458949116 6.7836284190416318 7.5191674679517746 6.9746709242463094 4.6855377107858684 5.9777877777814874 35.394810482859612 4.3360428214073172 5.5267859250307056 2.6177848726511002 2.7413409352302542 3.5348268449306479 28.721905179321766 2.0471297502517691 2.7115407064557076 3.3728432953357697 2.0230691730976167 18.353615239262577 1.5654449760913847
leaf_count=30 17 14 38 31 36 46 19 24 146 17 21 10 16 15 162 11 13 17 12 116 8
internal_value=0.000238212 0.0019452 0.00449464 0.00151676 -0.0011367 -0.00334756 -4.78989e-06 0.00357971 -0.00129123 -0.0025683 0.00768386 0.00678551 -0.00265653 -0.0011712 -0.000168119 -0.00649022 0.000347941 0.00699583 0.00686635 0.00520163 -0.0104176
internal_weight=162.018 109.954 47.8749 21.412 14.3028 52.0642 62.0793 16.1901 45.8892 39.7309 11.5046 6.15833 48.2969 34.9981 32.2567 13.2988 4.75867 7.10923 26.4629 20.3767 8.54012
internal_count=819 518 267 101 67 301 251 64 187 163 45 24 271 193 177 78 24 34 166 128 54
is_linear=0
shrinkage=0.01


Tree=165
num_leaves=19
num_cat=0
split_feature=11 26 7 17 45 36 39 34 2 56 44 33 23 31 55 34 54 43
split_gain=9.73225 6.82314 3.25587 3.12975 2.87938 3.7465 3.41445 2.62935 2.56682 5.17954 5.11113 2.47309 2.49579 3.51396 3.11052 1.87589 5.24794 1.78476
threshold=16.82499980926514 0.0014492869377136233 1.6753645539283755 27710.000000000004 -0.6988026201725005 -0.85866641998291005 2.227493524551392 -1.3686760663986204 4955965.0000000009 32.722997665405281 330676.06250000006 1.2672563791275027 171.50000000000003 3.9254262447357182 -1.9278963804244993 -1.1301457881927488 -6.9870870113372794 276145.20312500006
decision_type=2 2 2 2 2 2 2 2 2 2 2 2 2 2 2 2 2 2
left_child=2 3 11 4 6 -6 -2 -3 9 -9 -10 12 13 -1 -14 16 -5 -17
right_child=1 7 -4 15 5 -7 -8 8 10 -11 -12 -13 14 -15 -16 17 -18 -19
leaf_value=-0.0071245360812923573 -0.00052997127841015871 0.0070649822887051787 0.0091719652390571758 0.011575770035718906 -0.00891954518247518 0.0035297087586203071 0.010406428981899387 0.014158655783061394 -0.009994053255040285 -2.4819622833871497e-05 -0.00055803584590435721 -0.011968574902825451 -0.0077501929640340639 8.4950964661753992e-05 0.0027461930931565754 0.0044934533502247378 -0.0060856556248076819 0.011052219300841191
leaf_weight=21.150488540530208 5.0905453115701693 4.5803333967924109 1.9479593336582173 3.2346832826733589 4.4293115437030792 5.1890453994274122 6.0527597814798355 3.0552285462617901 7.0086922794580451 15.493178054690359 33.29926472902298 3.5894541069865218 3.7622212916612634 9.537479639053343 11.286674298346039 7.2003459706902531 3.4398208558559444 12.37448914349079
leaf_count=134 23 18 8 23 19 25 30 12 30 62 135 26 19 53 56 43 18 85
internal_value=0.000236212 0.00191343 -0.00335712 0.00480161 0.00183502 -0.00209928 0.00532066 -0.000211141 -0.000794375 0.00225752 -0.00222357 -0.00387218 -0.00321491 -0.00485132 5.56483e-05 0.00710991 0.00232383 0.00869075
internal_weight=161.722 110.448 51.2743 47.011 20.7617 9.61836 11.1433 63.4367 58.8564 18.5484 40.308 49.3263 45.7369 30.688 15.0489 26.2493 6.6745 19.5748
internal_count=819 523 296 266 97 44 53 257 239 74 165 288 262 187 75 169 41 128
is_linear=0
shrinkage=0.01


Tree=166
num_leaves=20
num_cat=0
split_feature=43 26 17 11 47 60 7 7 50 40 55 56 22 20 16 33 2 8 39
split_gain=9.60319 5.3568 3.21352 4.24475 4.32943 2.91947 2.79633 3.74246 4.81938 4.63771 2.44153 4.75091 3.31069 2.72788 3.06399 2.22059 2.33384 2.14704 1.53502
threshold=17075.645507812504 0.0014492869377136233 37840.000000000007 20.989999771118168 -0.28398220241069788 -2560146.3749999995 2.8975827693939213 1.9244287610054018 0.24836610257625583 -1.1780872941017149 4.3169193267822275 66.666656494140639 23267.663085937504 106331.67578125001 0.33134999871253973 -1.4635440707206724 7271354.5000000009 0.8219054937362672 1.085979759693146
decision_type=2 2 2 2 2 2 2 2 2 2 2 2 2 2 2 2 2 2 2
left_child=5 2 3 18 -5 -1 7 9 -9 -3 11 12 -7 14 -12 -4 -17 -13 -2
right_child=1 6 15 4 -6 10 -8 8 -10 -11 13 17 -14 -15 -16 16 -18 -19 -20
leaf_value=-0.011914362154744123 -0.013278720537679702 0.0076392181425725359 -0.00022255473845465189 0.01140598267058719 0.00035767808117693551 -0.00019876371529688387 0.0079400069527709831 -0.013799906316311153 0.0015994947128550882 -0.00085328598824101448 -0.0041593864283042637 -0.012304919375640362 -0.012012087887036537 0.012679385508860204 0.0093550878255501384 0.0039150492482624595 0.010669575131036776 -0.0025729248425066849 -0.00072679852319445322
leaf_weight=3.7216699570417395 2.1692164242267635 7.5664391219615927 3.6088676303625133 5.1791811138391557 11.894081935286517 23.44932292401791 4.1208115071058264 4.5078055113553983 3.5095796287059784 42.307351857423782 6.657966233789919 7.6649220213294011 2.6646158322691909 1.8277375549077977 2.2287433445453644 9.2223363369703311 13.404270604252813 3.626345582306385 2.0962287187576294
leaf_count=30 10 30 17 26 55 125 16 20 14 171 37 54 18 9 10 55 94 18 10
internal_value=0.000234302 0.00191765 0.00444192 0.00149962 0.00376776 -0.00330479 -2.79074e-06 -0.000585449 -0.00693415 0.000415076 -0.00261813 -0.00383142 -0.00144247 0.00152426 -0.000657495 0.00679693 0.00796071 -0.00926792 -0.00734459
internal_weight=161.427 109.586 47.5742 21.3387 17.0733 51.8413 62.012 57.8912 8.01739 49.8738 48.1197 37.4052 26.1139 10.7144 8.88671 26.2355 22.6266 11.2913 4.26545
internal_count=819 518 267 101 81 301 251 235 34 201 271 215 143 56 47 166 149 72 20
is_linear=0
shrinkage=0.01


Tree=167
num_leaves=22
num_cat=0
split_feature=43 26 17 11 38 60 39 32 21 31 10 23 49 34 53 57 31 3 33 39 57
split_gain=9.43507 5.273 3.1732 4.17973 2.91066 2.89492 2.77758 7.64131 5.01491 4.42592 4.87028 4.09531 3.51456 2.64513 3.83346 5.21142 3.60769 2.88877 2.19772 2.1357 1.52332
threshold=17075.645507812504 0.0014492869377136233 37840.000000000007 19.425000190734867 -1.0000000180025095e-35 -2560146.3749999995 5.6711292266845712 1.0000000180025095e-35 -3904.4999999999995 -0.55949535965919484 -0.00022149999858811495 94.500000000000014 -0.90073338150978077 -0.64827111363410939 -1.6633954644203184 11.872728347778322 3.2503324747085576 -58575.999999999993 -1.4635440707206724 0.17705271393060687 92.060859680175795
decision_type=2 2 2 2 2 2 2 2 2 2 2 2 2 2 2 2 2 2 2 2 2
left_child=5 2 3 -2 -5 -1 9 11 -9 10 -3 -8 -11 16 -15 -16 20 -18 -4 -20 -7
right_child=1 6 18 4 -6 13 7 8 -10 12 -12 -13 -14 14 15 -17 17 -19 19 -21 -22
leaf_value=-0.011889743169599606 -0.010075552985028619 -0.002108942173189657 -0.00022031374217973865 0.0010237557379243209 0.010646019925019913 -0.01239132286716851 0.014939423552142034 -0.013970761808396409 0.0036038702825587675 -0.0092638548243433889 -0.016098323337405823 0.0016434243976687845 0.0016275233282623642 -0.012544640822500735 0.011285688358756419 -0.0015722059542223827 0.0062646517187448514 -0.01007752760600431 0.0025450009688676406 0.009788310530722124 -0.00073115791089045905
leaf_weight=3.6922299340367308 2.6900840699672726 8.2840003073215467 3.609121277928355 14.484753370285038 4.1279742568731281 6.8817640244960767 5.4366891533136386 3.1310417652130127 3.2368441820144644 3.2691518664360038 3.6938009411096564 4.3588195890188217 30.574540302157402 2.7099747508764258 3.5407855063676825 28.585092231631279 3.0874899625778198 1.6569584235548962 5.9382472261786488 16.573351375758648 1.5602296888828275
leaf_count=30 13 34 17 67 21 46 21 13 13 14 16 17 123 16 15 162 14 10 37 112 8
internal_value=0.000232209 0.0019017 0.00441161 0.00148672 0.00321153 -0.00328047 -2.45431e-06 0.00354545 -0.00488041 -0.00127579 -0.00650658 0.00912504 0.000545916 -0.00259771 -0.00111888 -0.000123933 -0.00642864 0.000346511 0.00675873 0.00792205 -0.0103548
internal_weight=161.123 109.408 47.4235 21.3028 18.6127 51.7145 61.9849 16.1634 6.36789 45.8215 11.9778 9.79551 33.8437 48.0223 34.8359 32.1259 13.1864 4.74445 26.1207 22.5116 8.44199
internal_count=819 518 267 101 88 301 251 64 26 187 50 38 137 271 193 177 78 24 166 149 54
is_linear=0
shrinkage=0.01


Tree=168
num_leaves=18
num_cat=0
split_feature=43 26 29 12 60 31 49 39 33 26 34 53 57 31 1 1 57
split_gain=9.26835 5.19124 3.06066 3.14494 2.8713 2.84606 2.74418 3.53082 3.71786 3.07616 2.61026 3.78632 5.09561 3.56939 2.86626 1.53916 1.51422
threshold=17075.645507812504 0.0014492869377136233 0.32977394759655004 185776200.00000003 -2560146.3749999995 -7.905303716659545 1.4413126111030581 1.0021736919879916 -0.880619317293167 0.0021428598556667571 -0.64827111363410939 -1.6633954644203184 11.872728347778322 3.2503324747085576 507266.50000000006 1456966.0000000002 92.060859680175795
decision_type=2 2 2 2 2 2 2 2 2 2 2 2 2 2 2 2 2
left_child=4 2 3 5 -1 -2 7 9 -9 -3 13 -12 -13 16 -15 -5 -6
right_child=1 6 -4 15 10 -7 -8 8 -10 -11 11 12 -14 14 -16 -17 -18
leaf_value=-0.011865374027231904 -0.0071256961247381 -0.0083005966984814068 -0.0040511853683613671 0.0014052887110657345 -0.012360182429367568 0.0044702574457957727 -0.008049329227641077 -0.0018305592196564851 0.0041266292867531383 0.0011833460157648443 -0.012506400033877894 0.011141407555121035 -0.0015573065480869162 -0.0083896577655226661 0.0072912262674199122 0.01234579471633295 -0.00072403881584071463
leaf_weight=3.6629616469144812 2.2039358168840364 7.3604831397533399 3.8229714334011069 1.8064276427030543 6.8303686603903753 31.884701117873195 3.9811076670885077 16.437187314033505 28.082449987530712 6.0870970040559769 2.6911727190017691 3.5507215857505789 28.570065550506115 2.0378583297133437 2.7038056328892708 7.5538796633481979 1.559817388653755
leaf_count=30 11 31 18 10 46 182 17 67 111 25 16 15 162 11 13 46 8
internal_value=0.000230108 0.00188606 0.00438184 0.00514686 -0.00325516 0.00369121 -2.29047e-06 0.000533118 0.0019047 -0.00393329 -0.00257648 -0.0011085 -0.000122423 -0.00639185 0.000341046 0.0103412 -0.0103161
internal_weight=160.827 109.22 47.2719 43.4489 51.6068 34.0886 61.9483 57.9672 44.5196 13.4476 47.9438 34.812 32.1208 13.1319 4.74166 9.36031 8.39019
internal_count=819 518 267 249 301 193 251 234 178 56 271 193 177 78 24 56 54
is_linear=0
shrinkage=0.01


Tree=169
num_leaves=16
num_cat=0
split_feature=11 27 35 38 6 4 28 7 34 37 41 19 34 59 35
split_gain=9.11147 3.46092 3.92833 4.02382 3.51427 6.1101 5.49651 3.11003 2.966 2.43396 2.41354 2.73797 1.93398 0.320925 0.246987
threshold=16.82499980926514 -90798079.999999985 -1.9126175642013548 -1.6820761561393736 -58114875391.999992 433286.54687500006 -236.49999999999997 1.6753645539283755 -0.48291398584842676 2.1082451343536381 2.3773303031921391 3200.4450683593755 -0.80008432269096363 348435.56250000006 2.1509720087051396
decision_type=2 2 2 2 2 2 2 2 2 2 2 2 2 2 2
left_child=7 12 3 13 6 -6 -4 9 -5 10 11 -1 -2 -3 -11
right_child=1 2 4 8 5 -7 -8 -9 -10 14 -12 -13 -14 -15 -16
leaf_value=-0.0086694106634071701 0 0.009551204276880448 -0.0042496116002458135 -0.0063990367993549332 0.0059509710566588445 -0.0042589970188314291 0.002294785057185961 0.009006749933682159 0.0071745156083731689 -0.012381540695150479 0.0076197243248086769 -0.0022076568651266527 -0.012544396836209176 0.015786052674148957 -0.0057250058888976916
leaf_weight=8.4078508093953115 2.3483206629753113 2.6181093007326126 20.156753845512867 2.543765127658844 29.348269484937191 7.2069482132792464 35.297389484941959 1.9379779696464527 4.227297402918337 3.3896100223064414 1.9844305962324131 33.614242687821388 2.4745211899280539 3.5432687923312187 1.4788818061351774
leaf_count=56 10 17 96 12 141 33 165 8 22 22 8 191 11 16 11
internal_value=0.000227833 0.00185437 0.00224209 0.00742253 0.00150308 0.0039107 -6.59726e-05 -0.00326608 0.00192749 -0.00377318 -0.00299908 -0.00352433 -0.00637491 0.013299 -0.0105649
internal_weight=160.578 109.765 104.942 12.9324 92.0094 36.5552 55.4541 50.813 6.77106 48.875 44.0065 42.0221 4.82284 6.16138 4.86849
internal_count=819 523 502 67 435 174 261 296 34 288 255 247 21 33 33
is_linear=0
shrinkage=0.01


Tree=170
num_leaves=24
num_cat=0
split_feature=43 26 17 11 47 24 47 47 12 38 55 56 0 47 34 20 52 8 40 40 39 47 1
split_gain=8.96633 5.10643 3.12861 4.09052 4.28854 2.72445 3.89022 7.02059 4.7223 3.30047 2.43489 4.42131 4.07254 3.04251 3.21774 2.9923 4.40694 2.66347 2.2406 6.09579 1.50243 1.45801 0.357725
threshold=17075.645507812504 0.0014492869377136233 37840.000000000007 20.989999771118168 -0.28398220241069788 12.500000000000002 0.28208653628826147 0.45080380141735082 205852936.00000003 -1.3619279265403745 4.3169193267822275 66.666656494140639 228770.00000000003 -0.92440754175186146 -0.27411998808383936 106331.67578125001 0.32877901196479803 0.68068501353263866 -1.1115431785583494 -0.52388510107994068 1.085979759693146 0.37554624676704412 258336.50000000003
decision_type=2 2 2 2 2 2 2 2 2 2 2 2 2 2 2 2 2 2 2 2 2 2 2
left_child=10 2 3 20 -5 9 8 -8 -7 -3 11 13 22 -1 -15 16 17 -12 -4 -20 -2 -11 -13
right_child=1 5 18 4 -6 6 7 -9 -10 21 15 12 -14 14 -16 -17 -18 -19 19 -21 -22 -23 -24
leaf_value=-0.01181300537958738 -0.013163667714782137 0.0035213115968114488 0.012197738667663665 0.011313645063986719 0.00026973390797543694 -0.0032312087893444958 0.014562276706523755 0.00086205161669021362 0.0062631483761824546 -0.0039953243988179558 -0.012876008759344007 -0.0058486092013111573 0.0054615041298342196 -0.0058522268022357686 0.0016333675018287014 0.01263489827011925 0.0094543279059211057 0 -0.011370612356215471 0.0068722373810298186 -0.00070557366105629404 -0.015468361070841213 -0.012458321860801161
leaf_weight=2.9173282384872428 2.1568712741136578 2.4693415462970734 5.9294235184788731 5.1233640909195008 11.837293490767474 26.821071416139603 4.9431191682815578 16.138294905424118 6.4633138775825492 2.3622076064348212 2.9433970749378187 1.5784076303243626 1.5269017368555058 8.7853490784764308 16.294558003544811 1.8211370110511769 2.6376227736473083 3.708191990852356 2.002462372183806 17.952044405043122 2.0854053050279617 2.7144952118396759 9.182231701910494
leaf_count=21 10 10 38 26 55 109 19 65 26 10 19 10 7 52 87 9 12 18 12 116 10 12 66
internal_value=0.000225706 0.00185507 0.00433709 0.00142872 0.00366477 -1.64739e-05 0.000748841 0.00412188 -0.00135751 -0.00566274 -0.00321039 -0.0043577 -0.00938247 -0.00211668 -0.000948921 0.000859599 -0.00134128 -0.00577251 0.00668087 0.00499143 -0.00727528 -0.0103269 -0.0115817
internal_weight=160.394 108.999 47.0869 21.2029 16.9607 61.9118 54.3658 21.0814 33.2844 7.54604 51.3951 40.2848 12.2875 27.9972 25.0799 11.1103 9.28921 6.65159 25.8839 19.9545 4.24228 5.0767 10.7606
internal_count=819 518 267 101 81 251 219 84 135 32 301 243 83 160 139 58 49 37 166 128 20 22 76
is_linear=0
shrinkage=0.01


Tree=171
num_leaves=23
num_cat=0
split_feature=58 26 17 1 46 38 23 38 29 60 22 46 22 56 8 43 45 31 0 39 35 36
split_gain=8.82427 4.64938 3.91144 3.27201 3.67552 4.95041 4.19298 3.1686 4.91803 2.89969 2.71323 3.42971 3.03808 6.00031 2.6521 2.13091 5.13418 1.83929 1.58331 1.29515 0.845311 0.145206
threshold=66639.203125000015 0.0014285732759162786 27710.000000000004 1918470.5000000002 0.93415144085884105 -1.4365541338920591 52.500000000000007 0.18771228939294818 0.083894304931163802 -2560146.3749999995 19278.738281250004 1.6836643218994143 -35589.285156249993 6.1475605964660653 0.95910000801086437 1061434.6250000002 -0.28933960199356074 2.6116772890090947 228999.50000000003 -0.2313151732087135 1.133074998855591 0.29200823605060583
decision_type=2 2 2 2 2 2 2 2 2 2 2 2 2 2 2 2 2 2 2 2 2 2
left_child=9 2 7 14 5 -5 -6 8 -2 21 12 18 17 -14 -3 16 -4 -11 -12 -17 -9 -1
right_child=1 3 15 4 6 -7 -8 20 -10 10 11 -13 13 -15 -16 19 -18 -19 -20 -21 -22 -23
leaf_value=-0.014031360411512393 0.0086801127615857409 0.013207391692959782 0.01193789943742388 0.0023663866468478186 0.012125866034743266 -0.0044914434905511062 -0.0002863382148987555 0.012575736573801899 -0.0043813535812405636 -0.012721312377161577 -0.01130781545737846 0.0063997647135194367 0.013042173737251568 -0.0013095328433766957 0 0.0020861325037736171 -0.0016101846101345275 -0.0014419753526684806 0 0.011487735657126333 0.0027350570553779769 -0.0081450461665065962
leaf_weight=1.9149736538529385 3.835332632064822 3.2857635021209708 4.6788943931460381 16.674260452389714 4.3839122205972654 27.955423504114155 6.7814734131097794 2.4866711646318427 11.4074769616127 3.2897663041949263 7.3011408224701864 1.5540403872728337 3.2200357764959326 30.520763590931892 2.983987957239151 2.0170426815748224 6.6969180703163165 2.9767666310071945 1.5042482167482374 10.491952165961262 1.8152160644531248 2.3225727006793022
leaf_count=15 18 14 32 67 17 116 28 13 53 18 48 8 15 170 12 13 42 15 8 70 9 18
internal_value=0.000223825 0.00191869 0.00442917 0.000145888 -0.000607321 -0.00190686 0.00449756 0.0010513 -0.00102928 -0.00303231 -0.00233865 -0.00691891 -0.00112765 3.04772e-05 0.00700826 0.00715139 0.00387426 -0.00752291 -0.00938306 0.0100517 0.00865584 -0.0110411
internal_weight=160.099 105.494 43.4295 62.0648 55.7951 44.6297 11.1654 19.5447 15.2428 54.6043 50.3668 10.3594 40.0073 33.7408 6.26975 23.8848 11.3758 6.26653 8.80539 12.509 4.30189 4.23755
internal_count=819 504 250 254 228 183 45 93 71 315 282 64 218 185 26 157 74 33 56 83 22 33
is_linear=0
shrinkage=0.01


Tree=172
num_leaves=15
num_cat=0
split_feature=11 53 53 2 11 56 7 49 11 33 23 31 38 37
split_gain=8.69584 6.42019 3.66288 3.16552 6.03809 4.65331 3.01018 2.76604 2.54434 2.45 2.4394 3.42899 3.04505 1.073
threshold=16.82499980926514 -8.6035799980163556 3.6316900253295903 4955965.0000000009 61.495000839233406 66.666656494140639 1.6753645539283755 -0.83693188428878773 79.005001068115249 1.2672563791275027 171.50000000000003 3.9254262447357182 1.2886607050895693 -2.7689367532730098
decision_type=2 2 2 2 2 2 2 2 2 2 2 2 2 2
left_child=6 13 3 4 -3 -5 9 -4 -9 10 11 -1 -12 -2
right_child=1 2 7 5 -6 -7 -8 8 -10 -11 12 -13 -14 -15
leaf_value=-0.006965488499881798 0.0043728644993021393 0.0056581617698305128 -0.0057521130186108729 -0.0029785082973471121 -0.005372289266742233 0.0030664876287006594 0.0088941330839273532 0.010523959388996551 0.0004290182942198923 -0.011880311348506232 -0.0017078050593883726 0.00020459951616388501 0.010616811086046417 0.012247459397829714
leaf_weight=20.717606157064441 3.0376583710312843 21.255031779408458 1.7235847860574711 39.712496921420097 6.3880482465028754 18.621724843978882 1.9294808506965626 8.5428099259734136 3.8264934346079817 3.4876743108034125 12.518387258052824 9.4438099265098554 2.3826526328921309 6.249284975230692
leaf_count=134 18 95 8 178 29 79 8 52 23 26 64 53 11 41
internal_value=0.000222011 0.00181257 0.00106322 0.000276413 0.00307296 -0.00103165 -0.00320392 0.00579239 0.00748189 -0.00370531 -0.00305041 -0.00468731 0.000195772 0.00977944
internal_weight=159.837 109.357 100.07 85.9773 27.6431 58.3342 50.4796 14.0929 12.3693 48.5501 45.0625 30.1614 14.901 9.28694
internal_count=819 523 464 381 124 257 296 83 75 288 262 187 75 59
is_linear=0
shrinkage=0.01


Tree=173
num_leaves=19
num_cat=0
split_feature=43 55 53 28 17 4 44 14 1 30 22 60 23 46 22 45 21 6
split_gain=8.55286 4.11588 8.04367 5.38853 11.3381 4.80629 5.11245 4.60473 4.13856 5.44879 3.15883 2.81828 2.47639 2.33862 4.28377 4.18972 2.89375 1.7158
threshold=17075.645507812504 2.4028444290161137 -0.57907819747924794 -42.312499999999993 24196.000000000004 1721081.6875000002 163949.12500000003 0.10417500138282777 11702936.000000002 0.1206437610089779 19278.738281250004 -2560146.3749999995 19.500000000000004 1.437989413738251 15781.345214843752 0.340279370546341 -1783.9999999999998 -62087389183.999992
decision_type=2 2 2 2 2 2 2 2 2 2 2 2 2 2 2 2 2 2
left_child=11 2 8 7 -5 6 -3 -4 12 -10 -8 -1 -2 14 16 -15 -13 -16
right_child=1 5 3 4 -6 -7 10 -9 9 -11 -12 13 -14 15 17 -17 -18 -19
leaf_value=-0.011794479651860425 0.00084010220262672086 -0.0075318616226554115 -0.00039975675431119377 -0.013787754248950141 0.0068642000593059317 -0.0071039822724600112 0.012176599013421593 -0.016884228354216786 0.00294473191800862 -0.0058837024810360766 0.0047248431066556655 0.0018948352923321304 0.007412312881396166 -0.0095318332680956533 -0.0039298936153778132 0.0092945972840667804 -0.0041316183327067589 -0.012818110410139286
leaf_weight=3.5679211914539328 8.8905157893896121 2.4003881663084092 2.7048613876104382 4.1643386334180814 7.3305374979972839 2.9342869222164145 9.5124005898833293 5.186146005988121 20.647843264043335 10.567831836640833 15.95768368244171 13.889143936336035 18.243674278259277 1.6520000249147404 4.2064789086580276 3.9139284715056419 18.237783156335357 5.5945243909955007
leaf_count=30 41 11 11 18 33 13 49 22 101 49 80 77 90 11 26 19 102 36
internal_value=0.000220252 0.00181387 0.000573445 -0.00499043 -0.00053055 0.00491163 0.00621256 -0.0113604 0.0024391 -1.20329e-05 0.00754714 -0.00314768 0.00529578 -0.00247704 -0.00329795 0.00352714 -0.00149513 -0.00910542
internal_weight=159.602 108.541 77.7357 19.3859 11.4949 30.8048 27.8705 7.89101 58.3499 31.2157 25.4701 51.0618 27.1342 47.4939 41.9279 5.56593 32.1269 9.801
internal_count=819 518 365 84 51 153 140 33 281 150 129 301 131 271 241 30 179 62
is_linear=0
shrinkage=0.01


Tree=174
num_leaves=21
num_cat=0
split_feature=58 26 2 8 17 58 29 38 29 35 6 41 47 47 21 36 40 33 58 35
split_gain=8.43151 4.51873 3.83131 5.21653 3.82987 3.80953 4.31979 2.87581 4.96927 2.65703 2.65071 2.69054 5.61676 5.22996 5.80185 3.05872 2.27684 4.42333 1.45252 0.798077
threshold=66639.203125000015 0.0014285732759162786 2174637.0000000005 1.094000041484833 24196.000000000004 2009462.8750000002 0.060879312455654151 0.18771228939294818 0.083894304931163802 -0.873399257659912 -5559463679.999999 1.6174503564834597 0.39431120455265051 0.18732974678277972 -699.99999999999989 -0.082167420536279664 -1.1115431785583494 -1.4635440707206724 153509.35937500003 1.133074998855591
decision_type=2 2 2 2 2 2 2 2 2 2 2 2 2 2 2 2 2 2 2 2
left_child=10 4 3 18 7 6 -4 8 -2 -7 11 13 -13 15 -15 -1 -6 -18 -3 -9
right_child=1 2 5 -5 16 9 -8 19 -10 -11 -12 12 -14 14 -16 -17 17 -19 -20 -21
leaf_value=-0.012390325362605144 0.0085948758681856016 0.0052373997215606058 0.0045675339989191648 -0.0047982739760795467 0.012211205492336258 0.00065175892583985053 -0.0032370311452670116 0.012459708614771437 -0.0046631466800225929 0.014139431769010049 0.0090934748255830367 0.010034089433774122 -0.0084454322302425621 0.010849915584401505 -0.003032014102521915 -0.0046804590035373133 -0.0074722470929433748 0.0070173144454658987 0.016488732245457539 0.0026675673408785793
leaf_weight=8.6872192546725273 3.8103481680154827 2.2557080388069135 8.5829724520444852 2.6308213919401169 6.4006824418902424 3.6558257639408112 38.923557609319687 2.259054869413375 10.759362176060675 2.6332372128963462 1.7175783962011326 4.02669633924961 2.7392738088965416 3.5553796738386181 19.282517462968826 14.284879975020885 2.369151353836064 15.692973099648949 3.2822678089141846 1.8071504831314085
leaf_count=57 18 10 34 11 41 15 161 12 50 10 8 19 15 17 109 90 11 109 13 9
internal_value=0.000218122 0.00187751 0.000131245 0.00652618 0.00436497 -0.00082123 -0.00180594 0.000887794 -0.0011272 0.00645807 -0.00297453 -0.0033878 0.00240466 -0.00426515 -0.000827103 -0.00763958 0.00697302 0.0050614 0.0120865 0.0083537
internal_weight=159.357 105.063 61.9644 8.1688 43.0987 53.7956 47.5065 18.6359 14.5697 6.28906 54.2935 52.576 6.76597 45.81 22.8379 22.9721 24.4628 18.0621 5.53798 4.06621
internal_count=819 504 254 34 250 220 195 89 68 25 315 307 34 273 126 147 161 120 23 21
is_linear=0
shrinkage=0.01


Tree=175
num_leaves=19
num_cat=0
split_feature=58 53 55 53 34 47 4 47 60 17 22 35 33 34 57 44 55 36
split_gain=8.28115 4.28758 5.30512 5.07388 9.28241 6.69182 4.27272 3.82787 2.83862 2.64987 2.62461 3.04188 3.76866 2.34202 1.73035 0.711915 0.308396 0.146811
threshold=66639.203125000015 -8.6035799980163556 2.4028444290161137 -0.57907819747924794 -0.48291398584842676 0.71588054299354564 1721081.6875000002 0.31432543694972997 -2560146.3749999995 14347.500000000002 19278.738281250004 1.5186760425567629 0.86604130268096935 1.2202934026718142 98.949478149414077 58838.970703125007 2.0929900407791142 0.29200823605060583
decision_type=2 2 2 2 2 2 2 2 2 2 2 2 2 2 2 2 2 2
left_child=8 9 3 5 -5 -3 7 -4 17 -2 11 12 -10 14 -12 -11 -13 -1
right_child=1 2 6 4 -6 -7 -8 -9 10 15 13 16 -14 -15 -16 -17 -18 -19
leaf_value=-0.013975491751540536 0 0.0030695695573966413 0.0032105596530922213 -0.015089026184214392 8.0414754599405849e-05 -0.0074175615412639005 -0.0070591072262689882 0.011260526111575703 -0.0010657284185367087 0.0043057865503846387 -0.0119728884002157 -0.012259219482178535 0.011715746753126501 0.0011350929886984346 0 0.012339771452774172 -0.0046093820588613997 -0.0080346166971342597
leaf_weight=1.8740196898579586 3.4721345901489249 34.844923846423626 22.152926057577137 6.1358141750097301 11.398328140377997 7.3389559760689727 2.9316704124212256 8.3699606582522375 33.629025608301163 1.8437750637531261 6.1198299378156644 2.3375600352883334 2.4743006676435462 2.5621786788105965 1.5552794039249418 6.403184600174427 1.3480298072099683 2.2856851667165756
leaf_count=15 17 158 111 26 50 33 13 43 180 11 42 15 13 14 8 42 10 18
internal_value=0.000216594 0.00186233 0.00113267 -0.000638754 -0.00517088 0.00122136 0.00432463 0.00545078 -0.00295072 0.0075782 -0.00226547 -0.0010737 -0.000162066 -0.00679978 -0.00957897 0.0106649 -0.00973257 -0.0109515
internal_weight=159.078 104.892 93.1726 59.718 17.5341 42.1839 33.4546 30.5229 54.1859 11.7191 50.0262 39.7889 36.1033 10.2373 7.67511 8.24696 3.68559 4.1597
internal_count=819 504 434 267 76 191 167 154 315 70 282 218 193 64 50 53 25 33
is_linear=0
shrinkage=0.01


Tree=176
num_leaves=21
num_cat=0
split_feature=43 26 59 2 29 28 53 49 2 28 14 45 3 3 18 33 23 59 10 33
split_gain=8.18311 4.76224 3.01933 7.19322 6.4521 2.69117 4.9043 2.66835 3.5572 5.73892 4.93898 2.3782 3.29563 5.64215 4.40344 4.19122 2.23555 2.20168 1.69322 1.14755
threshold=17075.645507812504 0.0014492869377136233 359577.68750000006 51567010.000000007 0.32977394759655004 -1629.3124999999998 -8.6035799980163556 1.4413126111030581 4955965.0000000009 -63.562499999999993 0.034999999217689044 -0.88606020808219899 86680.000000000015 4618294.5000000009 5819.0000000000009 -0.71734598278999318 275.00000000000006 271368.17187500006 0.00055243002134375285 0.7912433147430421
decision_type=2 2 2 2 2 2 2 2 2 2 2 2 2 2 2 2 2 2 2 2
left_child=11 2 3 4 -2 6 -4 8 9 -3 -10 19 14 16 -13 -16 -14 -5 -7 -1
right_child=1 7 5 17 -6 18 -8 -9 10 -11 -12 12 13 -15 15 -17 -18 -19 -20 -21
leaf_value=-0.012400306750295756 0.0068173913750308422 -0.0019095872029441063 0.011944408315976983 -0.011852773954049701 -0.010045517123768267 0.011102055403174178 -0.010844714731137677 -0.0079800420414877938 -0.015974732367346152 0.0098207528790301112 -0.00022277534693351957 0.010877246655225463 -0.0094603211442357022 0.013054460292478533 -0.0064033619850674909 0.0018087357038069794 -1.0149424130821396e-05 0 0.00097545469940924499 -0.00017391933922438551
leaf_weight=3.8038899526000014 19.868099734187133 7.5286993384361294 1.8070320487022402 3.8598564192652693 2.5177207440137854 11.523329488933085 1.9779513403773332 3.963051125407218 2.1065811514854422 9.0312798917293531 39.109312117099762 3.1594857797026661 12.582274980843069 1.422091357409953 10.716796964406971 14.518715098500248 3.390648439526557 2.6281203329563141 2.1852374821901313 1.172728583216667
leaf_count=27 121 30 11 18 12 69 10 17 9 36 159 15 87 8 62 76 18 13 13 8
internal_value=0.000214613 0.00177574 0.0041978 0.00216262 0.00487616 0.00749978 0 -2.70934e-05 0.000501119 0.00442738 -0.00105213 -0.00309006 -0.00234764 -0.00577764 -0.000211182 -0.00163908 -0.00751689 -0.00704593 0.00956075 -0.00972013
internal_weight=158.873 108.106 46.3673 28.8738 22.3858 17.4936 3.78498 61.7389 57.7759 16.56 41.2159 50.7666 45.79 17.395 28.395 25.2355 15.9729 6.48798 13.7086 4.97662
internal_count=819 518 267 164 133 103 21 251 234 66 168 301 266 113 153 138 105 31 82 35
is_linear=0
shrinkage=0.01


Tree=177
num_leaves=15
num_cat=0
split_feature=11 53 55 53 34 3 44 4 7 13 33 33 23 35
split_gain=8.0462 6.23383 4.05436 5.39064 8.46666 5.90876 4.18701 4.70823 2.9024 2.83553 2.4213 2.42381 2.14786 0.939979
threshold=16.82499980926514 -8.6035799980163556 2.4028444290161137 -0.57907819747924794 -0.48291398584842676 -879224.49999999988 163949.12500000003 1376315.9375000002 1.6753645539283755 134551424.00000003 1.2672563791275027 1.1544322967529299 171.50000000000003 -2.3156344890594478
decision_type=2 2 2 2 2 2 2 2 2 2 2 2 2 2
left_child=8 13 3 5 -5 -3 9 -8 10 -4 11 12 -1 -2
right_child=1 2 6 4 -6 -7 7 -9 -10 -11 -12 -13 -14 -15
leaf_value=-0.0050119198625667031 0.0042833204510662791 -0.0016524969141163016 -0.012007177490330976 -0.013834825194106613 0 0.0058780675676030894 0.00624534894734248 -0.0059359184793183759 0.0088101300056989493 0.0031944952207214432 -0.011814969601795639 0.0083318921809572843 -0.00017693331625951979 0.011922761283108827
leaf_weight=28.702450081706047 2.8041853234171867 25.239291988313198 2.6503320932388297 6.8849423229694393 12.417014017701147 17.599114648997784 29.111567385494709 3.4776796698570243 1.91849885880947 2.1358364522457123 3.412516012787818 1.7777035832405079 14.157625019550322 6.2999149113893491
leaf_count=180 15 113 12 29 55 81 148 16 8 10 26 10 72 44
internal_value=0.000212549 0.0017462 0.00101038 -0.000541033 -0.00494048 0.00141791 0.00361651 0.00491477 -0.00310122 -0.00501447 -0.00359762 -0.002947 -0.00343815 0.00967955
internal_weight=158.589 108.62 99.5158 62.1404 19.302 42.8384 37.3754 32.5892 49.9688 4.78617 48.0503 44.6378 42.8601 9.1041
internal_count=819 523 464 278 84 194 186 164 296 22 288 262 252 59
is_linear=0
shrinkage=0.01


Tree=178
num_leaves=21
num_cat=0
split_feature=43 26 17 46 41 60 7 5 4 34 35 57 2 45 3 40 40 12 46 44
split_gain=7.92479 4.64834 2.98515 2.95378 4.88601 2.77408 2.75896 3.96377 3.82279 2.54269 3.80127 4.71763 3.14967 3.38116 2.83624 2.21793 6.04679 1.86232 1.39112 1.16084
threshold=17075.645507812504 0.0014492869377136233 37840.000000000007 -0.19047061353921887 -0.82756873965263356 -2560146.3749999995 2.8975827693939213 1112247.9375000002 381300.75000000006 -0.64827111363410939 1.4731959104537966 19.645591735839847 1251915.5000000002 -0.084792103618383394 3679174.0000000005 -1.1115431785583494 -0.52388510107994068 122864800.00000001 -0.5416370928287505 1519185.5000000002
decision_type=2 2 2 2 2 2 2 2 2 2 2 2 2 2 2 2 2 2 2 2
left_child=5 2 3 4 -2 -1 7 8 -3 12 11 -11 18 -14 -12 -4 -17 -9 -7 -5
right_child=1 6 15 19 -6 9 -8 17 -10 10 14 -13 13 -15 -16 16 -18 -19 -20 -21
leaf_value=-0.011740333302652109 -0.011383954220436253 0.0018871537286687312 0.012078109075527215 0.013325962468357986 0.0021005055835621833 -0.0038418145052383753 0.0078681871704005309 -0.0035087113164979193 -0.0042708735603565872 0.009514598486130817 -0.010355247529573603 -0.0011606474962339184 -0.0097121961620425523 0.009160064422162011 0.002879219829644101 -0.011589652120984856 0.0066967821024517416 -0.01566678332800741 -0.012559827822964767 0.0023302178853810418
leaf_weight=3.4782556444406501 3.3691631704568907 38.147659227252007 5.7086407989263561 2.4206605851650229 13.10747691988945 3.2823146730661383 4.1091679632663718 3.466977894306182 13.677062302827833 5.1337991505861309 6.1081652343273145 20.954239688813686 1.6076745241880419 2.2777517884969702 2.0589175447821617 1.9807748422026694 17.51219472289085 2.2751705795526505 5.66455353796482 2.0154553800821304
leaf_count=30 16 154 38 12 63 20 16 14 57 23 38 120 11 10 12 12 116 10 37 10
internal_value=0.000210671 0.00174877 0.00415056 0.00129739 -0.000596121 -0.0030483 -3.08067e-05 -0.000612014 0.000242693 -0.002385 -0.000928268 0.000901775 -0.00619574 0.00109391 -0.0068964 0.00647849 0.00478731 -0.00850017 -0.00947324 0.0085557
internal_weight=158.356 107.79 46.1144 20.9128 16.4766 50.5657 61.676 57.5669 51.8247 47.0874 34.2551 26.088 12.8323 3.88543 8.16708 25.2016 19.493 5.74215 8.94687 4.43612
internal_count=819 518 267 101 79 301 251 235 211 271 193 143 78 21 50 166 128 24 57 22
is_linear=0
shrinkage=0.01


Tree=179
num_leaves=15
num_cat=0
split_feature=11 53 53 31 17 35 7 11 20 37 41 47 37 35
split_gain=7.79389 6.13748 3.46849 3.05492 5.1895 3.02524 2.81919 2.55963 2.48137 2.40899 2.29873 2.53159 1.07626 0.242023
threshold=16.82499980926514 -8.6035799980163556 3.6316900253295903 -2.5346746444702144 32704.500000000004 2.5904302597045903 1.6753645539283755 79.005001068115249 191.42704010009768 2.1082451343536381 2.3773303031921391 0.18732974678277972 -2.7689367532730098 2.1509720087051396
decision_type=2 2 2 2 2 2 2 2 2 2 2 2 2 2
left_child=6 12 3 4 -3 7 9 -4 -5 10 11 -1 -2 -11
right_child=1 2 5 8 -6 -7 -8 -9 -10 13 -12 -13 -14 -15
leaf_value=-0.006022225446227809 0.0041708507839593126 -0.012078616162856251 0.0103778050017596 -0.0094924847532698881 0.0033043434043488187 -0.0070390532543043536 0.0086916431393113721 0.00013746569835779734 0.0011994455272367126 -0.012249584124021266 0.0076034131376625297 -0.00097882227808619043 0.012147277053226173 -0.005529214997956413
leaf_weight=18.760712258517742 2.971591629087925 4.9946300685405713 8.5408239439129776 2.2193247228860846 3.7667565196752548 1.5850368365645415 1.9135387390851963 3.6978958249092111 74.519946873188019 3.277468428015708 1.9767284840345372 22.408199645578861 6.048152878880499 1.4244114831089971
leaf_count=123 18 22 53 10 19 8 8 22 330 22 8 124 41 11
internal_value=0.000208761 0.00171936 0.000990898 0.000227298 -0.00535093 0.00564146 -0.00306016 0.00736542 0.0008772 -0.00355104 -0.00277861 -0.0033014 0.00963028 -0.0104264
internal_weight=158.105 108.344 99.3244 85.5007 8.76139 13.8238 49.7611 12.2387 76.7393 47.8475 43.1456 41.1689 9.01974 4.70188
internal_count=819 523 464 381 41 83 296 75 340 288 255 247 59 33
is_linear=0
shrinkage=0.01


Tree=180
num_leaves=22
num_cat=0
split_feature=43 26 59 2 29 7 5 11 28 53 45 3 55 18 33 59 28 10 48 28 33
split_gain=7.6655 4.53891 2.98887 7.04458 6.22415 2.71055 3.88811 4.5711 2.6725 4.76899 2.35122 3.26282 5.58997 4.31212 4.12969 2.13761 1.9991 1.70105 1.51915 1.33503 1.13616
threshold=17075.645507812504 0.0014492869377136233 359577.68750000006 51567010.000000007 0.32977394759655004 2.8975827693939213 1112247.9375000002 75.81000137329103 -1629.3124999999998 -8.6035799980163556 -0.88606020808219899 86680.000000000015 4.3169193267822275 5819.0000000000009 -0.71734598278999318 271368.17187500006 700.16210937500011 0.00055243002134375285 1.4578902125358584 -78.374999999999986 0.7912433147430421
decision_type=2 2 2 2 2 2 2 2 2 2 2 2 2 2 2 2 2 2 2 2 2
left_child=10 2 3 4 -2 6 7 -3 9 -4 20 13 18 -12 -15 -5 -14 -10 -13 -8 -1
right_child=1 5 8 15 -6 -7 19 -9 17 -11 11 12 16 14 -16 -17 -18 -19 -20 -21 -22
leaf_value=-0.012343469166179953 0.0067076203677174651 -0.00051460904691578426 0.011854696338582354 -0.011781113689070736 -0.0098817035002933488 0.0077957395746114499 -0.0024764219974785363 0.011734377705738071 0.011034254626411402 -0.010752266881626234 0.010831623530340855 -0.011171315947514393 0.0066797545167244813 -0.0063158616525900166 0.001864480777401401 0 -0.0055666246545579339 0.00083820640347658101 0 -0.012792163027894944 -0.00011540929230329991
leaf_weight=3.7414777725934973 19.623613432049758 48.563307732343674 1.7691513150930407 3.8549153804779044 2.5117480456829062 4.1067759841680518 2.5178516805171967 3.2468648552894583 11.369979262351988 1.9744954556226755 3.159339718520644 9.9506372809410113 3.7271538972854605 10.6241624429822 14.45792622864246 2.6147531270980835 2.0012639462947845 2.1638561785221091 1.5320121645927418 3.2118978798389426 1.1635031253099439
leaf_count=27 121 198 11 18 12 16 10 13 69 10 15 73 20 62 76 13 11 13 9 14 8
internal_value=0.000206973 0.00172077 0.00410246 0.00207012 0.00478002 -3.56582e-05 -0.000611985 0.000233715 0.00740938 0 -0.00300561 -0.00226693 -0.00570066 -0.000138925 -0.00156064 -0.00704695 0.00222683 0.00947795 -0.00974258 -0.00843359 -0.00964674
internal_weight=157.887 107.529 45.8825 28.605 22.1354 61.6467 57.5399 51.8102 17.2775 3.74365 50.3575 45.4525 17.2111 28.2414 25.0821 6.46967 5.72842 13.5338 11.4826 5.72975 4.90498
internal_count=819 518 267 164 133 251 235 211 103 21 301 266 113 153 138 31 31 82 82 24 35
is_linear=0
shrinkage=0.01


Tree=181
num_leaves=24
num_cat=0
split_feature=43 26 59 1 29 60 28 53 39 32 22 47 21 59 23 34 19 23 31 3 21 10 26
split_gain=7.52894 4.46829 2.95323 5.84677 5.77442 2.75267 2.64027 4.6872 2.57384 7.44914 6.78117 4.52735 4.76228 4.39101 3.96494 2.52013 3.66746 7.1268 3.50042 2.80941 1.93205 1.68751 1.04748
threshold=17075.645507812504 0.0014492869377136233 359577.68750000006 108335416.00000001 0.32977394759655004 -2560146.3749999995 -1629.3124999999998 -8.6035799980163556 5.6711292266845712 1.0000000180025095e-35 8163.3598632812509 -1.3590980172157285 -769187.99999999988 551144.34375000012 94.500000000000014 -0.64827111363410939 72790.992187500015 289.50000000000006 3.2503324747085576 -58575.999999999993 72736.500000000015 0.00055243002134375285 0.00026214389072265481
decision_type=2 2 2 2 2 2 2 2 2 2 2 2 2 2 2 2 2 2 2 2 2 2 2
left_child=5 2 3 4 -2 -1 7 -4 11 14 -11 13 -13 -3 -10 18 17 -17 22 -20 -18 -8 -7
right_child=1 8 6 -5 -6 15 21 -9 9 10 -12 12 -14 -15 -16 16 20 -19 19 -21 -22 -23 -24
leaf_value=-0.011705653076207393 0.0047899860293096706 -0.00031107670900406013 0.011822963226901991 -0.016253035352791659 -0.010403056953360822 -0.0034006904549579498 0.01099403165113785 -0.010621054023618556 0.014661668405682093 0.0036158230617156979 -0.017202153659829002 -0.013598877245475096 -0.0014007640047671108 0.016557272340673522 0.0015455083128862097 -0.0011761396819835864 0 0.015608664007594064 0.0064184929244534119 -0.0098694323568850051 -0.014141786178886492 0.0008301345814718925 -0.012344331085390561
leaf_weight=3.427951291203498 24.159556381404407 3.5202318429946891 1.7562256008386614 1.6273257285356511 2.7559291869401923 2.1156842410564405 11.297824211418627 1.9788773655891443 5.3964032083749789 3.6757106482982627 2.6547463536262512 3.554827392101287 35.87824983894825 2.600332647562027 4.3475364744663239 26.831749901175503 1.5585847422480572 2.7896222025156012 3.0464102551341057 1.6112710908055294 2.9087043404579163 2.1630518436431876 5.9557396322488785
leaf_count=30 144 14 11 7 13 13 69 10 21 15 11 15 148 10 17 157 10 11 14 10 15 13 41
internal_value=0.000205016 0.0017061 0.00407434 0.00205323 0.00319719 -0.00298265 0.00737093 0 -3.53163e-05 0.00338817 -0.00495646 -0.00126531 -0.00252576 0.00669209 0.00891215 -0.00232261 -0.000870549 0.000370827 -0.00613267 0.000569174 -0.00932562 0.00943507 -0.0101239
internal_weight=157.613 107.367 45.7388 28.5428 26.9155 50.2457 17.196 3.7351 61.628 16.0744 6.33046 45.5536 39.4331 6.12056 9.74394 46.8178 34.0887 29.6214 12.7291 4.65768 4.46729 13.4609 8.07142
internal_count=819 518 267 164 157 301 103 21 251 64 26 187 163 24 38 271 193 168 78 24 25 82 54
is_linear=0
shrinkage=0.01


Tree=182
num_leaves=20
num_cat=0
split_feature=58 2 53 55 39 17 8 17 60 22 46 22 29 2 31 34 58 39 39
split_gain=7.42012 4.22971 4.57419 5.52473 5.69718 4.4667 3.29523 3.13224 2.78639 2.57318 3.29041 2.97022 5.12938 1.83121 1.79641 1.36488 0.476366 0.148674 0.0521354
threshold=66639.203125000015 2174637.0000000005 -8.6035799980163556 2.4028444290161137 0.93061417341232311 1.0000000180025095e-35 1.094000041484833 14347.500000000002 -2560146.3749999995 19278.738281250004 1.6836643218994143 -35589.285156249993 0.027547429315745834 957823.50000000012 2.6116772890090947 1.2202934026718142 234066.44531250003 2.5765643119812016 5.0070769786834726
decision_type=2 2 2 2 2 2 2 2 2 2 2 2 2 2 2 2 2 2 2
left_child=8 6 7 4 -4 -5 13 -3 17 11 15 14 -13 -2 -10 -11 -9 -1 -15
right_child=1 2 3 5 -6 -7 -8 16 9 10 -12 12 -14 18 -16 -17 -18 -19 -20
leaf_value=-0.012495023785840035 0.0025695455488758952 -0.0011689833947415549 -0.0065547836933010093 -0.0030278536059373451 0.00051872442730394974 0.0058987477742753133 -0.00039060052990754759 0.0054737990558044501 -0.012543620418249319 -0.011069579404414685 0.0064081296928572683 0.015585727798403327 -0.00077750775523987984 0.015520352027405957 -0.0013050517005871365 -0.00014366947579081614 0.012162954388733828 -0.0057821062656881637 0.01071267068790073
leaf_weight=2.9075971990823737 2.2080292254686338 3.0511988103389722 16.736744739115238 7.3212980777025249 34.938972733914852 22.323960810899734 3.5102012753486624 2.0903798490762711 3.2182082310318938 6.9369852989912015 1.5399995297193516 2.0394160300493231 31.151708073914051 3.6832531839609146 2.9428118914365768 1.5931549519300459 5.7235515862703323 1.1175513863563535 2.2999121695756912
leaf_count=26 11 15 77 33 155 117 16 13 18 47 8 9 176 16 15 9 39 7 12
internal_value=0.000203038 0.00176663 0.00103513 0.000208231 -0.00175289 0.00366047 0.00744408 0.00713207 -0.00281745 -0.0021406 -0.00666822 -0.000956579 0.000197797 0.0109236 -0.00733783 -0.0091462 0.0105015 -0.0108797 0.0138394
internal_weight=157.335 103.888 92.1861 81.321 51.6757 29.6453 11.7014 10.8651 53.4474 49.4223 10.0701 39.3521 33.1911 8.19119 6.16102 8.53014 7.81393 4.02515 5.98317
internal_count=819 504 449 382 232 150 55 67 315 282 64 218 185 39 33 56 52 33 28
is_linear=0
shrinkage=0.01


Tree=183
num_leaves=17
num_cat=0
split_feature=11 26 17 7 34 46 49 36 4 49 33 33 40 46 28 13
split_gain=7.31831 5.59723 2.86249 2.72163 2.59215 2.76502 3.44227 2.64692 2.48073 2.48883 2.3937 2.37119 2.47058 2.04281 3.15909 0.464365
threshold=16.82499980926514 0.0014492869377136233 27710.000000000004 1.6753645539283755 -1.3686760663986204 -0.94083204865455616 -0.049165759235620492 -0.58665281534194935 1429728.2500000002 -0.27701939642429346 1.2672563791275027 1.1544322967529299 0.64300638437271129 -0.37793838977813715 -315.93749999999994 226020832.00000003
decision_type=2 2 2 2 2 2 2 2 2 2 2 2 2 2 2 2
left_child=3 2 8 10 -3 7 -7 -6 9 -2 11 12 -1 15 -15 -4
right_child=1 4 13 -5 5 6 -8 -9 -10 -11 -12 -13 -14 14 -16 -17
leaf_value=-0.0018328281660774535 0.001419753853465669 0.0070101203721959805 0.011640505454533269 0.0086014213644485128 0 0.0020733431423931954 -0.0030460481827210761 -0.014857403022337259 -0.007540521119234052 0.013050008829112563 -0.011740823472776754 0.0083726718909185056 -0.0074069006220629664 -0.0016830213519662637 0.0076190636407428578 0.0038554179456202408
leaf_weight=31.311425425112247 15.450452163815502 4.5444308221340171 7.5240522399544734 1.9010914415121067 2.3719053268432617 30.12266518175602 23.253652259707451 2.6263230443000785 2.5805182158946982 2.1435019224882135 3.3276279643177977 1.7666513472795475 11.043185539543627 5.3642237707972518 10.481836892664431 1.3077898994088171
leaf_count=178 74 18 57 8 10 121 96 12 12 11 26 10 74 33 70 9
internal_value=0.000201103 0.00166749 0.00436788 -0.00298095 -0.00024162 -0.000823295 -0.00013821 -0.00793928 0.00150934 0.00289353 -0.00346608 -0.00281934 -0.00330978 0.00666424 0.00440701 0.0106009
internal_weight=157.121 107.771 44.8524 49.35 62.919 58.3745 53.3763 4.99823 20.1745 17.594 47.4489 44.1213 42.3546 24.6779 15.8461 8.83184
internal_count=819 523 266 296 257 239 217 22 97 85 288 262 252 169 103 66
is_linear=0
shrinkage=0.01


Tree=184
num_leaves=19
num_cat=0
split_feature=58 2 53 55 53 17 44 17 60 22 46 22 56 3 31 34 44 36
split_gain=7.19066 4.17503 4.50305 5.41025 5.22119 4.36726 4.22145 3.08419 2.76008 2.54099 3.23081 2.9198 5.53866 1.7944 1.78129 1.36157 0.715144 0.145586
threshold=66639.203125000015 2174637.0000000005 -8.6035799980163556 2.4028444290161137 -0.50617459416389454 1.0000000180025095e-35 21645.689453125004 14347.500000000002 -2560146.3749999995 19278.738281250004 1.6836643218994143 -35589.285156249993 6.1475605964660653 275745.50000000006 2.6116772890090947 1.2202934026718142 58838.970703125007 0.29200823605060583
decision_type=2 2 2 2 2 2 2 2 2 2 2 2 2 2 2 2 2 2
left_child=8 6 7 4 -4 -5 -2 -3 17 11 15 14 -13 -8 -10 -11 -9 -1
right_child=1 2 3 5 -6 -7 13 16 9 10 -12 12 -14 -15 -16 -17 -18 -19
leaf_value=-0.013920942301893278 -0.0032325540570727457 -0.0011419919808896117 0.00019381472583717923 -0.002992543195218213 -0.0068912979799776912 0.0058371843011921099 0.014564256833335945 0.0040210102850574865 -0.012480266830013907 -0.011019568856190024 0.0063382164594206437 0.012825142714823063 -0.0010843333784068194 0.0049168313558850167 -0.0012640325694162373 -8.9623767360104582e-05 0.012218294287349978 -0.0078773193131624359
leaf_weight=1.7927140966057771 2.7212341725826255 3.0480714887380582 37.354294791817665 7.3219872415065792 14.280636414885519 22.23939061909914 5.2892149388790113 1.7855526283383367 3.1966655328869811 6.887750491499899 1.5374872162938107 3.1623581275343886 29.954571537673473 3.6440112590789795 2.9355365335941315 1.5886620357632635 5.9530481100082397 2.1899295821785927
leaf_count=15 13 15 170 33 62 117 25 11 18 47 8 15 170 17 15 9 41 18
internal_value=0.00019943 0.00173992 0.00101287 0.00019375 -0.00174634 0.00361634 0.00739236 0.00708605 -0.0027802 -0.00210759 -0.00662055 -0.000930693 0.000213696 0.0107409 -0.00727404 -0.00908904 0.0104561 -0.0108488
internal_weight=156.883 103.637 91.983 81.1963 51.6349 29.5614 11.6545 10.7867 53.2457 49.263 10.0139 39.2491 33.1169 8.93323 6.1322 8.47641 7.7386 3.98264
internal_count=819 504 449 382 232 150 55 67 315 282 64 218 185 42 33 56 52 33
is_linear=0
shrinkage=0.01


Tree=185
num_leaves=16
num_cat=0
split_feature=11 53 55 53 34 3 44 4 37 7 41 19 8 37 35
split_gain=7.08364 5.84783 3.78047 5.15319 8.24929 5.67138 4.03813 4.5635 2.74878 2.31117 2.19011 2.67045 1.4135 1.08484 0.232778
threshold=16.82499980926514 -8.6035799980163556 2.4028444290161137 -0.57907819747924794 -0.48291398584842676 -879224.49999999988 163949.12500000003 1376315.9375000002 2.1082451343536381 1.6753645539283755 2.3773303031921391 3200.4450683593755 0.63663950562477123 -2.7689367532730098 2.1509720087051396
decision_type=2 2 2 2 2 2 2 2 2 2 2 2 2 2 2
left_child=8 13 3 5 -5 -3 12 -8 9 10 11 -1 -4 -2 -10
right_child=1 2 6 4 -6 -7 7 -9 14 -11 -12 -13 -14 -15 -16
leaf_value=-0.0083647732053653123 0.003957666199521633 -0.0016541255696090893 -0.010428649423409962 -0.013670713747408882 0 0.0057460673628892383 0.0060808087997915464 -0.0059494387902845492 -0.012163693605395947 0.0085285589161538701 0.0074852119246314195 -0.0018540645235673881 7.4902591720751142e-05 0.012052888312725473 -0.0054745133851344619
leaf_weight=8.0359982028603536 2.9074293375015259 25.142281852662563 2.4062328040599814 6.8572889566421535 12.330225870013235 17.465905539691448 28.725500546395779 3.458978369832038 3.2097615897655478 1.8962687253952015 1.9755314290523518 32.64427287876606 2.3468787372112274 5.8580759242176992 1.405936039984226
leaf_count=56 18 113 11 29 55 81 148 16 22 8 8 191 11 41 11
internal_value=0.000197468 0.00164151 0.000935317 -0.000563638 -0.00487829 0.00135588 0.00347011 0.00475681 -0.0029394 -0.00214994 -0.0026481 -0.00316477 -0.00503207 0.00948187 -0.0103428
internal_weight=156.667 107.499 98.7333 61.7957 19.1875 42.6082 36.9376 32.1845 49.1678 44.5521 42.6558 40.6803 4.75311 8.76551 4.6157
internal_count=819 523 464 278 84 194 186 164 296 263 255 247 22 59 33
is_linear=0
shrinkage=0.01


Tree=186
num_leaves=17
num_cat=0
split_feature=43 27 55 53 34 47 4 43 60 34 35 19 2 45 59 46
split_gain=6.97146 3.74481 3.25273 7.88485 8.37191 5.4014 4.56728 3.36718 2.69112 2.46788 3.75534 4.62954 3.10622 3.2606 2.7389 1.40063
threshold=17075.645507812504 -156603647.99999997 2.4028444290161137 -0.57907819747924794 -0.48291398584842676 0.71588054299354564 1376315.9375000002 1945398.6250000002 -2560146.3749999995 -0.64827111363410939 1.4731959104537966 72790.992187500015 1251915.5000000002 -0.084792103618383394 97538.792968750015 -0.5416370928287505
decision_type=2 2 2 2 2 2 2 2 2 2 2 2 2 2 2 2
left_child=8 -2 3 5 -5 -3 7 -4 -1 12 11 -11 15 -14 -12 -10
right_child=1 2 6 4 -6 -7 -8 -9 9 10 14 -13 13 -15 -16 -17
leaf_value=-0.011647848867060795 -0.0094582941961469155 0.0042556105206278281 0.0045472212365349979 -0.013557928850782872 0.00019946359436051172 -0.0037812234067357456 -0.0058857620071311127 0.014361274232655069 -0.0036481967132639009 0.0026119710529796196 -0.0096729979437989652 -0.010446123756905385 -0.0095282792728579591 0.0091484660440575832 0.0048385294354770167 -0.012471509024319863
leaf_weight=3.3266190961003295 2.9239380657672873 44.864931024610996 21.960172422230251 6.8452499061822918 12.110027492046354 10.149320743978022 3.4614239484071723 4.3408858627080908 3.2270033136010161 22.773871272802356 6.5006735846400243 3.0667856261134139 1.5685128197073939 2.2656486928462973 1.5254761502146719 5.5269282236695281
leaf_count=30 14 220 112 29 54 50 16 23 20 126 42 17 11 10 8 37
internal_value=0.000195667 0.00164387 0.00196645 0.000826812 -0.00471594 0.00275476 0.00476524 0.00620501 -0.002887 -0.00223811 -0.000798755 0.00102353 -0.00603109 0.0012472 -0.0067903 -0.00933316
internal_weight=156.437 106.656 103.732 73.9695 18.9553 55.0143 29.7625 26.3011 49.7815 46.4549 33.8668 25.8407 12.5881 3.83416 8.02615 8.75393
internal_count=819 518 504 353 83 270 151 135 301 271 193 143 78 21 50 57
is_linear=0
shrinkage=0.01


Tree=187
num_leaves=20
num_cat=0
split_feature=43 26 59 2 29 60 58 24 47 42 35 28 36 19 23 27 42 38 42
split_gain=6.8449 4.21131 2.93218 6.7696 5.92272 2.66864 2.63764 3.64489 4.1552 3.00883 2.81836 2.6213 3.43061 2.20417 6.26735 5.46768 3.92112 2.07793 1.7094
threshold=17075.645507812504 0.0014492869377136233 359577.68750000006 51567010.000000007 0.32977394759655004 -2560146.3749999995 2009462.8750000002 12.500000000000002 0.28208653628826147 -8.4999999671708779e-05 -0.873399257659912 -1629.3124999999998 -2.0444108247756954 72790.992187500015 289.50000000000006 4761600.0000000009 -0.00059750000946223725 -2.2515662908554073 0.00055243002134375285
decision_type=2 2 2 2 2 2 2 2 2 2 2 2 2 2 2 2 2 2 2
left_child=5 2 3 4 -2 -1 7 9 -9 -3 -8 12 -4 14 16 -15 -7 -5 -13
right_child=1 6 11 17 -6 13 10 8 -10 -11 -12 18 -14 15 -16 -17 -18 -19 -20
leaf_value=-0.011626007135120858 0.0065316810944863928 0.00082231268306916315 0.0092865801075222559 -0.00010996143931500679 -0.0096757861997407556 0.0051494790003601609 0 -0.0020662827582112438 0.0039632214809857012 -0.013009849711740868 0.014003507884174924 0.010915947992756915 -0.010022428372900152 -0.013308662416560486 0.0099410464349408683 0.0063013535686027942 -0.0041320083033300845 -0.011963490701323284 0.00062201783862980893
leaf_weight=3.2996752038598052 19.255613245069988 2.3390105217695236 1.8703294023871424 2.7678376585245132 2.5085052698850623 5.2790381684899321 3.427198737859726 30.774071827530861 18.160182446241379 4.1042054891586295 2.6202611625194541 11.116079054772852 1.8095002770423914 4.8150327503681174 4.3819918334484091 1.9388802349567411 29.968143180012703 3.6693942919373503 2.1316495388746253
leaf_count=30 121 10 12 13 12 28 14 126 73 18 10 69 9 28 19 10 186 18 13
internal_value=0.000193674 0.00162892 0.00394865 0.00192532 0.00461768 -0.00286435 -5.91071e-05 -0.000759999 0.000150915 -0.00783331 0.0061937 0.00726046 0 -0.00221949 -0.00128902 -0.00753105 -0.00271353 -0.00702214 0.00933507
internal_weight=156.237 106.554 45.1289 28.2014 21.7641 49.6828 61.4249 55.3775 48.9343 6.44322 6.04746 16.9276 3.67983 46.3831 39.6292 6.75391 35.2472 6.43723 13.2477
internal_count=819 518 267 164 133 301 251 227 199 28 24 103 21 271 233 38 214 31 82
is_linear=0
shrinkage=0.01


Tree=188
num_leaves=18
num_cat=0
split_feature=11 53 55 53 34 3 44 4 37 40 36 0 34 23 13 37 22
split_gain=6.74835 5.73074 3.66411 4.95007 7.94416 5.53188 3.94992 4.39082 2.70843 2.92351 5.539 3.0794 4.21491 3.26414 2.68304 1.08568 0.217276
threshold=16.82499980926514 -8.6035799980163556 2.4028444290161137 -0.57907819747924794 -0.48291398584842676 -879224.49999999988 163949.12500000003 1376315.9375000002 2.1082451343536381 -2.011176228523254 -0.33008350431919092 226831.50000000003 -0.36377774178981775 171.50000000000003 134551424.00000003 -2.7689367532730098 29690.634765625004
decision_type=2 2 2 2 2 2 2 2 2 2 2 2 2 2 2 2 2
left_child=8 15 3 5 -5 -3 14 -8 9 10 -1 13 -13 -11 -4 -2 -10
right_child=1 2 6 4 -6 -7 7 -9 16 11 -12 12 -14 -15 -16 -17 -18
leaf_value=0.01626978955781001 0.0038771103677479276 -0.0016601317981790064 -0.011800565769441981 -0.013451449065218462 0 0.0056577568245024567 0.0059906760815978486 -0.0058112732061647958 -0.011964785021185238 -0.009707257037821871 -0.0064553016618575888 -0.0068570152594454063 0.0019682922997129918 0.00011269228964051858 0.0030399875230375695 0.012006694170969941 -0.0052073032618919829
leaf_weight=2.3143180012702942 2.8888872712850571 25.110483601689339 2.6404766738414756 6.8323715925216701 12.314275547862051 17.407373249530792 28.575267501175404 3.4582106173038474 3.2707998678088179 10.276491910219191 1.9217846170067776 7.8514620810747138 17.210090741515163 4.7504054382443419 2.1068301349878311 5.7765923440456373 1.282570384442806
leaf_count=10 18 113 12 29 55 81 148 16 24 75 12 47 93 26 10 41 9
internal_value=0.0001921 0.00160316 0.000905649 -0.000570463 -0.00480383 0.00131239 0.0034076 0.00468537 -0.00287962 -0.00209673 0.00572407 -0.00294809 -0.000756661 -0.00653636 -0.00500376 0.00941186 -0.010281
internal_weight=155.989 107.111 98.4453 61.6645 19.1466 42.5179 36.7808 32.0335 48.8779 44.3246 4.2361 40.0885 25.0616 15.0269 4.74731 8.66548 4.55337
internal_count=819 523 464 278 84 194 186 164 296 263 22 241 140 101 22 59 33
is_linear=0
shrinkage=0.01


Tree=189
num_leaves=21
num_cat=0
split_feature=43 26 59 1 29 60 7 5 11 28 53 34 35 57 31 3 3 12 10 57
split_gain=6.62863 4.10722 2.88603 5.49159 5.42071 2.64082 2.63515 3.80822 4.37873 2.60006 4.47069 2.41632 3.67445 4.49683 3.43831 2.73303 2.71049 1.79824 1.70285 1.5153
threshold=17075.645507812504 0.0014492869377136233 359577.68750000006 108335416.00000001 0.32977394759655004 -2560146.3749999995 2.8975827693939213 1112247.9375000002 75.81000137329103 -1629.3124999999998 -8.6035799980163556 -0.64827111363410939 1.4731959104537966 19.645591735839847 3.2503324747085576 -58575.999999999993 3679174.0000000005 122864800.00000001 0.00055243002134375285 92.060859680175795
decision_type=2 2 2 2 2 2 2 2 2 2 2 2 2 2 2 2 2 2 2 2
left_child=5 2 3 4 -2 -1 7 8 -3 10 -4 14 13 -13 19 -16 -14 -9 -11 -7
right_child=1 6 9 -5 -6 11 -8 17 -10 18 -12 12 16 -15 15 -17 -18 -19 -20 -21
leaf_value=-0.01160172433127585 0.0045933327222307876 -0.00052490823207119498 0.011677421818958285 -0.015819002355385539 -0.01016389940675278 -0.012133827435202452 0.0076684522322037806 -0.0034780272245697177 0.011516528981306911 0.010866014728701008 -0.010481659418951598 0.0094395756400104964 -0.010168162854837385 -0.00099773002459152831 0.0064609576533527051 -0.0096949270278944271 0.0028741622545998251 -0.015487068295090301 0.00057146536952424178 -0.00027779347176091563
leaf_weight=3.2560248449444762 23.700331091880805 48.348576053977013 1.690110430121422 1.630780592560767 2.7463854104280463 6.3568577617406827 4.0966354906558982 3.4528055042028418 3.2176835238933554 11.023668609559534 1.9715277254581476 5.1280474513769176 5.9332394003868094 20.664123594760895 3.0299311205744743 1.5857128649950025 2.032246507704258 2.2493667453527451 2.12445094436407 1.5085165798664091
leaf_count=30 144 198 11 7 13 46 16 14 13 69 10 23 38 120 14 10 12 10 13 8
internal_value=0.000190335 0.00160438 0.00390358 0.00189305 0.00302304 -0.00282504 -6.11458e-05 -0.000631536 0.000207073 0.00720228 0 -0.00218538 -0.000761302 0.00103866 -0.00595698 0.00069392 -0.00671511 -0.00839067 0.0092787 -0.00998707
internal_weight=155.747 106.252 44.8873 28.0775 26.4467 49.4947 61.3651 57.2684 51.5663 16.8098 3.66164 46.2387 33.7577 25.7922 12.481 4.61564 7.96549 5.70217 13.1481 7.86537
internal_count=819 518 267 164 157 301 251 235 211 103 21 271 193 143 78 24 50 24 82 54
is_linear=0
shrinkage=0.01


Tree=190
num_leaves=16
num_cat=0
split_feature=11 53 55 53 34 47 44 17 33 13 7 26 33 35 10
split_gain=6.53112 5.61429 3.58847 4.83872 7.80146 4.87199 3.87012 3.6915 2.63908 2.63159 2.24969 2.31157 2.67083 0.961652 0.1106
threshold=16.82499980926514 -8.6035799980163556 2.4028444290161137 -0.57907819747924794 -0.48291398584842676 0.71588054299354564 163949.12500000003 1.0000000180025095e-35 1.2672563791275027 134551424.00000003 1.6753645539283755 0.00071428663795813929 1.1544322967529299 -2.3156344890594478 -0.00035547000879887486
decision_type=2 2 2 2 2 2 2 2 2 2 2 2 2 2 2
left_child=8 13 3 5 -5 -3 9 -8 10 -4 11 12 -1 -2 -13
right_child=1 2 6 4 -6 -7 7 -9 -10 -11 -12 14 -14 -15 -16
leaf_value=-0.0025104174257504319 0.0038500019192793146 0.0029291052617626324 -0.011689945513925437 -0.013343266124725459 0 -0.0057518040920137873 -0.0010223829844453712 0.0066483702004276812 -0.01165442733722389 0.0030128149883227847 0.0083776133812713538 -0.012937964376722294 0.010627807395957232 0.011717647132378517 -0.0068144629789435498
leaf_weight=38.498291157186031 2.7098076567053795 34.56019739061594 2.6393938958644858 6.8156269341707256 12.299334734678267 7.9006021842360488 8.243242487311365 23.694003611803055 3.2252309098839751 2.1032621562480927 1.8841224759817112 1.9652011692523959 1.5872252210974682 5.8678245246410352 1.5017429217696179
leaf_count=230 15 158 12 29 55 36 38 126 26 10 8 12 9 44 11
internal_value=0.000188472 0.00157767 0.000889086 -0.000572034 -0.00476125 0.00129031 0.00336918 0.00463718 -0.00284085 -0.00495875 -0.00219323 -0.0026735 -0.00196525 0.00934872 -0.0105739
internal_weight=155.495 106.833 98.2557 61.5758 19.115 42.4608 36.6799 31.9372 48.6618 4.74266 45.4366 43.5525 40.0855 8.57763 3.46694
internal_count=819 523 464 278 84 194 186 164 296 22 270 262 239 59 23
is_linear=0
shrinkage=0.01


Tree=191
num_leaves=21
num_cat=0
split_feature=43 26 17 46 41 60 49 2 28 60 34 1 19 31 2 1 40 40 57 1
split_gain=6.42477 4.01009 2.85022 2.8363 4.54806 2.61703 2.59472 3.45143 5.43298 4.97597 2.38889 3.61448 3.74016 3.40311 3.13877 2.70921 2.21757 6.09814 1.50247 0.973486
threshold=17075.645507812504 0.0014492869377136233 37840.000000000007 -0.19047061353921887 -0.82756873965263356 -2560146.3749999995 1.4413126111030581 4955965.0000000009 -63.562499999999993 -2051226.1874999998 -0.64827111363410939 1714225.5000000002 72790.992187500015 3.2503324747085576 3548766.0000000005 507266.50000000006 -1.1115431785583494 -0.52388510107994068 92.060859680175795 27712576.000000004
decision_type=2 2 2 2 2 2 2 2 2 2 2 2 2 2 2 2 2 2 2 2
left_child=5 2 3 4 -2 -1 7 8 -3 -9 13 12 -12 18 -13 -15 -4 -18 -7 -5
right_child=1 6 16 19 -6 10 -8 9 -10 -11 11 14 -14 15 -16 -17 17 -19 -20 -21
leaf_value=-0.011577217351274838 -0.011284708089033471 -0.0018433308796075264 0.011934726009391579 0.012913813656110686 0.0018209126776817886 -0.012101701912833178 -0.0079573478876332881 -0.011399707435517463 0.009614555023609429 7.3581392774256288e-05 0.0023387798864816672 -0.01337886989304987 -0.012653179008060619 -0.0079733656625629191 -0.0011316793120561687 0.0074917477074214435 -0.012167912304822365 0.0064482551132151013 -0.00027514456674711637 0.0025979141614531887
leaf_weight=3.218576304614543 3.3200012594461485 7.468214780092242 5.427941761910918 2.2756734490394583 12.846138417720795 6.2978286072611791 3.9125024676322928 4.1925019472837439 8.9530437588691694 36.784569054841995 22.862586706876758 3.6332552284002286 1.7819340154528607 1.958734333515167 5.4129231199622154 2.6485215872526169 1.9326145872473777 16.836282923817631 1.5062447488307951 2.0147072076797485
leaf_count=30 16 30 38 12 63 46 17 18 36 150 127 25 10 11 31 13 12 116 8 10
internal_value=0.000186711 0.00158045 0.00386036 0.00105336 -0.000808699 -0.00278743 -6.37186e-05 0.000456921 0.00434273 -0.00107589 -0.00215209 -0.000736438 0.0012142 -0.00591432 -0.00616111 0.000699842 0.00619212 0.00447809 -0.00994723 0.00830268
internal_weight=155.285 105.964 44.6534 20.4565 16.1661 49.3206 61.3108 57.3983 16.4213 40.9771 46.102 33.6907 24.6445 12.4113 9.04618 4.60726 24.1968 18.7689 7.80407 4.29038
internal_count=819 518 267 101 79 301 251 234 66 168 271 193 137 78 56 24 166 128 54 22
is_linear=0
shrinkage=0.01


Tree=192
num_leaves=18
num_cat=0
split_feature=11 53 55 53 34 3 44 4 37 40 36 0 34 23 49 37 35
split_gain=6.32705 5.52859 3.53739 4.74859 7.61675 5.35123 3.79354 4.32419 2.66227 2.81934 5.37803 2.9983 4.05912 3.2379 1.20164 1.08926 0.231336
threshold=16.82499980926514 -8.6035799980163556 2.4028444290161137 -0.57907819747924794 -0.48291398584842676 -879224.49999999988 163949.12500000003 1376315.9375000002 2.1082451343536381 -2.011176228523254 -0.33008350431919092 226831.50000000003 -0.36377774178981775 171.50000000000003 0.32588028907775884 -2.7689367532730098 2.1509720087051396
decision_type=2 2 2 2 2 2 2 2 2 2 2 2 2 2 2 2 2
left_child=8 15 3 5 -5 -3 14 -8 9 10 -1 13 -13 -11 -4 -2 -10
right_child=1 2 6 4 -6 -7 7 -9 16 11 -12 12 -14 -15 -16 -17 -18
leaf_value=0.016100205158951744 0.0037394615186946362 -0.0016569962320615039 0 -0.01322600655947946 0 0.0055524824111892928 0.0058978139656875386 -0.0058318217911464115 -0.01203970134075244 -0.0096291845506635172 -0.0063677089128845012 -0.0067403898622122481 0.0019592386584110139 0.00019545617880490133 -0.01035911410895755 0.011938376864348897 -0.0052835302562491372
leaf_weight=2.2999953776597977 2.853589802980423 25.068472892045975 2.5530989915132514 6.7983674108982113 12.281717434525488 17.329376436769962 28.398847773671154 3.4495233595371237 3.1138685643672934 10.1167666465044 1.9063912108540524 7.7538076788187018 17.196302227675918 4.7244413271546355 2.1840603351593018 5.6448387205600721 1.3650178164243696
leaf_count=10 18 113 12 29 55 81 148 16 22 75 12 47 93 26 10 41 11
internal_value=0.000184873 0.00155345 0.000871653 -0.000579667 -0.0047337 0.00126617 0.00333777 0.00459597 -0.00280292 -0.00202678 0.00567971 -0.00286658 -0.000704287 -0.0064343 -0.00491015 0.00930303 -0.0102039
internal_weight=155.038 106.562 98.0635 61.4779 19.0801 42.3978 36.5855 31.8484 48.4766 43.9977 4.20639 39.7913 24.9501 14.8412 4.73716 8.49843 4.47889
internal_count=819 523 464 278 84 194 186 164 296 263 22 241 140 101 22 59 33
is_linear=0
shrinkage=0.01


Tree=193
num_leaves=20
num_cat=0
split_feature=43 26 59 29 60 7 5 55 3 34 35 19 31 3 3 12 20 12 57
split_gain=6.21892 3.91173 2.83412 4.3433 2.58974 2.55909 3.74959 3.36361 2.55625 2.32538 3.56959 4.41597 3.36173 2.7091 2.66063 2.1478 3.23932 1.75038 1.50092
threshold=17075.645507812504 0.0014492869377136233 376305.15625000006 0.32977394759655004 -2560146.3749999995 2.8975827693939213 1112247.9375000002 2.4028444290161137 -16672752.499999998 -0.64827111363410939 1.4731959104537966 72790.992187500015 3.2503324747085576 -58575.999999999993 3679174.0000000005 154131688.00000003 29787.605468750004 122864800.00000001 92.060859680175795
decision_type=2 2 2 2 2 2 2 2 2 2 2 2 2 2 2 2 2 2 2
left_child=4 2 3 8 -1 6 7 -3 -2 12 11 -11 18 -14 -12 16 -4 -8 -6
right_child=1 5 15 -5 9 -7 17 -9 -10 10 14 -13 13 -15 -16 -17 -18 -19 -20
leaf_value=-0.011553886474027764 -0.0050932807569409391 -0.0013535377131440147 -0.00062032847111493359 -0.0099907617154881088 -0.01206108825254372 0.0075525598448077415 -0.0034929407649882498 0.0043656368050068728 0.0043813417429217592 0.0025911801665272341 -0.010075792288594928 -0.010250779458839411 0.0064636827627924031 -0.0096709898451854577 0.0028814657959448926 0.012079370029766825 0.010934743027190283 -0.015376214256618302 -0.00021932755136431256
leaf_weight=3.1759776175022116 3.1588170230388668 37.289827585220337 5.5503300428390485 2.7359579801559439 6.221372999250887 4.0933381021022788 3.4498132169246665 14.174500435590742 22.906103976070884 22.727029368281368 5.8669168651103965 3.018734171986579 3.0223383232951164 1.5722839087247846 2.0243908688426018 5.9628475159406653 4.1133359968662262 2.2353368699550629 1.5028209984302519
leaf_count=30 15 154 31 13 46 16 14 57 141 126 38 17 14 10 12 40 27 10 8
internal_value=0.000183037 0.00155579 0.00381519 0.00190746 -0.00274906 -6.69188e-05 -0.000630163 0.000202228 0.00319474 -0.0021188 -0.000723463 0.0010466 -0.00584766 0.000724737 -0.00662509 0.00726731 0.0041946 -0.00834121 -0.00988662
internal_weight=154.802 105.67 44.4274 28.8009 49.1319 61.2428 57.1495 51.4643 26.0649 45.9559 33.6371 25.7458 12.3188 4.59462 7.89131 15.6265 9.66367 5.68515 7.72419
internal_count=819 518 267 169 301 251 235 211 156 271 193 143 78 24 50 98 58 24 54
is_linear=0
shrinkage=0.01


Tree=194
num_leaves=16
num_cat=0
split_feature=11 53 27 55 53 44 37 41 45 2 30 57 23 37 22
split_gain=6.11235 5.43746 3.58895 2.97873 5.12938 3.82478 2.61626 2.15335 3.54705 4.14984 3.68427 3.54308 2.22538 1.08763 0.22201
threshold=16.82499980926514 -8.6035799980163556 -156603647.99999997 2.4028444290161137 -0.57907819747924794 163949.12500000003 2.1082451343536381 0.62709423899650585 -0.37153895199298853 1062861.0000000002 0.32770921289920812 11.872728347778322 289.50000000000006 -2.7689367532730098 29690.634765625004
decision_type=2 2 2 2 2 2 2 2 2 2 2 2 2 2 2
left_child=6 13 -3 4 -4 -5 7 8 10 -10 -1 -9 -13 -2 -8
right_child=1 2 3 5 -6 -7 14 11 9 -11 -12 12 -14 -15 -16
leaf_value=-0.011183967268844379 0.0036841717681603842 -0.013267759564881021 0.0017304549373533546 -0.0048819617021489655 -0.0045672174280155095 0.0046739044618217358 -0.011858916557105375 0.011312596650516631 -0.0038263411288287563 0.0064333994672154636 -0.00018540089411683459 -0.0046592171027747325 0.0057410575099323628 0.011902903625050755 -0.0050049014178557916
leaf_weight=8.6545255929231626 2.8401049897074699 1.7567082941532124 41.185162827372551 4.7350446730852118 18.828310757875443 31.364196226000786 3.1744158267974845 2.8466230630874625 11.964925512671476 5.8617857694625846 4.9889651611447325 6.5880690068006498 2.9372173026204109 5.5814158916473371 1.2553135231137273
leaf_count=65 18 8 189 22 83 162 24 14 73 27 29 41 14 41 9
internal_value=0.000181148 0.00152735 0.00085262 0.00112111 -0.000228681 0.00339278 -0.00276238 -0.00199391 -0.00339329 -0.000396634 -0.00723546 0.00148483 -0.0013472 0.00924993 -0.0101423
internal_weight=154.563 106.291 97.8694 96.1127 60.0135 36.0992 48.2718 43.8421 31.4702 17.8267 13.6435 12.3719 9.52529 8.42152 4.42973
internal_count=819 523 464 456 272 184 296 263 194 100 94 69 55 59 33
is_linear=0
shrinkage=0.01


Tree=195
num_leaves=17
num_cat=0
split_feature=25 53 27 20 45 21 34 21 31 11 6 34 7 11 38 38
split_gain=6.02779 3.89857 4.85362 3.9171 3.5327 6.01801 4.11909 2.96082 2.87858 2.84408 3.12566 2.72055 2.32771 2.26775 2.24679 0.334786
threshold=39258.500000000007 -8.6035799980163556 -156603647.99999997 352.60839843750006 -0.28933960199356074 8776.5000000000018 -0.64827111363410939 38999.500000000007 1.0000000180025095e-35 20.989999771118168 -59526068223.999992 1.2202934026718142 0.9567117989063264 28.534999847412113 0.41014114022254949 -0.3341545164585113
decision_type=2 2 2 2 2 2 2 2 2 2 2 2 2 2 2 2
left_child=1 9 -3 13 7 6 -6 -2 -5 10 -1 14 -8 -4 -7 -11
right_child=4 2 3 8 5 11 12 -9 -10 15 -12 -13 -14 -15 -16 -17
leaf_value=-0.00896900719662737 -0.012036900685769738 -0.013217617247179427 -0.0005908685356680655 -0.00072794942647787339 -0.0071533351373092224 -0.010273504001990093 0.0021979889502715673 0.0011704753057590303 0.0026548222076554868 0.011872185988968562 0.007634131731777345 0.0053981471475747231 0.017094532957475081 -0.013515234073259828 -0.00086190887664326448 0.0047764307355152675
leaf_weight=1.9715845063328741 7.2256491705775279 2.4888597577810279 2.9366658702492705 40.674602650105953 1.5658543258905409 7.6946964561939222 1.938351579010489 2.0441529229283333 64.346367165446281 5.7021056860685349 2.6507775336503965 1.9641712903976429 2.823455348610878 2.8320227861404419 4.1476887762546539 1.3409843817353246
leaf_count=10 56 12 17 202 10 49 12 13 314 42 13 10 12 13 25 9
internal_value=0.000179375 0.00114424 0.000567731 0.000886441 -0.00388655 -0.00147503 0.00653086 -0.00901657 0.00133515 0.00665682 0.000336025 -0.00521662 0.0112407 -0.00710918 -0.00706162 0.0106632
internal_weight=154.348 124.944 113.279 110.79 29.404 20.1342 6.32766 9.2698 105.021 11.6655 4.62236 13.8066 4.76181 5.76869 11.8424 7.04309
internal_count=819 632 558 546 187 118 34 69 516 74 23 84 24 30 74 51
is_linear=0
shrinkage=0.01


Tree=196
num_leaves=17
num_cat=0
split_feature=25 53 27 37 24 10 19 23 57 55 11 6 25 2 38 15
split_gain=5.92187 3.84677 4.77314 3.75927 3.50412 3.90171 3.48473 5.72016 3.31761 3.14556 2.81831 3.06876 2.39151 0.589473 0.334945 0.268247
threshold=39258.500000000007 -8.6035799980163556 -156603647.99999997 1.0000000180025095e-35 10.500000000000002 -0.00035547000879887486 72790.992187500015 289.50000000000006 11.872728347778322 4.6030242443084726 20.989999771118168 -59526068223.999992 378735.50000000006 1251915.5000000002 -0.3341545164585113 0.33002500236034399
decision_type=2 2 2 2 2 2 2 2 2 2 2 2 2 2 2 2
left_child=1 10 -3 6 5 -4 7 8 -2 -6 11 -1 13 15 -12 -5
right_child=3 2 4 12 9 -7 -8 -9 -10 -11 14 -13 -14 -15 -16 -17
leaf_value=-0.0088857432470709347 0.0096860835922005211 -0.013134711518962203 0.0024102882309259277 -0.011747866156222215 0.00070959908075792096 -0.0085221649115425503 -0.01240122101022262 0.014732967398388183 -0.0043538933413141022 0.0055028772789650947 0.011848053342913174 0.0075782588257052655 0.0020910168644270909 -0.001623983713597949 0.0047419258900137469 -0.0071433744852002776
leaf_weight=1.970165818929672 2.0288925468921724 2.4795702844858161 5.4427033737301826 6.9022060781717283 80.900186479091644 7.7541439607739431 2.1574601680040351 2.5743495374917975 9.2790314927697164 16.673698090016842 5.6568099036812782 2.6436538472771627 1.9230087101459492 1.1375144496560086 1.3372534960508344 3.3102674037218094
leaf_count=10 9 12 28 56 377 39 13 10 58 102 42 13 12 9 9 20
internal_value=0.000177628 0.00113344 0.000561835 -0.00385956 0.000877456 -0.00393758 -0.000534624 0.00123754 -0.00174638 0.00153894 0.00662405 0.000331158 -0.00780223 -0.00956653 0.0106324 -0.0103533
internal_weight=154.171 124.858 113.25 29.3127 110.771 13.1968 16.0397 13.8823 11.3079 97.5739 11.6079 4.61382 13.273 11.35 6.99406 10.2125
internal_count=819 632 558 187 546 67 90 77 67 479 74 23 97 85 51 76
is_linear=0
shrinkage=0.01


Tree=197
num_leaves=22
num_cat=0
split_feature=43 26 59 2 30 58 24 47 10 53 60 59 34 1 19 31 2 3 20 22 26
split_gain=5.85067 3.72738 2.81696 6.09944 5.35261 2.60898 3.4868 4.10792 3.00481 2.88048 2.56611 2.45748 2.25886 3.56953 3.63646 3.28822 3.07922 2.67075 1.81706 3.58008 1.10569
threshold=17075.645507812504 0.0014492869377136233 376305.15625000006 51567010.000000007 0.32668004930019384 2009462.8750000002 12.500000000000002 0.28208653628826147 -8.4999999671708779e-05 0.87196043133735668 -2560146.3749999995 271368.17187500006 -0.64827111363410939 1714225.5000000002 72790.992187500015 3.2503324747085576 3548766.0000000005 -58575.999999999993 29787.605468750004 7311.1899414062509 0.00026214389072265481
decision_type=2 2 2 2 2 2 2 2 2 2 2 2 2 2 2 2 2 2 2 2 2
left_child=10 2 3 4 -2 6 8 -8 -3 -7 -1 -5 15 14 -14 20 -15 -17 19 -4 -12
right_child=1 5 18 11 -6 9 7 -9 -10 -11 12 -13 13 16 -16 17 -18 -19 -20 -21 -22
leaf_value=-0.011527968842156211 0.0061639850544189167 0.00097791211245551717 0.0081947952318423608 -0.011807092379574202 -0.0092629646474986123 -0.0013334927654593768 -0.0020886375515010774 0.0039170622521325516 -0.012901606435114565 0.012303556695206807 -0.0027560933160547443 0.00024911433118808026 0.002370402208837134 -0.013325249488914193 -0.012531789585652993 0.006433371637250068 -0.0011169764479592428 -0.0096337710767785203 0.011214698348118848 -0.0056722996726557067 -0.012140769121200073
leaf_weight=3.1180149838328353 19.521126143634326 2.3201208561658859 6.2182658687233907 3.8001520335674277 2.4948920160531989 2.6375535428524008 30.657402172684669 18.102986320853233 4.0789358168840399 3.3813439458608627 2.0056517496705037 2.7608687654137611 22.740619257092479 3.5726897418498975 1.7511224225163449 3.0179546400904655 5.3809760734438896 1.5589775517582891 6.665612891316413 2.5717367306351662 5.5948437303304672
leaf_count=30 125 10 38 18 12 11 126 73 18 13 13 14 127 25 10 14 31 10 47 13 41
internal_value=0.000176084 0.00150904 0.00372813 0.00182093 0.00437036 -7.17939e-05 -0.000770088 0.000120555 -0.007713 0.00616149 -0.00268068 -0.00658144 -0.00205411 -0.000677453 0.00126409 -0.00575299 -0.0061 0.000742155 0.00718979 0.00402386 -0.00979587
internal_weight=153.952 105.211 44.0327 28.577 22.016 61.1783 55.1594 48.7604 6.39906 6.0189 48.7409 6.56102 45.6228 33.4454 24.4917 12.1774 8.95367 4.57693 15.4556 8.79 7.6005
internal_count=819 518 267 169 137 251 227 199 28 24 301 32 271 193 137 78 56 24 98 51 54
is_linear=0
shrinkage=0.01


Tree=198
num_leaves=19
num_cat=0
split_feature=58 2 44 53 56 39 17 14 60 22 46 22 56 54 31 34 44 36
split_gain=5.77251 4.05483 4.19357 3.99771 4.5465 5.24724 3.02929 2.81687 2.63513 2.44393 3.14127 2.78315 5.02092 2.01189 1.69432 1.33978 0.713871 0.154041
threshold=66639.203125000015 2174637.0000000005 21645.689453125004 -8.6035799980163556 66.666656494140639 0.93061417341232311 14347.500000000002 0.26240000128746038 -2560146.3749999995 19278.738281250004 1.6836643218994143 -35589.285156249993 6.1475605964660653 1.1058887839317324 2.6116772890090947 1.2202934026718142 58838.970703125007 0.29200823605060583
decision_type=2 2 2 2 2 2 2 2 2 2 2 2 2 2 2 2 2 2
left_child=8 2 -2 6 5 -5 -3 -6 17 11 15 14 -13 -4 -10 -11 -8 -1
right_child=1 3 13 4 7 -7 16 -9 9 10 -12 12 -14 -15 -16 -17 -18 -19
leaf_value=-0.013922933616704578 -0.0034761403961707598 -0.0015309801057026482 0.014673145112289163 -0.0063340954635205341 0.0043702929780761578 0.0005154023144470361 0.0036718294298776779 -0.0043325086238520808 -0.012178206205463553 -0.01083205326768117 0.006454485852137341 0.012505670733291393 -0.00084396545631290078 0.0044348975111455202 -0.0010922406825059107 0 0.012050334453605288 -0.0076098341507336202
leaf_weight=1.665222100913524 2.6816780418157569 2.9440094381570798 5.1447270661592466 16.755960248410702 26.247302889823917 32.95801455527544 1.7069909572601316 4.2207606434822074 3.0949121564626685 6.647573456168173 1.5196024775505055 3.1105725318193427 29.368937186896801 3.6056015342473984 2.8779598027467728 1.5542012006044386 5.5621420815587044 2.042885459959507
leaf_count=15 13 15 24 78 135 149 11 20 18 47 8 15 170 18 15 9 41 18
internal_value=0.000174263 0.00156362 0.00718666 0.000841427 7.82558e-05 -0.00177309 0.00673507 0.00313187 -0.00253331 -0.00188281 -0.00637582 -0.000720904 0.000403745 0.0105687 -0.00700398 -0.0088749 0.0102204 -0.0107146
internal_weight=153.709 101.827 11.432 90.3952 80.182 49.714 10.2131 30.4681 51.8819 48.1738 9.72138 38.4524 32.4795 8.75033 5.97287 8.20177 7.26913 3.70811
internal_count=819 504 55 449 382 227 67 155 315 282 64 218 185 42 33 56 52 33
is_linear=0
shrinkage=0.01


Tree=199
num_leaves=17
num_cat=0
split_feature=25 53 27 20 37 19 23 31 27 11 6 25 11 26 38 30
split_gain=5.67616 3.72657 4.68422 3.77302 3.69137 3.40599 5.5682 2.80332 2.80059 2.76516 2.99544 2.37333 2.21991 1.66199 0.334414 0.188476
threshold=39258.500000000007 -8.6035799980163556 -156603647.99999997 352.60839843750006 1.0000000180025095e-35 72790.992187500015 289.50000000000006 1.0000000180025095e-35 -2809855.9999999995 20.989999771118168 -59526068223.999992 378735.50000000006 28.534999847412113 0.00050428614486008893 -0.3341545164585113 0.32217752933502203
decision_type=2 2 2 2 2 2 2 2 2 2 2 2 2 2 2 2
left_child=1 9 -3 12 5 6 8 -5 -2 10 -1 13 -4 15 -11 -6
right_child=4 2 3 7 11 -7 -8 -9 -10 14 -12 -13 -14 -15 -16 -17
leaf_value=-0.0088117819400317082 -0.012642390039926271 -0.013055831279822825 -0.00053979395337978939 -0.00073708323948721373 -0.0075475318792553696 -0.012325738830425871 0.014550917145242741 0.002605361564670386 0.00046686241517850092 0.011795916773922738 0.0075046085483706365 0.0021445819495723561 -0.013360448793181521 0 0.004660540133687139 -0.012260684569844946
leaf_weight=1.9607670456171034 1.945120945572852 2.466909021139144 2.9235501959919921 40.575255841016769 2.5036475360393506 2.1266392022371283 2.5761522352695456 64.177584417164326 9.319730296730997 5.5514506846666336 2.6230456829071027 1.9136555641889561 2.8174061477184296 1.6912846192717541 1.3240570574998853 7.0207377672195435
leaf_count=10 12 12 17 202 23 13 10 314 55 42 13 12 13 13 9 49
internal_value=0.000172503 0.00110861 0.000547721 0.000860488 -0.00379597 -0.000498945 0.00124597 0.00130114 -0.00170796 0.00655033 0.000306967 -0.00772959 -0.00700579 -0.00950351 0.0105673 -0.0111267
internal_weight=153.517 124.42 112.961 110.494 29.097 15.9676 13.841 104.753 11.2649 11.4593 4.58381 13.1293 5.74096 11.2157 6.87551 9.52439
internal_count=819 632 558 546 187 90 77 516 67 74 23 97 30 85 51 72
is_linear=0
shrinkage=0.01


Tree=200
num_leaves=18
num_cat=0
split_feature=58 2 44 53 55 53 17 17 60 41 47 47 21 29 54 58 36
split_gain=5.59756 3.98728 4.12645 3.89252 4.55032 4.6107 4.11237 2.98428 2.59776 2.25569 5.38329 4.69917 4.51236 2.9957 1.99331 0.8345 0.15264
threshold=66639.203125000015 2174637.0000000005 21645.689453125004 -8.6035799980163556 2.4028444290161137 -0.50617459416389454 1.0000000180025095e-35 14347.500000000002 -2560146.3749999995 1.6174503564834597 0.39431120455265051 0.18732974678277972 1.0000000180025095e-35 0.027547429315745834 1.1058887839317324 213463.64843750003 0.29200823605060583
decision_type=2 2 2 2 2 2 2 2 2 2 2 2 2 2 2 2 2
left_child=8 2 -2 7 5 -5 -6 -3 16 11 -11 13 -13 -10 -4 -9 -1
right_child=1 3 14 4 6 -7 -8 15 9 10 -12 12 -14 -15 -16 -17 -18
leaf_value=-0.013863961742061568 -0.003443691336931308 -0.0015341343951815396 0.01460042180500886 0.00012060942296880848 -0.0031824089582376315 -0.0065680831566836692 0.0054460412109316684 0.0026233720241309322 0.0040174287839979672 0.011302949101250776 -0.0078019129738166205 0.011019357626557936 -0.0014176226447555355 -0.007461624812177269 0.0043902116121722311 0.011971610726574978 -0.007551284413104529
leaf_weight=1.6508291512727731 2.6814193874597541 2.935385197401045 5.1096527725458127 37.02644756436348 7.2509076446294811 14.133748084306715 21.715325631201267 1.4984813332557676 2.4737465307116535 3.755932316184043 2.3722178786993027 3.4895181432366398 17.491198025643826 18.441867478191853 3.6009031757712364 5.6841920986771584 2.0320410132408142
leaf_count=15 13 15 24 170 33 62 117 10 12 17 13 17 97 126 18 42 18
internal_value=0.000170713 0.00153956 0.00712588 0.000823297 7.26516e-05 -0.00170769 0.00325162 0.00666894 -0.00250058 -0.00185461 0.00374424 -0.00269742 0.000603236 -0.00605615 0.0104944 0.0101606 -0.0106524
internal_weight=153.344 101.636 11.392 90.2445 80.1264 51.1602 28.9662 10.1181 51.7074 48.0245 6.12815 41.8963 20.9807 20.9156 8.71056 7.18267 3.68287
internal_count=819 504 55 449 382 232 150 67 315 282 30 252 114 138 42 52 33
is_linear=0
shrinkage=0.01


Tree=201
num_leaves=20
num_cat=0
split_feature=58 2 44 53 55 39 44 19 37 60 22 46 35 33 3 0 55 21 36
split_gain=5.49629 3.92107 4.06639 3.83476 4.46275 5.47786 4.07993 2.78493 3.52645 2.56604 2.38468 3.09901 2.76256 3.49982 1.75337 1.58366 0.427971 0.165932 0.15323
threshold=66639.203125000015 2174637.0000000005 21645.689453125004 -8.6035799980163556 2.4028444290161137 0.93061417341232311 183096.98437500003 5589.8942871093759 -2.5312138795852657 -2560146.3749999995 19278.738281250004 1.6836643218994143 1.5186760425567629 0.86604130268096935 275745.50000000006 228999.50000000003 2.4028444290161137 222292.00000000003 0.29200823605060583
decision_type=2 2 2 2 2 2 2 2 2 2 2 2 2 2 2 2 2 2 2
left_child=9 2 -2 7 5 -5 -6 8 -3 18 12 15 13 -11 -4 -12 -14 -9 -1
right_child=1 3 14 4 6 -7 -8 17 -10 10 11 -13 16 -15 -16 -17 -18 -19 -20
leaf_value=-0.013830407453826946 -0.0034069426464405136 -0.0092630798360689975 0.01428581949100113 -0.0064307473569568596 -0.012848027822632864 0.00054425906400689045 0.0041190141675441442 0.012036439104368588 0.0096816879316502669 -0.00071464545878438188 -0.010822817586542806 0.0064533462617588997 -0.011948134548797951 0.011734074096302491 0.004624648076032278 0.00019527707417663109 -0.0029802663788794132 0.0061130848024005535 -0.0075025853466834736
leaf_weight=1.6383485421538346 2.6832298934459677 1.9965107664465906 5.11097903549671 16.533732712268829 1.4693446829915071 34.619160130620003 27.461566522717476 4.7315134480595589 1.9345509633421878 32.456207670271397 6.7224555313587171 1.5155469700694073 2.2887280583381648 2.4252329170703879 3.5668363273143768 1.399734780192375 1.1355070471763609 1.4097993671894071 2.0248149856925011
leaf_count=15 13 10 25 77 7 155 143 35 12 180 48 8 16 13 17 8 9 10 18
internal_value=0.000169192 0.00152611 0.00707402 0.000815902 7.18489e-05 -0.00169067 0.00322273 0.00663247 0 -0.00248068 -0.00183903 -0.00629839 -0.000690941 0.000122219 0.01043 -0.0088009 -0.00926635 0.0108395 -0.0106057
internal_weight=153.124 101.517 11.361 90.1562 80.0838 51.1529 28.9309 10.0724 3.93106 51.6066 47.9434 9.63774 38.3057 34.8814 8.67782 8.12219 3.42424 6.14131 3.66316
internal_count=819 504 55 449 382 232 150 67 22 315 282 64 218 193 42 56 25 45 33
is_linear=0
shrinkage=0.01


Tree=202
num_leaves=20
num_cat=0
split_feature=43 26 59 1 29 7 5 11 60 26 34 1 19 3 12 20 17 34 41
split_gain=5.43269 3.58829 2.79349 4.13566 4.8198 2.5843 3.68282 4.10292 2.4967 2.26795 2.20724 3.54083 3.54173 2.64472 2.13381 3.20339 1.88674 5.68937 1.90947
threshold=17075.645507812504 0.0014492869377136233 376305.15625000006 108335416.00000001 0.32977394759655004 2.8975827693939213 1006785.6250000001 75.81000137329103 -2560146.3749999995 0.0028571435250341897 -0.64827111363410939 1714225.5000000002 72790.992187500015 3679174.0000000005 154131688.00000003 29787.605468750004 169397.00000000003 -0.95832082629203785 1.8073432445526125
decision_type=2 2 2 2 2 2 2 2 2 2 2 2 2 2 2 2 2 2 2
left_child=8 2 3 4 -2 6 7 -3 -1 -8 16 12 -12 -13 15 -4 18 -18 -10
right_child=1 5 14 -5 -6 -7 9 -9 10 -11 11 13 -14 -15 -16 -17 17 -19 -20
leaf_value=-0.011468937873893864 0.0042430039935450548 -0.00049536502597405472 -0.00076838986768256541 -0.012799709128195211 -0.0097099928736083894 0.0075662528268964106 -0.013626669400748874 0.011218720492633285 -0.010725222817986055 -0.0013141727335586463 0.0024043470821028161 -0.009142049069539868 -0.012420935462304201 0.0033490442769009104 0.011990473820858268 0.010854330544623177 0.011895367544822875 -0.012345420755584939 0.001122991690665936
leaf_weight=3.0221477746963492 23.786923341453083 47.359050706028938 5.473613888025282 1.8067962080240239 2.7276241332292548 4.0878092348575583 3.2966874092817298 3.1876578480005255 6.6410085782408697 3.1016433835029602 22.636105716228489 6.7652088403701764 1.7208433300256718 2.1246025040745735 5.789871357381343 3.9992652013897896 1.9868125170469286 1.888356328010558 1.524378255009651
leaf_count=30 148 195 31 8 13 16 14 13 49 13 127 43 10 13 40 27 9 12 8
internal_value=0.000167657 0.00145459 0.00364681 0.00174131 0.00276991 -9.45088e-05 -0.000661999 0.000223584 -0.00259858 -0.00781438 -0.00198455 -0.000622073 0.00131587 -0.00604428 0.00711712 0.00403293 -0.00566362 0 -0.00839084
internal_weight=152.926 104.617 43.5841 28.3213 26.5145 61.0328 56.945 50.5467 48.3095 6.39833 45.2873 33.2468 24.3569 8.88981 15.2628 9.47288 12.0406 3.87517 8.16539
internal_count=819 518 267 169 161 251 235 208 301 27 271 193 137 56 98 58 78 21 57
is_linear=0
shrinkage=0.01


Tree=203
num_leaves=16
num_cat=0
split_feature=25 37 53 27 19 23 57 46 53 11 6 25 2 14 2
split_gain=5.35483 3.6168 3.54633 4.60363 3.32388 5.3979 3.23482 3.00769 3.55688 2.72687 2.88716 2.34835 0.595492 0.283236 0.264011
threshold=39258.500000000007 1.0000000180025095e-35 -8.6035799980163556 -156603647.99999997 72790.992187500015 289.50000000000006 11.872728347778322 -1.1909426450729368 3.6316900253295903 20.989999771118168 -59526068223.999992 378735.50000000006 1251915.5000000002 0.3298999965190888 57786424.000000007
decision_type=2 2 2 2 2 2 2 2 2 2 2 2 2 2 2
left_child=2 4 9 -4 5 6 -2 -5 -9 10 -1 12 13 -3 -11
right_child=1 11 3 7 -6 -7 -8 8 -10 14 -12 -13 -14 -15 -16
leaf_value=-0.0087583651591795642 0.0096430131261468141 -0.011669652841271867 -0.012990498712104552 -0.0086619845379140997 -0.012237265666902138 0.014366477297173212 -0.0042465820244594063 0.00046341534151152935 0.0061756709414659706 0.011611893721737366 0.0073391210645334642 0.0022083783724924379 -0.0013882330828192313 -0.0069542695868940888 0.0048424145478165835
leaf_weight=1.9458822757005689 2.0253761857748058 6.6728997230529767 2.4542226344346991 3.2091132849454871 2.0906319692730895 2.5767581462860099 9.1782632768154127 94.538610778748989 12.410044826567171 5.4532159119844437 2.5929585099220258 1.9021612405776966 1.1157615184783924 3.2574473395943642 1.2703447192907331
leaf_count=10 9 56 12 18 13 10 58 448 80 43 13 12 9 20 8
internal_value=0.000166026 -0.0037087 0.00107555 0.000530779 -0.000441698 0.00127525 -0.00164639 0.0008411 0.0011356 0.00643388 0.00021752 -0.00763591 -0.00942165 -0.0102236 0.0104816
internal_weight=152.694 28.8193 123.874 112.612 15.871 13.7804 11.2036 110.158 106.949 11.2624 4.53884 12.9483 11.0461 9.93035 6.72356
internal_count=819 187 632 558 90 77 67 546 528 74 23 97 85 76 51
is_linear=0
shrinkage=0.01


Tree=204
num_leaves=19
num_cat=0
split_feature=43 56 53 39 46 1 48 53 47 58 23 60 46 38 46 3 38 60
split_gain=5.27172 3.36414 4.72452 7.62397 7.61444 3.82094 4.81618 3.52 2.92033 3.52955 2.51663 2.46621 2.16629 3.10249 2.92217 3.79256 2.07534 1.00146
threshold=17075.645507812504 92.704437255859389 -0.57907819747924794 0.43604181706905371 -0.65503478050231922 11702936.000000002 -0.095705572515726076 1.0516519546508791 0.25629769265651708 634317.03125000012 19.500000000000004 -2560146.3749999995 1.437989413738251 0.41014114022254949 0.56004378199577343 438407.00000000006 -0.63025665283203114 -2534785.1249999995
decision_type=2 2 2 2 2 2 2 2 2 2 2 2 2 2 2 2 2 2
left_child=11 2 5 -4 -5 10 -7 -3 9 -9 -2 -1 14 -14 15 -13 -10 -16
right_child=1 7 3 4 -6 6 -8 8 16 -11 -12 12 13 -15 17 -17 -18 -19
leaf_value=-0.01144584329499073 0.00027324042233084446 -0.0056356438535926871 -0.015563473087817954 -0.011389398581848197 0.0028605637666248638 0.0022035686484438853 -0.0065587286574001567 -0.00030513366153120256 0.0020262727211301504 0.010365280054643993 0.0070046684386260464 0.00010546992937149074 -0.003667193386625283 0.01140814686176707 -0.012191929825384367 -0.0084378987634423606 0.014358710418560775 -0.0037160898312087339
leaf_weight=2.9812353625893584 8.5786737501621264 2.7970223203301456 4.1629405617713955 4.9805593341589018 15.069800496101376 21.102916225790981 8.906151279807089 8.9510582089424151 2.0732463747262955 4.6086383014917365 17.592090211808681 26.679386481642723 2.5662342831492415 2.7587340623140335 3.9294654801487923 6.3882861435413352 5.5607674792408934 2.8064933493733397
leaf_count=30 41 13 19 22 65 107 43 52 10 24 91 154 16 14 27 44 31 16
internal_value=0.000164504 0.00143292 0.000438498 -0.00323819 -0.000629288 0.00204094 -0.0003636 0.00472357 0.0061379 0.00324775 0.00483634 -0.0025668 -0.00195808 0.00395517 -0.00277429 -0.00151477 0.0111405 -0.00880898
internal_weight=152.494 104.384 80.3931 24.2133 20.0504 56.1798 30.0091 23.9907 21.1937 13.5597 26.1708 48.1098 45.1286 5.32497 39.8036 33.0677 7.63401 6.73596
internal_count=819 518 388 106 87 282 150 130 117 76 132 301 271 30 241 198 41 43
is_linear=0
shrinkage=0.01


Tree=205
num_leaves=18
num_cat=0
split_feature=25 37 53 27 24 10 27 55 34 53 59 43 25 26 22 49 57
split_gain=5.19626 3.56736 3.49925 4.51907 3.3005 3.77609 3.27348 2.97304 2.87052 2.68074 2.57512 2.76346 2.33281 1.67763 1.42725 0.476289 0.265181
threshold=39258.500000000007 1.0000000180025095e-35 -8.6035799980163556 -156603647.99999997 10.500000000000002 -0.00035547000879887486 -2809855.9999999995 4.6030242443084726 -0.64827111363410939 0.66895401477813732 125148.25781250001 731264.28125000012 378735.50000000006 0.00050428614486008893 7311.1899414062509 -0.92348742485046376 83.431781768798842
decision_type=2 2 2 2 2 2 2 2 2 2 2 2 2 2 2 2 2
left_child=2 6 10 -4 5 -5 -2 -6 14 -10 11 -1 13 16 -8 -12 -3
right_child=1 12 3 4 7 -7 8 -9 9 -11 15 -13 -14 -15 -16 -17 -18
leaf_value=0.0091271676022511138 -0.010135880102554822 -0.012074057570667538 -0.012913548732079325 0.0023982982823448564 0.00066463507619384866 -0.0084022474176407482 -0.012103598269631753 0.0053592101318058905 0.0074487356177819529 -0.0045076093314757757 0.004160964675815274 -0.0061669331359939144 0.0022365029276757327 0 0.0008657817171782412 0.012075467850122866 -0.0063880011974798657
leaf_weight=2.1559261679649335 2.8676012903451911 7.4113209396600706 2.4416010677814475 5.3972396850585938 80.524482116103172 7.6822514533996564 1.8761512488126748 16.396655954420567 7.3656079694628733 2.4048264250159264 1.3954503387212751 2.5853321775794029 1.8970673531293858 1.6633148193359364 1.3052579462528227 5.0591769963502884 1.8794817700982092
leaf_count=13 17 56 12 28 377 39 13 102 37 15 10 14 12 13 8 37 16
internal_value=0.000162924 -0.00366495 0.00105866 0.000518122 0.000825346 -0.00386896 -0.00041843 0.00146916 0.00165585 0.00440353 0.00639809 0.000576625 -0.0075835 -0.00937545 -0.00646824 0.0105193 -0.0110314
internal_weight=152.309 28.6706 123.638 112.442 110.001 13.0795 15.8194 96.9211 12.9518 9.77043 11.1959 4.74126 12.8512 10.9541 3.18141 6.45463 9.2908
internal_count=819 187 632 558 546 67 90 479 73 52 74 27 97 85 21 47 72
is_linear=0
shrinkage=0.01


Tree=206
num_leaves=21
num_cat=0
split_feature=43 26 2 59 30 39 2 54 58 24 11 10 53 60 46 22 21 38 41 26
split_gain=5.11582 3.43386 2.77353 4.81839 5.44324 3.02722 4.41284 3.00171 2.59083 3.3081 3.49206 2.98045 2.75744 2.44256 2.11528 3.96709 4.69078 3.0424 1.81416 1.56624
threshold=17075.645507812504 0.0014492869377136233 43193634.000000007 271368.17187500006 0.1206437610089779 2.227493524551392 2426508.0000000005 -12.727272510528563 2009462.8750000002 12.500000000000002 75.81000137329103 -8.4999999671708779e-05 0.87196043133735668 -2560146.3749999995 1.437989413738251 5114.9851074218759 -1783.9999999999998 0.41014114022254949 2.3773303031921391 0.0014285705983638766
decision_type=2 2 2 2 2 2 2 2 2 2 2 2 2 2 2 2 2 2 2 2
left_child=13 2 5 7 -5 6 -2 -4 9 11 -11 -3 -10 -1 15 16 -15 -16 -17 -7
right_child=1 8 3 4 -6 19 -8 -9 12 10 -12 -13 -14 14 17 18 -18 -19 -20 -21
leaf_value=-0.011424857289232948 -0.012655526608927858 0.001099678215782267 -0.00036906234302330423 0.0091924493519235581 -0.010246136002379233 0.011170222426217482 0.0039593632325117594 -0.016876497483215368 -0.0012164052057615342 -0.00061898591678063379 0.010235997745721518 -0.012771952995709365 0.012138337461716091 0.0049528461684148917 -0.0036433501510898842 -0.0080428887673598334 -0.0038918219749493024 0.011295449502085558 0.0029177143383937783 0.0043831104701541976
leaf_weight=2.9464470669627181 1.792311474680903 2.3052597194910049 2.4383508861064911 5.9002270549535751 1.864769250154495 8.8166440650820714 13.634109169244764 2.222954146564005 2.628010854125022 45.421445220708847 3.1689677834510794 4.0515196472406378 3.3698419183492661 10.105752766132353 2.5592953860759726 13.308371551334856 14.704169556498529 2.7574518918991089 1.5594727098941792 6.5581502467393866
leaf_count=30 9 10 12 35 10 60 85 11 11 186 13 18 13 55 16 92 87 14 7 45
internal_value=0.000161466 0.00141173 0.00356819 -0.000344811 0.00439548 0.0051793 0.00196415 -0.00845591 -0.000101418 -0.000798739 6.83738e-05 -0.00758415 0.00612012 -0.00253441 -0.00192999 -0.0027386 -0.000248843 0.00391635 -0.00682598 0.00834021
internal_weight=152.114 104.173 43.2275 12.4263 7.765 30.8012 15.4264 4.66131 60.945 54.9472 48.5904 6.35678 5.99785 47.941 44.9945 39.6778 24.8099 5.31675 14.8678 15.3748
internal_count=819 518 267 68 45 199 94 23 251 227 199 28 24 301 271 241 142 30 99 105
is_linear=0
shrinkage=0.01


Tree=207
num_leaves=17
num_cat=0
split_feature=25 37 53 27 19 23 24 45 57 31 59 3 25 26 49 57
split_gain=5.03369 3.51337 3.41714 4.43872 3.2493 5.19112 3.22467 3.70031 3.16994 2.56488 2.54768 2.35647 2.30335 1.66636 0.473393 0.2683
threshold=39258.500000000007 1.0000000180025095e-35 -8.6035799980163556 -156603647.99999997 72790.992187500015 289.50000000000006 10.500000000000002 -0.90989038348197926 11.872728347778322 1.0000000180025095e-35 125148.25781250001 -10270949.499999998 378735.50000000006 0.00050428614486008893 -0.92348742485046376 83.431781768798842
decision_type=2 2 2 2 2 2 2 2 2 2 2 2 2 2 2 2
left_child=2 4 10 -4 5 8 7 -5 -2 -8 11 -1 13 15 -12 -3
right_child=1 12 3 6 -6 -7 9 -9 -10 -11 14 -13 -14 -15 -16 -17
leaf_value=-0.007302987579620052 0.0095914384893784552 -0.012039345893367928 -0.012834962445842915 0.0059886171145199672 -0.012158686180936162 0.014124416252987045 -0.00058297806791903135 -0.0067189543653975456 -0.0041717559748963564 0.0027422121222356374 0.0041127102320383038 0.0069072197813149737 0.0022262179363739779 0 0.012033862053696725 -0.0063152226375566721
leaf_weight=2.0450786203145981 2.023838862776759 7.3290412053465825 2.4302155077457419 2.8795176818966857 2.0589744225144377 2.5776460468769065 37.339039951562881 10.156956031918524 9.1194465681910497 59.447069779038429 1.3869984447956083 2.6829214096069318 1.895088106393813 1.6576929390430439 4.9980708956718445 1.8642227202653883
leaf_count=10 9 56 12 15 13 10 187 52 58 292 10 17 12 13 37 16
internal_value=0.000159965 -0.00361799 0.00104165 0.000508291 -0.00039666 0.00129548 0.000812664 -0.00383538 -0.00158235 0.00144906 0.00633909 0.000549142 -0.00752761 -0.00932325 0.0104698 -0.0109874
internal_weight=151.892 28.526 123.366 112.253 15.7799 13.7209 109.823 13.0365 11.1433 96.7861 11.1131 4.728 12.746 10.851 6.38507 9.19326
internal_count=819 187 632 558 90 77 546 67 67 479 74 27 97 85 47 72
is_linear=0
shrinkage=0.01


Tree=208
num_leaves=13
num_cat=0
split_feature=11 53 27 55 53 44 33 7 26 33 37 17
split_gain=4.97704 4.80942 3.14133 2.65725 4.88736 3.58626 2.55767 2.03849 2.2775 2.56318 1.10154 0.0749606
threshold=16.82499980926514 -8.6035799980163556 -156603647.99999997 2.4028444290161137 -0.57907819747924794 163949.12500000003 1.2672563791275027 1.6753645539283755 0.00071428663795813929 1.1544322967529299 -2.7689367532730098 73406.000000000015
decision_type=2 2 2 2 2 2 2 2 2 2 2 2
left_child=6 10 -3 4 -4 -5 7 8 9 -1 -2 -10
right_child=1 2 3 5 -6 -7 -8 -9 11 -11 -12 -13
leaf_value=-0.0022056212857006724 0.0031886209589347416 -0.01262263799417376 0.0016497344359617545 -0.0048621149925176807 -0.0045156751033906227 0.0044306533702800294 -0.01149943242820344 0.008286919879441414 -0.012192646750984901 0.010835646090454397 0.01169388313933253 -0.0060663422842464326
leaf_weight=37.219492383301258 2.6852442473173141 1.713112786412238 40.94845537096262 4.7007353901863089 18.711304619908333 30.844357311725616 3.0255113542079917 1.8385845869779576 2.1723862364888187 1.5493508875370015 5.1708895340561858 1.1349536627531049
leaf_count=230 18 8 189 22 83 162 26 8 15 9 41 8
internal_value=0.000158453 0.00137697 0.000755701 0.00100693 -0.000267183 0.00317358 -0.00254007 -0.00190004 -0.00236894 -0.00165865 0.00891405 -0.0103927
internal_weight=151.714 104.774 96.918 95.2049 59.6598 35.5451 46.9403 43.9148 42.0762 38.7688 7.85613 3.30734
internal_count=819 523 464 456 272 184 296 270 262 239 59 23
is_linear=0
shrinkage=0.01


Tree=209
num_leaves=17
num_cat=0
split_feature=25 45 21 39 53 27 20 21 60 56 31 59 47 28 6 49
split_gain=4.89303 3.5001 5.6902 3.63428 3.32479 4.30151 3.52035 2.96246 2.86859 3.264 2.65803 2.52607 3.337 2.21485 2.08231 0.474788
threshold=39258.500000000007 -0.28933960199356074 8776.5000000000018 0.77995678782463085 -8.6035799980163556 -156603647.99999997 352.60839843750006 38999.500000000007 -2549532.1249999995 75.00000381469728 1.0000000180025095e-35 125148.25781250001 0.059329804033041007 34.562500000000007 -59526068223.999992 -0.92348742485046376
decision_type=2 2 2 2 2 2 2 2 2 2 2 2 2 2 2 2
left_child=4 7 3 13 11 -6 14 -2 -4 -10 -8 12 -1 -3 -7 -13
right_child=1 2 8 -5 5 6 10 -9 9 -11 -12 15 -14 -15 -16 -17
leaf_value=0.0088032793553513219 -0.011923169871218022 -0.0069618293829016636 -0.011913095099389856 0.01586105877845247 -0.012683782501653281 -0.0019759330090863446 -0.00076503975867475791 0.0015080282388083752 0.0014082840978232563 -0.012772305548344232 0.002501067728068631 0.0040409183894067327 -0.0080250670140173969 0.0085879442990130228 -0.01499433825432055 0.011998011635541095
leaf_weight=2.4428985640406591 6.8886707574129122 1.9558736383914976 4.0774918496608761 2.5467828586697578 2.4121064990758887 3.6325301304459572 40.282286390662193 1.9900411814451215 7.1449207887053436 2.0716666802763939 63.761128038167953 1.3769302293658254 2.2603557407855988 1.7178342789411543 2.0448538213968268 4.9346252679824829
leaf_count=15 56 13 33 12 12 20 202 13 39 12 314 10 12 9 10 37
internal_value=0.000156917 -0.00357748 -0.00115004 0.00667646 0.00102605 0.000501368 0.000800345 -0.00880012 -0.0048874 -0.00167067 0.00122692 0.00627662 0.000503059 3.7076e-05 -0.00684098 0.0104205
internal_weight=151.541 28.3933 19.5146 6.22049 123.148 112.133 109.721 8.87871 13.2941 9.21659 104.043 11.0148 4.70325 3.67371 5.67738 6.31156
internal_count=819 187 118 34 632 558 546 69 84 51 516 74 27 22 30 47
is_linear=0
shrinkage=0.01


Tree=210
num_leaves=22
num_cat=0
split_feature=43 56 54 2 28 44 58 4 19 4 43 5 35 60 34 1 19 2 2 24 57
split_gain=4.81983 3.23546 4.20467 5.9034 4.40647 3.91181 3.34448 6.7763 3.13887 2.68324 3.21375 3.50461 3.45834 2.40966 2.12375 3.52084 3.40536 3.01445 2.7432 1.67778 1.42156
threshold=17075.645507812504 92.704437255859389 -4.781085491180419 4955965.0000000009 -488.40624999999994 8580.8850097656268 111311.43750000001 79570.371093750015 3200.4450683593755 1721081.6875000002 444340.00000000006 1240434.6250000002 1.7848485708236697 -2560146.3749999995 -0.64827111363410939 1714225.5000000002 72790.992187500015 3548766.0000000005 1251915.5000000002 138.50000000000003 92.060859680175795
decision_type=2 2 2 2 2 2 2 2 2 2 2 2 2 2 2 2 2 2 2 2 2
left_child=13 2 6 5 -5 -4 7 -2 -8 10 12 -12 -3 -1 18 16 -16 -17 20 -20 -15
right_child=1 9 3 4 -6 -7 8 -9 -10 -11 11 -13 -14 14 15 17 -18 -19 19 -21 -22
leaf_value=-0.011397397874511057 0.011744509780905197 -0.0021832644772050679 -0.0065828329376134524 0.0007850074852980216 -0.0063471773095221309 0.0052800742146786976 0.00098234949291833851 -0.015015021482703539 0.0090078162319503392 -0.005203852531439377 0.011805679084163747 -0.0028105365314101934 0.01081088846913896 -0.010772696827778261 0.0024704749573450429 -0.013232510289369342 -0.012247809199502481 -0.0010269185759731645 -0.0062914443502082584 0.0072268840916563061 0
leaf_weight=2.8855577483773223 1.5202866196632414 7.0472630634903961 3.2781222015619305 13.955193072557448 21.893485501408577 16.436544880270958 9.0364191532135028 2.4190877377986908 11.415372952818869 2.3978014141321173 9.6542959064245206 1.8498012870550145 2.8519590944051743 6.6307486295700055 22.447601802647117 3.4812636375427228 1.6751304417848576 5.3110027611255646 1.5388264507055276 2.1780014783143997 1.4626804888248441
leaf_count=30 10 38 14 58 96 72 44 12 82 11 54 10 17 48 127 25 10 31 10 11 9
internal_value=0.000155361 0.00137035 0.000393184 -0.00111225 -0.00354286 0.00325681 0.00386357 -0.00443411 0.00551074 0.00461092 0.00575718 0.00936854 0.00145932 -0.0024714 -0.00187316 -0.000534111 0.00140695 -0.00597341 -0.00552039 0.00136103 -0.00880417
internal_weight=151.366 103.756 79.9545 55.5633 35.8487 19.7147 24.3912 3.93937 20.4518 23.8011 21.4033 11.5041 9.89922 47.6108 44.7253 32.915 24.1227 8.79227 11.8103 3.71683 8.09343
internal_count=819 518 388 240 154 86 148 22 126 130 119 64 55 301 271 193 137 56 78 21 57
is_linear=0
shrinkage=0.01


Tree=211
num_leaves=19
num_cat=0
split_feature=11 26 17 59 1 37 34 43 4 47 28 55 7 27 14 19 27 35
split_gain=4.75088 4.32986 2.7718 2.75721 3.7306 2.54485 2.50304 2.24269 4.8387 2.61851 2.22243 3.96196 1.91358 2.29644 4.06499 3.1733 1.24223 0.222398
threshold=16.82499980926514 0.0014492869377136233 27710.000000000004 627812.96875000012 9079141.0000000019 2.1082451343536381 -1.3686760663986204 444340.00000000006 39638.429687500007 0.28208653628826147 -315.93749999999994 -6.725486993789672 1.6753645539283755 2168832.0000000005 0.3298999965190888 3200.4450683593755 -757759.99999999988 2.1509720087051396
decision_type=2 2 2 2 2 2 2 2 2 2 2 2 2 2 2 2 2 2
left_child=5 2 3 4 -2 12 -3 9 -9 -8 11 -4 13 15 -15 -1 -12 -7
right_child=1 6 10 -5 -6 17 7 8 -10 -11 16 -13 -14 14 -16 -17 -18 -19
leaf_value=-0.0092953735473337937 0.0044085416702122696 0.0068559311010671824 0.011011834371015349 0.009311300307224199 -0.0052427470339143087 -0.011811769198492259 -0.0065910321497573065 0.004106351815941948 -0.0027764865458756766 0.0019735675474409722 0.011675638205452572 -0.0028804611080741811 0.0081632011800438116 -0.0010209630215167746 0.018159327775041381 -0.0016429255653382083 0.0053491185899893004 -0.004953015294145365
leaf_weight=6.894196391105651 7.4641894549131456 4.4815497398376456 3.1963128224015236 3.301613137125968 8.5706192106008512 2.9256269708275786 11.698681280016901 18.751972481608391 22.361506551504135 4.9129863530397406 7.2320164069533348 5.569422014057638 1.8290875107049931 4.4286137372255316 1.4378257617354391 27.87826082110405 6.9125137850642187 1.2815242186188696
leaf_count=50 40 18 30 19 38 22 50 75 94 20 55 36 8 30 6 169 48 11
internal_value=0.000153803 0.00134524 0.00381767 0.000967858 -0.000687716 -0.00249106 -0.0003178 -0.000892064 0.000338472 -0.00399781 0.00617928 0.00207111 -0.00172757 -0.00219734 0.00350954 -0.0031889 0.00865453 -0.00996024
internal_weight=151.129 104.453 42.2467 19.3364 16.0348 46.6751 62.2067 57.7251 41.1135 16.6117 22.9103 8.76573 42.468 40.6389 5.86644 34.7725 14.1445 4.20715
internal_count=819 523 266 97 78 296 257 239 169 70 169 66 263 255 36 219 103 33
is_linear=0
shrinkage=0.01


Tree=212
num_leaves=20
num_cat=0
split_feature=58 2 44 26 58 29 19 29 60 54 35 22 46 35 33 54 0 55 36
split_gain=4.68723 3.88503 3.96148 3.25263 3.8145 4.01875 3.02505 2.88947 2.45463 2.3898 2.30176 2.29651 2.94712 2.68307 3.29279 1.93518 1.59421 0.432341 0.160134
threshold=66639.203125000015 2174637.0000000005 21645.689453125004 0.0014285719371400776 2009462.8750000002 0.060879312455654151 2506.424926757813 0.083894304931163802 -2560146.3749999995 -6.9870870113372794 -0.873399257659912 19278.738281250004 1.6836643218994143 1.5186760425567629 0.86604130268096935 1.1058887839317324 228999.50000000003 2.4028444290161137 0.29200823605060583
decision_type=2 2 2 2 2 2 2 2 2 2 2 2 2 2 2 2 2 2 2
left_child=8 2 -2 6 5 -5 7 -3 18 -8 -6 13 16 14 -10 -4 -13 -15 -1
right_child=1 3 15 4 10 -7 9 -9 11 -11 -12 12 -14 17 -16 -17 -18 -19 -20
leaf_value=-0.013822133080096295 -0.0033916132508865207 0.0063842100054430284 0.014414438897453936 0.0044633201831813882 0.001207524808187688 -0.0030764132994715206 0.01017968246837399 -0.0037395814140815582 -0.00058537921690194044 0.0029105968070485496 0.013767301351140064 -0.010697746618665507 0.0062928145384614524 -0.011869557239017709 0.011512151289596428 0.0042549554770480663 0.00052428333420652992 -0.0027872059319447224 -0.0072812571539483621
leaf_weight=1.5510946512222283 2.6668802052736273 4.065507009625434 5.0023847520351392 8.4795050621032697 3.8014011383056641 40.367401920258999 7.3352194130420676 9.0793252140283567 32.006548695266247 13.329607777297499 2.5885729044675818 6.5305822193622571 1.5097510963678358 2.222555965185165 2.4161232113838187 3.542103685438633 1.3632141202688215 1.1139058396220205 1.9202971234917638
leaf_count=15 13 21 24 34 17 174 55 44 180 94 10 48 8 16 13 18 8 9 18
internal_value=0.000152526 0.00141126 0.00696909 0.000700278 -0.000780495 -0.00174709 0.00314909 -0.000532363 -0.00232009 0.00553923 0.00645197 -0.0016974 -0.00613037 -0.000566926 0.000234694 0.0103199 -0.00863308 -0.00913706 -0.0104919
internal_weight=150.892 100.258 11.2114 89.0465 55.2369 48.8469 33.8097 13.1448 50.6341 20.6648 6.38997 47.1627 9.40355 37.7591 34.4227 8.54449 7.8938 3.33646 3.47139
internal_count=819 504 55 449 235 208 214 65 315 149 27 282 64 218 193 42 56 25 33
is_linear=0
shrinkage=0.01


Tree=213
num_leaves=22
num_cat=0
split_feature=12 14 14 29 34 60 8 60 41 53 35 46 11 30 39 48 11 48 27 30 22
split_gain=4.6339 4.98936 5.18346 3.69393 5.17395 5.24795 4.05691 7.22644 4.8415 4.47874 5.73921 2.71604 2.68056 4.01803 2.62649 2.11204 2.10772 2.09319 1.56342 1.39408 0.943099
threshold=185776200.00000003 0.3298999965190888 0.34499999880790716 0.05927687697112561 -0.80008432269096363 -43937.433593749993 0.9486689865589143 -1925573.5624999998 1.8073432445526125 3.6316900253295903 1.5186760425567629 -0.76289612054824818 63.555000305175788 0.02997593488544226 5.6711292266845712 1.2785629034042361 72.500000000000014 -0.37122093141078943 4288512.0000000009 0.095641810446977629 6362.8249511718759
decision_type=2 2 2 2 2 2 2 2 2 2 2 2 2 2 2 2 2 2 2 2 2
left_child=3 11 17 4 5 -1 9 8 -8 10 -5 14 13 -6 -2 18 -14 -3 -13 -11 -9
right_child=1 2 -4 6 12 -7 7 20 -10 19 -12 15 16 -15 -16 -17 -18 -19 -20 -21 -22
leaf_value=0.016348401941433516 -0.0088428936854481315 -0.00098213625443847679 0.010035579268145186 -0.0022179599515197825 0.0023135446075819104 -0.0019500524139587207 0.0012336380313222716 0.014331936642521153 -0.011519340545535484 0.00072875999361713534 -0.011688913526274849 0.013590558069285989 0.012545298020717828 -0.013108554244607103 0.0074322307656987672 0.00026957120607549903 -0.0013481342886753247 -0.012629015617045635 0.0043195387859348176 0.01179971790296239 0.0052965918493573724
leaf_weight=4.6937524974346161 1.8321396559476881 3.4402102828025818 2.5534389466047287 66.612920179963112 3.5513752922415716 2.215666018426421 18.234559312462814 4.0981023386120787 3.543278492987155 2.4298068881034842 7.1640820428729048 7.9434765651822108 2.1205635815858841 3.0792031139135361 2.1612145081162453 2.3143146559596053 2.015472449362278 3.1361609548330289 2.8174613043665886 2.54647196829319 2.1987661197781563
leaf_count=22 9 16 12 373 17 11 86 23 17 17 51 45 10 17 11 13 11 14 15 18 11
internal_value=0.000151265 0.0039793 -0.00190148 -0.000646207 0.00357281 0.0103358 -0.00135366 0.0018899 -0.000795368 -0.00252265 -0.00315119 0.00718345 -0.000674461 -0.00469757 0 0.00938799 0.00553331 -0.0066884 0.0112561 0.00659497 0.0113357
internal_weight=150.702 26.1984 9.12981 124.504 17.676 6.90942 106.828 28.0747 21.7778 78.7533 73.777 17.0686 10.7666 6.63058 3.99335 13.0753 4.13604 6.57637 10.7609 4.97628 6.29687
internal_count=819 135 42 684 88 33 596 137 103 459 424 93 55 34 20 73 21 30 60 35 34
is_linear=0
shrinkage=0.01


Tree=214
num_leaves=20
num_cat=0
split_feature=25 45 21 39 53 55 59 1 21 60 56 11 34 11 19 28 10 56 38
split_gain=4.57485 3.46338 5.55051 3.50632 3.14316 3.54494 3.52817 4.69653 2.97051 2.84236 3.20783 2.67695 2.68582 2.45578 3.18505 2.16759 2.00987 1.58741 0.34787
threshold=39258.500000000007 -0.28933960199356074 8776.5000000000018 0.77995678782463085 -8.6035799980163556 4.6030242443084726 1727771.5625000002 52380552.000000007 38999.500000000007 -2549532.1249999995 75.00000381469728 20.989999771118168 -1.4033757448196409 79.005001068115249 36490.658203125007 34.562500000000007 0.0015329999732784929 85.858421325683608 -0.3341545164585113
decision_type=2 2 2 2 2 2 2 2 2 2 2 2 2 2 2 2 2 2 2
left_child=4 8 3 15 11 6 7 -6 -2 -4 -11 12 -1 17 -15 -3 -8 -7 -13
right_child=1 2 9 -5 5 13 16 -9 -10 10 -12 18 -14 14 -16 -17 -18 -19 -20
leaf_value=0.0075959064563657598 -0.011886219592857933 -0.0068620499218634461 -0.011859042118200658 0.015679661454318566 1.6491649658615998e-05 -0.001407055452044757 0.012138505259133871 -0.0072290192571726891 0.0016350859749340661 0.0014638712430098213 -0.01268378440942089 0.011599888365665769 -0.0080002061080344262 -0.0057847818009693058 0.010950508287703591 0.0085535737392261422 0 0.0083920384547025596 0.0041937784411450896
leaf_weight=2.3191827610135078 6.7719640582799929 1.9356109723448782 3.9975968897342709 2.5482890829443932 77.439832761883736 1.7486764043569571 3.4273087531328192 10.075189307332037 1.9745071977376936 7.1083843633532471 2.0419711545109749 5.1210858523845673 2.1056739538907987 3.9866731464862815 1.5778719410300253 1.7175355330109594 2.4050133973360062 10.923128925263882 1.2533905208110807
leaf_count=12 56 13 33 12 376 9 15 44 13 39 12 42 11 20 13 9 10 71 9
internal_value=0.000150213 -0.00348099 -0.00106136 0.00667025 0.00099201 0.000483711 -0.000294052 -0.000806223 -0.00871947 -0.00478415 -0.001584 0.00615139 0 0.00451973 -0.000859645 0.000111906 0.0072197 0.00696087 0.0103005
internal_weight=150.479 28.0959 19.3494 6.20144 122.383 111.584 93.3473 87.515 8.74647 13.148 9.15036 10.7993 4.42486 18.2364 5.56455 3.65315 5.83232 12.6718 6.37448
internal_count=819 187 118 34 632 558 445 420 69 84 51 74 23 113 33 22 25 80 51
is_linear=0
shrinkage=0.01


Tree=215
num_leaves=21
num_cat=0
split_feature=12 14 14 29 34 60 8 60 41 53 35 45 8 11 29 58 45 37 45 53
split_gain=4.50936 4.90211 5.08732 3.62328 5.09065 5.18204 3.96115 7.10918 4.74312 4.34736 5.67108 2.75285 3.19779 2.62152 3.47855 3.11647 2.41188 1.8861 1.13103 0.766177
threshold=185776200.00000003 0.3298999965190888 0.34499999880790716 0.05927687697112561 -0.80008432269096363 -43937.433593749993 0.9486689865589143 -1925573.5624999998 1.8073432445526125 3.6316900253295903 1.5186760425567629 -0.76253181695938099 0.95910000801086437 63.555000305175788 0.027547429315745834 166202.18750000003 -0.31747950613498682 1.1819045543670657 1.4315508008003237 -1.7513235211372373
decision_type=2 2 2 2 2 2 2 2 2 2 2 2 2 2 2 2 2 2 2 2
left_child=3 11 16 4 5 -1 9 8 -8 10 -5 -2 18 14 -6 -15 -3 -11 -13 -9
right_child=1 2 -4 6 13 -7 7 19 -10 17 -12 12 -14 15 -16 -17 -18 -19 -20 -21
leaf_value=0.016270157940047204 -8.3181933640426311e-05 -0.0011819693034440389 0.0099528562214087641 -0.0021889524314094846 0.0052071250314176653 -0.0019310603994557448 0.0012167318909492616 0.0072431629072977621 -0.011415838988649268 0.01187561245458024 -0.01163426961647249 0.013050571406745011 -0.00079558072192139565 -0.0023410058226486937 -0.009911261612764127 0.014755678959521375 -0.013782330345862404 -0.00017593740659448292 0.0032125765294971683 0.015201367771918621
leaf_weight=4.6685510873794556 3.8324555307626751 3.8060515224933624 2.5444629788398743 66.472731426358223 2.2362296730279905 2.2139871120452908 18.222776576876647 3.2154480516910553 3.5369353443384162 2.8262467309832564 7.1141856461763373 9.1038709282875079 2.3852840289473525 2.1798786446452141 4.3812299072742462 1.9450394883751867 2.7656774371862394 2.1078403815627098 1.665305271744727 3.0421174094080916
leaf_count=22 19 18 12 373 10 11 86 20 17 20 51 51 13 11 24 10 12 15 10 14
internal_value=0.000149079 0.00393259 -0.00189678 -0.000638282 0.00354616 0.0102699 -0.00133991 0.00186776 -0.000790675 -0.00249718 -0.00311569 0.00711984 0.00929441 -0.000668559 -0.00465121 0.00547823 -0.00663693 0.00652452 0.0116221 0.0112719
internal_weight=150.266 26.1031 9.11619 124.163 17.6249 6.88254 106.538 28.0173 21.7597 78.521 73.5869 16.9869 13.1545 10.7424 6.61746 4.12492 6.57173 4.93409 10.7692 6.25757
internal_count=819 135 42 684 88 33 596 137 103 459 424 93 74 55 34 21 30 35 61 34
is_linear=0
shrinkage=0.01


Tree=216
num_leaves=20
num_cat=0
split_feature=12 14 14 29 8 60 41 36 22 24 47 3 45 8 29 45 6 45 22
split_gain=4.42856 4.82409 4.99331 3.55692 3.88806 6.99817 4.65247 3.66441 3.54647 4.54112 4.16577 2.85011 2.71995 3.16476 2.53242 2.36442 1.37854 1.12309 0.944131
threshold=185776200.00000003 0.3298999965190888 0.34499999880790716 0.05927687697112561 0.9486689865589143 -1925573.5624999998 1.8073432445526125 -1.4300810098648069 67096.222656250015 208.50000000000003 0.18732974678277972 4618294.5000000009 -0.76253181695938099 0.95910000801086437 0.027547429315745834 -0.31747950613498682 -15072570879.999998 1.4315508008003237 6362.8249511718759
decision_type=2 2 2 2 2 2 2 2 2 2 2 2 2 2 2 2 2 2 2
left_child=3 12 15 7 8 6 -6 16 10 -10 -5 14 -2 17 -9 -3 -1 -14 -7
right_child=1 2 -4 4 5 18 -8 11 9 -11 -12 -13 13 -15 -16 -17 -18 -19 -20
leaf_value=0.014745494863702118 -8.2348178382269573e-05 -0.0011699340404675461 0.0098769737368230165 -0.0060359561674414473 0.0012046555491993121 0.014223061425492489 -0.011310599720022652 0.0042188181768786845 0.0079912887229454648 -0.0049614318624439059 -0.0010060479940183788 0.0088661269285528997 0.013000091494956699 -0.00078751618203966518 -0.006451729116668037 -0.013649892943186972 0.0035542252235188322 0.0031845947749696412 0.0051587521335222184
leaf_weight=3.1874153390526772 3.832534238696101 3.806749552488327 2.5384019166231155 31.118750348687172 18.221406973898418 4.0467026457190505 3.5341601371765128 3.5439791902899724 6.6641155704855901 4.4658029302954674 36.179859288036823 3.0623934119939795 9.0481092259287852 2.3856118619441977 5.6892920508980751 2.7645914852619153 2.1019158139824894 1.6631490066647518 2.1873433589935303
leaf_count=14 19 18 12 201 86 23 17 18 33 26 199 15 51 13 29 12 12 10 11
internal_value=0.000147715 0.00390221 -0.00187912 -0.000632618 -0.00132792 0.00185131 -0.000782464 0.00351822 -0.00247527 0.00270425 -0.00334673 0.000438952 0.00707222 0.00924221 -0.00224778 -0.00657248 0.0104873 0.0115694 0.0112031
internal_weight=150.042 26.0391 9.10974 124.003 106.418 27.9896 21.7556 17.585 78.4285 11.1299 67.2986 12.2957 16.9294 13.0969 9.23327 6.57134 5.28933 10.7113 6.23405
internal_count=819 135 42 684 596 137 103 88 459 59 400 62 93 74 47 30 26 61 34
is_linear=0
shrinkage=0.01


Tree=217
num_leaves=17
num_cat=0
split_feature=25 37 27 40 24 42 59 7 53 47 7 23 25 26 36 57
split_gain=4.35003 3.43978 3.23113 3.16782 4.63534 6.16791 4.8885 3.68569 3.46072 2.43866 2.96905 2.44537 2.27967 1.65047 1.28737 0.277764
threshold=39258.500000000007 1.0000000180025095e-35 -2809855.9999999995 -3.6876929998397823 12.500000000000002 -0.00014199999714037401 105792.92187500001 2.8975827693939213 -8.6035799980163556 -0.073811266571283327 1.115025579929352 181.50000000000003 378735.50000000006 0.00050428614486008893 0.82117313146591198 83.431781768798842
decision_type=2 2 2 2 2 2 2 2 2 2 2 2 2 2 2 2
left_child=3 2 -2 -1 5 6 -5 8 -6 11 -11 -4 13 15 -7 -3
right_child=1 12 9 4 7 14 -8 -9 -10 10 -12 -13 -14 -15 -16 -17
leaf_value=0.013576203380630437 -0.010023319241841714 -0.011948251527200374 -0.011437678955408082 -0.008175059560069772 0.0077487673578280529 -0.012375304062563089 0.0067191670249171264 0.011899576916157499 0.00067337818679336233 0.00028286144527438304 0.01243382692297094 0.0049302686668749622 0.0024160387331983546 0 -0.0024856086153409698 -0.0060776922556451786
leaf_weight=1.9699139222502697 2.7854837253689757 7.0800244584679586 2.2712004706263538 3.3475690856575984 7.5388277769088736 6.4438580349087697 6.3329160436987877 3.3742434084415427 90.944510996341705 5.8434010818600672 3.2149638384580612 1.4246490001678465 1.8680889159440983 1.6193858832120884 1.9938988238573072 1.7976420000195501
leaf_count=9 17 56 19 19 54 33 34 15 457 33 14 7 12 13 11 16
internal_value=0.000146527 -0.0034073 -0.000208883 0.000967949 0.000752596 -0.00389196 0.00146535 0.00158858 0.00122515 0.00185616 0.00470584 -0.00485771 -0.00734598 -0.00917853 -0.0101568 -0.0108722
internal_weight=149.851 27.9048 15.5397 121.946 119.976 18.1182 9.68049 101.858 98.4833 12.7542 9.05836 3.69585 12.3651 10.4971 8.43776 8.87767
internal_count=819 187 90 632 623 97 53 526 511 73 47 26 97 85 44 72
is_linear=0
shrinkage=0.01


Tree=218
num_leaves=18
num_cat=0
split_feature=12 14 14 29 34 30 43 53 33 45 24 23 45 13 55 45 24
split_gain=4.31959 4.74045 4.91211 3.48371 4.97425 3.71142 3.42494 3.39417 6.05729 3.19646 3.02525 4.72261 2.68919 2.73833 2.40843 2.32296 2.00459
threshold=185776200.00000003 0.3298999965190888 0.34499999880790716 0.05927687697112561 -0.80008432269096363 0.02997593488544226 15886671.500000002 3.6316900253295903 1.2672563791275027 -0.50992476940155018 146.00000000000003 222.50000000000003 -0.76253181695938099 302859392.00000006 3.1236455440521245 -0.31747950613498682 264.50000000000006
decision_type=2 2 2 2 2 2 2 2 2 2 2 2 2 2 2 2 2
left_child=3 12 15 4 5 -1 7 8 -5 -9 14 -12 -2 16 -6 -3 -14
right_child=1 2 -4 6 10 -7 -8 9 -10 -11 11 -13 13 -15 -16 -17 -18
leaf_value=0.0012641758210372382 -0.00010021177640036564 -0.0011625158704490664 0.0098104365674522385 -0.0013863135102871339 -0.01233625046647825 0.016537305984610794 0.011761764397372719 -0.0020738709186685963 -0.011706429411619193 0.011792328400832676 0.011128086811208722 -0.0075295274494534097 0.013397434266483637 -0.001255104259697634 0.0014453980248435813 -0.013538206926710998 0.0025277183718604894
leaf_weight=2.9321162775158909 3.8289240077137974 3.8036438077688217 2.5304611027240753 91.627772204577923 2.9269050210714322 3.920045331120491 1.9481427446007717 2.9209253191947937 6.1071968749165526 3.565360762178897 3.6504909470677376 2.0981061384081841 8.6552911996841448 1.963085040450095 2.0299221277236938 2.7644074410200101 2.4084118157625189
leaf_count=15 19 18 12 503 14 18 9 17 40 27 18 12 49 12 11 12 13
internal_value=0.000145272 0.00385975 -0.00187085 -0.000625833 0.00348487 0.0101477 -0.00131505 -0.00156908 -0.00204142 0.00539389 -0.000686358 0.00414453 0.00701239 0.00917975 -0.00649064 -0.00652354 0.0111216
internal_weight=149.681 25.9542 9.09851 123.727 17.5576 6.85216 106.169 104.221 97.735 6.48629 10.7054 5.7486 16.8557 13.0268 4.95683 6.56805 11.0637
internal_count=819 135 42 684 88 33 596 587 543 44 55 30 93 74 25 30 62
is_linear=0
shrinkage=0.01


Tree=219
num_leaves=19
num_cat=0
split_feature=12 14 14 29 34 60 53 33 35 45 24 59 45 13 55 45 24 11
split_gain=4.24228 4.66579 4.82155 3.42096 4.88977 5.02994 3.08869 6.31817 3.58915 3.16545 2.96934 5.20969 2.65792 2.71012 2.37185 2.27769 1.99375 1.64475
threshold=185776200.00000003 0.3298999965190888 0.34499999880790716 0.05927687697112561 -0.80008432269096363 -43937.433593749993 3.6316900253295903 1.2672563791275027 1.5186760425567629 -0.50992476940155018 146.00000000000003 16446.563476562504 -0.76253181695938099 302859392.00000006 3.1236455440521245 -0.31747950613498682 264.50000000000006 67.295001983642592
decision_type=2 2 2 2 2 2 2 2 2 2 2 2 2 2 2 2 2 2
left_child=3 12 15 4 5 -1 7 8 -5 -8 14 -12 -2 16 -6 -3 -14 -9
right_child=1 2 -4 6 10 -7 9 17 -10 -11 11 -13 13 -15 -16 -17 -18 -19
leaf_value=0.01603806957053748 -9.9207276706070831e-05 -0.0011506828234650287 0.0097358171037491663 -0.00061694806651949616 -0.012253053001917194 -0.0019189772049665061 -0.0020512350714444747 -0.014459247000613643 -0.0094093494229992823 0.011767922803062937 -0.0060259878451157812 0.012949930698780695 0.013354853583104349 -0.0012421773333207264 0.0014315714001004831 -0.013409750876137768 0.0025037664571252115 -0.0011397978317561743
leaf_weight=4.6202058792114258 3.8290187790989902 3.804327979683876 2.5243876427412033 88.621623072773218 2.9173586592078191 2.2144276201725033 2.9236133471131325 4.7185560762882224 4.930735155940055 3.537168748676776 2.6199715137481689 3.1170240268111229 8.5963544994592684 1.963675945997237 2.0290372893214226 2.7629866749048215 2.407143533229827 1.3627682477235792
leaf_count=22 19 18 12 478 14 11 17 34 34 27 15 15 49 12 11 12 13 6
internal_value=0.000143964 0.00383034 -0.00185351 -0.000619975 0.00345845 0.0100737 -0.00130282 -0.00174489 -0.00109105 0.00535974 -0.000679982 0.0041097 0.00696651 0.00913003 -0.00643738 -0.00646056 0.0110719 -0.0116389
internal_weight=149.5 25.8879 9.0917 123.612 17.518 6.83463 106.094 99.6337 93.5524 6.46078 10.6834 5.737 16.7962 12.9672 4.9464 6.56731 11.0035 6.08132
internal_count=819 135 42 684 88 33 596 552 512 44 55 30 93 74 25 30 62 40
is_linear=0
shrinkage=0.01


Tree=220
num_leaves=14
num_cat=0
split_feature=25 40 24 10 7 53 11 48 57 55 21 39 38
split_gain=4.17898 3.13325 4.54258 6.02291 3.61442 3.39805 3.30337 2.4965 4.47839 3.93325 3.14342 3.41351 1.13026
threshold=39258.500000000007 -3.6876929998397823 12.500000000000002 -0.00014199999714037401 2.8975827693939213 -8.6035799980163556 16.82499980926514 -0.37122093141078943 9.4017567634582537 -2.36957836151123 153173.00000000003 -0.76467001438140858 0.098279077559709563
decision_type=2 2 2 2 2 2 2 2 2 2 2 2 2
left_child=1 -1 3 6 5 -4 -3 8 -2 -9 11 -11 -5
right_child=7 2 4 12 -6 -7 -8 9 -10 10 -12 -13 -14
leaf_value=0.013498364842281538 0.0072825999004277686 -0.0087828363957976243 0.0076902085268739599 -0.012327216357649287 0.011792151609783015 0.00065509448343472416 0.0048259239602898721 -0.01219479333125279 -0.011587052074622281 -0.012236550246873056 -0.012590914320648476 0.0035670100368857052 -0.0032800523658018761
leaf_weight=1.9662851244211186 1.4819568321108834 2.3316599205136317 7.4846657738089553 6.2036461904644948 3.3616084903478614 90.695939615368843 7.3081769496202469 2.8656432628631618 6.6623314544558525 1.5001864284277022 1.6488452702760685 13.589327119290823 2.202839657664299
leaf_count=9 9 14 54 31 15 457 39 19 59 11 10 79 13
internal_value=0.00014234 0.000948101 0.000733387 -0.00387386 0.00156205 0.00120159 0.00143053 -0.00335136 -0.00803069 -0.00135637 0.000439451 0.00192956 -0.0100754
internal_weight=149.303 121.555 119.589 18.0463 101.542 98.1806 9.63984 27.7483 8.14429 19.604 16.7384 15.0895 8.40649
internal_count=819 632 623 97 526 511 53 187 68 119 100 90 44
is_linear=0
shrinkage=0.01


Tree=221
num_leaves=18
num_cat=0
split_feature=25 37 27 40 24 10 59 47 47 47 47 31 23 25 26 36 57
split_gain=4.10614 3.38121 3.20221 3.07594 4.46029 5.9183 4.73796 2.83129 6.35444 4.36245 2.38617 2.61751 2.39364 2.25783 1.64226 1.2705 0.2811
threshold=39258.500000000007 1.0000000180025095e-35 -2809855.9999999995 -3.6876929998397823 12.500000000000002 -0.00014199999714037401 105792.92187500001 0.18732974678277972 -0.10864827036857604 0.45080380141735082 -0.073811266571283327 -6.4792661666870108 181.50000000000003 378735.50000000006 0.00050428614486008893 0.82117313146591198 83.431781768798842
decision_type=2 2 2 2 2 2 2 2 2 2 2 2 2 2 2 2 2
left_child=3 2 -2 -1 5 6 -5 8 -6 -9 12 -12 -4 14 16 -7 -3
right_child=1 13 10 4 7 15 -8 9 -10 -11 11 -13 -14 -15 -16 -17 -18
leaf_value=0.013384417411712354 -0.0099758961742966341 -0.011903480561852864 -0.01138100144773949 -0.00811036810651195 0.0019985596571630523 -0.012213970882894118 0.0066039407793565125 0.0082736777321282349 -0.0056319523559320251 0.0013125575366888173 -0.005976646257969339 0.0074112787203529451 0.0048576550874397193 0.0024596644561468827 0 -0.0023730104946919407 -0.0059787870274959892
leaf_weight=1.9632100984454144 2.7593769729137412 6.9700087010860425 2.2323161624372001 3.3220492601394671 44.497777417302132 6.3979064896702749 6.2970123291015625 13.312404923141001 14.452987305819986 29.235807374119759 1.7434583082795123 7.2935744598507917 1.4268844425678251 1.8626801595091809 1.6115698888897885 1.9887819737195966 1.7735706344246862
leaf_count=9 17 56 19 19 235 33 34 71 74 146 11 36 7 12 13 11 16
internal_value=0.000140964 -0.00332741 -0.000153165 0.000939379 0.000726565 -0.00384439 0.00141823 0.0015473 0.00011082 0.00351404 0.00190293 0.00471777 -0.00477555 -0.00726099 -0.00910611 -0.00999957 -0.0108161
internal_weight=149.141 27.6734 15.4556 121.468 119.505 18.0058 9.61906 101.499 58.9508 42.5482 12.6962 9.03703 3.6592 12.2178 10.3551 8.38669 8.74358
internal_count=819 187 90 632 623 97 53 526 309 217 73 47 26 97 85 44 72
is_linear=0
shrinkage=0.01


Tree=222
num_leaves=18
num_cat=0
split_feature=12 15 29 27 58 27 43 52 29 54 15 41 44 9 9 11 22
split_gain=4.10443 4.58115 3.33459 3.91272 6.05374 4.76606 3.33237 3.35887 4.08552 3.32438 2.8226 2.32047 2.11666 2.44623 1.78249 1.28977 0.303455
threshold=185776200.00000003 0.32997500896453863 0.05927687697112561 -90798079.999999985 166202.18750000003 1056768.0000000002 15886671.500000002 0.099945388734340682 0.10038935020565988 -2.6336226463317867 0.34499999880790716 -1.1321707963943479 183096.98437500003 354673536.00000006 670199648.00000012 62.620000839233406 29690.634765625004
decision_type=2 2 2 2 2 2 2 2 2 2 2 2 2 2 2 2 2
left_child=2 12 3 -1 5 -5 7 9 -9 -4 11 -3 13 -2 15 -14 -6
right_child=1 10 6 4 16 -7 -8 8 -10 -11 -12 -13 14 -15 -16 -17 -18
leaf_value=-0.0089374881032087336 0.0097993103045633245 -0.012499290919247548 0 0.0067615978234757037 0.016775806377385512 -0.0070450203987966146 0.011630822161003454 0.010427324174533277 -0.001136053366886947 -0.0088927177463025038 0.0064589362981281309 -7.4176650112586267e-06 0.01380258539679317 -0.0041693155656110101 0 0.0057751349011946071 0.0099515268447844304
leaf_weight=2.1826225370168713 2.0894452705979409 2.7620538473129272 7.1384116262197521 5.7383036240935308 2.9783877506852141 4.4073386713862419 1.9418741613626469 3.1617052853107444 82.456279963254929 11.035742811858652 2.736702635884285 3.5736599117517454 6.1858408302068693 3.0450438559055328 1.6248085871338833 3.7568460553884506 2.1627423167228699
leaf_count=10 12 12 40 30 13 23 9 15 472 60 13 17 35 15 11 20 12
internal_value=0.000139553 0.00377396 -0.000612656 0.00341916 0.00524884 0.000665341 -0.00128825 -0.00153959 -0.000697361 -0.0054523 -0.00185993 -0.00561108 0.00689413 0.00132036 0.00928173 0.01087 0.0140995
internal_weight=148.978 25.7744 123.203 17.4694 15.2868 10.1456 105.734 103.792 85.618 18.1742 9.07242 6.33571 16.702 5.13449 11.5675 9.94269 5.14113
internal_count=819 135 684 88 78 53 596 587 487 100 42 29 93 27 66 55 25
is_linear=0
shrinkage=0.01


Tree=223
num_leaves=16
num_cat=0
split_feature=25 45 21 39 53 27 21 46 53 60 56 11 6 28 38
split_gain=4.00503 3.35371 5.42967 3.36541 2.9638 4.07372 2.95593 2.85134 3.12327 2.82347 3.15815 2.69762 2.69205 2.10171 0.340178
threshold=39258.500000000007 -0.28933960199356074 8776.5000000000018 0.77995678782463085 -8.6035799980163556 -156603647.99999997 38999.500000000007 -1.1909426450729368 3.6316900253295903 -2549532.1249999995 75.00000381469728 20.989999771118168 -59526068223.999992 34.562500000000007 -0.3341545164585113
decision_type=2 2 2 2 2 2 2 2 2 2 2 2 2 2 2
left_child=4 6 3 13 11 -6 -2 -7 -9 -4 -11 12 -1 -3 -13
right_child=1 2 9 -5 5 7 -8 8 -10 10 -12 14 -14 -15 -16
leaf_value=-0.0090829949226361971 -0.01178566145780169 -0.0066958165672313334 -0.011791619075465885 0.015571336107603787 -0.012514066637748627 -0.0086397841807754564 0.0018440039275513026 0.00038826706897331407 0.0058430967096926864 0.0015864393303593963 -0.012565608878244166 0.011537366825960006 0.0068184139629665777 0.0085572120821422615 0.0041306516316848407
leaf_weight=1.8744989708065984 6.5345962829887885 1.8975160792470007 3.8941830247640636 2.5453543365001678 2.3692322969436637 3.1335966214537612 1.9445429369807241 93.314213842153549 11.913257606327532 7.039316967129702 2.0072812587022781 4.9759096875786781 2.4640789031982404 1.7117369845509527 1.2357674613595007
leaf_count=10 56 13 33 12 12 18 13 448 80 39 12 42 13 9 9
internal_value=0.000138264 -0.00329383 -0.000911065 0.0067554 0.000926837 0.000434559 -0.008542 0.000726899 0.00101534 -0.00463449 -0.00144311 0.00599876 0 0.000261073 0.0102248
internal_weight=148.855 27.5745 19.0954 6.15461 121.281 110.73 8.47914 108.361 105.227 12.9408 9.0466 10.5503 4.33858 3.60925 6.21168
internal_count=819 187 118 34 632 558 69 546 528 84 51 74 23 22 51
is_linear=0
shrinkage=0.01


Tree=224
num_leaves=24
num_cat=0
split_feature=12 14 14 47 47 1 5 29 39 54 8 46 36 27 1 3 46 39 36 45 48 35 5
split_gain=4.00574 4.51058 4.69088 3.27124 4.82131 4.13276 4.05903 5.41117 3.79366 3.6194 4.03583 3.62156 3.54616 3.24873 2.75971 4.32549 2.65353 2.57408 2.36572 2.22175 2.03766 1.56176 0.492007
threshold=185776200.00000003 0.3298999965190888 0.34499999880790716 0.18732974678277972 -1.3590980172157285 10872332.000000002 1707.6099853515627 0.05927687697112561 2.8669626712799077 -4.781085491180419 0.75274801254272472 -0.055460784584283822 -0.2241961061954498 -29646847.999999996 11702936.000000002 -58575.999999999993 -0.76289612054824818 5.6711292266845712 -1.4300810098648069 -0.31747950613498682 1.2785629034042361 1.4731959104537966 283644.92187500006
decision_type=2 2 2 2 2 2 2 2 2 2 2 2 2 2 2 2 2 2 2 2 2 2 2
left_child=3 16 19 4 5 8 14 22 -1 11 -11 -6 -9 -7 15 -5 17 -2 -16 -3 21 -18 -8
right_child=1 2 -4 6 9 13 7 12 -10 10 -12 -13 -14 -15 18 -17 20 -19 -20 -21 -22 -23 -24
leaf_value=0.0025905377125570702 -0.0090947699399690565 -0.0011397935836389406 0.0096169124748676088 0.003681460655389547 -0.0017309269507335193 -0.0036326148675103493 0.018156418011753855 -0.0010183459145669065 -0.013807430154923882 -0.0073505180466616757 -0.00094700103939599487 0.012639187185347378 0.0085259894987790037 0.012008092844904217 0 -0.0038905197188605148 0.013378635757489637 0.0071261612719789548 -0.012067042463628273 -0.013265549733200183 5.0266330115845002e-05 0.0041072014624018256 0.0096538512247198328
leaf_weight=4.1680480167269689 1.8108318597078352 3.78996442258358 2.5070246011018753 17.03860662132502 6.0138753056526184 1.6293651461601255 2.3667948916554478 12.096941798925403 2.085555724799633 25.219319321215153 16.781956262886524 2.430724233388899 5.6454843133687946 5.5472693219780922 2.7489366754889488 13.503336757421492 7.5713143050670642 2.1200101524591446 3.718016490340232 2.7602632343769056 2.2799569591879836 2.849387027323246 1.9824668839573858
leaf_count=27 9 18 12 93 38 7 10 57 10 154 87 15 27 28 14 89 44 11 17 12 13 16 11
internal_value=0.000137098 0.00373407 -0.00185778 -0.000606145 -0.00218016 0.00310453 0.00107814 0.00447795 -0.00271822 -0.00360693 -0.00481575 0.002287 0.00196222 0.00831772 -0.00092429 0.000300962 0.00683943 -9.19815e-05 -0.00686551 -0.00640225 0.00906343 0.0109395 0.0145107
internal_weight=148.665 25.6888 9.05725 122.977 63.8761 13.4302 59.1006 22.0917 6.2536 50.4459 42.0013 8.4446 17.7424 7.17663 37.0089 30.5419 16.6315 3.93084 6.46695 6.55023 12.7007 10.4207 4.34926
internal_count=819 135 42 684 366 72 318 105 37 294 241 53 84 35 213 182 93 20 31 30 73 60 21
is_linear=0
shrinkage=0.01


Tree=225
num_leaves=22
num_cat=0
split_feature=12 14 14 47 47 18 22 19 10 1 54 58 60 31 27 45 8 45 37 19 45
split_gain=3.93603 4.44039 4.60461 3.21038 4.73079 4.35191 6.15267 4.07493 5.3429 4.06282 3.55036 3.98615 3.74979 3.29346 3.20177 2.61558 3.09414 2.17892 2.05238 2.02349 1.10029
threshold=185776200.00000003 0.3298999965190888 0.34499999880790716 0.18732974678277972 -1.3590980172157285 493659.50000000006 -35589.285156249993 17005.727539062504 -0.00034250000317115331 10872332.000000002 -4.781085491180419 2009462.8750000002 -951803.90624999988 4.6731765270233163 -29646847.999999996 -0.76253181695938099 0.95910000801086437 -0.31747950613498682 -1.5804727673530576 19370.420898437504 1.4315508008003237
decision_type=2 2 2 2 2 2 2 2 2 2 2 2 2 2 2 2 2 2 2 2 2
left_child=3 15 17 4 9 7 -7 8 -5 19 12 -12 -6 -9 -11 -2 20 -3 -8 -1 -17
right_child=1 2 -4 5 10 6 18 13 -10 14 11 -13 -14 -15 -16 16 -18 -19 -20 -21 -22
leaf_value=-0.0093999867634865959 -0.00022906633996173795 -0.0011281972402943123 0.0095439964886614801 0.0085467433773438947 -0.0019971506884251798 -0.005130983145085366 0.0035830198623554173 -0.0054747024247112043 -0.00094025414641925819 -0.0035986021310199247 -0.0054723767732031874 0.0089206708182235275 0.012409061082809163 0.0036410785228330918 0.011936329128077225 0.012760647056021278 -0.00098773825332803861 -0.01314148785262687 0.014729699578397213 0.0019538221774918537 0.0029392530323770799
leaf_weight=2.645877964794634 3.805152744054797 3.7906279414892197 2.5009469985961914 9.2512103319168109 5.8651543855667114 3.1182457804679862 2.7328257113695136 17.263365320861343 16.142373628914356 1.628322973847389 39.989007394760847 1.9705419540405262 2.564608655869959 5.0073161199688903 5.5249266624450684 8.7808804512023944 2.359994336962699 2.7584671229124051 5.5455368533730498 3.6095847710967064 1.6294066756963719
leaf_count=17 19 18 12 48 35 14 14 105 82 7 232 9 18 26 28 51 13 12 29 20 10
internal_value=0.00013596 0.0037064 -0.00184064 -0.000600611 -0.00216114 0.00106816 0.00662269 -0.000238962 0.0024766 0.00307777 -0.00357507 -0.00477261 0.00226706 -0.00338022 0.00826025 0.00679537 0.00896675 -0.00634087 0.0111708 -0.00268865 0.0113195
internal_weight=148.484 25.6255 9.05004 122.859 63.798 59.0609 11.3966 47.6643 25.3936 13.4087 50.3893 41.9595 8.42976 22.2707 7.15325 16.5754 12.7703 6.5491 8.27836 6.25546 10.4103
internal_count=819 135 42 684 366 318 57 261 130 72 294 241 53 131 35 93 74 30 43 37 61
is_linear=0
shrinkage=0.01


Tree=226
num_leaves=20
num_cat=0
split_feature=12 14 14 54 3 31 3 55 38 55 3 17 44 13 9 28 43 13 0
split_gain=3.86534 4.36961 4.52002 3.15655 3.46179 5.9928 3.94538 4.94037 3.20631 3.07897 2.53347 2.26024 2.08837 3.06658 2.38527 2.07115 1.71859 0.935997 0.121279
threshold=185776200.00000003 0.3298999965190888 0.34499999880790716 -4.781085491180419 4618294.5000000009 0.076093431562185301 438407.00000000006 -5.4386472702026358 1.1250644922256472 -6.6559569835662833 -16672752.499999998 24196.000000000004 183096.98437500003 302859392.00000006 354673536.00000006 -236.49999999999997 1636469.1875000002 134551424.00000003 138985.00000000003
decision_type=2 2 2 2 2 2 2 2 2 2 2 2 2 2 2 2 2 2 2
left_child=3 12 15 9 6 -6 7 -5 -8 10 -1 -12 14 17 -2 -3 -7 -14 -11
right_child=1 2 -4 4 5 16 8 -9 -10 18 11 -13 13 -15 -16 -17 -18 -19 -20
leaf_value=-0.006531324930034125 0.0096553783783306923 -0.01362832306336834 0.0094716966362537805 -0.014873574392196673 0.015691757597048273 0.0035597843165827681 -0.0076960685022907076 -0.00022060306503765971 0.0011404224306657081 0.013265458464356115 -0.0006445793358400121 0.0083485820379826312 0.0059626274760240482 -0.0021777164754293327 -0.0042164072267034756 -0.0016578348935983277 -0.0073825877120661312 0.013597357579800393 0.0070541570368512132
leaf_weight=3.3082071691751489 2.0579417273402276 2.4448990672826767 2.4948676228523254 2.3844405859708777 3.1823826953768712 3.0604281052947044 16.744802005589012 71.492155592888594 5.1922254711389533 2.4191861078143115 5.8646247386932373 5.0346287786960602 2.8380106016993505 1.8568290844559658 3.0335934609174728 4.102891802787779 2.6212472021579742 6.7326139211654663 1.4087547436356542
leaf_count=17 12 11 12 12 16 18 98 384 30 14 29 44 16 12 15 19 13 38 9
internal_value=0.000134763 0.00367787 -0.00182371 -0.00059513 -0.00126774 0.00467958 -0.00182839 -0.000707078 -0.00555899 0.00325327 0.00103078 0.00341783 0.00675002 0.009138 0.00119401 -0.00628025 -0.00131249 0.0114379 0.0112408
internal_weight=148.275 25.5616 9.04266 122.713 104.678 8.86406 95.8136 73.8766 21.937 18.0354 14.2075 10.8993 16.519 11.4275 5.09154 6.54779 5.68168 9.57062 3.82794
internal_count=819 135 42 684 571 47 524 396 128 113 90 73 93 66 27 30 31 54 23
is_linear=0
shrinkage=0.01


Tree=227
num_leaves=18
num_cat=0
split_feature=59 2 44 19 54 55 39 17 17 59 41 45 28 2 26 54 6
split_gain=3.81171 3.84661 3.71572 3.43504 3.26021 5.50438 7.63284 4.13182 3.27864 3.55547 3.14588 2.54344 2.42037 2.14823 1.70985 1.50663 1.01403
threshold=58490.957031250007 2174637.0000000005 21645.689453125004 105736.79687500001 -4.781085491180419 2.4028444290161137 0.93061417341232311 1.0000000180025095e-35 16909.000000000004 359577.68750000006 -1.8503410220146177 -0.88606020808219899 34.562500000000007 83578820.000000015 0.00071428529918193828 1.1058887839317324 -62078187519.999992
decision_type=2 2 2 2 2 2 2 2 2 2 2 2 2 2 2 2 2
left_child=3 2 -2 10 8 6 -6 -7 9 -3 16 14 -13 -10 -12 -4 -1
right_child=1 4 15 -5 5 7 -8 -9 13 -11 11 12 -14 -15 -16 -17 -18
leaf_value=-0.013963090191374147 -0.0040329050871114897 -0.007556276254331985 0.01408954825363325 -0.011863163256190279 -0.010014785867174197 -0.0036331546985529711 -2.4860316123482293e-05 0.0053978080424525558 0.010515733878979921 0.0054851801247804231 -0.012059812262320863 -0.0019126493145008201 0.0028615344752843251 -0.0018557848093973964 0.00034779941304067396 0.0044246945486050926 -0.0022224109532566019
leaf_weight=2.4622873440384869 2.1522581577301008 3.6538748592138308 4.798948734998703 3.3114060387015334 10.624188005924223 6.6483220756053951 28.028911203145981 19.996349968016148 8.0498142838478071 4.883148118853569 3.0234904438257209 24.217390701174736 18.865108571946621 1.5401515662670124 1.5148905068635938 2.9757231771945953 1.3677021861076344
leaf_count=18 11 17 24 18 48 31 119 111 65 25 25 158 108 8 9 15 9
internal_value=0.000133535 0.00136853 0.00726326 -0.00195347 0.000655118 -0.000372351 -0.00279656 0.00310689 0.00441148 0 -0.00129624 -0.000572691 0.000154675 0.00842459 -0.00769787 0.010519 -0.0100316
internal_weight=148.114 93.3517 9.92693 54.7623 83.4248 65.2978 38.6531 26.6447 18.127 8.53702 51.4509 47.6209 43.0825 9.58997 4.53838 7.77467 3.82999
internal_count=819 474 50 345 424 309 167 142 115 42 327 300 266 73 34 39 27
is_linear=0
shrinkage=0.01


Tree=228
num_leaves=17
num_cat=0
split_feature=25 37 19 23 57 40 53 55 53 4 59 43 25 26 41 57
split_gain=3.76887 3.34801 3.13711 4.77471 3.05234 3.04072 3.04504 4.09909 4.55313 3.03985 2.50916 2.69823 2.21838 1.63409 0.52103 0.28825
threshold=39258.500000000007 1.0000000180025095e-35 72790.992187500015 289.50000000000006 11.872728347778322 -3.6876929998397823 -8.6035799980163556 2.4028444290161137 -0.50617459416389454 1721081.6875000002 125148.25781250001 731264.28125000012 378735.50000000006 0.00050428614486008893 -0.53205889463424672 83.431781768798842
decision_type=2 2 2 2 2 2 2 2 2 2 2 2 2 2 2 2
left_child=5 2 3 4 -2 -1 10 8 -8 -9 11 -7 13 15 -12 -3
right_child=1 12 -4 -5 -6 6 7 9 -10 -11 14 -13 -14 -15 -16 -17
leaf_value=0.01329171551019632 0.0097959371817423046 -0.011850700228049951 -0.011918438164340593 0.013929199739748526 -0.0038233830162126893 0.0087101190702357847 0.00053151882902809078 0.0035981838890970542 -0.0048809269619721155 -0.0070465731039786282 0.0034161436124279937 -0.0069818036200872957 0.0024832117995324896 0 0.01185609508744434 -0.0058291129197801054
leaf_weight=1.956570379436015 2.0038461759686497 6.8391509875655156 1.9613495171070088 2.5612560510635367 8.7978259325027448 2.015392139554022 46.270268604159355 35.973925992846489 23.208354860544205 2.8411952108144751 1.3023940473794935 2.398638054728508 1.8537294045090664 1.5952584519982327 4.5852667912840843 1.7360690906643865
leaf_count=9 9 56 13 10 58 13 222 196 119 13 11 13 12 13 36 16
internal_value=0.000132063 -0.00321149 -4.61936e-05 0.00162153 -0.00120425 0.000898878 0.000685991 0.000182239 -0.00126204 0.00279324 0.00588447 0 -0.00716234 -0.00901872 0.010159 -0.0107482
internal_weight=147.9 27.3485 15.3243 13.3629 10.8017 120.552 118.595 108.294 69.4786 38.8151 10.3017 4.41403 12.0242 10.1705 5.88766 8.57522
internal_count=819 187 90 77 67 632 623 550 341 209 73 26 97 85 47 72
is_linear=0
shrinkage=0.01


Tree=229
num_leaves=23
num_cat=0
split_feature=12 14 14 47 47 18 22 19 10 1 39 54 8 60 31 37 46 39 45 37 48 37
split_gain=3.73201 4.28522 4.43796 3.17584 4.61826 4.2447 6.03126 3.99903 5.21702 3.96607 3.71645 3.36675 3.99244 3.70724 3.22159 3.09604 2.60501 2.4973 2.12652 2.01278 1.99453 1.3922
threshold=185776200.00000003 0.3298999965190888 0.34499999880790716 0.18732974678277972 -1.3590980172157285 493659.50000000006 -35589.285156249993 17005.727539062504 -0.00034250000317115331 10872332.000000002 2.8669626712799077 -4.781085491180419 0.75274801254272472 -951803.90624999988 4.6731765270233163 -1.5175982117652891 -0.76289612054824818 5.6711292266845712 -0.31747950613498682 -1.5804727673530576 1.2785629034042361 2.1082451343536381
decision_type=2 2 2 2 2 2 2 2 2 2 2 2 2 2 2 2 2 2 2 2 2 2
left_child=3 16 18 4 9 7 -7 8 -5 10 -1 13 -13 -6 -9 -11 17 -2 -3 -8 21 -18
right_child=1 2 -4 5 11 6 19 14 -10 15 -12 12 -14 -15 -16 -17 20 -19 -20 -21 -22 -23
leaf_value=0.0026120254124033888 -0.0090741637134197275 -0.0010895230610026066 0.0093972188835175236 0.0084889829427031525 -0.0020629658990739979 -0.0050633023338836833 0.0035583559303143698 -0.0054171405976200168 -0.00090139220371759519 -0.0025472280752362932 -0.013643126537755321 -0.0072375447797243253 -0.00085464174907984086 0.012366268587677576 0.0036127019009481766 0.012117362982140917 0.012532925778048555 0.0069483034790520171 -0.012976148782064417 0.014634740387102267 0 0.002186989402236487
leaf_weight=4.1471363157033903 1.8051661998033552 3.7824187427759171 2.4806967079639435 9.2123447731137293 5.8267536088824272 3.112645059823989 2.7183222845196715 17.170101962983612 16.101690262556076 1.8381293565034864 2.0812436193227768 25.082699127495289 16.713380176573992 2.5199171081185323 4.9937664791941634 5.2715784385800362 8.4179226122796553 2.0973687544465065 2.75024466216564 5.5120338946580878 2.2617178335785857 1.8271202594041813
leaf_count=27 9 18 12 48 35 14 14 105 82 9 10 154 87 18 26 26 50 11 12 29 13 10
internal_value=0.000130983 0.00362269 -0.00183028 -0.000586655 -0.00214311 0.0010761 0.00657495 -0.000216572 0.00247647 0.00304641 -0.00265916 -0.00354347 -0.00470908 0.00217351 -0.0033375 0.00818536 0.00667885 -0.000206845 -0.00624686 0.0110979 0.00890738 0.0107854
internal_weight=147.724 25.4227 9.01336 122.302 63.4808 58.8209 11.343 47.4779 25.314 13.3381 6.22838 50.1428 41.7961 8.34667 22.1639 7.10971 16.4093 3.90253 6.53266 8.23036 12.5068 10.245
internal_count=819 135 42 684 366 318 57 261 130 72 37 294 241 53 131 35 93 20 30 43 73 60
is_linear=0
shrinkage=0.01


Tree=230
num_leaves=19
num_cat=0
split_feature=12 14 14 29 34 60 43 52 29 54 24 58 46 55 1 45 48 35
split_gain=3.66711 4.21832 4.35658 3.12977 4.70297 4.87934 3.18671 3.36726 3.90276 3.17191 2.80087 4.93175 2.57191 2.22544 2.18329 2.08604 1.97335 1.55457
threshold=185776200.00000003 0.3298999965190888 0.34499999880790716 0.05927687697112561 -0.80008432269096363 -43937.433593749993 15886671.500000002 0.099945388734340682 0.10038935020565988 -2.6336226463317867 146.00000000000003 12638.773925781252 -0.76289612054824818 3.1236455440521245 6261359.5000000009 -0.31747950613498682 1.2785629034042361 1.4731959104537966
decision_type=2 2 2 2 2 2 2 2 2 2 2 2 2 2 2 2 2 2
left_child=3 12 15 4 5 -1 7 9 -9 -5 13 -12 14 -6 -2 -3 17 -14
right_child=1 2 -4 6 10 -7 -8 8 -10 -11 11 -13 16 -15 -16 -17 -18 -19
leaf_value=0.015821733734390272 -0.0068733201425185521 -0.0010784488178594957 0.0093261563486228514 -4.9223816938165193e-05 -0.012025039883816402 -0.0019372250893019355 0.011461596711905499 0.010273301739927252 -0.0010690236281129127 -0.0087804647276469271 -0.0087275900870892442 0.010778861299985216 0.013214903512514578 0.0013050233268878586 0.0082392262260933113 -0.012856840414387914 0 0.0039063167829775144
leaf_weight=4.5446497872471809 2.245300978422168 3.783043384552002 2.4746333807706833 7.073974788188937 2.8853899762034398 2.2036219835281399 1.9215637147426594 3.1397686824202529 81.761780954897404 10.978837601840494 1.9370547533035276 3.7301610335707664 7.3689892143011111 1.9952253773808477 1.6559634581208227 2.7480197101831418 2.2617178335785857 2.822340801358223
leaf_count=22 11 18 12 40 14 11 9 15 472 60 11 19 44 11 9 12 13 16
internal_value=0.000129875 0.00359583 -0.0018135 -0.000581389 0.0033443 0.00987443 -0.00123835 -0.00148509 -0.000637791 -0.00541453 -0.000738734 0.0039351 0.00663568 -0.00637074 -0.000202195 -0.00618746 0.00885814 0.0107351
internal_weight=147.532 25.36 9.0057 122.172 17.2961 6.74827 104.876 102.954 84.9015 18.0528 10.5478 5.66722 16.3543 4.88062 3.90126 6.53106 12.453 10.1913
internal_count=819 135 42 684 88 33 596 587 487 100 55 30 93 25 20 30 73 60
is_linear=0
shrinkage=0.01


Tree=231
num_leaves=20
num_cat=0
split_feature=25 37 27 24 42 59 7 47 47 47 58 34 45 25 28 36 22 2 40
split_gain=3.62312 3.3116 3.13768 2.84189 4.72409 5.01071 3.47045 3.33203 4.60707 4.33006 3.27131 2.70933 2.67851 2.19355 1.78205 1.72114 1.42676 0.625872 0.351892
threshold=39258.500000000007 1.0000000180025095e-35 -2809855.9999999995 12.500000000000002 -0.00014199999714037401 105792.92187500001 2.8975827693939213 0.18732974678277972 -0.10864827036857604 0.45080380141735082 789673.40625000012 -0.64827111363410939 -0.22984804958105085 378735.50000000006 -844.37499999999989 0.82117313146591198 7311.1899414062509 1251915.5000000002 1.7558586597442629
decision_type=2 2 2 2 2 2 2 2 2 2 2 2 2 2 2 2 2 2 2
left_child=3 2 -2 4 5 -1 7 8 -5 -9 -7 16 -13 17 -6 -16 -4 18 -3
right_child=1 13 11 6 14 10 -8 9 -10 -11 -12 12 -14 -15 15 -17 -18 -19 -20
leaf_value=-0.0080023626737757651 -0.0098501496973629806 -0.010636672040531137 -0.011905195790762007 0.0012663172403758729 0 0.012941491238006957 0.011634436030150838 0.00814424149610243 -0.0053101610425468531 0.0011245935809860736 -0.0009829353799784505 -0.0038286261525442666 0.0079493189640190438 0.0024758183399082988 -0.01403726640281954 -0.0022190270606318317 0.0013782423661941124 -0.00054493831659174926 -0.0031311118656151726
leaf_weight=3.2748671993613261 2.7016818672418585 7.930063381791113 1.7752209231257432 42.506145350635052 2.2712543457746506 3.9101969674229622 3.3232083991169921 13.019360948354004 14.183849491178988 28.362049348652363 2.7477894648909569 2.5381949171423894 6.9927438423037565 1.8537086024880398 4.6082636415958387 1.9771895185112951 1.2634442746639249 1.0408108234405506 1.1072728708386419
leaf_count=19 17 67 13 229 11 21 15 70 74 143 15 18 34 12 24 11 8 9 9
internal_value=0.000128737 -0.00315881 -8.85579e-06 0.000881178 -0.0026715 0.00198294 0.00154939 0.00119746 -0.000361479 0.00335727 0.0070446 0.00202685 0.0047078 -0.00710654 -0.00800439 -0.0106409 -0.00605299 -0.00896828 -0.00982773
internal_weight=147.387 27.2031 15.2713 120.184 18.7896 9.93285 101.395 98.0714 56.69 41.3814 6.65799 12.5696 9.53094 11.9319 8.85671 6.58545 3.03867 10.0781 9.03734
internal_count=819 187 90 632 101 55 531 516 303 213 36 73 52 97 46 35 21 85 76
is_linear=0
shrinkage=0.01


Tree=232
num_leaves=21
num_cat=0
split_feature=12 14 14 47 47 31 18 37 1 33 39 54 58 60 27 45 7 45 24 47
split_gain=3.57965 4.13584 4.27571 3.06244 4.48456 4.14415 4.31411 6.12276 3.86414 3.78841 3.66032 3.26204 3.90377 3.6382 3.0987 2.54432 3.2636 2.04756 1.78238 1.21973
threshold=185776200.00000003 0.3298999965190888 0.34499999880790716 0.18732974678277972 -1.3590980172157285 -7.0579471588134757 493659.50000000006 -1.5804727673530576 10872332.000000002 -0.75006961822509755 2.8669626712799077 -4.781085491180419 2009462.8750000002 -951803.90624999988 -29646847.999999996 -0.76253181695938099 0.7818698287010194 -0.31747950613498682 264.50000000000006 0.71588054299354564
decision_type=2 2 2 2 2 2 2 2 2 2 2 2 2 2 2 2 2 2 2 2
left_child=3 15 17 4 8 19 9 -8 10 -7 -1 13 -13 -6 -10 -2 -17 -3 -18 -5
right_child=1 2 -4 5 11 6 7 -9 14 -11 -12 12 -14 -15 -16 16 18 -19 -20 -21
leaf_value=0.0026203470372944122 -0.00037464811468124404 -0.0010639236318218811 0.009261304861355589 -0.0014914121068694453 -0.0020325210064109788 0.0034603041092112073 -0.002010820205353312 0.013273896236864422 -0.0035693859975005409 -0.0024017598779513074 -0.013516274144158749 -0.0053347563462941448 0.0089237462251878629 0.012316234603963541 0.011752659210021199 -0.0043341046433517339 0.013075935947549175 -0.012741549326851271 0.0032096135143153703 -0.014122112606441958
leaf_weight=4.1422373652458173 3.7677606046199825 3.7799128293991089 2.4651706516742706 1.4855816662311547 5.8248738050460815 20.8523855805397 4.1110628321766853 6.7642882913351041 1.621812969446182 23.298052087426189 2.0807196423411369 39.706592243164778 1.9672830849885929 2.4926654174923879 5.458041749894619 1.5592147409915948 8.220461353659628 2.7452920377254468 2.7311451137065879 2.1505235806107521
leaf_count=27 19 18 12 10 35 106 20 35 7 133 10 232 9 18 28 8 49 12 17 14
internal_value=0.000127234 0.00355838 -0.0017986 -0.000575491 -0.00210636 0.00105922 0.00175774 0.00740407 0.00301351 0.000344261 -0.00261443 -0.00348877 -0.00463766 0.0021474 0.00810153 0.00657838 0.00875229 -0.0061302 0.0107068 -0.00923668
internal_weight=147.225 25.269 8.99038 121.956 63.2942 58.6619 55.0258 10.8754 13.3028 44.1504 6.22296 49.9914 41.6739 8.31754 7.07985 16.2786 12.5108 6.5252 10.9516 3.63611
internal_count=819 135 42 684 366 318 294 55 72 239 37 294 241 53 35 93 74 30 66 24
is_linear=0
shrinkage=0.01


Tree=233
num_leaves=21
num_cat=0
split_feature=12 14 14 29 34 6 8 30 40 53 35 24 58 45 7 55 28 37 24 11
split_gain=3.51626 4.07107 4.19747 3.01612 4.60413 3.53324 3.50738 6.62632 4.27552 4.04378 5.41162 2.71563 4.82359 2.51502 3.22405 2.17658 2.02074 1.80559 1.77461 0.658688
threshold=185776200.00000003 0.3298999965190888 0.34499999880790716 0.05927687697112561 -0.80008432269096363 -15072570879.999998 0.9486689865589143 0.15480028092861178 -1.4657841920852659 3.6316900253295903 1.5186760425567629 146.00000000000003 12638.773925781252 -0.76253181695938099 0.7818698287010194 3.1236455440521245 -236.49999999999997 1.1819045543670657 264.50000000000006 21.835000038146976
decision_type=2 2 2 2 2 2 2 2 2 2 2 2 2 2 2 2 2 2 2 2
left_child=3 13 16 4 5 -1 9 19 -9 10 -5 15 -13 -2 -15 -6 -3 -11 -16 -8
right_child=1 2 -4 6 11 -7 7 8 -10 17 -12 12 -14 14 18 -17 -18 -19 -20 -21
leaf_value=0.016526053411900873 -0.00037086698284011476 -0.013356015030949861 0.0091913877799244901 -0.0020165518806637387 -0.01191965103457932 0.0015806500851813169 0.0054137707589587162 -0.0077912703861898348 0.002072538570249546 0.011790084069130888 -0.011413133697349965 -0.0086716504529398414 0.010655962165288628 -0.0042889553453811817 0.013037594193111433 0.0012858716962246722 -0.0015065070612383961 -9.2473107172874451e-05 0.0031805720534798273 0.014357403334956101
leaf_weight=3.6127016171813011 3.7681125625968006 2.4290946573019028 2.4591139256954193 65.277892593294382 2.8717921003699285 3.1009303554892567 1.5975298285484338 5.9884680807590547 16.350250802934166 2.754752814769744 6.8445615991950026 1.9320514872670171 3.7073662951588631 1.5598687380552316 8.1624810434877855 1.9874100834131239 4.0941969156265241 2.08170235902071 2.7285351455211631 3.7205713465809822
leaf_count=16 19 11 12 373 14 17 9 28 79 20 51 11 19 8 49 11 19 15 17 21
internal_value=0.000125894 0.00353161 -0.00178218 -0.000570405 0.00329309 0.00977194 -0.00121562 0.00181854 -0.000526944 -0.002319 -0.00292217 -0.00075474 0.00385704 0.00653615 0.00870679 -0.00631281 -0.00607224 0.00646884 0.0106599 0.0118588
internal_weight=147.029 25.2014 8.98241 121.828 17.2123 6.71363 104.616 27.6568 22.3387 76.9589 72.1225 10.4986 5.63942 16.219 12.4509 4.8592 6.52329 4.83646 10.891 5.3181
internal_count=819 135 42 684 88 33 596 137 107 459 424 55 30 93 74 25 30 35 66 30
is_linear=0
shrinkage=0.01


Tree=234
num_leaves=20
num_cat=0
split_feature=25 45 21 25 24 6 60 56 24 42 7 11 26 47 19 45 28 36 6
split_gain=3.45149 3.26477 5.32007 3.21427 2.97387 2.83692 2.83215 3.10317 2.77022 4.62926 3.38381 3.36145 3.26016 4.63814 3.31584 2.44263 1.75377 1.69337 0.533851
threshold=39258.500000000007 -0.28933960199356074 8776.5000000000018 181312.50000000003 15.500000000000002 -62092306431.999992 -2549532.1249999995 75.00000381469728 12.500000000000002 -0.00014199999714037401 2.8975827693939213 16.82499980926514 0.0014285732759162786 0.28208653628826147 3200.4450683593755 -0.88606020808219899 -844.37499999999989 0.82117313146591198 -62103955455.999992
decision_type=2 2 2 2 2 2 2 2 2 2 2 2 2 2 2 2 2 2 2
left_child=8 4 3 -3 -2 -5 -4 -8 9 11 12 -1 14 -14 -10 -13 -11 -18 -6
right_child=1 2 6 5 18 -7 7 -9 10 16 -12 15 13 -15 -16 -17 17 -19 -20
leaf_value=-0.0085409171252871768 0.007501660542731642 0.016182093683817577 -0.011738284109292306 0.0096545355302220057 -0.0021706337081796347 -0.0076069882079543962 0.0017387304119150604 -0.012438485121304892 -0.00066692565170468454 0 0.011502328408082272 0.014259453218746282 -0.0028156502384079824 0.0032692211690977979 0.0050767716142784639 0.0014477158635277803 -0.013956558815205428 -0.002202777092376242 -0.011715685185231367
leaf_weight=2.2742532193660754 0.96853709220886397 2.3166970312595394 3.7945316433906582 1.9240768253803255 0.93908089026808728 1.8575378060340879 6.9652014374732918 1.961956240236759 14.68647015839815 2.2650412619113922 3.3079163879156104 2.1695335656404495 32.92433525621891 20.150257900357246 29.988091666251421 5.4410805106163025 4.5793017446994764 1.9705295786261556 6.3159312158823013
leaf_count=14 6 11 33 9 8 14 39 12 85 11 15 11 140 83 208 30 24 11 55
internal_value=0.000124867 -0.00309382 -0.000738557 0.00687646 -0.00836235 0.000911198 -0.00446752 -0.00126503 0.000860063 -0.00265622 0.00152061 0.00196151 0.00117259 -0.000486631 0.00316618 0.00523131 -0.00794791 -0.0105731 -0.010618
internal_weight=146.8 27.0436 18.82 6.09831 8.22355 3.78161 12.7217 8.92716 119.757 18.6997 101.057 9.88487 97.7492 53.0746 44.6746 7.61061 8.81487 6.54983 7.25501
internal_count=819 187 118 34 69 23 84 51 632 101 531 55 516 223 293 41 46 35 63
is_linear=0
shrinkage=0.01


Tree=235
num_leaves=22
num_cat=0
split_feature=12 14 14 47 47 31 18 37 1 33 49 49 45 27 46 27 1 45 48 27 47
split_gain=3.4343 3.9987 4.13168 2.96877 4.3814 4.04027 4.16665 6.01907 3.77095 3.69186 3.23529 5.7603 4.99302 3.0307 2.53968 2.13607 2.12702 2.00465 1.92681 1.55428 1.20552
threshold=185776200.00000003 0.3298999965190888 0.34499999880790716 0.18732974678277972 -1.3590980172157285 -7.0579471588134757 493659.50000000006 -1.5804727673530576 10872332.000000002 -0.75006961822509755 -0.14923421293497083 -0.38738119602203364 1.0000000180025095e-35 -29646847.999999996 -0.76289612054824818 -3450879.9999999995 6261359.5000000009 -0.31747950613498682 1.2785629034042361 4288512.0000000009 0.71588054299354564
decision_type=2 2 2 2 2 2 2 2 2 2 2 2 2 2 2 2 2 2 2 2 2
left_child=3 14 17 4 8 20 9 -8 15 -7 11 -6 -12 -10 16 -1 -2 -3 19 -16 -5
right_child=1 2 -4 5 10 6 7 -9 13 -11 12 -13 -14 -15 18 -17 -18 -19 -20 -21 -22
leaf_value=0.0064715034881232822 -0.0069133398959056571 -0.001012726661066379 0.0091347854438859344 -0.0014487495378039679 -0.0034707627328429309 0.0034239574501036085 -0.0020361203599469223 0.013139458726992135 -0.0034952620919460561 -0.0023708695575192442 -0.011099773785386737 0.0077508308955211097 -0.0011960174766208207 0.011671254533892348 0.013061945545339919 -0.0063762333173041112 0.008070882673778727 -0.012579778673566092 0 0.003636899020733672 -0.014053448908143367
leaf_weight=1.7625938355922697 2.2367503345012696 3.775724858045578 2.4511399120092392 1.4786232933402055 23.168525543063879 20.804338201880451 4.1058090329170227 6.728362023830412 1.6196945607662199 23.220184274017814 11.005716823041441 5.6690714359283474 9.9352000728249532 5.4201056361198425 7.2919479720294493 4.4436368793249112 1.630907781422138 2.73846188187599 2.2489839270710936 2.7313840985298157 2.1276189908385277
leaf_count=8 11 18 12 10 146 106 20 35 7 133 62 31 55 28 45 29 9 12 13 15 14
internal_value=0.000123558 0.00349616 -0.00177153 -0.000565145 -0.00207609 0.00104654 0.00173588 0.00729609 0.00299495 0.000344834 -0.00344558 -0.00123008 -0.00644879 0.00803974 0.00648419 -0.0025663 -0.000336263 -0.00602884 0.00871516 0.0105934 -0.0091626
internal_weight=146.595 25.1053 8.96533 121.489 63.0245 58.4649 54.8587 10.8342 13.246 44.0245 49.7785 28.8376 20.9409 7.0398 16.14 6.20623 3.86766 6.51419 12.2723 10.0233 3.60624
internal_count=819 135 42 684 366 318 294 55 72 239 294 177 117 35 93 37 20 30 73 60 24
is_linear=0
shrinkage=0.01


Tree=236
num_leaves=17
num_cat=0
split_feature=58 4 2 8 52 54 5 17 27 19 38 27 38 60 54 58
split_gain=3.36166 5.16341 3.58604 4.14484 4.07193 4.65521 5.02048 4.06833 2.85584 5.22096 3.73452 3.37423 3.41969 2.09938 0.121894 0.013695
threshold=120335.31250000001 361012.31250000006 2174637.0000000005 1.094000041484833 0.056165039539337165 -6.281547784805297 84662.464843750015 16909.000000000004 -1189887.9999999998 77334.835937500015 1.2886607050895693 -555007.99999999988 0.4956765621900559 -514621.48437499994 -0.66828793287277211 202628.17968750003
decision_type=2 2 2 2 2 2 2 2 2 2 2 2 2 2 2 2
left_child=1 8 3 15 13 7 -7 -6 9 10 -1 14 -13 -4 -10 -2
right_child=2 -3 4 -5 5 6 -8 -9 11 -11 -12 12 -14 -15 -16 -17
leaf_value=0.0014657091738559638 0.0096409289081636849 -0.016954018408225066 0.013352939557323834 -0.0010578591221422188 -0.00066227075852027183 -0.0040718211271757905 0.0017940148858764044 0.0099341900269736255 -0.0061222080768132559 -0.013074464603642406 0.013361271718464119 0.0012857103792540711 -0.0050241541390271113 0.0014947269974322388 -0.012264606841533156 0.014353074084201767
leaf_weight=12.334109246730806 1.8581079393625239 2.1531056612730017 3.6325156837701797 3.3040740936994553 6.3949735015630704 30.388634592294693 27.797668315470219 7.8864176608622074 1.2218177542090414 1.9669075161218632 3.4519095048308364 18.73215276747942 15.595954202115534 2.8892427533864966 3.289529249072074 3.5209422707557678
leaf_count=72 10 10 18 16 32 144 136 62 8 11 17 120 107 14 24 18
internal_value=0.000122276 -0.00172128 0.00136897 0.0074806 0.000684467 0 -0.00125232 0.00511925 -0.00112406 0.00216775 0.00413024 -0.00265445 -0.00155186 0.0082529 -0.0108227 0.0129112
internal_weight=146.418 58.7455 87.6726 8.68312 78.9895 72.4677 58.1863 14.2814 56.5924 17.7529 15.786 38.8395 34.3281 6.52176 4.51135 5.37905
internal_count=819 369 450 44 406 374 280 94 359 100 89 259 227 32 32 28
is_linear=0
shrinkage=0.01


Tree=237
num_leaves=16
num_cat=0
split_feature=40 12 14 14 29 34 60 53 33 45 24 46 1 48 28
split_gain=3.35109 3.70377 3.86695 4.23164 3.22831 4.5194 4.69397 3.102 5.62668 2.98499 2.61293 2.48099 2.08965 2.00285 1.78675
threshold=-3.6876929998397823 185776200.00000003 0.3298999965190888 0.34499999880790716 0.05927687697112561 -0.80008432269096363 -43937.433593749993 3.6316900253295903 1.2672563791275027 -0.50992476940155018 146.00000000000003 -0.76289612054824818 6261359.5000000009 1.2785629034042361 -204.56249999999997
decision_type=2 2 2 2 2 2 2 2 2 2 2 2 2 2 2
left_child=-1 4 11 14 5 6 -2 8 -6 -9 -7 12 -3 -13 -4
right_child=1 2 3 -5 7 10 -8 9 -10 -11 -12 13 -14 -15 -16
leaf_value=0.013151744943636863 0.015555729852557088 -0.0068446856344754727 -0.013200777963071373 0.0090511665916186961 -0.0012769776212739922 -0.006259301867206195 -0.0019109797175320218 -0.0018499269738553533 -0.011377340217675313 0.011668022149544788 0.0037407784642462644 0.010528816991673358 0.008026122487623388 0 -0.0016889753474809929
leaf_weight=1.9479209333658207 4.4827172458171844 2.2363703995943065 2.4204925000667572 2.4395149052143097 90.52417254820466 4.8373823389410955 2.1978106871247318 2.920770563185215 5.915558759123086 3.4175556898117057 5.6026825830340385 9.9485356621444243 1.6239389851689336 2.1564297974109641 3.5856974571943265
leaf_count=9 22 11 11 12 506 25 11 17 40 27 30 60 9 12 17
internal_value=0.000121201 -4.77584e-05 0.00349531 -0.00188594 -0.000777457 0.00322487 0.00965971 -0.00145389 -0.0019069 0.00528103 -0.000796953 0.00640466 -0.000329849 0.00863492 -0.00649472
internal_weight=146.258 144.31 24.411 8.4457 119.899 17.1206 6.68053 102.778 96.4397 6.33833 10.4401 15.9653 3.86031 12.105 6.00619
internal_count=819 810 132 40 678 88 33 590 546 44 55 92 20 72 28
is_linear=0
shrinkage=0.01


Tree=238
num_leaves=22
num_cat=0
split_feature=12 14 14 57 56 2 54 4 47 47 47 31 34 33 45 7 45 54 56 23 1
split_gain=3.28471 3.86396 3.96841 2.91811 6.4021 5.46957 5.78229 4.91796 3.40998 5.80132 6.59129 3.88547 3.44963 3.44082 2.42709 3.19299 1.95468 1.92749 2.05567 1.003 0.954836
threshold=185776200.00000003 0.3298999965190888 0.34499999880790716 19.645591735839847 46.036859512329109 16239730.500000002 -0.27395376563072199 1721081.6875000002 0.71588054299354564 0.18732974678277972 -0.158437505364418 -0.28747051954269404 -1.3686760663986204 -1.376091420650482 -0.76253181695938099 0.7818698287010194 -0.31747950613498682 -0.90217792987823475 38.17273139953614 156.00000000000003 11702936.000000002
decision_type=2 2 2 2 2 2 2 2 2 2 2 2 2 2 2 2 2 2 2 2 2
left_child=3 14 16 8 17 6 -6 -7 9 10 -1 20 -13 -11 -2 -16 -3 -5 -19 -17 -10
right_child=1 2 -4 4 5 7 -8 -9 11 13 -12 12 -14 -15 15 19 -18 18 -20 -21 -22
leaf_value=0.0032151705371626389 -0.0004039374956618179 -0.00096181759570597783 0.0089829824028851042 -0.013591856860104846 0.014468800970378629 0.0057350780751699287 -0.0038116642729264017 -0.0083391103116380125 -0.0057734134158085853 -0.0040000372692302515 -0.0075531225545586158 0.012799350620293368 -0.002586844567684831 0.0091616334789754224 -0.0044082501490960409 0.012900093436924359 -0.012396806565919169 0.0048387616067009347 -0.011497886075488125 0.0058465421459449555 -0.015957110099824753
leaf_weight=16.916073031723499 3.7484270855784443 3.7716803848743439 2.4334816783666611 5.5635255202651024 1.796053297817706 16.360639691352848 36.885610327124596 2.8765023797750464 2.4001019448041907 2.2054333984851864 8.5462176874279994 1.8421568274497975 6.8552219644188872 13.81294174492359 1.5527701079845453 6.9451321400701982 2.73157851397991 1.467671245336531 1.5153644010424612 3.7542096450924873 2.1223058626055717
leaf_count=90 19 18 12 35 9 86 232 13 17 12 47 8 36 68 8 42 12 8 13 24 10
internal_value=0.000119999 0.0034307 -0.00174903 -0.000553127 -0.00196655 -0.000755657 -0.00293702 0.0035786 0.00114601 0.00256902 -0.000359849 -0.00324344 0.000557066 0.00728709 0.00638621 0.00854522 -0.00591865 -0.0100556 -0.00312493 0.0105186 -0.0107736
internal_weight=146.103 24.9373 8.93674 121.166 66.4654 57.9188 38.6817 19.2371 54.7005 41.4807 25.4623 13.2198 8.69738 16.0184 16.0005 12.2521 6.50326 8.54656 2.98304 10.6993 4.52241
internal_count=819 135 42 684 396 340 241 99 288 217 137 71 44 80 93 74 30 56 21 66 27
is_linear=0
shrinkage=0.01


Tree=239
num_leaves=15
num_cat=0
split_feature=40 12 6 29 34 60 7 33 53 33 45 24 26 53
split_gain=3.27338 3.57186 3.82217 3.14611 4.43333 4.62028 3.05236 3.0424 3.03702 5.54476 2.9479 2.55984 2.08239 0.0813314
threshold=-3.6876929998397823 185776200.00000003 -57629171711.999992 0.05927687697112561 -0.80008432269096363 -43937.433593749993 1.4867205023765566 -0.68980512022972096 3.6316900253295903 1.2672563791275027 -0.50992476940155018 146.00000000000003 0.0014492869377136233 2.5227987766265874
decision_type=2 2 2 2 2 2 2 2 2 2 2 2 2 2
left_child=-1 3 6 4 5 -2 12 -8 9 -5 -10 -6 -3 -4
right_child=1 2 13 8 11 -7 7 -9 10 -11 -12 -13 -14 -15
leaf_value=0.013011422346990868 0.015454206509276662 0.002066034024778997 0.014119217146043292 -0.0012566961467304577 -0.0062041335182670895 -0.0018878345288719945 -0.00035776197185321596 0.011489704154159612 -0.0018163186254813776 -0.011310523601109106 0.011643178204456655 0.0037013958815303029 -0.0063586887858593823 0.0084684044264902655
leaf_weight=1.9436357915401448 4.4586765468120575 6.3256179541349464 2.5560279823839656 90.4058443531394 4.8295176401734334 2.1976497322320965 3.70655557513237 4.7335920333862287 2.9229981973767281 5.8819787353277198 3.384575016796588 5.5935716405510902 5.3043997883796692 1.661706820130348
leaf_count=9 22 38 14 506 25 11 21 26 17 40 27 30 23 10
internal_value=0.000118615 -4.85037e-05 0.0034405 -0.00076495 0.00319083 0.00957833 0.00156458 0.00616832 -0.00143323 -0.00188124 0.00524736 -0.000792371 -0.00169046 0.01213
internal_weight=145.906 143.963 24.2879 119.675 17.0794 6.65633 20.0702 8.44015 102.595 96.2878 6.30757 10.4231 11.63 4.21773
internal_count=819 810 132 678 88 33 108 47 590 546 44 55 61 24
is_linear=0
shrinkage=0.01


Tree=240
num_leaves=14
num_cat=0
split_feature=40 12 6 29 27 36 7 33 46 23 22 13 8
split_gain=3.21409 3.5087 3.77278 3.08652 3.6357 5.93613 2.99981 3.00824 2.6398 5.12462 2.99465 2.0511 0.0662417
threshold=-3.6876929998397823 185776200.00000003 -57629171711.999992 0.05927687697112561 -90798079.999999985 -1.0317552685737608 1.4867205023765566 -0.68980512022972096 0.93415144085884105 46.000000000000007 -1073.9106445312498 292247008.00000006 0.91925299167633068
decision_type=2 2 2 2 2 2 2 2 2 2 2 2 2
left_child=-1 3 6 4 -2 -6 11 -8 10 -10 -5 -3 -4
right_child=1 2 12 8 5 -7 7 -9 9 -11 -12 -13 -14
leaf_value=0.012904757948557468 -0.0088360432303728319 0.00057351332323450958 0.013979172743961404 0.00036537710265525534 0.012702734112507448 -7.4248714009894339e-05 -0.00035415054377291479 0.0114399592514379 0.010141953344187937 -0.0012234199865115987 -0.0036019980882710145 -0.0091964456948800486 0.00844294222102401
leaf_weight=1.9401214718818653 2.1473480761051205 8.8469255641102844 2.5702076442539683 28.721402175724506 5.9501670598983774 8.9561375156044924 3.7069073915481567 4.7067682370543462 5.4164703115820911 14.435346610844134 53.956039503216743 2.7757826149463645 1.6263810917735098
leaf_count=9 10 46 13 172 31 47 21 26 25 85 308 15 11
internal_value=0.000117584 -4.79656e-05 0.00341435 -0.000757951 0.00316321 0.00495887 0.00155112 0.00612484 -0.00141991 0.00182719 -0.00221167 -0.00167375 0.0120719
internal_weight=145.756 143.816 24.233 119.583 17.0537 14.9063 20.0364 8.41368 102.529 19.8518 82.6774 11.6227 4.19659
internal_count=819 810 132 678 88 78 108 47 590 110 480 61 24
is_linear=0
shrinkage=0.01


Tree=241
num_leaves=16
num_cat=0
split_feature=59 2 44 19 41 53 56 57 47 19 45 4 26 46 3
split_gain=3.19957 3.58083 3.5231 3.43919 3.02207 3.00586 3.75084 5.25878 3.07827 2.93316 2.46525 2.35639 1.63896 1.18948 1.17718
threshold=58490.957031250007 2174637.0000000005 21645.689453125004 105736.79687500001 -1.8503410220146177 -8.6035799980163556 66.666656494140639 23.792791366577152 0.73622161149978649 5589.8942871093759 -0.88606020808219899 361012.31250000006 0.00071428529918193828 -0.40262725949287409 275745.50000000006
decision_type=2 2 2 2 2 2 2 2 2 2 2 2 2 2 2
left_child=3 2 -2 4 13 9 7 -7 -8 -3 12 -12 -6 -1 -4
right_child=1 5 14 -5 10 6 8 -9 -10 -11 11 -13 -14 -15 -16
leaf_value=-0.0015889852838858725 -0.0040864242185221248 -0.0011332091887879762 0.013602329393692223 -0.011790137984117644 -0.011935972510976235 9.5760986111546564e-05 0.0016001771985643528 -0.0077074185062985549 0.011922883062452998 0.011624749956832395 0.00078353840721686035 -0.011345961462008503 0.00034238660088183238 -0.014214688281835173 0.0049092422541117528
leaf_weight=1.3748589083552363 2.109252102673052 2.7584983706474295 4.528499074280262 3.26779581606388 2.917825784534215 35.769847467541695 24.51738524436951 11.285095050930975 3.3437276706099501 4.5626983605325222 40.656798049807549 1.6629611402750004 1.4876750409603117 2.352911662310361 3.061674676835537
leaf_count=10 11 16 24 18 25 167 130 53 18 40 257 9 9 17 15
internal_value=0.000116584 0.00125596 0.00701169 -0.00181471 -0.00114879 0.000564947 -1.94159e-05 -0.00175441 0.00287494 0.00668119 -0.000435085 0.000283278 -0.00756276 -0.00982639 0.0102275
internal_weight=145.658 91.9367 9.69943 53.7208 50.453 82.2373 74.9161 47.0549 27.8611 7.3212 46.7253 42.3198 4.4055 3.72777 7.59017
internal_count=819 474 50 345 327 424 368 220 148 56 300 266 34 27 39
is_linear=0
shrinkage=0.01


Tree=242
num_leaves=15
num_cat=0
split_feature=40 12 6 29 34 60 53 33 7 33 45 24 40 53
split_gain=3.15437 3.41989 3.72664 3.02763 4.30371 4.55505 2.97274 5.44615 2.95242 2.96225 2.90046 2.50212 2.03285 0.0781073
threshold=-3.6876929998397823 185776200.00000003 -57629171711.999992 0.05927687697112561 -0.80008432269096363 -43937.433593749993 3.6316900253295903 1.2672563791275027 1.4867205023765566 -0.68980512022972096 -0.50992476940155018 146.00000000000003 1.9186565876007082 2.5227987766265874
decision_type=2 2 2 2 2 2 2 2 2 2 2 2 2 2
left_child=-1 3 8 4 5 -2 7 -5 12 -10 -8 -6 -3 -4
right_child=1 2 13 6 11 -7 10 -9 9 -11 -12 -13 -14 -15
leaf_value=0.012795259121028085 0.015339883851672021 0.00040230301981553594 0.013995243953518347 -0.0012300096206586024 -0.0061367838472637208 -0.0019216459230351577 -0.0017620896834678653 -0.011220105342801521 -0.00034642592380750438 0.011378388125275999 0.011613933402101468 0.0036635614074573149 -0.0097240955288159688 0.0083609652493259832
leaf_weight=1.9364825189113606 4.4156631454825401 9.1319353356957489 2.5240694284439078 90.279594834893942 4.8212324902415258 2.1917370259761837 2.9249323308467865 5.8498742356896392 3.7018838077783585 4.6728718280792219 3.3514834046363822 5.5864708721637726 2.4777579829096785 1.6434236243367193
leaf_count=9 22 49 14 506 25 11 17 40 21 26 27 30 12 10
internal_value=0.000115477 -4.85801e-05 0.00337583 -0.000749513 0.0031386 0.00946273 -0.0014053 -0.00184835 0.00152454 0.00607628 0.00522112 -0.000780238 -0.00167275 0.0120134
internal_weight=145.509 143.573 24.1519 119.421 17.0151 6.6074 102.406 96.1295 19.9844 8.37476 6.27642 10.4077 11.6097 4.16749
internal_count=819 810 132 678 88 33 590 546 108 47 44 55 61 24
is_linear=0
shrinkage=0.01


Tree=243
num_leaves=17
num_cat=0
split_feature=58 4 6 41 47 54 39 17 58 2 44 59 28 37 58 36
split_gain=3.1262 4.98895 3.4014 3.41884 4.4046 3.39597 3.97709 3.71851 3.11775 3.90079 2.50243 2.36514 3.02462 1.92395 1.09177 1.59139
threshold=120335.31250000001 361012.31250000006 -5559463679.999999 2.2319080829620366 0.18732974678277972 -4.781085491180419 -0.32349839806556696 16909.000000000004 2009462.8750000002 2174637.0000000005 4290481.7500000009 359577.68750000006 -1629.3124999999998 -2.1588609218597408 260390.52343750003 -1.7837305665016172
decision_type=2 2 2 2 2 2 2 2 2 2 2 2 2 2 2 2
left_child=1 2 3 4 -1 7 -7 11 9 -8 -10 13 -13 -2 15 -9
right_child=5 -3 -4 -5 -6 6 8 14 10 -11 -12 12 -14 -15 -16 -17
leaf_value=-0.0051255581633450576 -0.011772958738465988 -0.016672019122993157 0.012712654804494933 0.0093233833694309869 0.00068443880500440449 -0.010416925227920523 0.0067794466953962811 -0.0026575501705906348 0.01610566990047246 -0.00085021250465737691 0.0022795010027715883 -0.0044159823930122804 0.011626829236353595 0.0015395286732200586 0.011698211583695819 0.011363238994560274
leaf_weight=25.16934647783637 2.1369666457176208 2.1444651111960402 1.7179442644119252 2.721764624118804 26.555613361299038 3.2985357865691176 7.6969189569354048 1.5614867582917216 2.2640788108110419 51.519048400223255 3.5982018858194351 1.852725028991699 2.9233304709196091 1.9745417535305039 6.7196675390005112 1.5115437582135181
leaf_count=178 10 10 10 13 158 17 38 10 11 247 15 10 15 10 56 11
internal_value=0.000114469 -0.00166986 -0.00107925 -0.00153279 -0.00212337 0.00132107 0.000273261 0.00510289 0.000830467 0.000124607 0.00778991 0.000302547 0.00519413 -0.00513645 0.00935742 0.0039135
internal_weight=145.366 58.3091 56.1647 54.4467 51.725 87.057 68.3768 18.6803 65.0782 59.216 5.86228 8.88756 4.77606 4.11151 9.7927 3.07303
internal_count=819 369 359 349 336 450 328 122 311 285 26 45 25 20 77 21
is_linear=0
shrinkage=0.01


Tree=244
num_leaves=17
num_cat=0
split_feature=25 45 21 25 60 56 6 27 47 47 56 27 47 17 4 21
split_gain=3.09049 3.75413 5.20362 3.08206 2.83447 3.06171 2.78012 2.58748 2.30094 3.30542 5.38739 4.08348 3.23687 5.63014 4.56004 1.93712
threshold=51336.000000000007 -0.28933960199356074 8776.5000000000018 181312.50000000003 -2549532.1249999995 75.00000381469728 -62092306431.999992 -156603647.99999997 0.18732974678277972 -0.158437505364418 26.5365104675293 11413504.000000002 0.45080380141735082 109616.00000000001 103123.81250000001 53186.000000000007
decision_type=2 2 2 2 2 2 2 2 2 2 2 2 2 2 2 2
left_child=7 15 3 -3 -4 -6 -5 -1 9 10 -9 -11 13 -10 -14 -2
right_child=1 2 4 6 5 -7 -8 8 12 11 -12 -13 14 -15 -16 -17
leaf_value=-0.0089150913412407891 -0.011639511630984345 0.016028377102067316 -0.01168788018857831 0.0096838650408907195 0.0018511004000071837 -0.012353092777747559 -0.0074941314830431569 0.0069026682879189828 0.0021175154904080518 -0.0051725530514268071 -0.00086557223538707593 0.010058424888282435 0.0036941100833148017 0.014226446633575305 -0.0037217633995309425 0.0015570396114338817
leaf_weight=2.6609879806637755 5.8628795929253128 2.3195427358150509 3.7176270782947567 1.9141575470566752 6.9224410951137489 1.9243913963437078 1.824940077960491 12.297454655170439 12.383071444928648 17.847998477518562 32.021363165229559 1.9139646589756001 21.02255692332983 5.7386042140424243 13.616502195596693 1.2135956436395643
leaf_count=14 53 11 33 9 39 12 14 72 63 95 172 9 110 34 71 8
internal_value=0.000113626 -0.00302425 -0.000610566 0.00693862 -0.00433041 -0.00112561 0.00103236 0.00079681 0.00102655 -0.000232516 0.00126737 -0.00364682 0.00257471 0.00600724 0.000750085 -0.00923503
internal_weight=145.202 25.6996 18.6231 6.05864 12.5645 8.84683 3.7391 119.503 116.842 64.0808 44.3188 19.762 52.7607 18.1217 34.6391 7.07648
internal_count=819 179 118 34 84 51 23 640 626 348 244 104 278 97 181 61
is_linear=0
shrinkage=0.01


Tree=245
num_leaves=14
num_cat=0
split_feature=53 53 40 11 39 50 7 35 11 6 45 11 38
split_gain=3.08515 3.64533 3.36196 2.86875 2.843 3.73935 3.00266 2.74117 2.61743 2.19946 1.35924 1.23241 0.327447
threshold=-8.6035799980163556 3.6316900253295903 -3.6876929998397823 20.989999771118168 0.77995678782463085 0.067781999707221999 2.8975827693939213 2.5904302597045903 79.005001068115249 -59526068223.999992 -0.52232798933982838 59.350000381469734 -0.3341545164585113
decision_type=2 2 2 2 2 2 2 2 2 2 2 2 2
left_child=3 2 -2 9 5 -4 -6 8 11 -1 -10 -3 -5
right_child=1 7 4 12 6 -7 -8 -9 10 -11 -12 -13 -14
leaf_value=-0.0091743395006332086 0.012812299963785308 0.00041304073638802287 0.0074328623336812703 0.011381160917974991 -0.00028469358771017738 -0.0039081182154241095 0.0095294984857510721 -0.0075117093897236111 -0.0065296437013204478 0.0052579634544709366 0.006260044349266981 0.011799268292449316 0.0039283881672469954
leaf_weight=1.798802278935909 1.7746584117412556 1.3392905592918358 3.0788711309432975 4.6307715587317944 74.312035344541073 40.097232419997454 3.2512206584215155 1.4951247200369842 1.8218813538551333 2.5215066373348218 1.5032479390501974 6.2386365681886673 1.1912700086832044
leaf_count=10 7 7 15 42 381 244 13 8 11 14 11 47 9
internal_value=0.000112579 -0.000280244 -0.000810161 0.00543646 -0.00101867 -0.00307624 0.000113795 0.00487553 0.0066659 -0.0005196 -0.000446851 0.00991888 0.010028
internal_weight=145.055 134.912 122.514 10.1424 120.739 43.1761 77.5633 12.3982 10.9031 4.32031 3.32513 7.57793 5.82204
internal_count=819 744 660 75 653 259 394 84 76 24 22 54 51
is_linear=0
shrinkage=0.01


Tree=246
num_leaves=13
num_cat=0
split_feature=53 53 40 27 43 11 35 34 11 58 45 38
split_gain=3.03889 3.58456 3.29885 2.95747 3.449 2.83969 2.69764 2.62698 2.59269 1.47862 1.33222 0.32775
threshold=-8.6035799980163556 3.6316900253295903 -3.6876929998397823 -156603647.99999997 444340.00000000006 20.989999771118168 2.5904302597045903 -1.4033757448196409 79.005001068115249 12638.773925781252 -0.52232798933982838 -0.3341545164585113
decision_type=2 2 2 2 2 2 2 2 2 2 2 2
left_child=5 2 -2 -4 -5 7 8 -1 9 -3 -10 -7
right_child=1 6 3 4 -6 11 -8 -9 10 -11 -12 -13
leaf_value=0.0070231971793594059 0.012699586593761783 0 -0.012257111038600941 -0.0024586830593791667 0.00094801325710315652 0.011362401072364145 -0.0074259700428810742 -0.0085473408275049262 -0.006446373551765249 0.011740271917272449 0.0062195045992857372 0.0038981671683843006
leaf_weight=2.1615448817610741 1.7725157588720311 1.1164251863956414 2.3050290644168845 60.389216687530279 57.991491556167603 4.5922261960804462 1.4972526058554656 2.1519363671541196 1.8269355595111849 6.4113311097025871 1.4979426339268682 1.1885141804814336
leaf_count=12 7 5 12 371 270 42 8 12 11 49 11 9
internal_value=0.000111813 -0.000277412 -0.000802265 -0.00100885 -0.000781388 0.00540897 0.00484593 -0.000512898 0.00663113 0.00988685 -0.000439309 0.0100008
internal_weight=144.902 134.808 122.458 120.686 118.381 10.0942 12.3499 4.31348 10.8526 7.52776 3.32488 5.78074
internal_count=819 744 660 653 641 75 84 24 76 54 22 51
is_linear=0
shrinkage=0.01


Tree=247
num_leaves=13
num_cat=0
split_feature=53 53 40 29 43 11 48 54 6 38 38 28
split_gain=2.99407 3.52348 3.23715 2.96562 3.68808 2.81041 2.51015 2.55665 2.14202 2.00837 0.328051 0.201793
threshold=-8.6035799980163556 3.6316900253295903 -3.6876929998397823 0.027547429315745834 444340.00000000006 20.989999771118168 -0.96004962921142567 12.727272510528566 -59526068223.999992 1.2886607050895693 -0.3341545164585113 623.62500000000011
decision_type=2 2 2 2 2 2 2 2 2 2 2 2
left_child=5 2 -2 -4 -5 8 -3 11 -1 -9 -7 -8
right_child=1 6 3 4 -6 10 7 9 -10 -11 -12 -13
leaf_value=-0.0090642736458062794 0.01258860165472876 -0.0069348110999920718 0.0077969910955445459 -0.0031186947952194745 0.00042227712501008918 0.011343823686789486 0.011820222799679014 -0.0034179180582872043 0.0052030426018165555 0.011152636657041502 0.0038681221482708794 0.0052895392912624319
leaf_weight=1.7928184419870374 1.7702725678682316 1.5118213444948185 3.6837186813354483 56.663320887833834 60.282374545931816 4.5539411455392838 5.0386810898780805 3.2188690453767776 2.5120783336460573 1.3261172920465467 1.185782268643379 1.2044806778430937
leaf_count=10 7 7 18 353 282 42 38 20 14 10 9 9
internal_value=0.00011086 -0.000274829 -0.000794549 -0.000999241 -0.00128487 0.00538255 0.00481572 0.0065551 -0.000506434 0.000613395 0.00997363 0.0107204
internal_weight=144.744 134.7 122.4 120.629 116.946 10.0446 12.3 10.7881 4.3049 4.54499 5.73972 6.24316
internal_count=819 744 660 653 635 75 84 77 24 30 51 47
is_linear=0
shrinkage=0.01


Tree=248
num_leaves=13
num_cat=0
split_feature=53 53 40 27 43 11 35 11 6 58 45 38
split_gain=2.94909 3.46458 3.17669 2.9202 3.32858 2.78195 2.64594 2.5643 2.10263 1.46941 1.31097 0.328351
threshold=-8.6035799980163556 3.6316900253295903 -3.6876929998397823 -156603647.99999997 444340.00000000006 20.989999771118168 2.5904302597045903 79.005001068115249 -59526068223.999992 12638.773925781252 -0.52232798933982838 -0.3341545164585113
decision_type=2 2 2 2 2 2 2 2 2 2 2 2
left_child=5 2 -2 -4 -5 8 7 9 -1 -3 -9 -7
right_child=1 6 3 4 -6 11 -8 10 -10 -11 -12 -13
leaf_value=-0.0089858265893771501 0.012479297365711418 0 -0.01219044884978423 -0.0024136584323884826 0.00093440598944354708 0.011325425786044056 -0.0073564985037894081 -0.0064181508651175653 0.0051600784669110656 0.011706255903077192 0.0061656568605888426 0.0038382510310992612
leaf_weight=1.7903973460197447 1.767932042479514 1.1143239140510521 2.2953031361103049 60.287920970469713 57.985600903630257 4.5159161724150181 1.4975028261542327 1.8250791504979136 2.5076867043971998 6.3260871842503548 1.4894886091351507 1.1830740645527837
leaf_count=10 7 5 12 371 270 42 8 11 14 49 11 9
internal_value=0.000110181 -0.000271988 -0.000786767 -0.000989585 -0.000763758 0.00535529 0.00478629 0.00657001 -0.000499837 0.00983687 -0.000461586 0.00994661
internal_weight=144.586 134.589 122.337 120.569 118.274 9.99707 12.2525 10.755 4.29808 7.44041 3.31457 5.69899
internal_count=819 744 660 653 641 75 84 76 24 54 22 51
is_linear=0
shrinkage=0.01


Tree=249
num_leaves=21
num_cat=0
split_feature=12 14 14 47 47 31 18 37 39 11 30 19 49 49 45 45 8 36 47 45
split_gain=2.91226 3.73362 3.7764 2.79596 4.12988 3.87968 3.88943 5.82387 3.65106 5.5571 3.76225 3.52308 3.20645 5.56613 4.78732 2.42005 2.97005 1.92226 1.16994 0.877986
threshold=185776200.00000003 0.3298999965190888 0.34499999880790716 0.18732974678277972 -1.3590980172157285 -7.0579471588134757 493659.50000000006 -1.5804727673530576 2.8669626712799077 21.835000038146976 0.10035751014947893 17005.727539062504 -0.14923421293497083 -0.38738119602203364 1.0000000180025095e-35 -0.76253181695938099 0.95910000801086437 -1.1246839165687559 0.71588054299354564 1.3454471230506899
decision_type=2 2 2 2 2 2 2 2 2 2 2 2 2 2 2 2 2 2 2 2
left_child=3 15 17 4 8 18 11 -8 9 -1 -10 -7 13 -6 -14 -2 19 -3 -5 -17
right_child=1 2 -4 5 12 6 7 -9 10 -11 -12 -13 14 -15 -16 16 -18 -19 -20 -21
leaf_value=-0.0039653308453968354 -0.00063903407847601033 -0.013064830888445239 0.008740497161738402 -0.0013762506516204781 -0.003340618962238633 0.003054503115778527 -0.0020707217243137173 0.012922500717923826 0.0065216028238578097 0.013052294459774655 -0.011322017738911725 -0.0026428564409478167 -0.010933583313556667 0.0077684706570849277 -0.0011717287832222374 0.012257012508859709 -0.0015231556938942246 -0.0014386164635780824 -0.013932038568483495 0.0034808144719938763
leaf_weight=2.8624375909566862 3.6869819313287726 2.402449369430542 2.3807162344455719 1.4509795531630509 22.824033346027136 23.185313031077385 4.0789149552583694 6.6412420943379384 1.9505800083279599 5.3928811177611351 2.8425238355994225 20.323424108326435 10.863873466849329 5.5923603326082256 9.8152349144220334 7.9995539709925669 2.2753949537873259 4.0544075667858106 2.0831939280033112 1.7251392155885694
leaf_count=21 19 11 12 10 146 120 20 35 11 26 14 119 62 31 55 50 13 19 14 11
internal_value=0.000109238 0.00325476 -0.00185704 -0.000525779 -0.00200353 0.00104674 0.00172386 0.00712444 0.00295643 0.00703049 -0.00385182 0.000370218 -0.00334214 -0.00111915 -0.00634853 0.00619833 0.00838242 -0.00591934 -0.00906012 0.010803
internal_weight=144.432 24.5246 8.83757 119.907 62.1439 57.7631 54.2289 10.7202 13.0484 8.25532 4.7931 43.5087 49.0955 28.4164 20.6791 15.6871 12.0001 6.45686 3.53417 9.72469
internal_count=819 135 42 684 366 318 294 55 72 47 25 239 294 177 117 93 74 30 24 61
is_linear=0
shrinkage=0.01


Tree=250
num_leaves=13
num_cat=0
split_feature=53 53 40 29 43 11 35 34 11 58 17 38
split_gain=2.90226 3.39512 3.11893 2.90284 3.5243 2.75464 2.59941 2.54702 2.53361 1.45312 1.29737 0.328598
threshold=-8.6035799980163556 3.6316900253295903 -3.6876929998397823 0.027547429315745834 444340.00000000006 20.989999771118168 2.5904302597045903 -1.4033757448196409 79.005001068115249 12638.773925781252 198034.00000000003 -0.3341545164585113
decision_type=2 2 2 2 2 2 2 2 2 2 2 2
left_child=5 2 -2 -4 -5 7 8 -1 9 -3 -10 -7
right_child=1 6 3 4 -6 11 -8 -9 10 -11 -12 -13
leaf_value=0.0069460180346707645 0.012376936145260725 0 0.0077288847685742148 -0.0030604681196342211 0.00040441991322358816 0.011307039445531875 -0.0072774320183034511 -0.0084321600282702379 -0.0064502386831852415 0.011678477295260774 0.0060615956108988822 0.0038057221322783004
leaf_weight=2.1465285271406174 1.7645882219076146 1.1132462024688683 3.6771874874830237 56.48902902007103 60.207574807107449 4.4757319651544094 1.4969432577490813 2.1407103799283487 1.8032502457499506 6.2595153227448463 1.507397837936878 1.17934313416481
leaf_count=12 7 5 18 353 282 42 8 12 10 49 12 9
internal_value=0.000107881 -0.000270934 -0.000780041 -0.00098122 -0.00126425 0.00532618 0.00475204 -0.000499386 0.00653119 0.00980224 -0.000451319 0.0099195
internal_weight=144.261 134.319 122.138 120.374 116.697 9.94231 12.1804 4.28724 10.6834 7.37276 3.31065 5.65508
internal_count=819 744 660 653 635 75 84 24 76 54 22 51
is_linear=0
shrinkage=0.01


Tree=251
num_leaves=13
num_cat=0
split_feature=53 53 40 27 43 11 35 11 34 26 17 35
split_gain=2.8593 3.33714 3.06098 2.87838 3.17719 2.72622 2.55806 2.50921 2.5011 1.44624 1.27173 0.257577
threshold=-8.6035799980163556 3.6316900253295903 -3.6876929998397823 -156603647.99999997 444340.00000000006 20.989999771118168 2.5904302597045903 79.005001068115249 -1.4033757448196409 0.00068571630981750797 198034.00000000003 -2.5348851680755611
decision_type=2 2 2 2 2 2 2 2 2 2 2 2
left_child=5 2 -2 -4 -5 8 7 9 -1 -3 -9 -7
right_child=1 6 3 4 -6 11 -8 10 -10 -11 -12 -13
leaf_value=0.0068961143274203817 0.012270852450191222 0 -0.012117596009571071 -0.0023627160298597323 0.00091145020521799067 0.0042966276890380349 -0.0071950823362690241 -0.0063694335625318847 -0.0083577735146296069 0.011656786925891298 0.0060226775303753397 0.011205800974318909
leaf_weight=2.1404717862606049 1.762057676911353 1.1132462024688683 2.2848381102085105 60.108098294585943 57.92131969332695 1.2118787392973898 1.4989253953099257 1.8078423216938975 2.138178423047064 6.2087058201432228 1.5019942969083784 4.4030547253787518
leaf_count=12 7 5 12 371 270 8 8 10 12 49 12 43
internal_value=0.000107107 -0.000268265 -0.000772392 -0.000971728 -0.000747491 0.00530013 0.00472253 0.0064968 -0.000493023 0.00977083 -0.0004438 0.00989268
internal_weight=144.101 134.207 122.076 120.314 118.029 9.89358 12.1307 10.6318 4.27865 7.32195 3.30984 5.61493
internal_count=819 744 660 653 641 75 84 76 24 54 22 51
is_linear=0
shrinkage=0.01


Tree=252
num_leaves=21
num_cat=0
split_feature=12 14 14 47 47 1 1 8 7 34 31 18 37 17 43 45 7 45 24 47
split_gain=2.83151 3.67658 3.70057 2.74021 4.04572 4.35713 4.77537 3.91365 4.20083 4.02038 3.81202 3.7978 5.73633 3.25466 2.50689 2.395 3.07795 1.89575 1.78354 1.15588
threshold=185776200.00000003 0.3298999965190888 0.34499999880790716 0.18732974678277972 -0.47681321203708643 10872332.000000002 3473521.0000000005 0.8219054937362672 1.2030678987503054 -1.225767910480499 -7.0579471588134757 493659.50000000006 -1.5804727673530576 73406.000000000015 1733655.6250000002 -0.76253181695938099 0.7818698287010194 -0.31747950613498682 264.50000000000006 0.71588054299354564
decision_type=2 2 2 2 2 2 2 2 2 2 2 2 2 2 2 2 2 2 2 2
left_child=3 15 17 4 5 6 -1 9 -9 -6 19 13 -13 -12 -7 -2 -17 -3 -18 -5
right_child=1 2 -4 10 7 14 -8 8 -10 -11 11 12 -14 -15 -16 16 18 -19 -20 -21
leaf_value=0.00070451555814511179 -0.00066199896083140827 -0.00096767905177195688 0.0086579788097647364 -0.0013561860398063619 0.0025127465261292579 0.0087571534653439666 -0.01056528891150669 0.014060695664134631 -0.0025572971819583126 -0.0094012751834355954 0.0029886759308057871 -0.0020619983591112327 0.01283691603141927 -0.0024889825387440952 0.00019573401144111306 -0.0044097897811775626 0.012771854511589754 -0.012285457540912204 0.0027121400202434719 -0.013883700514742818
leaf_weight=11.578809592872863 3.6749852001667014 3.7351910471916199 2.3690206408500671 1.4430527314543717 3.2905730232596424 7.2483957484364492 5.4689682237803927 1.8067954331636418 9.614060275256632 15.988160386681558 22.84121011197567 4.0757302343845367 6.6032226011157018 20.564974348992109 6.9413197189569473 1.5411563739180589 7.7503550946712476 2.7102628946304304 2.6331002041697502 2.0659716688096523
leaf_count=81 19 18 12 10 22 41 31 9 52 97 119 20 35 120 33 8 49 12 17 14
internal_value=0.000106195 0.00321529 -0.00186062 -0.000520468 -0.00198608 0.000518934 -0.00285221 -0.00456755 0 -0.00731587 0.00103829 0.00170916 0.00705695 0.000370434 0.00463956 0.00614751 0.00832996 -0.00588186 0.0103172 -0.00901686
internal_weight=143.945 24.4141 8.81447 119.531 61.9371 31.2375 17.0478 30.6996 11.4209 19.2787 57.5942 54.0851 10.679 43.4062 14.1897 15.5996 11.9246 6.44545 10.3835 3.50902
internal_count=819 135 42 684 366 186 112 180 61 119 318 294 55 239 74 93 74 30 66 24
is_linear=0
shrinkage=0.01


Tree=253
num_leaves=14
num_cat=0
split_feature=53 53 40 20 27 11 35 11 43 6 58 17 38
split_gain=2.79887 3.2679 3.00387 2.83951 2.80513 2.70049 2.50856 2.48828 2.11487 2.04522 1.42447 1.24793 0.334335
threshold=-8.6035799980163556 3.6316900253295903 -3.6876929998397823 352.60839843750006 -156603647.99999997 20.989999771118168 2.5904302597045903 79.005001068115249 2167099.1250000005 -59526068223.999992 12638.773925781252 198034.00000000003 -0.3341545164585113
decision_type=2 2 2 2 2 2 2 2 2 2 2 2 2
left_child=5 2 -2 8 -5 9 7 10 -4 -1 -3 -9 -7
right_child=1 6 3 4 -6 12 -8 11 -10 -11 -12 -13 -14
leaf_value=-0.0089166968211222605 0.012170081471642936 0 -0.011760807052649397 -0.012013397699777245 -0.00038536325192070891 0.011269022240523509 -0.0071047729032768635 -0.0063059966143117754 0.0012394472389061944 0.0050905240328550207 0.011630391674830556 0.0059840271526981174 0.0036939463607278959
leaf_weight=1.7752946093678472 1.7584039866924275 1.1134859174489937 4.0594961419701567 2.1229636669158927 112.33361546695232 4.3976408764719963 1.4987301900982863 1.8113267943263056 1.6183390319347379 2.4879885688424093 6.1426816955208778 1.4923432171344755 1.1683952361345289
leaf_count=10 7 5 25 11 609 42 8 10 8 14 49 12 9
internal_value=0.000105138 -0.000265706 -0.000764035 -0.000961676 -0.000609779 0.00526064 0.00468868 0.00645719 -0.00787925 -0.00050773 0.00974052 -0.000451618 0.00985856
internal_weight=143.781 133.951 121.893 120.134 114.457 9.82932 12.0586 10.5598 5.67784 4.26328 7.25617 3.30367 5.56604
internal_count=819 744 660 653 620 75 84 76 33 24 54 22 51
is_linear=0
shrinkage=0.01


Tree=254
num_leaves=23
num_cat=0
split_feature=12 6 7 33 59 57 54 2 40 4 40 7 4 33 58 26 55 29 50 58 58 53
split_gain=2.77202 3.65865 3.3657 3.12355 4.35332 2.63831 6.11459 5.30209 4.81212 4.68728 3.56266 3.35009 3.199 5.95152 3.88196 2.35302 3.14412 2.0469 0.847699 0.37448 0.174658 0.0717297
threshold=185776200.00000003 -57629171711.999992 1.4867205023765566 -0.68980512022972096 400013.84375000006 19.645591735839847 -0.90217792987823475 16239730.500000002 0.91297203302383434 1721081.6875000002 1.8314574956893923 0.97077006101608287 79570.371093750015 0.5322261154651643 111311.43750000001 0.0014492869377136233 -0.72702908515930165 0.28472438454627996 0.32670028507709509 202628.17968750003 153509.35937500003 2.5227987766265874
decision_type=2 2 2 2 2 2 2 2 2 2 2 2 2 2 2 2 2 2 2 2 2 2
left_child=5 2 15 4 -4 8 18 11 12 -9 19 -8 13 -1 -14 17 -17 -2 -7 -10 -5 -3
right_child=1 21 3 20 -6 6 7 9 10 -11 -12 -13 14 -15 -16 16 -18 -19 -20 -21 -22 -23
leaf_value=0.0072353197715190696 0.010967386253140315 0.013849025095663537 -0.0093137062961588992 0.0070717921836508527 0.013142621108540073 -0.01375496375582921 -0.0062358354654731777 0.0055871236100407153 -0.0075831359322548588 -0.008178554126140233 0.0021156218147216905 -0.00039079841903007679 -0.012579173557973588 -0.0047691596011839579 0.00093476473082042526 0.0016452996681025887 -0.013316680072420491 -0.001433951544113968 -0.003178356488101029 -0.015524307660746849 0.013259707959625885 0.0082230973100539482
leaf_weight=19.734156642109159 1.8482995256781629 2.463827606290578 2.2641289755702023 1.5423137694597224 1.3886187747120855 4.5708584710955611 17.621553856879473 16.060751706361774 1.6489226147532452 2.872837930917739 2.5725209265947342 23.00234692543745 2.3711877092719105 5.1181315109133712 20.053501732647419 2.323921337723732 3.1804400086402893 4.417144663631916 1.2237662523984907 2.4728557914495468 3.3012596592307091 1.5987937152385709
leaf_count=99 16 14 12 9 9 28 132 86 10 13 14 128 12 32 110 10 14 23 9 11 18 10
internal_value=0.000104155 0.00318634 0.001394 0.00621955 -0.000503003 -0.000515889 -0.0018729 -0.000900586 0.00110875 0.00344561 -0.00678949 -0.00295083 0.00224827 0.00472285 -0.000449606 -0.00200448 -0.00681811 0.00206482 -0.0116939 -0.01259 0.0114958 0.0118812
internal_weight=143.652 24.3287 20.2661 8.49632 3.65275 119.323 65.3521 59.5575 53.9713 18.9336 6.6943 40.6239 47.277 24.8523 22.4247 11.7698 5.50436 6.26544 5.79462 4.12178 4.84357 4.06262
internal_count=819 135 111 48 21 684 396 359 288 99 35 260 253 131 122 63 24 39 37 21 27 24
is_linear=0
shrinkage=0.01


Tree=255
num_leaves=11
num_cat=0
split_feature=53 53 40 29 43 35 41 55 35 49
split_gain=2.75823 3.1931 2.93733 2.8324 3.34407 2.46444 2.32881 2.17281 1.94214 1.67013
threshold=-8.6035799980163556 3.6316900253295903 -3.6876929998397823 0.027547429315745834 444340.00000000006 2.5904302597045903 -0.82756873965263356 13.470287322998049 -2.5348851680755611 -0.72996678948402394
decision_type=2 2 2 2 2 2 2 2 2 2
left_child=6 2 -2 -4 -5 7 -1 9 -8 -3
right_child=1 5 3 4 -6 -7 8 -9 -10 -11
leaf_value=-0.0045741944874774353 0.012052514048956105 3.2860500343940431e-06 0.0076675349371845948 -0.0029872187410584904 0.00039386175765910393 -0.0070320781967851218 0.00077747048550198957 -0.0047167029643289454 0.01142986978827764 0.010618807297816286
leaf_weight=1.8365018740296362 1.7530370950698841 2.1244533210992786 3.663542464375495 56.22375624999404 60.046646155416965 1.4986679628491408 2.9195280447602263 1.4044188410043723 5.0128769762814036 6.9561898857355091
leaf_count=12 7 12 18 353 282 8 16 8 47 56
internal_value=0.000103127 -0.00026463 -0.000756726 -0.000952293 -0.00123249 0.00464884 0.00523762 0.00641381 0.00763531 0.00824539
internal_weight=143.44 133.671 121.687 119.934 116.27 11.9837 9.76891 10.4851 7.93241 9.08064
internal_count=819 744 660 653 635 84 75 76 63 68
is_linear=0
shrinkage=0.01


Tree=256
num_leaves=24
num_cat=0
split_feature=12 6 7 33 59 47 47 31 18 37 39 30 30 33 49 49 45 22 58 12 47 58 53
split_gain=2.71648 3.61163 3.31267 3.09196 4.27562 2.69619 3.97317 3.72862 3.68189 5.64874 3.60474 5.34928 3.62369 3.44393 3.16514 5.44473 4.68407 2.33657 3.54537 1.94718 1.13493 0.171765 0.0703751
threshold=185776200.00000003 -57629171711.999992 1.4867205023765566 -0.68980512022972096 400013.84375000006 0.18732974678277972 -1.3590980172157285 -7.0579471588134757 493659.50000000006 -1.5804727673530576 2.8669626712799077 0.31968905031681066 0.10035751014947893 -0.75006961822509755 -0.14923421293497083 -0.38738119602203364 1.0000000180025095e-35 3388.150024414063 418321.89062500006 205852936.00000003 0.71588054299354564 153509.35937500003 2.5227987766265874
decision_type=2 2 2 2 2 2 2 2 2 2 2 2 2 2 2 2 2 2 2 2 2 2 2
left_child=5 2 17 4 -4 6 10 20 13 -10 11 -1 -12 -9 15 -8 -16 19 -19 -2 -7 -5 -3
right_child=1 22 3 21 -6 7 14 8 9 -11 12 -13 -14 -15 16 -17 -18 18 -20 -21 -22 -23 -24
leaf_value=0.011436255914087848 0.012264543894784961 0.013794837463334257 -0.0092249009187848185 0.0070401710164311694 0.013096436016601971 -0.0013359743387952134 -0.0032758857969973475 0.0033784061163300446 -0.0020602761841387396 0.012749094889246493 0.0063910992167399436 -0.0076167524860732477 -0.011184295156401323 -0.0022650417302943907 -0.010835132196505474 0.0077507450394338016 -0.0011475797051258274 -0.00035204174412047963 -0.015915547540485547 -0.00090471179566110785 -0.013802403343305701 0.013211457328467527 0.0081739072867961365
leaf_weight=6.3204037770628911 1.5744374319911054 2.4469843469560137 2.2643343657255177 1.5379727333784083 1.3750336319208143 1.435733221471309 22.63268144801259 20.471128482371565 4.0716443210840225 6.5545664951205236 1.9268927872180928 1.8560382351279257 2.836427703499794 22.810561541467909 10.785776998847725 5.5549288690090206 9.7628326117992383 4.3187712654471397 2.3269942551851273 3.5145258158445358 2.0453042313456535 3.2771717384457588 1.5897880569100378
leaf_count=31 9 14 12 9 9 10 146 106 20 35 11 16 14 133 62 31 55 25 10 19 14 18 10
internal_value=0.000102375 0.00316059 0.00137786 0.00617937 -0.000516634 -0.000511478 -0.00196867 0.00103715 0.00170047 0.00698048 0.0029163 0.00698895 -0.00386463 0.00038106 -0.00328618 -0.00106739 -0.00628115 -0.00199627 -0.00595203 0.00297313 -0.00894797 0.011448 0.0118289
internal_weight=143.291 24.226 20.1892 8.45451 3.63937 119.065 61.676 57.3889 53.9079 10.6262 12.9398 8.17644 4.76332 43.2817 48.7362 28.1876 20.5486 11.7347 6.64577 5.08896 3.48104 4.81514 4.03677
internal_count=819 135 111 48 21 684 366 318 294 55 72 47 25 239 294 177 117 63 35 28 24 27 24
is_linear=0
shrinkage=0.01


Tree=257
num_leaves=22
num_cat=0
split_feature=12 14 14 47 47 1 1 8 30 7 31 18 37 19 43 46 39 8 36 47 41
split_gain=2.67114 3.5767 3.54937 2.64477 3.9152 4.17359 4.71406 3.85077 4.18986 4.0982 3.66782 3.61638 5.5619 3.35021 2.44162 2.40303 2.24582 1.91152 1.85214 1.12436 1.08891
threshold=185776200.00000003 0.3298999965190888 0.34499999880790716 0.18732974678277972 -0.47681321203708643 10872332.000000002 3473521.0000000005 0.8219054937362672 0.07845377549529077 1.2030678987503054 -7.0579471588134757 493659.50000000006 -1.5804727673530576 17005.727539062504 1733655.6250000002 -0.76289612054824818 5.6711292266845712 0.95910000801086437 -1.1246839165687559 0.71588054299354564 0.81337434053421032
decision_type=2 2 2 2 2 2 2 2 2 2 2 2 2 2 2 2 2 2 2 2 2
left_child=3 15 18 4 5 6 -1 8 -6 -9 19 13 -13 -12 -7 16 -2 20 -3 -5 -17
right_child=1 2 -4 10 7 14 -8 9 -10 -11 11 12 -14 -15 -16 17 -18 -19 -20 -21 -22
leaf_value=0.00075738276287067962 -0.0090778202037891994 -0.012855869760415001 0.0085021686542929679 -0.0013232309435257386 -0.0011238748132585961 0.0086556369216050436 -0.01046331238908421 0.013973934909851618 -0.010916813005078983 -0.0024868301045819718 0.0030001711944812126 -0.002039106727817127 0.012662436991875381 -0.0025706033410790442 0.00018147377333707193 0.012911381294008394 0.0063690454868378359 -0.00038255843304185137 -0.0013994138822564157 -0.013752425856793742 0.0054604085114548055
leaf_weight=11.521800231188541 1.7718017324805253 2.3854894638061523 2.3364179506897926 1.4350681528449052 7.304229184985167 7.1793639212846738 5.4490106031298629 1.7954816669225682 11.8527834713459 9.5760340392589551 23.076958917081356 4.0727698132395744 6.5335353910922986 20.196428947150707 6.9297700449824333 5.9348164089024085 1.97769059240818 1.8976229354739178 4.0306001305580121 2.0322750359773636 3.8178684636950493
leaf_count=81 9 11 12 10 42 41 31 9 77 52 120 20 35 119 33 37 11 11 19 14 25
internal_value=0.000101293 0.00313909 -0.00187871 -0.000507085 -0.0019513 0.000518381 -0.00278645 -0.00449834 -0.00723514 2.42689e-05 0.00102701 0.00168419 0.00692283 0.000377087 0.00456439 0.00605591 -0.000663582 0.00830432 -0.00581476 -0.00889662 0.0100971
internal_weight=143.108 24.1523 8.75251 118.956 61.6085 31.0799 16.9708 30.5285 19.157 11.3715 57.347 53.8797 10.6063 43.2734 14.1091 15.3998 3.74949 11.6503 6.41609 3.46734 9.75268
internal_count=819 135 42 684 366 186 112 180 119 61 318 294 55 239 74 93 20 73 30 24 62
is_linear=0
shrinkage=0.01


Tree=258
num_leaves=13
num_cat=0
split_feature=53 53 40 20 34 11 34 11 49 43 44 2
split_gain=2.69877 3.11098 2.87856 2.76679 2.91579 2.6621 2.41572 2.34934 3.00164 2.06065 1.42153 0.289987
threshold=-8.6035799980163556 3.6316900253295903 -3.6876929998397823 352.60839843750006 -0.48291398584842676 20.989999771118168 -1.4033757448196409 75.81000137329103 0.71259701251983654 2167099.1250000005 369002.73437500006 51567010.000000007
decision_type=2 2 2 2 2 2 2 2 2 2 2 2
left_child=5 2 -2 9 -5 6 -1 10 -9 -4 -3 -7
right_child=1 7 3 4 -6 11 -8 8 -10 -11 -12 -13
leaf_value=0.0067784312343627008 0.011953501318351423 0.0020509530281478208 -0.011655562713112841 -0.0023960777031312944 0.00081793954755609525 0.011157012687415591 -0.008295734935213064 -0.0067839958254123089 0.010946512714542705 0.0011893480534830995 0.011509443861183416 0.0038392277084016301
leaf_weight=2.1094202175736427 1.7468988746404637 2.8584168180823308 4.0221883356571189 50.405994921922677 63.553327210247524 4.3315136209130287 2.1198601834475976 3.0194197818636894 1.3813890814781187 1.6170834749937055 4.627845399081707 1.1433187425136564
leaf_count=12 7 17 25 268 352 42 12 17 12 8 38 9
internal_value=0.000100206 -0.000263493 -0.000748853 -0.000942749 -0.000594896 0.00519666 -0.00054081 0.00460703 -0.000991258 -0.00779491 0.00803157 0.00981148
internal_weight=142.937 133.233 121.345 119.599 113.959 9.70411 4.22928 11.8871 4.40081 5.63927 7.48626 5.47483
internal_count=819 744 660 653 620 75 24 84 29 33 55 51
is_linear=0
shrinkage=0.01


Tree=259
num_leaves=15
num_cat=0
split_feature=40 11 17 22 31 49 6 54 3 39 48 49 11 18
split_gain=2.60305 2.65536 5.16649 4.83378 4.56879 4.95049 4.52063 4.12453 4.04064 3.5749 3.53787 1.72825 1.01616 0.851385
threshold=-3.6876929998397823 27.919999122619632 494.00000000000006 -35589.285156249993 -0.28747051954269404 -0.10653109475970267 -62185816063.999992 2.5897970199584965 -5624407.9999999991 7.9952385425567636 -0.7294664978981017 1.3539050221443178 14.38000011444092 47366.000000000007
decision_type=2 2 2 2 2 2 2 2 2 2 2 2 2 2
left_child=-1 3 6 11 8 -6 -3 -8 -4 10 -5 13 -11 -2
right_child=1 2 4 9 5 -7 7 -9 -10 12 -12 -13 -14 -15
leaf_value=0.011770466197301391 -0.004375800866946917 0.0067650725834029904 -0.013882937549133905 -0.0060927441427950525 0.0076464277400602031 0.00076207149717844079 -0.011576021405771944 -0.00034936590947171552 0.0001453032112058216 0.0013583955932747192 0.0001238469193798881 0 0.011680335364053889 -0.01411494759218811
leaf_weight=1.8865946158766735 1.5566032305359829 3.2045376598835018 2.3003989830613163 11.992852728813885 21.975747361779213 20.581862770020962 7.1206812933087331 6.4064681977033615 17.926396667957306 1.8120508790016163 37.442647859454155 1.5274689942598341 2.7914910353720188 4.2929596826434135
leaf_count=9 11 16 11 87 115 108 33 32 96 10 233 10 23 25
internal_value=9.95954e-05 -4.95416e-05 0.00114946 -0.00161819 0.00247497 0.00434049 -0.00376462 -0.00633299 -0.00140069 -0.000561912 -0.00136404 -0.00922019 0.00783463 -0.0116943
internal_weight=142.819 140.932 79.5161 61.4161 62.7844 42.5576 16.7317 13.5271 20.2268 54.039 49.4355 7.37703 4.60354 5.84956
internal_count=819 810 411 399 330 223 81 65 107 353 320 46 33 36
is_linear=0
shrinkage=0.01


Tree=260
num_leaves=14
num_cat=0
split_feature=53 53 27 43 29 4 11 35 11 34 58 33 38
split_gain=2.65299 3.04542 2.86448 3.25701 3.73624 3.37784 2.62252 2.4161 2.44092 2.36286 1.38804 1.19416 0.327125
threshold=-8.6035799980163556 3.6316900253295903 -156603647.99999997 444340.00000000006 0.027547429315745834 79570.371093750015 20.989999771118168 2.5904302597045903 79.005001068115249 -1.4033757448196409 12638.773925781252 1.1092945337295534 -0.3341545164585113
decision_type=2 2 2 2 2 2 2 2 2 2 2 2 2
left_child=6 2 -2 4 -4 -5 9 8 10 -1 -3 -10 -8
right_child=1 7 3 5 -6 -7 12 -9 11 -11 -12 -13 -14
leaf_value=0.0067345454060711435 -0.011935617339824317 0 0.0075693454796089115 0.0037521372252925802 -0.0028191913010560377 -0.0010318512369855285 0.011211332592191875 -0.0070135295119660079 0.0060881337378850724 -0.008201729215684966 0.011561578330939373 -0.0060529681075342651 0.0036367299776583761
leaf_weight=2.0992849245667458 2.2514377087354651 1.1090067923068962 3.6433465331792823 26.959201753139496 56.221450172364712 32.130333736538887 4.2658043727278709 1.4918461740016944 1.4053797721862795 2.1143265068531019 5.9647256582975388 1.8621175438165662 1.1535089612007139
leaf_count=12 12 5 18 127 354 149 42 8 10 12 49 12 9
internal_value=9.87999e-05 -0.000260984 -0.000740828 -0.000520539 -0.00217024 0.00113389 0.00517153 0.00456954 0.00633723 -0.000522925 0.00964837 -0.000524927 0.00978359
internal_weight=142.672 133.039 121.206 118.954 59.8648 59.0895 9.63292 11.8331 10.3412 4.21361 7.07373 3.2675 5.41931
internal_count=819 744 660 648 372 276 75 84 76 24 54 22 51
is_linear=0
shrinkage=0.01


Tree=261
num_leaves=14
num_cat=0
split_feature=53 53 27 59 10 33 11 35 11 34 58 44 38
split_gain=2.61392 2.99354 2.82142 2.69648 3.65193 2.87156 2.59535 2.37755 2.41763 2.32032 1.38159 1.37149 0.327406
threshold=-8.6035799980163556 3.6316900253295903 -156603647.99999997 1727771.5625000002 0.0018494999967515471 1.2672563791275027 20.989999771118168 2.5904302597045903 79.005001068115249 -1.4033757448196409 12638.773925781252 1768752.0000000002 -0.3341545164585113
decision_type=2 2 2 2 2 2 2 2 2 2 2 2 2
left_child=6 2 -2 5 -5 -4 9 8 10 -1 -3 -10 -8
right_child=1 7 3 4 -6 -7 12 -9 11 -11 -12 -13 -14
leaf_value=0.0066859423138395033 -0.011869745219106095 0 -0.00043370402500553609 0.01218803550473857 -0.0034630776895196338 -0.0068173817993025902 0.01119418128213194 -0.0069351470291284679 0.0061605713200601035 -0.008129891243151853 0.011541181334094723 -0.006774216270330681 0.0036081734305573516
leaf_weight=2.0934296026825905 2.2413436472415915 1.1090067923068962 105.21020194143057 3.7178807333111754 2.3544532656669617 7.6013520918786517 4.2297973819077015 1.4936113357543952 1.5035753101110461 2.111692473292349 5.9157600402832031 1.7641362473368642 1.1510244384407995
leaf_count=12 12 5 573 17 10 48 42 8 11 12 49 11 9
internal_value=9.79134e-05 -0.000258658 -0.000733915 -0.000515557 0.00595488 -0.000872707 0.00514617 0.00454069 0.00630319 -0.000516342 0.00961786 -0.000516495 0.00975729
internal_weight=142.497 132.911 121.125 118.884 6.07233 112.812 9.58594 11.7861 10.2925 4.20512 7.02477 3.26771 5.38082
internal_count=819 744 660 648 27 621 75 84 76 24 54 22 51
is_linear=0
shrinkage=0.01


Tree=262
num_leaves=13
num_cat=0
split_feature=53 53 40 20 34 11 34 11 49 43 44 2
split_gain=2.57553 2.94267 2.76392 2.69198 2.87073 2.56846 2.27853 2.27261 2.96192 2.02969 1.40196 0.29843
threshold=-8.6035799980163556 3.6316900253295903 -3.6876929998397823 352.60839843750006 -0.48291398584842676 20.989999771118168 -1.4033757448196409 75.81000137329103 0.71259701251983654 2167099.1250000005 369002.73437500006 51567010.000000007
decision_type=2 2 2 2 2 2 2 2 2 2 2 2
left_child=5 2 -2 9 -5 6 -1 10 -9 -4 -3 -7
right_child=1 7 3 4 -6 11 -8 8 -10 -11 -12 -13
leaf_value=0.0066376149348972404 0.011744110235456471 0.0019874650871534445 -0.011549121672830722 -0.0023634777543033361 0.00082878814643359659 0.01110839812900403 -0.0080586924833467126 -0.0067319821482542353 0.010923894753255389 0.0012275593276949289 0.011446280185246658 0.0036675379282114806
leaf_weight=2.0876140668988228 1.7400147765874852 2.8397233933210355 3.9931912943720809 50.30633990839123 63.437215775251396 4.219273280352354 2.1090590469539148 3.0155598521232605 1.3723197579383848 1.6111059188842771 4.5109592452645302 1.1233345568180082
leaf_count=12 7 17 25 268 352 42 12 17 12 8 38 9
internal_value=9.68674e-05 -0.000256419 -0.000726969 -0.000917168 -0.000574291 0.00512091 -0.000509804 0.0045123 -0.000982164 -0.00769769 0.00792818 0.00973106
internal_weight=142.366 132.826 121.088 119.348 113.744 9.53928 4.19667 11.7386 4.38788 5.6043 7.35068 5.34261
internal_count=819 744 660 653 620 75 24 84 29 33 55 51
is_linear=0
shrinkage=0.01


Tree=263
num_leaves=14
num_cat=0
split_feature=53 53 27 59 42 33 11 35 11 34 58 45 2
split_gain=2.53727 2.89395 2.77686 2.64054 3.58372 2.82541 2.54201 2.33101 2.37525 2.23749 1.37434 1.18571 0.340568
threshold=-8.6035799980163556 3.6316900253295903 -156603647.99999997 1727771.5625000002 0.0018494999967515471 1.2672563791275027 20.989999771118168 2.5904302597045903 79.005001068115249 -1.4033757448196409 12638.773925781252 -0.52232798933982838 57786424.000000007
decision_type=2 2 2 2 2 2 2 2 2 2 2 2 2
left_child=6 2 -2 5 -5 -4 9 8 10 -1 -3 -10 -8
right_child=1 7 3 4 -6 -7 12 -9 11 -11 -12 -13 -14
leaf_value=0.0065895619192130805 -0.011796692644438826 0 -0.00042151280281956118 0.012091963652135312 -0.0034207517423290889 -0.0067590546358685458 0.011086866328541728 -0.0068695372937059894 -0.0061388807168884941 -0.0079881246261383071 0.011506682343679865 0.0059338470015607107 0.0031195334571691678
leaf_weight=2.0818382799625397 2.2295723855495444 1.1085117459297142 105.18341537937522 3.7084466218948355 2.3526409417390823 7.5875499770045272 4.2591364309191704 1.4933765083551414 1.8229852169752123 2.1064270809292776 5.8305627331137657 1.4399390220642088 1.0453183874487875
leaf_count=12 12 5 573 17 10 48 43 8 11 12 49 11 8
internal_value=9.6287e-05 -0.000253671 -0.000719698 -0.000503452 0.00590564 -0.000856788 0.00509584 0.00448478 0.00624486 -0.000503311 0.00956276 -0.000504673 0.00970531
internal_weight=142.25 132.757 121.062 118.832 6.06109 112.771 9.49272 11.6954 10.202 4.18827 6.93907 3.26292 5.30445
internal_count=819 744 660 648 27 621 75 84 76 24 54 22 51
is_linear=0
shrinkage=0.01


Tree=264
num_leaves=16
num_cat=0
split_feature=12 40 14 14 22 52 22 44 48 44 13 36 27 30 13
split_gain=2.53751 3.77923 3.4851 3.47928 2.69219 3.74536 5.43153 3.32342 3.30168 1.93627 2.86065 1.81273 1.74787 1.72122 0.905106
threshold=185776200.00000003 -3.6876929998397823 0.3298999965190888 0.34499999880790716 -35589.285156249993 0.060581319034099586 19278.738281250004 503063.78125000006 -0.7294664978981017 183096.98437500003 302859392.00000006 -1.1246839165687559 -4003839.9999999995 0.32916626334190374 134551424.00000003
decision_type=2 2 2 2 2 2 2 2 2 2 2 2 2 2 2
left_child=1 -1 9 11 7 6 -6 13 -7 12 14 -4 -2 -3 -11
right_child=2 4 3 -5 5 8 -8 -9 -10 10 -12 -13 -14 -15 -16
leaf_value=0.016338136216816932 -0.0069483304098144115 -0.011755052053723363 -0.012788090556640826 0.0084363333139244913 0.010256999072807393 -0.004509045375166775 -0.0013822395783122923 0.0055901142480014607 0 0.0052257557125039936 -0.0028620980172947247 -0.0014145881743686834 0.0054321211044290729 0 0.013012899288880391
leaf_weight=1.3134938850998867 1.8362051770091055 5.5406297892332059 2.3714708685874939 2.3129788339138031 7.7097008153796187 21.056549143046141 8.0845505967736226 1.8552778884768484 71.116555090993643 2.6544965431094152 1.7424245104193676 4.00720366835594 2.9565500020980862 1.5068196952342985 6.0543827190995216
leaf_count=6 10 35 11 12 42 136 43 10 404 16 12 19 17 8 38
internal_value=9.52528e-05 -0.00049882 0.00307029 -0.00189631 -0.000696605 -0.0002511 0.00423595 -0.00598712 -0.00103082 0.00596768 0.00838841 -0.00579981 0.000480262 -0.00917678 0.0107542
internal_weight=142.119 118.184 23.9357 8.69165 116.87 107.967 15.7943 8.90273 92.1731 15.2441 10.4513 6.37867 4.79276 7.04745 8.70888
internal_count=819 684 135 42 678 625 85 53 540 93 66 30 27 43 54
is_linear=0
shrinkage=0.01


Tree=265
num_leaves=25
num_cat=0
split_feature=47 47 20 10 47 58 56 55 53 10 4 4 33 47 47 6 49 14 44 46 55 1 46 0
split_gain=2.514 4.73261 3.79416 4.16213 3.37828 7.05264 4.14426 3.24108 3.27394 3.19089 4.00493 4.72162 2.9027 2.86453 2.73072 2.59008 2.62582 2.44487 2.32292 3.50324 1.87759 1.61322 0.363481 0.288056
threshold=0.18732974678277972 0.45080380141735082 41083.898437500007 -0.00043205000110901887 -0.158437505364418 2009462.8750000002 30.416234970092777 2.4028444290161137 1.9692943692207339 0.00035899999784305697 1603313.8750000002 301079.03125000006 -0.68980512022972096 -0.34033507108688349 0.34032033383846289 -59348809727.999992 -0.51911857724189747 0.24499999731779101 1621058.1250000002 -0.74699768424034108 3.3054232597351079 21700652.000000004 -0.19047061353921887 143423.00000000003
decision_type=2 2 2 2 2 2 2 2 2 2 2 2 2 2 2 2 2 2 2 2 2 2 2 2
left_child=4 2 3 12 6 15 18 13 -9 10 11 -3 -2 -8 -5 17 -17 -6 19 -1 -11 -20 -4 -12
right_child=1 9 22 14 5 -7 7 8 -10 20 23 -13 -14 -15 -16 16 -18 -19 21 -21 -22 -23 -24 -25
leaf_value=-0.0043157059888045005 0.013973138370768674 0.0014053342642050594 0.01608881333978928 -0.0077512657488844417 -0.016922889334387532 0.0121475077261116 -0.0065884123157158745 0.0070146361915006542 -0.0015580910591470704 -0.011142317675508004 0.015564725459038928 -0.0084830375476273971 0 0.0037236137864263049 0.0030918028655844755 0.0035570344812875338 -0.0071488514734494666 -0.0063310940321620766 0.0049990807258744538 0.0098737706688903117 0 -0.0085248132589803901 0.0088974344262835042 0.0072146793205761809
leaf_weight=2.0557932630181304 4.3152388036251068 30.610178243368864 2.7877195365726948 3.8110319897532463 3.2064480930566832 2.3020548745989791 14.253140434622766 6.6051370762288597 13.367732811719177 3.9265762269496909 1.5536125376820558 5.7292296960949889 2.3232586383819624 3.1889137476682654 5.8205917030572891 4.2578240483999252 4.7942216619849205 8.7107610255479795 1.5713524669408792 8.8665718510746938 2.4741541147232056 1.8879402428865431 2.1330432742834082 1.4459795802831648
leaf_count=13 22 178 14 22 15 11 83 41 84 18 8 29 13 17 31 26 24 54 9 55 13 11 15 13
internal_value=9.43569e-05 0.00150999 0.00541909 0.003012 -0.0011545 -0.00432183 0.000249215 -0.00148408 0.00122689 -0.000279199 0.000763367 -0.000126137 0.00912101 -0.00464574 -0.00109475 -0.00617757 -0.00200264 -0.00926484 0.00482804 0.00711149 -0.00684306 -0.00209263 0.0131747 0.0118729
internal_weight=141.999 66.9306 21.1909 16.2701 75.0679 23.2713 51.7966 37.4149 19.9729 45.7397 39.339 36.3394 6.6385 17.4421 9.63162 20.9693 9.05205 11.9172 14.3817 10.9224 6.40073 3.45929 4.92076 2.99959
internal_count=819 376 117 88 443 130 313 225 125 259 228 207 35 100 53 119 50 69 88 68 31 20 29 21
is_linear=0
shrinkage=0.01


Tree=266
num_leaves=23
num_cat=0
split_feature=12 6 7 59 53 47 47 1 1 8 30 7 31 18 37 19 18 22 46 12 47 53
split_gain=2.48321 3.4665 3.21519 2.71707 4.73681 2.53282 3.8063 4.03291 4.68133 3.77404 4.04528 4.01476 3.56522 3.47798 5.39664 3.27099 2.3914 2.28012 3.8285 1.87736 1.0848 0.0720519
threshold=185776200.00000003 -57629171711.999992 1.4867205023765566 359577.68750000006 0.87196043133735668 0.18732974678277972 -0.47681321203708643 10872332.000000002 3473521.0000000005 0.8219054937362672 0.07845377549529077 1.2030678987503054 -7.0579471588134757 493659.50000000006 -1.5804727673530576 17005.727539062504 1446791.5000000002 3388.150024414063 -0.42591765522956843 205852936.00000003 0.71588054299354564 2.5227987766265874
decision_type=2 2 2 2 2 2 2 2 2 2 2 2 2 2 2 2 2 2 2 2 2 2
left_child=5 2 17 4 -4 6 7 8 -1 10 -8 -11 20 15 -15 -14 -9 19 -19 -2 -7 -3
right_child=1 21 3 -5 -6 12 9 16 -10 11 -12 -13 13 14 -16 -17 -18 18 -20 -21 -22 -23
leaf_value=0.00081205880237788435 0.012150333127031818 0.013623830133542673 -0.0068839603431597651 0.013160494304198496 0.01269876152918614 -0.0013284023499652593 -0.0011375898314576369 0.0080322515603150728 -0.010402108482175232 0.013948157090649758 -0.010814645109355732 -0.0024364012289193123 0.0029762993173928173 -0.002010577577758185 0.012520069981600103 -0.0025464739450235395 -0.00018420151540632276 -0.016742544720608928 -0.00032026618994514695 -0.00090958826541045145 -0.01363540189277475 0.0079459106518182838
leaf_weight=11.462094303220516 1.5361521765589765 2.3921681120991702 2.8973885402083379 3.2918233424425125 2.1323113664984703 1.4179178103804582 7.2400311790406766 8.1405342072248441 5.4172705449163905 1.7738517820835102 11.699023898690937 9.5016308650374395 22.926728244870901 4.053887628018856 6.4604702517390233 20.05963397398591 5.8600110784173003 2.2020410075783756 4.3625037893652889 3.4789616316556931 2.0071139074862003 1.5440860763192175
leaf_count=81 9 14 16 20 12 10 42 42 31 9 77 52 120 20 35 119 32 10 25 19 14 10
internal_value=9.36695e-05 0.0030435 0.00129086 0.0060631 0.0012192 -0.000493658 -0.00191344 0.000526694 -0.00272778 -0.00444041 -0.0071681 5.25191e-05 0.00101253 0.00166148 0.00682256 0.000375828 0.00452178 -0.00205227 -0.00598136 0.00289133 -0.00883244 0.0116506
internal_weight=141.858 23.8374 19.9012 8.32152 5.0297 118.02 61.0944 30.8799 16.8794 30.2145 18.9391 11.2755 56.9258 53.5007 10.5144 42.9864 14.0005 11.5797 6.56454 5.01511 3.42503 3.93625
internal_count=819 135 111 48 28 684 366 186 112 180 119 61 318 294 55 239 74 63 35 28 24 24
is_linear=0
shrinkage=0.01


Tree=267
num_leaves=17
num_cat=0
split_feature=53 53 47 43 41 46 47 17 4 11 35 11 6 58 45 35
split_gain=2.48142 2.84394 2.57538 4.08596 4.80081 3.92837 3.6055 6.21041 3.97319 2.5003 2.27038 2.35166 1.92168 1.33837 1.16262 0.275519
threshold=-8.6035799980163556 3.6316900253295903 0.18732974678277972 444340.00000000006 1.6174503564834597 -0.74699768424034108 0.45080380141735082 169397.00000000003 103123.81250000001 20.989999771118168 2.5904302597045903 79.005001068115249 -59526068223.999992 12638.773925781252 -0.52232798933982838 -2.5348851680755611
decision_type=2 2 2 2 2 2 2 2 2 2 2 2 2 2 2 2
left_child=9 2 3 4 -2 -5 7 -4 -8 12 11 13 -1 -3 -13 -11
right_child=1 10 6 5 -6 -7 8 -9 -10 15 -12 14 -14 -15 -16 -17
leaf_value=-0.0087620185417004066 -0.0062900961242787559 0 0.0010526367111322215 -0.0077209696032368392 0.006731542254863691 0.0017291768026254236 0.0010641867833824415 0.015007502739494392 -0.0059336878695955319 0.0038494360090723331 -0.0067417831652128481 -0.0060709264880263545 0.0049874988437633239 0.011479189104151251 0.0059009937732437956 0.011063487160777983
leaf_weight=1.7316430434584615 26.015422541648153 1.1062420010566674 12.72928496450186 5.2027341276407233 3.1046807914972296 28.240187168121338 29.98902989551425 4.3402474522590628 11.060676597058771 1.1497844308614729 1.4907604008913047 1.8241848871111872 2.4230372756719571 5.7574280053377151 1.431379936635494 4.0881574414670467
leaf_count=10 179 5 65 25 15 134 171 20 51 8 8 11 14 49 11 43
internal_value=9.25828e-05 -0.000252849 -0.000714763 -0.0021271 -0.00486744 0.000229111 0.000788361 0.00465951 -0.000797001 0.00506435 0.00446247 0.0062119 -0.000502516 0.00954119 -0.000500045 0.00967084
internal_weight=141.685 132.292 120.682 62.563 29.1201 33.4429 58.1192 17.0695 41.0497 9.39262 11.61 10.1192 4.15468 6.86367 3.25556 5.23794
internal_count=819 744 660 353 194 159 307 85 222 75 84 76 24 54 22 51
is_linear=0
shrinkage=0.01


Tree=268
num_leaves=14
num_cat=0
split_feature=53 39 46 50 36 37 53 28 11 8 26 6 2
split_gain=2.44431 2.82906 3.68197 3.51274 6.29397 5.73694 2.87952 2.64495 2.47494 2.43496 2.7175 1.88659 0.34142
threshold=-8.6035799980163556 0.77995678782463085 -1.1909426450729368 0.067781999707221999 -0.45739333331584925 1.1819045543670657 1.6213612556457522 -42.312499999999993 20.989999771118168 1.7041000127792361 0.0014285732759162786 -59526068223.999992 57786424.000000007
decision_type=2 2 2 2 2 2 2 2 2 2 2 2 2
left_child=8 3 -3 7 6 -6 -5 -2 11 10 -4 -1 -10
right_child=1 2 9 4 5 -7 -8 -9 12 -11 -12 -13 -14
leaf_value=-0.0086879553729759459 0.015102074262457941 -0.011978287136593055 0.0031612509297618127 -0.0086088681494615946 0.0037198519981329089 -0.0079752713685911029 0.0018756502160704298 -0.00068454370530898366 0.011045411107674914 0.012276524297704925 -0.00056086463629945367 0.0049461739571104299 0.0030238553962789426
leaf_weight=1.7289544865489004 1.9218952208757398 2.1791045367717734 32.014692008495331 17.674362100660804 15.950449761003258 5.6740335673093787 2.8986104279756537 2.117655172944068 4.1681622304022312 1.9385442286729802 49.797024726867676 2.4188698418438417 1.0323456674814222
leaf_count=10 10 13 223 104 98 46 16 12 43 8 214 14 8
internal_value=9.19649e-05 -0.000250362 0.000814317 -0.00225065 -0.00311957 0.000604933 -0.00708305 0.0065787 0.00503874 0.00115911 0.000883456 -0.000495905 0.00964535
internal_weight=141.515 132.166 85.9294 46.237 42.1975 21.6245 20.573 4.03955 9.34833 83.7503 81.8117 4.14782 5.20051
internal_count=819 744 458 286 264 144 120 22 75 445 437 24 51
is_linear=0
shrinkage=0.01


Tree=269
num_leaves=19
num_cat=0
split_feature=12 6 7 33 59 43 29 34 60 51 33 54 24 26 55 29 58 53
split_gain=2.43625 3.40459 3.16891 3.00948 4.02329 2.51097 2.60828 4.1435 4.34483 3.46665 2.76961 2.68957 2.32135 2.16103 3.05761 1.94146 0.162436 0.0689748
threshold=185776200.00000003 -57629171711.999992 1.4867205023765566 -0.68980512022972096 400013.84375000006 15886671.500000002 0.05927687697112561 -0.80008432269096363 -43937.433593749993 0.09915513172745706 1.3707041740417483 -2.6336226463317867 146.00000000000003 0.0014492869377136233 -0.72702908515930165 0.28472438454627996 153509.35937500003 2.5227987766265874
decision_type=2 2 2 2 2 2 2 2 2 2 2 2 2 2 2 2 2 2
left_child=5 2 13 4 -4 6 7 8 -1 11 -11 -8 -9 15 -15 -2 -5 -3
right_child=1 17 3 16 -6 -7 9 12 -10 10 -12 -13 -14 14 -16 -17 -18 -19
leaf_value=0.01512483936774184 0.010841009784990242 0.013557612915432775 -0.0090160864712954779 0.0069141449246345509 0.012927247408418576 0.010966632933100486 -0.00050902389758686654 -0.006170402357416142 -0.0019584017388879636 0 -0.0081906028067780419 -0.0086771926934423559 0.0033795865128191513 0.0016999323162360613 -0.01312639631247371 -0.0014760946423885292 0.013054428089015935 0.0078971481526524112
leaf_weight=4.2763124704360962 1.7636268958449415 2.3699083328247066 2.2515563666820531 1.5074110254645328 1.3206037506461141 1.8721221461892117 7.1187546998262432 4.6732057780027372 2.1364311724901226 77.547546923160553 4.3568768240511409 10.193145520985125 5.4888912662863731 2.307041734457016 3.1378053575754166 4.3307708650827408 3.1992773339152336 1.5327524170279501
leaf_count=22 16 14 12 9 9 9 41 25 11 456 32 58 30 10 14 23 18 10
internal_value=9.12009e-05 0.00302073 0.00128263 0.0060345 -0.00062384 -0.00049089 -0.000684772 0.00296891 0.00927755 -0.00130523 -0.000432556 -0.00537616 -0.000913726 -0.00203994 -0.00666066 0.0019242 0.0113003 0.0115907
internal_weight=141.384 23.7208 19.8181 8.27885 3.57216 117.663 115.791 16.5748 6.41274 99.2163 81.9044 17.3119 10.1621 11.5392 5.44485 6.0944 4.70669 3.90266
internal_count=819 135 111 48 21 684 675 88 33 587 488 99 55 63 24 39 27 24
is_linear=0
shrinkage=0.01


Tree=270
num_leaves=15
num_cat=0
split_feature=40 12 6 46 18 7 51 58 27 53 33 45 24 53
split_gain=2.42472 2.70436 3.32417 2.86334 3.13789 2.77789 2.26144 2.9178 3.51715 2.65403 5.16562 2.57059 0.674637 0.068385
threshold=-3.6876929998397823 185776200.00000003 -57629171711.999992 -0.72517991065978993 5819.0000000000009 1.4867205023765566 0.052715100347995765 166202.18750000003 1056768.0000000002 3.6316900253295903 1.2672563791275027 -0.50992476940155018 39.500000000000007 2.5227987766265874
decision_type=2 2 2 2 2 2 2 2 2 2 2 2 2 2
left_child=-1 6 3 4 -3 -5 7 8 -2 10 -8 -11 -9 -4
right_child=1 2 13 5 -6 -7 9 12 -10 11 -12 -13 -14 -15
leaf_value=0.011429181370080232 0.0047782706771042861 0.0035543399158652236 0.013505539370984435 0 -0.011256042269828823 0.0093537614734706537 -0.0010139719380074378 0.015244353097774955 -0.0081662523963685445 -0.0012062615703187778 -0.010903663542154779 0.011444659678183085 0.0059885045358400429 0.0078476167250612038
leaf_weight=1.8619931340217579 5.6683953888714296 2.4644624143838927 2.3553287088870998 8.1143290847539884 3.176291786134243 5.4494551792740831 91.303188551217318 1.7477996498346318 3.3333772048354149 2.9979590699076653 5.642519772052764 3.1708235889673224 2.4497103169560432 1.5270311981439588
leaf_count=9 30 15 14 46 15 32 523 8 17 19 40 28 13 10
internal_value=9.04914e-05 -5.37874e-05 0.00306469 0.00129973 -0.00460806 0.00383032 -0.000681366 0.00319548 0 -0.00118732 -0.0015999 0.00513435 0.0100808 0.0115377
internal_weight=141.263 139.401 23.0869 19.2045 5.64075 13.5638 116.314 13.1993 9.00177 103.114 96.9457 6.16878 4.19751 3.88236
internal_count=819 810 132 108 30 78 678 68 47 610 563 47 21 24
is_linear=0
shrinkage=0.01


Tree=271
num_leaves=14
num_cat=0
split_feature=40 12 6 46 20 1 22 21 46 11 30 11 34
split_gain=2.38225 2.65707 3.28163 2.8096 3.11405 3.03208 2.65556 4.64527 2.76842 2.59017 1.69459 0.501055 0.0669604
threshold=-3.6876929998397823 185776200.00000003 -57629171711.999992 -0.72517991065978993 2860.897827148438 12621038.500000002 -35589.285156249993 222292.00000000003 0.93415144085884105 46.790000915527351 0.32916626334190374 29.375000000000004 0.92353034019470226
decision_type=2 2 2 2 2 2 2 2 2 2 2 2 2
left_child=-1 6 3 4 -3 -5 9 8 -8 10 -2 -9 -4
right_child=1 2 12 5 -6 -7 7 11 -10 -11 -12 -13 -14
leaf_value=0.011342890552529968 -0.011734606853572874 0.002481914121296367 0.013296863873645273 0.0059926010351363758 -0.01216113892116014 -0.0064232512704571814 -0.001426371924075608 0.0055390032380694789 0.0027050377302077688 0.0033210608845685679 0 0.014725352787329822 0.0075489158827899338
leaf_weight=1.8574195466935624 5.2121775858104211 2.8563855960965201 2.4708223044872279 11.229591764509676 2.7803529873490334 2.3118382468819627 83.899425115436316 1.4862300828099244 19.993732251226902 2.1316336169838905 1.5054413154721258 2.0044064596295357 1.3912757337093351
leaf_count=9 35 17 15 64 13 14 494 9 111 10 8 11 9
internal_value=8.99768e-05 -5.29176e-05 0.00304158 0.00128907 -0.00456345 0.00379908 -0.000674927 -0.000231321 -0.000621677 -0.00594498 -0.00903414 0.0111005 0.0114852
internal_weight=141.131 139.273 23.0403 19.1782 5.63674 13.5414 116.233 107.384 103.893 8.84925 6.71762 3.49064 3.8621
internal_count=819 810 132 108 30 78 678 625 605 53 43 20 24
is_linear=0
shrinkage=0.01


Tree=272
num_leaves=14
num_cat=0
split_feature=53 53 27 43 47 4 11 35 11 34 26 17 38
split_gain=2.40781 2.7438 2.67758 3.02717 4.1814 3.2512 2.42958 2.20609 2.32782 2.15865 1.3379 1.12963 0.415851
threshold=-8.6035799980163556 3.6316900253295903 -156603647.99999997 444340.00000000006 0.18732974678277972 79570.371093750015 20.989999771118168 2.5904302597045903 79.005001068115249 -1.4033757448196409 0.00068571630981750797 198034.00000000003 -0.050841061398386948
decision_type=2 2 2 2 2 2 2 2 2 2 2 2 2
left_child=6 2 -2 4 -4 -5 9 8 10 -1 -3 -10 -8
right_child=1 7 3 5 -6 -7 12 -9 11 -11 -12 -13 -14
leaf_value=0.0065415716671258541 -0.011657610190233789 0 -0.0048097535626960746 0.0036852690135961213 0.00047285109708822612 -0.0010240002443013905 0.011108156263057807 -0.0066400563775139265 -0.0060876191211890621 -0.0078711304983815795 0.011448526079921232 0.0057309577873917847 0.0024471449773066181
leaf_weight=2.0556055158376694 2.1987912207841864 1.1007431149482689 28.980492930859327 26.785335272550583 30.387166611850262 31.897452689707279 4.1438332349061966 1.4875598698854453 1.8028339296579363 2.0787599757313711 5.6744057461619377 1.434182211756706 1.0038580670952795
leaf_count=12 12 5 194 127 178 149 43 8 10 12 49 12 8
internal_value=8.94692e-05 -0.000250125 -0.00070358 -0.00049108 -0.00208902 0.00110847 0.00501738 0.00440456 0.00614539 -0.000463263 0.00948827 -0.000542391 0.00961342
internal_weight=141.031 131.749 120.249 118.05 59.3677 58.6828 9.28206 11.4997 10.0122 4.13437 6.77515 3.23702 5.14769
internal_count=819 744 660 648 372 276 75 84 76 24 54 22 51
is_linear=0
shrinkage=0.01


Tree=273
num_leaves=12
num_cat=0
split_feature=53 27 59 10 53 11 29 11 34 29 2
split_gain=2.37237 2.86443 2.59293 3.60867 2.50099 2.59045 2.57709 2.40456 2.11984 0.793668 0.34829
threshold=-8.6035799980163556 -156603647.99999997 1727771.5625000002 0.0018494999967515471 3.6316900253295903 75.81000137329103 0.027547429315745834 20.989999771118168 -1.4033757448196409 0.079513318836689009 57786424.000000007
decision_type=2 2 2 2 2 2 2 2 2 2 2
left_child=7 -2 4 9 6 -6 -3 8 -1 -4 -9
right_child=1 2 3 -5 5 -7 -8 10 -10 -11 -12
leaf_value=0.0064941458048817244 -0.011594348986579796 0.0074381253259962433 0.0059320898005862334 -0.0033664645250619297 0.0077881192538515999 -0.002109934588188889 -0.0011193563419643518 0.011012128349469383 -0.0078026465815427912 0.016143301144025738 0.0028926602914618842
leaf_weight=2.0499397069215775 2.1887309402227393 3.6128161624073973 1.7442906647920597 2.3455296158790588 7.1055143624544126 3.9988098666071892 108.35746055468917 4.0913640186190605 2.0760489739477617 2.2803942561149597 1.0196211785078046
leaf_count=12 12 18 9 10 55 26 603 43 12 11 8
internal_value=8.86533e-05 -0.00024788 -4.83019e-05 0.00616372 -0.000377955 0.00413365 -0.000834311 0.00499276 -0.000457119 0.0119662 0.00958798
internal_weight=140.871 131.634 129.445 6.37021 123.075 11.1043 111.97 9.23697 4.12599 4.02468 5.11099
internal_count=819 744 732 30 702 81 621 75 24 20 51
is_linear=0
shrinkage=0.01


Tree=274
num_leaves=12
num_cat=0
split_feature=53 27 43 56 5 4 22 58 11 34 38
split_gain=2.33735 2.82084 2.60383 3.8664 4.30724 4.06796 2.92122 4.08867 2.37995 2.08172 0.420609
threshold=-8.6035799980163556 -156603647.99999997 444340.00000000006 99.999958038330092 1112247.9375000002 79570.371093750015 117245.94140625001 490999.43750000006 20.989999771118168 -1.4033757448196409 -0.050841061398386948
decision_type=2 2 2 2 2 2 2 2 2 2 2
left_child=8 -2 6 5 -5 -4 7 -3 9 -1 -10
right_child=1 2 3 4 -6 -7 -8 -9 10 -11 -12
leaf_value=0.0064469854746718094 -0.011531576300479237 -0.0013907089293292601 0.0032560059357314573 0.0093339018784819889 -0.0055299349950912588 -0.0024318274130339453 0.0079549746253892058 -0.01476662490354347 0.011079402188358794 -0.0077347494163395036 0.0023512904559817843
leaf_weight=2.0443141311407089 2.1786893904209128 60.973987188190222 23.229591473937035 9.968709856271742 2.3336241468787184 27.363244935870171 3.1167012751102439 2.3972329497337332 4.0781699866056442 2.0733438208699209 0.99616476893424977
leaf_count=12 12 389 110 60 13 128 17 15 43 12 8
internal_value=8.79369e-05 -0.000245447 -4.76698e-05 0.00140289 0.0064331 0.000159963 -0.00143489 -0.00191248 0.00496833 -0.000451016 0.00956302
internal_weight=140.754 131.562 129.383 62.8952 12.3023 50.5928 66.4879 63.3712 9.19199 4.11766 5.07433
internal_count=819 744 732 311 73 238 421 404 75 24 51
is_linear=0
shrinkage=0.01


Tree=275
num_leaves=24
num_cat=0
split_feature=47 47 17 47 58 56 26 42 42 4 4 49 23 45 6 26 3 53 36 1 42 0 28
split_gain=2.34799 4.52442 5.35302 3.22882 6.81688 4.03721 3.1733 3.88751 3.08394 3.8709 4.52397 2.84436 4.84279 3.21464 2.47552 4.34936 2.55885 2.22573 2.16967 1.63729 1.224 0.276842 0.100444
threshold=0.18732974678277972 0.45080380141735082 169397.00000000003 -0.158437505364418 2009462.8750000002 30.416234970092777 0.00042499708069954073 -0.00039863500569481397 0.00035899999784305697 1603313.8750000002 301079.03125000006 -0.47135604918003077 49.500000000000007 -0.67398193478584278 -59348809727.999992 0.0014285719371400776 -111455.99999999999 -0.83471009135246266 -1.8451576828956602 41109872.000000007 0.00072999999974854301 143423.00000000003 -162.03124999999997
decision_type=2 2 2 2 2 2 2 2 2 2 2 2 2 2 2 2 2 2 2 2 2 2 2
left_child=3 2 6 5 14 17 -2 -8 9 10 -3 13 -13 -7 16 -16 -5 18 -1 20 -10 -11 -4
right_child=1 8 22 4 -6 11 7 -9 19 21 -12 12 -14 -15 15 -17 -18 -19 -20 -21 -22 -23 -24
leaf_value=-0.00087608730468640155 -0.0079338366715508632 0.0013636406303486337 0.009784118733240324 -0.013372383277307751 0.012039885385799726 -0.0023190138450685026 0.010903755868632282 0 -0.008342632114178343 0.015428055643058894 -0.008363416176734452 0.0051673243830894378 -0.003280965218218418 -0.015862231953412499 0.0078911447149951908 -0.0069049666903677302 -0.0036679900391787036 -0.0052148363486596953 0.0086931229884947767 -0.013425280394539064 0.0025266664417462558 0.0071004885708471277 0.015825770965255868
leaf_weight=2.9169500321149817 2.4591868072748211 30.409791171550751 1.4830702282488344 6.5059800744056728 2.2760224789381018 6.1327209398150444 5.3857542648911467 8.0420109182596189 1.9342269375920289 1.5294156670570367 5.668985739350318 11.248939391225578 17.088948179036379 2.5929425917565805 2.9192378409206867 6.0410493314266205 5.2643286809325227 1.8239213377237309 9.4631989747285825 2.3845298290252686 2.0332376137375832 1.4106616042554376 3.6112059652805319
leaf_count=20 17 178 11 38 11 43 28 42 10 8 29 60 105 17 23 27 31 12 56 11 10 13 19
internal_value=8.70925e-05 0.00146079 0.00530335 -0.00112663 -0.00424156 0.000251713 0.00236736 0.00432841 -0.000294109 0.000734728 -0.000137035 -0.00146486 3.7359e-05 -0.00645816 -0.00607735 -0.00197283 -0.00911701 0.00480129 0.0063577 -0.00677145 -0.00252031 0.0117726 0.0142632
internal_weight=140.626 66.3521 20.9812 74.2742 23.0066 51.2676 15.887 13.4278 45.3708 39.0189 36.0788 37.0636 28.3379 8.72566 20.7306 8.96029 11.7703 14.2041 12.3801 6.35199 3.96746 2.94008 5.09428
internal_count=819 376 117 443 130 313 87 70 259 228 207 225 165 60 119 50 69 88 76 31 20 21 30
is_linear=0
shrinkage=0.01


Tree=276
num_leaves=26
num_cat=0
split_feature=47 47 17 8 22 53 47 41 8 51 28 26 10 10 4 33 0 46 18 33 10 57 46 0 28
split_gain=2.30509 4.4453 5.28406 3.26412 6.23354 5.24707 3.6642 3.47586 4.23143 3.70752 3.29379 3.11821 3.82 3.02706 3.81433 4.4482 2.40899 2.36181 3.48289 2.3041 2.29849 2.24054 1.41323 0.271047 0.0971431
threshold=0.18732974678277972 0.45080380141735082 169397.00000000003 0.75274801254272472 67096.222656250015 -0.48755562305450434 -0.39587238430976862 -1.8503410220146177 0.84344300627708446 0.32666498422622686 186.75000000000003 0.00042499708069954073 -0.00039863500569481397 0.00035899999784305697 1603313.8750000002 -1.4635440707206724 33429.000000000007 1.1128466725349428 1947589.0000000002 0.7912433147430421 -8.4999999671708779e-05 99.79480361938478 0.19564371556043628 143423.00000000003 -162.03124999999997
decision_type=2 2 2 2 2 2 2 2 2 2 2 2 2 2 2 2 2 2 2 2 2 2 2 2 2
left_child=3 2 11 4 5 6 -1 9 19 22 -10 -2 -13 14 15 -3 -7 18 -6 -9 -19 -15 -5 -16 -4
right_child=1 13 24 7 17 16 -8 8 10 -11 -12 12 -14 21 23 -17 -18 20 -20 -21 -22 -23 -24 -25 -26
leaf_value=0.0051256745178078792 -0.0078916299975727161 -0.013650754864691908 0.0097263975910937672 0.0067233585402037546 0.0041060757844947251 0 -0.0051510715814508546 0.014980326438281587 -0.0018646861772053398 -0.014384227546990501 0.0066560035921312257 0.010813731162741778 0 -0.011128048098862239 0.015348001074018916 0.00075033401054567074 -0.011689716920980942 -0.0019275040234530223 -0.011881353182272738 0.00036961131552952687 0.011071719215580769 0.00092373633972289845 -0.0051380134338165238 0.0070594599051700757 0.01574293455811597
leaf_weight=5.4038355126976976 2.4476737305521992 2.2885540053248397 1.4769833944737909 2.022736474871635 3.749236196279524 1.9994697421789176 9.4900731034576875 3.8093363940715816 14.516252774745228 2.6616373285651207 6.5548775866627684 5.3763323202729216 8.0420109182596189 4.1024430990219107 1.5220560431480401 33.792597256600857 11.916520640254019 1.7762995213270185 2.1105535924434662 1.7057866677641866 4.500958263874054 2.2404159978032112 1.9525723829865453 1.4047015756368635 3.5939917117357245
leaf_count=33 17 12 11 10 22 10 58 22 79 15 34 28 42 19 8 195 92 10 11 12 24 12 11 13 19
internal_value=8.61436e-05 0.00144783 0.00526168 -0.00111735 -0.00301395 -0.0055585 -0.0013553 0.00119008 0.00283066 -0.00523107 0.0007385 0.00234577 0.00428772 -0.000290854 0.000727857 -0.000135382 -0.00998522 0.00294371 -0.00148155 0.0106427 0.00723397 -0.00671348 0.000645796 0.0117116 0.0141877
internal_weight=140.458 66.2878 20.937 74.1701 40.9469 28.8099 14.8939 33.2232 26.5863 6.63695 21.0711 15.866 13.4183 45.3508 39.0079 36.0812 13.916 12.137 5.85979 5.51512 6.27726 6.34286 3.97531 2.92676 5.07098
internal_count=819 376 117 443 260 193 91 183 147 36 113 87 70 259 228 207 102 67 33 34 34 31 21 21 30
is_linear=0
shrinkage=0.01


Tree=277
num_leaves=14
num_cat=0
split_feature=40 12 6 46 20 7 22 52 22 24 44 30 53
split_gain=2.29659 2.54063 3.1942 2.82054 3.0287 2.73292 2.59566 3.49557 5.16085 3.19645 3.17239 1.67823 0.0643121
threshold=-3.6876929998397823 185776200.00000003 -57629171711.999992 -0.72517991065978993 2860.897827148438 1.4867205023765566 -35589.285156249993 0.060581319034099586 19278.738281250004 12.500000000000002 503063.78125000006 0.32916626334190374 2.5227987766265874
decision_type=2 2 2 2 2 2 2 2 2 2 2 2 2
left_child=-1 6 3 4 -3 -5 10 8 -8 -9 11 -2 -4
right_child=1 2 12 5 -6 -7 7 9 -10 -11 -12 -13 -14
leaf_value=0.011176182098034877 -0.011594654236914191 0.0023572104453848733 0.013349598036601476 0 -0.012140218240839376 0.0092796289654519613 0.010050745163105895 -0.0056414019344542109 -0.0013628060484925705 -0.00021562555853733368 0.0055056080743787804 0 0.0077030650298161351
leaf_weight=1.8435226567089547 5.466465372592209 2.8201384991407439 2.3031350448727603 8.0598894581198675 2.7645152807235718 5.4008699730038652 7.6056531742215139 12.690022945404051 7.9947122856974602 78.505432840436697 1.8263544812798498 1.5029767006635664 1.4983015581965444
leaf_count=9 35 17 14 46 13 32 42 72 43 468 10 8 10
internal_value=8.55785e-05 -5.48866e-05 0.00298433 0.00125463 -0.00464024 0.00377461 -0.000664243 -0.000224448 0.00413755 -0.000981598 -0.00589041 -0.00902024 0.0113871
internal_weight=140.282 138.438 22.8468 19.0454 5.58465 13.4608 115.592 106.796 15.6004 91.1955 8.7958 6.96944 3.80144
internal_count=819 810 132 108 30 78 678 625 85 540 53 43 24
is_linear=0
shrinkage=0.01


Tree=278
num_leaves=22
num_cat=0
split_feature=47 47 17 47 58 56 57 26 10 55 39 53 10 48 31 46 6 26 3 57 28
split_gain=2.27569 4.35825 5.18938 3.15314 6.67259 3.92653 3.0994 3.06051 3.75745 3.02654 3.77659 3.28844 2.96263 3.40503 3.77693 2.5769 2.42422 4.26519 2.52743 2.21072 0.093299
threshold=0.18732974678277972 0.45080380141735082 169397.00000000003 -0.158437505364418 2009462.8750000002 30.416234970092777 11.872728347778322 0.00042499708069954073 -0.00039863500569481397 2.4028444290161137 0.43604181706905371 1.9692943692207339 0.00035899999784305697 -0.98559445142745961 -6.4792661666870108 -0.22657646238803861 -59348809727.999992 0.0014285719371400776 -111455.99999999999 99.79480361938478 -162.03124999999997
decision_type=2 2 2 2 2 2 2 2 2 2 2 2 2 2 2 2 2 2 2 2 2
left_child=3 2 7 5 16 6 15 -2 -9 10 -7 -11 13 -3 -15 -1 18 -18 -5 -14 -4
right_child=1 12 20 4 -6 9 -8 8 -10 11 -12 -13 19 14 -16 -17 17 -19 -20 -21 -22
leaf_value=0.00072285817541810728 -0.0078409933873988449 0.014094540966938405 0.0096547336339149054 -0.013286253924428386 0.011955422187247062 -0.013458728662759073 -0.0055153867884238129 0.010732802824827659 0 0.0070312726582054041 -0.0019667586864966914 -0.0016160846835730973 -0.011047865225579861 -0.010601661669592191 0.0010235423860001519 0.010580481642096099 0.0078460016378463972 -0.0068372504952608814 -0.0036147181855658607 0.00093014902861408204 0.015645200213078216
leaf_weight=4.5376639738678923 2.4333871901035335 1.8167195171117771 1.4675667956471441 6.4586743786931065 2.2628927975893012 3.7367422170937088 2.3459582254290572 5.3685771226882926 8.0376912951469404 6.5229752697050598 13.518949087709187 13.19482972845435 4.0845899879932395 3.0432504229247561 34.093481048941612 7.2607479169964781 2.9040428623557091 6.0263981372117996 5.2446422651410112 2.2411132901906967 3.5726441591978064
leaf_count=29 17 10 11 38 11 29 15 28 42 41 71 84 19 23 195 44 23 27 31 12 19
internal_value=8.49565e-05 0.00143925 0.0052214 -0.00111209 -0.00419863 0.000250871 0.00474842 0.00233329 0.00425463 -0.00144264 -0.00451331 0.00119389 -0.000282757 0.000724928 4.39622e-05 0.006874 -0.0060187 -0.0019505 -0.00903757 -0.00664613 0.0140994
internal_weight=140.174 66.159 20.8799 74.0145 22.8967 51.1179 14.1444 15.8397 13.4063 36.9735 17.2557 19.7178 45.2792 38.9535 37.1367 11.7984 20.6338 8.93044 11.7033 6.3257 5.04021
internal_count=819 376 117 443 130 313 88 87 70 225 100 125 259 228 218 73 119 50 69 31 30
is_linear=0
shrinkage=0.01


Tree=279
num_leaves=17
num_cat=0
split_feature=53 53 54 43 54 1 35 1 48 23 35 36 17 55 49 17
split_gain=2.26812 2.67086 7.13279 5.23058 4.2022 4.08734 3.72757 3.64152 4.29088 3.34432 2.11814 2.07877 2.78384 2.03516 1.62251 0.366586
threshold=3.6316900253295903 -0.83471009135246266 -0.90217792987823475 919522.96875000012 -0.42739208042621607 3473521.0000000005 1.2909486293792727 11702936.000000002 -0.095705572515726076 19.500000000000004 2.5904302597045903 -0.58665281534194935 169397.00000000003 13.470287322998049 -0.72996678948402394 1367067.5000000002
decision_type=2 2 2 2 2 2 2 2 2 2 2 2 2 2 2 2
left_child=1 6 11 4 -4 -5 7 9 -9 -1 13 -3 -13 14 -2 -16
right_child=10 2 3 5 -6 -7 -8 8 -10 -11 -12 12 -14 -15 15 -17
leaf_value=-0.00087481847405091785 0 -0.014964921977507753 0.0078922549344861148 0.014161497118975637 -0.0031107287813226516 0.0018016899760158139 -0.010473490756324776 0.0018883640369073127 -0.0069518996478981901 0.0065960267195493538 -0.0064315320143983647 -0.010947814488587178 0.0053507933291499048 -0.0047933752729204292 0.011619273552582529 0.0037486721027791708
leaf_weight=8.2306783050298709 2.0544301792979214 4.4194783940911293 3.7416129857301703 3.372910879552367 41.874812111258507 14.332309529185293 2.529209963977336 17.807101942598823 7.8950355947017661 20.037169836461544 1.4883307218551642 2.7751505300402624 1.5906367525458334 1.3649832531809813 5.3536722064018223 1.1189107745885847
leaf_count=44 12 25 21 17 260 66 21 99 41 111 8 21 9 8 45 11
internal_value=8.41648e-05 -0.000287194 -0.00156922 -0.000381285 -0.00218631 0.00421276 0.00133128 0.00190302 -0.00078823 0.00438538 0.00436866 -0.0100177 -0.0047805 0.00609473 0.00795495 0.0104132
internal_weight=139.986 128.606 72.1069 63.3216 45.6164 17.7052 56.4992 53.97 25.7021 28.2678 11.3803 8.78527 4.36579 9.892 8.52701 6.47258
internal_count=819 735 419 364 281 83 316 295 140 155 84 55 30 76 68 56
is_linear=0
shrinkage=0.01


Tree=280
num_leaves=12
num_cat=0
split_feature=53 27 6 8 38 36 7 43 59 47 6
split_gain=2.25027 2.71814 2.51862 4.89885 3.5077 3.44491 5.37347 3.43113 1.96326 2.484 1.74873
threshold=-8.6035799980163556 -156603647.99999997 -57629171711.999992 0.99529999494552623 -1.7480348944663999 -1.3802557587623594 1.3191142678260805 6388899.5000000009 285764.46875000006 -0.20686253905296323 -58433390591.999992
decision_type=2 2 2 2 2 2 2 2 2 2 2
left_child=8 -2 5 4 -4 6 -3 -7 9 -1 -11
right_child=1 2 3 -5 -6 7 -8 -9 -10 10 -12
leaf_value=0.011421680332128811 -0.011398086529107232 -0.011959396868129819 0.0064896666202839595 0.01410228345216203 -0.00077378244720037253 -0.00063837634119989967 -0.00017124987343402644 0.0079368007328171584 0.011305133422961 -0.0096038655564636595 0.0031984421820203304
leaf_weight=1.744032062590122 2.1492886543273917 6.7593167759478119 8.7774001955986005 3.1265131384134284 26.778572514653206 68.723996415734291 9.4494316056370717 5.0044036433100691 3.1664169877767563 1.9923611953854554 2.1417106278240667
leaf_count=14 12 42 42 16 140 419 48 25 31 12 18
internal_value=8.33878e-05 -0.000242975 -4.87935e-05 0.00207672 0.000991159 -0.000974107 -0.0051488 -4.27626e-05 0.00491262 0.00129898 -0.00272957
internal_weight=139.813 130.769 128.62 38.6825 35.556 89.9371 16.2087 73.7284 9.04452 5.8781 4.13407
internal_count=819 744 732 198 182 534 90 444 75 44 30
is_linear=0
shrinkage=0.01


Tree=281
num_leaves=13
num_cat=0
split_feature=53 53 27 43 29 4 11 11 49 34 59 38
split_gain=2.23537 2.60572 2.46215 2.77381 3.12761 2.90204 2.32349 2.11823 2.76168 1.98794 1.20683 0.407328
threshold=3.6316900253295903 -8.6035799980163556 -156603647.99999997 976251.28125000012 0.027547429315745834 39638.429687500007 20.989999771118168 75.81000137329103 0.71259701251983654 -1.4033757448196409 125148.25781250001 -0.050841061398386948
decision_type=2 2 2 2 2 2 2 2 2 2 2 2
left_child=1 6 -3 4 -4 -5 9 10 -9 -1 -2 -8
right_child=7 2 3 5 -6 -7 11 8 -10 -11 -12 -13
leaf_value=0.0063305956702438132 0.0023418318566717756 -0.011337066833989608 0.0072935362017242569 0.0043278048170555935 -0.0022335824602731534 -0.0007031777762279885 0.011024479219512225 -0.006479443481610934 0.010807588018280554 -0.0076381187060648968 0.011290481691201252 0.002335342379594495
leaf_weight=1.9996457323431966 2.8854028880596143 2.1392984241247168 3.5896308198571196 19.673398360610008 67.115874543786049 26.849133767187595 3.9645850546658039 2.998351939022541 1.3208414018154142 2.0508459098637086 4.1316053867340088 0.98415490239858616
leaf_count=12 18 12 18 94 410 126 43 17 12 12 37 8
internal_value=8.25637e-05 -0.00028604 -0.000684594 -0.000481667 -0.00173576 0.00140282 0.00488933 0.0043447 -0.000961416 -0.000495164 0.0077533 0.00949854
internal_weight=139.703 128.367 119.367 117.228 70.7055 46.5225 8.99923 11.3362 4.31919 4.05049 7.01701 4.94874
internal_count=819 735 660 648 428 220 75 84 29 24 55 51
is_linear=0
shrinkage=0.01


Tree=282
num_leaves=25
num_cat=0
split_feature=47 47 17 8 22 53 47 41 8 7 28 26 10 10 19 55 41 24 47 0 33 57 28 10
split_gain=2.22749 4.26538 5.11334 3.17621 6.08012 5.10634 3.53816 3.37448 4.18297 3.72568 3.19125 2.98491 3.68498 2.89898 3.75763 5.47251 3.77403 2.49237 5.63241 2.35532 2.28105 2.15722 0.090896 0.00967264
threshold=0.18732974678277972 0.45080380141735082 169397.00000000003 0.75274801254272472 67096.222656250015 -0.48755562305450434 -0.39587238430976862 -1.8503410220146177 0.84344300627708446 1.2873152494430544 186.75000000000003 0.00042499708069954073 -0.00039863500569481397 0.00035899999784305697 14626.390625000002 -0.47001917660236353 -0.42055696249008173 119.50000000000001 -1.3590980172157285 33429.000000000007 0.7912433147430421 99.79480361938478 -162.03124999999997 -1.0000000180025095e-35
decision_type=2 2 2 2 2 2 2 2 2 2 2 2 2 2 2 2 2 2 2 2 2 2 2 2
left_child=3 2 11 4 5 6 -1 9 20 -5 -10 -2 -13 14 16 -16 -3 -6 -19 -7 -9 -15 -4 -11
right_child=1 13 22 7 17 19 -8 8 10 23 -12 12 -14 21 15 -17 -18 18 -20 -21 -22 -23 -24 -25
leaf_value=0.0050468659977040958 -0.0077834080619148625 -0.004927699148793028 0.0095831388599989936 0.0024569423519268654 0.010482423175148858 0 -0.0050917591391100069 0.014941996105655034 -0.0018528447165005364 -0.014829563340996903 0.0065615617540505664 0.010639928943472829 0 -0.010950668808788915 -0.0060255455941262449 0.0030142449431420234 0.0083330002859322936 0.007423801484378531 -0.0085831192706904546 -0.011596650911452235 0.00034750552062190817 0.0008911427029179035 0.015564214191483815 -0.0094011621209285426
leaf_weight=5.3586660549044618 2.4142379909753826 2.6716388538479796 1.4562981612980364 3.1355771571397772 3.1997900530695906 1.993054166436196 9.416661221534012 3.7733331471681621 14.436405144631864 1.714647561311722 6.5093217417597762 5.3397500589489928 8.0105492100119573 4.0646081566810599 12.998010642826555 13.672003600746395 9.4958377666771394 4.8567375317215911 4.0126951262354842 11.799818783998488 1.6949865259230135 2.2379319667816162 3.5483380295336238 1.7398872822523115
leaf_count=33 17 16 11 16 16 10 58 22 79 8 34 28 42 19 82 79 51 27 24 92 12 12 19 12
internal_value=8.20007e-05 0.00142411 0.00517707 -0.00110561 -0.00298423 -0.00551056 -0.00134704 0.0011772 0.002799 -0.00517146 0.000714365 0.0023052 0.00420451 -0.000280492 0.000717205 -0.00135393 0.00533913 0.00291283 6.92282e-05 -0.00989815 0.0106011 -0.00658716 0.0140236 -0.012385
internal_weight=139.551 65.9092 20.7692 73.6416 40.6374 28.5682 14.7753 33.0042 26.414 6.59011 20.9457 15.7645 13.3503 45.14 38.8375 26.67 12.1675 12.0692 8.86943 13.7929 5.46832 6.30254 5.00464 3.45453
internal_count=819 376 117 443 260 193 91 183 147 36 113 87 70 259 228 161 67 67 51 102 34 31 30 20
is_linear=0
shrinkage=0.01


Tree=283
num_leaves=18
num_cat=0
split_feature=53 53 54 27 43 54 47 23 1 36 49 8 21 36 17 21 1
split_gain=2.20464 2.56294 6.99202 5.22829 5.02624 4.12148 4.07644 4.42447 4.0312 2.55504 2.06069 2.13878 2.54484 2.04585 2.7312 0.50583 0.242041
threshold=3.6316900253295903 -0.83471009135246266 -0.90217792987823475 3237888.0000000005 919522.96875000012 -0.42739208042621607 0.71588054299354564 19.500000000000004 3473521.0000000005 -1.4300810098648069 -0.83693188428878773 1.077549993991852 -1069628.4999999998 -0.58665281534194935 169397.00000000003 44535.500000000007 6863401.0000000009
decision_type=2 2 2 2 2 2 2 2 2 2 2 2 2 2 2 2 2
left_child=1 3 13 6 5 -4 7 -1 -6 -8 -2 12 -12 -3 -15 -14 -5
right_child=10 2 4 16 8 -7 9 -9 -10 -11 11 -13 15 14 -16 -17 -18
leaf_value=-9.988128242350968e-06 -0.0060593347737973383 -0.014880868168519461 0.0078389150551770453 -0.012716534641566501 0.014072523672258915 -0.0030579765952791346 0.003065178223011561 0.0064052953353234045 0.0017523544627615231 -0.00738022298611313 -0.0028948128185449259 -0.0061651781400351418 0.011677251146519274 -0.010882110133684862 0.0053038774156315797 0.0023438870020482711 -0.0054383546231387301
leaf_weight=19.356880530714989 1.5518663600087155 4.3769932687282562 3.7427148893475524 2.2703575566411014 3.3438591882586506 41.739419709891081 3.5157830156385899 23.339194025844336 14.298125259578226 6.4462361484765989 1.6333547458052606 1.1636312305927266 5.9835539311170587 2.7489160634577257 1.5854202434420583 0.95159010589122761 1.3346839174628256
leaf_count=100 8 25 21 16 17 260 21 136 66 36 13 6 48 21 9 9 7
internal_value=8.13854e-05 -0.000284567 -0.00154278 0.00130411 -0.000367331 -0.00213929 0.00211749 0.00347341 0.0041442 -0.00359346 0.00432439 0.00608291 0.00786294 -0.00994551 -0.00473086 0.0105408 -0.0102993
internal_weight=139.383 128.099 71.8354 56.2631 63.1241 45.4821 52.6581 42.6961 17.642 9.96202 11.284 9.73213 8.5685 8.71133 4.33434 6.93514 3.60504
internal_count=819 735 419 316 364 281 293 236 83 57 84 76 70 55 30 57 23
is_linear=0
shrinkage=0.01


Tree=284
num_leaves=26
num_cat=0
split_feature=47 47 23 6 25 10 8 22 53 47 41 8 7 28 10 4 4 24 47 0 33 57 34 0 10
split_gain=2.19703 4.1459 3.4928 3.84826 3.69947 3.44538 3.11526 5.96309 4.99836 3.46457 3.28731 4.10282 3.65384 3.11371 2.84234 3.69332 4.36414 2.4513 5.5391 2.32745 2.25884 2.11684 1.32729 0.251969 0.0101901
threshold=0.18732974678277972 0.45080380141735082 31.500000000000004 -51028848639.999992 108034.00000000001 -0.00018049999926006419 0.75274801254272472 67096.222656250015 -0.48755562305450434 -0.39587238430976862 -1.8503410220146177 0.84344300627708446 1.2873152494430544 186.75000000000003 0.00035899999784305697 1603313.8750000002 301079.03125000006 119.50000000000001 -1.3590980172157285 33429.000000000007 0.7912433147430421 99.79480361938478 -0.80008432269096363 143423.00000000003 -1.0000000180025095e-35
decision_type=2 2 2 2 2 2 2 2 2 2 2 2 2 2 2 2 2 2 2 2 2 2 2 2 2
left_child=6 2 3 5 22 -2 7 8 9 -1 12 20 -8 -13 15 16 -3 -9 -19 -10 -12 -16 -4 -17 -14
right_child=1 14 4 -5 -6 -7 10 17 19 -11 11 13 24 -15 21 23 -18 18 -20 -21 -22 -23 -24 -25 -26
leaf_value=0.004979635992362925 0.0045179133248616204 0.00135014437300153 0.0062385053269041037 0.013344856453744796 -0.0026308020543400934 -0.00820133616137903 0.0024228580198545728 0.010406239928135925 0 -0.0050606114658310218 0.014837639548664435 -0.0018359404581653994 -0.01474080324232448 0.006483448353437571 -0.010856240165039345 0.015166926791078379 -0.0082327604470653331 0.0073593904734649742 -0.0085297991682179233 -0.011527040593262792 0.00028143654472270881 0.00088145493310496758 0.01535660714179188 0.0070052712295617138 -0.0093056263725816366
leaf_weight=5.3483828604221353 4.0815414488315573 30.260960359126329 2.9262293949723235 2.0393902584910419 1.9640845730900753 4.3474998474121085 3.1346173584461203 3.1861380264163008 1.9901344552636153 9.4038649760186654 3.7569738700985935 14.421745344996454 1.7054266929626467 6.4943585693836203 4.0483575314283362 1.5049753338098519 5.6333830282092086 4.8487221077084532 4.0041490346193305 11.725645098835228 1.6873959340155122 2.2365747913718224 5.3342643603682509 1.3854571767151354 1.7241165041923521
leaf_count=33 23 178 19 10 13 22 16 16 10 58 22 79 8 34 19 8 29 27 24 92 12 12 30 13 12
internal_value=8.04687e-05 0.00141472 0.00512272 0.000955264 0.00929177 -0.00192374 -0.00110082 -0.00296477 -0.00547207 -0.00135276 0.00116203 0.00276353 -0.00511697 0.000699383 -0.000265561 0.000722184 -0.00012597 0.00288103 5.97605e-05 -0.00982975 0.0105099 -0.00652012 0.0122476 0.0116008 -0.0123
internal_weight=139.194 65.7627 20.693 10.4684 10.2246 8.42904 73.4317 40.507 28.468 14.7522 32.9246 26.3605 6.56416 20.9161 45.0697 38.7848 35.8943 12.039 8.85287 13.7158 5.44437 6.28493 8.26049 2.89043 3.42954
internal_count=819 376 117 55 62 45 443 260 193 91 183 147 36 113 259 228 207 67 51 102 34 31 49 21 20
is_linear=0
shrinkage=0.01


Tree=285
num_leaves=14
num_cat=0
split_feature=53 53 27 43 47 47 11 11 48 34 44 38 38
split_gain=2.17818 2.51846 2.38689 2.6421 3.84988 3.09328 2.30219 2.06086 2.52302 1.95149 1.30531 1.06145 0.406167
threshold=3.6316900253295903 -8.6035799980163556 -156603647.99999997 444340.00000000006 0.18732974678277972 0.8357343077659608 20.989999771118168 75.81000137329103 -0.6996423304080962 -1.4033757448196409 369002.73437500006 1.043329179286957 -0.050841061398386948
decision_type=2 2 2 2 2 2 2 2 2 2 2 2 2
left_child=1 6 -3 4 -4 -5 9 10 -9 -1 -2 -10 -8
right_child=7 2 3 5 -6 -7 12 8 11 -11 -12 -13 -14
leaf_value=0.0062644689992736435 0.0019119284294272199 -0.011216508626545612 -0.0046197471654594079 0.0018262566233327362 0.00047888056736882938 -0.0057041142514807422 0.010998356411915974 -0.010619474148343624 0.010956145968793844 -0.0076244194003028667 0.011281546504908421 -0.001206580915243439 0.0022889215851737022
leaf_weight=1.978644825518131 2.7575992718338949 2.118283048272132 28.47139722853899 52.042359843850136 30.206629365682602 6.0481470823287955 3.9057989120483398 1.6940732076764105 1.4107117429375651 2.0414060913026315 4.1743306964635849 1.1967029646039007 0.97800804674625386
leaf_count=12 17 12 194 247 178 29 43 9 12 12 38 8 8
internal_value=8.00728e-05 -0.000283707 -0.000675278 -0.000475487 -0.001978 0.00102501 0.00483235 0.00430743 -0.000924825 -0.000539639 0.00769847 0.0049904 0.009459
internal_weight=139.024 127.791 118.887 116.769 58.678 58.0905 8.90386 11.2334 4.30149 4.02005 6.93193 2.60741 4.88381
internal_count=819 735 660 648 372 276 75 84 29 24 55 20 51
is_linear=0
shrinkage=0.01


Tree=286
num_leaves=14
num_cat=0
split_feature=40 12 6 46 20 1 22 29 22 48 44 30 8
split_gain=2.16627 2.38484 3.09288 2.84052 2.89511 2.8676 2.47003 3.84859 5.22526 3.24457 3.09498 1.66013 0.0590391
threshold=-3.6876929998397823 185776200.00000003 -57629171711.999992 -0.72517991065978993 2860.897827148438 12621038.500000002 -35589.285156249993 0.060879312455654151 25477.494140625004 -0.7294664978981017 503063.78125000006 0.32916626334190374 0.91925299167633068
decision_type=2 2 2 2 2 2 2 2 2 2 2 2 2
left_child=-1 6 3 4 -3 -5 10 8 -8 -9 11 -2 -4
right_child=1 2 12 5 -6 -7 7 9 -10 -11 -12 -13 -14
leaf_value=0.010897592394018303 -0.011459215129380189 0.0021482527919652627 0.01317515459688014 0.0058783604786927443 -0.012111113972175404 -0.0063391962093488378 0.0094957303504502478 -0.004484680283131399 -0.0022537806330152751 7.114505070382367e-06 0.005537180117553029 0 0.0074984173011772709
leaf_weight=1.8276727646589268 5.4098982103168947 2.7674534544348761 2.2986764051020141 11.080905511975287 2.7372289597988129 2.2503287941217431 8.7305500470101816 20.72075567394495 6.483262985944747 69.855483818799257 1.8082938790321348 1.4942271560430525 1.4131104983389375
leaf_count=9 35 17 13 64 13 14 48 137 36 404 10 8 11
internal_value=7.94504e-05 -5.75215e-05 0.00290708 0.00120337 -0.00476062 0.00374101 -0.000650042 -0.000218715 0.00442303 -0.00100941 -0.00577263 -0.00887967 0.0112834
internal_weight=138.878 137.05 22.5477 18.8359 5.50468 13.3312 114.502 105.79 15.2138 90.5762 8.71242 6.90413 3.71179
internal_count=819 810 132 108 30 78 678 625 84 541 53 43 24
is_linear=0
shrinkage=0.01


Tree=287
num_leaves=14
num_cat=0
split_feature=53 53 27 43 47 56 11 11 48 34 44 38 38
split_gain=2.14344 2.48437 2.35182 2.58104 3.78201 3.04819 2.262 2.02974 2.45173 1.91988 1.29602 1.05398 0.405367
threshold=3.6316900253295903 -8.6035799980163556 -156603647.99999997 444340.00000000006 0.18732974678277972 99.999958038330092 20.989999771118168 75.81000137329103 -0.6996423304080962 -1.4033757448196409 369002.73437500006 1.043329179286957 -0.050841061398386948
decision_type=2 2 2 2 2 2 2 2 2 2 2 2 2
left_child=1 6 -3 4 -4 -5 9 10 -9 -1 -2 -10 -8
right_child=7 2 3 5 -6 -7 12 8 11 -11 -12 -13 -14
leaf_value=0.0062449093285777118 0.0018984849675880669 -0.011163974035419622 -0.0045807267128541856 7.8106637238711709e-05 0.00047649409166807162 0.0067646965432522441 0.010979628875777874 -0.010445673607777491 0.010931264755977221 -0.0075529814694512134 0.011259836078552523 -0.0012174388072356745 0.0022659565553686039
leaf_weight=1.9744094535708425 2.7516908645629865 2.1062094420194617 28.406212478876114 50.093296274542809 30.18292098492384 7.9518368095159522 3.8651767894625664 1.6975960731506345 1.3985418006777766 2.0336786769330484 4.1346421018242836 1.195252791047096 0.97645364701747883
leaf_count=12 17 12 194 238 178 38 43 9 12 12 38 8 8
internal_value=7.89207e-05 -0.000281588 -0.000669935 -0.000471857 -0.00195837 0.00101136 0.00481603 0.00428348 -0.000908762 -0.000506558 0.00766437 0.00494746 0.00942881
internal_weight=138.768 127.59 118.74 116.634 58.5891 58.0451 8.84972 11.1777 4.29139 4.00809 6.88633 2.59379 4.84163
internal_count=819 735 660 648 372 276 75 84 29 24 55 20 51
is_linear=0
shrinkage=0.01


Tree=288
num_leaves=14
num_cat=0
split_feature=40 12 14 14 22 29 22 48 44 45 7 30 28
split_gain=2.12401 2.32881 3.06491 3.19333 2.43624 3.77818 5.11688 3.17509 3.02908 2.26879 2.81792 1.63985 1.62137
threshold=-3.6876929998397823 185776200.00000003 0.3298999965190888 0.34499999880790716 -35589.285156249993 0.060879312455654151 25477.494140625004 -0.7294664978981017 503063.78125000006 -0.76253181695938099 0.7818698287010194 0.32916626334190374 -204.56249999999997
decision_type=2 2 2 2 2 2 2 2 2 2 2 2 2
left_child=-1 4 9 12 8 6 -6 -7 11 -3 -11 -2 -4
right_child=1 2 3 -5 5 7 -8 -9 -10 10 -12 -13 -14
leaf_value=0.010805514487188339 -0.011393208235274297 -0.0012159418715554265 -0.012575066406437055 0.0079661441056486752 0.0094204190205302869 -0.0044407489478342187 -0.0022157846773401438 7.1171711616319299e-06 0.0054639966466662263 -0.0045159038096802776 0.0098745728190337365 0 -0.0013569278815308053
leaf_weight=1.8226155340671528 5.3857410065829736 3.4334875717759141 2.3141851872205734 2.2275456935167313 8.7039504460990411 20.671224553138018 6.4774702563881865 69.790797274559736 1.8019145354628561 1.4834337830543525 9.5763204805552942 1.4941036924719808 3.4373402595520011
leaf_count=9 35 19 11 12 48 137 36 404 10 8 65 8 17
internal_value=7.84565e-05 -5.71549e-05 0.00287767 -0.00200779 -0.000642784 -0.000214465 0.00438972 -0.000998198 -0.00573958 0.00563629 0.00785397 -0.00881928 -0.00604453
internal_weight=138.62 136.798 22.4723 7.97907 114.325 105.643 15.1814 90.462 8.68176 14.4932 11.0598 6.87984 5.75153
internal_count=819 810 132 40 678 625 84 541 53 92 73 43 28
is_linear=0
shrinkage=0.01


Tree=289
num_leaves=27
num_cat=0
split_feature=47 47 20 42 24 8 22 57 23 41 8 51 48 33 42 19 55 22 60 24 47 33 57 37 26 55
split_gain=2.09739 4.02427 3.43467 3.66947 3.09452 3.04244 5.86126 4.35638 4.31748 3.21152 4.0521 3.59281 3.1203 2.8269 2.78696 3.68036 4.73239 3.23663 2.57343 2.39922 5.4557 2.2592 2.08345 1.55421 0.321948 0.170037
threshold=0.18732974678277972 0.45080380141735082 41083.898437500007 -0.00043205000110901887 26.500000000000004 0.75274801254272472 67096.222656250015 19.645591735839847 23.500000000000004 -1.8503410220146177 0.84344300627708446 0.32666498422622686 -1.0744916796684263 -0.68980512022972096 0.00035899999784305697 17005.727539062504 -0.47001917660236353 2631.789916992188 -329065.26562499994 119.50000000000001 -1.3590980172157285 0.7912433147430421 99.79480361938478 1.2401652336120608 0.0021428558975458149 1.9090049266815188
decision_type=2 2 2 2 2 2 2 2 2 2 2 2 2 2 2 2 2 2 2 2 2 2 2 2 2 2
left_child=5 2 3 13 -5 6 7 8 -1 11 21 23 -12 -2 15 17 -17 -3 -9 -8 -21 -11 -16 -7 25 -4
right_child=1 14 24 4 -6 9 19 18 -10 10 12 -13 -14 -15 22 16 -18 -19 -20 20 -22 -23 -24 -25 -26 -27
leaf_value=-0.006631599960807282 0.013504566600887542 0.00153341787653448 0.012457318916077081 -0.006373497650047669 0.0051066259563400818 -0.0054334670496259917 0.010333650899207765 -0.010754850120831919 0.0046509422358747251 0.014816826923637614 0.014057583735058729 -0.014210061429946142 -0.00037774500559320295 0 -0.010794496501953748 -0.0059673370514703806 0.0026178054051253135 0.012402394658193733 0.0016869541205056121 0.0073345102474932887 -0.0084572030747292817 0.00020312080549270533 0.00086668093836368926 0.0070703720859899366 0.01596966218119732 0.004897458271745858
leaf_weight=7.1636957749724406 4.1481832787394524 8.9585418254137021 1.1829629056155675 5.2186859101057053 4.2089604511857033 1.9170324131846421 3.1730308681726447 12.963063005357979 6.3689941018819809 3.7308343052864101 1.6158857420086885 2.5972530841827393 19.213022068142891 2.2967408522963533 4.0292006880044928 12.29246114939451 13.265636179596187 4.1248679980635634 1.7515519037842739 4.8327260240912429 3.9936670213937751 1.6731637790799139 2.2303839400410652 2.0182889029383659 2.2924014925956726 1.2396116331219671
leaf_count=42 22 54 10 28 25 10 16 102 40 22 8 15 105 13 19 77 77 20 9 27 24 12 12 11 9 10
internal_value=7.76577e-05 0.00138373 0.00504721 0.00274016 -0.00114214 -0.00108013 -0.0029291 -0.00542869 -0.00124772 0.00116048 0.00274757 -0.00505975 0.000694123 0.00857435 -0.000273738 0.000705693 -0.00147219 0.00503656 -0.00920588 0.00287176 7.59569e-05 0.0104772 -0.00647969 0.000725207 0.0126016 0.00900178
internal_weight=138.501 65.4886 20.5875 15.8726 9.42765 73.0122 40.2467 28.2473 13.5327 32.7655 26.2329 6.53257 20.8289 6.44492 44.9011 38.6415 25.5581 13.0834 14.7146 11.9994 8.82639 5.404 6.25958 3.93532 4.71498 2.42257
internal_count=819 376 117 88 53 443 260 193 82 183 147 36 113 35 259 228 154 74 111 67 51 34 31 21 29 20
is_linear=0
shrinkage=0.01


Tree=290
num_leaves=18
num_cat=0
split_feature=53 57 56 47 27 47 36 47 49 49 35 55 49 41 33 26 17
split_gain=2.11393 2.44897 5.19186 4.06982 4.49612 4.12422 3.58802 4.30256 3.40769 3.21718 1.98523 1.97209 1.5759 1.55222 0.555249 0.427685 0.380081
threshold=3.6316900253295903 19.645591735839847 46.036859512329109 0.71588054299354564 3237888.0000000005 0.18732974678277972 -2.0444108247756954 0.086161773651838316 0.77554047107696544 -0.64987486600875843 2.5904302597045903 13.470287322998049 -0.72996678948402394 0.66443273425102245 0.47684817016124731 0.0014285714714787903 1367067.5000000002
decision_type=2 2 2 2 2 2 2 2 2 2 2 2 2 2 2 2 2
left_child=1 3 13 4 5 -1 -4 -8 9 -5 11 12 -2 14 -3 -6 -14
right_child=10 2 6 8 15 -7 7 -9 -10 -11 -12 -13 16 -15 -16 -17 -18
leaf_value=0.00080539239325474305 0 -0.013330356546082679 0.012352714199409599 0 -0.0045100927672091611 0.0069417015890432142 -0.004120966859030374 0.0015742782386386916 0.0082015622457617208 -0.010466122612126021 -0.0062091868694378613 -0.0048108750105897245 0.011555548036973404 -0.0012543765521702357 -0.0046703956624738439 -0.013265242140975676 0.0034642868830853653
leaf_weight=28.21428032591939 2.0285712927579853 4.837395101785658 2.0641217380762091 5.5009835250675669 1.6513238549232476 18.366529256105423 24.750873908400536 28.278051063418388 2.0131964534521094 6.5040261745452872 1.4756057411432273 1.3442519679665572 5.1866612657904598 2.1829408928751945 1.3378485888242719 1.5104912817478178 1.0793491825461385
leaf_count=158 12 33 9 33 13 99 154 157 9 38 8 8 45 14 11 7 11
internal_value=7.74241e-05 -0.00028061 -0.00167772 0.00109403 0.00244727 0.00324637 -0.000544216 -0.00106508 -0.00363653 -0.00570503 0.00426533 0.00597262 0.00784079 -0.00902956 -0.0116161 -0.00900896 0.0103214
internal_weight=138.327 127.212 63.4512 63.7608 49.7426 46.5808 55.093 53.0289 14.0182 12.005 11.1144 9.63883 8.29458 8.35818 6.17524 3.16182 6.26601
internal_count=819 735 378 357 277 257 320 311 80 71 84 76 68 58 44 20 56
is_linear=0
shrinkage=0.01


Tree=291
num_leaves=17
num_cat=0
split_feature=12 14 14 46 39 43 29 34 60 51 33 54 24 8 45 60
split_gain=1.98662 3.11165 3.03671 2.34457 2.47274 2.29206 2.34222 3.87847 4.12012 3.3283 2.65005 2.48496 2.11728 1.83461 1.75558 1.09502
threshold=185776200.00000003 0.3298999965190888 0.34499999880790716 -0.76289612054824818 5.2311542034149179 15886671.500000002 0.05927687697112561 -0.80008432269096363 -43937.433593749993 0.09915513172745706 1.3707041740417483 -2.6336226463317867 146.00000000000003 0.95910000801086437 -0.31747950613498682 -2586096.7499999995
decision_type=2 2 2 2 2 2 2 2 2 2 2 2 2 2 2 2
left_child=5 3 14 4 -2 6 7 8 -1 11 -11 -8 -9 15 -3 -5
right_child=1 2 -4 13 -6 -7 9 12 -10 10 -12 -13 -14 -15 -16 -17
leaf_value=0.014827287886062362 -0.010730168136883829 -0.00077893601859630162 0.007900516654686076 0.0023715035457739075 0.0060067377996625591 0.010612511337593786 -0.00054035154788678705 -0.0060054057058630686 -0.0019918400181257023 4.681272379113772e-05 -0.0080698045278427243 -0.0084823376598411378 0.0032018839006603041 -0.00083863215760311347 -0.011867701720224073 0.011561453514908017
leaf_weight=4.1660095900297165 1.5876168087124818 3.5767623260617256 2.2140447199344635 1.9347729310393305 1.938646078109741 1.8328112363815297 6.9895576685667065 4.5726477801799756 2.0903727710247066 76.054871410131454 4.2345109693706027 9.9507781937718374 5.3933665826916695 1.7954580113291729 2.6381685435771924 7.2145679593086287
leaf_count=22 8 18 12 11 12 9 41 25 11 456 32 58 30 11 12 51
internal_value=7.65064e-05 0.00277292 -0.00196975 0.0056045 -0.00124507 -0.000450432 -0.000637967 0.00286118 0.00904787 -0.00123207 -0.000368808 -0.00526452 -0.000922302 0.0079027 -0.0056469 0.00972739
internal_weight=138.185 22.9 8.42898 14.4711 3.52626 115.285 113.452 16.2224 6.25638 97.2297 80.2894 16.9403 9.96601 10.9448 6.21493 9.14934
internal_count=819 135 42 93 20 684 675 88 33 587 488 99 55 73 30 62
is_linear=0
shrinkage=0.01


Tree=292
num_leaves=14
num_cat=0
split_feature=40 12 6 46 18 1 22 21 44 46 51 11 8
split_gain=2.08234 2.23051 2.99794 2.76749 2.82903 2.78525 2.34238 4.24893 2.98782 2.53849 1.62862 0.521846 0.0573272
threshold=-3.6876929998397823 185776200.00000003 -57629171711.999992 -0.72517991065978993 5819.0000000000009 12621038.500000002 -35589.285156249993 222292.00000000003 503063.78125000006 0.93415144085884105 0.32911306619644171 29.375000000000004 0.91925299167633068
decision_type=2 2 2 2 2 2 2 2 2 2 2 2 2
left_child=-1 6 3 4 -3 -5 8 9 10 -8 -2 -9 -4
right_child=1 2 12 5 -6 -7 7 11 -10 -11 -12 -13 -14
leaf_value=0.010722562306342344 -0.011263658491050724 0.0031674605129192834 0.01304577243229134 0.0057863285880619432 -0.011108732243175582 -0.0063160357934392329 -0.0013680865600352117 0.0051054269777176288 0.0054875049469773783 0.0026224817964872671 1.0682888367525152e-06 0.01446709491609355 0.0073628150761271237
leaf_weight=1.8139441087841977 5.3795923925936204 2.3592255711555525 2.2549864798784252 10.962675444781778 3.1041849032044411 2.2270636782050142 82.260612573474646 1.466803073883056 1.7983249053359029 19.657557412981987 1.4543674141168592 1.9505764991044996 1.3894422948360441
leaf_count=9 35 15 13 64 15 14 494 9 10 111 8 11 11
internal_value=7.56866e-05 -5.87043e-05 0.00282564 0.00114493 -0.00476091 0.00366705 -0.000631794 -0.000211517 -0.00564439 -0.00058859 -0.00872003 0.0107415 0.0111535
internal_weight=138.079 136.265 22.2976 18.6531 5.46341 13.1897 113.968 105.336 8.63228 101.918 6.83396 3.41738 3.64443
internal_count=819 810 132 108 30 78 678 625 53 605 43 20 24
is_linear=0
shrinkage=0.01


Tree=293
num_leaves=24
num_cat=0
split_feature=47 47 17 47 58 56 26 44 11 3 11 10 19 56 28 6 26 3 44 46 44 20 44
split_gain=2.02651 3.89233 4.87746 2.9919 6.29542 3.75458 2.86558 3.61959 2.8021 4.46692 3.75283 2.71403 3.57955 4.15456 3.53888 2.31307 4.05976 2.52393 2.26565 3.31154 1.69751 1.48451 0.772204
threshold=0.18732974678277972 0.45080380141735082 169397.00000000003 -0.158437505364418 2009462.8750000002 30.416234970092777 0.00042499708069954073 484194.45312500006 67.295001983642592 972538.50000000012 77.114997863769545 0.00035899999784305697 17005.727539062504 47.036394119262702 549.78125000000011 -59348809727.999992 0.0014285719371400776 -111455.99999999999 1621058.1250000002 -0.74699768424034108 1519185.5000000002 17362.073242187504 2927214.5000000005
decision_type=2 2 2 2 2 2 2 2 2 2 2 2 2 2 2 2 2 2 2 2 2 2 2
left_child=3 2 6 5 15 18 -2 -8 9 -7 -10 12 14 -14 -3 17 -17 -5 19 -1 21 -13 -20
right_child=1 11 -4 4 -6 8 7 -9 10 -11 -12 20 13 -15 -16 16 -18 -19 22 -21 -22 -23 -24
leaf_value=-0.0042332618179767327 -0.0077522006666478844 0.0072062505231029273 0.013734925196982842 -0.013160123656637658 0.011747298102794441 -0.00082104469036889524 0.0088600311405911732 -0.0015235005621221463 0.0070079379744590799 -0.01074074627006346 -0.0047097904507104257 -0.0092448254263151879 -0.0057971254008298443 0.0022692333657443552 -0.0071549024329400747 0.0078046009307361835 -0.0066597080779329963 -0.0034021170442093212 -0.0071667162873422768 0.0097739271091760969 -0.013183700849375818 0.0030543172164981553 0.002166650371632879
leaf_weight=1.993871621787547 2.3958959020674255 11.095112580806015 4.8829534053802481 6.3198837190866497 2.2172952443361273 18.682681448757652 7.1846781149506551 6.0402132049202919 7.3367205113172513 6.1137078851461402 4.2583129778504372 1.6844580471515649 11.885162290185692 13.58786580711603 1.9621558189392079 2.8369446247816086 5.9588837772607803 5.1446863412857065 1.6795359998941415 8.5202712379395944 2.3573837876319885 2.1937509775161743 1.6465619429945944
leaf_count=13 17 64 30 38 11 121 39 31 43 36 25 8 76 78 10 23 27 31 9 55 11 12 11
internal_value=7.53581e-05 0.00136121 0.00497215 -0.00106517 -0.00410048 0.000273157 0.00216895 0.00404194 -0.00139169 -0.00330714 0.00261832 -0.000270334 0.000696838 -0.0014551 0.00497157 -0.00588421 -0.0018808 -0.00886848 0.00472294 0.00702253 -0.00640695 -0.00202983 -0.00224564
internal_weight=137.979 65.2696 20.5037 72.7094 22.4777 50.2317 15.6208 13.2249 36.3914 24.7964 11.595 44.7659 38.5303 25.473 13.0573 20.2604 8.79583 11.4646 13.8402 10.5141 6.23559 3.87821 3.3261
internal_count=819 376 117 443 130 313 87 70 225 157 68 259 228 154 74 119 50 69 88 68 31 20 20
is_linear=0
shrinkage=0.01


Tree=294
num_leaves=12
num_cat=0
split_feature=53 53 7 33 47 11 11 34 44 44 38
split_gain=2.08141 2.40348 2.28252 3.03369 3.39468 2.19462 1.97463 1.88312 1.54973 1.27473 0.400551
threshold=3.6316900253295903 -8.6035799980163556 2.8975827693939213 -1.4635440707206724 0.18732974678277972 20.989999771118168 75.81000137329103 -1.4033757448196409 1768752.0000000002 369002.73437500006 -0.050841061398386948
decision_type=2 2 2 2 2 2 2 2 2 2 2
left_child=1 5 3 -3 -5 7 9 -1 -8 -2 -7
right_child=6 2 -4 4 -6 10 8 -9 -10 -11 -12
leaf_value=0.006231428534310135 0.0018765545917132386 -0.010100075994325459 0.0063174375145915286 -0.0023430360719945099 0.0011651509076673829 0.010940236728479729 0.0046552898239300847 -0.0075026547029966905 -0.0073375296111098266 0.01122376471935165 0.0022190989422040896
leaf_weight=1.9567776620388033 2.7296930998563749 3.5230936259031287 4.4702630937099448 57.04102087020874 53.014676727354527 3.7795615829527378 2.2086418643593788 2.0117085166275483 2.0513710305094719 4.0554563775658607 0.96755087375640858
leaf_count=12 17 19 19 334 288 43 16 12 13 38 8
internal_value=7.43384e-05 -0.000281034 -0.000662623 -0.00094615 -0.000644029 0.00477268 0.00424347 -0.00047868 -0.000885004 0.00761072 0.00937336
internal_weight=137.81 126.765 118.049 113.579 110.056 8.7156 11.0452 3.96849 4.26001 6.78515 4.74711
internal_count=819 735 660 641 622 75 84 24 29 55 51
is_linear=0
shrinkage=0.01


Tree=295
num_leaves=16
num_cat=0
split_feature=53 33 35 6 35 19 19 59 40 49 11 48 44 38 2
split_gain=2.04726 2.39112 4.13882 3.14707 2.32054 2.41614 5.15678 2.87036 2.19756 2.10682 1.94993 2.30731 1.26996 1.04454 0.873727
threshold=3.6316900253295903 1.2672563791275027 1.9188830852508547 -59843590143.999992 1.5186760425567629 3200.4450683593755 4253.6450195312509 331003.48437500006 -1.0000000180025095e-35 0.58998295664787304 75.81000137329103 -0.6996423304080962 369002.73437500006 1.043329179286957 2174637.0000000005
decision_type=2 2 2 2 2 2 2 2 2 2 2 2 2 2 2
left_child=1 4 14 -4 5 7 -7 -1 -6 -10 12 -12 -2 -13 -3
right_child=10 2 3 -5 8 6 -8 -9 9 -11 11 13 -14 -15 -16
leaf_value=-0.0049595438609127624 0.0018590091497700462 -0.0048277724339629144 -0.0053958483216240269 0.014333987595364186 -0.013825160422129555 0.012875863511410986 0.00077183645547333269 0.00084776388760338973 -0.0070380947664327688 0.0090395707741837833 -0.010118704780430121 0.010885883978751367 0.011205971231120928 -0.0012796581856065617 -0.015064386768275644
leaf_weight=15.782593160867689 2.727910138666628 1.6210059039294709 1.8339070565998556 1.3975669443607328 2.2644585445523262 3.7117788642644873 75.640041384845972 17.963077805936337 2.1884065754711624 1.2799730300903318 1.6958779245615003 1.3742510303854945 4.0214473865926266 1.1893555447459219 3.0229319930076599
leaf_count=96 17 15 15 6 17 19 442 86 17 7 9 12 38 8 15
internal_value=7.38909e-05 -0.000278105 -0.00561586 0.00282757 6.72368e-05 0.000390177 0.00135062 -0.00183864 -0.0061293 -0.000816464 0.004216 -0.000873843 0.00757634 0.00485175 -0.0117065
internal_weight=137.715 126.706 7.87541 3.23147 118.83 113.097 79.3518 33.7457 5.73284 3.46838 11.0088 4.25948 6.74936 2.56361 4.64394
internal_count=819 735 51 21 684 643 461 182 41 24 84 29 55 20 30
is_linear=0
shrinkage=0.01


Tree=296
num_leaves=14
num_cat=0
split_feature=40 12 6 46 18 1 24 10 7 12 47 37 53
split_gain=2.03756 2.16508 2.9441 2.73693 2.76733 2.72931 2.04065 3.72772 3.27456 3.03626 2.20754 2.02648 0.0786777
threshold=-3.6876929998397823 185776200.00000003 -57629171711.999992 -0.72517991065978993 5819.0000000000009 12621038.500000002 12.500000000000002 -0.00035547000879887486 2.8975827693939213 161004072.00000003 0.25629769265651708 -0.82032471895217884 2.6419301033020024
decision_type=2 2 2 2 2 2 2 2 2 2 2 2 2
left_child=-1 6 3 4 -3 -5 7 10 9 -8 -2 -9 -4
right_child=1 2 12 5 -6 -7 8 11 -10 -11 -12 -13 -14
leaf_value=0.010627145087225485 -0.0059608652643165141 0.00310825155441202 0.012945893823958807 0.0057416558250249442 -0.011032981663394907 -0.0062677865966049807 0 -0.012226725632767646 0.010871425768024863 -0.0080406557678464972 0.0076382828966059281 -0.0022555616286843972 0.0069330382019578774
leaf_weight=1.8063790760934342 1.8238914124667633 2.346290417015557 2.3275338523089881 10.918407157063482 3.0992206037044525 2.2149096727371225 91.9758644066751 5.1560972034931174 2.6361636295914641 4.96122858300805 3.2267717383801937 3.8364421203732482 1.2749211117625234
leaf_count=9 12 15 15 64 15 14 556 29 12 28 19 22 9
internal_value=7.31445e-05 -5.98808e-05 0.00278962 0.00112528 -0.00475635 0.00364014 -0.00062499 -0.00419566 -0.000111362 -0.00042035 0.00252938 -0.00808398 0.0110955
internal_weight=137.604 135.798 22.1813 18.5788 5.44551 13.1333 113.616 14.0432 99.5733 96.9371 5.05066 8.99254 3.60245
internal_count=819 810 132 108 30 78 678 82 596 584 31 51 24
is_linear=0
shrinkage=0.01


Tree=297
num_leaves=12
num_cat=0
split_feature=53 27 59 10 53 33 11 11 34 29 38
split_gain=2.03724 2.46788 2.3633 3.3501 2.19512 2.54483 2.30275 2.16364 1.84611 0.736631 0.395523
threshold=-8.6035799980163556 -156603647.99999997 1727771.5625000002 0.0018494999967515471 3.6316900253295903 1.2672563791275027 75.81000137329103 20.989999771118168 -1.4033757448196409 0.079513318836689009 -0.050841061398386948
decision_type=2 2 2 2 2 2 2 2 2 2 2
left_child=7 -2 4 9 5 -3 -6 8 -1 -4 -9
right_child=1 2 3 -5 6 -7 -8 10 -10 -11 -12
leaf_value=0.0062001547510744607 -0.011060177175174267 -0.0003798255164675517 0.0056672550464827729 -0.0032846411290414772 0.0075445366010285014 -0.0065027296247967548 -0.0019301090049133375 0.010929126813946642 -0.0074193028248417453 0.015688867771872374 0.0022309672632888364
leaf_weight=1.9535166323184969 2.0733665972948065 102.59319920092821 1.6912705898284905 2.3068652451038361 6.7087637744843942 7.3174464963376513 3.9245421960949898 3.7473815828561783 2.0036025084555131 2.2332319021224976 0.96502745896577824
leaf_count=12 12 573 9 10 55 48 26 43 12 11 8
internal_value=7.2404e-05 -0.000235924 -5.10088e-05 0.00594485 -0.000369253 -0.000796564 0.00395359 0.00477019 -0.000443057 0.0116248 0.00936009
internal_weight=137.518 128.849 126.775 6.23137 120.544 109.911 10.6333 8.66953 3.95712 3.9245 4.71241
internal_count=819 744 732 30 702 621 81 75 24 20 51
is_linear=0
shrinkage=0.01


Tree=298
num_leaves=14
num_cat=0
split_feature=40 12 6 46 18 1 22 21 44 46 30 11 24
split_gain=1.99762 2.11489 2.90152 2.6953 2.7094 2.6862 2.29836 4.1567 2.91218 2.48448 1.61714 0.51266 0.0362571
threshold=-3.6876929998397823 185776200.00000003 -57629171711.999992 -0.72517991065978993 5819.0000000000009 12621038.500000002 -35589.285156249993 222292.00000000003 503063.78125000006 0.93415144085884105 0.32916626334190374 29.375000000000004 224.00000000000003
decision_type=2 2 2 2 2 2 2 2 2 2 2 2 2
left_child=-1 6 3 4 -3 -5 8 9 10 -8 -2 -9 -4
right_child=1 2 12 5 -6 -7 7 11 -10 -11 -12 -13 -14
leaf_value=0.010540180753953982 -0.011216836171816314 0.0030621375569228042 0.01282952363119743 0.0056980180971996962 -0.010941677299343786 -0.006223964217498228 -0.0013480706708648984 0.0050668273346394475 0.0054199101892329002 0.0026067066447815093 0 0.014380151053925845 0.0073241958066333924
leaf_weight=1.8000864349305619 5.3202657327055913 2.3388540223240897 2.2322571612894531 10.89145941287279 3.0963043719530106 2.2120005935430536 81.91438066214323 1.4644321724772447 1.7883497178554533 19.592774040997028 1.4807265624403951 1.9345535188913343 1.3440191149711607
leaf_count=9 35 15 15 64 15 14 494 9 10 111 8 11 9
internal_value=7.1685e-05 -5.98994e-05 0.00276095 0.00110987 -0.00473158 0.00360915 -0.00061836 -0.000201271 -0.00559606 -0.000574873 -0.0086398 0.0106618 0.0110402
internal_weight=137.41 135.61 22.1149 18.5386 5.43516 13.1035 113.495 104.906 8.58934 101.507 6.80099 3.39899 3.57628
internal_count=819 810 132 108 30 78 678 625 53 605 43 20 24
is_linear=0
shrinkage=0.01


Tree=299
num_leaves=12
num_cat=0
split_feature=53 27 20 43 59 10 39 11 34 53 2
split_gain=2.0144 2.42637 2.32641 2.84977 2.48367 2.7904 2.36942 2.12848 1.81604 1.21755 0.368971
threshold=-8.6035799980163556 -156603647.99999997 352.60839843750006 2167099.1250000005 1727771.5625000002 0.0018494999967515471 6.1662633419036874 20.989999771118168 -1.4033757448196409 -0.24065782129764554 57786424.000000007
decision_type=2 2 2 2 2 2 2 2 2 2 2
left_child=7 -2 3 9 6 -6 -4 8 -1 -3 -9
right_child=1 2 4 -5 5 -7 -8 10 -10 -11 -12
leaf_value=0.0061804139871778734 -0.010995724539309717 -0.015991726381688262 -0.00066818347110593685 0.0040650734369008347 0.011546373122858096 -0.0023649641933494773 0.0035112206725879348 0.010862161804361465 -0.0073447005833829852 -0.0035066637390146487 0.0023222103129803976
leaf_weight=1.9503344595432284 2.0626875013113013 2.294380396604538 99.396682720631361 1.6683065295219419 3.9080401659011832 2.1188948899507523 15.694142848253248 3.7206681743264198 1.9977863840758781 1.5455514900386327 0.9534451626241206
leaf_count=12 12 14 581 8 20 9 89 43 12 11 8
internal_value=7.13891e-05 -0.000234728 -5.15383e-05 -0.00641386 0.000229553 0.00648963 -8.95781e-05 0.00475623 -0.000410136 -0.011227 0.00933409
internal_weight=137.311 128.689 126.626 5.50824 121.118 6.02694 115.091 8.62223 3.94812 3.83993 4.67411
internal_count=819 744 732 33 699 29 670 75 24 25 51
is_linear=0
shrinkage=0.01


end of trees

feature_importances:
RSI=249
z_btc_4=217
z_delta_qty=213
atr=205
pull_ema8=202
Bid_Qty=187
z_ask_qty=162
Buy_Qty=161
Sell_Qty=159
Candle_Delta=131
vol_regime=127
liq_long_5=126
macro_score=116
pull_ema50=115
btc_CVD=114
z_cvd_4=113
Bid_Trades=112
pull_ema21=111
z_cvd_10=109
z_ls=105
Bid_USD=104
z_ask_trades=102
liq_short_5_mean=102
liq_long_5_mean=100
btc_cvd_mom=99
Whale_Ind=98
z_bid_qty=97
Ask_Trades=95
Agg._Liq_Long=93
Long/Short_Ratio_(Account)=91
z_cvd_20=89
Delta_USD=88
Net_Shorts=81
cvd_delta=79
z_btc_20=79
z_oi=79
CVD=77
rsi=75
stoch_k=71
Delta_Qty=70
ema_fast=69
z_btc_10=68
liq_short_5=66
Agg._Funding_Rate=65
Candle=56
Price_Low=56
ema_slow=54
Ask_Qty=44
Ask_USD=42
z_bid_trades=42
ema_8=41
total_qty=30
ema_50=29
ema_21=27
Agg._Liq_Short=21
funding=20
Net_Longs=19
Agg._OI=11
macro=8
Price_High=5
Mid_Price=5

parameters:
[boosting: gbdt]
[objective: binary]
[metric: binary_logloss]
[tree_learner: serial]
[device_type: cpu]
[data_sample_strategy: bagging]
[data: ]
[valid: ]
[num_iterations: 300]
[learning_rate: 0.01]
[num_leaves: 31]
[num_threads: 1]
[seed: 42]
[deterministic: 0]
[force_col_wise: 0]
[force_row_wise: 0]
[histogram_pool_size: -1]
[max_depth: 5]
[min_data_in_leaf: 10]
[min_sum_hessian_in_leaf: 0.001]
[bagging_fraction: 0.8]
[pos_bagging_fraction: 1]
[neg_bagging_fraction: 1]
[bagging_freq: 0]
[bagging_seed: 400]
[bagging_by_query: 0]
[feature_fraction: 0.8]
[feature_fraction_bynode: 1]
[feature_fraction_seed: 30056]
[extra_trees: 0]
[extra_seed: 12879]
[early_stopping_round: 0]
[early_stopping_min_delta: 0]
[first_metric_only: 0]
[max_delta_step: 0]
[lambda_l1: 0.1]
[lambda_l2: 0]
[linear_lambda: 0]
[min_gain_to_split: 0]
[drop_rate: 0.1]
[max_drop: 50]
[skip_drop: 0.5]
[xgboost_dart_mode: 0]
[uniform_drop: 0]
[drop_seed: 17869]
[top_rate: 0.2]
[other_rate: 0.1]
[min_data_per_group: 100]
[max_cat_threshold: 32]
[cat_l2: 10]
[cat_smooth: 10]
[max_cat_to_onehot: 4]
[top_k: 20]
[monotone_constraints: ]
[monotone_constraints_method: basic]
[monotone_penalty: 0]
[feature_contri: ]
[forcedsplits_filename: ]
[refit_decay_rate: 0.9]
[cegb_tradeoff: 1]
[cegb_penalty_split: 0]
[cegb_penalty_feature_lazy: ]
[cegb_penalty_feature_coupled: ]
[path_smooth: 0]
[interaction_constraints: ]
[verbosity: -1]
[saved_feature_importance_type: 0]
[use_quantized_grad: 0]
[num_grad_quant_bins: 4]
[quant_train_renew_leaf: 0]
[stochastic_rounding: 1]
[linear_tree: 0]
[max_bin: 63]
[max_bin_by_feature: ]
[min_data_in_bin: 3]
[bin_construct_sample_cnt: 200000]
[data_random_seed: 175]
[is_enable_sparse: 1]
[enable_bundle: 1]
[use_missing: 1]
[zero_as_missing: 0]
[feature_pre_filter: 1]
[pre_partition: 0]
[two_round: 0]
[header: 0]
[label_column: ]
[weight_column: ]
[group_column: ]
[ignore_column: ]
[categorical_feature: ]
[forcedbins_filename: ]
[precise_float_parser: 0]
[parser_config_file: ]
[objective_seed: 16083]
[num_class: 1]
[is_unbalance: 0]
[scale_pos_weight: 1.1]
[sigmoid: 1]
[boost_from_average: 1]
[reg_sqrt: 0]
[alpha: 0.9]
[fair_c: 1]
[poisson_max_delta_step: 0.7]
[tweedie_variance_power: 1.5]
[lambdarank_truncation_level: 30]
[lambdarank_norm: 1]
[label_gain: ]
[lambdarank_position_bias_regularization: 0]
[eval_at: ]
[multi_error_top_k: 1]
[auc_mu_weights: ]
[num_machines: 1]
[local_listen_port: 12400]
[time_out: 120]
[machine_list_filename: ]
[machines: ]
[gpu_platform_id: -1]
[gpu_device_id: -1]
[gpu_use_dp: 0]
[num_gpu: 1]

end of parameters

pandas_categorical:[]
