tree
version=v4
num_class=1
num_tree_per_iteration=1
label_index=0
max_feature_idx=30
objective=binary sigmoid:1
feature_names=z_cvd_4 z_btc_4 z_btc_10 z_cvd_20 z_btc_20 btc_cvd_mom z_oi z_ls liq_long_5 abs_ratio_long abs_ratio_short absorption_flag_long absorption_flag_short whale_z oi_diff_std_3 poc_stability depth_imbalance_z avg_trade_size_bid_z avg_trade_size_ask_z poc_offset_atr poc_location cvd_divergence trade_velocity trade_accel delta_intensity delta_intensity_roc funding_accel oi_velocity liq_velocity_long liq_velocity_short regime_score
feature_infos=[-1.4999969013689383:1.4999971615160232] [-1.4999501420626358:1.4999982495723614] [-2.8365857238965089:2.8409553016615878] [-4.1730536329769272:4.0851682036991344] [-4.191307659440513:4.1665923684990105] [-9351.0019999998622:5735.8919999999925] [-5.4753996171224086:6.732226949063679] [-5.479604469118315:4.8249575760677947] [0:100000000] [0:685.7021479885608] [0:2698.9785493660224] [0:1] [0:1] [-4.2857508741365313:4.2844109556983403] [0:86646194.972978592] [0:138.37468371511267] [-2.8989438873721758:3.1090322451946752] [-1.3798260902617399:2.9265520236445193] [-2.3053379006035621:6.9571906003623436] [-14:14] [-10.500000000001249:1] [-5.5184776753563645:7.5029344529281845] [-7970:7601] [-15571:10006] [-1:1] [-1.9735651692357132:2] [-0.0041180000000000001:0.0033189999999999999] [-0.099594424969560613:0.14390990856928632] [-100000000:100000000] [-65474643.619999997:66348227.299999997] [-7.5710324891677256:6.2078503492134631]
tree_sizes=3298 3380 3371 3379 3393 3389 3415 3407 3399 3405 3411 3430 3427 3414 3424 3434 3426 3415 3430 3458 3420 3429 3433 3412 3400 3441 3431 3441 3444 3420 3455 3409 3412 3421 3442 3434 3407 3418 3422 3406 3420 3451 3409 3408 3456 3398 3443 3423 3423 3440 3465 3416 3437 3420 3423 3416 3432 3417 3441 3422 3415 3438 3403 3460 3415 3453 3450 3402 3428 3420 3432 3460 3424 3382 3464 3423 3444 3433 3428 3404 3430 3400 3433 3413 3419 3435 3418 3418 3418 3418 3448 3399 3445 3441 3428 3443 3425 3421 3417 3414 3434 3454 3412 3428 3441 3427 3441 3421 3422 3416 3414 3424 3412 3439 3403 3421 3438 3400 3428 3426

Tree=0
num_leaves=31
num_cat=0
split_feature=15 14 0 19 2 19 19 6 21 7 7 6 8 6 3 15 30 6 27 4 7 6 21 15 28 2 7 6 6 21
split_gain=2091.03 335.895 313.149 288.944 192.198 164.928 116.398 82.7173 64.6808 47.884 48.6109 46.9185 40.3053 41.8168 100.164 34.4368 33.3774 32.4 31.8011 31.0152 30.0804 30.6951 43.5791 29.9461 30.5251 28.589 27.6883 50.4223 30.1196 25.3505
threshold=1.4241858663474487 1.0000000180025095e-35 0.099083846916743504 -2.566666666666666 -0.53775564727415148 -1.3161971830985943 0.58147558386409293 0.9280422136948504 3.194197674269303 -0.55182279515005239 -0.96580532364902238 -3.3228509780370072 16516375.730000045 1.5355850625661278 -1.4275684876724186 0.23862082052968747 -1.7941163651005501 -0.65439587141605793 -0.037221646951285263 -0.35746080404947506 2.0602885297286018 -1.9191453322276619 4.7930046553859631 3.6147844564602587 822897.47499999998 1.2077171180650568 -2.3739516572252248 -1.9484752231530018 2.1039586817291727 3.3686531679346454
decision_type=2 2 2 2 2 2 2 2 2 2 2 2 2 2 2 2 2 2 2 2 2 2 2 2 2 2 2 2 2 2
left_child=1 9 6 -3 17 -6 7 16 11 10 -1 -5 13 -9 -15 -11 -2 -4 -13 -17 26 -22 -23 24 -7 29 27 -10 -29 -18
right_child=2 3 4 8 5 23 -8 12 20 15 -12 18 -14 14 -16 19 25 -19 -20 -21 21 22 -24 -25 -26 -27 -28 28 -30 -31
leaf_value=-2.3903450453432953 -2.1853653366640886 -1.9493430278724049 -1.917314948391279 -2.2642036861560908 -1.8739538561706803 -2.4220669847838643 -2.5171719553956473 -2.4691833948352979 -2.1425673755112866 -2.2141181464788184 -2.0295079842068211 -2.3012234328740746 -1.9927255435575426 -1.9330826182896796 -2.388374086605995 -2.350385881902143 -1.947637390503588 -2.1932491716132887 -2.5229076333184395 -2.4369072920231356 -2.5480217443273006 -2.4334763396842116 -2.1801094466979545 -2.5241044922342213 -2.206388896528622 -2.1818048950741264 -2.501654903233236 -2.5271527694617704 -2.2642036861560908 -2.072303976369875
leaf_weight=1.9026273787021639 3.1710456311702755 2.2549657821655265 2.5368365049362183 1.7616920173168171 1.4093536138534606 11.90903803706169 1.6207566559314717 1.9026273787021617 1.4798212945461271 2.3959011435508719 1.8321596980094899 1.6207566559314717 1.6207566559314726 2.1140304207801814 2.8187072277069096 15.432422071695326 11.9090380370617 1.8321596980094934 874.01064363121986 31.49905326962471 4.862269967794421 15.71429279446602 1.9026273787021626 6.271623581647872 1.9026273787021626 2.1844981014728537 188.71244889497757 4.7918022871017447 1.4093536138534544 6.2011559009551993
leaf_count=27 45 32 36 25 20 169 23 27 21 34 26 23 23 30 40 219 169 26 12403 447 69 223 27 89 27 31 2678 68 20 88
internal_value=-2.49389 -2.50881 -2.20461 -2.51475 -2.33535 -2.39681 -2.10381 -2.08282 -2.51591 -2.38595 -2.21333 -2.52198 -2.2169 -2.27006 -2.19325 -2.39902 -2.03451 -2.03303 -2.5225 -2.40846 -2.4916 -2.43681 -2.40611 -2.4335 -2.39236 -2.01094 -2.49787 -2.40481 -2.46739 -1.99032
internal_weight=1210.99 1151.58 59.4043 1098.52 25.8616 21.4926 33.5426 31.9219 1096.27 53.0622 3.73479 877.393 8.45612 6.83537 4.93274 49.3274 23.4657 4.369 875.631 46.9315 218.873 22.4792 17.6169 20.0833 13.8117 20.2947 196.393 7.68098 6.20116 18.1102
internal_count=17185 16342 843 15589 367 305 476 453 15557 753 53 12451 120 97 70 700 333 62 12426 666 3106 319 250 285 196 288 2787 109 88 257
is_linear=0
shrinkage=1


Tree=1
num_leaves=31
num_cat=0
split_feature=15 14 19 0 19 2 21 19 6 14 27 21 27 7 5 7 6 21 27 7 6 21 26 5 24 30 16 7 6 7
split_gain=1458.89 283.513 171.411 135.849 68.0386 63.5377 60.6803 53.9353 36.522 31.1216 28.3414 35.4238 44.3808 27.1792 28.2073 25.6525 25.5933 25.9752 25.5635 22.8926 30.1947 23.7408 21.9669 20.9172 31.0269 24.4455 35.0773 20.4811 19.6469 29.3859
threshold=1.4241858663474487 1.0000000180025095e-35 -2.566666666666666 0.56233200835405872 -0.69074602527521189 -0.53775564727415148 3.194197674269303 0.075949615444999216 -3.3228509780370072 27170539.203142755 -0.0040552319463959532 1.2940233634591234 -0.00035133175169477221 -0.55182279515005239 176.62649999978024 2.0602885297286018 -1.9191453322276619 4.7930046553859631 -0.037221646951285263 -2.3739516572252248 -1.9484752231530018 3.7916460216486101 0.00061276500000000003 5.7460000002756724 0.051932241597451932 -0.75459316696842171 0.11979038673322465 -0.96580532364902238 0.9280422136948504 -0.15125647159544439
decision_type=2 2 2 2 2 2 2 2 2 2 2 2 2 2 2 2 2 2 2 2 2 2 2 2 2 2 2 2 2 2
left_child=1 13 -3 7 -5 -6 8 9 -4 10 -2 12 -12 27 23 19 -17 -18 -10 20 -8 -22 -20 -15 -25 -26 -27 -1 -13 -30
right_child=3 2 6 4 5 -7 15 -9 18 -11 11 28 -14 14 -16 16 17 -19 22 -21 21 -23 -24 24 25 26 -28 -29 29 -31
leaf_value=0.089962970357870792 0.3265550872774487 0.32959075246419656 0.17935178050310419 0.3620681017130129 0.2598621916875849 0.036590149086864636 0.24809348688831745 0.013252952816132053 0.15519368778896087 0.1037958381732578 0.33175327599312304 0.29995775445665768 0.049290006124027647 0.081030042197637694 0.025006351953346363 -0.053911812173671941 0.054470404116877813 0.22850455960261981 -0.02896424497380707 -0.0074244108175187916 -0.054208091935807091 0.14312226405807479 0.064562174866830191 0.040548840609624125 0.066653605768844368 0.18886673476623114 0.45306966967451601 0.29937823519700607 0.064441270604492035 0.28129749628345374
leaf_weight=2.0755087584257126 17.105545178055763 3.4909958839416495 2.1317651495337477 2.3832033276557949 3.9501639008522096 16.480460666120049 1.9739365652203558 2.2123988121747962 1.9029449746012677 2.8158323317766181 2.0592364296317101 18.374126464128498 4.2829816862940815 26.539438553154469 15.09955935180187 4.6433287784457233 16.535459086298946 2.4634354412555686 846.40695109218359 187.47434675693512 3.833346024155615 2.5303339213132858 6.3251920640468589 3.6836627870798102 2.0625736936926833 4.312429465353488 1.7727224528789518 2.6689273566007605 2.5046830698847771 4.1515746265649787
leaf_count=27 174 32 25 21 39 222 21 30 23 30 20 183 48 344 201 69 223 27 12311 2678 54 34 92 49 27 56 23 26 30 46
internal_value=-0.000214369 -0.0144079 -0.020203 0.21141 0.10925 0.0797587 -0.0213377 0.254969 -0.0273464 0.265394 0.274781 0.246551 0.141002 0.0930743 0.0828976 0.00212095 0.0513179 0.077036 -0.027862 -0.00381906 0.0772486 0.0242546 -0.0282705 0.105679 0.160969 0.215412 0.265834 0.207767 0.273296 0.199697
internal_weight=1214.25 1137.93 1079.71 76.3202 22.8138 20.4306 1076.22 53.5064 856.767 51.294 48.4781 31.3726 6.34222 58.2148 53.4704 219.454 23.6422 18.9989 854.635 195.812 8.33762 6.36368 852.732 38.3708 11.8314 8.14773 6.08515 4.74444 25.0304 6.65626
internal_count=17185 16342 15589 843 282 261 15557 561 12451 531 501 327 68 753 700 3106 319 250 12426 2787 109 88 12403 499 155 106 79 53 259 76
is_linear=0
shrinkage=0.05


Tree=2
num_leaves=31
num_cat=0
split_feature=15 14 19 0 2 21 19 6 15 7 8 15 6 8 27 10 13 4 2 8 6 13 1 4 30 4 7 5 2 26
split_gain=1121.9 242.551 124.985 81.3011 59.4037 56.9221 48.4395 29.779 23.1707 22.0873 22.0127 21.7717 21.7247 21.2241 32.08 23.4477 32.2157 20.6913 25.6451 24.963 21.4213 50.8018 20.6678 20.3859 21.0667 39.6172 20.1703 20.0011 26.4816 19.681
threshold=1.4241858663474487 1.0000000180025095e-35 -2.566666666666666 0.099083846916743504 -0.53775564727415148 3.194197674269303 -1.3161971830985943 -3.3228509780370072 5.7154760664940722 2.0602885297286018 77167773.075000063 0.23862082052968747 -1.9191453322276619 2277435.9850000413 0.010238482802841011 0.60892141640319419 -0.12313451261354623 -0.27958440519492017 1.071537183983416 1520699.1200000339 2.2287355322763074 0.54835447935692572 -0.52841024812244741 -0.40441202101230761 1.4110622844180953 -0.58134257533908651 -2.4263369770524377 314.82499999995349 1.0454475932771257 0.00061276500000000003
decision_type=2 2 2 2 2 2 2 2 2 2 2 2 2 2 2 2 2 2 2 2 2 2 2 2 2 2 2 2 2 2
left_child=1 11 -3 -2 -5 7 -6 -4 27 17 29 -1 -11 14 -14 -15 -17 18 26 -20 -19 -22 -18 24 25 -13 -7 28 -8 -9
right_child=3 2 5 4 6 9 8 10 -10 12 -12 23 13 15 -16 16 22 20 19 -21 21 -23 -24 -25 -26 -27 -28 -29 -30 -31
leaf_value=0.19881982568013851 0.2065734740637678 0.24595297141476827 0.14713823454480704 0.22871734225697718 0.26226651671296874 0.099243324210287531 0.066890760069768032 -0.028180169539671784 -0.04496555034731551 -0.053706502426700879 0.15394087348392149 0.10807954092471278 -0.02512062030112094 -0.013026367839821269 0.18630119314656315 0.059058896744022232 0.13467752255933704 -0.031316504958078743 0.014384984322194865 0.311725520668657 -0.054090362129849107 0.27143637213012228 0.37400975671765391 0.053508732834826961 -0.005472650140011949 0.33774604495709137 0.001044431863090757 0.015291652516431132 0.24660202722767935 0.05798507347017702
leaf_weight=3.7199335545301428 56.239270195364952 4.4139232635498038 2.458760328590869 7.8230633884668341 2.9395753294229534 5.4863318353891364 6.554913550615316 826.2216839492321 5.3005500286817542 4.4333286434412029 1.6752089709043492 14.365849718451503 8.3983436524868029 2.3905811160802823 2.2816726490855208 3.4946450144052505 1.5832841619849207 70.289453789591789 1.4608746618032449 1.3658217862248418 3.0033289939165106 1.9944270104169843 2.0965167507529259 39.641043826937675 3.0223601087927809 2.1600411683321008 111.59084561467171 7.839762680232524 2.9826605841517448 6.6806873977184287
leaf_count=37 476 32 25 62 20 64 79 12313 72 69 21 164 105 30 29 41 20 1009 21 19 43 27 25 492 36 24 1604 98 36 92
internal_value=-0.00032672 -0.0139028 -0.0195571 0.169863 0.108125 -0.0206659 0.0712985 -0.026613 0.0465446 0.00197437 -0.0271249 0.0814888 0.0465431 0.0684961 0.0200474 0.122592 0.167782 -0.00366054 0.00923913 0.158056 -0.0242048 0.0758158 0.271034 0.0741148 0.115901 0.138098 0.00564611 0.0744577 0.123091 -0.027489
internal_weight=1213.91 1124.23 1061.32 89.6798 33.4405 1056.91 25.6175 837.036 22.6779 219.869 834.578 62.9092 24.6784 20.245 10.68 9.56503 7.17445 195.191 119.904 2.8267 75.2872 4.99776 3.6798 59.1893 19.5483 16.5259 117.077 17.3773 9.53757 832.902
internal_count=17185 16342 15589 843 367 15557 305 12451 285 3106 12426 753 319 250 134 116 86 2787 1708 40 1079 70 45 716 224 188 1668 213 115 12405
is_linear=0
shrinkage=0.05


Tree=3
num_leaves=31
num_cat=0
split_feature=15 14 19 0 21 19 19 8 6 10 15 15 27 7 3 21 18 18 6 8 25 27 7 4 2 6 0 13 6 6
split_gain=903.751 194.255 85.6468 57.8955 55.1453 31.7812 29.4979 27.9825 25.6554 34.0472 24.0365 44.4395 23.1899 36.7541 27.1067 26.8469 29.5471 22.7431 22.8325 56.0413 21.2879 20.4327 33.1946 36.1015 23.7702 21.8736 20.1454 20.1328 19.5608 18.9414
threshold=1.0954451150103328 1.0000000180025095e-35 -2.566666666666666 0.56233200835405872 3.194197674269303 -2.566666666666666 0.45061438259582259 8455304.4950000513 -1.0930459275359043 8.612678955765622 1.4241858663474487 1.1443463222906674 -0.0068932770208558472 -0.6652703057949686 1.4887961520745632 2.7297563715843522 -0.28224353616861458 -0.6726599176766046 -1.9793463875146986 3202544.3450000375 0.37122338538493882 0.0036671748811117903 -0.7326721075045991 -0.11882904308067931 -0.48911943035318378 -3.0604048246937396 -0.76247816766933463 0.51073697865580558 -1.3305347264617018 1.8798744367301066
decision_type=2 2 2 2 2 2 2 2 2 2 2 2 2 2 2 2 2 2 2 2 2 2 2 2 2 2 2 2 2 2
left_child=1 -1 -3 6 8 -5 10 -7 9 21 11 -2 28 14 17 -15 -17 -14 -19 -20 -6 25 23 24 -23 -4 -12 -9 -11 -28
right_child=3 2 4 5 20 7 -8 27 -10 12 26 -13 13 15 -16 16 -18 18 19 -21 -22 22 -24 -25 -26 -27 29 -29 -30 -31
leaf_value=0.070376194163277547 0.23150988480750209 0.19403830631149566 0.11559821886213868 0.21592671067837063 0.00059386068143594856 0.032666519393667534 -0.014418070074012055 0.060153251233049709 -0.031760474948764689 -0.031025226703979166 0.19503673459365217 -0.013574507918332255 0.012109825865483641 -0.022956782857921201 -0.053788506396424185 0.29623139174715701 0.00076004915841965158 0.10475925491870464 0.1432901459307534 0.55482027337021311 0.19705306930179134 0.11101355116461797 -0.02099244232050582 -0.00050852190099532171 0.39409172151991884 -0.02985202599190977 0.15393877183269564 0.25598144689780955 0.1143708920863845 0.023819511593918312
leaf_weight=63.840317510068417 2.9596875309944144 4.6748000532388678 2.6300329267978659 3.5727793127298382 216.98822599649429 22.073512308299545 2.4649764373898497 2.5473915934562674 598.92659549415112 17.277252987027172 38.370069764554501 4.9313611127436161 1.5166264027357099 11.348256334662436 1.4403943121433256 1.5713392496109011 1.8332291245460499 2.2051676288247104 2.0296465307474163 1.3964410871267317 1.3877031430602063 1.5166264027357104 10.672012403607367 2.8153161555528667 1.4511539340019224 150.35991390049458 30.589204736053944 2.7074127495288849 2.6708458214998236 3.0783045068383208
leaf_count=716 38 29 32 21 3061 263 30 26 9130 251 277 71 23 173 22 24 28 33 31 21 17 23 163 43 22 2294 229 26 39 29
internal_value=-0.000403605 -0.01427 -0.0194926 0.134051 -0.0204617 0.0756868 0.15594 0.0573525 -0.0264626 -0.011547 0.161194 0.078349 0.0280276 0.061859 0.144092 0.0139874 0.137131 0.183968 0.230253 0.311026 0.00184229 -0.0216573 0.0312845 0.127755 0.24943 -0.0273516 0.170269 0.161049 -0.0115582 0.142042
internal_weight=1211.85 1098.55 1034.71 113.295 1030.04 30.9011 82.3936 27.3283 811.661 212.734 79.9286 7.89105 43.2892 23.3411 8.58828 14.7528 3.40457 7.14788 5.63126 3.42609 218.376 169.445 16.4551 5.7831 2.96778 152.99 72.0376 5.2548 19.9481 33.6675
internal_count=17185 16175 15459 1010 15430 336 674 315 12352 3222 644 109 645 355 130 225 52 108 85 52 3078 2577 251 88 45 2326 535 52 290 258
is_linear=0
shrinkage=0.05


Tree=4
num_leaves=31
num_cat=0
split_feature=15 20 19 21 2 19 0 10 6 13 19 13 6 7 5 30 10 9 15 10 24 19 28 14 9 6 10 27 7 3
split_gain=751.01 172.818 70.9736 44.2062 41.8174 42.8486 37.5988 30.3857 29.3061 41.9458 27.126 26.4376 58.5582 28.4888 25.6854 30.6631 26.7079 32.3402 24.6351 23.2459 22.8051 22.0574 21.2772 19.1187 18.7691 17.7913 24.334 34.3677 28.694 25.935
threshold=1.0954451150103328 -1.0000000180025095e-35 -2.566666666666666 2.7297563715843522 -0.58581243120197268 -2.566666666666666 -0.30125889541351403 0.53983929621935689 -3.0604048246937396 -1.1812946310823325 0.075949615444999216 1.0754831201540569 -0.94334558286389503 1.4290085426349279 148.78399999998513 -0.91083004042888993 0.95586363804346786 0.54169687791155374 5.7154760664940722 2.4734332342618934 0.035919526512068346 -0.11245000071686999 68593.980000000025 6466417.7733853115 120.28155801698823 -0.48359997325669163 8.792659775165875 0.0037455807874159368 -1.2714295748067379 -1.2728695227315612
decision_type=2 2 2 2 2 2 2 2 2 2 2 2 2 2 2 2 2 2 2 2 2 2 2 2 2 2 2 2 2 2
left_child=1 23 -3 8 10 -6 -7 -5 9 -4 -2 25 -13 14 16 19 17 -14 22 -16 24 -22 -8 -1 -10 26 27 -9 29 -28
right_child=4 2 3 7 5 6 18 11 20 -11 -12 12 13 -15 15 -17 -18 -19 -20 -21 21 -23 -24 -25 -26 -27 28 -29 -30 -31
leaf_value=0.054520871392976303 0.15913062604802519 0.16474062495678185 0.26946597309164405 -0.024964606474481222 0.20575943490255746 0.1229168154604906 0.040487821925293023 -0.019248263633567089 -0.029767405271961745 -0.05580287457036788 -0.0022737800675116985 -0.023147367891693207 -0.017575113886987234 0.18024855699088754 0.39701665954282028 0.053143966221135958 0.0005106958833992263 0.31074672844031243 -0.041007942296353628 0.14308111611132657 0.21874553593313217 -0.013087369895902163 0.13658204149873887 0.1990395313492006 0.12628873216029282 -0.022610196531540616 0.048805301080777241 0.12644101476848313 0.025716869360067958 0.28164609742986324
leaf_weight=73.479613833129406 48.980822242796421 5.2149373292922965 1.9940101653337481 127.43867532908916 7.3789618462324134 27.473591543734074 22.69391264021397 47.322888731956482 651.41793552786112 1.970761865377425 2.7492359131574622 27.474945802241564 1.3797955140471487 5.3013192340731612 1.3307236284017561 6.9972894862294179 18.357881814241409 1.6433263495564459 6.7035969048738471 2.7924118861556053 1.818659648299217 2.3540015071630469 7.7201517149806014 2.3620670586824408 1.9324461892247189 76.432529427111149 2.4087645336985588 4.4265986271202555 16.915363281965256 2.3752199709415462
leaf_count=841 325 29 21 1878 42 214 246 691 10152 23 29 399 21 65 20 102 271 23 81 42 20 27 73 31 26 1124 31 63 245 30
internal_value=-0.000462946 -0.013769 -0.0192387 -0.0201943 0.116263 0.0916159 0.0785761 -0.00561638 -0.0277445 0.107785 0.150553 0.00584358 0.0324014 0.0727742 0.055244 0.116877 0.023188 0.160896 0.0457561 0.225038 -0.0285617 0.0879573 0.0648799 0.0590219 -0.0293058 -0.00572314 0.0118499 -0.00678615 0.056294 0.164409
internal_weight=1208.84 1085.14 1009.3 1004.09 123.7 71.9702 64.5913 342.598 661.488 3.96477 51.7301 215.159 65.2777 37.8027 32.5014 11.1204 21.381 3.02312 37.1177 4.12314 657.523 4.17266 30.4141 75.8417 653.35 149.881 73.4488 51.7495 21.6993 4.78398
internal_count=17185 16175 15303 15274 1010 656 614 5005 10269 44 354 3127 943 544 479 164 315 44 400 62 10225 47 319 872 10178 2184 1060 754 306 61
is_linear=0
shrinkage=0.05


Tree=5
num_leaves=31
num_cat=0
split_feature=15 14 19 21 0 6 10 4 6 7 27 27 4 2 19 8 5 13 7 4 2 3 7 8 6 0 19 6 15 15
split_gain=635.264 153.414 59.8569 49.2504 31.9817 24.7383 30.1224 20.6701 43.8674 37.0013 21.7257 18.8742 20.8877 36.8814 18.8395 20.6906 18.3572 18.3418 18.156 19.1957 18.8737 17.7257 19.8817 21.8627 17.2134 16.7468 16.425 16.2786 16.0877 33.3562
threshold=1.0954451150103328 1.0000000180025095e-35 -2.566666666666666 3.194197674269303 0.56233200835405872 -1.0930459275359043 8.612678955765622 -1.1431924722166136 -2.0832739388128769 0.99624014497420721 -0.0061962808736628619 0.0026650447357992051 -0.33940656810291531 -0.25554475588557762 -2.566666666666666 2128161.625000034 391.99899999983614 -0.67549507166725331 2.0602885297286018 -0.27958440519492017 1.071537183983416 0.79585882475614922 -0.13175528625577596 3928279.3900000486 -1.9191453322276619 -0.44881743458172357 0.040231213872816578 -3.0604048246937396 1.3025905720873892 1.1443463222906674
decision_type=2 2 2 2 2 2 2 2 2 2 2 2 2 2 2 2 2 2 2 2 2 2 2 2 2 2 2 2 2 2
left_child=1 -1 -3 5 26 6 11 8 -8 -10 -9 27 13 -13 -6 -16 17 -17 19 20 -5 22 23 25 -20 -12 28 -4 29 -2
right_child=4 2 3 18 14 -7 7 10 9 -11 21 12 -14 -15 15 16 -18 -19 24 -21 -22 -23 -24 -25 -26 -27 -28 -29 -30 -31
leaf_value=0.058151152296509245 0.15978008290913209 0.14381741189302671 0.084911981520187835 0.0054390185039921183 0.15800189161409928 -0.030474572214661683 -0.053881459389383574 -0.030707628238952917 0.28277250736083415 0.0017970695029522468 0.10391946524272705 0.015760945890727528 -0.01363653275383901 0.24603482922535821 0.0061531682865963409 0.036706911841737397 0.0024575481096381774 0.17595944905510688 -0.053526106221760954 -0.023782903286139204 0.1267910091374565 -0.021752214005566792 0.028196600681367142 0.0057591330122709703 0.058621857936643963 0.32210646977173663 0.018404802435191405 -0.029761939265267885 0.12767184921753333 -0.0427085972998308
leaf_weight=70.233969748020172 3.9000958129763585 5.6620556712150565 3.166586995124816 116.52797291427851 4.3650403320789328 570.85490312799811 3.0094824209809303 17.123692743480202 3.4039171487092954 1.7867565378546713 1.5758284032344818 5.7431550696492195 14.985930442810057 2.4939057603478449 15.277526825666429 3.6973102390766135 4.2763471752405158 6.5607839301228514 4.0568499825894859 72.759287301450968 3.2946750670671454 6.2249368652701369 7.2979361861944261 1.6542104259133337 21.849019572138786 1.990116834640502 4.0413717031478873 136.45058666169643 86.384371303021908 4.2502865791320801
leaf_count=716 38 29 32 1656 21 9130 46 256 44 26 21 87 236 33 176 36 49 54 66 1067 40 95 108 23 249 26 46 2189 533 57
internal_value=-0.000509605 -0.0132848 -0.0182925 -0.0192138 0.102666 -0.025106 -0.0102943 0.0263792 0.0979969 0.186054 0.0100053 -0.0202186 0.0215196 0.0854802 0.0609868 0.046782 0.089488 0.125769 0.00176114 -0.00352522 0.00877574 0.0472008 0.0814895 0.155994 0.0410595 0.225687 0.117116 -0.0271611 0.121336 0.0541857
internal_weight=1204.9 1072.15 1001.91 996.25 132.753 777.762 206.907 44.0669 8.20016 5.19067 35.8667 162.84 23.223 8.23706 34.177 29.812 14.5344 10.2581 218.488 192.582 119.823 18.743 12.5181 5.22016 25.9059 3.56595 98.5761 139.617 94.5348 8.15038
internal_count=17185 16175 15459 15430 1010 12352 3222 645 116 70 529 2577 356 120 336 315 139 90 3078 2763 1696 273 178 70 315 47 674 2221 628 95
is_linear=0
shrinkage=0.05


Tree=6
num_leaves=31
num_cat=0
split_feature=15 24 19 3 2 19 6 14 0 6 4 7 3 2 6 3 27 6 8 7 27 15 21 13 10 7 16 26 6 3
split_gain=544.289 138.946 59.4555 41.0699 27.5506 27.9643 25.6074 24.1846 24.0172 23.1524 24.7614 40.1341 41.5007 34.5061 32.0817 31.1314 44.6874 34.7981 30.6854 29.5464 25.7082 20.9369 20.5502 27.156 38.0103 38.0382 21.6105 26.9895 20.4004 19.4595
threshold=1.0954451150103328 0.051932241597451932 -0.028490866029588301 0.13653463248172112 -0.67092112100442314 -2.566666666666666 -3.0604048246937396 6466417.7733853115 0.099083846916743504 1.0000000180025095e-35 -0.24131509305838397 -1.6388381268087684 -1.1568770163772222 -0.92928846331569825 -1.3305347264617018 -1.1341420381422684 0.00097599589683983201 -0.57976857942838034 10483480.930000035 -2.3739516572252248 0.0042037059565848143 0.23862082052968747 1.7718888599083367 0.67879580125288397 0.13374347058776823 2.3316621780150881 1.4877721036918239 -4.8999999999999965e-05 3.5029073606558434 0.047897727849075131
decision_type=2 2 2 2 2 2 2 2 2 2 2 2 2 2 2 2 2 2 2 2 2 2 2 2 2 2 2 2 2 2
left_child=1 2 -1 9 -2 -6 -5 21 -7 10 11 12 18 -13 19 16 -15 -18 -4 -14 -19 -3 -11 28 -25 26 -26 -28 -24 -12
right_child=4 7 3 6 5 8 -8 -9 -10 22 29 13 14 15 -16 -17 17 20 -20 -21 -22 -23 23 24 25 -27 27 -29 -30 -31
leaf_value=0.061051927962201241 0.11899857247546641 0.16947559611748703 -0.03045297115811137 0.11454048367001489 0.15883117449325934 0.088933785300744861 -0.034676672378929636 0.21775400052395677 0.032175694692963504 -0.045177122642399994 -0.020300912391191448 -0.020520663473720321 0.11768022355856281 0.020752529760080587 0.05631647920444393 -0.0052054027544933467 0.082202552408651819 0.40475694191311612 0.16190476772464568 0.38092016668389911 0.13654158661505275 0.046793871078503073 -0.03004982452000406 -0.045292767485171512 0.012585544587232659 0.21845266369658078 0.29382010026270283 0.028409942398379608 0.13837211464512431 0.082077743777843104
leaf_weight=23.673672560602427 56.225947953760624 3.7181084230542174 8.5178253352642077 2.9004340544342986 8.6789381355047208 42.557527542114258 330.54407996311784 2.3685701787471762 33.16168100386858 72.353950001299381 156.71384379267693 85.341299708932638 1.9935716912150381 26.684748891741037 3.6239392124116412 41.097065005451441 8.7726643271744233 1.7427074611186975 2.7402248978614798 2.2908989191055298 1.8331715725362299 53.785311859101057 139.18689758703113 23.711825430393219 52.582307677716017 2.5522157847881308 1.5805869884788988 2.4311737641692153 1.821494549512862 4.7831066250801078
leaf_count=245 333 31 130 28 42 285 5364 25 350 1193 2448 1299 19 390 55 632 123 25 29 28 26 564 2167 371 791 29 23 37 28 75
internal_value=-0.000540914 -0.01281 -0.017242 -0.0191414 0.0918839 0.0738202 -0.0333787 0.0611758 0.0640762 -0.0117509 -0.00296948 0.0095376 0.0780323 0.00160391 0.165816 0.0251673 0.0571458 0.13579 0.0163672 0.258434 0.267257 0.0547263 -0.0220121 -0.0145251 0.00819255 0.0296349 0.0211198 0.132978 -0.0278742 -0.0172687
internal_weight=1199.97 1059.35 999.474 975.8 140.624 84.3981 333.445 59.872 75.7192 642.356 346.135 184.638 19.1665 165.472 7.90841 80.1304 39.0333 12.3485 11.2581 4.28447 3.57588 57.5034 296.22 223.867 82.8581 59.1463 56.5941 4.01176 141.008 161.497
internal_count=17185 16175 15555 15310 1010 677 5392 620 635 9918 5279 2756 261 2495 102 1196 564 174 159 47 51 595 4639 3446 1251 880 851 60 2195 2523
is_linear=0
shrinkage=0.05


Tree=7
num_leaves=31
num_cat=0
split_feature=15 20 19 21 6 10 2 19 21 10 19 28 7 13 0 3 6 7 7 14 8 3 8 6 0 5 4 27 21 27
split_gain=470.94 124.671 50.4916 41.4081 29.8907 26.4603 24.0433 25.627 23.3695 35.4775 18.8977 17.6996 16.4998 28.0946 20.6415 28.103 16.0988 22.1899 34.7155 25.9713 20.1624 16.8768 34.4805 15.6654 15.3523 15.0563 22.6602 31.6558 21.0927 19.4726
threshold=1.0954451150103328 -1.0000000180025095e-35 -0.11245000071686999 1.8290421149714124 -3.3228509780370072 2.5094913474630984 1.3449978908659863 -1.3161971830985943 4.0969277917179889 0.099756662324096093 1.0546795644059894 64771.060000000005 -0.31199692463330281 -1.4493147856043243 -0.44881743458172357 -1.9371028989256589 -1.1048094754450275 -1.5965040622729469 -1.9747287550779877 3047474.1238546963 10824422.940000039 0.59071404496178714 13866114.565000037 3.5029073606558434 0.76462330099039721 137.15949999983425 -0.50279279635734453 -0.0029377125501919839 3.3500912197399177 0.0023372289416246921
decision_type=2 2 2 2 2 2 2 2 2 2 2 2 2 2 2 2 2 2 2 2 2 2 2 2 2 2 2 2 2 2
left_child=1 24 -3 4 -4 8 10 -8 23 -10 11 -2 13 -11 15 -15 17 18 -6 -20 -19 22 -22 -5 -1 -7 27 -27 29 -29
right_child=6 2 3 5 16 25 7 -9 9 12 -12 -13 -14 14 -16 -17 -18 20 19 -21 21 -23 -24 -25 -26 26 -28 28 -30 -31
leaf_value=0.058453996256173771 0.082308793883580367 0.071460339829264544 0.14167687708334195 -0.024002870168450267 -0.026301605542569176 -0.0065445820997501987 0.15665953683012679 0.012376861497315303 -0.039535370115599031 -0.053966788530037814 -0.026601664775242201 0.12387655470225832 0.030677958620774555 0.13161625600086344 0.051884264708483535 0.4238019586837658 -0.038521181262362009 -0.032811823749923523 0.032829280194632209 0.24631024550346137 0.27972032972057698 -0.053959441068591123 0.012885548626127147 0.11325646163297294 0.010286029384098077 0.001029427686039047 0.0026712942988952773 0.11338482230620206 0.054020957146054455 0.29793921045053695
leaf_weight=62.467560060322285 84.956859238445759 15.695674844086168 2.4736414030194274 310.14958850666881 7.2891032584011555 138.06161475554109 3.6711687892675426 19.033733822405338 13.641919933259485 1.612207807600498 3.2901578322052947 36.659113772213459 11.711546309292316 1.8841886669397352 1.8718735277652747 1.4611224308609965 289.47336916998029 72.531987819820642 2.8802717477083188 2.8190883286297321 1.7970641516149024 2.6323254927992821 3.7102836333215237 2.0927513986825934 22.500875569880009 11.755448963493111 53.852781932801008 3.8639321625232679 6.8567609637975693 2.2683255448937416
leaf_count=634 564 142 18 4961 116 2105 17 181 195 24 33 215 161 27 25 18 4908 1198 45 36 27 41 55 31 238 170 827 55 86 32
internal_value=-0.000574463 -0.0123583 -0.0174841 -0.0189588 -0.0315727 -0.0102898 0.0830363 0.035706 -0.0189016 0.0216662 0.0916398 0.0948387 0.0666966 0.128464 0.184839 0.259233 -0.0326912 -0.0146727 0.0459802 0.138424 -0.0244381 0.0501796 0.0999545 -0.0230829 0.0456984 0.00340049 0.0208697 0.0604759 0.114277 0.181652
internal_weight=1194.97 1047.36 962.387 946.691 385.607 561.084 147.611 22.7049 344.425 32.1829 124.906 121.616 18.5409 6.82939 5.21718 3.34531 383.133 93.6601 12.9885 5.69936 80.6717 8.13967 5.50735 312.242 84.9684 216.659 78.5972 24.7445 12.989 6.13226
internal_count=17185 16175 15303 15161 6444 8717 1010 198 5442 450 812 779 255 94 70 45 6426 1518 197 81 1321 123 82 4992 872 3275 1170 343 173 87
is_linear=0
shrinkage=0.05


Tree=8
num_leaves=31
num_cat=0
split_feature=15 14 19 21 6 10 19 27 7 0 7 13 14 3 13 19 5 21 26 21 13 18 14 6 7 7 6 6 6 6
split_gain=411.933 120.877 50.5477 40.0046 22.6739 27.0067 22.5211 22.203 21.0724 19.5183 17.9218 19.5527 23.6328 18.7038 25.6356 17.169 20.9031 16.7703 16.6072 18.1653 16.5649 16.4731 20.9634 15.5506 15.219 17.0568 24.5012 26.6664 15.8629 51.4909
threshold=1.4241858663474487 1.0000000180025095e-35 -2.566666666666666 3.194197674269303 -1.0930459275359043 3.1081361367197515 0.58147558386409293 0.0021183632746512031 -0.50048913587643284 -0.72935567284168734 -0.7326721075045991 0.95492327654219988 2115603.2448565071 0.94930916459820824 -0.74524755782083663 -1.3161971830985943 285.17699999990879 2.7297563715843522 0.00026804500000000007 1.8964366253519647 1.3445980177792161 -0.24191637815667308 3417283.7498713825 -3.0604048246937396 1.4290085426349279 -2.0851528065074896 -2.0832739388128769 2.0066055108759353 -0.063267555944992809 -0.56347263444395035
decision_type=2 2 2 2 2 2 2 2 2 2 2 2 2 2 2 2 2 2 2 2 2 2 2 2 2 2 2 2 2 2
left_child=1 -1 -3 4 5 7 9 23 18 -2 13 -12 20 14 -9 -11 -17 -10 -7 -20 -13 22 -19 -4 25 26 -5 -28 29 -26
right_child=6 2 3 24 -6 8 -8 10 17 15 11 12 -14 -15 -16 16 -18 21 19 -21 -22 -23 -24 -25 28 -27 27 -29 -30 -31
leaf_value=0.04692305206486834 0.10614438436199741 0.11729530539916325 0.11323518228828476 0.17099050671362587 -0.028067254794509638 0.028949168715472113 -0.042926140089449998 0.25636084400169351 -0.022674281127770608 0.13371722870947308 -0.048996365929060731 0.2811010595285871 -0.053459682001338583 -0.053583688416822997 0.045133125183438316 0.076856302325487486 0.015853638911740169 0.23821366044730766 0.032339141281061766 0.23266775315038665 0.030869878827912936 -0.0088219709753634881 0.023670079043116958 -0.038351599826878711 0.022831469027204135 -0.011568253075569655 -0.032364162634640051 0.13073031516501751 -0.0053265082702115517 0.21292498309321425
leaf_weight=82.337177276611328 57.253315880894661 7.0417855083942404 1.7243020609021176 3.0326401516795167 539.48991580307484 31.710905406624079 3.5856894627213469 2.2403118200600147 40.375263065099716 8.7004059404134733 11.139869529753922 1.4938281774520867 2.107465572655201 2.0361320972442627 4.0030631348490733 48.321682140231133 19.795528151094913 2.0496519654989243 2.2902110256254664 2.2368511892855167 1.1868231669068334 5.5532987639307958 2.5615776069462299 89.915682449936867 27.719479657709602 147.00333663448691 9.0858332552015728 3.4609356857836255 26.11345798522234 4.087663870304822
leaf_count=753 286 32 14 24 9209 460 36 26 658 38 184 24 35 33 55 305 178 28 32 23 20 86 36 1528 382 2151 129 37 336 47
internal_value=-0.000596818 -0.0112398 -0.0161786 -0.017155 -0.0227111 -0.00845037 0.0807389 -0.024249 0.0126407 0.0840463 0.0183403 -0.0126773 0.0718214 0.0780113 0.120928 0.0675763 0.0591283 -0.00822289 0.0417383 0.131323 0.170314 0.0491805 0.119033 -0.0354993 0.0015443 -0.00629603 0.0434514 0.0126243 0.023552 0.0472612
internal_weight=1189.65 1052 969.66 962.619 742.115 202.625 137.657 115.847 86.7778 134.071 24.2075 15.928 4.78812 8.27951 6.24337 76.8176 68.1172 50.5398 36.238 4.52706 2.68065 10.1645 4.61123 91.64 220.503 162.583 15.5794 12.5468 57.9206 31.8071
internal_count=17185 16342 15589 15557 12451 3242 843 1919 1323 807 377 263 79 114 81 521 483 808 515 55 44 150 64 1542 3106 2341 190 166 765 429
is_linear=0
shrinkage=0.05


Tree=9
num_leaves=31
num_cat=0
split_feature=15 24 19 3 10 21 6 6 13 6 9 4 2 19 7 10 27 14 2 4 7 6 7 0 15 5 21 21 15 8
split_gain=361.74 102.337 42.543 37.6492 20.9638 23.4396 19.8591 19.0661 18.8321 34.2093 29.7867 19.1759 18.4752 18.9081 18.1975 34.5969 31.1861 28.5671 22.2271 25.7292 21.1851 17.5828 17.3066 20.222 16.7036 17.2008 16.5147 16.1195 17.6631 14.848
threshold=1.0954451150103328 0.051932241597451932 -0.028490866029588301 0.13653463248172112 0.36210358057841424 2.31029112136487 -0.32447173048060146 -3.0604048246937396 1.0754831201540569 -1.0639073084757895 0.34582414104905185 1.9864273483222459 -0.67092112100442314 -2.566666666666666 -1.0646740413009426 0.84445254239555612 0.00061558666649796933 14891457.971219411 -0.42333395622310083 0.77828976656788529 0.095408422424831454 2.1476809941412429 -2.0851528065074896 -0.10972178853415661 5.715476066494082 894.26249999995355 3.4456804221635666 3.572404318831889 1.8073922282301267 4354091.445000032
decision_type=2 2 2 2 2 2 2 2 2 2 2 2 2 2 2 2 2 2 2 2 2 2 2 2 2 2 2 2 2 2
left_child=1 2 -1 4 -4 6 29 -5 22 -10 -11 14 -2 -14 15 -12 17 -16 26 20 -20 -3 23 -7 25 27 -18 28 -15 -6
right_child=12 21 3 7 5 8 -8 -9 9 10 11 -13 13 24 16 -17 18 -19 19 -21 -22 -23 -24 -25 -26 -27 -28 -29 -30 -31
leaf_value=0.047101662474255658 0.090293940073996909 0.043699697988804465 -0.022735563074537821 0.085885135412963373 -0.018018483043464279 -0.0089136000112360163 -0.039774845718260593 -0.03295918620191219 -0.016641576284933204 -0.028511082701955889 0.17567560762648421 0.24424454313524505 0.12114983941924118 0.039267938395806314 0.020182105438132966 -0.029190442635950123 0.19549625901476134 0.25119669732946631 0.37126985422461151 0.037824392095556242 0.16008062839813464 0.18535034435789111 -0.0082811264237163743 0.10805917086512094 -0.0085489289578391317 -0.013083907686726119 -0.0040154147760110568 0.0045351865933923657 0.097102463242113121 0.031498822510134437
leaf_weight=26.262966975569725 64.225778095424175 64.111324921250343 219.89071457833052 3.4123099446296683 45.217125881463289 7.578945729881525 67.164499778300524 306.82663826271892 30.700797483325005 9.7354962565004808 2.589838787913318 1.4994552433490742 9.8412295132875425 21.24260763078928 14.712790027260789 10.088536620140074 1.6002012267708776 1.4721199050545681 2.4605204015970212 1.604983080178499 2.2951607741415501 2.2682516984641543 169.97705359384418 7.2096258811652643 11.339389458298681 7.8919377997517577 2.9482426568865776 9.4223456606268865 34.876891188323498 22.758604910224676
leaf_count=245 333 596 3603 28 771 107 1199 5364 460 145 32 18 42 173 208 151 23 20 29 22 25 24 2639 75 101 79 38 63 219 353
internal_value=-0.000611024 -0.0114974 -0.0156573 -0.0174263 -0.0103252 -0.00353033 -0.0204923 -0.031652 0.00507181 0.0250599 0.0501595 0.0687169 0.0695969 0.0555474 0.0620993 0.012658 0.0852349 0.0411943 0.150574 0.210927 0.269347 0.04854 -0.00376743 0.0481122 0.0479317 0.0566532 0.0661754 0.0650503 0.0752107 -0.00143985
internal_weight=1183.23 1024.39 958.007 931.744 621.505 401.614 135.14 310.239 266.474 81.7081 51.0073 41.2718 158.84 94.6144 39.7724 12.6784 27.094 16.1849 10.9091 6.36066 4.75568 66.3796 184.766 14.7886 84.7732 73.4338 4.54844 65.5418 56.1195 67.9757
internal_count=17185 16175 15555 15310 9918 6315 2323 5392 3992 1171 711 566 1010 677 548 183 365 228 137 76 54 620 2821 182 635 534 61 455 392 1124
is_linear=0
shrinkage=0.05


Tree=10
num_leaves=31
num_cat=0
split_feature=15 20 21 19 6 10 21 10 24 2 14 8 6 2 19 5 1 7 14 7 6 3 5 4 27 30 27 23 8 13
split_gain=318.711 92.0824 37.117 29.9156 23.0235 21.4055 21.6666 25.7663 20.0923 16.9972 19.9483 16.0721 15.8152 16.7409 15.4458 15.3946 13.2266 14.6385 12.9562 12.8651 23.9658 20.3199 12.7638 16.3376 21.8524 15.7026 14.9873 15.649 14.4637 17.882
threshold=1.0954451150103328 -1.0000000180025095e-35 1.8290421149714124 -2.566666666666666 -2.3602067930467743 2.5094913474630984 4.0969277917179889 0.099756662324096093 0.035919526512068346 0.17575459826488615 5039168.7901680162 77167773.075000063 0.9280422136948504 1.47448467440614 -1.3161971830985943 1965.6450000000189 0.67141227565694428 -0.9956571154516195 2761022.993738011 2.2016869125255352 -0.40745562108622368 -0.49199280433669046 137.15949999983425 -0.50279279635734453 -0.0029377125501919839 0.1736754277812195 0.0033439759156368436 600.50000000000011 3704851.0950000319 1.9158140321907131
decision_type=2 2 2 2 2 2 2 2 2 2 2 2 2 2 2 2 2 2 2 2 2 2 2 2 2 2 2 2 2 2
left_child=1 -1 4 -4 9 6 15 -8 11 -3 -11 -6 13 -2 -15 18 17 -14 -5 -20 -21 -22 -7 24 -24 26 27 -26 -25 -30
right_child=12 2 3 5 8 22 7 -9 -10 10 -12 -13 16 14 -16 -17 -18 -19 19 20 21 -23 23 28 25 -27 -28 -29 29 -31
leaf_value=0.036484131697111663 0.080170993245323674 -0.03233059391076943 0.11049610831169082 -0.030741869131661978 -0.032228725275521147 -0.005902359133587276 -0.031886258901148649 0.057640886367421186 0.092197479117475847 0.0059074502470264894 0.18101680132173514 0.1511167585068095 0.01294916874075357 0.1205805494586463 -3.0361958646818384e-05 0.16004168641230063 -0.0082899632067011033 0.08512874982790998 -0.014191492841448525 -0.041898697669715455 0.17509111205262662 -0.053481645386173671 0.00050316540495870521 -0.019974069326221901 0.14969737911067593 0.034415803794579945 0.2388670215568158 -0.028217721370377459 0.015967281857088719 0.14718253995898387
leaf_weight=92.487116731703281 107.14961080998182 4.4300449900329095 5.3007870763540259 171.04514297097921 349.60466464608908 136.11651470884681 13.490441534668205 19.880136489868164 3.308329574763774 3.2094729915261269 3.2973023653030396 1.1993842273950566 12.038918897509577 3.3609987348318091 12.627539075911043 1.1694888360798348 11.522692099213598 16.864247664809227 119.53675488010049 4.2342301681637764 3.9122926071286201 1.2939038574695567 11.828532546758654 29.658977828919888 3.8555527217686159 6.6393341198563567 2.5363552421331406 1.8190815448760984 20.645977154374126 2.9700105413794509
leaf_count=872 600 63 23 2877 6327 2108 200 255 29 42 30 12 80 14 115 19 101 100 2003 69 53 22 170 476 42 82 26 23 311 41
internal_value=-0.000623143 -0.0110755 -0.0158515 -0.00771767 -0.0282385 -0.00885568 -0.0167781 0.0214485 -0.0304453 0.0432119 0.094644 -0.0316019 0.0641411 0.0730495 0.0253236 -0.0210135 0.0370061 0.0550641 -0.0217192 -0.00975371 0.0464385 0.118284 0.00341144 0.0192676 0.0512067 0.091593 0.137826 0.0926643 0.00327327 0.0324693
internal_weight=1177.03 1013.47 920.983 555.934 365.049 550.633 334.562 33.3706 354.112 10.9368 6.50678 350.804 163.564 123.138 15.9885 301.192 40.4259 28.9032 300.022 128.977 9.44043 5.2062 216.07 79.9538 26.6789 14.8503 8.21099 5.67463 53.275 23.616
internal_count=17185 16175 15303 8800 6503 8777 5498 455 6368 135 72 6339 1010 729 129 5043 281 180 5024 2147 144 75 3279 1171 343 173 91 65 828 352
is_linear=0
shrinkage=0.05


Tree=11
num_leaves=31
num_cat=0
split_feature=15 14 19 3 26 21 3 19 6 7 22 9 27 10 4 1 7 7 6 7 6 13 13 8 6 6 13 6 13 8
split_gain=282.894 89.8104 37.7333 34.383 22.4153 18.8111 19.0917 17.9489 16.7549 16.288 16.0242 15.7097 15.6543 21.6334 17.507 27.0716 17.3224 15.3994 15.0741 14.9083 15.3042 21.7041 21.1811 15.106 14.0384 37.5651 29.4166 25.6451 23.2252 21.2731
threshold=1.4241858663474487 1.0000000180025095e-35 -2.566666666666666 0.13653463248172112 0.00061276500000000003 3.194197674269303 -1.3364113125488399 0.58147558386409293 -0.32447173048060146 -3.6372167262361468 -17.499999999999996 0.0046636103925248654 0.0019738322342129915 2.125034418067469 -0.53361767735771359 0.94362240057574998 -1.2536472159998555 1.4290085426349279 -3.0604048246937396 -1.5791307261788561 -2.0492976904904698 0.18913184821881748 0.71342740692116313 9562905.6650000308 -0.063267555944992809 -1.1698565893025885 -0.48388026374964865 -0.52561999929225867 0.12364230632835869 1739777.130000043
decision_type=2 2 2 2 2 2 2 2 2 2 2 2 2 2 2 2 2 2 2 2 2 2 2 2 2 2 2 2 2 2
left_child=1 -1 -3 4 5 6 -4 11 12 -5 -6 -2 13 -8 15 16 -14 19 -11 20 -7 -22 -23 -24 25 -19 -27 -28 -26 -30
right_child=7 2 3 9 10 17 8 -9 -10 18 -12 -13 14 -15 -16 -17 -18 24 -20 -21 21 22 23 -25 28 26 27 -29 29 -31
leaf_value=0.037823529454795488 0.024735905715617193 0.096490184818670499 -0.032902670361155385 0.12589682224946974 -0.0026547305020106354 0.10408057436236129 -0.029391453298585571 -0.044184600079773234 -0.020722274253400296 0.068691112835190485 0.15585527910654962 0.072635633372461497 0.15044294465220576 0.015935408082876003 0.0041887191577082436 0.24064376280768834 0.0063952857392454406 0.001383550845837094 -0.031615357682626292 -0.013628994596407179 -0.048761335856554504 0.16031576726882252 -0.0094552313851544445 0.13973325725776334 -0.039427945408387809 0.20448866419132275 -0.023769134298139465 0.16021880416802509 -0.0060753621158652913 0.14949034720120083
leaf_weight=89.332829810678959 19.788843788206577 7.5734257400035849 119.67485469579697 1.6775166690349568 2.917381402105093 5.1503749191761043 50.488690003752708 3.7796831503510466 149.09858189150691 3.7937343493103972 3.5159816183149806 126.80462843179703 2.8950161151587954 55.000714007765055 19.09235492348671 2.1740726791322222 7.4783157147467163 18.838207334280018 294.86111415177584 123.59117235615849 9.7612377032637614 3.2340943217277518 9.9101670160889608 2.0472791753709307 16.09096530079842 5.1665272116661072 4.66817606985569 3.1869087964296323 5.0955471731722337 3.8640280105173588
leaf_count=753 126 32 2086 32 43 42 913 36 2670 28 42 681 34 866 327 24 122 268 5412 1832 149 41 136 26 217 56 60 28 64 39
internal_value=-0.000627684 -0.0100647 -0.0146605 -0.0155722 -0.00887253 -0.0098414 -0.0161326 0.0633958 -0.00912081 -0.0294685 0.0839747 0.0661696 0.0034933 -0.00575866 0.03434 0.0802188 0.0465965 0.00228368 -0.0303412 -0.00594358 0.0256096 0.0094128 0.0467923 0.0160879 0.0245025 0.0465227 0.111825 0.0508771 -0.00350316 0.061016
internal_weight=1170.55 1020.18 930.846 923.273 622.941 616.507 405.903 150.373 286.228 300.332 6.43336 146.593 137.129 105.489 31.6398 12.5474 10.3733 210.605 298.655 153.694 30.1032 24.9528 15.1915 11.9574 56.9104 31.8598 13.0216 7.85508 25.0505 8.95958
internal_count=17185 16342 15589 15557 10085 10000 7042 843 4956 5472 85 807 2286 1779 507 180 156 2958 5440 2226 394 352 203 162 732 412 144 88 320 103
is_linear=0
shrinkage=0.05


Tree=12
num_leaves=31
num_cat=0
split_feature=15 24 3 19 25 6 4 2 13 27 21 13 10 7 3 7 9 6 16 7 7 10 0 26 14 26 30 15 7 6
split_gain=251.049 76.373 34.4393 23.1982 22.6349 18.1737 20.7166 30.1763 24.0963 31.8102 18.301 22.6005 31.3535 21.3246 17.5635 16.3678 16.8806 16.2681 15.6704 14.9432 49.3765 15.4743 14.6464 14.5091 14.4717 14.4684 23.1903 14.1005 13.9192 14.0389
threshold=1.0954451150103328 0.051932241597451932 0.13653463248172112 -0.089783943847333611 -1.0599358830796803 1.0000000180025095e-35 -0.24131509305838397 -0.92928846331569825 -0.50412065330546041 0.0072000864283664487 1.7718888599083367 0.67879580125288397 0.13374347058776823 2.3316621780150881 0.047897727849075131 -1.8926683203467214 8.3082598143614863 3.5029073606558434 1.4877721036918239 1.923856291881993 1.5373406778322589 22.692048742618706 0.56233200835405872 -4.8999999999999965e-05 6466417.7733853115 -0.00010799999999999993 1.7245502578023906 0.23862082052968747 -3.6372167262361468 -2.6305888001056075
decision_type=2 2 2 2 2 2 2 2 2 2 2 2 2 2 2 2 2 2 2 2 2 2 2 2 2 2 2 2 2 2
left_child=1 2 3 -1 -4 6 7 15 9 19 -7 17 -13 18 -8 16 -5 -12 -14 20 21 25 -2 -20 27 -9 -27 -3 -6 -30
right_child=22 24 4 5 28 10 14 8 -10 -11 11 12 13 -15 -16 -17 -18 -19 23 -21 -22 -23 -24 -25 -26 26 -28 -29 29 -31
leaf_value=0.04877093559520982 0.063665394266142303 0.1182765395793558 0.1857087259762035 -0.021096198091183044 0.10670490319524928 -0.04296235502056759 -0.018084659940547154 -0.037393006454672563 0.011548425369672207 0.22555532055739944 -0.027084468904138612 -0.043773863323387327 0.012160127569436669 0.14954308462345003 0.077984603120371782 -0.016872257405682056 0.14014481539100498 0.11393408465168656 0.20521823839372857 -0.041538436939159637 0.29210802066005631 0.16882799820616512 0.029909268834706633 0.026561652376347486 0.14350438831502343 0.032144276951799548 0.22376588618980522 0.028375408542144723 0.044430284355757931 -0.031588789478291357
leaf_weight=17.789404064416885 128.63011041283607 4.6800153106451026 1.2313755676150311 3.0267878696322432 1.8745529726147641 60.704641226679087 147.42164654284716 5.8956340737640991 61.704638563096523 2.8147034794092169 127.14169638231397 21.049902688711882 52.628923736512661 3.3568456694483748 4.9161910749971858 82.575616683810949 3.5004540532827377 2.0785822048783293 2.1019311472773552 3.9009486064314833 2.1618114449083796 2.1845667399466029 42.834975235164165 2.4740449786186209 3.1854522898793212 13.204754535108806 1.7933417297899712 64.102851152420044 6.204820327460765 286.63819814473391
leaf_count=143 674 31 11 48 32 1193 2457 87 893 27 2172 372 791 29 75 1337 35 28 23 58 30 21 336 37 25 201 24 564 65 5366
internal_value=-0.000634001 -0.0102871 -0.0141659 -0.00750727 -0.0282149 -0.0091576 -0.00136732 0.00998282 0.0297993 0.0650406 -0.0187715 -0.0118063 0.00879288 0.0270639 -0.0149843 -0.0108472 0.0653747 -0.0248161 0.0198767 0.0495366 0.0636126 0.0422088 0.0552325 0.108626 0.0393174 0.02897 0.0550567 0.0344923 -0.0291087 -0.0299781
internal_weight=1163.81 992.344 920.376 624.427 295.949 606.638 335.101 182.763 93.6604 31.9558 271.537 210.832 81.6116 60.5617 152.338 89.1029 6.52724 129.22 57.2049 29.1411 25.2401 23.0783 171.465 4.57598 71.9683 20.8937 14.9981 68.7829 294.718 292.843
internal_count=17185 16175 15555 10081 5474 9938 5293 2761 1341 448 4645 3452 1252 880 2532 1420 83 2200 851 421 363 333 1010 60 620 312 225 595 5463 5431
is_linear=0
shrinkage=0.05


Tree=13
num_leaves=31
num_cat=0
split_feature=15 20 19 21 10 21 10 6 7 7 3 8 7 7 27 2 13 13 24 14 19 0 19 2 15 6 18 3 3 21
split_gain=224.045 74.2446 32.0756 27.6973 18.641 20.2593 22.4592 17.9015 23.1173 22.8802 20.4732 28.1209 22.4466 40.4899 19.5258 18.4561 18.3998 21.9964 17.4798 15.64 15.3473 14.2655 14.2424 15.0966 20.0695 12.5099 11.7376 11.7372 15.7768 16.8028
threshold=1.4241858663474487 -1.0000000180025095e-35 -2.566666666666666 1.8290421149714124 2.5094913474630984 4.0969277917179889 0.099756662324096093 -1.1048094754450275 -1.5965040622729469 -2.058372352013254 0.65611407687473222 10824422.940000039 0.99624014497420721 0.4454407290298798 0.0026650447357992051 0.019279808132388731 1.3253198952752141 -0.52327679734742416 0.035919526512068346 3202616.4655395071 0.58147558386409293 -0.72935567284168734 -1.3161971830985943 -0.53775564727415148 3.6147844564602587 3.5029073606558434 -0.16598114363997288 -1.0872014625273481 -1.8911815391305293 4.7930046553859631
decision_type=2 2 2 2 2 2 2 2 2 2 2 2 2 2 2 2 2 2 2 2 2 2 2 2 2 2 2 2 2 2
left_child=1 -1 -3 7 5 25 -7 8 9 -4 11 14 13 -13 -10 -16 17 -11 -9 -17 21 -2 -23 -24 26 -5 -25 28 29 -8
right_child=20 2 3 4 -6 6 27 18 10 16 -12 12 -14 -15 15 19 -18 -19 -20 -21 -22 22 23 24 -26 -27 -28 -29 -30 -31
leaf_value=0.030531492721871702 0.075074479225043567 0.087102447129514066 -0.018603520767612926 -0.020640008435916717 0.0034350018133854038 -0.030804044077849219 -0.054446147418056472 -0.034351494917258127 -0.029142696122851083 0.039309968307270536 -0.051572251838253584 0.053876129129935703 -0.054248741039350956 0.36600584408205067 -0.035466521272983526 0.19907667884229963 -0.05338762243058174 0.22011674125249645 0.075483413472704056 -0.014206410843829346 -0.04429249497109624 0.10244155318783561 0.066917165588476754 0.068152707773936075 -0.037782745922528949 0.095743227208381743 0.013390898978977129 -0.053929236835028517 0.10955639556664493 0.083162739283402079
leaf_weight=104.48431546613574 65.202026680111885 7.7759192585945121 6.7703120522201052 288.98837071657181 218.42092707008123 12.915954075753687 4.2302472814917582 250.76130977645516 33.25582791864872 3.0185147263109684 28.483005929738283 3.1940972842276087 1.7480531632900236 1.539921849966049 2.7591747418045989 2.7569998428225517 1.4993898905813692 3.7995140925049764 3.6754967719316474 1.2488941624760626 3.806213565170764 9.3835288733243924 27.774378031492233 17.676818445324894 11.271229259669779 2.3275455906987181 21.917589113116268 2.2891461998224285 9.8598430342972261 4.6643284000456333
leaf_count=921 286 32 108 5039 3317 200 58 4961 615 33 534 42 26 19 46 40 26 46 29 21 36 38 122 108 101 31 152 34 107 57
internal_value=-0.000639911 -0.00935496 -0.0140063 -0.0148915 -0.00786308 -0.0154497 0.0210978 -0.0259834 -0.00682745 0.0496426 -0.0181896 0.00225718 0.098869 0.155408 -0.0133908 0.0640428 0.105194 0.140069 -0.0327649 0.132583 0.0548846 0.0573482 0.0442178 0.0372704 0.0210822 -0.0197101 0.0378392 0.0529537 0.0659997 0.0177162
internal_weight=1157.5 1000.47 895.983 888.207 543.696 325.275 33.9595 344.511 90.0737 15.0877 74.986 46.503 6.48207 4.73402 40.0209 6.76507 8.31742 6.81803 254.437 4.00589 157.032 153.226 88.0235 78.64 50.8656 291.316 39.5944 21.0436 18.7544 8.89458
internal_count=17185 16342 15421 15389 8843 5526 456 6546 1556 213 1343 809 87 61 722 107 105 79 4990 61 843 807 521 483 361 5070 260 256 222 115
is_linear=0
shrinkage=0.05


Tree=14
num_leaves=31
num_cat=0
split_feature=15 20 21 10 6 13 13 6 9 19 27 7 21 7 26 30 21 19 8 3 19 2 27 21 27 9 25 4 7 21
split_gain=200.349 62.8504 28.6122 21.0901 20.4322 18.4152 16.9032 21.8577 20.4158 16.6746 16.5172 15.7668 25.1223 15.2151 24.9937 19.2312 24.7611 15.4493 15.1488 17.8449 13.1673 18.6457 13.9809 12.8315 20.7386 13.1883 12.9182 12.742 16.3536 17.7904
threshold=1.0954451150103328 -0.50000000000006928 2.2671603182336542 0.25096309080188534 -2.1242789960633623 -1.0967121519947167 1.1188439031350119 -0.94334558286389503 0.34582414104905185 -2.566666666666666 -0.037221646951285263 -0.50048913587643284 2.5509089652096755 2.2016869125255352 0.00028150000000000012 1.3666404293814505 1.8478915087238978 -1.0000000180025095e-35 1211813.5650000407 0.69785776982679204 -2.566666666666666 1.3449978908659863 -0.0068932770208558472 1.3530843010994393 7.9130464557652949e-05 4.0360876460293644 0.013339851542888692 1.9864273483222459 1.0982047072696159 3.5506353977310656
decision_type=2 2 2 2 2 2 2 2 2 2 2 2 2 2 2 2 2 2 2 2 2 2 2 2 2 2 2 2 2 2
left_child=1 -1 4 -4 5 18 9 11 -9 -5 -6 12 -8 17 15 -15 -17 -12 -3 -20 -2 22 -22 24 -24 26 -25 28 -10 -30
right_child=20 2 3 6 10 -7 7 8 27 -11 13 -13 -14 14 -16 16 -18 -19 19 -21 21 -23 23 25 -26 -27 -28 -29 29 -31
leaf_value=0.030624911314983683 0.097543870512087294 0.1994669532618181 -0.021339044878382181 0.10018470555507207 0.13984088476961584 -0.0083749241820303116 0.17164596500493301 -0.022345828171192416 0.032322448780734696 -0.0069122727946965383 0.025882905789298485 -0.034759318865690843 -0.0013447159559919835 -0.027748220286895393 0.24718840032675549 0.0030059094810236308 0.30237578121759973 -0.029445192821802392 0.14072879873815378 -0.056009270568209008 0.076254068247908396 0.0011588498279945802 0.064525919596989681 0.072215250167199277 -0.028587048717447577 0.021992904696064144 -0.025977866467951902 0.1726152753682996 0.033916093389245776 0.17219337496490075
leaf_weight=88.505426216870546 12.585833400487898 2.2487130388617542 135.43409049138427 3.6949089169502249 1.5105755776166905 12.862262941896914 2.6429814770817748 10.770635571330784 34.305014882236719 222.22181497141719 13.047845400869845 23.253566801548004 10.191556774079798 9.9734671823680383 1.1642091348767269 1.7951972819864743 1.1226511672139166 382.106161698699 2.2778551876544952 2.3331923633813858 39.665983431041241 21.579582341015339 10.187406808137895 49.220166951417923 14.479274868965147 25.931198313832283 3.5940699130296698 2.1630002111196509 4.4029888324439508 4.9311835467815399
leaf_count=768 51 17 2322 15 14 200 37 168 478 3542 115 370 149 199 21 37 18 7530 28 33 194 181 62 275 95 129 23 22 52 40
internal_value=-0.000640989 -0.00954763 -0.0135676 -0.00481108 -0.0228036 0.0269091 0.00221531 0.0201987 0.0395943 -0.00516068 -0.0251907 -0.0102063 0.0342788 -0.0257999 0.0253204 0.00528362 0.118189 -0.0276183 0.0930679 0.0411792 0.0482511 0.0444833 0.0510176 0.0413377 0.00986886 0.0511951 0.0655331 0.0541598 0.0482885 0.106967
internal_weight=1150.2 972.959 884.454 454.012 430.442 19.722 318.578 92.6609 56.5728 225.917 410.72 36.0881 12.8345 409.21 14.0555 12.8913 2.91785 395.154 6.85976 4.61105 177.244 164.658 143.078 103.412 24.6667 78.7454 52.8142 45.8022 43.6392 9.33417
internal_count=17185 16175 15407 7195 8212 278 4873 1316 760 3557 7934 556 186 7920 275 254 55 7645 78 61 1010 959 778 584 157 427 298 592 570 92
is_linear=0
shrinkage=0.05


Tree=15
num_leaves=31
num_cat=0
split_feature=15 14 3 26 19 6 4 2 13 21 13 0 10 21 4 6 27 3 4 26 7 3 3 14 7 6 7 10 9 15
split_gain=180.092 61.9849 29.6602 17.6817 18.2441 17.2215 19.6566 23.012 17.6829 17.2994 19.3057 25.1935 19.6465 18.0816 15.7532 22.2512 15.478 20.2499 15.5192 15.5223 14.7597 15.7729 14.6604 14.5153 14.8661 14.1891 14.1379 21.9895 14.7789 14.1299
threshold=1.4241858663474487 1.0000000180025095e-35 0.13653463248172112 0.00061276500000000003 -0.12623995836992966 -0.10914348688513707 -0.24131509305838397 -0.92928846331569825 -0.50412065330546041 1.5763490480294433 0.16730762211560948 1.4700970676187091 0.13374347058776823 3.194197674269303 1.6491616610563677 1.6253641733530524 -0.0024756060601158199 -0.32831746999794659 -0.92098486277659142 0.00011500000000000002 -1.6388381268087684 -1.7502325279658051 0.047897727849075131 2663325.8737458265 -3.6372167262361468 3.5029073606558434 -1.5791307261788561 1.0423402461445648 4.7903160979675716 1.1430952132988164
decision_type=2 2 2 2 2 2 2 2 2 2 2 2 2 2 2 2 2 2 2 2 2 2 2 2 2 2 2 2 2 2
left_child=1 -1 3 4 -3 6 7 20 16 -7 25 12 -12 -14 15 -15 -9 18 19 -18 21 -6 -8 29 -25 -11 27 -17 -28 -4
right_child=-2 2 23 -5 5 9 22 8 -10 10 11 -13 13 14 -16 26 17 -19 -20 -21 -22 -23 -24 24 -26 -27 28 -29 -30 -31
leaf_value=0.029326303370391715 0.048373572894193737 0.047663421294333243 -0.041656263852900936 0.072820225295201851 -0.038006772625498252 -0.0440163731555109 -0.018047941907986809 0.0069864804958908238 0.011216362455057194 -0.028949120327994356 -0.034740603313520996 0.22568747624440777 -0.0095610535363820047 -0.0021345056712987732 0.14359360146994013 0.25661145390499468 0.10622296716073863 -0.05441061381124751 0.060331427042894327 0.25773993821373103 -0.016000280363532484 0.10804881550025758 0.071113333616226113 0.13578062765566098 -0.018117379024063209 0.097081497766565536 -0.021761970925179279 0.044037789556354345 0.11204625764455452 0.12251896160217318
leaf_weight=96.750038839876652 161.0304012671113 14.580311030149458 115.70466536283493 6.9155466854572287 2.8887343145906925 51.818509753793478 132.20440081134439 10.431271485984324 58.144709158688784 112.61840868741274 29.65478253737092 1.2520595528185356 43.200267370790243 22.677749503403902 3.2047276236116877 2.3636514469981185 5.8044646494090575 2.4605075158178833 11.529545661062 2.38483502343297 72.948811437934637 5.133181303739546 4.7769388593733302 1.5850286185741413 156.84876565635204 2.2784650698304167 4.4777496717870218 2.5068329684436321 3.8273825794458389 1.3255942314863194
leaf_count=753 843 117 2355 85 43 1097 2295 149 853 2002 543 20 744 303 33 21 68 38 152 31 1232 63 71 26 3084 25 59 30 38 12
internal_value=-0.00063808 -0.00867267 -0.0128242 -0.00667545 -0.0075869 -0.00895554 -0.000812002 0.0104564 0.0277449 -0.0179378 -0.0120125 0.00264583 0.000150493 0.012729 0.037383 0.0278894 0.0572154 0.0808387 0.0977151 0.150347 -0.00892123 0.0554534 -0.0149386 -0.0264422 -0.0165777 -0.0264499 0.0795663 0.1472 0.0399029 -0.0397967
internal_weight=1143.33 982.298 885.548 610.084 603.168 588.588 308.707 171.726 90.7553 279.881 228.062 113.165 111.913 82.2584 39.0581 35.8534 32.6106 22.1794 19.7188 8.1893 80.9707 8.02192 136.981 275.464 158.434 114.897 13.1756 4.87048 8.30513 117.03
internal_count=17185 16342 15589 10112 10027 9910 4995 2629 1291 4915 3818 1791 1771 1228 484 451 438 289 251 99 1338 106 2366 5477 3110 2027 148 51 97 2367
is_linear=0
shrinkage=0.05


Tree=16
num_leaves=31
num_cat=0
split_feature=15 24 3 19 6 7 13 4 4 7 2 3 6 21 3 21 27 7 21 8 7 16 6 10 21 8 19 10 4 2
split_gain=160.821 56.9827 27.3774 21.1423 16.8564 26.0859 27.1906 23.3429 20.1329 18.3568 17.3833 25.4137 23.0347 34.6415 16.1444 16.0373 15.6982 15.4206 14.6854 32.8047 13.8965 13.8954 13.9522 13.5847 16.4136 13.4328 13.159 13.0359 12.9305 27.996
threshold=1.4241858663474487 0.051932241597451932 0.79585882475614922 -2.566666666666666 1.0000000180025095e-35 2.2382393826743203 -0.86578663521839627 -0.24131509305838397 0.59363698070355564 -1.6388381268087684 -0.92928846331569825 -1.1341420381422684 -1.0384960626615067 2.9670259569590267 -1.2854994585899335 1.6174053356818965 0.0037455807874159368 -3.6372167262361468 0.73921892601310557 5728854.7100000447 0.88803782069506843 0.21914830866083193 2.1476809941412429 8.612678955765622 4.5687847905769123 11103806.905000051 0.58147558386409293 6.2151270154324232 -0.92098486277659142 0.63202306459023705
decision_type=2 2 2 2 2 2 2 2 2 2 2 2 2 2 2 2 2 2 2 2 2 2 2 2 2 2 2 2 2 2
left_child=1 2 3 -1 7 15 -7 9 -8 14 18 12 16 -14 25 -6 -12 -4 19 -11 -17 22 -3 24 -9 -5 -2 -15 -16 -30
right_child=26 21 17 4 5 6 8 23 -10 10 11 -13 13 27 28 20 -18 -19 -20 -21 -22 -23 -24 -25 -26 -27 -28 -29 29 -31
leaf_value=0.074875159829870738 0.047480867410551908 0.017833980660226702 0.1449643634770163 -0.038703205364491171 -0.040568589632898 -0.025388503931168968 0.049670863872016885 -0.02304403785353442 0.21371624107125153 -0.0092435592447128821 0.00014254096896314721 -0.0053263694037758427 -0.0082826451941141951 0.10910965896540503 0.12888957793173209 -0.0059782587535636344 0.12047961200266366 -0.030752203844276051 -0.018390125369078483 0.20370807519023135 -0.033955665257012123 0.078537851862934688 0.13018951619039329 0.013575543551484513 0.098261220733558155 0.089525675041668168 -0.045070119775279319 0.23496810857585274 -0.027225666193147802 0.19819403344286562
leaf_weight=7.6834902912378302 159.52824120223522 65.257637441158295 1.2574363723397244 6.664953004568817 74.43768447265029 6.9634699001908293 5.1332068629562837 150.67135962098837 2.9424317292869091 6.6654991507530195 22.022363610565666 49.226145502179861 6.4149051308631924 10.760508481413124 7.6480182111263275 159.9616320207715 3.0904590636491767 177.18952833116055 78.895951870828867 2.4818633012473583 61.429217606782913 13.257778175175188 2.8852422609925261 35.363153327256441 2.8411727584898463 2.9447279460728168 3.9353573247790328 2.5437503531575194 5.0246328711509687 1.897534132003784
leaf_count=31 807 526 19 110 1616 111 62 2676 35 121 323 787 92 111 77 2772 31 3580 1319 29 1087 98 24 551 30 24 36 22 65 13
internal_value=-0.000638206 -0.00834346 -0.0119973 -0.00761769 -0.00851544 -0.0172259 0.0470124 -0.00166299 0.109442 0.00996544 0.00453033 0.0194765 0.0467104 0.087156 0.0508979 -0.0204916 0.0149516 -0.029514 -0.0114369 0.0485345 -0.0137411 0.0317033 0.0225912 -0.014363 -0.0207989 0.000590416 0.0452527 0.133174 0.0840779 0.0345673
internal_weight=1137.02 973.556 892.155 713.708 706.025 310.868 15.0391 395.157 8.07564 206.281 182.101 94.0581 44.832 19.7192 24.1799 295.829 25.1128 178.447 88.0433 9.14736 221.391 81.4007 68.1429 188.876 153.513 9.60968 163.464 13.3043 14.5702 6.92217
internal_count=17185 16342 15694 12095 12064 5683 208 6381 97 3124 2835 1366 579 225 289 5475 354 3599 1469 150 3859 648 550 3257 2706 134 843 133 155 78
is_linear=0
shrinkage=0.05


Tree=17
num_leaves=31
num_cat=0
split_feature=15 20 3 26 10 21 6 8 9 1 5 24 14 13 6 9 6 7 6 4 10 7 3 3 26 19 2 28 7 10
split_gain=144.393 48.6829 24.2914 17.9122 14.8623 14.7638 15.6878 13.0447 17.2248 18.7675 17.9596 12.7986 14.949 12.5133 27.5574 18.9592 14.8629 16.0567 38.1824 31.708 16.8575 17.4622 13.5121 16.4372 14.0948 12.4505 16.1468 12.4695 12.1146 12.2715
threshold=1.0954451150103328 -0.50000000000006928 0.13653463248172112 -0.00036649999999999991 0.35150634347654591 2.31029112136487 -0.34499637774615688 4354091.445000032 8.673998012668644 0.33650178377638884 208.73799999989572 0.035919526512068346 2761022.993738011 0.83922037178059705 -1.1286984435995144 0.33605817413887568 -0.48359997325669163 1.5182857953533186 -1.2409574817962685 0.2467986800831917 2.9530350665389835 -0.84236405067302278 -1.0872014625273481 -0.44868273886124332 0.00024750000000000005 -2.566666666666666 1.3449978908659863 64771.060000000005 2.0602885297286018 41.764630981966427
decision_type=2 2 2 2 2 2 2 2 2 2 2 2 2 2 2 2 2 2 2 2 2 2 2 2 2 2 2 2 2 2
left_child=1 -1 3 28 -5 6 7 -6 9 -9 -11 12 -4 16 -15 -16 17 20 -19 -20 -7 22 24 -24 -22 -2 27 -27 29 -3
right_child=25 2 11 4 5 13 -8 8 -10 10 -12 -13 -14 14 15 -17 -18 18 19 -21 21 -23 23 -25 -26 26 -28 -29 -30 -31
leaf_value=0.02589649501458437 0.087912477395085953 0.010299580136887263 -0.040638557997924332 -0.019928548124996181 -0.017329243078119429 -0.037144417466951851 -0.037222763439827548 0.013134324806703863 0.0032981000397027957 0.31358024105120869 0.071608551594947029 0.036970257629999476 -0.01620568174553277 -0.019667962905575917 -0.023277116992563851 0.048501916237357043 -0.020901995813585338 0.003073742317595044 0.078463666647915417 0.32169309500197579 -0.019613367247560368 -0.0078641059071062353 0.17962054471757016 -0.0017729016692781851 0.14665039792647647 0.032539530857008406 -0.0029274698572797787 0.063703275810880575 0.13531752737233191 0.12590750734344966
leaf_weight=92.674979213625193 12.566636040806769 22.959404513239868 111.20345975458622 190.7621564976871 40.432453162968159 22.950818683952093 54.083741802722216 2.9924331717193153 16.030127953737974 1.490580312907696 1.579361096024513 8.0971760824322683 143.24811815097928 32.639601688832045 11.047913733869789 54.986317317932844 74.925702933222055 15.328948821872475 4.7859984673559657 1.8608999475836752 5.541978657245636 23.920227978378534 3.8978809788823128 1.8376905508339385 1.6554438695311544 102.03465962409973 22.700035341084003 46.831676058471203 2.5917244330048552 2.5504044368863097
leaf_count=768 51 366 2402 3463 755 372 1173 50 237 22 24 60 2967 500 175 686 1262 228 58 27 77 374 37 24 13 553 181 225 31 24
internal_value=-0.00063754 -0.00852189 -0.0122596 -0.00663633 -0.00858174 -0.0027629 -0.0175041 -0.000447485 0.0304486 0.10224 0.189096 -0.0249143 -0.0268836 0.00396806 0.0179158 0.0364929 -0.00481453 0.0099246 0.046473 0.146559 -0.00350561 0.0174434 0.0642509 0.121502 0.0186281 0.0398723 0.0363535 0.0423433 0.0323218 0.0218578
internal_weight=1130.21 946.076 853.401 590.852 562.75 371.988 116.609 62.525 22.0925 6.06237 3.06994 262.549 254.452 255.379 98.6738 66.0342 156.706 81.7799 21.9758 6.6469 59.804 36.8532 12.933 5.73557 7.19742 184.133 171.566 148.866 28.1015 25.5098
internal_count=17185 16175 15407 9978 9557 6094 2261 1088 333 96 46 5429 5369 3833 1361 861 2472 1210 313 85 897 525 151 61 90 1010 959 778 421 390
is_linear=0
shrinkage=0.05


Tree=18
num_leaves=31
num_cat=0
split_feature=15 19 20 3 6 5 6 21 13 10 10 27 6 6 7 4 2 21 6 7 21 13 0 30 30 12 5 30 6 0
split_gain=129.977 48.6703 20.3214 22.7366 19.5388 15.6287 15.2612 19.3724 19.5557 24.0054 16.3442 19.196 15.2942 15.0287 16.6274 13.8859 19.5414 16.9997 16.7162 13.3989 13.1295 17.4526 19.4021 22.0266 13.0223 12.8936 18.0779 15.1256 12.7185 12.6466
threshold=1.4241858663474487 -1.0000000180025095e-35 -0.50000000000006928 0.42548066176106153 1.8798744367301066 -972.35799999977451 -0.13098872357381194 1.6174053356818965 0.67879580125288397 0.13374347058776823 8.612678955765622 0.0019162407040033138 3.2542921800998381 -2.6305888001056075 -1.5965040622729469 -0.71194350519051985 -0.58581243120197268 4.0203407149589419 -0.26356152338437139 -3.6372167262361468 2.7688270441628089 -0.078307719501674297 0.87500354495436306 0.49052018427269212 -2.7593118757291122 1.0000000180025095e-35 -1660.7700000000184 2.0292476608132897 0.23592492724252115 -0.72935567284168734
decision_type=2 2 2 2 2 2 2 2 2 2 2 2 2 2 2 2 2 2 2 2 2 2 2 2 2 2 2 2 2 2
left_child=1 4 -3 6 5 -1 10 -8 12 -10 11 -4 -9 14 -5 16 18 20 -13 -15 21 -17 -23 -24 -11 26 -12 -28 -7 -2
right_child=29 2 3 13 -6 28 7 8 9 24 25 15 -14 19 -16 17 -18 -19 -20 -21 -22 22 23 -25 -26 -27 27 -29 -30 -31
leaf_value=0.12573159232270439 0.056223742155324191 0.01797577276641418 -0.014584537633973139 0.13535360391488041 0.13602183412977148 0.027844174084509885 -0.042186008365089206 -0.024482193919298487 -0.038751361609358138 0.12408526620359484 0.17062809799162737 0.00081291985231900568 0.087033529027775003 0.10249713854309468 -0.037735882936623881 -0.034790765716344367 0.098713446152488227 0.10586046539208814 0.19257441608189718 -0.030392139796104074 -0.050076243543643595 0.018515195014872143 0.31241969252790502 0.024318099236176546 0.017313594911708616 -0.036677573603699686 0.018220205752452558 0.13713494167797116 -0.039689997457309584 0.028342076766708836
leaf_weight=3.6598443537950507 70.33329001814127 56.792087193578482 189.99133472517133 2.9538832455873489 4.2254668772220603 56.535710591822863 58.32689443230629 133.64606793224812 21.270974818617105 2.9805540218949309 2.1868838891386977 18.144749805331234 3.1470529511570922 1.9144654758274544 2.6164192557334891 10.772750481963156 10.066091999411581 3.2912549972534171 1.212395910173657 206.03146133944392 14.365129608660935 9.0412558726966399 1.3634610138833516 1.2921815142035482 68.17977449297905 8.3928163424134237 53.866843417286873 2.8138089552521697 7.952140972018241 96.431725777685642
leaf_count=21 303 470 3346 21 37 423 1354 2497 429 31 24 290 37 27 34 203 102 34 17 4506 245 165 22 25 978 127 753 31 93 540
internal_value=-0.000634049 -0.00773224 -0.0109573 -0.0129421 0.0316897 0.0252206 -0.0080572 -0.0164584 -0.0099119 0.00785449 -0.00066503 -0.00635733 -0.0219167 -0.0269976 0.054052 0.0161174 0.0422076 -0.00301386 0.0128235 -0.0291687 -0.012742 0.0111263 0.0534155 0.172235 0.0217857 0.0213001 0.029566 0.0241235 0.0195164 0.0401012
internal_weight=1123.8 957.034 884.661 827.869 72.3732 68.1477 614.352 287.551 229.224 92.4313 326.801 259.541 136.793 213.516 5.5703 69.5493 29.4232 40.126 19.3571 207.946 36.8348 22.4696 11.6969 2.65564 71.1603 67.2604 58.8675 56.6807 64.4879 166.765
internal_count=17185 16342 15768 15298 574 537 10710 5326 3972 1438 5384 4449 2534 4588 55 1103 409 694 307 4533 660 415 212 47 1009 935 808 784 516 843
is_linear=0
shrinkage=0.05


Tree=19
num_leaves=31
num_cat=0
split_feature=15 24 3 19 6 7 13 4 9 2 26 21 27 3 7 27 14 4 7 6 26 13 30 30 16 5 19 2 15 25
split_gain=117.258 40.1889 23.5877 15.1602 13.6945 23.0597 21.3451 17.7089 19.9513 17.6199 16.2292 14.8057 14.7997 16.548 13.3128 13.7054 13.6316 13.1415 13.0225 15.3478 17.041 12.1185 13.2419 12.7804 12.0393 11.9031 11.8642 14.527 12.9538 11.5949
threshold=1.0954451150103328 0.051932241597451932 0.79585882475614922 -2.566666666666666 1.0000000180025095e-35 2.2382393826743203 -0.86578663521839627 -0.40441202101230761 4.3523970550763948 -0.92928846331569825 -0.00046999999999999988 1.6174053356818965 -0.00030096065309415104 -0.13934075492915285 0.88803782069506843 -0.0017822331762446517 1126219.8916673434 0.59363698070355564 -1.7230009905875547 0.4832014079673575 0.00032411500000000009 -0.77951034201452474 1.1955526985333897 -0.18716499912899989 0.7337394978026357 894.26249999995355 -2.566666666666666 -0.58581243120197268 3.6147844564602587 -0.42526258097948938
decision_type=2 2 2 2 2 2 2 2 2 2 2 2 2 2 2 2 2 2 2 2 2 2 2 2 2 2 2 2 2 2
left_child=1 2 3 -1 7 11 -7 9 -9 10 -5 -6 -11 21 -13 16 -16 -8 19 20 25 23 -23 -14 -18 -4 -2 -28 -29 -20
right_child=26 -3 18 4 5 6 17 8 -10 12 -12 14 13 -15 15 -17 24 -19 29 -21 -22 22 -24 -25 -26 -27 27 28 -30 -31
leaf_value=0.066350262940003818 0.08263691564829663 0.025580890594848006 -0.0020879793166429833 0.10992484065966482 -0.040064586567198385 -0.023955559029534817 0.045403048969844428 -0.022254128307971185 0.012558312025875658 0.003629451310834142 -0.0098225568629189859 -0.0051509978636681344 0.0040574131511448529 -0.043551653490464165 0.13884745536847418 -0.046468074967195433 -0.041243986746904909 0.17070480063332946 0.04716490183247251 -0.028465760479442544 0.19480139147336775 0.056052402057242871 -0.016158928948766939 0.1194107093975106 0.074800710360781036 0.15700115084357782 0.048327732115245957 0.027719981765915277 -0.020091625446419865 -0.036721794914114758
leaf_weight=6.9643630981445304 12.447039961814879 81.757943913340569 7.5134892351925391 2.9214938543736926 65.442660562694073 6.6551863774657241 5.3049831464886648 140.01884742081165 58.290736485272646 44.386019844561815 89.834797140210867 153.44979829713702 3.1289864517748365 4.94113740697503 1.8199854046106327 44.651718884706497 7.9916232861578447 3.4555673487484455 4.2493309229612342 14.519117888063191 1.7179049216210831 22.752426285296682 8.805676117539404 10.323080204427239 3.1028514802455902 1.3938914127647875 77.154542036354542 80.41925810649991 17.19603106379509 134.58247045055032
leaf_count=28 51 620 141 32 1592 111 62 2533 965 672 1506 2745 36 89 33 856 141 35 37 325 19 269 119 108 50 24 345 488 126 3027
internal_value=-0.000630396 -0.00789836 -0.0111254 -0.00704363 -0.00779833 -0.0159683 0.0435474 -0.00161105 -0.0120214 0.00942341 -0.00605094 -0.0192869 0.0246384 0.0433067 -0.0128431 -0.0333475 0.0120167 0.0948279 -0.0281576 0.00495168 0.0506156 0.0528418 0.0359032 0.0925792 -0.00878914 0.0228074 0.0354723 0.0321133 0.0192974 -0.0341542
internal_weight=1117.19 929.976 848.218 684.242 677.278 291.874 15.4157 385.403 198.31 187.094 92.7563 276.459 94.3373 49.9513 211.016 57.5662 12.9145 8.76055 163.976 25.1444 10.6253 45.0102 31.5581 13.4521 11.0945 8.90738 187.217 174.77 97.6153 138.832
internal_count=17185 16175 15555 11982 11954 5625 208 6329 3498 2831 1538 5417 1293 621 3825 1080 224 97 3573 509 184 532 388 144 191 165 1010 959 614 3064
is_linear=0
shrinkage=0.05


Tree=20
num_leaves=31
num_cat=0
split_feature=15 14 21 19 26 6 26 1 8 10 2 9 7 22 5 26 4 6 9 27 21 9 0 3 6 2 15 6 21 10
split_gain=105.817 40.8544 21.7285 18.1516 16.9396 16.5146 13.5817 18.2342 12.9488 12.4243 12.1718 12.0095 11.9345 11.6469 11.5745 11.4183 11.2521 23.7219 11.2004 14.6777 15.6186 12.3529 11.001 10.8231 15.0744 14.2957 11.7687 13.2092 19.7096 41.7263
threshold=1.4241858663474487 1.0000000180025095e-35 1.6766368276891379 -2.566666666666666 0.00061276500000000003 -2.3602067930467743 -0.00022199999999999998 0.18480534860985495 77167773.075000063 58.364456030890985 0.17575459826488615 0.0046636103925248654 -0.55182279515005239 -17.499999999999996 176.62649999978024 6.5000000000000049e-05 1.0000000180025095e-35 3.5029073606558434 15.022123338846646 -0.0053609462792780773 2.8620409668252393 11.293313914480484 -0.78600447454376343 -0.58113773473899977 0.40800969031788364 -0.88783609628735849 1.1211419862054373 1.5355850625661278 2.511434342443438 1.4479105610701863
decision_type=2 2 2 2 2 2 2 2 2 2 2 2 2 2 2 2 2 2 2 2 2 2 2 2 2 2 2 2 2 2
left_child=1 12 5 -4 6 10 7 9 -7 -5 -3 -2 -1 -6 -14 -12 23 -18 19 20 -9 -21 -13 24 25 -8 27 -25 29 -29
right_child=11 2 3 4 13 8 16 18 -10 -11 15 22 14 -15 -16 -17 17 -19 -20 21 -22 -23 -24 26 -26 -27 -28 28 -30 -31
leaf_value=0.078517745278716577 0.0024210363033917302 -0.030944287838568514 0.075275471902258806 -0.016666733793282235 -0.0038289337871451126 -0.025559863231092508 -0.0058891793917012353 0.26182283403729306 0.13639654356527123 0.128425840605457 0.022670504309858171 0.057802140351000023 0.027897057293419753 0.12773301155014413 -0.011612814519813122 0.15194361015063218 -0.020957587614027287 0.18417350838051949 -0.0272295005122523 0.028563191504115668 0.066303715757352 0.19302783347751401 0.02981335524948639 -0.037425526979401658 -0.01531494538917441 0.02629208488644973 0.12100246284727378 0.019526513995881668 -0.042849641659713528 0.38193780860963189
leaf_weight=8.7049438282847387 23.242714896798134 4.0975994989275915 6.9246768206357947 36.011660266667604 2.9273848570883274 263.9502215012908 64.508301895111799 1.5823286473751093 1.2399599663913239 1.5384785123169411 4.0210006311535835 58.905438214540482 69.377234444022179 3.9550294317305079 25.295283958315849 2.9697102643549442 192.94604557007551 1.4197432622313488 5.2326149456202975 22.691541831940416 2.8814431577920914 1.2022218219935883 86.901946201920509 47.02750950679183 86.021257854998112 74.208653494715691 1.3817040398716915 3.4263480864465219 4.7467166297137737 1.033885173499584
leaf_count=53 133 60 28 604 41 5961 1082 26 10 14 43 248 499 40 201 25 3610 12 74 375 43 14 462 898 1430 1011 11 70 88 19
internal_value=-0.000623091 -0.0071642 -0.0108229 -0.00517598 -0.00618023 -0.0223029 -0.00715952 0.0132196 -0.0248026 -0.0107221 0.0374799 0.0357999 0.022492 0.0717741 0.0173405 0.0775868 -0.0102007 -0.0194592 0.0399839 0.0523863 0.135612 0.0368383 0.0411207 -0.00382733 0.00112926 0.0113267 -0.023161 -0.0267032 0.0280646 0.103534
internal_weight=1110.37 941.323 837.946 561.668 554.743 276.278 547.86 71.1403 265.19 37.5501 11.0883 169.05 103.377 6.88241 94.6725 6.99071 476.72 194.366 33.5902 28.3575 4.46377 23.8938 145.807 282.354 224.738 138.717 57.6162 56.2345 9.20695 4.46023
internal_count=17185 16342 15589 9490 9462 6099 9381 1150 5971 618 128 843 753 81 700 68 8231 3622 532 458 69 389 710 4609 3523 2093 1086 1075 177 89
is_linear=0
shrinkage=0.05


Tree=21
num_leaves=31
num_cat=0
split_feature=15 19 26 24 3 6 5 7 6 6 7 3 10 21 27 7 4 6 6 21 7 14 14 8 19 3 0 3 7 6
split_gain=95.2394 37.7112 17.0511 16.2558 20.6119 15.9336 12.6352 12.4832 13.1056 12.4226 18.5897 17.0643 15.3847 15.487 15.2461 14.9106 17.9371 16.3995 16.011 14.0161 14.1914 11.8821 17.4781 13.8138 11.2629 11.2684 11.0293 13.5203 10.9352 10.6677
threshold=1.4241858663474487 -1.0000000180025095e-35 0.00061276500000000003 0.051932241597451932 0.79585882475614922 1.8798744367301066 -972.35799999977451 -1.5965040622729469 0.4832014079673575 1.0000000180025095e-35 2.2382393826743203 0.40270971406258177 8.612678955765622 0.34771288734690969 0.0037455807874159368 1.7379260643547856 0.77828976656788529 -0.94334558286389503 -0.40745562108622368 1.6174053356818965 0.88803782069506843 4567145.1920104222 7671792.5016918974 710914.15000003355 0.58147558386409293 2.058746523265417 0.73023481694735215 0.29647973674439093 -3.6372167262361468 0.23592492724252115
decision_type=2 2 2 2 2 2 2 2 2 2 2 2 2 2 2 2 2 2 2 2 2 2 2 2 2 2 2 2 2 2
left_child=1 5 3 4 9 6 -1 8 21 12 19 -12 14 -14 -3 17 18 -16 -17 -11 -21 -6 -23 -24 25 -2 27 -5 -10 -8
right_child=24 2 -4 26 7 -7 29 -9 28 10 11 -13 13 -15 15 16 -18 -19 -20 20 -22 22 23 -25 -26 -27 -28 -29 -30 -31
leaf_value=0.10957530365237106 0.039083148142881087 -0.012312749610572929 0.054430050907347129 0.018572402802934138 -0.012408082268776668 0.11764800836921757 0.023446914432101271 -0.035674212074495386 0.11762932256477072 -0.040165024714081697 0.020946424306435056 0.20763817140958418 0.11878457570898082 0.012743202092089484 0.040083105039235706 0.0040954516629606351 0.25117476831752888 -0.026873193098957478 0.18639232538302397 -0.0051119859553697099 -0.034886359668587011 0.19161176592094645 0.12477189012662782 -0.053243388996233411 -0.046793718084448217 -0.016637185363650209 -0.016392205989311674 0.10030800178992233 -0.041897839888516648 -0.039341659259028522
leaf_weight=3.8323049619793883 156.24372287839651 249.55863124877214 10.195436865091322 23.777185320854191 6.1424869112670439 4.5714911781251422 58.589682001620531 123.92908396199346 1.1609918400645245 62.099580578505993 13.95274944975972 1.3416912555694569 3.6174480244517317 71.459433652460575 17.986981377005577 4.9738414101302615 1.3054773844778536 18.603836767375469 1.5893647521734235 150.17462178692222 54.560057904571295 2.4145026877522469 1.9329120628535745 2.4983714744448662 4.2279650568962088 9.6328826099634153 15.08095435798168 6.4270415082573882 14.374629911035298 7.647691022604703
leaf_count=21 734 4446 128 173 126 37 423 2926 15 1587 180 25 43 1017 267 66 19 334 13 2721 1066 39 12 50 36 73 123 44 348 93
internal_value=-0.000616471 -0.00688469 -0.00984632 -0.0106182 -0.0122606 0.0272052 0.0213045 -0.0288101 0.00101258 -0.00838631 -0.016285 0.0373238 -0.00234868 0.0178526 -0.00750704 0.0194682 0.0819093 0.00604057 0.048241 -0.0193578 -0.0130466 0.0380791 0.0833795 0.0244063 0.0337933 0.0358473 0.0185286 0.0359646 -0.0299762 0.0161974
internal_weight=1103.9 933.798 859.157 848.962 803.677 74.6412 70.0697 152.453 28.5239 651.224 282.129 15.2944 369.095 75.0769 294.018 44.4595 7.86868 36.5908 6.56321 266.834 204.735 12.9883 6.84579 4.43128 170.105 165.877 45.2852 30.2042 15.5356 66.2374
internal_count=17185 16342 15768 15640 15300 574 537 3516 590 11784 5579 205 6205 1060 5145 699 98 601 79 5374 3787 227 101 62 843 807 340 217 363 516
is_linear=0
shrinkage=0.05


Tree=22
num_leaves=31
num_cat=0
split_feature=15 20 3 26 10 15 19 5 4 27 19 21 6 13 8 9 1 3 21 13 6 13 7 2 6 0 13 6 14 24
split_gain=86.1393 31.3983 18.2747 14.1813 13.0698 11.8731 11.5294 12.8395 11.2323 11.0002 10.5902 10.2283 14.3203 11.6602 11.586 15.2272 12.6746 12.02 10.8597 10.5806 12.7283 9.91219 11.5527 17.611 12.2446 10.161 20.9561 11.405 9.7224 15.4348
threshold=1.0954451150103328 -0.50000000000006928 0.13653463248172112 -0.00036649999999999991 0.36210358057841424 0.51643535601825297 -2.566666666666666 285.17699999990879 -1.0282804281927653 0.0020710105345080891 -0.24800930680765162 2.31029112136487 -0.34499637774615688 -1.5502974623573345 4354091.445000032 8.673998012668644 0.33650178377638884 0.047897727849075131 0.73921892601310557 -1.1958073560074427 -1.2804478183345764 1.3117577988587648 2.2016869125255352 1.4409525532546048 0.66033266761903719 0.86392037414518164 0.69718167179802326 0.51945569575739159 2761022.993738011 0.035919526512068346
decision_type=2 2 2 2 2 2 2 2 2 2 2 2 2 2 2 2 2 2 2 2 2 2 2 2 2 2 2 2 2 2
left_child=1 -1 3 -3 9 11 -2 -8 -9 10 -5 12 14 -13 17 16 -16 -6 -17 20 -20 22 24 -24 25 27 -27 -11 29 -4
right_child=6 2 28 4 5 -7 7 8 -10 21 -12 13 -14 -15 15 18 -18 -19 19 -21 -22 -23 23 -25 -26 26 -28 -29 -30 -31
leaf_value=0.019617645708111402 0.077007227564745498 0.028797256136719865 -0.038726538830836321 0.041616544181033638 -0.020301259823585951 -0.053392134028727445 0.033605176032764764 0.066887980478502557 -0.011002502571378877 -0.0024670576063094535 -0.033876267128534691 -0.023625318796491754 -0.034205099347143726 0.0095261320771467574 0.019039750361927663 0.10079569190732254 0.16335543044589476 0.11170608238237244 0.14812287625638282 -0.039763202451727972 -0.052914245459699721 -0.038836409398107841 0.023143504879999256 0.2226131589295719 -0.027441297780142093 0.015742880920960343 0.220431818636455 0.15452933091111631 -0.01281497816976317 0.032259845520521045
leaf_weight=98.566098421812057 12.192821845412253 28.73601808026433 97.971986293792725 4.8990353122353545 35.061060566455126 10.784912034869192 141.31375808268785 5.4278384596109381 31.428820312023163 27.490677218884233 89.770138163119555 30.252227317541838 45.74754486978054 215.23242392763495 2.7519596293568638 2.5049250461161128 3.4024251513183117 1.8136481754481781 1.9005209915339949 9.4829064421355707 1.3441933803260315 17.716289099305868 5.0942031964659682 1.4136095233261583 29.016170606017113 4.2887854613363734 1.7650599703192709 1.2076077386736859 130.70591178908944 8.3068620562553388
leaf_count=768 51 421 2402 36 686 197 704 23 232 481 1783 500 1118 3216 47 30 43 31 17 149 26 360 78 13 614 81 23 28 2972 55
internal_value=-0.000609168 -0.00702546 -0.0102729 -0.00543348 -0.0072452 -0.00172145 0.0299694 0.0267504 0.000468341 -0.0181401 -0.0299696 -0.000126966 -0.0132679 0.00544072 0.0031721 0.0324497 0.0988241 -0.0138086 0.00563258 -0.0130965 0.0648389 -0.00541308 0.00301279 0.0664718 -0.00346345 0.0165568 0.075422 0.00413926 -0.0219471 -0.0331782
internal_weight=1097.59 907.227 808.661 571.676 542.94 360.279 190.363 178.17 36.8567 182.662 94.6692 349.494 104.009 245.485 58.2616 21.3869 6.15438 36.8747 15.2325 12.7276 3.24471 87.9924 70.2761 6.50781 63.7683 34.7521 6.05385 28.6983 236.985 106.279
internal_count=17185 16175 15407 9978 9557 6060 1010 959 255 3497 1819 5863 2147 3716 1029 312 90 717 222 192 43 1678 1318 91 1227 613 104 509 5429 2457
is_linear=0
shrinkage=0.05


Tree=23
num_leaves=31
num_cat=0
split_feature=15 19 6 26 24 3 7 6 10 21 10 3 6 13 14 5 7 7 13 3 10 2 2 10 7 4 16 5 9 7
split_gain=77.8082 31.8627 14.7673 14.6887 12.7715 17.792 12.6024 12.1604 12.0544 17.6317 15.9485 11.1541 12.8015 23.7922 17.8322 15.9501 18.2015 12.9823 16.84 15.8437 22.9429 14.9963 21.5491 12.467 21.2868 11.5891 11.1322 10.9633 10.5489 10.5138
threshold=1.4241858663474487 -0.021279881258591041 1.8798744367301066 0.00044850000000000006 0.051932241597451932 0.79585882475614922 -1.5965040622729469 0.4832014079673575 8.612678955765622 4.0969277917179889 0.099756662324096093 -1.7907222250360764 -1.0503469229180122 0.18913184821881748 29801140.845068965 -466.69049999979319 -0.6652703057949686 -0.20965490649837268 -0.89780936707037895 -1.0032877050078715 26.57753653512383 -0.43734981925718747 -0.91442319412621076 12.609406400145067 1.6961603283786097 -0.43789218515923017 0.25544760303843589 -972.35799999977451 0.0046636103925248654 -3.6372167262361468
decision_type=2 2 2 2 2 2 2 2 2 2 2 2 2 2 2 2 2 2 2 2 2 2 2 2 2 2 2 2 2 2
left_child=1 2 27 4 5 8 7 -7 9 -3 -11 -10 13 15 17 -13 -17 -14 -19 20 25 22 -21 24 -18 -20 -6 -1 -2 -9
right_child=28 3 -4 -5 26 6 -8 29 11 10 -12 12 14 -15 -16 16 23 18 19 21 -22 -23 -24 -25 -26 -27 -28 -29 -30 -31
leaf_value=0.10023152957436282 -0.0007122486768017742 -0.014263515017762095 0.11099475757389861 0.029749862576105564 0.0050016682626294892 0.03835032442224267 -0.034849880936478367 0.11491372225173596 -0.02946670532209579 -0.034976985890317495 0.034461056473582621 0.17597356856684573 -0.028845111216096515 -0.0031406097822579402 0.16217447711030644 0.11400865096746922 -0.0016980022659873217 -0.053395221914298123 0.10314999020460101 -0.023607614399608706 0.27600552384632204 -0.038913686885341248 0.24718753854480294 -0.03702919416049727 0.23899406345090723 -0.053477114789441699 0.073832427917512197 0.014406838750374943 0.03528516191573685 -0.041005804126436673
leaf_weight=3.945527806878089 23.601311028003693 472.46770203113556 4.6868187934160224 23.63566954806447 40.098245568573475 12.827742692083122 116.13360230997205 1.1761671900749195 18.036828834563494 10.806725256144999 35.21676380187273 3.1579187363386181 30.367394864559174 20.961695913225412 1.59340090304613 7.2795985862612786 2.8514971658587402 5.608187664300206 3.9754207208752632 1.6506837308406832 1.5098500996828077 6.4138332344591547 1.323870483785871 5.8471631668508053 1.3551598563790319 1.6801625788211865 6.8825750574469557 65.384480606764555 147.81884565204382 13.387302853167055
leaf_count=21 133 9233 35 353 300 223 2890 14 276 193 433 33 563 291 18 63 43 107 45 30 22 112 19 90 16 31 44 502 710 342
internal_value=-0.000599534 -0.00636069 0.0250978 -0.00911221 -0.0102288 -0.0117621 -0.0276544 0.00285306 -0.00815364 -0.0113858 0.0181564 0.00659685 0.0134027 0.0343119 -0.00261186 0.0726241 0.0537952 -0.00761041 0.0214863 0.0468551 0.102847 0.00412101 0.0969139 0.0101969 0.0758401 0.0566192 0.0150852 0.0192911 0.030329 -0.0284135
internal_weight=1091.68 920.262 74.0168 846.245 822.609 775.629 143.525 27.3912 632.104 518.491 46.0235 113.613 95.5758 41.453 54.1228 20.4913 17.3334 52.5294 22.162 16.5538 7.16543 9.38839 2.97455 10.0538 4.20666 5.65558 46.9808 69.33 171.42 14.5635
internal_count=17185 16342 558 15784 15431 15087 3469 579 11618 9859 626 1759 1483 536 947 245 212 929 366 259 98 161 49 149 59 76 344 523 843 356
is_linear=0
shrinkage=0.05


Tree=24
num_leaves=31
num_cat=0
split_feature=15 20 21 14 10 7 2 6 7 7 3 8 2 27 8 24 0 13 5 8 16 26 21 14 19 2 0 15 4 7
split_gain=70.4526 26.2316 16.5848 12.826 22.1221 14.0419 12.94 12.5871 17.3648 16.649 16.2489 15.1138 17.455 17.7964 15.6131 14.9258 14.4812 14.4328 13.8448 13.4954 11.5721 11.4037 18.9094 21.9055 11.0084 11.7326 10.1849 10.5438 10.1806 10.1573
threshold=1.0954451150103328 -0.50000000000006928 1.8290421149714124 2761022.993738011 3.2135681408017898 1.7379260643547856 -2.5945974439005846 -1.1048094754450275 -1.5965040622729469 -2.1940966538398601 0.65611407687473222 10824422.940000039 0.019279808132388731 0.002168987502728537 4354091.445000032 0.035919526512068346 -0.69976733467807206 -0.52327679734742416 97.746000000042855 13866114.565000037 0.2477965497621745 -0.00036649999999999991 2.3774666799919912 5557620.0863018436 -2.566666666666666 -0.67092112100442314 -0.30125889541351403 5.7154760664940722 -0.2088780500329179 2.2016869125255352
decision_type=2 2 2 2 2 2 2 2 2 2 2 2 2 2 2 2 2 2 2 2 2 2 2 2 2 2 2 2 2 2
left_child=1 -1 7 4 6 -6 -4 8 9 -3 11 12 -10 14 -14 29 -11 -18 -19 -13 -15 22 23 -5 -2 -26 -27 -28 -24 -9
right_child=24 2 3 21 5 -7 -8 15 10 16 -12 19 13 20 -16 -17 17 18 -20 -21 -22 -23 28 -25 25 26 27 -29 -30 -31
leaf_value=0.017551601929971138 0.073412935761628537 -0.03431685008456236 0.11140955927613679 0.28509407186895935 0.0043065822612226188 0.077534350937070728 -0.023428031126159661 -0.031177528259771214 -0.04236815551647205 -0.036087112714843751 -0.050054918984333931 0.15525795088832492 -0.032045010661715424 0.17425193016653731 0.12279039184514834 0.03777367052242258 0.034295400377151529 0.22833773474416047 0.054141659070563189 0.016060751519828248 0.018343908159327318 0.00026952286342330108 0.046787565624956458 -0.0072796527813238296 0.039219157958617405 0.03114853600514525 0.0090404636826185072 -0.04727878441795183 -0.042570337734225826 0.02871276514715362
leaf_weight=100.65987059101462 11.930086031556128 4.6384207904338828 1.7982395626604546 1.5583040677011042 48.343003015965223 7.5719407759606829 169.07470677793026 184.9576985090971 19.14270430803299 2.1893657445907584 20.978666372597218 2.7962103821337214 9.6271065697073954 2.8025391995906821 1.9595235362648953 8.7811745852231962 3.7742792516946775 3.1047789976000786 1.8030458651483057 4.6153621077537537 2.0687449872493744 268.12981561943889 10.66234989464283 1.0878970623016355 73.277018867433071 45.483818717300892 51.227189909666777 9.9196778833866102 4.546703323721883 7.3613155260682097
leaf_count=768 51 84 29 21 804 98 3237 4774 405 38 532 28 215 35 30 59 34 29 26 58 35 4451 124 20 324 226 326 83 77 164
internal_value=-0.00059339 -0.00649295 -0.00954361 -0.0041959 -0.013076 0.014223 -0.022009 -0.0193161 -0.0024735 0.0449916 -0.0139779 0.00361818 -0.00990529 0.0278533 -0.00585935 -0.0259744 0.0788293 0.107808 0.164341 0.0685766 0.108041 0.00284603 0.041537 0.164894 0.0269007 0.0238163 0.0132315 -9.60435e-05 0.0200743 -0.0288851
internal_weight=1085.87 894.034 793.374 512.773 226.788 55.9149 170.873 280.601 79.5007 15.5099 63.9909 43.0122 35.6006 16.4579 11.5866 201.1 10.8715 8.6821 4.90782 7.41157 4.87128 285.985 17.8553 2.6462 191.838 179.908 106.631 61.1469 15.2091 192.319
internal_count=17185 16175 15407 8861 4168 902 3266 6546 1549 211 1338 806 720 315 245 4997 127 89 55 86 70 4693 242 41 1010 959 635 409 201 4938
is_linear=0
shrinkage=0.05


Tree=25
num_leaves=31
num_cat=0
split_feature=15 19 26 3 6 5 21 24 3 14 10 14 21 13 7 26 13 21 9 10 27 16 28 8 1 6 10 14 13 10
split_gain=63.8647 27.0442 13.4613 12.2456 12.1608 11.9736 11.9678 11.2129 18.9536 13.8463 13.9809 10.6275 11.2402 18.9421 10.2877 12.3883 11.7737 10.1221 9.599 16.9496 10.8567 9.77165 10.2755 8.82512 8.81345 16.1309 12.4497 10.3952 11.2851 14.517
threshold=1.4241858663474487 -0.021279881258591041 0.00061276500000000003 1.4435733441217693 2.0694114812122537 -1159.8985000001264 -0.23706907965650598 0.051932241597451932 0.8181120030173058 2761022.993738011 7.8179858825344146 3154173.552222122 0.43173757951460706 0.98914706553119969 -1.2714295748067379 -0.00032084499999999989 1.9765936010095306 -0.065333299461238434 2.0594785651712679 13.081992619744733 -0.0068932770208558472 -0.46364217605090635 -121230.80499999998 77167773.075000063 0.14808741171878578 3.2542921800998381 0.051510239615785776 6658574.9261706667 1.1188439031350119 0.86587315728966918
decision_type=2 2 2 2 2 2 2 2 2 2 2 2 2 2 2 2 2 2 2 2 2 2 2 2 2 2 2 2 2 2
left_child=1 4 3 6 5 -1 -3 9 -9 10 -8 12 13 -11 -14 -16 -17 -2 -12 20 -20 22 -22 24 -13 26 -26 28 -28 -30
right_child=17 2 -4 -5 -6 -7 7 8 -10 11 18 23 14 -15 15 16 -18 -19 19 -21 21 -23 -24 -25 25 -27 27 -29 29 -31
leaf_value=0.10896627380511292 -0.0090475803508153312 -0.041274792175803161 0.046907762157986359 -0.029374430223268799 0.10930373989603868 0.01352766961276252 -0.019258839094644646 0.0067527650035271967 0.1118393905096124 0.033720632644727709 -0.028374693633298934 -0.01240243795151306 0.066254918097397239 0.32956943848801834 0.1253291072393343 -0.013997149475286869 0.14255955581466614 0.031373835370811183 -0.030242637456333318 -0.0070556712731350878 0.12871615973307979 0.12905372498725617 -0.053307052089448352 0.072442988188709007 -0.038265428065426765 0.11554102048433124 0.0057941370523801727 -0.010648168590935442 -0.04055028195427593 0.064532469397732314
leaf_weight=3.4530957266688338 17.207522675395012 25.143696896731853 10.827719386667011 68.960526920855045 3.8549297824501982 68.06504712998867 278.06311404705048 37.199198551476002 4.850236013531684 1.7455443181097501 9.8832576870918256 179.6485176756978 8.0709565579891187 0.78406425938010205 1.9086296297609795 25.270148143172271 1.2608247846364964 154.96335356682539 2.0946100316941729 14.499701283872126 1.3328729532659056 6.7553037256002453 1.8535541594028462 3.724969219416379 17.238116651773453 3.1755840405821791 53.679772403091192 50.525308147072792 3.9379698224365738 19.871636904776096
leaf_count=18 100 620 128 1643 26 514 5785 267 33 45 182 3280 130 19 26 488 20 743 36 243 17 97 35 36 371 39 1004 855 79 306
internal_value=-0.000585388 -0.0058812 -0.00847841 -0.00920844 0.0227985 0.0181357 -0.00736044 -0.00618809 0.0188741 -0.00772583 -0.0154435 -0.00118108 0.0234949 0.12542 0.0164331 0.00229396 -0.00655714 0.0273339 0.0136869 0.0293525 0.0732121 0.0950088 0.0228327 -0.00408448 -0.00495337 0.00406251 0.00162532 0.0069969 0.018502 0.0471524
internal_weight=1079.85 907.679 832.306 821.478 75.3731 71.5181 752.518 727.374 42.0494 685.324 314.482 370.842 39.0402 2.52961 36.5106 28.4396 26.531 172.171 36.4193 26.536 12.0363 9.94173 3.18643 331.802 328.077 148.428 145.253 128.015 77.4894 23.8096
internal_count=17185 16342 15784 15656 558 532 14013 13393 300 13093 6395 6698 728 64 664 534 508 843 610 428 185 149 52 5970 5934 2654 2615 2244 1389 385
is_linear=0
shrinkage=0.05


Tree=26
num_leaves=31
num_cat=0
split_feature=15 14 14 3 10 21 25 21 6 7 8 6 7 7 13 8 19 2 27 8 27 6 26 1 1 5 21 27 9 4
split_gain=57.8646 22.4349 19.9336 19.505 12.1699 14.7171 11.0658 10.7877 12.6659 14.972 15.8962 15.0975 12.6691 12.1659 10.7662 12.6095 10.4879 10.9691 10.9309 13.0125 9.95528 15.2852 10.6998 9.61169 10.1828 9.34499 9.23143 12.724 11.6892 10.7103
threshold=1.0954451150103328 1.0000000180025095e-35 2761022.993738011 0.25131904707821279 3.2135681408017898 2.3240587430381372 0.033547751641248215 1.8478915087238978 -0.6907634838505109 -1.5965040622729469 9370841.020000048 -0.98996510421653905 -2.1940966538398601 -3.6372167262361468 -0.52327679734742416 281974.5650000429 -2.566666666666666 1.5727391484531443 -0.0070731172806740563 35964179.265000038 0.0019162407040033138 -0.043911931324271306 0.00025250000000000007 1.2848911944003716 1.3057660095400736 -581.30150000029232 1.3530843010994393 7.9130464557652949e-05 4.1075527986690412 -0.58134257533908651
decision_type=2 2 2 2 2 2 2 2 2 2 2 2 2 2 2 2 2 2 2 2 2 2 2 2 2 2 2 2 2 2
left_child=1 -1 3 4 20 -6 7 8 9 12 -11 -12 -4 -10 15 -14 -2 18 19 -18 -3 22 25 -9 -25 -22 27 -20 -28 -30
right_child=16 2 6 -5 5 -7 -8 23 13 10 11 -13 14 -15 -16 -17 17 -19 26 -21 21 -23 -24 24 -26 -27 28 -29 29 -31
leaf_value=0.015876803952160533 0.070255148270694456 -0.025596683769055363 -0.027568138882224542 -0.038786057515241855 -0.027759202054808113 0.024757597283563124 0.061431163716439523 -0.00031148530003851429 0.097774142865884595 -0.027293459011206573 0.020382323147227044 0.19664199220402678 0.11991539868760547 -0.027925442182785688 0.13718333867509361 -0.055069959630522296 0.060806332172983979 -0.017356119119697856 0.033190231148485849 -0.0071412011808899408 0.11340415649697977 -0.022921572159667322 0.12421296437597695 0.1228807699674746 0.02058086793461722 0.0071546707074459301 0.037590030784717565 -0.033433700966549337 0.020117466151719176 -0.044933660788642443
leaf_weight=103.47123695164919 11.640972897410391 125.53817874565721 3.4449658207595339 84.735758444294333 19.476032327860594 42.344642486423254 6.796390898525714 257.2310467325151 1.9670476429164399 31.007524408400059 9.6075264401733858 1.3907575234770764 1.9307972565293301 89.915342018008232 4.7063481770455828 2.2055203542113304 34.258298382163048 16.667300052940845 11.986771136522295 8.8706816807389242 2.2573149688541951 37.584679961204529 2.494096763432025 2.6785473264753845 26.483805630356073 24.872641824185848 62.391615733504295 17.820982471108437 19.638937868177894 9.3351701572537404
leaf_count=716 51 2660 61 2269 414 616 58 4234 28 716 137 24 9 2407 46 35 161 134 67 38 35 807 37 33 413 420 320 105 85 49
internal_value=-0.000576107 -0.00599729 -0.00890397 -0.0180074 -0.011091 0.00821266 -0.00187378 -0.0028684 -0.0139206 0.00522601 -0.00897489 0.0426708 0.0537724 -0.0252344 0.0854614 0.0266117 0.0242524 0.0212933 0.025214 0.046831 -0.0172823 -0.0017521 0.0251061 0.00277268 0.0299771 0.015995 0.0175199 -0.00664182 0.0254026 -0.000841362
internal_weight=1074.75 882.14 778.669 339.303 254.568 61.8207 439.366 432.569 146.176 54.2934 42.0058 10.9983 12.2876 91.8824 8.84267 4.13632 192.611 180.97 164.302 43.129 192.747 67.2087 29.6241 286.393 29.1624 27.13 121.173 29.8078 91.3657 28.9741
internal_count=17185 16175 15459 7258 4989 1030 8201 8143 3463 1028 877 161 151 2435 90 44 1010 959 825 199 3959 1299 492 4680 446 455 626 172 454 134
is_linear=0
shrinkage=0.05


Tree=27
num_leaves=31
num_cat=0
split_feature=15 19 26 6 26 29 13 23 0 6 4 7 0 2 3 7 6 13 27 10 7 30 6 30 21 15 13 21 3 9
split_gain=52.4403 22.9396 12.1108 10.4852 10.4694 13.0036 11.7614 15.9159 17.4546 10.5556 13.8856 16.31 13.504 13.0982 17.6404 12.4908 11.4793 22.682 11.3309 11.1784 10.9144 11.43 10.8449 21.754 10.8133 10.1576 9.95275 13.187 11.2516 10.3092
threshold=1.4241858663474487 -0.021279881258591041 0.00044850000000000006 1.8798744367301066 -0.00018660999999999992 -362998.13499999995 1.2327904230888396 653.50000000000011 0.21617327064296041 0.66033266761903719 -0.16710108434147183 -1.5791307261788561 -0.10972178853415661 -0.92928846331569825 -1.1452486975136706 -3.6372167262361468 0.61787044778674816 -0.38346911798007138 -0.00047755322332676536 0.82595892462315634 -0.50048913587643284 0.49052018427269212 -0.61109673276322451 0.27704071177175132 1.5763490480294433 0.25642232397025994 0.10015642461839593 3.159910483327137 -0.8274727805682528 0.14723617272654024
decision_type=2 2 2 2 2 2 2 2 2 2 2 2 2 2 2 2 2 2 2 2 2 2 2 2 2 2 2 2 2 2
left_child=1 3 4 25 5 6 -3 8 -8 10 11 12 19 -13 18 -11 -12 -18 -15 22 21 -20 -6 -24 -17 -1 29 28 -28 -26
right_child=-2 2 -4 -5 9 -7 7 -9 -10 15 16 13 -14 14 -16 24 17 -19 20 -21 -22 -23 23 -25 26 -27 27 -29 -30 -31
leaf_value=0.059505805545428482 0.024666678894299618 0.015671184590105539 0.026914963046916669 0.08912381082860607 -0.011580714319838247 -0.0037629480124954833 0.062628066501740326 -0.013418619089782039 0.2646496010708877 0.1313800757471669 -0.017112166010344106 -0.017549228485725776 0.066992622110299938 0.0022340515921849559 -0.010182217557091908 -0.038489542276981301 0.25495638131518816 -0.052371050954895873 0.045866335094792592 -0.041185112176813428 0.037701773445243385 0.20136655471653497 0.25831760037745533 -0.017750377493210664 -0.0032891043172306048 0.00760748386658188 -0.047704137957117032 0.023796698516528766 0.0066804653189539848 -0.042368996376530139
leaf_weight=11.180227063596247 172.66879349201918 19.03671859018505 24.281093139201403 5.2241866812109938 3.3595301546156406 110.93611362017691 2.5039618983864775 2.3081223964691162 1.8659377507865427 1.338367111980914 225.07065967470407 90.846327727660537 16.138788085430861 19.331611298024654 56.729460654780269 66.339267244562507 1.1365411691367628 1.2726242020726193 2.4340373165905502 7.5709364339709282 22.154712360352278 2.2969135753810406 1.4342632815241834 1.4201530776917932 27.663135387003422 60.161084786057472 18.781247474253178 30.922021996229887 19.26671826839447 43.275308020412922
leaf_count=61 843 340 353 35 52 2063 33 37 26 16 4468 1693 185 293 1060 1906 26 31 34 131 244 22 22 29 574 462 391 415 409 931
internal_value=-0.000564583 -0.0054254 -0.0078701 0.0207478 -0.00893194 0.00366296 0.0356991 0.0927919 0.148891 -0.0115445 -0.00725154 0.00159335 0.0359498 -0.00371165 0.00849944 -0.0208754 -0.0159501 0.0926129 0.0314303 -0.000393796 0.0524233 0.121363 0.0493055 0.120966 -0.0218634 0.0157407 -0.0139799 -0.000455133 -0.0201649 -0.0271294
internal_weight=1068.95 896.28 819.715 76.5655 795.433 136.651 25.7147 6.67802 4.3699 658.783 451.197 223.717 29.9237 193.793 102.947 207.586 227.48 2.40917 46.2173 13.7849 26.8857 4.73095 6.21395 2.85442 206.248 71.3413 139.908 68.97 38.048 70.9384
internal_count=17185 16342 15784 558 15431 2499 436 96 59 12932 8290 3765 419 3346 1653 4642 4525 57 593 234 300 56 103 51 4626 523 2720 1215 800 1505
is_linear=0
shrinkage=0.05


Tree=28
num_leaves=31
num_cat=0
split_feature=15 14 14 3 10 21 19 28 2 0 3 25 15 24 5 14 3 7 10 27 6 27 9 23 8 27 26 21 6 21
split_gain=47.6296 19.7733 18.4434 18.5936 11.2123 13.1776 9.98852 10.7329 9.75058 9.75554 9.37269 9.8205 9.93315 12.5149 9.70715 10.3914 9.71564 9.3271 14.7036 9.16714 13.4348 8.82121 11.1616 13.6173 11.6411 8.17144 8.17008 8.19174 10.3146 9.73014
threshold=1.0954451150103328 1.0000000180025095e-35 2761022.993738011 0.25131904707821279 3.2135681408017898 2.3240587430381372 -2.566666666666666 64771.060000000005 -0.58581243120197268 -0.28626105173462596 1.6304675024835751 0.033547751641248215 0.76226792779377339 -0.052833616088633586 300.4139999998734 2872924.2812725101 1.5454027399547792 1.9012156554729549 4.04983674522824 0.0019162407040033138 -0.043911931324271306 -0.0081711199425560915 5.0790287762749804 -1034.4999999999998 5860597.3350000354 0.0087258368391867087 0.00025250000000000007 3.948995375180723 -0.17444130022051493 1.8290421149714124
decision_type=2 2 2 2 2 2 2 2 2 2 2 2 2 2 2 2 2 2 2 2 2 2 2 2 2 2 2 2 2 2
left_child=1 -1 3 4 19 -6 -2 8 25 -10 11 12 13 -4 -15 -16 -17 -5 -19 -3 26 -7 -23 -24 -25 -8 27 28 29 -21
right_child=6 2 10 17 5 21 7 -9 9 -11 -12 -13 -14 14 15 16 -18 18 -20 20 -22 22 23 24 -26 -27 -28 -29 -30 -31
leaf_value=0.014858766617735195 0.06746916257221687 -0.024705686743271685 0.14580567762047089 -0.042881745367827795 -0.026849825547383667 -0.053860108811053478 0.035911423594144079 0.037629726442969559 0.021045720816442275 -0.015383458535871279 -0.027946765108312691 0.060214460000332308 -0.053501294623229112 -0.0040399001218930442 0.11327620800155565 0.0099811791897315705 0.15720702837388123 -0.020465799307495692 0.1661041755459533 0.04691621827974593 -0.022052527689975295 0.0087142323707417434 0.17454500448615934 0.08119974277210211 -0.015385451228075428 -0.021436476286565281 0.10469196545622741 0.087267987900713023 0.14287533066190186 -0.024546201376394058
leaf_weight=104.53548713028431 11.321991607546805 121.76850737258792 1.4792515672743309 74.816968005150557 18.859076704829931 3.4115522876381865 44.369570881128311 54.520132005214691 31.363744430243969 44.385957956314087 31.222800511866808 6.7669173814356318 8.657275725156067 304.00011651031673 2.6188854984939089 79.1084552872926 1.1366822868585575 4.6669264212250701 1.3648870028555391 6.7800675667822459 36.563448816537857 24.148708835244179 2.3296852484345427 7.9598676152527315 5.1305188350379467 7.2227698415517798 2.778747957199811 3.4088550433516493 1.2745056115090871 16.012983165681362
leaf_count=716 51 2660 15 2118 414 54 196 264 156 311 816 54 166 5730 42 1355 23 123 28 113 807 356 26 103 77 32 37 36 25 281
internal_value=-0.000557454 -0.00554018 -0.00832304 -0.0172119 -0.0104813 0.00799436 0.0219028 0.019066 0.0111181 -0.000300159 -0.00155356 0.000487388 -0.000530666 0.0006502 9.51689e-05 0.0152653 0.0120667 -0.0380597 0.0217515 -0.0165396 -0.00165803 0.0232834 0.0299346 0.0631669 0.0433451 0.0278829 0.0229888 0.014726 0.00445133 -0.00328884
internal_weight=1063.99 870.801 766.266 331.275 250.427 61.8394 193.184 181.862 127.342 75.7497 434.99 403.768 397.001 388.343 386.864 82.864 80.2451 80.8488 6.03181 188.587 66.8186 42.9803 39.5688 15.4201 13.0904 51.5923 30.2552 27.4764 24.0676 22.7931
internal_count=17185 16175 15459 7258 4989 1030 1010 959 695 467 8201 7385 7331 7165 7150 1420 1378 2269 151 3959 1299 616 562 206 180 228 492 455 419 394
is_linear=0
shrinkage=0.05


Tree=29
num_leaves=31
num_cat=0
split_feature=15 14 14 3 10 21 0 19 5 7 9 6 3 3 26 27 6 29 28 7 6 30 14 3 27 9 3 16 28 10
split_gain=43.1385 17.8907 17.1232 17.8375 10.2719 12.1484 12.0954 9.40885 9.67777 8.86559 12.9615 26.2274 8.68697 9.10681 9.15134 8.56744 12.1148 8.29511 8.21791 7.87765 13.6151 11.7297 12.6177 11.0868 7.7711 8.93433 12.8865 9.78417 11.4963 10.3891
threshold=1.0954451150103328 1.0000000180025095e-35 2761022.993738011 0.25131904707821279 3.2135681408017898 1.8290421149714124 1.4382002305182391 -2.566666666666666 272.58699999982497 1.9012156554729549 2.2572901989468388 0.38858584107447425 1.6304675024835751 -2.0846541767391109 -0.00019799999999999999 0.0019162407040033138 -0.043911931324271306 154163.48500000002 64771.060000000005 2.0947452288474868 -1.1179653344900149 -0.53989914525060112 2872924.2812725101 1.2574573161627911 -0.0081711199425560915 1.507398079422168 -1.7907222250360764 -0.46364217605090635 -167204.59999999998 9.2415046133306564
decision_type=2 2 2 2 2 2 2 2 2 2 2 2 2 2 2 2 2 2 2 2 2 2 2 2 2 2 2 2 2 2
left_child=1 -1 3 4 15 -6 24 -2 18 -5 -11 -12 13 -4 19 -3 -17 -18 -9 21 -21 23 -23 -15 -7 -26 -27 28 -28 -29
right_child=7 2 12 9 5 6 -8 8 -10 10 11 -13 -14 14 -16 16 17 -19 -20 20 -22 22 -24 -25 25 26 27 29 -30 -31
leaf_value=0.013983984525504121 0.065584566022642579 -0.024001790679430139 -0.020975724472369256 -0.042417993475625547 -0.039882491420163618 -0.053581868303781158 0.1657637275332931 0.015979327511731267 -0.0040009804771506665 -0.038736179305855378 -0.020372305288433156 0.31621310594730967 -0.027237361348075969 0.034834923085595396 -0.00057571537930963717 0.021381218311249436 -0.026972169070584875 0.081902888540423643 0.04176583146097599 -0.054197258563095943 0.11578293920828871 0.14147340154251756 -0.0084306147591308236 0.17789680792624027 -0.011932567701198708 -0.043001934720906937 0.08076569474168202 0.035272203344359786 -0.03178340494155172 0.11515536052112357
leaf_weight=105.49557711184025 11.071342274546621 119.14045448973775 44.147889431566 71.926674012094736 11.103587644174693 3.9372989833354941 1.3452692143619049 97.800474639981985 38.90517894923687 3.71293613128364 1.4990462791174652 0.9427573438733815 30.454000897705555 18.521941650658849 296.98316465318203 30.802719004452229 34.014531323686242 1.8443243391811837 45.165680684149265 1.5684435106813905 4.7330028824508181 1.4626393206417549 34.873675955459476 1.46108017861843 15.050690717995165 4.506416510790582 3.5611829981207848 8.8054943382740145 6.2524327076971513 7.5684628300368777
leaf_count=716 51 2660 738 2118 272 67 18 489 261 102 32 17 816 303 5592 492 772 35 209 25 49 20 631 27 237 72 43 134 92 95
internal_value=-0.000546304 -0.00531118 -0.00798876 -0.0166489 -0.0100855 0.00751396 0.0178275 0.0208332 0.018109 -0.0374895 0.0201062 0.10958 -0.00148651 0.000455809 0.00308692 -0.0159706 -0.00161698 -0.0213724 0.0241258 0.0204572 0.0734745 0.0145252 -0.00239655 0.045295 0.0138217 0.0196232 0.0350965 0.0485358 0.00905862 0.0721962
internal_weight=1058.66 865.716 760.22 326.014 247.933 62.1308 51.0272 192.943 181.871 78.0814 6.15474 2.4418 434.206 403.752 359.604 185.802 66.6616 35.8589 142.966 62.6208 6.30145 56.3193 36.3363 19.983 49.682 45.7447 30.694 26.1876 9.81362 16.374
internal_count=17185 16175 15459 7258 4989 1030 758 1010 959 2269 151 49 8201 7385 6647 3959 1299 807 698 1055 74 981 651 330 740 673 436 364 135 229
is_linear=0
shrinkage=0.05


Tree=30
num_leaves=31
num_cat=0
split_feature=15 19 26 3 21 19 5 6 0 19 29 13 3 26 21 21 26 30 0 7 10 1 4 10 29 21 19 14 4 6
split_gain=39.1765 18.5189 10.836 10.2046 10.8192 9.63516 9.39468 9.54208 8.8272 9.85151 9.40646 10.4144 8.78422 11.2365 10.69 10.4948 10.441 21.3901 10.3396 9.80026 10.364 12.1791 10.0765 8.74629 15.2231 8.56127 8.88476 9.1807 8.47473 8.97023
threshold=1.4241858663474487 -0.021279881258591041 0.00061276500000000003 1.4435733441217693 -0.23706907965650598 0.58147558386409293 -972.35799999977451 2.0694114812122537 -0.72935567284168734 -4.1754385964909311 -51173.609999999993 -0.50412065330546041 -1.8911815391305293 -0.00021399999999999994 4.1485564392374803 4.7930046553859631 0.00020600000000000002 -2.8588937822283351 -0.057792498384299777 2.4492087563149796 31.244250687195954 0.18480534860985495 0.73419128869129535 5.7782562903416155 203976.46000000002 1.0000000180025095e-35 0.066149770819666151 5823906.8837338127 -0.31450358888842017 0.19228644216593069
decision_type=2 2 2 2 2 2 2 2 2 2 2 2 2 2 2 2 2 2 2 2 2 2 2 2 2 2 2 2 2 2
left_child=1 6 3 4 -3 8 -1 -8 -2 -10 11 -11 15 14 19 -6 -15 -18 -16 20 21 -14 -21 24 -17 26 27 -5 29 -19
right_child=5 2 -4 25 12 -7 7 -9 9 10 -12 -13 13 16 18 23 17 28 -20 22 -22 -23 -24 -25 -26 -27 -28 -29 -30 -31
leaf_value=0.091085461228103723 0.036920663924472658 -0.039991583068912442 0.041541741497067776 -0.048215453776159316 -0.026874741435188018 -0.049495783204602906 0.0098462379707130662 0.086709814658844919 0.072154884122213103 -0.0027764247146287173 -0.0013151511238590136 0.058530298622410132 -0.021479163267593918 -0.0086532089769991005 0.1292405104887448 0.01686150100600458 0.19230957328042705 0.039611958119516961 -0.011229908773277862 0.020474342714651761 0.065093039061969352 0.020330982528469332 0.19921997649316334 -0.054192117320252781 0.18380793459222872 -0.042940439540552974 0.078460905645212381 0.014085006221962135 -0.0082966058242330189 -0.011011174050660997
leaf_weight=4.2130419164896002 69.099178895354271 22.801291337236762 11.305763583630322 11.263981077820068 75.092914544045925 4.6841689497232428 69.420542538166046 4.2871311828494063 6.7038959413766852 11.800041265785696 63.682742677628994 16.774867534637451 34.112361351028085 447.926179792732 3.7231268472969532 7.967095095664261 1.5862002000212658 27.489901941269636 2.021168988198041 1.9123695082962506 6.6736340653151265 35.589800257235765 1.3415860943496225 2.854780461639165 1.6479272954165933 36.161931898444891 2.8138973228633395 12.448589522391556 43.641241820529103 12.837159978225825
leaf_count=22 286 620 128 322 1360 36 510 26 32 63 346 80 693 8820 40 105 18 389 23 26 89 618 16 43 18 986 21 314 875 260
internal_value=-0.000536522 -0.00480496 -0.00706267 -0.00775658 -0.00609241 0.0212358 0.0184677 0.0143169 0.0232073 0.013632 0.00937942 0.0332136 -0.00499824 -0.00290096 0.0139408 -0.0198209 -0.00559618 0.0104091 0.0798151 0.00918881 0.00556823 -0.000130977 0.0941701 0.0226574 0.0454746 -0.0271149 -0.00554083 -0.0155091 0.0069729 0.0234973
internal_weight=1053.88 881.134 803.213 791.907 729.219 172.745 77.9207 73.7077 168.061 98.9615 92.2577 28.5749 706.417 618.855 85.374 87.5627 533.481 85.5545 5.7443 79.6298 76.3758 69.7022 3.25396 12.4698 9.61502 62.6884 26.5265 23.7126 83.9683 40.3271
internal_count=17185 16342 15784 15656 14013 843 558 536 807 521 489 143 13393 11867 1505 1526 10362 1542 63 1442 1400 1311 42 166 123 1643 657 636 1524 649
is_linear=0
shrinkage=0.05


Tree=31
num_leaves=31
num_cat=0
split_feature=15 20 21 6 7 24 27 8 3 7 7 6 6 8 19 14 10 2 7 6 3 6 13 0 5 13 2 6 13 7
split_gain=35.5939 15.6671 11.9402 11.8186 16.6541 11.451 10.3938 19.3743 14.2816 12.6407 16.631 11.9633 13.1421 16.0287 9.29457 9.27552 14.9456 10.946 9.98287 9.25286 9.22801 10.2082 14.1611 10.4168 10.6625 8.74061 10.0579 8.59662 8.53922 8.64573
threshold=1.0954451150103328 -0.50000000000006928 1.7905758283952848 -1.1048094754450275 1.3993533282936657 0.035919526512068346 0.0021183632746512031 3452240.7750000348 0.79585882475614922 0.99624014497420721 -1.149406402034957 -3.0604048246937396 -1.1557299724132082 751561.72000004665 -2.566666666666666 2761022.993738011 3.2135681408017898 -2.5945974439005846 1.7379260643547856 -2.7431233430350441 1.3675200726111008 -1.4110136898676833 -1.1490545678305966 0.4368900174654296 50.869499999796979 -0.40397201831887375 -0.62036637253225957 0.9280422136948504 -2.3410284750691659 1.0000000180025095e-35
decision_type=2 2 2 2 2 2 2 2 2 2 2 2 2 2 2 2 2 2 2 2 2 2 2 2 2 2 2 2 2 2
left_child=1 -1 3 4 6 -5 7 11 9 10 -8 -3 -13 -14 -4 16 17 -16 -18 -17 21 22 -9 -24 -25 -23 -27 -2 -29 -30
right_child=27 2 14 5 -6 -7 8 20 -10 -11 -12 12 13 -15 15 19 18 -19 -20 -21 -22 25 23 24 -26 26 -28 28 29 -31
leaf_value=0.013205130462950493 0.025091361522525047 0.072045416141269747 0.060855355811283644 -0.026367439162487405 -0.052753827280942189 0.030886899277742071 0.11596427574195395 0.12251671117115595 -0.051905400172997419 0.17504220645144727 -0.038221404068419444 -0.045989655368079294 0.26068323185737735 -0.052180578933467253 0.098997412470018378 -0.049408592040733702 0.0020438366504724179 -0.021008257161818072 0.06299435277600457 0.0038260763148128584 -0.052044333941728485 0.011653935429611316 -0.047406931303667993 0.14248024219510577 -0.014706671094735788 0.08284921638620707 0.25624228037702768 -0.074671197741238093 -0.01241132650035996 0.031472740945615967
leaf_weight=104.93798817694187 143.3321740552783 2.8131518959999076 5.6386243253946295 167.01919942721725 12.206736503168939 9.2148620225489122 3.8423449434339991 2.9962089192122265 2.5847785770893088 2.5846186764538288 3.2100370228290549 23.894368801265955 0.799033148214227 0.83948466554284096 1.9237867258489121 8.4130202755331975 49.209739187732339 154.81502418220043 7.7801392860710612 274.19666542671621 2.4853274878114453 1.5092877503484485 5.4941304475069028 1.9634159356355665 2.3947263918817043 1.9809317477047443 1.4474539421498784 3.4770349562168112 25.892059527337551 19.811033304780722
leaf_count=768 729 17 24 4841 293 58 34 36 77 33 61 626 21 22 29 122 814 3288 96 4616 70 30 98 22 36 19 24 20 153 108
internal_value=-0.000523924 -0.00489183 -0.00741967 -0.0163646 0.000545812 -0.0233737 0.0112398 0.000877985 0.0524585 0.0804503 0.0457835 -0.0258142 -0.0365961 0.100389 -0.00297763 -0.0037028 -0.0115626 -0.0195353 0.0103647 0.00224133 0.0382022 0.0508127 0.0273305 -0.00161692 0.0561087 0.111916 0.156055 0.0189023 0.000864543 0.00661121
internal_weight=1048.71 856.195 751.257 249.28 73.046 176.234 60.8393 48.6175 12.2218 9.637 7.05238 28.346 25.5329 1.63852 501.977 496.338 213.729 156.739 56.9899 282.61 20.2715 17.7862 12.8485 9.85227 4.35814 4.93767 3.42839 192.512 49.1801 45.7031
internal_count=17185 16175 15407 6418 1519 4899 1226 1021 205 128 95 686 669 43 8989 8965 4227 3317 910 4738 335 265 192 156 58 73 43 1010 281 261
is_linear=0
shrinkage=0.05


Tree=32
num_leaves=31
num_cat=0
split_feature=15 14 14 3 15 21 19 8 8 21 3 0 28 22 27 27 14 3 18 6 7 10 10 13 4 1 5 29 3 9
split_gain=32.2683 16.3434 13.4336 13.2502 14.7754 8.78429 8.69827 8.68793 21.3333 15.2278 19.6284 13.8885 21.513 14.2967 15.2127 12.875 14.2379 16.4247 11.7186 11.8075 19.114 10.6405 18.3407 9.71389 11.7616 17.8293 15.6154 11.9585 8.25183 8.07998
threshold=1.4241858663474487 250703.66777018268 2761022.993738011 0.25131904707821279 1.1430952132988164 0.8147914023303261 0.58147558386409293 980978.45500004862 1035810.3250000448 3.6500629257229646 -1.1662363104758808 0.45377219878154479 -524849.83499999985 231.50000000000003 -0.00312263506601218 -8.7297965390087371e-05 2293987.3984280038 -1.3640663677441944 -0.41849447181633698 -0.15123736073646757 -1.0000000180025095e-35 9.2415046133306564 12.609406400145067 -0.69414744487466751 -0.60113618941540115 0.39092649892948717 74.540000000037267 4826.7350000000069 2.058746523265417 0.0046636103925248654
decision_type=2 2 2 2 2 2 2 2 2 2 2 2 2 2 2 2 2 2 2 2 2 2 2 2 2 2 2 2 2 2
left_child=1 -1 3 5 -5 -3 28 9 -9 23 15 21 13 14 -13 -11 17 -17 19 -14 -21 -10 -23 24 25 27 -27 -7 29 -2
right_child=6 2 -4 4 -6 7 -8 8 11 10 -12 12 18 -15 -16 16 -18 -19 -20 20 -22 22 -24 -25 -26 26 -28 -29 -30 -31
leaf_value=0.012849929914547423 -0.0049839246586233414 -0.042496468184938171 -0.0014779528159507187 -0.036892099076957785 0.11923662023044464 -0.021321292642790396 -0.048814135305252054 0.16464104595394788 -0.02159803040629419 -0.040415689743649751 -0.04721339591882831 0.057568209540792371 0.011649134883259169 -0.018648644084655473 0.25520522828811271 0.073887207535492966 -0.023318414683954541 0.23543523368186078 -0.01465073421976296 0.28027289563479557 -0.0051650633729381683 0.10681978831394362 -0.01707570970140615 -0.032755125143044725 -0.0250017984046455 0.24952630331217157 0.048634601525922319 0.12152788245771194 -0.023662964257123883 0.028264726979576882
leaf_weight=118.29540297016501 21.080635249614716 18.470007413998246 438.05284967832267 71.953803151845932 1.547957308590411 10.1406825222075 4.5709538757801047 2.0529928784817448 49.848611125722528 2.6670401096344021 6.4379419870674601 1.7148012816905973 3.6648725606501102 1.348772946745157 2.2528161276131899 6.6948726437985888 2.5059389993548384 2.0567408986389628 14.803474139422173 1.3328888956457379 1.0473627764731706 4.7951367981731874 7.921941414475441 73.124748639762402 22.694481754675508 1.4836341701447953 2.7795632276684046 1.7124970033764828 9.7043803632259351 137.18153409659863
leaf_count=881 108 510 8282 2236 13 208 36 35 1014 42 105 23 59 24 34 93 35 26 267 20 23 52 127 1590 535 27 43 38 73 626
internal_value=-0.000515782 -0.00442737 -0.00714123 -0.0150155 -0.033604 -0.0093592 0.0192397 -0.0066156 0.00529597 -0.0147894 0.0249828 0.00160914 0.0321984 0.12198 0.169787 0.0583622 0.0817638 0.111853 0.00930392 0.0679648 0.154674 -0.0111833 0.0296407 -0.0220245 -0.00180647 0.0308563 0.118547 -0.000683051 0.0210917 0.023836
internal_weight=1043.94 871.402 753.106 315.054 73.5018 241.552 172.538 223.082 90.7837 132.298 20.3625 88.7307 26.165 5.31639 3.96762 13.9246 11.2576 8.75161 20.8486 6.04512 2.38025 62.5657 12.7171 111.936 38.8109 16.1164 4.2632 11.8532 167.967 158.262
internal_count=17185 16342 15461 7179 2249 4930 843 4420 1678 2742 301 1643 450 81 57 196 154 119 369 102 43 1193 179 2441 851 316 70 246 807 734
is_linear=0
shrinkage=0.05


Tree=33
num_leaves=31
num_cat=0
split_feature=15 14 14 3 15 20 8 0 21 3 5 16 13 4 1 6 0 29 3 5 8 2 10 19 0 19 2 15 21 18
split_gain=29.2234 14.7942 12.5135 12.5933 13.0421 10.5657 9.08324 18.4935 13.9218 16.0932 12.1423 24.0811 9.15224 9.66571 15.3439 11.9436 15.0578 10.8768 9.10836 8.16434 9.57784 8.44283 8.6145 7.97302 8.03636 9.53823 8.74428 13.0313 8.80696 8.37401
threshold=1.4241858663474487 250703.66777018268 2761022.993738011 0.25131904707821279 1.1430952132988164 -3.0000000000004161 964240.64000005601 1.4467339124373033 3.6500629257229646 -1.1662363104758808 -83.516499999910579 -0.0489148965652264 -0.69414744487466751 -0.60113618941540115 0.39092649892948717 -0.8890250481927654 -0.31760021806154587 4826.7350000000069 -1.5847868190645762 156.91500000003728 1035810.3250000448 1.7076482815210019 0.46541573500744332 0.58147558386409293 -0.72935567284168734 -4.1754385964909311 -0.53775564727415148 3.834057902536165 3.4663298023301188 -0.16598114363997288
decision_type=2 2 2 2 2 2 2 2 2 2 2 2 2 2 2 2 2 2 2 2 2 2 2 2 2 2 2 2 2 2
left_child=1 -1 3 5 -5 -3 8 18 12 10 11 -10 13 14 17 -16 -17 -7 -8 20 -20 22 -21 24 -2 -26 -27 28 29 -28
right_child=23 2 -4 4 -6 6 7 -9 9 -11 -12 -13 -14 -15 15 16 -18 -19 19 21 -22 -23 -24 -25 25 26 27 -29 -30 -31
leaf_value=0.012109170214076103 0.033208989793776879 0.16340107734689224 -0.00140580796708466 -0.036291263119247671 0.10567995432121791 -0.026277328692648257 -0.031206197773713109 0.14373972512753228 0.2097090473686859 -0.046698177034743001 0.0053226092239392732 0.018356175570029762 -0.034231627327557357 -0.025768962323915779 0.22358882141976971 0.15789319826575759 -0.053530985384523812 0.1040199896506558 0.10726553263184563 -0.036220765101234474 -0.0087182044136023332 -0.039565591788932264 0.056227858250223833 -0.047991078188906022 0.069934846553924276 0.028986220913986956 0.038919752675422192 -0.052220951755318823 -0.045850609328316506 -0.0046129585082512869
leaf_weight=119.23054415732622 68.533008262515068 0.88501894101500411 437.52070017158985 69.549240324646235 1.6561738252639759 10.268501235172154 20.218332547694445 2.2468232046812764 2.8252175822854042 6.189827572554349 7.2931737080216417 3.9330742172896871 79.269958781078458 23.446814280003309 1.384833078831434 1.6378281190991402 1.7335202954709521 1.8976427428424347 1.8453621380031098 2.9408638197928729 50.232500804588199 3.646576238796114 17.600141385570168 4.4207096248865119 6.4130382239818564 30.226776242256165 20.156255103647705 11.356467589735983 6.8450180590152732 24.443673551082615
leaf_count=881 286 7 8282 2236 13 223 409 36 37 105 104 52 1833 574 12 26 33 38 32 63 1011 71 264 36 32 124 100 89 36 140
internal_value=-0.000511516 -0.00424823 -0.00685481 -0.0145279 -0.0329891 -0.00903916 -0.00967875 0.001933 -0.0178746 0.0204747 0.0500651 0.0983488 -0.0243628 -0.00498396 0.0238148 0.0999621 0.0491806 -0.0059539 -0.00136926 0.00654065 -0.00460836 0.0305454 0.042992 0.0182908 0.0200352 0.010956 0.00689022 -0.00374474 0.00695638 0.015061
internal_weight=1039.85 867.453 748.222 310.701 71.2054 239.496 238.611 98.7306 139.88 20.2413 14.0515 6.75829 119.639 40.3691 16.9223 4.75618 3.37135 12.1661 96.4838 76.2654 52.0779 24.1876 20.541 172.395 167.974 99.4412 93.0282 62.8014 51.4449 44.5999
internal_count=17185 16342 15461 7179 2249 4930 4923 1886 3037 298 193 89 2739 906 332 71 59 261 1850 1441 1043 398 327 843 807 521 489 365 276 240
is_linear=0
shrinkage=0.05


Tree=34
num_leaves=31
num_cat=0
split_feature=15 19 26 13 29 4 8 25 30 4 4 22 6 26 16 1 15 26 3 21 0 30 22 21 5 9 22 30 4 5
split_gain=26.5461 13.9441 9.90124 8.90006 8.77403 9.28518 8.61022 8.2103 10.3633 10.2149 10.1514 10.6733 9.63785 8.45753 9.11799 8.45201 8.31717 10.2591 7.96752 10.7069 8.45747 9.25687 8.87624 8.43003 8.33157 7.98426 9.43521 12.0454 9.4285 19.8971
threshold=1.4241858663474487 -0.021279881258591041 0.00044850000000000006 2.2789318001571308 -740506.24999999988 -0.37391368018322085 77167773.075000063 -1.0599358830796803 1.4110622844180953 -0.26303146437943609 -0.87016828314276651 -1729.4999999999998 -0.15123736073646757 -0.00013695499999999994 -0.039628573780061065 0.096467407521658707 0.36402706383926781 -0.00012398499999999999 1.4435733441217693 -0.23706907965650598 1.4823791043699726 0.97071446744556844 -337.49999999999994 1.0000000180025095e-35 1965.6450000000189 16.89124388249385 1366.5000000000002 -2.7593118757291122 -0.2088780500329179 631.57700000004854
decision_type=2 2 2 2 2 2 2 2 2 2 2 2 2 2 2 2 2 2 2 2 2 2 2 2 2 2 2 2 2 2
left_child=1 7 6 4 -4 -6 18 -1 9 10 11 -9 -13 14 -11 -12 17 -10 19 -3 22 -22 -21 24 -20 26 28 -28 29 -24
right_child=-2 2 3 -5 5 -7 -8 8 16 13 15 12 -14 -15 -16 -17 -18 -19 23 20 21 -23 25 -25 -26 -27 27 -29 -30 -31
leaf_value=0.10739002594851928 0.017467966468169387 -0.041194332866415384 -0.056285164390912294 0.13142775736033474 0.066820288008815898 -0.0027031094822048433 0.064131264210154484 0.13328074245570995 -0.056493274445734959 -0.025468609861837261 0.030132381014603606 0.07437410792642267 -0.010039382884295048 -0.0128025923635688 0.086042842701924402 0.1227815297611365 -0.059733264081913685 0.06645727907451443 -0.011648968035510803 -0.013587577459232371 0.01299956637396946 0.13833637441149535 0.0097667103628408178 -0.041919399195972401 0.09797932789351628 -0.020565678930336794 0.11417318824793216 -0.019035900648981134 -0.0041648765104143086 0.10961311520458111
leaf_weight=2.3787343055009833 171.46582347899675 20.981229536235332 3.4942436479032066 1.8230492286384095 9.0246359538286995 10.265199793502685 4.218488208949565 1.9601849615573943 2.9074070639908314 2.8366451188921928 4.2550717480480618 4.4710053764283719 13.87495887652039 23.725224334746606 5.1819538995623571 5.8402133025228977 7.8614260964095592 4.0740586444735509 23.300028258934621 225.3449817057699 5.1310387887060633 2.0664335675537586 160.91843924857676 32.969331772997975 1.8723612297326315 48.419847309589386 1.7403664588928212 68.167371109127998 159.2666592746973 5.1492465175688258
leaf_count=18 843 618 46 20 116 171 37 12 18 21 29 25 100 172 36 36 67 24 608 4421 91 36 2909 972 40 834 27 1416 3368 54
internal_value=-0.00050214 -0.0040704 -0.00609178 0.025123 0.0166172 0.029823 -0.00710305 0.0159011 0.0130743 0.0220395 0.0427536 0.0223817 0.0105326 0.00220138 0.0465948 0.0837307 -0.024462 0.0152549 -0.00750089 -0.00601792 -0.00492646 0.0489844 -0.00550646 -0.0252834 -0.00349465 -0.0014019 0.000945797 -0.0157196 0.00452686 0.0128626
internal_weight=1034.99 863.52 784.153 24.6071 22.7841 19.2898 759.546 79.3669 76.9881 62.1453 30.4014 20.3061 18.346 31.7438 8.0186 10.0953 14.8429 6.98147 755.327 697.186 676.204 7.19747 669.007 58.1417 25.1724 443.662 395.242 69.9077 325.334 166.068
internal_count=17185 16342 15784 353 333 287 15431 558 540 431 202 137 125 229 57 65 109 42 15394 13774 13156 127 13029 1620 648 8608 7774 1443 6331 2963
is_linear=0
shrinkage=0.05


Tree=35
num_leaves=31
num_cat=0
split_feature=15 24 3 7 27 10 10 8 8 4 8 16 25 16 6 7 13 4 7 21 21 6 10 8 7 14 10 7 18 0
split_gain=23.9839 12.9684 11.5789 9.82176 12.0794 12.1409 10.6699 12.3318 21.3876 29.5916 13.2627 13.6268 9.35521 8.84056 8.68307 13.5971 15.3548 12.0117 13.6431 17.2986 17.1111 12.0677 13.3497 20.9659 11.899 13.4718 11.2896 11.8971 11.4072 11.2841
threshold=1.4241858663474487 0.051932241597451932 0.79585882475614922 -1.7230009905875547 0.015734244177679216 6.822038795415911 0.80886901212459583 5728854.7100000447 2318374.3150000595 1.7246182658918368 156944.34500003356 -0.76440177850281954 -0.42526258097948938 0.21914830866083193 -0.13098872357381194 2.2382393826743203 -0.86578663521839627 -0.24131509305838397 -0.71341588018313551 0.22427477630090728 2.7419720112770465 -0.56347263444395035 5.4663553515563024 281974.5650000429 0.91245133904835007 250703.66777018268 0.24114417027036486 -1.7709271602728422 -0.70394896095664039 0.31066977340363755
decision_type=2 2 2 2 2 2 2 2 2 2 2 2 2 2 2 2 2 2 2 2 2 2 2 2 2 2 2 2 2 2
left_child=1 2 14 6 12 -6 -4 8 10 -10 11 -8 -5 -3 17 24 -17 18 -1 29 -21 -22 23 -23 -16 -26 -19 -28 -29 -20
right_child=-2 13 3 4 5 -7 7 -9 9 -11 -12 -13 -14 -15 15 16 -18 26 19 20 21 22 -24 -25 25 -27 27 28 -30 -31
leaf_value=0.030711898851434768 0.016568300784058472 0.0065638238651528963 -0.044795314412420982 0.035739796242527183 0.020443463095164705 0.25605303776687105 0.24971803680038393 -0.040978115995709087 0.064695676409670375 0.3957366093994017 -0.041692706886632638 0.032658115681515394 -0.033368306710078531 0.047007772391803752 -0.0066052374825928337 -0.024337519641222743 0.074223643732364411 -0.031886459205499415 0.048185755631803044 -0.024995207685248634 0.0038308971855349609 0.10116156193742581 0.13451401160890109 -0.046329901493437464 0.15425883431291992 -0.034086683263332265 -0.050246784343950718 -0.031156264286848336 0.012855405253323291 0.23246364004332953
leaf_weight=58.191867971792817 171.73061902821064 80.054907571524382 6.2550512179732349 5.1638407483696929 3.4659753683954468 0.64918171241879452 0.94574972055852402 4.1967822108417741 2.0863326210528608 0.99797316640615452 4.4295792877674103 3.0708285048603994 94.789699587970972 16.255398813635111 221.03650134429336 6.5990492720156935 9.8497417010366899 38.106477856636047 2.6647940985858436 48.292414225637913 63.267196327447891 4.6338174231350404 3.8572373986244193 5.0194310992956161 0.96413109079003234 62.205831436440349 10.789096066728233 17.918599925935268 82.543284740298986 1.207014577463269
leaf_count=803 843 550 181 40 111 18 16 104 44 16 109 44 2916 98 4461 113 100 898 45 998 942 50 27 70 22 1464 204 348 1530 20
internal_value=-0.000490612 -0.003899 -0.00608076 -0.019927 -0.0263416 0.0576118 0.0104409 0.0324095 0.0591206 0.171809 0.01797 0.0837674 -0.029798 0.01339 -0.00334146 -0.00951649 0.0346821 0.00217594 0.0106156 0.00154605 -0.00167619 0.0129912 0.0558875 0.0244699 -0.0120745 -0.0312121 -0.00839829 -0.000352955 0.00500539 0.105633
internal_weight=1031.24 859.508 763.197 126.051 104.069 4.11516 21.9823 15.7272 11.5305 3.08431 8.44616 4.01658 99.9535 96.3103 637.146 300.655 16.4488 336.491 187.134 128.942 125.07 76.7777 13.5105 9.65325 284.206 63.17 149.357 111.251 100.462 3.87181
internal_count=17185 16342 15694 3599 3085 129 514 333 229 60 169 60 2956 648 12095 6160 213 5935 2955 2152 2087 1089 147 120 5947 1486 2980 2082 1878 65
is_linear=0
shrinkage=0.05


Tree=36
num_leaves=31
num_cat=0
split_feature=15 20 15 10 21 13 27 7 6 7 13 6 9 6 10 10 10 6 1 13 10 21 30 19 4 7 7 14 7 7
split_gain=21.7964 10.78 10.245 9.13139 12.6108 11.5178 12.7132 21.4007 11.3602 15.2416 11.2552 11.4208 13.8485 11.6899 11.9036 29.3737 10.0516 9.21798 8.53159 21.496 32.1937 23.5793 8.92068 8.5304 8.43766 10.4698 8.4271 17.755 8.29213 8.88993
threshold=1.0954451150103328 -0.50000000000006928 0.70837589301420245 0.12581807381410035 2.31029112136487 1.2327904230888396 0.015734244177679216 2.2016869125255352 -1.1428295680875376 -0.58204785910227619 1.8082388009190302 -1.6789204381501914 3.950150103138554 0.27123101876612082 2.6015880991689024 1.3955405068940785 1.1906879553605039 -1.1557299724132082 0.80939879371473145 -1.7155487720917451 0.36210358057841424 -0.71394669445998793 3.7493055908159088 -2.566666666666666 1.2082350535467501 -0.44953940742746762 2.3316621780150881 3739231.597031544 -2.4263369770524377 -1.5965040622729469
decision_type=2 2 2 2 2 2 2 2 2 2 2 2 2 2 2 2 2 2 2 2 2 2 2 2 2 2 2 2 2 2
left_child=1 -1 3 5 8 6 -3 24 9 28 -6 -12 13 14 15 -13 -14 -11 26 20 -20 -22 -21 -2 -8 -26 -10 -28 -5 -30
right_child=23 2 -4 4 10 -7 7 -9 18 17 11 12 16 -15 -16 -17 -18 -19 19 22 21 -23 -24 -25 25 -27 27 -29 29 -31
leaf_value=0.010808610578186887 0.059529976574704137 -0.012617359674692448 -0.040584781060204828 -0.053458037105140188 0.0011172670916600512 -0.041965716444596943 -0.040950829516366166 0.17132588232819024 -0.029865294433777934 -0.018765205601158574 -0.032828790655594929 0.014572080097612121 0.1648506978781073 -0.046764066167548912 -0.011819824150246941 0.30847641517820179 0.056225646364430296 0.12719178495949707 0.34004259856706842 -0.017712399642698756 0.26226509476253779 -0.010064962185857817 0.16732933123210428 0.012213023387221926 -0.0064791136456203331 0.24487167324130255 0.15542128813446821 -0.052639722297393658 0.06987521202543466 0.014558847535237798
leaf_weight=107.33238054066896 10.05025304853916 137.10596747882664 20.996123759075999 2.6618194468319407 265.7341933902353 32.277750322595239 4.126119399443267 2.5585155449807644 97.932619161903858 40.159984730184078 6.0918893963098517 2.6938504651188837 2.469319865107539 6.1614483073353759 4.4856401048600674 1.242124944925308 15.483324177563189 1.1116917952895153 1.0206095259636629 41.360810207203031 0.95347226411104191 4.7774905003607273 0.66174698248505492 182.33867309987545 1.079049054533243 0.67251868173480023 1.8987728636711825 2.2291262559592724 12.880529379472138 16.65476132184267
leaf_count=768 51 3137 419 50 4430 820 95 26 2899 939 96 44 30 96 61 22 177 27 31 1203 26 141 9 959 28 18 35 52 147 349
internal_value=-0.000487035 -0.0039835 -0.00616593 -0.00514303 -0.00184627 -0.0149444 -0.00895173 0.0506225 -0.0108418 0.0052811 0.00478313 0.030002 0.0417663 0.00557272 0.0438635 0.107323 0.0711666 -0.0148337 -0.018695 -0.00149345 0.0813185 0.0352432 -0.0147985 0.0146848 -0.00191887 0.0900276 -0.0269156 0.0430653 0.0310652 0.0386827
internal_weight=1027.2 834.814 727.481 706.485 528.665 177.82 145.542 8.4362 224.303 73.4688 304.362 38.6276 32.5357 14.5831 8.42162 3.93598 17.9526 41.2717 150.835 48.7741 6.75157 5.73096 42.0226 192.389 5.87769 1.75157 102.061 4.1279 32.1971 29.5353
internal_count=17185 16175 15407 14988 10864 4124 3304 167 5908 1512 4956 526 430 223 127 66 207 966 4396 1410 198 167 1212 1010 141 46 2986 87 546 496
is_linear=0
shrinkage=0.05


Tree=37
num_leaves=31
num_cat=0
split_feature=19 15 14 14 3 15 3 6 7 9 6 0 8 8 10 21 8 9 22 26 26 18 26 5 3 21 7 0 10 9
split_gain=20.6607 15.1282 11.9841 11.1335 11.2976 11.2135 9.76084 9.1829 9.17677 10.6409 17.4317 9.17402 10.3173 19.8996 11.9595 9.34911 8.55716 23.729 10.9526 9.65001 9.85394 8.404 8.51873 10.7006 7.96402 8.7947 10.7766 10.4858 11.3552 24.8143
threshold=-2.566666666666666 1.4241858663474487 1.0000000180025095e-35 2761022.993738011 0.25131904707821279 1.1430952132988164 2.058746523265417 -0.56347263444395035 1.9012156554729549 2.2572901989468388 0.61787044778674816 -0.90278099826287661 964240.64000005601 999350.72500003176 0.60892141640319419 3.5309535087844517 1467299.9850000348 2.8935484611551137 -1510.4999999999998 -6.0729999999999989e-05 8.1000000000000058e-05 -0.094953470391708789 -3.9855000000000038e-05 -179.61950000002977 -2.3285410460452716 4.1485564392374803 1.9496319987924415 -0.96006743649562976 2.7007231864053254 1.9416892132326316
decision_type=2 2 2 2 2 2 2 2 2 2 2 2 2 2 2 2 2 2 2 2 2 2 2 2 2 2 2 2 2 2
left_child=-1 2 7 4 11 8 -3 -2 -6 -10 -11 15 -13 -14 -15 -4 17 -16 19 -18 -21 -17 -23 -24 -5 -26 27 28 29 -27
right_child=1 6 3 24 5 -7 -8 -9 9 10 -12 12 13 14 16 21 18 -19 -20 20 -22 22 23 -25 25 26 -28 -29 -30 -31
leaf_value=0.054967389905986035 0.088646941058724629 0.015442906883770225 -0.030534229746926607 -0.027773843783682528 -0.040874292342776175 0.10074884935060797 -0.03956637261776999 0.0083202621587962055 -0.036010189210940291 -0.017264209511740181 0.24561604976531598 -0.012559922000188795 0.22821259888741469 -0.030988869366582877 0.011609371847860499 -0.025754196007477376 -0.0031204575483291465 0.21792932421406963 0.005062923217871741 0.24419663551903492 0.052727394764629731 -0.010820253729266449 0.14904646485731235 0.0062445337446034423 -0.0017402827280925256 -0.016527769259497765 0.075943671020858458 -0.01298863439351744 -0.013673863501585779 0.21000717354917905
leaf_weight=16.526886895298958 3.6748004108667365 154.20238456875086 66.308869214728475 26.556264059618115 59.658487837761641 1.5554086714982975 8.509073853492735 111.89669586718082 3.1375442538410416 1.3950356785207989 1.1508384272456167 86.247717099264264 1.0651045497506846 13.744942350313066 4.5385101009160271 8.6081945560872573 1.7592406738549469 2.0111345462501049 38.622686251997948 1.3306369334459298 1.3575248066335914 4.1871975846588612 2.9070717021822929 2.3906151577830297 366.73954704962671 2.259715039283039 7.9293575063347808 17.274088431149721 3.4788050837814808 2.5994231216609478
leaf_count=80 18 728 1567 468 2117 12 67 735 102 34 15 1968 21 334 85 137 25 29 669 18 24 61 37 37 7380 29 67 244 48 29
internal_value=-0.000483962 -0.00139394 -0.00408403 -0.00645606 -0.0138033 -0.0319325 0.0125662 0.0108744 -0.0350908 0.0256178 0.101568 -0.00864417 -0.00125162 0.013886 0.0102834 -0.0218416 0.021716 0.074962 0.013619 0.0879224 0.147504 0.0100156 0.0424792 0.0846062 -0.00125809 0.000501068 0.0250079 0.00923839 0.0552871 0.104658
internal_weight=1023.62 1007.1 844.385 728.814 301.977 66.8973 162.711 115.571 65.3419 5.68342 2.54587 235.079 150.677 64.4298 63.3647 84.4019 49.6197 6.54964 43.0701 4.4474 2.68816 18.0931 9.48488 5.29769 426.837 400.281 33.5414 25.612 8.33794 4.85914
internal_count=17185 17105 16310 15557 7292 2280 795 753 2268 151 49 5012 3173 1205 1184 1839 850 114 736 67 42 272 135 74 8265 7797 417 350 106 58
is_linear=0
shrinkage=0.05


Tree=38
num_leaves=31
num_cat=0
split_feature=19 15 24 3 0 7 27 13 13 10 8 8 4 8 16 15 25 26 0 3 13 21 6 6 6 7 3 14 26 16
split_gain=19.0365 13.7051 10.9465 10.0015 9.35026 8.91075 10.5632 10.6765 41.0404 9.25041 10.3144 14.6106 14.2488 11.3503 9.44005 8.50499 8.41684 7.76898 8.41401 7.81066 8.82233 8.14161 7.4638 9.90282 7.73441 8.85461 7.39619 8.35953 7.84137 8.50312
threshold=-2.566666666666666 1.4241858663474487 0.051932241597451932 0.79585882475614922 -0.72935567284168734 -1.7230009905875547 0.015734244177679216 -1.3552872589909493 -0.17818648524939257 0.80886901212459583 5728854.7100000447 2318374.3150000595 1.7246182658918368 156944.34500003356 -0.76440177850281954 0.23862082052968747 -0.42526258097948938 0.00022050000000000005 1.4868001842722289 -1.608552155360025 1.9158140321907131 1.9992345777645493 -0.1963448191653068 0.10110570823315808 0.9280422136948504 0.23785368603032023 -1.5417229073998058 6466417.7733853115 0.00012800000000000008 0.42816468984316997
decision_type=2 2 2 2 2 2 2 2 2 2 2 2 2 2 2 2 2 2 2 2 2 2 2 2 2 2 2 2 2 2
left_child=-1 2 3 17 22 9 16 -8 -9 -5 11 13 -13 14 -11 -4 -7 18 -2 -19 -21 -22 -3 -24 -25 -26 -17 28 29 -28
right_child=1 4 15 5 -6 6 7 8 -10 10 -12 12 -14 -15 -16 26 -18 19 -20 20 21 -23 23 24 25 -27 27 -29 -30 -31
leaf_value=0.05328251002252013 -0.0061846398879778592 0.043881395404770783 0.070033093907336197 -0.044179286378955296 0.0018082301852083858 0.032036625618131705 -0.051902919937564532 0.38293371573703161 -0.025114574440876454 0.1997198704590675 -0.040286953722797475 0.057105175777774901 0.26024241715331325 -0.041173656209159283 0.029633465346446043 -0.024864600804083127 -0.032651865007654525 -0.017113196839309959 0.065510471365140682 0.013722015591001306 -0.018126157450369121 0.12337097658909013 -0.052943538975734998 0.052453036285335299 -0.02778299781274704 0.041822286750021941 -0.0054302672186586258 0.088410462284755673 0.039964214943599266 0.055698470406963331
leaf_weight=16.205260887742043 533.52380575425923 31.589817225933075 5.8957504928112021 5.8365043401718166 94.907698191702366 5.3278026692569247 1.6203105580061672 0.91954810172319423 1.8679955005645743 1.1106484569609163 3.9983717892318955 2.215499278157949 1.4143451526761053 4.2577051073312759 3.0727685652673262 14.368410326540468 89.498126722872257 19.401615085080266 4.1238965522497883 59.679096130654216 1.4228674490004767 3.5605723783373833 5.2401699796318999 12.159963898360731 10.945016711950304 7.8432296216487876 50.017267104238272 3.6171560063958159 17.341780416667461 6.4189759604632846
leaf_count=80 10553 136 31 181 502 40 47 26 56 16 104 44 16 109 44 96 2915 312 68 1055 32 44 23 52 47 35 352 18 115 36
internal_value=-0.000477116 -0.00134553 -0.00391664 -0.00598556 0.011938 -0.0191288 -0.0255002 0.0501635 0.109491 0.00973367 0.0293153 0.0523702 0.136256 0.0162976 0.0747894 0.0118207 -0.0290173 -0.00342461 -0.00563472 0.0107106 0.0190589 0.0829708 0.0261225 0.0106203 0.0213829 0.00127401 0.00808055 0.0141968 0.0105583 0.00152243
internal_weight=1019.4 1003.2 840.511 742.851 162.686 121.14 99.2338 4.40785 2.78754 21.9058 16.0693 12.071 3.62984 8.44112 4.18342 97.6593 94.8259 621.712 537.648 84.0642 64.6625 4.98344 67.7782 36.1884 30.9482 18.7882 91.7636 77.3952 73.778 56.4362
internal_count=17185 17105 16310 15662 795 3598 3084 129 82 514 333 229 60 169 60 648 2955 12064 10621 1443 1131 76 293 157 134 82 617 521 503 388
is_linear=0
shrinkage=0.05


Tree=39
num_leaves=31
num_cat=0
split_feature=19 15 14 14 3 15 3 20 0 8 8 10 21 16 4 6 6 3 13 1 10 4 21 2 2 21 9 13 7 30
split_gain=17.5464 12.433 10.1878 10.5865 10.4903 10.2046 8.74769 7.83544 8.30653 11.0547 14.107 10.532 8.83337 9.06694 8.43605 8.07674 11.0815 16.4598 14.4212 12.8406 10.2584 9.5183 12.6914 7.75341 11.6331 8.57103 15.4935 30.5972 20.828 13.2863
threshold=-2.566666666666666 1.4241858663474487 250703.66777018268 2761022.993738011 0.25131904707821279 1.1430952132988164 2.058746523265417 -3.0000000000004161 -0.90278099826287661 964240.64000005601 999350.72500003176 0.60892141640319419 3.5309535087844517 -0.058301781682860591 -1.207555526559805 -0.26356152338437139 -0.61109673276322451 0.070696195837754869 0.77582798341485681 0.96504922188314823 0.0098190777343210283 -1.7834005362500036 3.4066226485804698 1.7076482815210019 0.46450381932687818 3.0275166143388854 5.0790287762749804 0.16730762211560948 -0.537225433963192 -0.3392708228578164
decision_type=2 2 2 2 2 2 2 2 2 2 2 2 2 2 2 2 2 2 2 2 2 2 2 2 2 2 2 2 2 2
left_child=-1 2 -2 4 7 -6 -3 -4 12 15 -11 -12 -9 14 -14 16 17 -10 20 -19 -18 22 -17 24 25 26 27 -13 -29 -30
right_child=1 6 3 -5 5 -7 -8 8 9 10 11 23 13 -15 -16 21 18 19 -20 -21 -22 -23 -24 -25 -26 -27 -28 28 29 -31
leaf_value=0.051674805780534995 0.0096108621216489058 0.014063843221496673 0.13016187081583824 -0.00099001353697401005 -0.03476764753892312 0.091610972628392018 -0.038598141428737631 -0.030716650672760349 -0.021854251942930083 0.17692126544783393 -0.029665300118454353 -0.011065667665366484 0.11181953896508544 -0.020704166346861234 0.0034806259137949119 -0.026938303153471312 0.001928479700079542 0.17745342541387105 -0.052509719289076634 -0.052677843715420669 0.1501073449829462 -0.034724861154785701 0.17711257980745859 -0.053470935243174478 0.0605100487141257 -0.026207823733888913 -0.013835104519995409 0.31795368178166605 0.18324071200515424 -0.052320128797906124
leaf_weight=15.882247924804686 121.86392371729016 154.02998226881027 1.0158357694745053 424.05836652964354 61.175337634980679 1.6401392966508854 8.3111753985285741 62.746769290417433 28.042619640007619 1.2974033281207074 13.017588794231413 4.571720024570828 3.2646100968122482 10.341931365430353 3.9965457171201733 1.8937827553600066 1.7342456839978684 1.9267133679240935 2.1206108443439007 0.8843624610453843 3.5773472674190998 41.623156033456326 1.2751175947487352 3.2729500029236069 16.067229505628347 11.45886856690049 9.9274104312062246 1.5999513976275919 1.4565808922052381 1.0162433199584486
leaf_count=80 881 728 7 8265 2235 12 67 1537 606 21 328 97 39 171 58 44 28 35 50 21 51 1073 18 61 250 160 190 26 21 25
internal_value=-0.000466678 -0.00129546 -0.00375196 -0.00602949 -0.0133746 -0.0314678 0.0113678 -0.00839267 -0.0090124 -0.00193716 0.0137359 0.0103424 -0.0219357 0.00936407 0.0521897 -0.0139519 0.00291081 -0.0102916 0.0577188 0.105054 0.101727 -0.0283652 0.0551687 0.0208912 0.0261709 0.00779858 0.0287805 0.0777207 0.177384 0.0864335
internal_weight=1015.09 999.209 836.867 715.003 290.945 62.8155 162.341 228.13 227.114 146.764 63.6859 62.3885 80.3499 17.6031 7.26116 83.078 38.2859 30.8537 7.4322 2.81108 5.31159 44.7921 3.1689 49.371 46.098 30.0308 18.5719 8.6445 4.07278 2.47282
internal_count=17185 17105 16310 15429 7164 2247 795 4917 4910 3105 1179 1158 1805 268 97 1926 791 662 129 56 79 1135 62 830 769 519 359 169 72 46
is_linear=0
shrinkage=0.05


Tree=40
num_leaves=31
num_cat=0
split_feature=19 15 4 6 7 2 3 6 24 27 3 18 27 7 21 21 8 30 15 13 6 6 14 13 13 5 5 21 9 30
split_gain=16.1825 11.2679 9.39541 16.3355 14.1872 13.7942 18.2202 13.2216 12.6269 10.8079 10.6143 11.7513 10.3192 11.4895 12.206 9.78458 11.7675 9.74288 9.23625 9.02446 10.2684 13.4327 13.4116 16.7985 13.6986 12.3906 12.1601 15.9394 19.8804 8.89187
threshold=-2.566666666666666 1.4241858663474487 -0.24131509305838397 0.17373809049836916 -1.5791307261788561 -0.92928846331569825 -1.1341420381422684 3.2542921800998381 0.24823235335042551 0.024121294876820801 -1.5071825182258545 -0.046587965214101044 -0.0022201174872808478 0.59952555645970684 3.1035634885731516 0.73921892601310557 5728854.7100000447 0.24832135796232621 0.57307699554244851 -1.6951871206095863 1.6253641733530524 2.334256025144239 5434073.342071142 1.003320271528189 -0.40397201831887375 738.33199999993678 -212.4035000002477 3.0275166143388854 0.50948774409416175 -1.500833483864586
decision_type=2 2 2 2 2 2 2 2 2 2 2 2 2 2 2 2 2 2 2 2 2 2 2 2 2 2 2 2 2 2
left_child=-1 2 3 4 10 15 12 -4 -8 -9 -2 -12 13 -7 -15 16 18 -16 -6 -5 25 22 26 24 -24 -21 27 -22 -29 -14
right_child=1 -3 7 19 5 6 8 9 -10 -11 11 -13 29 14 17 -17 -18 -19 -20 20 21 -23 23 -25 -26 -27 -28 28 -30 -31
leaf_value=0.050135918659032178 -0.014363510184157047 0.010801595265907578 -0.0098823189129944467 -0.046605330268160036 -0.020244763350406342 -0.046737532402236576 -0.010196127329779359 -0.010426009045273785 0.058717493846602853 0.12004017583664167 0.083638184568823382 0.015279562496149649 0.11707796320379767 -0.052982275910961545 0.036160610608265947 -0.014688524938049896 0.098891728153814501 0.16891329470334776 0.094235803281711883 -0.020440988665676719 -0.034750706238706609 -0.028565527875186042 0.030732173413470572 0.015011553569918108 0.20339172441643943 0.086754088916776703 -0.019304543231040028 0.23496251159982884 0.023066005846534201 0.042236239457943137
leaf_weight=15.559533372521399 7.0185072328895322 162.28525111079216 419.52625095844269 16.151107696816325 9.2242472879588586 6.7249222137033966 55.567490046843886 2.8463647086173287 7.5501881167292586 3.5888815261423588 14.996161716058852 10.825273405760525 4.4536600895225993 2.5989176239818317 4.7690777033567429 89.099400609731674 4.2751294635236254 1.946091867983341 2.17783642373979 85.045791011303663 2.7286308631300953 14.036558870226143 1.7759084105491636 5.3281219620257616 3.2530846595764142 2.7840189896523944 14.185224598273637 2.015728909522295 2.4551523365080357 36.44467980787158
leaf_count=80 110 795 9050 380 195 105 1017 56 43 49 161 134 43 52 55 1553 54 21 22 1989 68 247 34 74 47 39 289 21 37 365
internal_value=-0.000461319 -0.00125201 -0.00359919 0.00182908 0.00946169 0.00497777 0.0165477 -0.00879131 -0.00195262 0.0623339 0.0401598 0.0549798 0.0370562 0.00306569 0.0390244 -0.00827929 0.0281467 0.074633 0.00162141 -0.0113034 -0.00703591 0.0121638 0.0301747 0.0768758 0.14242 -0.0170431 0.00755633 0.0604804 0.118601 0.0503862
internal_weight=1011.24 995.678 833.392 407.431 257.672 224.832 120.055 425.961 63.1177 6.43525 32.8399 25.8214 56.9373 16.039 9.31409 104.777 15.6772 6.71517 11.4021 149.759 133.608 45.7784 31.7419 10.3571 5.02899 87.8298 21.3847 7.19951 4.47088 40.8983
internal_count=17185 17105 16310 7155 3930 3525 1701 9155 1060 105 405 295 641 233 128 1824 271 76 217 3225 2845 817 570 155 81 2028 415 126 58 408
is_linear=0
shrinkage=0.05


Tree=41
num_leaves=31
num_cat=0
split_feature=19 3 15 8 21 22 0 7 29 7 14 30 26 30 8 24 10 23 3 26 22 7 27 6 7 21 16 9 6 26
split_gain=14.9289 10.545 12.3943 10.6416 8.21831 8.23354 10.7704 10.3646 11.5321 11.1883 10.1564 9.42843 9.40409 9.94766 9.26239 9.05077 8.75746 8.01129 16.3631 9.12505 7.9002 7.56825 7.37203 9.32312 9.70777 8.90575 7.64109 7.05585 19.6274 6.97521
threshold=-2.566666666666666 1.5695748647523355 1.9051586888313607 33146188.86000004 -0.23706907965650598 -324.49999999999994 1.4823791043699726 -0.56749834929316878 -5603.1249999999991 -2.032424509408306 1.0000000180025095e-35 0.97071446744556844 0.00020600000000000002 -2.0866416211500267 77167773.075000063 -0.65615326426060461 5.164449233338817 -283.49999999999994 -1.2728695227315612 0.00025708500000000005 -306.49999999999994 -0.26888015617090938 -0.0074149687190431237 -1.6377441737948057 -0.74937583079389591 2.9823187865209273 0.71354906026826559 10.298560150322379 1.7738126329567854 0.00014028500000000006
decision_type=2 2 2 2 2 2 2 2 2 2 2 2 2 2 2 2 2 2 2 2 2 2 2 2 2 2 2 2 2 2
left_child=-1 2 4 22 -2 6 7 8 9 -6 -10 -8 14 16 15 -7 -14 18 -15 -20 21 -17 -4 -24 -25 26 -26 -3 -29 -22
right_child=1 27 3 -5 5 12 11 -9 10 -11 -12 -13 13 17 -16 20 -18 -19 19 -21 29 -23 23 24 25 -27 -28 28 -30 -31
leaf_value=0.048658638603814204 -0.028301084457813097 -0.024041191712392135 0.046212838043662524 -0.039800256028469067 -0.043578899636849106 0.13180342251918764 0.010561284301728459 -0.016152245931502187 0.086881476780229228 0.047851050721234259 -0.011020045994077382 0.17172489731904211 0.12785143200690222 -0.040442355896100554 0.085801469357644711 -0.026314918718870706 0.0073135497977475138 0.006883335519735626 0.19490284346168585 0.063838485508646389 0.00011469604453412879 0.095415283628409606 -0.046209743389735436 -0.0042038747437878107 -0.00069502005428755153 0.063026385456431078 0.064988785362960239 -0.01132555964506779 0.23618424507249927 -0.022043845749783693
leaf_weight=15.238562718033789 28.330879889428616 66.486815009266138 22.318561233580112 7.7706734836101523 3.9725098405033377 1.2844624444842327 2.2353288494050498 177.12868283689022 2.7725329622626296 21.21618228405714 59.508084308356047 1.527720298618078 3.7189955059438935 3.1276838332414627 3.1149831339716902 1.8770063314586876 2.5332827921956778 64.687790421769023 1.7790768034756164 5.2380966152995825 389.23765066079795 3.9933492187410584 6.020320162177085 27.500134669244289 18.389018677175049 16.183204241096973 5.8319172859191886 4.102834938094019 0.99527517333626736 39.081158397719264
leaf_count=80 742 1430 103 34 78 9 36 3215 14 375 1205 20 46 47 23 43 29 1048 27 79 7235 49 31 130 89 72 26 87 11 772
internal_value=-0.000454933 -0.00120942 0.000228301 0.0164836 -0.0018428 -0.000891591 -0.00800366 -0.00919821 0.00488399 0.0334316 -0.00666178 0.0759904 0.00278111 0.0184242 -0.000110936 -0.000725475 0.0790122 0.013362 0.0546729 0.0970675 -0.00111754 0.0564929 0.021028 0.0134244 0.0187115 0.0343083 0.0151203 -0.0196944 0.0369944 -0.00190712
internal_weight=1007.2 991.964 920.379 104.014 816.365 788.035 268.361 264.598 87.4693 25.1887 62.2806 3.76305 519.674 81.0849 438.589 435.474 6.25228 74.8326 10.1449 7.01717 434.189 5.87036 96.2432 73.9246 67.9043 40.4041 24.2209 71.5849 5.09811 428.319
internal_count=17185 17105 15577 485 15092 14350 4943 4887 1672 453 1219 56 9407 1276 8131 8108 75 1201 153 106 8099 92 451 348 317 187 115 1528 98 8007
is_linear=0
shrinkage=0.05


Tree=42
num_leaves=31
num_cat=0
split_feature=19 3 15 8 3 21 6 7 4 7 9 21 21 3 14 6 13 6 9 2 4 16 4 21 22 21 6 2 3 9
split_gain=13.7723 9.68282 11.2255 9.61334 7.78597 9.57609 9.32301 17.0694 14.4518 16.1686 13.684 12.2178 11.4338 20.4148 20.6882 10.5188 12.857 10.0127 9.65879 14.5515 12.3677 10.6719 9.72095 19.5631 12.5425 11.5778 12.399 9.64022 12.8022 11.934
threshold=-2.566666666666666 1.5695748647523355 1.9051586888313607 33146188.86000004 -2.5429178683519837 4.1943092455230948 0.12249584616028646 2.2382393826743203 -0.38842538260385234 -1.6388381268087684 4.3523970550763948 0.53270574292552741 1.5116166907172477 1.1340272404050109 4832506.3296937877 3.2542921800998381 0.20825674438675593 -2.5413696759905 16.89124388249385 0.10974844048099459 0.14786545191154193 0.2477965497621745 1.5448951657187957 3.2135687612392818 -254.49999999999997 2.8474485979412973 -1.183638273802996 -0.92928846331569825 -1.1217297270443669 90.295772259354933
decision_type=2 2 2 2 2 2 2 2 2 2 2 2 2 2 2 2 2 2 2 2 2 2 2 2 2 2 2 2 2 2
left_child=-1 2 4 -4 -2 6 8 12 9 -6 -10 -9 -8 -14 -15 16 -13 -11 19 -12 21 -21 25 24 -24 26 -22 29 -29 -19
right_child=1 -3 3 -5 5 -7 7 11 10 17 18 15 13 14 -16 -17 -18 27 -20 20 22 -23 23 -25 -26 -27 -28 28 -30 -31
leaf_value=0.047236730280915268 -0.029152099394253006 -0.019018828661533385 0.02002882735755877 -0.037749593538632616 0.047663242274199685 0.019701447165629746 -0.029282772011083043 0.16449567614616439 -0.012538994503687589 -0.054751455249993863 -0.02005473949834001 -0.038304076117094306 -0.0090373544043259001 0.015187832293124627 0.21832793959128344 0.12762108625797058 0.061494128358047143 -0.007042754279945833 -0.016733042129564338 0.04476705032028528 0.072612100706375735 0.18404594138842928 0.11026427308562484 0.2198149348038653 -0.019350809126109633 -0.053525740756004685 -0.030687063462855588 0.039382686337378278 0.001841735598356303 0.10623708770791825
leaf_weight=14.920570075511931 25.148390088230371 70.502802615985274 96.001226671040058 7.7828161045908919 27.249020595103502 52.686100069433451 75.26778618991375 1.7402027472853685 194.12284500524402 6.4669574312865725 12.132126765325664 6.9998609852045757 175.27309243753552 3.4170236494392148 1.9793703760951755 2.1285452619194976 5.9880495332181454 80.177489772439003 17.896843748167157 2.8323196396231642 7.919079789891839 2.6736497282981873 3.2720902003347874 1.7950638458132742 4.3447254728525859 5.2886503040790549 4.5878209322691017 43.618957167491317 47.375661922618747 2.3944283239543429
leaf_count=80 427 1528 451 34 305 621 2356 22 3548 103 258 127 3607 95 37 12 58 1373 300 46 116 35 49 19 89 96 115 479 781 18
internal_value=-0.000442517 -0.00116179 0.000208807 0.015696 -0.00176391 -0.00089164 -0.0023639 -0.00969961 0.00194753 0.0117689 -0.00597805 0.0390356 -0.0129094 -0.00608822 0.0896986 0.0245927 0.00770768 0.00633614 0.0143213 0.0267144 0.0440592 0.1124 0.0302292 0.071325 0.0363302 0.008494 0.0347196 0.00861221 0.0198373 -0.00375785
internal_weight=1003.98 989.063 918.56 103.784 814.776 789.628 736.942 272.794 464.148 207.283 256.865 16.8567 255.937 180.669 5.39639 15.1165 12.9879 180.033 62.7424 44.8455 32.7134 5.50597 27.2074 9.41188 7.61682 17.7956 12.5069 173.567 90.9946 82.5719
internal_count=17185 17105 15577 485 15092 14665 14044 6314 7730 3059 4671 219 6095 3739 132 197 185 2754 1123 823 565 81 484 157 138 327 231 2651 1260 1391
is_linear=0
shrinkage=0.05


Tree=43
num_leaves=31
num_cat=0
split_feature=19 22 4 6 22 21 3 26 10 19 26 10 13 21 21 3 3 13 6 7 7 3 9 14 13 13 21 21 0 14
split_gain=12.7112 9.51099 10.5935 14.195 12.6193 9.26143 9.00048 8.37968 11.7735 8.24382 8.70061 7.41499 9.74673 8.90467 10.7589 8.39936 9.2257 19.4909 7.88604 7.226 7.16252 11.4177 9.24552 10.8676 7.56535 9.15829 13.9391 7.16097 12.4145 8.27753
threshold=-2.566666666666666 -324.49999999999994 -0.27958440519492017 0.17373809049836916 890.50000000000011 2.3240587430381372 -2.3285410460452716 -0.00023795999999999992 32.938646821288067 -0.033176100628963985 0.00048650000000000006 0.0098190777343210283 0.83922037178059705 2.511434342443438 4.4278233980948425 -0.6517471728451677 -1.1907346084293076 1.2959641744380241 1.3546438848741562 2.6819769897278904 1.5373406778322589 -1.1217297270443669 6.2086917160150206 5434073.342071142 -1.3864412067264709 -0.12313451261354623 3.6500629257229646 1.7137221098356334 0.87500354495436306 2230395.6729283943
decision_type=2 2 2 2 2 2 2 2 2 2 2 2 2 2 2 2 2 2 2 2 2 2 2 2 2 2 2 2 2 2
left_child=-1 7 3 4 19 9 -7 8 27 -5 -11 -8 13 18 -15 16 -14 -18 -13 20 -3 24 -23 -24 -22 -26 -27 -2 -29 -30
right_child=1 2 -4 5 -6 6 11 -9 -10 10 -12 12 15 14 -16 -17 17 -19 -20 -21 21 22 23 -25 25 26 -28 28 29 -31
leaf_value=0.045864794891283867 -0.027862497084234612 0.020864588313820785 -0.0038674400201010196 0.051749301128501068 -0.0045160496219787414 -0.043757501654891472 -0.017924846290712136 -0.011080447466095801 0.10322945412876246 -0.037114388582783348 0.12814040465227358 0.02454277757138042 0.030084328280163025 -0.023160180778814196 0.074410126635144069 -0.041311824770129318 0.189116112529229 0.024748049092185094 0.19470804403446551 -0.060469614855586697 0.0076803145167842167 -0.043739486033715046 0.16684214971894962 -0.030785105121762375 0.14940229410500391 -0.041563111724276326 0.11021429692961733 0.0042134843186418412 0.017002579780703173 0.15412892298690345
leaf_weight=14.606602519750593 11.6872261185199 129.26179759390652 333.04925842955709 3.1280148699879637 52.186416428536177 8.5874557774513942 17.24400419741869 288.96193055063486 3.3056550957262507 32.854760091751814 0.81628177873790164 2.1156278662383587 14.434148533269767 21.495648778975013 3.2529091387987128 2.6343052946031085 3.2940711677074441 3.9860255569219589 1.0039546955376861 2.4940487295389167 3.0684254989027986 4.4866170436143866 1.4526981897652151 1.3348212167620657 4.7304950300604105 2.2909633740782738 4.4531336277723312 23.583559444174174 1.9359214100986708 2.5503071881830692
leaf_count=80 232 1669 6378 34 728 119 290 5234 30 936 13 33 160 396 36 39 30 46 20 30 31 83 20 22 40 39 32 327 26 32
internal_value=-0.000436567 -0.0011227 0.00237776 0.00886534 0.0167255 -0.00521689 0.00453269 -0.00801405 0.0125623 -0.025895 -0.0331081 0.0105028 0.0198908 -0.000301143 -0.0103357 0.0430014 0.05323 0.0991207 0.0793059 0.0239437 0.0253372 0.0518367 0.000692365 0.0722071 0.0774181 0.0960667 0.0586557 0.00502365 0.0187162 0.0949554
internal_weight=1000.29 985.68 653.656 320.607 205.759 114.847 78.0482 332.025 43.0627 36.7991 33.671 69.4607 52.2167 27.8681 24.7486 24.3486 21.7142 7.2801 3.11958 153.573 151.079 21.8172 7.27414 2.78752 14.543 11.4746 6.7441 39.757 28.0698 4.48623
internal_count=17185 17105 11224 4846 2694 2152 1169 5881 647 983 949 1050 760 485 432 275 236 76 53 1966 1936 267 125 42 142 111 71 617 385 58
is_linear=0
shrinkage=0.05


Tree=44
num_leaves=31
num_cat=0
split_feature=19 15 3 20 15 3 26 21 0 21 21 26 30 28 29 14 16 4 5 27 27 10 28 27 9 30 27 7 6 26
split_gain=11.7306 8.73595 8.46356 9.07774 9.34561 9.7649 9.27084 9.37952 9.49788 8.82055 8.30143 7.87208 10.5781 7.45264 7.40219 10.6402 8.9129 9.96555 7.83886 7.78402 12.955 8.80274 8.56206 7.72925 10.5617 9.88379 7.65677 7.18401 10.0277 8.69371
threshold=-2.566666666666666 1.0954451150103328 1.4435733441217693 -0.50000000000006928 0.70837589301420245 -1.8911815391305293 -0.00021399999999999994 4.1485564392374803 1.4823791043699726 4.7930046553859631 0.19532917241217149 0.00022050000000000005 -2.8588937822283351 64771.060000000005 -377603.17499999999 5198420.4914499698 1.1320253553634811 1.0942660091499674 -95.675500000128508 0.0038451219756286963 0.0061867743122230321 41.764630981966427 21712.575000000001 -0.0052498391900118171 9.0682936550369906 0.75249442796996624 0.005500495114033944 -0.51868605662917711 0.34926939115329975 0.00026209000000000003
decision_type=2 2 2 2 2 2 2 2 2 2 2 2 2 2 2 2 2 2 2 2 2 2 2 2 2 2 2 2 2 2
left_child=-1 2 3 -2 5 9 7 8 14 -5 -4 -8 -13 -3 15 18 19 -18 -7 21 22 -16 26 24 -20 -25 -21 28 -14 -30
right_child=1 13 10 4 -6 6 11 -9 -10 -11 -12 12 27 -15 16 -17 17 -19 23 20 -22 -23 -24 25 -26 -27 -28 -29 29 -31
leaf_value=0.044538145443579202 0.012301931459405091 0.0022597259854965856 -0.002432350209598561 -0.027150675541824765 -0.039946404167795033 -0.012372017927913112 -0.0062366781520731265 0.073379924543722594 0.15295245114183542 0.020422804692528974 -0.040157150379582722 0.14526150866097173 0.046668452712835456 0.024463052299278434 -0.028238410321193189 -0.016992028770900239 0.023876596903435601 0.17918327500754699 0.23628758000425776 0.014605412957615558 -0.016186681691047082 0.068743603748185209 0.20414801532999519 0.0010606257816294848 0.057630182873088631 0.14915260586206039 0.16492785204783919 -0.0045225917928091467 0.070964082156538544 -0.037133770288851994
leaf_weight=14.297542631626127 97.95885306224227 127.71142265945673 28.616816831752658 63.936525354161859 17.619814999401569 2.4435649793595084 395.84269835613668 6.3305955193936816 1.1436226405203331 11.495026774704455 29.735563956201077 1.445025511085986 21.157099580392245 53.678033508360386 32.32838218472898 5.913466900587081 5.7003950085490933 1.2614863682538269 1.6897270660847428 3.5495393089950076 8.6953836530446988 2.5223364140838376 1.1252504009753463 3.3702379260212183 1.6206787396222351 1.6924790330231188 1.1126405149698255 43.479940986260772 2.4004060570150605 8.2616818379610759
leaf_count=80 693 695 749 1323 374 53 8985 63 13 159 934 15 313 264 704 97 128 24 23 72 161 31 14 57 20 25 20 859 55 182
internal_value=-0.000426097 -0.00107954 -0.0033196 -0.00188162 -0.00403194 -0.00302512 -0.000723547 0.0149612 0.00997492 -0.0199009 -0.0216564 -0.00339526 0.0112606 0.00883029 0.00773581 0.0369369 -0.000942318 0.052018 0.0664198 -0.00841601 0.0223932 -0.0212193 0.0803579 0.0894139 0.148822 0.0505681 0.0504802 0.00868911 0.0267425 -0.0127972
internal_weight=998.136 983.839 802.449 744.097 646.138 628.518 553.087 80.4998 74.1692 75.4316 58.3524 472.587 76.7442 181.389 73.0256 16.7302 56.2954 6.96188 10.8167 49.3335 14.4828 34.8507 5.78743 8.37312 3.31041 5.06272 4.66218 75.2991 31.8192 10.6621
internal_count=17185 17105 16146 14463 13770 13396 11914 1505 1442 1482 1683 10409 1424 959 1429 275 1154 152 178 1002 267 735 106 125 43 82 92 1409 550 237
is_linear=0
shrinkage=0.05


Tree=45
num_leaves=31
num_cat=0
split_feature=19 22 26 23 4 24 6 21 3 10 13 23 14 4 18 28 21 2 26 21 5 9 5 21 2 0 20 7 21 7
split_gain=10.8275 8.68805 10.0123 9.005 8.64227 14.119 11.3839 9.93379 10.6239 9.6174 8.96609 10.4796 8.69685 8.24853 11.0324 8.04083 7.8913 7.94516 10.4202 9.76954 14.5316 12.5189 9.40868 9.87446 8.98853 8.7158 8.38931 8.42757 17.3893 8.15389
threshold=-2.566666666666666 -324.49999999999994 0.00038150000000000006 616.50000000000011 -0.93839354736829905 0.21509328334085101 0.3259230411822388 2.4323528488537942 -2.3285410460452716 0.059705038446727081 0.83922037178059705 1672.5000000000002 5899423.330532887 -0.42202620982781264 -0.23209562386595825 1770886.9350000003 -0.23706907965650598 -0.92928846331569825 9.7e-05 3.3862613655222602 -55.507499999832355 4.4154953268264245 -249.13700000010428 0.57722121853593622 -1.270090439031377 0.32925391102170909 -0.50000000000006928 1.4786820452854488 3.5506353977310656 -1.6168974503644349
decision_type=2 2 2 2 2 2 2 2 2 2 2 2 2 2 2 2 2 2 2 2 2 2 2 2 2 2 2 2 2 2
left_child=-1 -2 4 -4 6 15 16 -8 -9 -10 11 -11 -12 -7 -15 -6 -3 22 26 20 -20 25 23 -18 -25 -22 -19 29 -29 -28
right_child=1 2 3 -5 5 13 7 8 9 10 12 -13 -14 14 -16 -17 17 18 19 -21 21 -23 -24 24 -26 -27 27 28 -30 -31
leaf_value=0.043252716922313972 -0.0076615228528179036 -0.066282180560006926 0.04993151410244584 -0.0012503071386108686 -0.0076972895112468222 0.091422018444796582 -0.035349461098157814 -0.051559287580381287 -0.020850068497244585 -0.023191463843823531 0.097273146417631629 0.070645082978639182 0.016642595837726967 0.071917127248936147 -0.0032108040444730258 0.018037703984251807 0.097492041588468137 0.10946077372116535 0.0049490913003145294 0.021277815801538938 0.13432481648061412 0.065544920875955121 -0.010114863110977111 0.0092571535916152383 0.071331141207748625 0.30276522069238265 0.051417276042358288 -0.043543081376936486 0.13772424153844567 -0.02417142946880425
leaf_weight=13.994127497076986 329.18519098311663 2.665737645700573 20.280155304819345 14.913850350305436 364.82866847887635 4.7122135609388378 20.957485612481833 6.8414367027580729 12.364752188324927 10.071861281991007 7.498192807659505 4.222854269668459 6.0367356911301613 6.9298688247799936 16.573096908628937 33.106726411730051 4.30221864581108 2.4731345176696804 2.1602124273777008 4.6371401138603687 1.4503857437521204 2.1143828295171261 30.448611035943031 39.892673609778285 6.8304280824959269 1.632302029058337 4.8823288474232021 2.1774584390223017 3.3719078302383423 13.250171475112436
leaf_count=80 5881 52 232 200 7164 28 570 97 205 168 81 62 58 43 118 540 61 13 31 43 19 20 475 548 76 21 38 30 25 206
internal_value=-0.000417533 -0.00104062 0.0023041 0.0282426 0.000823187 -0.00313283 0.00968297 -0.00671829 0.00603873 0.0158424 0.0321449 0.00452913 0.061311 0.0310458 0.0189407 -0.00555623 0.0188021 0.0206982 0.0395294 0.0781174 0.113942 0.159246 0.0118807 0.0250062 0.0183317 0.223515 0.0218334 0.0126823 0.0665986 -0.00381853
internal_weight=994.806 980.812 651.627 35.194 616.433 426.151 190.282 67.9933 47.0358 40.1944 27.8296 14.2947 13.5349 28.2152 23.503 397.935 122.289 119.623 38.1494 11.9944 7.35728 5.19707 81.4739 51.0253 46.7231 3.08269 26.155 23.6819 5.54937 18.1325
internal_count=17185 17105 11224 432 10792 7893 2899 1241 671 574 369 230 139 189 161 7704 1658 1606 446 134 91 60 1160 685 624 40 312 299 55 244
is_linear=0
shrinkage=0.05


Tree=46
num_leaves=31
num_cat=0
split_feature=15 3 21 21 20 3 15 0 3 9 27 7 13 10 4 0 8 7 6 14 3 21 6 8 13 21 7 13 7 2
split_gain=10.3874 7.58559 8.19999 7.54814 7.40575 10.1028 8.85211 8.67306 7.87163 8.83754 10.9296 12.5979 17.6609 15.1951 18.9448 14.1384 12.6876 11.4257 11.2287 10.5225 10.4405 25.7081 10.1956 16.1938 23.8971 14.7394 12.5047 14.1664 21.3883 14.6533
threshold=1.0954451150103328 1.4435733441217693 -0.23706907965650598 0.19532917241217149 -0.50000000000006928 0.69785776982679204 0.70837589301420245 1.4868001842722289 -1.8911815391305293 4.6852294141776509 0.0037455807874159368 1.7379260643547856 -1.4144621821258438 1.3298354644770523 0.4439427579372644 -0.91354225249977061 114643.58500003355 -0.8754802514937795 -0.94334558286389503 5692765.0982501758 1.2385305691726345 1.8627118655295696 -0.40745562108622368 6979313.7200000482 0.87388265296904899 2.8354041476367984 2.2382393826743203 0.3272629766972337 1.8734354745260939 0.10974844048099459
decision_type=2 2 2 2 2 2 2 2 2 2 2 2 2 2 2 2 2 2 2 2 2 2 2 2 2 2 2 2 2 2
left_child=1 2 -1 -3 5 -4 7 8 -6 10 17 18 -13 14 15 -14 -16 -10 19 -12 -20 -22 26 24 -24 -26 27 28 29 -11
right_child=-2 3 4 -5 6 -7 -8 -9 9 22 11 12 13 -15 16 -17 -18 -19 20 -21 21 -23 23 -25 25 -27 -28 -29 -30 -31
leaf_value=-0.032612742975014229 0.010144133105840013 -0.0021357209137595284 0.0055293303339334424 -0.038428976515145048 -0.017306364280422981 0.051305601956041995 -0.038824222491112975 0.06107371527754038 0.0065125420525204997 0.0093637239574899649 0.056717305847160407 -0.052847807296103888 0.14392527505005215 -0.025131472363365659 0.11291206242849379 -0.0084535543535610054 0.28906964572794236 -0.015877532584949908 -0.012018850991723194 -0.055738637558056539 -0.051528951388275991 0.27907741522956619 -0.012943028340750728 -0.027292347670770867 0.019321624717877114 0.12982417188273257 -0.047124295337338321 0.0050452916271751386 0.15194183004332024 0.071403457534821052
leaf_weight=20.646650221198797 188.85331226885319 28.440055944025517 80.569274254143238 28.867579953745008 75.615002723410726 14.173546195030211 16.438793672248721 5.4629618506878606 80.37753276899457 24.076797349378467 13.404309812933205 3.4038482047617462 2.4317760653793812 2.9993350040167561 2.5189809389412403 4.0701167657971364 1.720173956826329 195.7284147888422 59.316492116078734 2.4622562360018483 1.3294066879898303 1.0543820057064293 19.428314939141277 37.270167447626591 5.8219279348850232 6.2651262171566486 6.3990742601454249 43.519382795318961 4.2458500415086737 15.739980716258286
leaf_count=643 1010 749 563 935 1469 98 361 87 1792 382 211 79 28 40 30 74 18 4627 1407 42 48 25 441 800 123 53 101 669 53 227
internal_value=-0.000407903 -0.00288712 -0.0015413 -0.0204177 -0.000657474 0.0123775 -0.00261432 -0.00164591 -0.00220834 -6.87773e-05 -0.00433199 0.0103245 0.0491125 0.0743708 0.102156 0.0485377 0.184394 -0.00935953 0.00175138 0.0392658 -0.00789567 0.0947027 0.00964374 -0.00498357 0.0213989 0.0765988 0.0203496 0.0252795 0.0452642 0.0338887
internal_weight=992.651 803.798 746.49 57.3076 725.843 94.7428 631.1 614.662 609.199 533.584 370.817 94.7111 17.1442 13.7404 10.741 6.50189 4.23915 276.106 77.5668 15.8666 61.7003 2.38379 162.767 68.7855 31.5154 12.0871 93.9811 87.582 44.0626 39.8168
internal_count=17185 16175 14491 1684 13848 661 13187 12826 12739 11270 8421 2002 269 190 150 102 48 6419 1733 253 1480 73 2849 1417 617 176 1432 1331 662 609
is_linear=0
shrinkage=0.05


Tree=47
num_leaves=31
num_cat=0
split_feature=19 19 15 0 10 13 27 7 10 18 5 3 7 9 5 14 9 26 8 22 13 7 9 6 16 7 16 7 18 27
split_gain=9.96671 8.58541 9.30042 11.2562 9.06791 11.4045 11.1497 13.1138 11.0223 15.5786 11.18 11.8856 11.4754 14.2025 8.593 8.37628 8.36362 10.4055 8.90494 11.7596 10.913 11.1313 12.8041 10.934 10.7473 9.337 11.4958 8.79523 12.1091 9.69494
threshold=-2.566666666666666 0.6506631299734581 1.0000000180025095e-35 0.60775496326614109 0.12581807381410035 1.2327904230888396 0.015734244177679216 2.2016869125255352 0.1591763334182599 0.73651074722365995 339.90550000010995 0.42548066176106153 -1.4987401314227526 35.288034305079897 -918.38950000004832 33704605.330834456 0.33605817413887568 -0.0002724999999999999 7274817.3400000399 -2706.4999999999995 0.95492327654219988 -1.9457954119128613 4.3523970550763948 -0.090167507854060622 -0.78315209014936571 -1.699277450690081 -1.509788661492528 -0.97832335438333107 0.13061654124193495 -0.0027286205121357927
decision_type=2 2 2 2 2 2 2 2 2 2 2 2 2 2 2 2 2 2 2 2 2 2 2 2 2 2 2 2 2 2
left_child=-1 2 4 15 5 6 -2 -8 9 -6 11 -10 -13 -14 -5 -4 17 -12 19 -18 21 -21 -23 24 -24 -22 -27 29 -29 -28
right_child=1 -3 3 14 8 -7 7 -9 10 -11 16 12 13 -15 -16 -17 18 -19 -20 20 25 22 23 -25 -26 26 27 28 -30 -31
leaf_value=0.042011526511927993 -0.012449902608073219 -0.042862304056649002 0.01350887689544264 0.068883100949948692 0.02709221760741351 -0.043440909501286748 0.0013804657229323366 0.13138916894430483 -0.0013467717046697387 0.21831221377040949 0.10408133284735073 0.012606171746396444 -0.03824553086200054 0.12915324878046258 -0.01168500430800825 -0.061961771156255209 0.16701995811049353 -0.03112114650141037 -0.0032671842576189446 0.066605569007858731 -0.023037392786560404 -0.026738271683824671 0.223558415332613 -0.01475040668203003 0.052579424100075302 -0.054000908549515891 0.27240987094394964 0.01438471206722575 0.11506653398861791 0.081487267456531981
leaf_weight=13.657169967889784 105.86994521506131 12.095803271979092 227.93503965623677 3.4418371077626935 6.6202148180454961 28.36490068398416 5.5246637556701881 2.9891017079353333 317.97824441641569 1.2693558800965545 1.5666819214820886 16.825471917167306 55.393623283132911 1.2967285700142372 86.055024759843946 3.736778460443019 1.5505669731646765 15.527673989534376 28.13486080057919 7.0569803062826386 3.0371097903698709 18.964889263734225 1.2541222330182789 3.934388851746915 3.4402823653072119 1.6188651137054009 1.2188073284924033 5.5979167837649495 6.4015568476170301 1.4631375502795023
leaf_count=80 2957 134 1530 19 165 811 140 26 6199 30 29 415 1996 24 705 18 24 393 439 100 52 487 20 96 48 32 22 95 75 24
internal_value=-0.000406314 -0.000999767 -0.000474534 0.00647367 -0.00394559 -0.0150608 -0.00802307 0.0470253 -0.000773201 0.0578577 -0.00171289 -0.00553577 -0.0236545 -0.0344165 -0.00858655 0.0122916 0.0131394 -0.01873 0.0196503 0.0312599 0.0273608 0.0105675 -0.00376407 0.04673 0.0982569 0.0574526 0.0724497 0.086393 0.0680971 0.168252
internal_weight=989.822 976.165 964.069 321.169 642.9 142.749 114.384 8.51377 500.151 7.88957 492.262 391.494 73.5158 56.6904 89.4969 231.672 100.768 17.0944 83.6735 55.5386 53.9881 34.6507 27.5937 8.62879 4.6944 19.3374 16.3003 14.6814 11.9995 2.68194
internal_count=17185 17105 16971 2272 14699 3934 3123 166 10765 195 10570 8634 2435 2020 724 1548 1936 422 1514 1075 1051 751 651 164 68 300 248 216 170 46
is_linear=0
shrinkage=0.05


Tree=48
num_leaves=31
num_cat=0
split_feature=19 19 15 3 8 8 9 2 14 14 8 27 21 8 10 6 3 21 20 7 7 0 9 21 27 15 22 21 8 14
split_gain=9.20047 8.0008 8.50418 10.2506 8.26567 7.7185 8.35964 9.24328 7.32971 8.76458 10.8172 11.0568 12.7991 10.5467 9.92836 7.77561 7.66283 7.789 9.1463 8.79717 9.26429 13.0951 8.67437 7.48551 7.26716 8.28914 10.9455 10.5568 7.18509 7.3726
threshold=-2.566666666666666 0.6506631299734581 1.9051586888313607 2.3311981620050761 33146188.86000004 8255.6050000355372 0.12638512242919259 -0.67092112100442314 250703.66777018268 2761022.993738011 980978.45500004862 0.0022730664202919031 3.8206561426873926 999350.72500003176 0.57400380408242846 -1.8001958505628528 -2.2792008575241991 4.1485564392374803 -2.5000000000003468 1.9496319987924415 -1.4585428041239756 -0.96006743649562976 11.575656289618514 4.2444492944707113 0.0016739310095089668 3.834057902536165 -573.49999999999989 3.0709996043034344 77167773.075000063 3154173.552222122
decision_type=2 2 2 2 2 2 2 2 2 2 2 2 2 2 2 2 2 2 2 2 2 2 2 2 2 2 2 2 2 2
left_child=-1 2 8 4 5 -4 -7 -8 -2 10 11 -10 15 -12 -15 -13 -11 18 -18 20 -19 22 -22 -23 25 26 -9 -28 29 -20
right_child=1 -3 3 -5 -6 6 7 24 9 16 13 12 -14 14 -16 -17 17 19 28 -21 21 23 -24 -25 -26 -27 27 -29 -30 -31
leaf_value=0.040797079552534941 0.009289252358784467 -0.042001479275494184 -0.015579316079387191 -0.059421182755584105 -0.035318803565893106 0.088845110684086764 0.039966904397299392 -0.031943010349411292 -0.028612160026340174 -0.025194021008129893 0.12003556122093789 0.09615535822642314 0.056331628531751478 -0.029591170124438623 0.0061349518184161183 -0.014380142381409368 0.12006274080246404 0.063699783499463175 0.018623732443321314 0.067949770998609202 0.013153166938357389 0.048844240535983706 0.13234142018819514 -0.048647414725032374 -0.027292469521744935 -0.026766673886520272 0.068774607603816568 -0.014168076307584185 0.065633192320142142 -0.0037893191659902712
leaf_weight=13.367969363927839 119.65315712802112 11.73573521338403 13.662407569587229 4.7539037987589827 7.4227457940578452 4.8198300153017035 36.230679541826241 5.3642746880650476 107.82176669500768 27.433787221089005 1.8209460135549296 1.6417420674115408 8.1495588161051256 24.481810377910733 94.553844710811973 51.47885555587709 1.5782797411084164 6.304022133350375 41.310321411117911 8.721716243773697 4.9117395319044617 2.3542971462011328 2.2149481736123562 12.028027590364216 11.980725705623625 7.9185523092746726 15.497524514794366 5.0984026342630377 4.055555496364831 328.12095306813717
leaf_count=80 858 134 72 43 31 25 158 24 3005 512 29 26 110 711 1911 1410 12 57 812 68 64 33 22 175 64 46 69 22 28 6574
internal_value=-0.000401243 -0.000967194 -0.000466283 0.0124353 0.0155984 0.0193563 0.0248482 0.0210907 -0.00218037 -0.00406297 -0.0108093 -0.018974 -0.00201294 0.000614084 -0.00121276 -0.0109639 0.000392455 0.00209783 -4.88742e-05 0.0241359 0.0103966 -0.00522592 0.0501964 -0.0326886 0.00617786 0.0180142 0.0316735 0.0482426 -0.000556442 -0.00128306
internal_weight=986.488 973.12 961.384 112.749 107.995 100.572 86.91 82.0902 848.635 728.982 289.949 169.092 61.2702 120.857 119.036 53.1206 439.034 411.6 375.065 36.5348 27.813 21.509 7.12669 14.3823 45.8595 33.8788 25.9602 20.5959 373.487 369.431
internal_count=17185 17105 16971 554 511 480 408 383 16417 15559 7202 4551 1546 2651 2622 1436 8357 7845 7426 419 351 294 86 208 225 161 115 91 7414 7386
is_linear=0
shrinkage=0.05


Tree=49
num_leaves=31
num_cat=0
split_feature=19 22 26 4 24 6 5 23 25 28 4 18 26 10 27 6 2 10 7 16 26 7 9 18 28 1 29 27 30 3
split_gain=8.49007 7.6573 8.7183 7.8121 12.0387 10.0705 9.34589 7.7773 7.30528 6.91931 6.91238 9.31598 6.84135 9.30413 6.79585 11.0112 20.0666 17.0309 13.8646 9.847 8.23834 7.84018 7.65122 7.91735 11.4428 8.78618 7.98901 8.58459 8.37369 7.28823
threshold=-2.566666666666666 -324.49999999999994 0.00038150000000000006 -0.93839354736829905 0.21509328334085101 -0.090167507854060622 738.33199999993678 616.50000000000011 -0.01956018800007708 1770886.9350000003 -0.42202620982781264 -0.23209562386595825 -0.00023795999999999992 32.938646821288067 -0.0033262518280164906 1.0705724952849816 1.7076482815210019 3.0558143234024162 -0.6652703057949686 1.588673209126241 0.00019100000000000009 1.6961603283786097 16.89124388249385 -0.21388668375398698 -1971300.1749999996 0.14808741171878578 -1264362.0099999998 -0.0039615222097397753 -0.72644666792536172 -1.1452486975136706
decision_type=2 2 2 2 2 2 2 2 2 2 2 2 2 2 2 2 2 2 2 2 2 2 2 2 2 2 2 2 2 2
left_child=-1 12 3 5 9 8 -7 -4 -3 14 -6 -12 13 -2 15 22 17 18 -17 21 -21 -16 23 24 25 -5 -26 -28 -29 -23
right_child=1 2 7 4 10 6 -8 -9 -10 -11 11 -13 -14 -15 19 16 -18 -19 -20 20 -22 29 -24 -25 26 -27 27 28 -30 -31
leaf_value=0.039614587058394241 0.0044519761669519521 0.12158612116945922 0.046200146587198378 0.01439484174069618 0.082050184226982348 -0.0046952266987448496 0.12471748492781971 -0.001320762434028232 0.01858739028667003 0.016549885353266344 0.064304140507879179 -0.0035670796205354324 -0.010045101280902984 0.089619908487302599 -0.0166807359954281 0.23046655372248526 0.28189452886733174 -0.016554397979460209 -0.0042597868542240559 0.01807899760708075 0.14636153741220001 0.035137662243104044 -0.031762429532967075 -0.0085053626889965428 -0.044606082677964481 0.17595260679604718 0.014036045119851126 0.043835765520857502 0.21588526767107089 -0.011110675861253519
leaf_weight=13.085909970104693 39.652475519105792 1.7530258297920216 20.606123385950923 1.4013151507824688 4.9412762224674251 89.652736147865653 1.4171566888689984 14.789458224549888 95.804145608097315 33.284023167565465 7.2667960971593919 16.617649409919974 281.04884357750416 3.4888890087604514 223.71838426403701 1.5874776151031258 0.89197114668786603 5.6586202047765255 1.0420678015798293 10.112328836694358 1.4283137675374735 14.990211529657243 16.355638820677996 36.713588554412127 4.5838430374860826 2.1067879758775234 15.672108888626104 1.9775438103824856 1.1009288672357715 19.731824735179543
leaf_count=80 617 8 232 25 28 1517 13 200 1361 540 43 118 5234 30 4729 38 19 119 30 201 22 173 246 652 78 30 279 40 23 460
internal_value=-0.000390207 -0.000930233 0.00221975 0.000819472 -0.00296777 0.00927596 -0.00268141 0.0263443 0.0204382 -0.00525903 0.0282193 0.0170826 -0.00719935 0.0113396 -0.00728059 0.00469365 0.0565556 0.0323047 0.137446 -0.011232 0.0339557 -0.0132499 -0.00126417 0.0065843 0.027223 0.111418 0.0145651 0.0290303 0.105364 0.00885568
internal_weight=982.481 969.396 645.205 609.81 421.183 188.627 91.0699 35.3956 97.5572 392.357 28.8257 23.8844 324.19 43.1414 359.073 89.0919 9.18014 8.28817 2.62955 269.981 11.5406 258.44 79.9118 63.5561 26.8425 3.5081 23.3344 18.7506 3.07847 34.722
internal_count=17185 17105 11224 10792 7893 2899 1530 432 1369 7704 189 161 5881 647 7164 1579 206 187 68 5585 223 5362 1373 1127 475 55 420 342 63 633
is_linear=0
shrinkage=0.05


Tree=50
num_leaves=31
num_cat=0
split_feature=15 3 27 13 4 24 5 3 15 26 10 15 20 10 6 13 5 0 0 28 1 4 21 0 14 6 21 21 13 14
split_gain=8.11765 7.05433 6.42124 8.77695 13.0052 6.37551 8.6177 8.33108 7.36969 6.98738 6.93732 6.85297 8.7118 6.99675 12.8749 6.82337 7.384 8.88172 8.25758 13.6662 16.0261 23.5007 9.88054 11.6972 9.08162 14.2962 8.48543 14.0415 7.91331 8.81085
threshold=1.0954451150103328 1.9623271984688326 -0.0070731172806740563 -0.79920950203004115 -0.92098486277659142 0.051932241597451932 300.4139999998734 0.79585882475614922 0.23862082052968747 -0.00039249999999999989 41.764630981966427 0.71443450831176025 -1.0000000000001386 0.13374347058776823 3.5029073606558434 -1.5670953223267896 -1366.0845000001134 -1.4882404241536344 0.64940071426947588 -1046.9300000000001 -0.54384631858381538 -0.42202620982781264 3.9147135372466253 -1.4453561531317136 2501028.8847584547 -0.95810689656384584 0.32290165265023824 -0.036874066726528425 1.0000000180025095e-35 2816327.5413495656
decision_type=2 2 2 2 2 2 2 2 2 2 2 2 2 2 2 2 2 2 2 2 2 2 2 2 2 2 2 2 2 2
left_child=1 5 3 4 -2 6 7 9 -7 10 -1 12 -8 14 -14 -11 17 -17 22 20 21 -20 28 -24 25 -25 27 -21 -18 -30
right_child=2 -3 -4 -5 -6 8 11 -9 -10 15 -12 -13 13 -15 -16 16 18 -19 19 26 -22 -23 23 24 -26 -27 -28 -29 29 -31
leaf_value=0.012962980168853187 0.048519044828961987 -0.030182509307622271 0.0037195764224039109 0.041837402276882832 -0.041217780170687682 0.064167539088634706 0.11285469000508926 -0.022794157845299409 0.0068703479082822191 -0.022381166096334587 0.097521632832233793 -0.054790226540937959 -0.030385204916815158 0.013197716887952217 0.17253861274848789 0.15024089091293183 -0.0017651800857597666 0.018805641990257818 0.039811293816839108 -0.034194626416356004 0.017351276281834558 0.24578322261526081 -0.051403738326734762 -0.028911714381476175 0.0091291998819513654 0.10124921549306794 -0.0083321540184559152 0.15647794908518919 -0.031695369130775967 -0.0077754338455720776
leaf_weight=19.016814062371854 6.9348674863576916 22.506339868530631 141.06045520305634 29.095867849886417 9.6639713421463949 6.0101886391639701 2.0302201658487311 66.481765077449381 84.721412926912308 51.467688467353582 2.780189497396349 4.2017511632293454 16.684634000062946 108.03070520795882 0.82008090056478877 1.4148866161704052 120.27283010259271 14.036666383966802 3.9189054109156132 1.7968375030905011 16.280166177079082 2.1416740585118559 5.6564657278358927 2.9251608494669199 23.825307298451662 7.5664156153798086 52.325893143191934 2.0870855655521146 71.750672044232488 83.068642556667328
leaf_count=302 31 698 782 143 54 31 17 2246 564 1172 23 81 424 2006 9 19 2620 220 67 49 316 35 80 41 331 88 1121 41 1867 1707
internal_value=-0.000382866 -0.00258945 0.00899641 0.0252861 -0.00372642 -0.0017843 -0.00344409 -0.00620096 0.0106658 -0.00391386 0.0237484 0.00803836 0.0101078 0.00844613 -0.0208784 -0.0052231 -0.00306432 0.0308411 -0.00439529 0.0101086 0.0431895 0.112597 -0.00801134 0.0152168 0.0261978 0.064959 -0.00303945 0.0682662 -0.0113866 -0.0188611
internal_weight=980.575 793.819 186.755 45.6947 16.5988 771.313 680.581 548.814 90.7316 482.332 21.797 131.767 127.566 125.535 17.5047 460.535 409.068 15.4516 393.616 78.5506 22.3407 6.06058 315.065 39.9733 34.3169 10.4916 56.2098 3.88392 275.092 154.819
internal_count=17185 16175 1010 228 85 15477 14882 12345 595 10099 325 2537 2456 2439 433 9774 8602 239 8363 1629 418 102 6734 540 460 129 1211 90 6194 3574
is_linear=0
shrinkage=0.05


Tree=51
num_leaves=31
num_cat=0
split_feature=19 19 22 4 24 6 4 16 25 22 7 15 2 10 13 14 28 1 29 7 1 1 27 5 16 23 10 13 5 3
split_gain=7.73076 7.47558 7.24311 8.71679 13.8667 10.2038 9.75455 9.56329 7.8828 7.46315 7.33149 8.28456 11.3003 14.2584 8.572 8.19372 7.32711 8.29472 9.71891 9.24967 12.5669 7.15018 11.5429 6.96472 8.52283 8.34373 8.8701 8.02701 8.4718 6.46651
threshold=-2.566666666666666 0.6506631299734581 -324.49999999999994 -0.88732023956865147 0.21509328334085101 -0.090167507854060622 -0.22615063571317953 -0.058301781682860591 -0.076187993426103592 146.50000000000003 2.6819769897278904 1.1211419862054373 -0.98397685352960818 11.874365743322349 1.6428126050097067 6574363.6566068167 973758.05500000005 0.9874706746261922 1089860.1050000002 1.0711901099998682 1.0788405378203707 -1.3979048292587146 -0.0019803140785837332 218.05300000007267 1.1118147027686076 2050.5000000000005 1.0000000180025095e-35 1.2798923975910388 129.4624999999069 -2.4785828393781855
decision_type=2 2 2 2 2 2 2 2 2 2 2 2 2 2 2 2 2 2 2 2 2 2 2 2 2 2 2 2 2 2
left_child=-1 2 -2 5 16 8 9 -8 -4 -6 11 12 13 21 23 -15 -5 -18 19 20 -19 22 -10 24 25 26 -14 28 -28 -7
right_child=1 -3 3 4 6 29 7 -9 10 -11 -12 -13 14 15 -16 -17 17 18 -20 -21 -22 -23 -24 -25 -26 -27 27 -29 -30 -31
leaf_value=0.038320455359925981 -0.0065723688270999826 -0.041184366550639576 0.11988973460524532 -0.0062997826716718261 0.019920874420485589 -0.050505702070313678 -0.0074866468169880844 0.067996912152220923 -0.05313222075645261 0.11508279505036423 -0.061579300663284819 0.04950788567639465 0.16734678523829055 0.0020769655398893989 -0.033548595233279931 0.089367969964865207 0.0032465133969828497 0.17735408857984383 -0.029196654782151651 0.15255324223030026 -0.0027912130997984836 -0.027217498415143728 0.071919729786530009 0.0035561295869422438 -0.024372915511014743 -0.001265046624789219 0.039097628312295796 0.16095772216081999 0.16318596433145888 0.0025727954903765745
leaf_weight=12.738261811435221 317.65111600328237 11.373453659936784 1.9980106502771366 352.84923423733562 3.4556721448898333 6.1311901975423089 15.21445329859853 5.7940336987376204 2.9082418195903301 5.1025426983833313 2.7074996810406438 21.426866099238396 2.6140405293554165 4.9648790340870601 3.9669597260653964 5.8629115931689739 36.462518041953444 1.2787883933633546 2.6957015376538029 2.8703487031161785 3.9847173392772675 29.37008158676327 5.049005663022391 7.8997463192790738 2.8055006563663474 3.5923422388732424 11.743772547692059 2.0046873316168776 1.5579521320760239 89.514349888078868
leaf_count=80 5835 134 9 7029 21 97 106 33 59 28 32 96 37 79 62 54 628 22 45 35 64 598 97 89 48 54 156 20 16 1522
internal_value=-0.000376612 -0.000887503 -0.000406826 0.00267341 -0.00138122 0.0111263 0.0316615 0.0133313 0.0214777 0.0766579 0.0196651 0.0217448 0.0146915 -0.0011735 0.0358047 0.0493423 -0.00382276 0.0146584 0.0530817 0.0803502 0.0409758 -0.015827 0.0262153 0.0443441 0.057594 0.0682834 0.0822251 0.0676879 0.0536314 -0.000829709
internal_weight=977.589 964.851 953.477 635.826 429.708 206.118 29.5667 21.0085 110.472 8.55821 108.474 105.767 84.3401 48.1551 36.185 10.8278 400.141 47.2921 10.8296 8.13385 5.26351 37.3273 7.95725 32.218 24.3183 21.5128 17.9205 15.3064 13.3017 95.6455
internal_count=17185 17105 16971 11136 8011 3125 188 139 1506 49 1497 1465 1369 887 482 133 7823 794 166 121 86 754 156 420 331 283 229 192 172 1619
is_linear=0
shrinkage=0.05


Tree=52
num_leaves=31
num_cat=0
split_feature=15 3 18 25 5 4 8 26 24 3 3 21 2 4 27 5 27 26 3 30 22 21 7 7 18 3 21 4 26 18
split_gain=7.15358 6.51316 5.94703 6.47141 6.2237 7.08353 7.78449 6.65077 6.56051 7.0172 7.36568 8.52056 8.8121 7.35178 6.8336 11.2392 10.6588 13.7888 8.3133 8.92197 10.3924 10.0646 9.34648 12.9058 9.81082 13.2657 7.87808 8.92289 7.71695 7.71166
threshold=1.0954451150103328 1.9623271984688326 -1.0071877544188794 -1.1416879275891609 777.61099999980081 2.1125613734857285 2732612.8200000427 -0.00036649999999999991 0.14311743541652419 -0.87671350436863882 -0.72534733104425297 2.8759944775483759 0.91632254503004662 -0.37391368018322085 0.0037455807874159368 24.67099999985658 0.0041260292373170868 -5.8999999999999937e-05 -1.2373297066822377 1.234592087887824 -2132.4999999999995 4.4995914654546336 -0.74937583079389591 -0.34743349900446996 -0.031251554524424713 1.1526863416105912 3.085123175265776 -0.35746080404947506 0.00024300000000000005 -0.5877691258130715
decision_type=2 2 2 2 2 2 2 2 2 2 2 2 2 2 2 2 2 2 2 2 2 2 2 2 2 2 2 2 2 2
left_child=1 2 -1 -4 7 -6 -7 -5 14 -10 -11 12 13 -12 -9 26 17 -17 -18 20 -20 22 -22 -24 25 29 -16 -28 -19 -25
right_child=-2 -3 3 4 5 6 -8 8 9 10 11 -13 -14 -15 15 16 18 28 19 -21 21 -23 23 24 -26 -27 27 -29 -30 -31
leaf_value=-0.017333243504719955 0.00845557136467435 -0.029367264033887952 0.067735928977876711 0.019264047454359532 0.030281415854628187 -0.042547458037328928 0.0316708683478353 -0.0077781587314009254 -0.009391568387566121 0.09031111596564502 0.046383256696191734 -0.042718188551912832 0.078683709701298052 -0.0090318493419896673 -0.022705970814498311 0.19840048881108197 -0.017059116913897731 -0.029081325247329728 0.17334936765868331 -0.01057853523592717 -0.014157483467958757 0.19721187561096493 0.18573203876771441 -0.053789292606281729 -0.0032465122530557205 0.28308246120612607 0.027747771991957305 -0.038525358072635511 0.14227168316148817 0.094428830120022747
leaf_weight=56.230053318664432 185.92806134000421 21.845256121829152 3.4636233188211909 34.791311971843243 31.581758793443441 8.5458666626363975 6.0231042243540278 443.58146245777607 24.135100785642862 3.8674775399267665 10.151782538741829 5.0239060744643202 6.6144793778657904 14.582591768354179 38.236434911377728 1.9057598263025282 13.68481697142124 2.0285841375589366 1.4966349415481079 9.9549690466374141 7.6330860219895866 0.94151295721530814 1.6567900776863123 1.1880489140748975 6.7172864116728315 0.74677278287708748 21.552534043788913 6.6447689905762664 0.97183098271489132 3.3581292796880016
leaf_count=1200 1010 698 27 541 476 188 102 9884 155 25 60 35 44 97 1077 31 255 52 27 251 159 6 34 29 156 27 319 136 9 75
internal_value=-0.000367497 -0.00244624 -0.00167981 -0.00044198 -0.000775695 0.0169768 -0.0118641 -0.00201429 -0.00319561 0.011924 0.0247086 0.0177332 0.027421 0.0137123 -0.0049266 0.00572806 0.0230696 0.0932241 0.0158048 0.0291528 0.0458147 0.037233 0.0301615 0.0549139 0.0368678 0.0877768 -0.00791996 0.0121303 0.0264197 0.0556951
internal_weight=975.084 789.156 767.31 711.08 707.617 46.1507 14.569 661.466 626.675 64.3753 40.2402 36.3728 31.3489 24.7344 562.299 118.718 52.2842 4.90617 47.378 33.6932 23.7383 22.2416 21.3001 13.667 12.0102 5.29295 66.4337 28.1973 3.00042 4.54618
internal_count=17185 16175 15477 14277 14250 766 290 13484 12943 416 261 236 201 157 12527 2643 1111 92 1019 764 513 486 480 321 287 131 1532 455 61 104
is_linear=0
shrinkage=0.05


Tree=53
num_leaves=31
num_cat=0
split_feature=19 15 8 2 15 21 5 3 13 26 27 18 6 7 13 13 9 8 13 6 27 8 8 26 13 2 6 4 2 4
split_gain=7.18508 7.73764 6.80105 8.36569 9.77952 11.0796 7.31298 6.96629 6.94854 6.37508 5.99895 13.154 5.54721 12.1884 9.01208 8.20062 13.2531 37.7636 33.7651 42.2603 15.9547 11.4198 24.1955 14.3523 9.48088 8.7039 8.25141 9.67614 8.46736 7.83455
threshold=0.6506631299734581 1.9051586888313607 33146188.86000004 -0.67092112100442314 3.6147844564602587 3.3686531679346454 894.26249999995355 -0.73959093669373221 -0.101514446664856 0.00069950000000000014 -0.0046053788002752274 -0.25187182791993229 0.63801230500701844 2.3860142395158275 -0.86578663521839627 0.67879580125288397 0.14723617272654024 65433.035000044714 -1.137232517694774 1.2656505031362104 0.0031227836913944045 923457.71000004665 1084374.4400000444 -6.0729999999999989e-05 0.71342740692116313 -0.77509652829182085 3.2542921800998381 1.240543496274171 -0.32284995471078975 -0.16710108434147183
decision_type=2 2 2 2 2 2 2 2 2 2 2 2 2 2 2 2 2 2 2 2 2 2 2 2 2 2 2 2 2 2
left_child=1 9 3 8 5 6 -5 -6 -3 12 -10 -12 29 15 -15 16 17 26 19 -19 -21 24 23 -23 -17 -24 28 -28 -14 -1
right_child=-2 2 -4 4 7 -7 -8 -9 10 -11 11 -13 13 14 -16 21 -18 18 -20 20 -22 22 25 -25 -26 -27 27 -29 -30 -31
leaf_value=0.0061533713773067843 -0.040409380093238717 0.055603061363403587 -0.033881273276401461 0.035225741977301009 0.017404591580970234 -0.036920015245023495 -0.032942383804745866 -0.046040443413023713 0.058151813815963127 0.043393276932096547 -0.063485343566435079 0.029781324762096772 0.0042769639961092861 -0.015719856718181813 0.068605228878718214 0.12820098106784494 -0.029884482325994312 0.026611352783346615 0.0083259142422442475 0.57051166867861769 0.25600050576346578 0.27509268173057605 -0.024863986872965843 0.056617065885460838 -0.023182578230654165 0.023721542196680531 -0.034242542273921692 0.114983816626947 -0.039721562896589346 -0.0053388428374472503
leaf_weight=308.02732825186104 11.07254161685705 18.657824158668518 7.4984978437423697 35.0236586779356 6.4332181140780476 8.0131665021181089 4.4322260543704024 13.212559595704077 5.9062542766332653 7.8119971491396418 5.5711217224597993 11.761871859431261 19.753877015784383 5.0107789468020192 8.6178263723850232 1.0641939919441927 91.288394637405872 1.2664474826306107 3.290283301845192 0.80269718170165993 0.81026865728199482 1.3617569934576752 13.420064136385916 1.6780250780284394 36.773594216443598 29.440081490203738 1.8927128557115782 2.549645533785224 24.493018618784845 285.9973224690184
leaf_count=4793 134 85 32 171 30 37 33 102 27 84 24 52 476 95 76 25 2416 38 101 23 22 22 263 28 961 555 34 30 678 5738
internal_value=-0.000361763 9.92481e-05 0.0121789 0.0153472 0.00440343 0.016682 0.0275682 -0.0252647 0.032878 -0.00156563 0.014633 -0.000196184 -0.00198498 -0.00834041 0.0376017 -0.0110641 -0.0182124 0.00121067 0.117749 0.242785 0.412518 0.00141186 0.0181765 0.154489 -0.0189249 0.00850879 -0.0135565 0.0514044 -0.0200786 0.000620364
internal_weight=972.933 961.861 116.51 109.012 67.1148 47.4691 39.4559 19.6458 41.8971 845.35 23.2392 17.333 837.538 243.514 13.6286 229.885 146.147 54.859 6.1697 2.87941 1.61297 83.7377 45.8999 3.03978 37.8378 42.8601 48.6893 4.44236 44.2469 594.025
internal_count=17185 17051 593 561 373 241 204 132 188 16458 103 76 16374 5843 171 5672 3818 1402 184 83 45 1854 868 50 986 818 1218 64 1154 10531
is_linear=0
shrinkage=0.05


Tree=54
num_leaves=31
num_cat=0
split_feature=19 19 22 4 24 6 4 16 7 5 2 28 22 4 13 10 13 25 15 2 10 6 6 22 1 26 14 7 1 27
split_gain=7.09327 6.52013 6.51808 7.26867 11.8766 8.85404 7.99255 7.32188 6.88016 6.64711 8.10248 6.59472 6.49855 6.57143 14.6082 9.81765 8.83748 6.43397 7.35488 9.60717 12.6047 7.73902 8.64273 7.95871 11.7662 7.34751 6.82495 6.59177 6.51713 10.0297
threshold=-2.566666666666666 0.6506631299734581 -324.49999999999994 -0.88732023956865147 0.21509328334085101 -0.090167507854060622 -0.35746080404947506 -0.058301781682860591 2.6819769897278904 199.20950000011365 0.8912760708176698 1770886.9350000003 1332.5000000000002 -0.11882904308067931 -0.59894130273625446 14.228977191241242 1.1657735373000244 -0.076187993426103592 1.1211419862054373 -0.98397685352960818 11.874365743322349 -2.6305888001056075 -2.2463113557957324 1427.5000000000002 -1.3824110914685057 8.1000000000000058e-05 6574363.6566068167 1.4786820452854488 -1.3979048292587146 -0.0019803140785837332
decision_type=2 2 2 2 2 2 2 2 2 2 2 2 2 2 2 2 2 2 2 2 2 2 2 2 2 2 2 2 2 2
left_child=-1 2 -2 5 11 8 -6 9 17 10 -8 -5 13 14 -13 16 -16 -4 19 20 28 -21 -23 24 -24 27 -22 -26 29 -19
right_child=1 -3 3 4 6 -7 7 -9 -10 -11 -12 12 -14 -15 15 -17 -18 18 -20 21 26 22 23 -25 25 -27 -28 -29 -30 -31
leaf_value=0.037171608371861606 -0.0062865923439028477 -0.03956596387164113 0.10920786938722551 -0.0055050349798653961 0.075865152496374488 -0.00095591647258955388 -0.0060555934035270501 0.062563018043737803 -0.059938012553622078 -0.045198903867055003 0.088069665178708678 -0.044046693228046038 -0.048476307193801534 0.010188093639108468 0.2152842111140951 0.0064702568021336839 0.073853904777297766 -0.052971323167373845 0.04657467296828624 -0.055793482951196571 0.001909125212723499 0.11644019190774897 0.19896535796874795 -0.029425417994747929 -0.0080224761996563875 0.063882843648526574 0.080756946518522846 0.073619960096309889 -0.026519554367385536 0.064246786524214519
leaf_weight=12.427244886755942 314.82546099834144 10.751368587836621 2.0644801408052436 361.555460174568 7.0068159326910999 95.131286743097007 8.0607835128903478 5.9653905034065202 2.6381730921566477 5.8140079341828814 3.1916457861661902 2.3926112782210112 3.3908006288111201 22.673960795626044 2.1288017574697751 1.9183477591723201 2.2956745754927397 2.7709469050168991 21.013251960277557 2.3203138411045066 4.9696310013532621 3.228324629366397 1.1300142072141195 4.7070636972784987 11.095160309225326 11.491896724328397 6.1295033246278763 3.1812306791543952 28.702601578086618 5.3450281955301708
leaf_count=80 5835 134 9 7268 36 1619 56 33 32 42 21 46 66 372 26 22 23 59 96 32 79 31 12 68 181 123 54 35 598 97
internal_value=-0.000360834 -0.000847763 -0.000408257 0.00251854 -0.00120687 0.0102327 0.029105 0.0148794 0.0198402 -0.00178786 0.0206422 -0.00350412 0.0172843 0.0243835 0.0612296 0.100941 0.141902 0.0217863 0.020085 0.0135419 -0.00125366 0.0326237 0.0385133 0.0305534 0.0410494 0.0341244 0.0454529 0.01017 -0.0153336 0.0242263
internal_weight=970.317 957.89 947.139 632.313 426.394 205.919 30.0386 23.0318 110.788 17.0664 11.2524 396.356 34.8002 31.4094 8.73544 6.34282 4.42448 108.149 106.085 85.0717 47.9177 37.154 34.8337 31.6054 26.8983 25.7683 11.0991 14.2764 36.8186 8.11598
internal_count=17185 17105 16971 11136 8011 3125 188 152 1506 119 77 7823 555 489 117 71 49 1474 1465 1369 887 482 450 419 351 339 133 216 754 156
is_linear=0
shrinkage=0.05


Tree=55
num_leaves=31
num_cat=0
split_feature=19 3 19 15 8 21 7 25 27 6 7 5 2 12 10 21 9 10 14 6 7 13 7 2 3 6 30 2 4 14
split_gain=6.54211 6.42752 6.28469 6.08998 7.21353 5.86142 7.53472 6.15083 5.51145 7.62042 9.03348 5.57716 5.56772 5.44955 6.07779 6.70223 5.91528 5.42538 8.86324 9.32744 18.2183 14.6536 14.5604 12.0271 11.6594 10.1834 8.68679 9.10972 8.78256 8.50396
threshold=-2.566666666666666 1.9623271984688326 -1.0536899648574978 1.9051586888313607 33146188.86000004 -0.23706907965650598 -3.6372167262361468 -0.95299026824464284 -0.0074149687190431237 -1.6377441737948057 1.5931466910360628 707.51950000016961 1.1128021710427534 1.0000000180025095e-35 29.42615653599557 2.9524428551058075 9.0682936550369906 11.001922056186396 29801140.845068965 -0.94334558286389503 -0.88721689030741491 1.2327904230888396 -1.4417373113279697 0.96076132364007605 -1.3006265819875535 -2.0832739388128769 -0.89452856083702559 0.38505935583111445 -0.012918323943463849 19033643.991363477
decision_type=2 2 2 2 2 2 2 2 2 2 2 2 2 2 2 2 2 2 2 2 2 2 2 2 2 2 2 2 2 2
left_child=-1 2 -2 5 8 6 -4 -8 12 -10 11 -11 -5 17 -15 16 -16 29 19 20 25 -21 -23 24 -24 -19 28 -28 -27 -7
right_child=1 -3 3 4 -6 13 7 -9 9 10 -12 -13 -14 14 15 -17 -18 18 -20 21 -22 22 23 -25 -26 26 27 -29 -30 -31
leaf_value=0.036073980807830343 -0.060849999571671747 -0.022179156276076115 0.10593385021920142 0.05023198466285457 -0.035174266342355834 -0.00041375033159610621 0.10297214328557561 -0.028979224177136199 -0.045916321070783334 0.011569916481521246 0.067570481769971782 -0.046737544680771737 -0.011737432486689193 -0.051009962762486365 0.13951972197692428 -0.042600556077714895 0.01066650799608073 0.01815190815142529 0.08617570734568071 -0.023891339446477346 -0.0014474230246034284 -0.057296572051774665 0.098800597172903681 0.17479033480246972 -0.010803792176053678 0.10011626691271183 0.079078611671456855 0.1999580005188128 -0.038020763803752217 -0.03756233095047256
leaf_weight=12.171686038374899 4.2277472689747801 33.95596035476774 1.1275890208780754 17.38253474235535 7.6432055830955496 641.88962527923286 0.9074639156460752 32.994758221320808 5.8592044338583937 57.98686695843935 6.9423687309026709 4.4132713526487342 4.579555206000804 10.94135693088174 1.2740689534693945 3.7118307836353779 2.9599595982581377 7.6384508386254337 3.7884147986769667 35.903226326219738 27.408955780789256 3.3387049287557593 4.4122638534754497 1.9397817635908712 5.3910450376570225 2.7262498904019603 3.6014860067516539 2.7477858923375607 1.9909433797001836 15.784366173669694
leaf_count=80 60 797 10 84 34 12590 6 937 31 273 34 32 24 231 24 56 47 79 32 716 403 61 40 35 82 21 33 21 33 279
internal_value=-0.000351451 -0.000815473 -2.82632e-05 0.000252063 0.0115953 -0.00121117 -0.0212182 -0.0254473 0.0152743 0.00883895 0.0134656 0.0074461 0.0373101 -0.000309711 -0.026839 0.00644413 0.04944 0.000350835 0.0111472 0.00821987 0.0245147 -0.00651813 0.03484 0.0610355 0.0385268 0.0625579 0.0932084 0.131392 0.041814 -0.00130533
internal_weight=967.641 955.469 921.513 917.285 104.807 812.478 35.0298 33.9022 97.1638 75.2017 69.3425 62.4001 21.9621 777.449 18.8872 7.94586 4.23403 758.561 100.887 97.0989 46.1139 50.985 15.0818 11.7431 9.80331 18.7049 11.0665 6.34927 4.71719 657.674
internal_count=17185 17105 16308 16248 512 15736 953 943 478 370 339 305 108 14783 358 127 71 14425 1556 1524 590 934 218 157 122 187 108 54 54 12869
is_linear=0
shrinkage=0.05


Tree=56
num_leaves=31
num_cat=0
split_feature=19 15 20 0 1 16 15 15 3 9 27 0 9 29 13 1 2 27 30 3 27 1 21 3 9 14 8 7 13 26
split_gain=6.20298 6.52015 6.6441 8.51496 9.60834 7.86035 7.41119 6.88472 7.74148 6.45678 6.40235 6.27002 6.31654 7.61755 8.34119 6.24592 6.04557 8.15785 5.87544 5.83579 5.57043 8.62853 10.0174 13.4545 15.1796 14.2546 10.9776 17.4346 9.90002 6.95211
threshold=0.6506631299734581 1.4241858663474487 -1.0000000000001386 0.79289737412970862 1.1790185400086768 1.4247938410205838 1.1912380946373087 1.1211419862054373 -0.49199280433669046 0.0046636103925248654 0.00083121969026644937 -0.96919307317628012 0.12638512242919259 -36092.994999999988 -1.5857667431825568 1.0069784730081806 -0.63533742735133092 -0.0061962808736628619 1.4110622844180953 -1.5954083991197885 0.0037455807874159368 0.80939879371473145 2.3375645900086934 -0.083271310083485373 0.26198415942458991 2293987.3984280038 586162.16000003449 1.5009523477127658 -1.4785419354833176 0.00051250000000000004
decision_type=2 2 2 2 2 2 2 2 2 2 2 2 2 2 2 2 2 2 2 2 2 2 2 2 2 2 2 2 2 2
left_child=1 2 3 4 5 18 7 20 -9 10 -3 -11 -13 14 -14 16 -16 -18 -1 -12 -4 28 23 24 25 -23 -25 -28 -22 -30
right_child=-2 9 6 -5 -6 -7 -8 8 -10 11 19 12 13 -15 15 -17 17 -19 -20 -21 21 22 -24 26 -26 -27 27 -29 29 -31
leaf_value=0.016628375570819927 -0.038705665617661304 -0.060287610549907313 -0.005336911563402106 -0.025247296525996832 0.094246572247818516 0.072695122374246662 -0.05128036017592278 -0.014776806610792535 0.08747606418628795 0.030244736432631415 0.051005662207390501 0.057511092961875392 -0.041237552305999868 -0.0069858208851563009 0.053526113664461299 0.077632283074460712 0.043218867611106465 -0.038379201757702354 -0.038754718381172865 -0.01682307342711456 -0.033619821532711154 0.29230164016785787 0.00038643695861510883 -0.018679881768513013 0.0096661827190649904 0.1017888814124274 0.038383941009373451 0.30306811067006434 0.0025962216803550155 0.090668582928571786
leaf_weight=32.068477407097816 10.422854371368883 5.8826212026178863 566.18805600889027 10.973505131900309 4.3723784014582625 5.4314267821609965 7.8832089491188517 3.1786456853151321 4.4318261109292498 39.378792688250542 4.2445134595036551 5.7318655997514716 4.2978099361062077 60.234643958508968 8.3128443211317133 6.2368275597691527 5.5757732614874893 6.7970298230647952 5.6294424645602694 12.539464756846424 20.599927878938615 1.2896310817450301 23.836535273119807 8.6613639928400499 3.1867869421839714 4.1140701808035374 5.4050825461745253 0.70307998545467842 84.833331341855228 2.301454657688736
leaf_count=215 134 33 12191 86 29 36 78 23 34 179 18 36 25 310 38 31 27 35 38 76 566 22 420 293 60 55 151 20 1896 30
internal_value=-0.000342163 7.68336e-05 -0.00177269 0.0144497 0.0236202 0.0164602 -0.00306048 -0.00253885 0.0447684 0.00931198 -0.0154018 0.0134139 0.00659425 0.00340307 0.0234468 0.0337728 0.0205489 -0.00160723 0.008358 0.000330189 -0.00303812 0.0053627 0.0231902 0.0464592 0.0962148 0.147256 0.0175196 0.0688504 -0.00244722 0.00492244
internal_weight=964.743 954.32 795.088 58.4752 47.5017 43.1293 736.613 728.73 7.61047 159.232 22.6666 136.566 97.1868 91.4549 31.2203 26.9225 20.6856 12.3728 37.6979 16.784 721.119 154.931 47.1966 23.36 8.59049 5.4037 14.7695 6.10816 107.735 87.1348
internal_count=17185 17051 16243 404 318 289 15839 15761 57 808 127 681 502 466 156 131 100 62 253 94 15704 3513 1021 601 137 77 464 171 2492 1926
is_linear=0
shrinkage=0.05


Tree=57
num_leaves=31
num_cat=0
split_feature=19 3 9 6 19 22 0 19 27 26 25 8 4 30 8 16 23 22 23 15 4 26 22 30 3 13 27 0 26 9
split_gain=5.98851 5.90531 5.91858 14.7514 5.87213 5.24883 6.86231 6.35043 6.18442 6.04825 7.24726 6.31623 6.19331 6.99361 6.23431 7.34062 6.91432 8.10038 7.46806 8.58781 5.97271 5.7704 6.4416 6.05997 7.27957 8.26846 10.6264 5.55627 5.4171 5.32038
threshold=-2.566666666666666 1.5695748647523355 10.298560150322379 1.7738126329567854 -1.0536899648574978 -324.49999999999994 1.4823791043699726 0.60220079851981356 0.0014296252304734083 0.00020600000000000002 -1.1416879275891609 77167773.075000063 -0.31450358888842017 -2.0866416211500267 3928279.3900000486 1.7697551822024802 2452.5000000000005 1809.5000000000002 -179.49999999999997 1.4288690166235216 1.0523010375042796 0.00013700000000000008 194.50000000000003 -0.75459316696842171 -0.73959093669373221 -1.32233978912634 -0.0061962808736628619 -0.37217606347060711 0.00043150000000000008 16.89124388249385
decision_type=2 2 2 2 2 2 2 2 2 2 2 2 2 2 2 2 2 2 2 2 2 2 2 2 2 2 2 2 2 2
left_child=-1 4 -3 -4 -2 6 -6 9 -8 10 -7 21 13 27 15 16 18 20 28 -20 -18 29 -23 -24 -25 -26 -27 -11 -14 -12
right_child=1 2 3 -5 5 7 8 -9 -10 12 11 -13 14 -15 -16 -17 17 -19 19 -21 -22 22 23 24 25 26 -28 -29 -30 -31
leaf_value=0.0349362861769889 -0.060556757241226403 -0.019858152720585793 -0.010522911981661998 0.19557762772106962 -0.005845723824862494 0.10268631097040935 0.012607592138362451 -0.044274800870475209 0.13787400616423609 0.029322292180545481 0.004425979488224983 0.063141055805700855 0.020432204515219814 0.020887820607512958 -0.02697789952753778 0.13682234653601369 0.059450995127244693 -0.01604834176610366 -0.029788469864725161 0.057132836983570502 0.20826455707615366 -0.039468532754634869 -0.034786660111858415 -0.014444860118695908 0.15371750202702419 0.17398402598324034 0.0012757839552829022 0.13467109109644043 0.13279413704007084 -0.012957753783296702
leaf_weight=11.885849617421625 3.9487039335072032 58.837989078834653 3.7179993502795687 1.1326845046132801 288.78882074542344 1.7647845521569241 2.7149181943386784 6.9402744341641656 1.5465955752879379 2.4571660384535789 383.54734272602946 4.077981784939765 3.9632773604244056 47.935365313664079 13.44521981757134 1.16546363942325 1.7057904358953231 1.8641916159540413 16.878428841009743 3.4169142991304389 1.1149859074503181 18.065044686198235 8.9769221618771571 9.78119805455208 1.5339161790907399 1.0392166096717135 6.2295035319402761 2.550978733226656 1.4707373790442941 49.720286395400763
leaf_count=80 58 1430 87 11 5281 12 37 86 21 26 7040 25 65 592 213 16 33 37 348 17 14 359 187 166 34 10 132 18 14 736
internal_value=-0.0003345 -0.000775634 -0.0154817 0.0376037 0.000280722 0.000552876 -0.00491627 0.00327101 0.0580695 0.00383731 0.00154722 0.00117766 0.0151684 0.0267617 0.0015361 0.013676 0.00895713 0.0648256 -0.00121576 -0.0151544 0.118273 0.000650015 -0.0162632 -0.00105298 0.0152421 0.0482292 0.0259681 0.0829834 0.0508434 0.00243108
internal_weight=962.219 950.333 63.6887 4.85068 886.644 882.695 293.05 589.645 4.26151 582.705 484.736 482.971 97.9685 52.9435 45.025 31.5798 30.4143 4.68497 25.7294 20.2953 2.82078 478.893 45.6258 27.5608 18.5838 8.80264 7.26872 5.00814 5.43401 433.268
internal_count=17185 17105 1528 98 15577 15519 5339 10180 58 10094 8701 8689 1393 636 757 544 528 84 444 365 47 8664 888 529 342 176 142 44 79 7776
is_linear=0
shrinkage=0.05


Tree=58
num_leaves=31
num_cat=0
split_feature=19 3 19 5 19 15 8 21 7 14 14 3 4 21 21 25 3 15 21 2 30 3 30 2 0 3 15 12 30 4
split_gain=5.52013 5.49118 5.55818 5.49339 5.3168 6.53067 6.70143 5.38834 6.57608 5.31956 6.73457 6.41061 10.0869 11.6411 9.74655 6.50531 6.25994 7.73309 6.20786 6.15606 6.78409 5.88007 5.75674 10.6974 8.0798 7.74835 6.1087 5.75147 5.84221 10.6894
threshold=-2.566666666666666 1.9623271984688326 -1.0536899648574978 -918.38950000004832 0.6506631299734581 1.9051586888313607 33146188.86000004 -0.23706907965650598 -3.6372167262361468 250703.66777018268 975546.83220434643 -0.87671350436863882 -0.40441202101230761 1.0000000180025095e-35 1.3530843010994393 -0.12776916032299526 -1.0032877050078715 0.47599446325222355 1.5763490480294433 -0.88783609628735849 -0.52307119034130312 1.1955680028841684 0.14469733107154251 0.8912760708176698 1.0966129214957943 0.61658954526016641 0.61521515514772873 1.0000000180025095e-35 -2.8588937822283351 1.1103322711819283
decision_type=2 2 2 2 2 2 2 2 2 2 2 2 2 2 2 2 2 2 2 2 2 2 2 2 2 2 2 2 2 2
left_child=-1 2 -2 -3 5 7 -7 8 -4 11 -11 16 14 -14 -13 -16 17 19 -19 -9 -21 22 24 -24 25 -15 -25 28 29 -12
right_child=1 3 4 -5 -6 6 -8 9 -10 10 27 12 13 21 15 -17 -18 18 -20 20 -22 -23 23 26 -26 -27 -28 -29 -30 -31
leaf_value=0.033886525969595203 -0.060052592884316358 0.084699271102224888 0.09524876211021327 -0.024783787662563006 -0.03674233726257483 0.016221674354100747 -0.03341588680418385 -0.030405240713058803 -0.024475711523419347 -0.017854733083676712 0.0062563588039632667 0.013915272866985318 0.094246647828078747 0.017835661068684203 0.033324250617849265 0.12013445168221433 -0.060361010556599148 0.045243253496361741 -0.025917434988591382 -0.022412426602973844 0.069737226912459191 -0.050004191627858602 -0.040763336496578435 -7.7554171877622849e-05 -0.044953741895592966 0.092593852495329865 0.092368201888023582 -0.028084312147996934 -2.350633821709348e-05 0.10894800270729094
leaf_weight=11.647501200437544 3.8401478733867398 1.1887312922626723 1.1882582381367672 31.682143264450133 9.6225095139816386 93.526886254549026 7.3327628076076499 3.1912947837263337 32.986176093108952 58.837243836373091 9.3442890895530564 8.6230889353901166 3.6202365029603234 10.919163312762977 3.4369815513491631 5.7996911462396366 4.5240770522505036 3.5967552140355137 20.722194574773312 2.6021559908986083 8.5926632508635503 5.0128133296966544 12.062312144786121 4.7083106916397801 3.245976796373724 5.0778684783726922 2.8800246044993401 17.8517099134624 569.60641511809081 3.4770630225539199
leaf_count=80 60 13 10 784 127 454 31 32 940 1597 158 51 25 83 20 44 37 21 129 25 58 40 91 35 28 31 19 348 11771 43
internal_value=-0.00032557 -0.000745426 -2.50645e-05 -0.0208245 0.000227585 0.000621644 0.0126129 -0.000886552 -0.0203128 -2.18207e-05 -0.00171136 0.0102309 0.0201077 0.00806919 0.0521435 0.0878322 -0.00470838 0.00179663 -0.0153928 0.0308545 0.0483177 0.000963568 0.00753255 -0.0115031 0.0269714 0.0415658 0.0350087 -0.000129043 0.0007278 0.0341056
internal_weight=960.747 949.1 916.229 32.8709 912.389 902.766 100.86 801.907 34.1744 767.732 659.117 108.616 65.3865 47.5267 17.8598 9.23667 43.2291 38.7051 24.3189 14.3861 11.1948 43.9065 38.8937 19.6506 19.243 15.997 7.58834 600.279 582.428 12.8214
internal_count=17185 17105 16308 797 16248 16121 485 15636 950 14686 13917 769 467 352 115 64 302 265 150 115 83 327 287 145 142 114 54 12320 11972 201
is_linear=0
shrinkage=0.05


Tree=59
num_leaves=31
num_cat=0
split_feature=19 19 3 13 9 8 21 15 0 26 4 6 7 7 6 16 3 16 19 6 22 22 7 13 27 23 27 9 2 28
split_gain=5.08711 5.13269 5.17059 4.97218 5.85626 17.3657 8.05297 5.83007 5.3575 6.67985 5.8099 15.1806 8.3345 12.7371 14.6675 12.6898 10.9066 8.62586 8.60862 10.3845 8.52538 13.7567 8.48404 9.886 11.019 9.71628 7.08483 7.05291 8.94845 7.3972
threshold=-2.566666666666666 -1.0536899648574978 1.9623271984688326 -2.210372620785753 0.6091657711447418 536674.48500004667 0.90815448113078545 1.9051586888313607 1.4916734417220974 -0.00023251999999999998 -0.24131509305838397 3.5029073606558434 -1.5791307261788561 -1.699277450690081 -1.3936366651105809 0.64604824820421047 -1.3765540754344794 -1.7982395027865519 -0.033176100628963985 1.8798744367301066 -324.49999999999994 703.50000000000011 -0.20965490649837268 1.8307897608121733 0.00053327065630437442 557.50000000000011 0.0052747740838305921 12.358257004277274 -0.072369166467807222 249740.16
decision_type=2 2 2 2 2 2 2 2 2 2 2 2 2 2 2 2 2 2 2 2 2 2 2 2 2 2 2 2 2 2
left_child=-1 -2 3 4 5 6 -3 8 10 -10 12 -12 13 14 16 -15 -5 -16 19 -14 27 22 23 -22 -25 -24 -26 -20 29 -29
right_child=1 2 -4 7 -6 -7 -8 -9 9 -11 11 -13 18 15 17 -17 -18 -19 20 -21 21 -23 25 24 26 -27 -28 28 -30 -31
leaf_value=0.032858997942571938 -0.059702445586416936 0.10900912851347005 -0.020147632550368163 -0.027738994061742975 -0.032720718047433248 0.18242033516944445 -0.028021294092745348 0.012511627635175857 0.16594200274781357 0.022103275229256134 -0.0063320351888774898 0.086629797496846961 0.015669561084425156 0.039569586071524582 0.10818773750348556 0.17982723002001019 0.06829296518545902 -0.014647960775314909 -0.019708134326259064 0.11000208812598154 -0.015021673068841508 -0.015066523401911218 0.033713933339338392 -0.017045462314467553 0.16985714638257704 0.0010030727692917102 0.031222196742516656 -0.026833366914753128 0.11008048978343568 0.054252964699297128
leaf_weight=11.417085886001585 3.673745607957243 1.2213915614411224 32.297519932501018 3.7475893180817392 23.282804661430418 1.3085690438747395 8.7755319494754058 96.876866158097982 1.008795130997896 4.0380757898092261 375.26575340516865 4.4435723330825558 27.117838345468048 5.5414797272533169 1.5006704870611454 2.274589704349637 14.008728297427295 30.009516032412648 84.429824536666274 3.2691375017166129 38.927262562327087 66.620213535614312 58.33749221637845 3.3113175965845576 2.0739046055823569 37.163454852998257 1.6585587924346326 8.1034303177148086 2.2307923547923556 4.307839134708046
leaf_count=80 60 38 797 51 419 23 176 477 6 69 8210 42 179 103 20 32 93 592 1733 19 746 1297 917 53 20 664 26 141 23 79
internal_value=-0.000317092 -0.000717138 -0.00048738 0.000209742 -0.0183842 0.0111407 -0.0112794 0.00094369 -0.000494185 0.0508545 -0.000828857 -0.00524414 0.00341945 0.0210892 0.0116818 0.0803866 0.0480248 -0.00879792 0.000431355 0.0258182 -0.0020801 0.00366753 0.0124895 -0.00515856 0.0493497 0.0209848 0.108253 -0.0141525 0.0178826 0.00131096
internal_weight=958.243 946.826 943.153 910.855 34.5883 11.3055 9.99692 876.267 779.39 5.04687 774.343 379.709 394.634 57.0826 49.2665 7.81607 17.7563 31.5102 337.551 30.387 307.164 208.092 141.472 45.971 7.04378 95.5009 3.73246 99.0719 14.6421 12.4113
internal_count=17185 17105 17045 16248 656 237 214 15592 15115 75 15040 8252 6788 891 756 135 144 612 5897 198 5699 3723 2426 845 99 1581 46 1976 243 220
is_linear=0
shrinkage=0.05


Tree=60
num_leaves=31
num_cat=0
split_feature=6 7 6 27 4 14 27 9 6 7 7 3 8 9 2 13 27 14 21 3 4 19 16 14 15 9 6 2 14 27
split_gain=5.14615 10.2447 8.31237 11.1947 34.9935 8.84123 8.12472 7.65079 16.5538 21.766 39.6904 23.3607 15.6624 31.2274 16.443 13.8367 11.0683 11.3294 10.2258 8.57323 8.83202 7.65243 7.47135 7.12925 6.96627 6.68738 6.60317 6.28658 7.46157 6.25376
threshold=0.63801230500701844 2.4492087563149796 1.6071134674603347 -0.0072781735585321075 1.8569477608293625 1850935.0514891299 -0.0030539125943093155 0.74435803029816661 2.334256025144239 0.74657343185550007 0.19762669740188196 -0.80466710924056473 56309.750000048436 0.14723617272654024 -0.84416351362331665 -0.27138671093756528 0.015734244177679216 16720805.423835875 3.1035634885731516 -0.86370593828047459 -0.32608394919365491 1.0000000180025095e-35 2.2189904578565538 3840558.2296436494 1.9170289512680825 22.566278120110969 1.2993506044021228 0.33654156802417401 3666610.0080491421 0.0068603246240241953
decision_type=2 2 2 2 2 2 2 2 2 2 2 2 2 2 2 2 2 2 2 2 2 2 2 2 2 2 2 2 2 2
left_child=-1 2 3 4 -2 6 -4 8 9 10 12 -12 19 -14 -15 25 18 -18 24 -7 -21 -11 23 27 -17 -9 -3 28 -5 -29
right_child=1 26 5 22 -6 7 -8 15 -10 21 11 -13 13 14 -16 16 17 -19 -20 20 -22 -23 -24 -25 -26 -27 -28 29 -30 -31
leaf_value=0.0020212926915914651 -0.005529694589337465 0.093925741198596271 0.075819385392124947 -0.0062143323941301273 0.20663666936639147 -0.067380507179031865 -0.035287723659382923 -0.042663943313724521 -0.014920114857383022 -0.037860082747730887 0.042184649742019603 0.3027397072425026 0.25146972124787664 0.1197527342308161 -0.05351492569126242 -0.045731721400869146 0.15163524454781002 0.022418652962333779 0.043513750488579708 0.092012637488854188 -0.025685681005238194 0.057867297288365961 0.088503529376032064 -0.038393216295025574 0.097695062660615936 0.063068825869004738 0.01420333586665759 -0.040189749237024001 0.095802899451681522 0.042973753648572366
leaf_weight=680.29736520163715 16.452630511485044 3.7495610415935507 1.7838411312550331 42.627012312412262 2.2037729304283848 3.3063990343362111 21.197121896781027 20.997134556993846 19.923779338598251 8.3028872832655889 1.28298188559711 2.6108731785789123 2.224786825478076 2.6256278548389673 2.8615735080093145 9.7871139412745869 2.7175438627600661 4.5140799153596163 7.2665717042982569 3.1170504931360501 3.2618131116032618 2.7889566868543616 1.5083789024502028 47.942825931124389 0.9267701059579857 1.6101462934166182 8.4524664301425201 24.491202926263217 1.8710219040513028 2.4904254842549554
leaf_count=11097 303 34 26 1216 28 53 532 431 391 187 22 38 34 28 76 276 28 47 78 45 77 24 29 1052 4 28 108 796 38 59
internal_value=-0.000311631 -0.00608502 -0.00816532 -0.016518 0.0195323 0.00130553 -0.0266633 0.00772494 0.0209401 0.0430033 0.0725905 0.21689 0.0402934 0.0934591 0.0293937 -0.00673034 0.0187382 0.0709765 -0.00227163 -0.00204029 0.0318279 -0.0137902 -0.0220796 -0.0234763 -0.033325 -0.0351334 0.0387012 -0.0134713 -0.00192478 -0.0325137
internal_weight=955.194 274.896 262.694 139.587 18.6564 123.107 22.981 100.126 52.3067 32.3829 21.2911 3.89386 17.3973 7.71199 5.4872 47.8194 25.2121 7.23162 17.9805 9.68526 6.37886 11.0918 120.931 119.422 10.7139 22.6073 12.202 71.4797 44.498 26.9816
internal_count=17185 6088 5946 3521 331 2425 558 1867 975 584 373 60 313 138 104 892 433 75 358 175 122 211 3190 3161 280 459 142 2109 1254 855
is_linear=0
shrinkage=0.05


Tree=61
num_leaves=31
num_cat=0
split_feature=19 15 9 27 0 20 0 1 23 25 15 23 5 15 3 29 15 21 13 5 9 13 0 18 16 6 2 3 15 24
split_gain=5.06406 5.21051 5.7313 5.81045 5.63518 5.6026 6.92116 8.72365 8.03665 6.89024 6.78239 6.35754 8.36331 6.05253 6.67831 5.41114 6.88464 6.49515 7.03723 5.75311 6.85263 5.19991 6.72905 5.18209 6.27969 9.44115 10.2026 5.32288 6.34838 11.5179
threshold=0.6506631299734581 1.4241858663474487 0.0046636103925248654 0.00083121969026644937 -0.96919307317628012 -1.0000000000001386 0.79289737412970862 0.64540306843299311 93.500000000000014 -1.0599358830796803 1.1912380946373087 1398.5000000000002 -221.59649999998507 1.1211419862054373 -0.49199280433669046 -51173.609999999993 3.8927469918846964 3.159910483327137 -0.25284457342896244 849.87300000013795 0.12638512242919259 0.95492327654219988 0.5756239200359462 -1.0071877544188794 2.0350316645239905 -1.0000000180025095e-35 0.28852684094785896 -1.8911815391305293 0.51643535601825297 0.078426539404169299
decision_type=2 2 2 2 2 2 2 2 2 2 2 2 2 2 2 2 2 2 2 2 2 2 2 2 2 2 2 2 2 2
left_child=1 5 3 -3 -4 6 7 9 -9 -1 13 -11 -13 23 -15 16 17 18 -6 20 -17 22 -5 24 -7 -26 -27 -25 -29 -30
right_child=-2 2 4 21 15 10 -8 8 -10 11 -12 12 -14 14 -16 19 -18 -19 -20 -21 -22 -23 -24 27 25 26 -28 28 29 -31
leaf_value=0.082166147024869046 -0.036419897052843889 -0.058366222248685776 0.028353519226842219 0.040474137981347677 0.010332765367049268 -0.024514339446907753 -0.023431435843623567 0.10724025621046357 0.020873522194064697 -0.0079524702526824111 -0.050398125814820144 0.10136676271831212 -0.0041949290875336808 -0.014701734445228671 0.080195018266992865 0.062392219174406439 -0.03446461162695693 -0.016929683777245016 0.068826650454432134 -0.049693126926359743 -0.0025662115246074908 -0.046000106053712332 -0.04284215104927612 -0.014622979803024792 -0.034233296503509883 0.03300440302155238 0.24823388586693507 0.0013708288033893721 -0.044343434139381493 0.0068510009563036477
leaf_weight=3.025263298302888 9.6129689915105683 5.7614522539079216 38.719034016132355 8.6424877792596835 8.6939269602298808 44.004429237917066 10.557210404425858 5.0055696330964548 5.8315060064196587 26.834178816527128 7.4088520072400561 3.449504129588604 4.1141555607318869 3.1142838150262833 4.5812574289739123 4.3846595361828795 4.4717033617198458 5.3008263260126105 12.585116371512413 5.8596783652901641 54.832837902009487 4.4816430993378154 3.3678235858678809 70.486629762686789 2.4954288061708212 1.6892539337277406 0.81687299348413933 550.01973559428006 21.659765805117786 22.296313036233187
leaf_count=20 134 33 179 41 43 1064 86 30 40 178 78 23 27 23 34 26 28 26 60 44 275 24 29 1426 59 38 18 12511 437 151
internal_value=-0.000312867 5.46277e-05 0.00836875 -0.0151401 0.0122483 -0.00160422 0.0132399 0.0212619 0.0607657 0.00982235 -0.00280257 0.00345977 0.0439478 -0.0023136 0.0417916 0.00576141 0.022935 0.0325917 0.0449279 -0.00243295 0.00224353 -3.90264e-05 0.0171113 -0.00278933 -0.0184801 0.0346096 0.103159 -0.00163208 -9.0464e-05 -0.0183755
internal_weight=954.104 944.491 157.101 22.2534 134.848 787.39 58.8174 48.2602 10.8371 37.4231 728.573 34.3978 7.56366 721.164 7.69554 96.1287 31.0516 26.5799 21.279 65.0772 59.2175 16.492 12.0103 713.468 49.006 5.00156 2.50613 664.462 593.976 43.9561
internal_count=17185 17051 808 127 681 16243 404 318 70 248 15839 228 50 15761 57 502 157 129 103 345 301 94 70 15704 1179 115 56 14525 13099 588
is_linear=0
shrinkage=0.05


Tree=62
num_leaves=31
num_cat=0
split_feature=6 7 8 6 27 4 13 6 8 14 23 27 10 0 4 22 28 7 7 6 4 3 21 15 7 1 14 1 10 7
split_gain=4.8523 9.30453 8.85164 7.95068 11.7261 23.6264 7.78052 11.631 7.7787 7.30911 7.28866 7.26569 7.23279 7.51144 7.20661 7.07588 6.87148 6.72388 19.9102 18.4661 21.6805 20.701 11.8666 6.50788 6.36025 6.25053 9.03925 6.51469 7.41041 6.18863
threshold=0.63801230500701844 2.2382393826743203 5956751.2100000447 1.6071134674603347 -0.0055072681536998394 1.8569477608293625 -0.86578663521839627 3.0754183873699215 2277435.9850000413 1850935.0514891299 2330.5000000000005 -0.0030539125943093155 0.37325997995443289 -0.9324128022444037 -0.13536622525707367 -1729.4999999999998 -15201722.404999999 0.8997040759397269 0.26247911500189108 2.1476809941412429 -1.1431924722166136 -0.15869582163785187 2.0601984588022684 0.63100199062822915 0.52581254340192718 -1.4131422562509199 723251.39506717154 -1.4466238119005401 0.30435719033108849 -0.51868605662917711
decision_type=2 2 2 2 2 2 2 2 2 2 2 2 2 2 2 2 2 2 2 2 2 2 2 2 2 2 2 2 2 2
left_child=29 3 6 4 5 10 7 -3 12 11 15 -5 13 -8 -12 -2 -17 18 -11 20 -20 -22 -23 -19 -21 26 -6 -28 -29 -1
right_child=1 2 -4 9 25 -7 8 -9 -10 17 14 -13 -14 -15 -16 16 -18 23 19 24 21 22 -24 -25 -26 -27 27 28 -30 -31
leaf_value=0.0085220061748628208 0.085195732036748628 -0.052819462398863308 -0.059676031034461063 0.070334970569366315 0.17362063481143936 0.15325533793029247 0.14524537854360947 0.092461746050265622 0.12510199606043829 0.0026063301529525781 -0.0025171734422416527 -0.033900995071939437 -0.055224570308974763 0.012288783653788986 0.16458058829073496 0.075318286486639741 -0.032901624405007796 -0.035482179835385819 0.26866426997752985 0.074893562237658237 -0.0083454345903285123 0.062338703738330836 0.27235725769732316 0.020230802667422929 -0.05390948010637079 -0.026991764176532509 -0.034386871528632783 0.17209527086999718 -0.012135578113662587 -0.0015126062179910385
leaf_weight=234.87496082019061 1.6574608646333313 3.9728595223277816 2.4707677848637095 1.8239466622471834 0.8524743365123858 2.7266074512153855 1.8206789568066595 2.1089686695486307 3.8375761471688747 62.219166479073465 1.3764528650790455 20.040304366499186 1.648853277787566 2.5502607971429825 1.214659466408192 1.6162033881992197 15.869482494890681 15.476478501223029 1.8227959498763073 1.4349607862532128 3.473873844370245 1.2422322388738396 1.4667276404798029 7.9260586164891711 2.8861144753172994 102.26154244318604 4.41831658128649 0.99310411419719491 1.2119334507733581 444.30671829823405
leaf_count=3845 29 98 36 26 21 35 14 15 22 1213 26 518 24 26 21 13 336 383 20 24 67 27 18 45 36 2837 105 20 33 7252
internal_value=-0.000303653 -0.00594118 0.0283827 -0.00842888 -0.0167873 0.0145178 0.0420329 -0.00244094 0.0694725 0.000933112 -0.0028871 -0.0252055 0.0340091 0.0676708 0.0758148 -0.0135398 -0.0228988 0.00676782 0.0141079 0.0721622 0.117123 0.0724461 0.17605 -0.0166131 -0.011136 -0.0237653 0.0203691 0.000644526 0.0708383 0.00195757
internal_weight=951.603 272.421 18.41 254.011 134.198 24.4609 15.9392 6.08183 9.85737 119.813 21.7343 21.8643 6.01979 4.37094 2.59111 19.1431 17.4857 97.9484 74.5459 12.3267 8.00563 6.18283 2.70896 23.4025 4.32108 109.737 7.47583 6.62335 2.20504 679.182
internal_count=17185 6088 235 5853 3476 460 199 113 86 2377 425 544 64 40 47 378 349 1833 1405 192 132 112 45 428 60 3016 179 158 53 11097
is_linear=0
shrinkage=0.05


Tree=63
num_leaves=31
num_cat=0
split_feature=19 19 3 13 14 27 4 19 29 13 10 30 16 1 1 15 5 4 0 0 30 21 3 26 2 7 30 18 5 7
split_gain=4.72345 4.70742 4.75494 5.68195 6.39331 7.24578 6.087 5.85422 5.0474 5.69601 6.86441 7.04654 5.21754 4.76412 7.27405 5.68691 4.75814 9.8959 5.56712 10.1557 8.1888 5.35602 8.1941 7.34633 7.14567 7.26068 6.89466 7.08201 9.53308 7.70391
threshold=-2.566666666666666 -1.0536899648574978 1.5695748647523355 0.062549424605022455 5039168.7901680162 -0.009410969822594149 2.7505947679096194 0.066149770819666151 4235420.0350000011 2.6155465564083138 0.36210358057841424 -1.1791108578703715 -0.41303317205333612 1.0171656356319698 0.83083020810823649 1.8073922282301267 -1366.0845000001134 -2.2415766149606067 -1.4630372122982174 -1.2570385496643892 0.75249442796996624 4.1943092455230948 -1.5157298856534143 0.00020600000000000002 0.94711814236358138 -1.2177671843993487 1.3666404293814505 0.435936512236272 1420.7980000001846 -1.0000000180025095e-35
decision_type=2 2 2 2 2 2 2 2 2 2 2 2 2 2 2 2 2 2 2 2 2 2 2 2 2 2 2 2 2 2
left_child=-1 -2 8 4 5 -4 13 -7 9 16 -11 -12 -10 14 15 -6 18 -18 20 -20 -3 22 24 26 25 -19 -24 -28 29 -29
right_child=1 2 3 -5 6 7 -8 -9 12 10 11 -13 -14 -15 -16 -17 17 21 19 -21 -22 -23 23 -25 -26 -27 27 28 -30 -31
leaf_value=0.031969308367225224 -0.059290068455379319 0.14354904665566456 0.10689989303904389 -0.037251754820201106 -0.0095162494791751779 -0.036121173394171847 0.13698343432838556 0.027244029781561253 -0.053362583542094222 -0.042953480038906748 -0.024723030270076843 0.060683357511095784 -0.0046993925918713195 -0.040114724758986108 0.13891686116386887 0.069022446023456016 -0.031416437576292887 -0.032873375044228846 -0.042926647320302637 0.030209973120738871 0.010194235775415393 0.015182112374789378 0.0022540541371054174 0.014921357756375653 -0.04356288446219081 -0.0013744526704286292 -0.021920708742979928 -0.035331493333463866 0.15787129155867219 0.035215706622530457
leaf_weight=11.205915562808512 3.4141618870198718 2.1033726129680899 1.0873703397810484 18.317386954091489 7.8245071098208445 20.653381155803803 1.0438003260642279 4.4262672122567883 8.5939462799578923 2.7611853964626816 3.0469950698316106 11.645590994507071 15.340110527351497 3.3999519851058713 1.2933902367949475 3.2673541717231274 24.612561138346791 22.622715960256755 6.455910341814163 17.927221663296223 2.5429271683096886 59.652415633201599 413.78490136936307 94.324366293847561 15.444833811372517 95.628049435093999 60.864437273703516 6.7986998185515413 1.0875902697443951 8.9829117013141513
leaf_count=80 60 25 12 522 244 537 23 37 138 70 43 137 223 97 35 19 465 383 90 201 25 621 8194 1514 321 1547 1214 135 10 163
internal_value=-0.000300758 -0.000685886 -0.000472015 -0.013932 -0.00399724 -0.0194594 0.0200445 -0.0249379 0.000472003 0.00110941 0.0293782 0.0429715 -0.0221728 0.0123119 0.0267039 0.0136191 0.000516981 -0.000201233 0.0204038 0.0108456 0.0705637 0.000784772 -0.000408821 0.00214013 -0.0115781 -0.00740055 -0.000312638 -0.0139754 0.0146913 0.00482406
internal_weight=950.154 938.948 935.534 61.3134 42.996 26.167 16.829 25.0796 874.221 850.287 17.4538 14.6926 23.9341 15.7852 12.3853 11.0919 832.833 803.803 29.0294 24.3831 4.6463 779.191 719.539 585.843 133.696 118.251 491.519 77.7336 16.8692 15.7816
internal_count=17185 17105 17045 1526 1004 586 418 574 15519 15158 250 180 361 395 298 263 14908 14567 341 291 50 14102 13481 11230 2251 1930 9716 1522 308 298
is_linear=0
shrinkage=0.05


Tree=64
num_leaves=31
num_cat=0
split_feature=19 6 7 8 5 8 7 6 7 7 14 27 3 9 14 27 16 1 26 21 3 1 9 8 8 7 20 18 10 7
split_gain=4.70541 4.6076 7.87136 8.0694 7.98714 7.26945 11.7873 7.76809 13.0232 18.3529 19.1453 13.6494 12.8498 11.9378 8.53916 12.4881 10.3129 8.98507 7.60511 6.96197 11.5353 10.6835 10.1922 18.8063 29.8636 9.99221 8.69629 8.3335 9.72567 9.60943
threshold=0.6506631299734581 0.63801230500701844 2.2382393826743203 5956751.2100000447 -653.52600000007067 16516375.730000045 -1.8671135014793581 1.514658381569318 0.74657343185550007 0.30754483435603885 3124439.4944049208 0.016746255731585728 0.32385039492798762 0.043630938576616256 3803039.2620776524 -0.0056258718671737254 2.1157522369201303 0.88137362755776594 0.00046950000000000008 1.3530843010994393 0.65611407687473222 0.56110649708021476 0.048069010204349054 143006.49500004706 96848.120000039125 -3.6372167262361468 -1.0000000000001386 1.0000000180025095e-35 1.0423402461445648 -1.9457954119128613
decision_type=2 2 2 2 2 2 2 2 2 2 2 2 2 2 2 2 2 2 2 2 2 2 2 2 2 2 2 2 2 2
left_child=1 -1 5 4 -4 7 -7 14 9 19 -11 12 13 -12 15 17 -16 -3 -17 25 22 -22 -21 24 -24 -9 -27 28 29 -25
right_child=-2 2 3 -5 -6 6 -8 8 -10 10 11 -13 -14 -15 16 18 -18 -19 -20 20 21 -23 23 27 -26 26 -28 -29 -30 -31
leaf_value=0.0022618888537604665 -0.035633804600373201 0.017974571360486219 0.14472097647907228 -0.059416617193753289 0.027407936384368094 -0.042211152248110811 0.049296085550105444 0.084644692185306625 -0.026737155294856971 -0.0062435506337895977 0.20378140656840693 -0.0048813944835637869 0.27809112979091055 0.017050571191909995 -0.040126547223698572 -0.017703029034576347 0.12712106008176832 0.15319727123330071 0.097869612567561715 -0.03401621905858089 0.014884214574331228 0.14574252725775541 0.013034706839856015 0.13517840497269989 0.37335918403481894 0.14052931590730391 -0.038133938954631012 -0.036311542446660426 -0.010920114398290994 0.026682727924186425
leaf_weight=672.67351228743792 9.3265015315264446 3.6003250982612363 1.6200375389307744 2.3691072054207316 13.897514089941978 4.9073985870927599 12.440760530531405 1.9940594248473669 35.922826723195612 5.0329926451668126 1.6679926812648775 1.5889032054692505 1.6417279187589882 1.7580596320331094 43.800925604999065 57.992208053357899 0.94153891503810783 1.864724814891815 1.4592443723231543 13.9240799639374 3.4704904947429887 2.8329355977475643 1.5024331361055403 2.9192893542349339 0.93158840015530575 0.70398424565792694 20.942057165317234 8.2054279278963786 10.010554254055021 6.7823766805231624
leaf_count=11004 134 79 12 36 184 82 150 17 801 105 14 24 24 31 1029 1823 16 35 23 244 72 38 37 29 14 4 719 130 165 110
internal_value=-0.000293991 5.68683e-05 -0.00550412 0.0265333 0.0396555 -0.00780699 0.0234108 -0.0101465 -0.00145683 0.00911414 0.0673459 0.122986 0.163076 0.107962 -0.0198007 -0.00821728 -0.0366071 0.0641138 -0.0148663 -5.74795e-05 0.0104118 0.0736956 0.00140224 0.0176508 0.150944 -0.022457 -0.0323234 0.00602949 0.0236544 0.0593297
internal_weight=948.726 939.399 266.726 17.8867 15.5176 248.839 17.3482 231.491 121.832 85.909 11.6897 6.65668 5.06778 3.42605 109.659 64.9165 44.7425 5.46505 59.4515 74.2193 50.5792 6.30343 44.2757 30.3517 2.43402 23.6401 21.646 27.9176 19.7122 9.70167
internal_count=17185 17051 6047 232 196 5815 232 5583 2578 1777 198 93 69 45 3005 1960 1045 114 1846 1579 839 110 729 485 51 740 723 434 304 139
is_linear=0
shrinkage=0.05


Tree=65
num_leaves=31
num_cat=0
split_feature=19 22 29 7 0 7 10 27 3 22 7 22 4 23 22 18 14 23 2 16 13 10 21 15 30 21 23 7 0 0
split_gain=4.39366 4.5679 5.74229 8.86799 11.7815 9.15664 6.19772 6.50963 7.60201 5.51542 6.88684 5.50699 5.41934 12.1865 10.9781 8.27481 10.2288 7.56654 9.24016 9.49087 10.0018 8.43755 8.56777 7.87886 7.61311 7.36641 8.35166 7.4849 7.63297 10.3292
threshold=-2.566666666666666 -324.49999999999994 -81446.589999999982 -0.51868605662917711 1.4080883142224196 -2.032424509408306 41.764630981966427 -0.0002630270047545013 -2.9952390910381754 -306.49999999999994 1.267407444741558 -370.49999999999994 1.1282231458143188 2452.5000000000005 657.50000000000011 -0.24191637815667308 3991636.5777773983 1034.5000000000002 1.3016663007363702 -1.4566355156327795 -1.0000000180025095e-35 2.6015880991689024 2.2043849274153566 1.9110938200497238 -1.8574182142422897 0.13430170594851934 1203.5000000000002 -0.55182279515005239 0.75417377379379491 0.64940071426947588
decision_type=2 2 2 2 2 2 2 2 2 2 2 2 2 2 2 2 2 2 2 2 2 2 2 2 2 2 2 2 2 2
left_child=-1 2 3 5 -5 -2 7 8 -4 10 -3 -9 17 -14 -15 16 -16 18 24 -20 -21 22 -22 25 -11 -19 -27 -28 29 -29
right_child=1 9 6 4 -6 -7 -8 11 -10 12 -12 -13 13 14 15 -17 -18 23 19 20 21 -23 -24 -25 -26 26 27 28 -30 -31
leaf_value=0.03110789769109842 -0.034591913356641919 0.01154891591924493 0.077850797791255949 -0.013934247393929185 0.14160706452410179 0.041196062464900957 0.054032371882941022 -0.0023774094061366374 -0.024181552138889263 -0.017427486464773424 0.10692916957661908 -0.048524358600650935 -0.015171572565046754 0.092590672114186409 -0.0001934340691724909 -0.024138108440331707 0.1435343916034158 -0.041576377709699797 0.16230539542363928 -0.018542987827976119 0.026057621325708425 0.007413039098544876 0.15147188725255081 0.027281484901597559 0.0092177512003946624 -0.038280558430230163 0.015141219556950076 -0.0059587218584338476 -0.036733224344059894 0.073582817813523313
leaf_weight=11.009605273604391 4.7906695595011142 6.1494904644787294 1.8690866008400906 35.781721537001431 1.2603282993659366 23.710861187428236 3.8161600064486256 152.30893973726779 78.364579045213759 29.998481683433056 2.7339004967361689 6.7515775477513662 101.33085762709379 4.9471451956778791 3.1885437127202758 8.6553881866857374 2.0234724059700966 14.32678272295743 1.5472980421036506 5.944584754295648 2.2311770562082494 3.9225423876196146 3.4949520844966173 18.268261671066284 252.05393472220749 16.246604232117534 50.538338232785463 76.769385072402656 19.277444511651993 4.3106593126431099
leaf_count=80 94 103 29 694 23 392 50 2735 1743 486 29 121 2124 78 70 177 27 397 22 128 45 66 44 95 4123 340 965 1419 414 72
internal_value=-0.000294285 -0.000663408 -0.00564397 0.00749052 -0.00864207 0.0284573 -0.00918508 -0.0101932 -0.0218047 0.00178463 0.0409026 -0.00433619 0.00122331 -0.00830987 0.0286457 0.00583357 0.0556063 0.00351896 0.00854994 0.0441939 0.0324739 0.0639056 0.102604 -0.00401711 0.00638382 -0.0071679 -0.00421854 -0.000551159 -0.00845358 -0.00172986
internal_weight=947.623 936.613 308.654 65.5436 37.042 28.5015 243.11 239.294 80.2337 627.959 8.88339 159.061 619.076 120.145 18.8145 13.8674 5.21202 498.93 299.193 17.1406 15.5933 9.64867 5.72613 199.737 282.052 181.469 167.142 150.896 100.357 81.08
internal_count=17185 17105 5881 1203 717 486 4678 4628 1772 11224 132 2856 11092 2476 352 274 97 8616 4914 305 283 155 89 3702 4609 3607 3210 2870 1905 1491
is_linear=0
shrinkage=0.05


Tree=66
num_leaves=31
num_cat=0
split_feature=19 15 14 27 9 7 13 6 1 8 10 21 6 3 9 27 14 14 10 3 7 27 6 13 13 13 21 21 13 6
split_gain=4.37976 4.4539 5.36595 6.34585 9.72851 9.75484 9.02069 10.0084 7.87381 7.82125 10.3337 7.43643 9.67833 11.7131 9.60865 8.04765 7.2641 10.052 8.13363 8.33221 10.6067 7.18034 8.75978 7.07881 9.47491 6.95601 9.99209 11.3326 9.56192 14.683
threshold=0.6506631299734581 1.4241858663474487 250703.66777018268 0.0037455807874159368 1.4791980769723871 -0.34743349900446996 -1.1812946310823325 1.8591490981584189 -1.3979048292587146 980978.45500004862 0.051510239615785776 3.9147135372466253 1.5728333976604312 -1.5071825182258545 2.1742242703044115 -0.0017822331762446517 5744191.5487734778 19033643.991363477 3.4769837701597806 -2.1821610709046326 1.0982047072696159 0.0044900850550357871 -1.6619871685990935 -1.4321861250512156 0.66481336917548972 -0.8811639271331474 -0.12769096233444185 0.64625996311737544 1.0000000180025095e-35 1.2513006963764877
decision_type=2 2 2 2 2 2 2 2 2 2 2 2 2 2 2 2 2 2 2 2 2 2 2 2 2 2 2 2 2 2
left_child=1 2 -1 4 5 6 9 8 -8 10 -4 12 13 -6 15 -13 -16 18 23 -20 -21 22 -5 -18 -25 -15 -27 28 -28 -30
right_child=-2 -3 3 21 11 -7 7 -9 -10 -11 -12 14 -14 25 16 -17 17 -19 19 20 -22 -23 -24 24 -26 26 27 -29 29 -31
leaf_value=0.0082825045635765513 -0.034840545939318353 0.0077823502954819171 -0.036380360717897069 0.12366234928563019 -0.021684836439395134 -0.023755671153679239 0.048369785506333897 0.043885161244455045 -0.020856046061628719 -0.052279282307485443 0.066275737063729009 0.15497437960384444 -0.041999356056713233 -0.011175952257577832 -0.015528761480049821 0.021008960393898754 0.0061180570543213249 -0.054787561905570117 -0.061492595280492335 -0.0074015424541804299 0.12047075467501896 0.0010900760419852197 0.020973949219943493 0.18763300690225232 0.059584951208728233 -0.052622370088860351 0.10564623713673015 0.0084006436030489018 0.0052004884918298066 0.25053751569503091
leaf_weight=119.04499278683215 9.0841114688664657 155.19165985658765 3.1099806707352426 2.3092096615582731 52.801638267934322 117.92142329458147 4.4108661450445643 7.800115291029214 59.743521734140813 2.4312240313738576 11.577519415877758 2.2670538257807493 15.228965587913988 49.074553024955094 14.956561291590331 2.2176750898361197 2.3642795793712139 2.9964901879429808 2.7244459763169289 4.2067121379077417 2.6390347257256508 137.24102501478046 20.632969328202307 2.3206839524209553 3.8271488882601261 5.9515168676152816 5.6978195607662192 116.9562846776098 8.4098260272294247 0.65753941424191076
leaf_count=852 134 808 104 23 1122 3395 97 149 1616 68 230 24 441 1229 212 27 39 47 46 55 23 3075 466 29 35 208 115 2266 231 19
internal_value=-0.00028973 4.53395e-05 -0.00149105 -0.00324733 -0.00601083 -0.0143221 -0.00183319 -0.00959428 -0.0160965 0.0307887 0.044539 -0.000184919 -0.00334921 -0.000892084 0.0197112 0.0887292 0.0111216 0.0300315 0.0440873 0.0124613 0.0418932 0.0054183 0.0313099 0.0796444 0.107921 0.00498693 0.0107483 0.0136116 0.0548877 0.0229916
internal_weight=945.797 936.713 781.521 662.476 502.293 206.995 89.0732 71.9545 64.1544 17.1187 14.6875 295.298 254.778 239.549 40.5201 4.48473 36.0354 21.0788 18.0823 9.57019 6.84575 160.183 22.9422 8.51211 6.14783 186.748 137.673 131.721 14.7652 9.06737
internal_count=17185 17051 16243 15391 11827 5659 2264 1862 1713 402 334 6168 5631 5190 537 51 486 274 227 124 78 3564 489 103 64 4068 2839 2631 365 250
is_linear=0
shrinkage=0.05


Tree=67
num_leaves=31
num_cat=0
split_feature=19 6 7 6 27 4 14 3 1 14 21 3 8 10 2 6 18 20 27 26 9 26 0 13 2 13 7 9 0 5
split_gain=4.06424 4.20673 7.0478 6.06377 9.34875 20.7636 6.97014 6.96694 6.10914 6.57286 6.07622 17.8023 23.3485 14.8905 10.5714 14.0338 12.9627 10.2581 9.26904 9.15502 8.68389 7.90583 7.63505 7.67066 6.87398 6.79505 8.77815 8.5474 6.98326 5.97571
threshold=0.6506631299734581 0.63801230500701844 2.4492087563149796 1.6071134674603347 -0.0072781735585321075 1.8569477608293625 1850935.0514891299 -1.682667754957645 -1.4131422562509199 723251.39506717154 1.9150879293046026 0.23124967127300192 598003.05500005314 0.0012581078349596726 -0.9016825482962223 2.402358057651051 0.11194003175270043 -0.50000000000006928 0.015734244177679216 0.00025250000000000007 10.776872230395183 -1.0000000180025095e-35 -1.1153670448685398 -0.54116883333543353 0.78313077418362098 1.7836575220932926 -2.0851528065074896 4.1921215156580471 -0.13156027944783127 608.71850000019197
decision_type=2 2 2 2 2 2 2 2 2 2 2 2 2 2 2 2 2 2 2 2 2 2 2 2 2 2 2 2 2 2
left_child=1 -1 3 4 5 -3 7 -5 9 -6 17 14 13 -13 15 16 19 -8 -19 22 24 -15 -12 -24 -20 26 28 -27 -16 -26
right_child=-2 2 -4 6 8 -7 10 -9 -10 -11 11 12 -14 21 25 -17 -18 18 20 -21 -22 -23 23 -25 29 27 -28 -29 -30 -31
leaf_value=0.0021337573634673981 -0.034027100895017724 -0.003818939352603393 0.032232192750050057 0.043339101874605199 0.14554560963187557 0.14521014771039972 0.082020684485742318 -0.036728780806888704 -0.023027656861404667 0.0056643371581404384 0.03505182501756364 0.022408510019111479 -0.028875136848660738 0.25907816140894585 -0.013071267546687262 -0.033520352256972384 -0.013179703813378582 -0.035125686698485856 -0.046646459848405673 -0.018879149321116562 0.12191311979647215 0.11660172971673968 0.057228053700848214 0.17682630362798035 0.082275096103155462 -0.039636466642314933 -0.035254569751071628 0.10456596455878808 0.10265562465544815 -0.020322402886673328
leaf_weight=670.9473922662437 8.8424171069636923 15.435692680068316 11.929203558713196 3.191506156697872 0.95750046707689662 2.7542749959975472 2.8492654263973227 18.267504906281829 105.43163722194731 6.8317773304879665 2.4287051521241656 1.7997823711484651 3.0884806495159864 2.1976242363452911 3.0694005601108074 5.6355791054666033 4.3376492634415618 23.012955443002284 4.2693004449829441 1.6297570001333941 1.757752327248453 1.7481610029935839 1.9483307376503933 4.2986005041748321 3.2215856444090605 1.7266265414655197 22.509317371994261 2.5382831245660782 2.2658479996025553 2.5368115268647671
leaf_count=11004 134 297 139 41 21 28 18 515 2986 167 39 29 59 26 38 96 57 695 86 23 12 23 30 43 53 30 418 18 16 44
internal_value=-0.000288309 3.08941e-05 -0.00532018 -0.00709967 -0.0145253 0.0187466 0.00100987 -0.0248206 -0.0198708 0.0228593 0.0066162 0.0163363 0.0819947 0.141592 0.00526449 0.0335275 0.0593318 -0.00919047 -0.0166588 0.0898527 0.0194008 0.195955 0.110278 0.139525 0.00143148 -0.0125849 -0.0215868 0.0461864 0.0360772 0.0370767
internal_weight=943.459 934.616 263.669 251.74 131.411 18.19 120.329 21.459 113.221 7.78928 98.8698 61.2221 8.83405 5.74557 52.3881 20.2786 14.643 37.6477 34.7984 10.3054 11.7854 3.94579 8.67564 6.24693 10.0277 32.1095 27.8446 4.26491 5.33525 5.7584
internal_count=17185 17051 6047 5908 3499 325 2409 556 3174 188 1853 945 137 78 808 288 192 908 890 135 195 49 112 73 183 520 472 48 54 97
is_linear=0
shrinkage=0.05


Tree=68
num_leaves=31
num_cat=0
split_feature=19 19 3 5 14 19 13 7 7 26 29 10 13 8 23 7 6 18 21 21 7 10 9 10 8 7 4 21 5 6
split_gain=4.05883 4.43148 4.3277 4.75116 4.99188 5.38705 6.39519 15.0081 4.63419 4.5572 4.49377 6.26213 5.0835 6.26762 4.94177 5.77038 4.47063 4.27309 5.18142 4.25636 7.02546 4.43842 8.33125 7.79411 8.24598 6.61916 10.8882 8.06735 7.41333 10.0091
threshold=-2.566666666666666 -1.0536899648574978 1.9623271984688326 -918.38950000004832 33704605.330834456 0.46931869116986691 -1.858989046520787 -1.699277450690081 1.5009523477127658 0.00051250000000000004 4235420.0350000011 34.919651438167186 2.6155465564083138 324628.31000005035 -901.49999999999989 -1.3685836193910852 -1.6789204381501914 0.29915837712174892 3.1035634885731516 -0.23706907965650598 -3.6372167262361468 8.612678955765622 27.896609989357842 14.228977191241242 397124.38000004849 1.1697449875185801 -1.6434026205187686 3.5506353977310656 -918.38950000004832 -0.74773647575326929
decision_type=2 2 2 2 2 2 2 2 2 2 2 2 2 2 2 2 2 2 2 2 2 2 2 2 2 2 2 2 2 2
left_child=-1 -2 10 -4 5 6 7 -5 -9 -8 12 -12 19 -14 -13 -16 -15 -18 -19 20 -3 22 -21 24 -23 27 -27 28 29 -25
right_child=1 2 3 4 -6 -7 9 8 -10 -11 11 14 13 16 15 -17 17 18 -20 21 -22 23 -24 25 -26 26 -28 -29 -30 -31
leaf_value=0.030196346952117488 -0.058832122361141895 0.09150844395853866 0.078945202079131915 0.16473808407469817 0.090666685151211956 0.08969069072537568 -0.047674182539314734 -0.054080130887132732 0.056072288060366071 0.081755557677096094 -0.035808053431237996 0.094903696398806386 -0.042017775551787873 -0.040478954223383823 0.067681980595289723 -0.04653478690964781 0.029482902982772608 0.031677241191526942 0.14001024534431558 0.00028669874155138919 -0.021110146550252572 -0.033123258385524622 -0.03084110526505254 0.13368816144995807 0.029809856969545946 0.062269786793904526 -0.045666297940201189 -0.028672221178197056 0.0087783882674719056 -0.0076336651564555026
leaf_weight=10.795633114874361 3.260034564882516 1.442694354802369 1.1945470795035387 1.3060251791030166 0.93942369520664115 0.96485777944326301 20.824083791114393 3.7007649224251606 1.2868457762524483 0.70305743254721065 18.242237312719229 1.6918931789696214 2.7690260624513057 1.5563643388450152 1.7476884946227071 3.0109404530376187 9.1612834688275999 2.0757084731012592 2.3571223076432943 648.91079251654446 34.523752435110509 5.7977095674723378 22.23223473969847 2.8630944415926933 50.917073539458215 2.7884638775140074 14.415079260244964 13.484642956405876 55.003962783142924 2.2277782121673217
leaf_count=80 60 10 13 25 21 10 567 121 29 11 297 17 60 30 19 52 122 25 22 12244 933 110 330 29 694 26 229 155 804 40
internal_value=-0.000285671 -0.000638981 -0.000434581 -0.0188264 -0.0227555 -0.026457 -0.0304852 0.0138506 -0.0256599 -0.0434471 0.00019923 -0.0208352 0.000794511 0.0271507 0.0215084 -0.00458671 0.0397925 0.0489826 0.0892824 0.000241871 -0.0165928 0.00098149 -0.000744439 0.00883479 0.0233765 -0.000249816 -0.0281713 0.00627848 0.014121 0.0718454
internal_weight=942.195 931.399 928.139 30.9196 29.7251 28.7856 27.8208 6.29364 4.98761 21.5271 897.22 24.6928 872.527 17.9195 6.45052 4.75863 15.1505 13.5941 4.43283 854.607 35.9664 818.641 671.143 147.498 56.7148 90.783 17.2035 73.5795 60.0948 5.09087
internal_count=17185 17105 17045 797 784 763 753 175 150 578 16248 385 15863 259 88 71 199 169 47 15604 943 14661 12574 2087 804 1283 255 1028 873 69
is_linear=0
shrinkage=0.05


Tree=69
num_leaves=31
num_cat=0
split_feature=3 21 3 7 7 4 19 14 30 27 9 5 6 10 23 18 0 14 8 3 15 15 27 21 2 30 13 14 3 10
split_gain=3.89151 8.01448 8.59978 9.27416 9.62189 7.96294 7.74111 6.97015 8.28359 6.98659 6.54668 11.1286 15.2565 9.93567 6.67727 6.46428 5.9932 5.86569 5.39705 6.02703 8.3697 8.90297 7.0178 8.1221 7.28446 5.81293 11.1872 8.6922 5.50162 5.12588
threshold=-2.3285410460452716 4.1485564392374803 -1.4780965783582445 1.7379260643547856 -1.4585428041239756 -0.085619420189588069 -4.1754385964909311 5979391.4416941321 -1.6404921226389118 -0.0020413333397702456 7.4414553126325753 -197.33449999988076 0.28719189891188585 2.5094913474630984 485.50000000000006 0.29915837712174892 -0.69976733467807206 1.0000000180025095e-35 77167773.075000063 -1.5157298856534143 3.834057902536165 2.8577380332470361 0.00049495890679496235 3.0275166143388854 -1.3834015693307993 -0.56780042460947222 1.0604864257294064 1941742.8384376618 -0.91488815093789 5.7782562903416155
decision_type=2 2 2 2 2 2 2 2 2 2 2 2 2 2 2 2 2 2 2 2 2 2 2 2 2 2 2 2 2 2
left_child=10 6 7 4 -4 -5 -2 8 -3 -10 11 12 13 15 -12 -1 29 -6 19 22 21 -21 -8 -24 -25 26 -26 -27 -22 -9
right_child=1 2 3 5 17 -7 18 16 9 -11 14 -13 -14 -15 -16 -17 -18 -19 -20 20 28 -23 23 24 25 27 -28 -29 -30 -31
leaf_value=0.016657469467492515 0.059336771473713669 0.10120513485051377 0.048392222131345863 -0.0012672414673017178 0.044362796531086178 0.12542830816162071 -0.02026947019804004 0.095233472100754057 -0.052452799716928268 0.016937920272451494 -0.011865378819143129 -0.037856429763725961 -0.028209340879659418 0.18037042609112833 -0.067861828632164417 0.11760891307223453 0.017892272550514662 -0.050393660778892214 0.050376807448949006 -8.0423806238603168e-05 0.019169701883159505 0.029833809088924069 -0.019478759829910569 0.069224888476094912 -0.011226848092633353 0.056384783868875965 0.14134347611363826 -0.031611318711709725 -0.054080339778375675 0.027178224318161533
leaf_weight=5.4540344364941173 5.3000387847423545 2.3091420195996788 3.8887538667768284 2.8508126251399517 1.848400320857764 2.1951670199632636 82.486859601922333 8.4420444928109664 4.6736742183566156 16.204682823270556 13.457067832350733 10.306957397609947 6.8324976731091729 1.6757313590496776 8.8084774157032353 2.235809750854969 8.1612084247171861 14.028398590162395 5.024213444441556 644.01809130702168 3.32504776865244 25.871664173901081 20.391119047999382 6.3548176568001535 2.7845356073230567 3.8106723241507963 2.1133829206228256 10.648170486092566 11.190637852996584 4.1157734468579283
leaf_count=72 45 19 34 34 13 15 1347 69 55 150 185 198 126 27 118 22 78 191 33 13248 17 134 456 81 46 50 20 171 92 39
internal_value=-0.000278279 0.000473631 0.0168782 -0.00665148 -0.0220969 0.0538495 -0.000895571 0.0301748 0.0113433 0.00140463 -0.0140311 0.00275906 0.028603 0.0700495 -0.0340181 0.0460089 0.0512499 -0.039362 -0.00128582 -0.00160509 0.00026096 0.00107489 -0.011537 0.00408719 0.0227767 0.00752773 0.0546051 -0.00841968 -0.0373013 0.0729286
internal_weight=940.808 892.037 68.7181 24.8115 19.7656 5.04598 823.319 43.9065 23.1875 20.8784 48.7706 26.505 16.1981 9.36558 22.2655 7.68984 20.719 15.8768 818.019 812.995 684.405 669.89 128.59 46.1027 25.7116 19.3568 4.89792 14.4588 14.5157 12.5578
internal_count=17185 16437 697 287 238 49 15740 410 224 205 748 445 247 121 303 94 186 204 15695 15662 13491 13382 2171 824 368 287 66 221 109 108
is_linear=0
shrinkage=0.05


Tree=70
num_leaves=31
num_cat=0
split_feature=19 15 23 26 1 23 29 14 0 26 2 7 13 6 18 2 15 7 7 13 8 18 16 6 1 1 13 26 6 0
split_gain=3.78756 4.31531 5.25534 9.59747 7.4973 5.8171 4.99691 5.55669 5.29101 9.24904 5.27557 5.25313 6.78135 6.33982 6.22048 5.48708 5.37343 5.10491 6.45552 4.7796 7.33094 4.52966 6.81769 10.0034 4.69336 7.761 6.5157 5.97386 9.5803 7.01638
threshold=1.4399577167019018 1.0954451150103328 1497.5000000000002 -3.8150000000000024e-06 -0.020925165202081718 1334.5000000000002 -69263.19000000009 27170539.203142755 0.5756239200359462 0.00015804000000000003 -0.53775564727415148 -0.90140511241942178 -2.5480595928580976 -1.576961504555334 0.71371148701220166 0.63202306459023705 1.8073922282301293 1.05656463329145 -0.025406754110057647 0.44503192828038812 980978.45500004862 -1.1421407939019665 2.1157522369201303 0.40800969031788364 -0.76369070806171613 -1.0606232102424766 -1.6233899348893006 -0.00046999999999999988 -1.2320242139023514 0.56233200835405872
decision_type=2 2 2 2 2 2 2 2 2 2 2 2 2 2 2 2 2 2 2 2 2 2 2 2 2 2 2 2 2 2
left_child=1 21 5 -4 -5 6 19 8 9 11 -10 14 -13 -14 -8 17 -17 18 -15 -3 -21 22 -1 -24 25 26 -23 28 -28 -29
right_child=-2 2 3 4 -6 -7 7 -9 10 -11 -12 12 13 15 -16 16 -18 -19 -20 20 -22 24 23 -25 -26 -27 27 29 -30 -31
leaf_value=-0.026696584427314041 -0.044698517309962799 0.0034164900158636514 0.055498969942219416 0.035287365062108382 -0.033293861488595269 -0.058426267300477876 -0.036619107587891782 -0.058820957978820435 0.023199366680718599 0.041409661181903923 -0.031516096707218097 -0.086369998384354996 -0.037077885875924678 0.065275636101046475 0.030621282430343733 -0.059011344758950091 0.020252742661385388 0.06684514969769699 -0.0094292315381574558 -0.020444888038233081 0.057008347833853647 -0.0314033235759325 -0.017135394939612091 0.14860084792350434 0.001772414964237017 -0.020146538075436021 0.17414431794544491 -0.0035922220085655649 0.0083975820439831286 0.029468594196145739
leaf_weight=31.86428573448211 4.7729625925421706 19.389026828110218 14.436447814106943 7.584880232810975 8.3965647965669596 3.7459402456879607 15.734057374298574 3.9895916432142249 5.7511931210756329 16.226987671107054 18.827043499797583 1.7479508519172657 5.1006826236844018 4.4673220068216315 4.4018352776765814 3.4024572521448118 5.7541244477033615 8.5922315642237646 8.1998634785413831 3.9483404681086567 13.503607138991354 14.794866378419099 2.5071845930069681 1.4295606240630148 513.6841044947505 73.902370640076697 1.3206252027302983 99.754822442308068 2.5653989613056174 19.124937389977276
leaf_count=739 88 108 78 39 56 21 81 23 29 84 154 8 26 24 21 21 30 43 41 21 68 384 49 27 10743 1646 11 2067 45 410
internal_value=-0.000271316 -4.43184e-05 0.00707882 0.0259487 -0.000744841 0.00305884 0.00471538 -0.000975853 0.00137409 0.00807952 -0.0187129 -0.00134283 0.00977597 0.0145078 -0.0219199 0.0231586 -0.00920068 0.0370959 0.0169168 0.0205026 0.0394853 -0.00166562 -0.0190273 0.0430488 -0.000808467 -0.00707792 -5.70069e-05 0.00372063 0.0647249 0.00172648
internal_weight=938.921 934.148 173.2 30.4179 15.9814 142.782 139.036 102.195 98.2057 73.6275 24.5782 57.4005 37.2646 35.5167 20.1359 30.416 9.15658 21.2594 12.6672 36.841 17.4519 760.948 35.801 3.93675 725.147 211.463 137.561 122.766 3.88602 118.88
internal_count=17185 17097 976 173 95 803 782 585 562 379 183 295 193 185 102 159 51 108 65 197 89 16121 815 76 15306 4563 2917 2533 56 2477
is_linear=0
shrinkage=0.05


Tree=71
num_leaves=31
num_cat=0
split_feature=7 7 27 19 15 27 13 4 26 26 21 30 13 7 7 15 13 15 27 3 16 14 14 3 21 7 18 22 0 21
split_gain=3.75432 3.84815 4.80022 4.51528 4.08812 4.91092 6.71331 9.24649 4.84216 6.85783 5.73174 5.98562 5.65883 5.15671 4.75584 4.61887 5.39575 5.40588 5.42325 4.7216 4.64233 4.37496 6.11827 10.0015 7.94394 7.67904 8.94424 7.28028 6.58216 11.3118
threshold=3.3294235174676419 2.9772361569264887 0.0054082053576959286 0.6506631299734581 1.0954451150103328 -0.0070731172806740563 -0.79920950203004115 -0.74594285575518937 -0.00020199999999999992 -9.6824999999999968e-05 1.3748847563647726 -0.084884994403280914 -2.3410284750691659 -1.5564742143234687 -2.782759068936453 1.1912380946373087 -0.99137399610807553 1.9170289512680809 0.0039396371629759628 -0.38479238545148214 -0.23858119277898707 250703.66777018268 2816327.5413495656 0.27592719818190836 0.8147914023303261 1.9012156554729549 0.51499387822630416 1399.0000000000002 1.0393633738117092 2.0898342476300864
decision_type=2 2 2 2 2 2 2 2 2 2 2 2 2 2 2 2 2 2 2 2 2 2 2 2 2 2 2 2 2 2
left_child=1 3 -3 4 21 6 7 -6 10 13 -7 -12 -11 -10 -14 19 17 18 -17 -16 -19 -1 23 24 -23 -25 -27 28 -26 -30
right_child=-2 2 -4 -5 5 8 -8 -9 9 12 11 -13 14 -15 15 16 -18 20 -20 -21 -22 22 -24 25 27 26 -28 -29 29 -31
leaf_value=0.0074974090062800598 -0.048241852823600349 -0.00090320201984133049 0.098908436332086791 -0.037309486827500273 0.041632900721252697 -0.061606349391860028 0.037588492827890785 -0.037893716964001595 -0.031007947862173105 -0.068566143478024894 -0.047929876724145865 0.018418191525085992 0.056605728095917553 0.040951836413955757 -0.0025585419339308954 0.02219979539435572 -0.011597780248141126 0.0083066854677073098 -0.054883243431181152 0.091914050812109904 0.072962830834950879 -0.040525231993630298 0.00089324808902392172 -0.03549076809610708 -0.0024719796854994216 -0.0097315792852743829 0.14999824847509047 -0.030845530717217996 0.083921793846730708 0.0062321159417929014
leaf_weight=113.47139810491353 4.059364076703786 2.658792143687605 2.2024111952632666 8.1622794829308969 6.3062862604856482 5.8672955036163357 25.85331679135561 8.6939020082354528 2.8642654567956951 2.8906150832772246 5.0776012241840389 10.284598942846054 3.8857254087924948 19.033745054155588 2.6220372915267944 5.5818166285753268 53.716900777071714 5.307605504989624 3.8596170656383038 2.6686356849968424 5.8210370615124685 14.109020352363585 377.68478258419782 45.04550770483911 149.47710529901087 3.247741784900426 1.2003335691988466 19.261905339546502 6.173945818096402 19.433024566620588
leaf_count=816 64 47 17 132 31 42 134 48 16 20 29 55 21 95 21 29 315 32 22 19 32 519 7955 2078 3428 109 28 504 153 374
internal_value=-0.00026149 -5.26132e-05 0.0443173 -0.000285139 4.35428e-05 0.00703535 0.0221497 -0.00445963 0.00226654 0.00654845 -0.0195675 -0.00351155 0.000211114 0.0315395 0.0025931 -4.4302e-05 -0.00325901 0.0185169 -0.00931142 0.0450938 0.0421262 -0.00154629 -0.00316074 -0.00909654 -0.00429916 -0.0293019 0.0333722 -0.00166924 0.00154059 0.0249634
internal_weight=936.523 932.463 4.8612 927.602 919.44 170.335 40.8535 15.0002 129.481 108.252 21.2295 15.3622 86.354 21.898 83.4634 79.5777 74.287 20.5701 9.44143 5.29067 11.1286 749.105 635.633 257.949 208.455 49.4936 4.44808 194.346 175.084 25.607
internal_count=17185 17121 64 17057 16925 961 213 79 748 622 126 84 511 111 491 470 430 115 51 40 64 15964 15148 7193 4978 2215 137 4459 3955 527
is_linear=0
shrinkage=0.05


Tree=72
num_leaves=31
num_cat=0
split_feature=22 3 23 5 0 4 26 21 2 8 23 27 6 16 14 30 23 6 5 6 2 21 7 2 26 20 1 4 24 19
split_gain=3.57677 6.76206 7.2709 6.06266 6.57945 5.88503 5.27728 7.42751 8.07296 7.80422 6.43017 6.47272 10.3585 9.11818 8.94894 10.3056 9.01395 6.00486 5.80272 5.72877 6.99373 6.93428 6.39356 5.56365 7.09001 6.22265 5.51167 5.15784 7.313 6.25565
threshold=-324.49999999999994 -2.8231554602813174 485.50000000000006 -1366.0845000001134 -1.4630372122982174 -2.2415766149606067 -0.00023795999999999992 1.7137221098356334 -0.6023931150946068 8009931.8500000378 -793.49999999999989 0.0061867743122230321 0.82064220978188362 0.2383075276588946 4883837.8016944556 0.24832135796232621 -3909.4999999999995 3.2542921800998381 65.559999999823063 0.10110570823315808 1.1798965795979885 2.4964127492358803 -0.56749834929316878 0.15744846137989219 0.0005505000000000001 -3.0000000000004161 1.407001499231662 -0.95145575195763621 0.21509328334085101 0.32030534351143652
decision_type=2 2 2 2 2 2 2 2 2 2 2 2 2 2 2 2 2 2 2 2 2 2 2 2 2 2 2 2 2 2
left_child=6 2 -2 4 -3 -5 7 -1 -9 19 11 23 14 17 15 -13 -16 -14 -15 20 22 -21 -10 24 25 -8 -27 29 -29 -7
right_child=1 3 -4 5 -6 27 10 8 9 -11 -12 12 13 18 16 -17 -18 -19 -20 21 -22 -23 -24 -25 -26 26 -28 28 -30 -31
leaf_value=-0.023874349660430477 0.01225185497707855 0.11386682438960541 -0.069491343375809117 -0.027220558257621798 0.019716203804279159 0.011899913555986822 0.10315472207795713 -0.010866038355639112 0.11556606996849804 -0.025993411945230551 -0.020755801661582862 0.18486283994155123 -0.054908788952845823 -0.0019988429670828416 0.11534755231830054 0.046392613315455238 -0.02170450680648546 0.056263807815090765 0.086719995600137531 0.19521025470783615 -0.030601197740283505 0.065247821016612501 0.027350809390015204 -0.016878121480252636 0.094567125497601642 -0.004104241399616103 0.075408123109988234 -0.0021609968149807197 0.022830592166311874 -0.05891097526576048
leaf_weight=10.889957247301934 4.5677288873121125 2.051616037264469 6.7261889977380633 17.121226380579174 19.421114888973534 149.15476857032627 1.424076985567807 10.846920534968378 3.1934696994721916 3.4651329740881911 66.501923529431224 2.2055364241823572 8.1388588557019848 4.4056888800114384 1.6174656953662632 3.4386522732675076 4.645351005718112 1.4277091240510333 3.1686108475551009 1.3955028075724829 2.892863553017377 3.8802410531789064 5.7563289180398014 73.441644349135458 2.0006637424230567 89.61316224001348 2.2338131833821526 393.68991379998624 31.622938808053732 3.185594353824853
leaf_count=240 65 23 104 310 216 2352 9 156 35 41 1346 31 187 89 28 55 84 22 48 26 36 52 65 1564 21 1738 32 7976 199 35
internal_value=-0.000254321 0.00190823 -0.036431 0.00261087 0.0287118 0.00166857 -0.00468081 0.0117116 0.0240414 0.0424366 -0.00730598 -0.00278316 0.019017 -0.00586848 0.0548413 0.100502 0.0136912 -0.0383175 0.0351155 0.0562883 0.0369826 0.0996246 0.0588278 -0.00653657 0.00143538 -0.000562298 -0.00217042 0.00252482 -0.000302818 0.0104192
internal_weight=934.125 627.541 11.2939 616.247 21.4727 594.774 306.584 42.3204 31.4305 20.5835 264.263 197.761 29.0479 17.1409 11.907 5.64419 6.26282 9.56657 7.5743 17.1184 11.8427 5.27574 8.9498 168.713 95.2717 93.2711 91.847 577.653 425.313 152.34
internal_count=17185 11280 169 11111 239 10872 5905 651 411 255 5254 3908 544 346 198 86 112 209 137 214 136 78 100 3364 1800 1779 1770 10562 8175 2387
is_linear=0
shrinkage=0.05


Tree=73
num_leaves=31
num_cat=0
split_feature=6 7 8 13 6 8 3 6 27 4 23 9 14 9 6 7 7 8 9 7 13 2 27 2 21 14 3 15 3 4
split_gain=3.54322 6.82875 6.94574 5.9135 9.995 5.86748 6.04456 5.85862 9.13585 15.2989 6.92725 5.8902 6.27353 6.81 13.3706 11.8107 14.7085 11.5974 14.8045 11.4646 10.9072 9.022 9.00632 9.37141 7.55172 6.77107 6.76176 6.44163 6.1455 5.96307
threshold=0.63801230500701844 2.2382393826743203 5956751.2100000447 -0.86578663521839627 3.0754183873699215 2277435.9850000413 -1.1568770163772222 1.6071134674603347 -0.0061962808736628619 1.8569477608293625 2330.5000000000005 27.896609989357842 1850935.0514891299 0.74435803029816661 2.402358057651051 0.74657343185550007 0.17818850555186552 56309.750000048436 0.14071748224607977 -3.6372167262361468 -0.27138671093756528 -0.84416351362331665 0.0017616954295930356 -0.14461742036840936 3.194197674269303 33704605.330834456 -1.682667754957645 0.63100199062822915 -0.86370593828047459 -0.32608394919365491
decision_type=2 2 2 2 2 2 2 2 2 2 2 2 2 2 2 2 2 2 2 2 2 2 2 2 2 2 2 2 2 2
left_child=-1 7 3 4 -3 6 -5 8 9 10 -2 12 26 14 15 16 17 28 -19 -15 -21 -20 -18 -24 -22 -16 -9 -17 -14 -30
right_child=1 2 -4 5 -6 -7 -8 11 -10 -11 -12 -13 13 19 25 27 22 18 21 20 24 -23 23 -25 -26 -27 -28 -29 29 -31
leaf_value=0.001672466376313081 -0.014164637183079646 -0.052729208331362992 -0.0586895281344081 0.074334350788084022 0.08221858456286886 0.10525435080736432 -0.025013541629991694 0.040474702510374223 -0.020958889919162581 0.11684949713471045 0.080638748679297115 0.06837867901630082 -0.066007820565006106 0.10268025789292201 -0.029437912876364849 -0.044975321845420614 0.21159425020637632 0.17493104336792778 0.095661784380809897 -0.045414206967461533 -0.018568335713378247 -0.025242878677167454 0.14050007513060425 -0.00046830329402531006 0.040331896705444431 0.093577297741490303 -0.03956004774842331 0.035376248729724079 0.067995168581841819 -0.027637874001237319
leaf_weight=671.66947142407298 15.901736511848872 3.8031247425824448 2.2223086338490239 3.2719639372080564 2.146573843434453 4.0672122426331043 2.8775056954473257 3.1374650001525906 104.72536046244204 3.1420249585062257 2.1925522349774829 3.1233155820518723 3.1327389851212502 2.1179782524704924 15.494107137434186 5.971175514161585 1.8008811101317395 2.4632726870477182 2.8450028970837593 18.146361174993217 12.608475329354407 3.3714487412944436 2.7726612370461226 2.0511319618672132 9.5742376353591663 1.2056554555892933 16.611256722360849 4.2836738452315331 3.1943781618028879 3.3284701602533513
leaf_count=11097 337 98 36 24 15 22 40 40 3067 32 40 45 56 13 344 177 13 28 28 418 311 85 23 34 92 21 498 28 44 79
internal_value=-0.000250171 -0.00518693 0.0241921 0.0355854 -0.0040418 0.0586623 0.0278467 -0.00740836 -0.0148952 0.0150076 -0.00267696 0.00063585 -0.00121834 0.004145 0.0162908 0.0337648 0.0523252 0.029254 0.0711953 -0.0107098 -0.0166647 0.03009 0.11618 0.0805587 0.00685348 -0.0205567 -0.026845 -0.0114107 -0.00844846 0.0191957
internal_weight=933.254 261.584 18.3887 16.1664 5.9497 10.2167 6.14947 243.195 125.962 21.2363 18.0943 117.234 114.11 94.3617 51.9146 35.2148 24.96 18.3353 8.67972 42.4471 40.3291 6.21645 6.62467 4.82379 22.1827 16.6998 19.7487 10.2548 9.65559 6.52285
internal_count=17185 6088 235 199 113 86 64 5853 3476 409 377 2377 2332 1794 960 595 390 320 141 834 821 113 70 57 403 365 538 205 179 123
is_linear=0
shrinkage=0.05


Tree=74
num_leaves=31
num_cat=0
split_feature=7 15 15 2 19 21 20 20 7 18 7 4 2 18 3 3 5 13 21 4 3 30 16 7 30 26 21 9 21 26
split_gain=3.54304 3.49848 4.74435 6.42801 6.02718 5.56583 7.45938 4.65514 6.90527 7.69538 7.44414 6.35142 5.84451 5.52162 5.29608 5.90844 12.5635 8.55931 7.68463 7.7903 10.0681 7.51838 6.78183 6.28938 9.23799 6.26487 11.1599 8.42494 7.10859 6.44794
threshold=3.3294235174676419 1.0954451150103328 0.85652944705260181 -0.29322639092781483 -0.058953900709217362 2.3482361048380094 -1.0000000180025095e-35 -0.50000000000006928 -0.50048913587643284 -0.081379714825716973 -0.96580532364902238 1.4629696173190723 0.51546034956553399 -0.29838393217455433 -1.8911815391305293 -0.29163141605155513 -64.171499999938518 -2.8859784973739324 0.88850142639296836 -1.0970044523705462 -0.36823570556315055 -0.13283860689039489 -1.6726625831852888 -0.69723775705459123 -1.2912665512599022 -0.00036649999999999991 2.2933994516000564 0.27374624098058437 4.3119063542835452 0.00069950000000000014
decision_type=2 2 2 2 2 2 2 2 2 2 2 2 2 2 2 2 2 2 2 2 2 2 2 2 2 2 2 2 2 2
left_child=1 2 7 4 -4 6 -6 8 10 11 12 13 -1 -10 -9 18 -17 21 19 20 -16 -18 23 24 -20 26 27 -24 -28 -27
right_child=-2 -3 3 -5 5 -7 -8 14 9 -11 -12 -13 -14 -15 15 16 17 -19 22 -21 -22 -23 25 -25 -26 29 28 -29 -30 -31
leaf_value=-0.041622935836487338 -0.047811458636169916 0.0063738385762213178 0.056202637604197227 -0.053022489479922247 0.094284220811659783 -0.059124183375033001 -0.052055975167972723 -0.015527228620963261 0.0034373985997728979 -0.0096725967901248253 0.099387351978662247 0.072334173627361775 0.075057095607934277 0.050570887512404655 -0.0053911262777202248 -0.024119554499422741 0.20701111739434197 -2.6378324474808399e-06 0.1144724271079932 -0.047767935933108754 0.18282852271651709 0.0045002704056774446 0.19313601220005389 -0.048715932581179726 -0.027051812955783884 0.0039757525654381632 0.00017412368262539329 0.04812146182481275 0.10043566298033305 0.072645237061985349
leaf_weight=2.5929973125457764 3.8988207112997761 172.64348727092147 3.4816515352576962 10.365247074514626 1.8357061445713037 4.5324544850736856 1.6566506251692796 68.300528444349766 30.286784538999196 43.322802372276783 4.239413205534218 5.1368496268987647 1.8311389721930025 7.8175014965236214 5.1568949893116951 73.448199136182666 0.94414589274674654 137.80212860368192 1.685724815353751 13.81501170620322 0.82401625625789421 0.89068594761192688 1.6816349718719745 10.773771272972224 3.6491926405578878 298.07119579799473 12.75859268940985 2.4766722358763218 2.0522578433156005 3.4581459537148467
leaf_count=29 64 1002 24 179 11 52 57 1487 215 302 21 33 16 56 137 2322 21 4218 25 479 12 33 15 243 75 5797 171 47 13 29
internal_value=-0.000247228 -4.72948e-05 -0.00151581 -0.0244632 0.00126363 -0.0225723 0.0248656 -0.000831111 0.00948074 0.00522124 0.0520405 0.0201432 0.00667064 0.0131073 -0.00237076 -0.000792865 -0.00737942 0.00142579 0.00314508 -0.0271299 0.0205407 0.108706 0.00492556 -0.0267311 0.017667 0.00651667 0.0343878 0.106766 0.0140668 0.0047633
internal_weight=931.43 927.531 754.888 21.8717 11.5065 8.02481 3.49236 733.016 95.2275 86.5639 8.66355 43.2411 4.42414 38.1043 637.789 569.488 213.085 139.637 356.403 19.7959 5.98091 1.83483 336.607 16.1087 5.33492 320.498 18.9692 4.15831 14.8109 301.529
internal_count=17185 17121 16119 323 144 120 68 15796 672 606 66 304 45 271 15124 13637 6594 4272 7043 628 149 54 6415 343 100 6072 246 62 184 5826
is_linear=0
shrinkage=0.05


Tree=75
num_leaves=31
num_cat=0
split_feature=19 3 14 8 13 19 3 5 13 9 8 21 8 3 30 29 10 13 10 30 5 4 21 21 30 18 4 6 2 8
split_gain=3.53576 3.71626 4.21959 4.59233 9.31595 6.27967 4.64707 4.31049 4.1162 4.33117 9.49366 6.60877 4.47141 10.5338 3.8231 3.64399 6.15103 4.53064 5.72055 5.62222 3.91082 7.3282 5.8486 5.74155 5.81313 4.59572 4.4109 6.16022 6.11402 7.54931
threshold=-5.833333333333333 1.9623271984688326 33704605.330834456 2213879.6800000477 -2.2953137982288849 0.46931869116986691 2.3311981620050761 -918.38950000004832 -2.210372620785753 0.6091657711447418 536674.48500004667 0.90815448113078545 21708279.165000033 -2.0366011290688859 0.89142258319360812 4235420.0350000011 34.919651438167186 2.6155465564083138 0.36210358057841424 -1.1791108578703715 -1366.0845000001134 -2.2415766149606067 2.6620724653058496 2.9028059072742862 0.21978576274759012 -0.3549342048563302 -0.93839354736829905 2.334256025144239 -0.43734981925718747 1467299.9850000348
decision_type=2 2 2 2 2 2 2 2 2 2 2 2 2 2 2 2 2 2 2 2 2 2 2 2 2 2 2 2 2 2
left_child=-1 8 3 5 -5 7 14 -3 9 10 11 -2 -11 -14 -6 17 -17 20 -19 -20 22 -22 -10 -24 25 -25 27 -23 29 -28
right_child=1 2 -4 4 6 -7 -8 -9 15 12 -12 -13 13 -15 -16 16 -18 18 19 -21 21 26 23 24 -26 -27 28 -29 -30 -31
leaf_value=0.041996181725866159 0.090802859444777201 0.10085337003469999 0.07680169438977856 0.13039774606933871 -0.0065011205439858824 0.091081254269379949 -0.055198830763568942 -0.045581474057073142 -0.01979944514099936 -0.046268720996042144 0.11548312115660785 -0.028250266036624411 -0.065996042284075379 0.057266292356505905 0.099295461185239908 -0.035403178077030709 0.02258927339386077 -0.042973405410001268 -0.024445916886619953 0.052396444053443118 -0.027975926923438751 0.0089809644786182277 0.11998251902061297 -0.0038184279648419981 -0.003362916558282815 0.07809619603579443 -0.001064780078114329 -0.034491566736372541 0.0011619909009510532 -0.02831313745084095
leaf_weight=4.927906669676303 1.3550861524417985 0.51684935763479245 1.1348515450954426 1.3222812330350278 3.2102580107748491 0.93752894457429548 3.5769564509391785 18.16308907605708 6.7963530803099301 14.519309011287989 1.7318621240556229 8.3396550593897683 3.1262333057820797 3.8899343302473417 1.1633556317538021 16.211216131225232 6.3687135577201834 2.5645405836403397 2.9438243955373773 12.436799548566338 22.511346308514476 198.95531151816249 1.7713945675641323 2.3870881795883179 8.6606928128749114 6.0568482819944638 62.208188076503575 8.4970673155039531 460.26710135769099 42.98331612162292
leaf_count=39 39 3 22 30 79 9 99 534 113 345 23 178 38 36 22 281 86 74 43 143 444 3232 17 24 100 59 1236 149 8802 886
internal_value=-0.000244029 -0.000469158 -0.0177718 -0.0214867 0.00750841 -0.0351923 -0.0129297 -0.0415298 0.000111575 -0.0172288 0.00765311 -0.0116096 -0.030431 0.0023436 0.0216402 0.000774948 -0.0190463 0.00130837 0.0261615 0.037689 0.000765201 0.000145273 0.0199728 0.0342929 0.0254187 0.0549391 0.000964314 0.00720037 -0.00132354 -0.012199
internal_weight=929.535 924.607 30.0252 28.8903 9.27285 19.6175 7.95057 18.6799 894.582 32.9621 11.4266 9.69474 21.5355 7.01617 4.37361 861.62 22.5799 839.04 17.9452 15.3806 821.095 795.422 25.6724 18.876 17.1046 8.44394 772.911 207.452 565.459 105.192
internal_count=17185 17146 798 776 230 546 200 537 16348 659 240 217 419 74 101 15689 367 15322 260 186 15062 14749 313 200 183 83 14305 3381 10924 2122
is_linear=0
shrinkage=0.05


Tree=76
num_leaves=31
num_cat=0
split_feature=7 3 19 21 0 6 14 27 6 9 30 8 4 10 6 18 3 15 15 3 13 13 2 5 5 19 6 27 18 27
split_gain=3.31176 3.32791 5.65399 5.54792 5.70696 5.45221 6.21668 6.00982 5.22403 5.14451 5.08361 8.9048 6.42946 7.53838 5.46263 4.87369 4.83493 9.7458 7.01406 6.6144 10.336 13.7318 12.1158 7.55753 8.18134 6.634 6.38994 8.47892 6.33589 6.31274
threshold=3.3294235174676419 -2.5429178683519837 -4.1754385964909311 4.1485564392374803 0.75417377379379491 -2.8765304502348852 4619850.2958128108 -0.0022887233045046913 -0.26356152338437139 0.17761265764069797 -0.069632770707339933 1941440.4600000356 -1.5515008151600818 6.9629721456434899 -0.26356152338437139 -0.0069171695785525322 -1.3519721607621511 5.7154760664940722 1.9051586888313643 -1.1568770163772222 -0.50412065330546041 -0.94620081316832649 -0.6023931150946068 -163.6824999998789 238.24699999997395 -0.11919968103231006 -2.6305888001056075 -0.017408383808530322 -0.16598114363997288 -5.0191932077947581e-05
decision_type=2 2 2 2 2 2 2 2 2 2 2 2 2 2 2 2 2 2 2 2 2 2 2 2 2 2 2 2 2 2
left_child=1 8 -3 16 5 -5 7 -7 -1 -9 11 -8 -12 14 -14 -16 26 18 19 20 21 -18 -23 -24 -25 -22 -4 -28 -20 -29
right_child=-2 2 3 4 -6 6 10 9 -10 -11 12 -13 13 -15 15 -17 17 -19 28 -21 25 22 23 24 -26 -27 27 29 -30 -31
leaf_value=0.0030867937078064268 -0.047091426417237688 0.050281715194529647 -0.063850895437521121 -0.052974560888031846 -0.025435228689362856 -0.043437077170447973 0.14571626738930946 -0.0080044159926535331 -0.038826258884389078 0.038414156680868922 -0.021642590809037202 0.040839786501266455 0.10579980697859125 -0.042228529390042173 0.071694102470686291 -0.017378120978639135 0.011396019890618836 -0.045120608239607431 0.042171502680626083 -0.0012724157844815006 0.081901635049071206 0.004715410326126491 0.24519076694071568 0.049777691576376681 0.19190153290196346 -0.0033198025650615533 0.044957764555623031 -0.019452789791965925 0.0023319634165246861 -0.00035225859216559552
leaf_weight=15.937263343483211 3.7562881046906105 5.6676064506173125 4.9893738757818928 2.5593363903462878 8.3443258535116893 5.2899480592459467 2.4683826975524381 11.805857708677651 13.93466332554817 12.073070803657172 6.2661792710423443 11.242185283452271 3.8595053628086999 2.2442076690495023 3.2770752850919918 2.8901093341410302 11.630758980289103 11.195299804210661 19.928959898650646 517.3722510477528 2.4297375343739978 2.4758299645036459 1.2642767317593095 2.5644134897738686 1.6733007337898014 37.965138399973512 7.669815504923462 77.194692585617304 19.990050248801708 98.397945128381252
leaf_count=221 64 50 74 21 118 67 26 107 240 122 81 97 25 26 27 31 234 96 101 11361 17 42 8 40 19 632 79 1526 115 1518
internal_value=-0.000238194 -4.78476e-05 0.000500258 0.000182911 0.0134563 0.0185289 0.0215086 0.00478242 -0.0164648 0.0154646 0.0366378 0.0597212 0.0195646 0.0406073 0.0591479 0.0299525 -0.00099241 0.00111303 0.00195153 0.000550105 0.0162646 0.0460496 0.0965706 0.137904 0.105897 0.00180624 -0.00802155 -0.00650158 0.0222212 -0.00874931
internal_weight=928.358 924.602 894.73 889.062 72.3202 63.9759 61.4165 29.1689 29.8719 23.8789 32.2476 13.7106 18.5371 12.2709 10.0267 6.16718 816.742 628.49 617.295 577.376 60.0035 19.6086 7.97782 5.50199 4.23771 40.3949 188.252 183.262 39.919 175.593
internal_count=17185 17121 16660 16610 748 630 609 296 461 229 313 123 190 109 83 58 15862 12665 12569 12353 992 343 109 67 59 649 3197 3123 216 3044
is_linear=0
shrinkage=0.05


Tree=77
num_leaves=31
num_cat=0
split_feature=23 7 8 22 3 23 4 23 22 14 5 0 8 13 3 19 13 25 18 25 22 7 22 26 16 16 23 21 6 27
split_gain=3.28528 6.03248 5.13619 3.82458 6.12285 6.88004 5.78262 11.6558 11.1226 8.75772 7.64269 7.14817 8.86236 15.0234 5.95943 5.38016 5.25331 5.11727 5.07582 4.94327 5.70737 6.19252 7.74583 9.56428 8.78599 9.17704 7.18652 6.35655 12.3897 10.8923
threshold=4102.0000000000009 -0.48227364858650784 315297.99500004487 -324.49999999999994 -2.8231554602813174 485.50000000000006 1.1758363822417737 2452.5000000000005 657.50000000000011 1772869.6524486507 679.99649999989208 0.2362933365414486 1570410.720000047 0.66481336917548972 -1.682667754957645 0.32030534351143652 -0.95994642614403847 0.69292820305826086 -0.31657289044657427 -0.076187993426103592 1366.5000000000002 1.05656463329145 360.50000000000006 4.3000000000000008e-05 -0.23858119277898707 -0.1331993227976748 1034.5000000000002 2.0423416550691527 -0.76164217394970657 -0.00480537609081949
decision_type=2 2 2 2 2 2 2 2 2 2 2 2 2 2 2 2 2 2 2 2 2 2 2 2 2 2 2 2 2 2
left_child=3 2 -2 -1 5 -5 10 17 9 -9 15 14 13 16 -12 19 -13 -8 -10 -6 21 27 23 24 -23 -26 -27 28 29 -21
right_child=1 -3 -4 4 6 -7 7 8 18 -11 11 12 -14 -15 -16 -17 -18 -19 -20 20 -22 22 -24 -25 25 26 -28 -29 -30 -31
leaf_value=-0.0043898354453352738 0.078149470976847157 -0.042113722661620466 -0.013538168781696345 0.012227534427234557 0.026275044894030927 -0.068745361679463809 -0.015180675607516457 0.21635827602421753 0.054163581162936937 0.056423212044787875 -0.0095208820699378659 0.081561145789508196 -0.023625752241354658 0.18955356674323853 0.090555162841184894 -0.031062940106813836 -0.04168002865668935 0.067635659907677878 -0.020190027121367703 0.045905914902863346 -0.01080465488620359 0.01556130537809252 -0.0015125523542565567 0.002340366030960086 0.18067159575859454 0.067700226908911837 -0.0146373970815634 0.0079625295823070683 -0.022366374407377106 -0.0073592636702292215
leaf_weight=302.59438657108694 2.2652538483962443 12.096848193556069 4.689426938071847 4.5119822444394213 25.691751090809703 6.2670711185783148 92.924885074608028 1.2365951808169473 3.6188715165480962 2.7806134391576052 1.8930153921246526 1.3957811277359722 7.6398986615240574 1.5818864889442918 6.9459344614297169 10.599477001465855 2.2725440151989447 1.9035006538033474 6.2758560273796311 15.785317673347889 58.577316116541624 16.581023004837334 36.424667867831886 23.328195436857641 1.5616799835115696 16.979351180605594 3.140214141458272 170.64952529035509 59.720490402542055 24.485671564936638
leaf_count=5901 37 252 81 65 183 101 2021 14 64 50 22 15 93 23 65 109 29 13 134 191 1221 274 714 399 19 262 64 2598 1603 568
internal_value=-0.000232091 -0.0207805 0.016326 0.000199355 0.00249553 -0.0348511 0.00317325 -0.00724826 0.0354904 0.105655 0.0055086 0.0344903 0.0107428 0.0607545 0.0691221 0.00414999 0.00521268 -0.0135183 0.00700387 0.00497406 0.00369312 0.00599673 0.0167649 0.0275743 0.0429592 0.063912 0.0548492 0.00209693 -0.00791355 0.0135195
internal_weight=926.419 19.0515 6.95468 907.368 604.773 10.7791 593.994 108.74 13.9119 4.01721 485.254 21.7291 12.8901 5.25021 8.83895 463.525 3.66833 94.8284 9.89473 452.925 427.233 368.656 98.0151 61.5905 38.2623 21.6812 20.1196 270.641 99.9915 40.271
internal_count=17185 370 118 16815 10914 166 10748 2296 262 64 8452 247 160 67 87 8205 44 2034 198 8096 7913 6692 1732 1018 619 345 326 4960 2362 759
is_linear=0
shrinkage=0.05


Tree=78
num_leaves=31
num_cat=0
split_feature=19 15 23 26 5 23 19 29 0 26 6 7 8 8 13 15 30 2 14 6 2 12 23 29 15 2 25 5 10 10
split_gain=3.17388 3.38459 4.49477 8.2296 6.54773 5.1294 4.42678 4.50465 5.3322 6.89345 5.56546 5.54038 5.6735 4.57779 6.44852 4.7173 4.5058 4.93744 4.81916 4.65829 4.38087 4.33352 4.30027 4.3001 4.38334 6.30847 5.70098 4.25555 4.24183 4.11342
threshold=1.4399577167019018 1.0954451150103328 1497.5000000000002 -3.8150000000000024e-06 65.559999999823063 1334.5000000000002 -2.566666666666666 -69263.19000000009 0.5906710709814742 0.00015804000000000003 -1.8724240125958673 -0.9956571154516195 4354091.445000032 1134750.8150000374 0.44503192828038812 1.9170289512680809 -2.9718037798459154 0.63202306459023705 2251951.0387091022 0.17373809049836916 -1.5000586681524315 1.0000000180025095e-35 -26.499999999999996 4443257.2300000014 0.85652944705260181 -0.29322639092781483 -0.081930919663355653 -71.706999999936656 32.938646821288067 8.612678955765622
decision_type=2 2 2 2 2 2 2 2 2 2 2 2 2 2 2 2 2 2 2 2 2 2 2 2 2 2 2 2 2 2
left_child=1 21 5 -4 -5 6 -3 13 9 10 -9 12 22 -8 -15 -16 -13 18 -18 -19 -20 23 -12 24 29 26 -26 -22 -10 -1
right_child=-2 2 3 4 -6 -7 7 8 28 -11 11 16 -14 14 15 -17 17 19 20 -21 27 -23 -24 -25 25 -27 -28 -29 -30 -31
leaf_value=-0.0013903140178933571 -0.042993431707165533 0.056802346662575609 0.051555717684280467 0.027570458827713803 -0.037897347343014413 -0.055436072907573755 -0.01185485404800595 -0.052618989919412641 -0.030877019640049165 0.032107652609087572 0.019603159149749746 -0.05026262887673405 -0.068809380452261287 0.0040957084288915204 0.086993845931524899 0.026016821874754733 0.057061960539055469 -0.054964118788596222 -0.036759987353895456 0.018398926249867064 0.059546838625394775 -0.026905208337814859 -0.040823281397910291 -0.030364179574760036 0.050046167012117164 -0.052405514519037924 -0.024431253346150011 -0.0049009904093021304 0.039809686677070001 0.0091113040561897687
leaf_weight=591.38716747052968 4.3184816846624008 3.8828688040375701 14.178747598081829 8.7069849744439107 6.8035120628774157 3.7060876935720435 9.4302328452467901 5.4476527944207183 21.004488993436102 16.536302447319031 7.3120767660439023 2.6798828616738275 4.8118261918425551 13.018346790224316 5.881010524928568 6.8850202038884163 9.3390475288033574 3.9529726654291135 3.6115515977144232 4.7805500440299511 5.1164729148149464 16.378327701240778 4.9290347732603559 12.178923620842395 4.0478903222829103 9.7269166437908989 7.0350197991356271 5.129188336431981 2.3609054982662192 110.70057608932257
leaf_count=13227 88 39 78 46 49 21 53 26 160 86 38 13 24 70 30 34 48 23 17 25 27 366 25 262 25 171 111 27 17 1959
internal_value=-0.000228865 -2.83377e-05 0.00635376 0.0240227 -0.00114629 0.00260183 0.00418213 0.00263692 -0.00292328 0.00367942 -0.00455199 0.000516514 -0.02281 0.0179546 0.0288569 0.0541075 0.01201 0.0172366 0.0293011 -0.0148067 0.0105917 -0.00146794 -0.00472829 -0.000901168 -0.000404794 -0.0230198 0.00277067 0.0272829 -0.0237346 0.000265512
internal_weight=925.278 920.96 169.505 29.6892 15.5105 139.816 136.109 132.227 97.012 73.6466 57.1103 51.6626 17.0529 35.2146 25.7844 12.766 34.6097 31.9298 23.1963 8.73352 13.8572 751.455 12.2411 735.076 722.898 20.8098 11.0829 10.2457 23.3654 702.088
internal_count=17185 17097 976 173 95 803 782 743 556 379 293 267 87 187 134 64 180 167 119 48 71 16121 63 15755 15493 307 136 54 177 15186
is_linear=0
shrinkage=0.05


Tree=79
num_leaves=31
num_cat=0
split_feature=5 6 6 2 10 13 4 1 13 1 27 8 6 6 20 5 9 23 3 14 21 7 5 15 3 13 5 14 13 19
split_gain=3.11433 5.89594 5.75099 6.80806 5.41478 6.49509 6.29637 6.5623 5.95926 5.31806 6.4091 7.15891 9.50999 11.3665 6.50841 6.15185 5.10272 5.53084 8.78141 6.92896 5.80239 6.0244 5.72792 5.33863 5.01328 5.24094 6.11284 4.96301 4.73106 5.0141
threshold=-780.94799999985833 -0.13098872357381194 -0.2378026284442579 0.25509118506329004 1.1631901451052864 1.9443452869986599 -2.5855447038000317 -0.93450021534319394 -1.5670953223267896 -0.80418342620314631 -0.0030539125943093155 1544938.5700000392 0.081534471701477554 0.44359914510209991 -3.0000000000004161 -261.89049999997945 6.0852481766053605 1270.5000000000002 -0.52083808406532472 4463492.7117527472 1.3987568317094012 1.6370440140851079 -136.05550000001674 1.1430952132988164 1.9623271984688326 2.6155465564083138 494.00349999987526 33704605.330834456 -2.8859784973739324 0.46931869116986691
decision_type=2 2 2 2 2 2 2 2 2 2 2 2 2 2 2 2 2 2 2 2 2 2 2 2 2 2 2 2 2 2
left_child=1 2 3 -1 6 -6 -3 8 -8 10 11 12 -2 -14 -12 -15 23 20 19 -19 22 -22 -18 -13 25 -11 -27 28 -26 -30
right_child=9 4 -4 -5 5 -7 7 -9 -10 24 14 16 13 15 -16 -17 17 18 -20 -21 21 -23 -24 -25 27 26 -28 -29 29 -31
leaf_value=0.012276534518311089 0.0087973230008978436 -0.033721945760186535 0.098392223314373708 0.099736494760068475 -0.043513906719230881 0.04554877214106505 -0.067203017570091575 -0.025378010596481461 0.066661788705928912 0.0013233593254768777 0.057120244591978786 -0.043454261575402144 0.25812237868066185 -0.032395791998923833 -0.014813895026231245 0.12322313748925962 0.015791288799797437 0.17782540339605465 -0.055067111813527705 0.035436327408664529 -0.033299420714355571 0.04238881587749499 0.13697066269131528 0.055593365060781857 0.074139670111404141 0.050519546714694052 -0.036423195746544894 0.087481664614850296 -0.034967055050165494 0.078692538447256197
leaf_weight=37.445192070677876 6.2805593349039537 5.3495126031339195 2.3239396102726451 2.3656483720988026 12.347237083129583 2.4539124164730302 0.92360473889857608 3.7152863489463899 8.3259597308933717 611.53786152321845 3.2128481045365325 9.9185485448688251 0.96005470585078034 1.1084961416199808 147.70785511657596 1.486969050019979 4.441072597168386 1.5709024760872128 1.234018051996826 1.8731763791292904 11.99221435934305 3.3672360964119425 1.2495430205017388 1.5767131596803654 1.1436787592247188 10.363175489939747 2.5116928108036509 1.0188485421240319 22.29317930620164 1.0144903790205706
leaf_count=472 140 76 18 21 236 23 16 58 100 11245 21 244 23 28 3096 34 86 23 34 27 216 39 22 8 29 141 34 17 649 9
internal_value=-0.000219354 0.00952906 0.0219367 0.0174736 -0.00625785 -0.028748 0.0119181 0.0307499 0.0532949 -0.00108455 -0.00825903 0.00785144 0.0457888 0.111131 -0.0132825 0.0567599 -0.00217328 0.0102009 0.0593769 0.100382 -0.000727772 -0.0167064 0.0423998 -0.0298687 0.00110108 0.00198802 0.0335583 -0.0206426 -0.025148 -0.0300199
internal_weight=923.113 75.2503 42.1348 39.8108 33.1155 14.8011 18.3144 12.9649 9.24956 847.863 197.98 47.0595 9.83608 3.55552 150.921 2.59547 37.2234 25.7282 4.6781 3.44408 21.0501 15.3595 5.69062 11.4953 649.883 624.413 12.8749 25.4702 24.4513 23.3077
internal_count=17185 1020 511 493 509 259 250 174 116 16165 4041 924 225 85 3117 62 699 447 84 50 363 255 108 252 12124 11420 175 704 687 658
is_linear=0
shrinkage=0.05


Tree=80
num_leaves=31
num_cat=0
split_feature=7 19 23 7 4 10 22 26 8 30 23 8 23 27 3 4 7 29 29 26 5 14 16 16 13 16 26 29 13 10
split_gain=3.07512 3.01785 3.09395 5.39628 4.9994 9.60492 3.47858 5.16811 5.05656 4.88049 5.43313 7.15106 6.0965 6.08619 5.55279 9.18393 5.5501 4.76899 6.80595 5.73052 6.34671 5.41755 7.66459 10.7059 6.26332 5.52135 6.1984 5.22491 4.86337 4.83721
threshold=3.3294235174676419 -5.833333333333333 4102.0000000000009 -0.48227364858650784 0.66222107928925833 0.65866382137016544 -324.49999999999994 0.00038150000000000006 77167773.075000063 -1.7251282017369287 616.50000000000011 3928279.3900000486 2588.5000000000005 -0.0081711199425560915 -0.53589891407825296 0.18760551983152704 -0.40795528882638948 -81446.589999999982 -1173469.6949999996 -0.00014999999999999999 849.87300000013795 3124439.4944049208 -0.9522216158711212 -0.81483603373272873 1.3445980177792161 -1.0000000180025095e-35 -0.00011165499999999996 -92575.89999999998 1.2012481677111959 47.979112792401338
decision_type=2 2 2 2 2 2 2 2 2 2 2 2 2 2 2 2 2 2 2 2 2 2 2 2 2 2 2 2 2 2
left_child=1 -1 6 4 -4 -6 17 8 -8 -9 11 14 -12 -13 16 -16 -11 18 19 28 -21 27 24 -24 -23 -25 -27 -20 -3 -19
right_child=-2 2 3 -5 5 -7 7 9 -10 10 12 13 -14 -15 15 -17 -18 29 21 20 -22 22 23 25 -26 26 -28 -29 -30 -31
leaf_value=0.040315743171745327 -0.046314676650564934 -0.0036406240935883643 -0.015748519216006149 -0.041335289843939957 0.19338064584861994 -0.01313490149068889 0.00080315085607470394 0.08144161075438261 0.054429038893454219 0.07109219990267894 -0.032918233344181307 0.05041790241965835 0.043553288287074159 -0.04679683578970617 0.13374144553069914 0.018893829127591036 -0.031872643758991764 -0.0083324675515166601 -0.0053891367739132036 -0.035966785432404037 0.05474153677218923 -0.042501615860338682 0.18508478502687831 -0.014303415347458631 0.069808841964318608 0.13259178346173037 0.039418749395515269 0.10766879021022183 0.08399470248432489 0.056207226924411817
leaf_weight=4.6104857064783564 3.6035028593614689 4.4801792260259417 4.5475987652316716 11.575744187459348 0.97938411310315165 1.3243849901482461 558.06634055543691 3.0564954802393904 4.430780451744794 2.4380869716405869 8.8218394927680475 2.6260011177510023 3.6991301234811536 4.1611708104610434 3.9897718671709335 3.0879450971260667 2.8255006875842827 231.67802529036999 16.665544043295089 17.053458508104089 2.1742499303072682 4.0764936041086939 1.5206147078424717 3.0176938660442838 1.7849258258938787 2.4080090429633847 6.8993079597130356 1.0886770207434882 2.4482683073729277 2.9400735143572083
leaf_count=39 64 81 75 250 19 23 10394 29 28 19 141 27 37 54 34 48 34 4634 394 336 32 71 14 65 22 37 109 15 21 39
internal_value=-0.000215993 -3.51317e-05 -0.000238703 -0.020519 0.0146511 0.0746595 0.000178643 0.00238092 0.00122556 0.0211064 0.0152796 0.0320403 -0.0103259 -0.00918382 0.0547117 0.0836344 0.0158205 -0.00423131 0.00791085 -0.0116609 -0.0257096 0.0215762 0.0396239 0.0599123 -0.00830071 0.044469 0.0635247 0.0015435 0.0273266 -0.0075237
internal_weight=922.08 918.476 913.866 18.4271 6.85137 2.30377 895.439 597.203 562.497 34.7059 31.6494 19.1285 12.521 6.78717 12.3413 7.07772 5.26359 298.236 63.6174 26.1562 19.2277 37.4613 19.707 13.8456 5.86142 12.325 9.30732 17.7542 6.92845 234.618
internal_count=17185 17121 17082 367 117 42 16715 10845 10422 423 394 216 178 81 135 82 53 5870 1197 470 368 727 318 225 93 211 146 409 102 4673
is_linear=0
shrinkage=0.05


Tree=81
num_leaves=31
num_cat=0
split_feature=19 6 7 8 7 21 3 18 8 22 7 19 9 18 8 0 6 8 27 14 14 0 18 7 5 5 14 23 16 15
split_gain=2.99233 3.03586 6.1154 6.1342 5.74733 8.85404 9.04666 10.1454 9.46795 8.58877 7.72645 8.39134 8.26392 7.16074 7.1569 8.6909 15.9815 12.1739 10.2838 13.3745 9.97068 9.28536 6.90454 6.8945 6.77824 7.35165 6.34 5.89623 5.80924 5.75779
threshold=1.4399577167019018 0.63801230500701844 2.2382393826743203 5956751.2100000447 0.91245133904835007 1.6174053356818965 -1.1907346084293076 -0.61037184182680437 17952499.280000035 -2706.4999999999995 -3.6372167262361468 -1.0000000180025095e-35 27.896609989357842 -0.38250050663712326 3394514.5500000394 -0.50575989648705644 1.9507848410116713 2932955.8900000486 0.0040399807811878361 1957315.7617791325 11610954.758449351 -0.67533808469501111 -1.066473915244333 -1.6780076065711185 68.772999999811887 -33.145000000018619 3384768.967441068 -179.49999999999997 1.2778902346485423 0.82978569391646195
decision_type=2 2 2 2 2 2 2 2 2 2 2 2 2 2 2 2 2 2 2 2 2 2 2 2 2 2 2 2 2 2
left_child=1 -1 4 -4 5 10 8 22 13 -9 -3 -12 -13 -7 15 16 18 20 19 -11 -17 26 28 -14 25 27 -21 -24 -8 -6
right_child=-2 2 3 -5 29 6 7 9 -10 14 11 12 23 -15 -16 17 -18 -19 -20 21 -22 -23 24 -25 -26 -27 -28 -29 -30 -31
leaf_value=0.0017609051399083834 -0.042417160275579735 0.062611784299460252 0.033950917788199135 -0.057856322511727114 -0.030139355065211267 -0.041471966876058718 -0.052956188277627839 0.12469375022560139 0.056579830758792575 0.021500314154079918 0.051643173201819964 -0.034116998105441124 -0.041889734695463754 -0.0023569589935293501 -0.030316079305496305 -0.017190139930887902 -0.042793192505869992 0.16552702521157869 -0.026718555862459428 0.05840549375908391 0.08197723341506416 0.27008244221121896 0.12953033010164103 0.07871062785858518 0.019002866254412814 0.18797372975829241 0.19892640422403868 0.016913426812947156 0.068765615114670914 0.010954204610441987
leaf_weight=663.11757460236549 4.1803888147696844 2.7882357165217391 15.907310293987395 2.0544547978788605 40.835814111866057 18.420583242550492 2.271547013893723 1.5160732343792904 4.8400964345782986 2.7916828347369975 3.5595096219331017 47.661548865027726 1.9036198249086735 32.073911566287279 11.846822557039557 25.677261489443492 3.4988772030919781 1.055446222424506 1.7419959064573047 1.9965061498805869 2.8123183567076913 1.3552316259592783 2.2934197839349499 3.1395822782069436 3.3087434861809015 1.957018369808792 1.3423939142376182 2.3565209256485105 1.7242790460586546 10.77282055467367
leaf_count=11037 88 23 199 36 1338 345 59 25 52 63 36 1877 57 587 215 609 66 19 47 40 35 16 39 29 62 31 15 46 26 68
internal_value=-0.000210734 -1.82451e-05 -0.00467217 0.0234501 -0.00681669 -0.00267955 0.00486411 0.0168682 -0.010223 0.00731865 -0.0186324 -0.0226586 -0.0276767 -0.0166263 0.00403051 0.0136563 0.0481994 -0.00122338 0.0827008 0.108163 -0.00740094 0.159703 0.0550584 0.0331885 0.0774194 0.106674 0.114901 0.0724578 -0.00043079 -0.0215615
internal_weight=920.802 916.621 253.504 17.9618 235.542 183.933 124.881 69.5461 55.3346 55.6346 59.0525 56.2643 52.7048 50.4945 54.1185 42.2717 12.7267 29.545 9.22781 7.48581 28.4896 4.69413 13.9115 5.0432 9.9157 6.60696 3.3389 4.64994 3.99583 51.6086
internal_count=17185 17097 6060 235 5825 4419 2397 1413 984 1150 2022 1999 1963 932 1125 910 247 663 181 134 644 71 263 86 178 116 55 85 85 1406
is_linear=0
shrinkage=0.05


Tree=82
num_leaves=31
num_cat=0
split_feature=7 15 15 2 19 21 20 14 14 3 21 7 18 0 27 10 2 8 8 3 22 5 7 9 6 13 4 21 2 8
split_gain=2.91081 2.86126 4.0241 5.76434 5.25227 5.14678 6.17832 4.31767 5.49838 8.80489 7.16483 6.87748 7.58319 6.55718 6.59109 6.29474 6.00494 5.70656 9.45311 9.05626 8.74835 13.6366 7.57659 11.7884 6.38258 6.31713 11.6554 8.33381 11.336 6.54629
threshold=3.3294235174676419 1.0954451150103328 0.85652944705260181 -0.29322639092781483 -0.058953900709217362 2.3482361048380094 -1.0000000180025095e-35 250703.66777018268 2816327.5413495656 0.27592719818190836 0.8147914023303261 1.9012156554729549 1.0083694337401472 -0.90278099826287661 0.011365437554245463 6.822038795415911 -2.5945974439005846 980978.45500004862 1467299.9850000348 0.23124967127300192 -1510.4999999999998 -125.36299999989568 -0.97832335438333107 2.8935484611551137 -1.3472983588579763 -0.46358687486497269 -0.82532495777588599 1.0401223931994903 0.64793832309152155 618955.68500004103
decision_type=2 2 2 2 2 2 2 2 2 2 2 2 2 2 2 2 2 2 2 2 2 2 2 2 2 2 2 2 2 2
left_child=1 2 7 4 -4 6 -6 -1 9 10 -9 -11 15 14 16 -13 -12 19 22 25 21 -20 -19 24 -24 26 29 28 -27 -15
right_child=-2 -3 3 -5 5 -7 -8 8 -10 11 13 12 -14 17 -16 -17 -18 18 20 -21 -22 -23 23 -25 -26 27 -28 -29 -30 -31
leaf_value=0.0087467471408333598 -0.045774085608842212 0.005835982916194811 0.051315477413585289 -0.051833877280420652 0.082856193989227639 -0.058711735205792863 -0.051957450648210404 -0.039479594006705601 0.0015263948098064007 -0.034136869119468331 0.069121227945913175 -0.035647398759011573 0.19545072046452727 0.040682445487261021 0.081917889693314622 0.10283756479970799 -0.019272716563311143 0.136432791119311 0.23034694792681754 0.14419565425289635 0.00044286559053129441 0.029054147974754359 0.085517799467149824 0.13654929710227409 -0.039317135526770929 -0.051670792923851641 -0.013050911479796127 -0.025560625138356698 0.1711540418904709 0.1714078270052759
leaf_weight=102.8148214686662 3.4919558539986602 169.09638740122318 3.5598164238035679 9.4721392039209586 1.9263828396797182 4.2795555721968412 1.5207527242600933 13.011292986571787 373.5420942036435 41.650168008171022 1.9828267404809583 2.77317504864186 0.60505357850342978 8.9515848932787794 1.7465269621461619 1.1653978964313862 61.955767918378115 2.5332518965005875 1.0437588673084972 1.0107181575149287 42.679926835931838 4.3393113790079942 1.4147948026657102 2.0706933327019215 3.7060830071568471 1.0255883513018482 17.355086694471538 36.172146392986178 1.2871228605508802 1.0723972674459208
leaf_count=751 64 1002 24 179 11 52 57 518 7920 2051 34 107 19 180 28 15 1549 31 16 31 797 75 25 28 96 36 495 962 19 13
internal_value=-0.00021067 -3.69295e-05 -0.00136696 -0.0230731 0.00106427 -0.0220873 0.0233812 -0.000746231 -0.00231264 -0.00805908 -0.00358286 -0.0277647 0.030647 -0.00112912 -0.0139138 0.00532939 -0.0165315 0.00560716 0.0171152 -0.00433719 0.00801871 0.0680841 0.0620729 0.0358794 -0.00482777 -0.00661651 0.0117422 -0.0196773 0.0723408 0.0546679
internal_weight=919.257 915.765 746.668 20.7586 11.2865 7.72669 3.44714 725.91 623.095 249.553 203.359 46.1938 4.54363 190.348 65.6851 3.93857 63.9386 124.662 57.7878 66.8746 48.063 5.38307 9.72482 7.19157 5.12088 65.8639 27.3791 38.4849 2.31271 10.024
internal_count=17185 17121 16119 323 144 120 68 15796 15045 7125 4933 2192 141 4415 1611 122 1583 2804 1068 1736 888 91 180 149 121 1705 688 1017 55 193
is_linear=0
shrinkage=0.05


Tree=83
num_leaves=31
num_cat=0
split_feature=13 3 8 9 19 3 14 5 19 8 9 1 0 26 14 21 13 5 4 18 6 21 19 7 22 25 29 10 29 16
split_gain=2.89397 9.05455 6.21981 9.57374 3.98473 3.75045 4.02854 4.00341 4.35853 4.13437 6.91995 3.55409 3.39265 4.47478 4.26296 3.5272 7.75663 7.56983 9.5965 6.20109 5.56082 4.97473 6.6578 4.10373 3.85634 4.52174 3.81169 6.31177 3.67408 5.57494
threshold=-2.6234278100907491 -0.43475899147205654 586162.16000003449 1.1497943156635404 -5.833333333333333 1.9623271984688326 33704605.330834456 -918.38950000004832 0.46931869116986691 2213879.6800000477 1.863561845988978 -0.81519967492709455 1.4916734417220974 -0.00023251999999999998 1957315.7617791325 -0.23706907965650598 -1.2454196877230477 321.82349999994045 1.4111395875498507 -0.16598114363997288 1.6433448894030651 -0.401061605209796 -1.0000000180025095e-35 -1.7709271602728422 -1510.4999999999998 -1.0000000180025095e-35 4235420.0350000011 41.764630981966427 2239602.9700000002 -1.4334640494934971
decision_type=2 2 2 2 2 2 2 2 2 2 2 2 2 2 2 2 2 2 2 2 2 2 2 2 2 2 2 2 2 2
left_child=1 -1 -3 -4 -2 12 7 -7 9 -9 -11 -12 15 -14 -15 16 17 19 -19 23 24 22 -22 -6 25 -18 28 -28 -17 -30
right_child=4 2 3 -5 5 6 -8 8 -10 10 11 -13 13 14 -16 26 20 18 -20 -21 21 -23 -24 -25 -26 -27 27 -29 29 -31
leaf_value=-0.053505386418598845 0.048530776542925105 -0.035774587411986948 0.20444267610002048 0.019237893921636343 0.095960856982660381 0.067093119646219335 0.074328756150478001 -0.046538307620567189 0.072694322224555991 0.11001447643954808 0.0570395777076564 -0.039260824859788067 0.12963469094501642 0.091092835796880822 -0.017160842166205361 0.00087128462677012663 0.11058052555790431 0.21766123721622785 0.015777714060705269 -0.050340158610000962 0.084508603987696967 0.078820340213644008 -0.054704322922324335 -0.0098915502430894711 -0.051367456213746512 -0.034204161138798601 -0.035538723022950587 0.029911995629795525 0.093620678243884994 0.012789569454525682
leaf_weight=9.1069666240364295 4.2366749420762053 2.5180300818756214 0.93454927764833007 2.7541622621938586 1.8203521193936469 1.1826336029917062 1.1163149718195189 15.443000189028686 1.0461202254518855 1.1755557553842653 1.1694634864106772 5.3012493327260017 1.1089058741927145 1.32480505760759 2.9004774633795023 787.92539805173874 0.83283039927482638 1.0050741890445354 1.4207073384895919 3.5017673401162011 1.1664721518754957 1.8957652105018485 3.2565044388175011 1.8422792917117474 16.894968685694042 1.5298485653474951 15.839909015223386 4.7996542602777472 2.3857365502044585 20.14899674244225
leaf_count=173 38 75 18 64 18 13 19 495 9 29 20 159 6 23 50 14318 6 18 29 86 5 38 141 58 513 54 288 63 34 325
internal_value=-0.000211567 -0.0217653 0.024806 0.0661602 0.000154251 -7.39755e-05 -0.0186281 -0.0227267 -0.0271279 -0.0316506 -0.00158215 -0.0218563 0.000488742 0.040242 0.0167813 0.000243955 -0.0152664 0.0230821 0.0994241 -0.00276645 -0.0296456 0.0110555 -0.0179897 0.0427178 -0.0430003 0.0168316 0.000900248 -0.0203184 0.00144061 0.0213471
internal_weight=917.585 15.3137 6.20674 3.68871 902.271 898.035 26.4343 25.318 24.1354 23.0893 7.64627 6.47071 871.6 5.33419 4.22528 866.266 35.1666 9.59018 2.42578 7.1644 25.5764 6.31874 4.42298 3.66263 19.2576 2.36268 831.1 20.6396 810.46 22.5347
internal_count=17185 330 157 82 16855 16817 744 725 712 703 208 179 16073 79 73 15994 966 209 47 162 757 184 146 76 573 60 15028 351 14677 359
is_linear=0
shrinkage=0.05


Tree=84
num_leaves=31
num_cat=0
split_feature=19 15 23 26 5 22 6 2 21 15 13 8 9 4 27 29 21 9 13 15 6 4 8 8 12 18 16 6 13 26
split_gain=2.82154 2.79478 4.14137 7.24538 5.97406 4.67713 4.87022 6.43235 7.68666 8.35211 6.37009 10.56 7.83861 5.73151 5.72015 5.77787 5.22728 9.06553 5.07684 6.15079 4.28953 4.16829 4.14856 4.10382 4.02126 4.06811 3.98192 5.67385 4.02845 3.68428
threshold=1.4399577167019018 1.0954451150103328 1497.5000000000002 -3.8150000000000024e-06 101.24750000005589 809.50000000000011 -0.1963448191653068 -0.63533742735133092 3.572404318831889 3.6147844564602587 1.1471439768638156 1984752.8250000598 3.5042481605744791 -1.5515008151600818 0.0018026394005840054 -36092.994999999988 3.3686531679346454 14.110760743222142 -0.42447796556931744 1.4595715550944879 2.1855798291939985 -0.16710108434147183 1697381.1050000447 6407339.8300000457 1.0000000180025095e-35 -1.1421407939019665 2.1157522369201303 0.40800969031788364 2.3345573908202089 -0.00019799999999999999
decision_type=2 2 2 2 2 2 2 2 2 2 2 2 2 2 2 2 2 2 2 2 2 2 2 2 2 2 2 2 2 2
left_child=1 24 5 -4 -5 6 7 16 9 14 12 -12 13 -8 15 -9 -3 -18 20 21 -15 -20 -17 -14 25 26 28 -28 -1 -27
right_child=-2 2 3 4 -6 -7 10 8 -10 -11 11 -13 23 18 -16 22 17 -19 19 -21 -22 -23 -24 -25 -26 29 27 -29 -30 -31
leaf_value=-0.028704201766794654 -0.041898057266531168 0.051991613029628514 0.048807998001130171 0.020978858578496698 -0.045649183919132093 -0.031866299602468943 -0.052458782593742495 0.07439393409570276 -0.051816990933930301 -0.039436305951432271 -0.02431165334605058 0.058797344137321732 -0.067298056963387184 0.055886277634142716 -0.016574812802151961 0.050189374576104541 0.052496402973791378 -0.034231940660265713 0.062221797291977271 -0.05598523290242037 -0.0052294283469351555 -0.015693998841311795 -0.0082534436993361264 -0.019829072440163228 -0.026204951906370563 0.008068377042173884 -0.016993002048503087 0.10778310273567643 0.05171168034569365 -0.0016188971032767671
leaf_weight=27.69530849438161 4.0403832318261257 15.380980685353281 14.042847480624916 10.203858844935892 5.0191712491214266 9.3915551938116533 4.1072332933545104 6.7635777145624205 5.8472949564456931 6.6655050329864016 6.7908644787967196 8.7430620528757554 7.78385095112026 7.9161339327692986 6.6576085947453967 5.3355974555015564 5.8759009689092618 6.1843149438500404 3.0020151138305655 4.7580499947071075 4.5049575120210648 4.0085394009947821 7.0469896383583546 10.969882056117056 15.903301149606703 118.22083141840994 2.4378946721553798 1.4547309502959249 1.6501712379977096 578.11198718287051
leaf_count=699 88 79 78 56 39 56 22 32 34 50 45 46 42 50 43 30 30 29 18 32 27 32 43 63 366 2185 49 26 23 12773
internal_value=-0.000207027 -2.24211e-05 0.00582402 0.0229054 -0.000989012 0.00219454 0.00468697 0.0141891 0.000955116 0.0104587 -0.0052969 0.0224651 -0.0144626 0.00215164 0.0233473 0.0372293 0.0326678 0.00802329 0.0114241 -0.0121085 0.0337205 0.0176706 0.0169293 -0.0395314 -0.00133213 -0.000789949 -0.0178792 0.0296376 -0.0241822 2.57728e-05
internal_weight=916.514 912.474 167 29.2659 15.223 137.734 128.342 65.7578 38.3166 32.4693 62.5846 15.5339 47.0507 28.2969 25.8038 19.1462 27.4412 12.0602 24.1897 11.7686 12.4211 7.01055 12.3826 18.7537 745.474 729.571 33.2381 3.89263 29.3455 696.333
internal_count=17185 17097 976 173 95 803 747 370 232 198 377 91 286 181 148 105 138 59 159 82 77 50 73 105 16121 15755 797 75 722 14958
is_linear=0
shrinkage=0.05


Tree=85
num_leaves=31
num_cat=0
split_feature=23 7 8 30 18 22 3 23 5 0 29 23 15 5 27 22 7 13 4 26 1 9 18 2 16 7 4 13 25 7
split_gain=2.78106 5.26619 4.18545 3.55037 3.34412 3.09396 5.40236 6.27314 4.85432 5.07623 4.95717 4.63897 4.81734 5.59839 4.61824 4.53701 6.16396 4.22351 4.01559 4.1251 5.36903 5.78709 5.35325 5.10323 5.04005 4.46643 4.29561 3.96281 4.03906 3.95548
threshold=4102.0000000000009 -0.48227364858650784 315297.99500004487 -1.3281252592693347 -0.24191637815667308 -324.49999999999994 -2.8231554602813174 485.50000000000006 -1366.0845000001134 -1.4630372122982174 -4555735.7499999991 167.50000000000003 0.44354576994526101 1420.7980000001846 -0.028670570567674854 -306.49999999999994 1.5182857953533186 0.20825674438675593 -2.2415766149606067 0.00038150000000000006 -0.35317028725053412 2.0973833708530827 -0.58086694374045422 1.7304167977719771 0.34945770754371808 -0.46661961445342198 2.6230881086243532 -2.3410284750691659 -1.0417638052195339 -0.2481110960765027
decision_type=2 2 2 2 2 2 2 2 2 2 2 2 2 2 2 2 2 2 2 2 2 2 2 2 2 2 2 2 2 2
left_child=5 2 -2 4 -3 11 7 17 9 -8 -10 27 13 -13 -11 16 -12 -7 -17 26 24 23 -23 25 -21 -22 -20 -1 -29 -30
right_child=1 3 -4 -5 -6 6 8 -9 10 14 15 12 -14 -15 -16 18 -18 -19 19 20 21 22 -24 -25 -26 -27 -28 28 29 -31
leaf_value=-0.03908995887974373 0.067920512671547875 0.076658000087081526 -0.013433407380250824 -0.055944513440240977 -0.039209668638145831 0.048363273299223047 0.099442422982475076 -0.066828303071329628 -0.024248913362630013 0.089314951232240036 0.01548760471285153 -0.046012830774096562 0.0077426704646458427 0.075000391206188732 0.009557161598100437 -0.022798083554238339 0.11867058211076537 -0.052381910539527822 0.0025700820197636369 0.07321676417145348 0.053804267408926243 0.049470115598286617 -0.04922995959267433 0.10201703082040559 -0.0035427188060543294 -0.020690072824733039 -0.035559917395049503 0.073634969546402293 0.0056624339919478942 -0.006771457787736879
leaf_weight=7.03727819956839 2.4053382817655828 1.1045614629983904 4.6130098914727569 8.6925211455672944 1.4275450985878713 2.8361574206501228 2.1451122052967575 5.9861993957310915 17.397323542274535 2.0366303920745876 5.9593582805246106 16.528153141029186 8.0300589716061932 1.0143923088908184 16.67631097137928 15.466885139234362 1.9116852302104232 1.642958262003958 490.80907173361629 7.2244774531573075 3.6408530557528156 1.7734571769833563 6.0961205698549739 1.9867467461153854 3.0376932565122843 4.4978720163926482 7.4992386763915411 1.796866513788699 109.74326936528087 153.32708153966814
leaf_count=185 37 16 81 205 31 37 23 101 278 14 101 446 64 13 198 295 18 28 9292 69 43 21 82 24 47 67 176 12 2194 2987
internal_value=-0.000198674 -0.0195251 0.0144483 -0.0407674 0.0113344 0.000194777 0.00226586 -0.0333428 0.00289946 0.026589 0.00202846 -0.00397295 -0.0243328 -0.0390153 0.0182376 0.0028598 0.0405482 0.0114095 0.00231252 0.00305009 0.0216344 0.00517562 -0.0269873 0.0301728 0.0504953 0.0126349 0.00199625 -0.00205811 -0.0010742 -0.0015845
internal_weight=914.344 18.243 7.01835 11.2246 2.53211 896.101 598.624 10.4653 588.159 20.8581 567.301 297.477 25.5726 17.5425 18.7129 549.903 7.87104 4.47912 542.032 526.566 28.2572 17.995 7.86958 10.1255 10.2622 8.13873 498.308 271.904 264.867 263.07
internal_count=17185 370 118 252 47 16815 10914 166 10748 235 10513 5901 523 459 212 10235 119 65 10116 9821 353 237 103 134 116 110 9468 5378 5193 5181
is_linear=0
shrinkage=0.05


Tree=86
num_leaves=31
num_cat=0
split_feature=19 19 23 3 29 10 23 7 18 22 3 21 6 14 7 3 10 6 10 1 24 21 7 13 15 7 16 4 13 5
split_gain=2.72209 3.72483 3.59453 4.22914 3.09183 3.62652 4.16187 4.2687 3.37739 5.95305 3.10331 5.09023 6.17321 5.78284 5.66242 5.20265 4.89209 8.47014 5.31952 8.09066 5.00808 4.56882 4.41484 8.69371 6.56331 4.33075 3.44119 3.34659 7.94074 5.70306
threshold=-2.566666666666666 -1.0536899648574978 295.50000000000006 -0.32831746999794659 4235420.0350000011 34.919651438167186 -901.49999999999989 -1.3685836193910852 -0.5974819733833282 -3.4999999999999996 1.4435733441217693 -0.79956652090507652 0.50144927286759 33704605.330834456 -3.6372167262361468 1.7240765816940928 4.2648575233253139 2.0694114812122537 5.391663531958331 0.91267938732131149 0.39884031134398046 -0.23706907965650598 1.0000000180025095e-35 -1.5670953223267896 0.41003223296943037 -0.67987060040418112 0.32668924860855225 2.0717055773341495 0.83922037178059705 777.61099999980081
decision_type=2 2 2 2 2 2 2 2 2 2 2 2 2 2 2 2 2 2 2 2 2 2 2 2 2 2 2 2 2 2
left_child=2 -2 -1 -4 10 8 -7 -8 9 -6 21 12 15 -14 -13 -12 20 18 19 -18 -16 22 -3 -24 -25 26 -17 29 -29 -23
right_child=1 4 3 -5 5 6 7 -9 -10 -11 11 14 13 -15 16 25 17 -19 -20 -21 -22 27 23 24 -26 -27 -28 28 -30 -31
leaf_value=0.060996653375664046 -0.056480023110636594 -0.037284179169388726 -0.033661235672284566 0.058090580571875917 -0.053294426927300312 0.077761008636818868 0.050174773894549045 -0.047530617655234857 -0.040203243148723318 0.08306234558904696 0.11265470589214209 0.11577119322621443 -0.052638037048873515 0.11543802632665534 -0.038200374938482051 0.0015188486855114097 -0.051367708506080127 0.1477000673663354 -0.01727313219157724 0.15730736281280716 0.016824142937666726 0.0013280508021771445 0.21722460564990387 -0.050984592836119051 0.059546708332202408 -0.027737197147921794 0.090129440104276828 -0.033149629876814489 0.023285769854949383 0.022144373544869356
leaf_weight=4.1981209553778154 2.9592400938272467 14.435131277889015 3.4822672381997108 1.9644105732440946 1.5619897851720455 1.8295585345476864 1.7872804719954727 2.9847716661170116 14.337123150937257 1.6417331583797992 1.951127752661703 0.78364814445376296 3.9701401097699991 0.58749291487038124 29.283774947281927 1.94554634578526 0.7874208493158229 0.95098916720599014 13.36405438929796 1.1326328068971632 4.8151842020452014 728.12739156885073 0.48283820878714312 3.1635981090366831 2.3338426798582077 2.8231031531468034 2.5081918463110924 19.520959700457755 9.156737130135296 34.460605251602829
leaf_count=37 60 443 23 20 30 19 21 58 286 16 25 5 165 9 997 33 37 18 349 19 36 13199 9 191 11 66 21 394 160 428
internal_value=-0.000193818 -0.000475815 0.0262284 -0.000569828 -0.000291819 -0.0179435 0.0136447 -0.0109369 -0.029832 0.016581 0.000194336 -0.0103264 0.0166372 -0.0309725 -0.017598 0.0401514 -0.0196744 0.00291625 -0.00609232 0.071729 -0.0304302 0.00103559 -0.0223184 0.0138057 -0.00406046 0.0207112 0.0514213 0.00163814 -0.0151299 0.00226872
internal_weight=913.331 903.686 9.6448 5.44668 900.727 24.1425 6.60161 4.77205 17.5408 3.20372 876.584 64.9033 13.7856 4.55763 51.1177 9.22797 50.3341 16.2351 15.2841 1.92005 34.099 811.681 20.4154 5.98028 5.49744 7.27684 4.45374 791.266 28.6777 762.588
internal_count=17185 17105 80 43 17045 430 98 79 332 46 16615 1780 319 174 1461 145 1456 423 405 56 1033 14835 654 211 202 120 54 14181 554 13627
is_linear=0
shrinkage=0.05


Tree=87
num_leaves=31
num_cat=0
split_feature=19 23 7 4 9 30 9 22 23 13 4 23 22 5 22 8 26 22 1 3 1 30 14 24 4 16 19 23 30 13
split_gain=2.7127 2.58993 4.91076 3.80089 4.80104 3.44229 2.99748 2.93303 5.43759 4.04725 3.99429 10.5623 9.377 7.00464 6.79971 6.37725 7.0446 6.06839 9.49081 8.35824 11.5001 5.86231 6.81438 5.21998 4.99997 4.38057 4.21372 4.14077 6.97741 6.10836
threshold=4.0833333333333348 4102.0000000000009 -0.48227364858650784 0.66222107928925833 0.36618968905657967 -1.3281252592693347 3.119743938508353 -243.49999999999997 167.50000000000003 -2.3410284750691659 1.1758363822417737 2452.5000000000005 271.50000000000006 679.99649999989208 -215.49999999999997 5587579.485000045 -4.9999999999999987e-06 1105.5000000000002 0.8620536871178045 -0.44868273886124332 1.2670977392107192 1.0085125952022655 5624323.1936450209 0.28546329895561245 1.6728000792232975 -0.52910454835962695 0.56012378426171239 1034.5000000000002 -1.8574182142422897 0.23038615547960667
decision_type=2 2 2 2 2 2 2 2 2 2 2 2 2 2 2 2 2 2 2 2 2 2 2 2 2 2 2 2 2 2
left_child=1 7 3 -3 -5 6 -4 8 9 -1 13 14 -13 27 25 16 -15 26 -19 -20 24 22 -18 -14 -21 -12 -16 28 -9 -30
right_child=-2 2 5 4 -6 -7 -8 10 -10 -11 11 12 23 15 17 -17 21 18 19 20 -22 -23 -24 -25 -26 -27 -28 -29 29 -31
leaf_value=-0.037252820905143154 -0.054399627020931457 -0.013257798747246242 -0.0523589315373039 0.15099543025714188 0.0077139099738083861 -0.055664578949701282 0.057857653119921262 -0.016870790309296363 -0.023202601474198427 -0.00038311012065969717 0.12802904833239784 0.12034735965076021 0.0036177341147686174 0.0093571207768847701 -0.023233397776606525 -0.0066245327510741792 0.16461653411256286 -0.032094862564306145 -0.021024264497011502 0.24686197281464961 0.011755863114135038 0.0098851741264547599 0.058622045331474332 0.12118786960298158 0.1066255681935122 0.0006310652246718434 0.078111215365236172 -0.0028846401940891427 0.016606259934145131 0.0006104119587837148
leaf_weight=7.6419519837945691 2.3018801826983681 4.6025210618972805 1.0726348850876104 0.96056655514985356 1.4939242387190459 8.28290133271366 1.4518647007644174 27.508205548860133 31.494773299433291 286.20862110517919 1.3661865554749968 2.5619554212316862 10.278920778073369 5.6457426948472866 68.302453509531915 6.8425244074314824 2.7724083056673408 6.4283679304644457 2.8365986160933963 0.98261819779872839 2.73369833920151 2.1035425262525678 3.3469336424022913 1.0395753979682911 1.7997870836406944 1.3332349462434638 1.0412980383262027 174.21343298722059 138.16937103681266 105.06729955133051
leaf_count=196 42 76 33 17 25 205 14 469 669 5570 20 35 219 73 1570 74 24 143 51 19 56 27 31 6 31 26 14 3357 2346 1747
internal_value=-0.000189483 -5.22941e-05 -0.0189023 0.0135391 0.0637872 -0.0400859 0.0110277 0.000325341 -0.00345815 -0.00134195 0.00249871 -0.00653055 0.0339683 0.00445136 -0.013005 0.0328751 0.0523635 -0.0155115 0.0135752 0.0487236 0.0845908 0.0818912 0.106644 0.0144163 0.156151 0.0651076 -0.0217116 0.00312834 0.00699746 0.00969677
internal_weight=911.886 909.584 17.8644 7.05701 2.45449 10.8074 2.5245 891.72 325.345 293.851 566.374 100.705 13.8805 465.669 86.8242 20.7112 13.8686 84.1248 14.7811 8.3527 5.5161 8.22288 6.11934 11.3185 2.78241 2.69942 69.3438 444.958 270.745 243.237
internal_count=17185 17143 370 118 42 252 47 16773 6435 5766 10338 2190 260 8148 1930 229 155 1884 300 157 106 82 55 225 50 46 1584 7919 4562 4093
is_linear=0
shrinkage=0.05


Tree=88
num_leaves=31
num_cat=0
split_feature=19 19 2 30 0 21 22 7 1 18 5 6 22 30 22 7 22 18 26 2 4 16 16 15 28 29 26 6 3 29
split_gain=2.57881 2.55186 2.53531 4.13236 3.75177 4.05713 6.9952 6.39344 8.98434 5.03457 2.80842 6.03182 8.12584 7.48131 5.44145 5.10726 5.62412 6.47821 9.83241 6.306 5.77715 5.54795 5.44053 4.17915 4.50259 4.4967 5.08977 5.05857 5.30668 4.10768
threshold=-5.833333333333333 4.0833333333333348 2.1239365985271887 -2.6787474938713793 1.4916734417220974 1.5970715883661553 34.500000000000007 0.48446932403746906 1.4438502521102048 -0.28610588336982007 777.61099999980081 1.1672260424755618 -2390.4999999999995 2.9867014261129907 1241.5000000000002 -2.7046098133101002 -885.49999999999989 0.33635548739606547 9.5000000000000005e-05 1.7521914771200877 1.2914746902921734 -0.89256995883513335 -0.80019579705543298 1.4241858663474487 64771.060000000005 -1839346.6999999997 -0.00022199999999999998 -0.7956190427111961 -0.70013414898325921 -1037670.2149999999
decision_type=2 2 2 2 2 2 2 2 2 2 2 2 2 2 2 2 2 2 2 2 2 2 2 2 2 2 2 2 2 2
left_child=-1 2 10 -4 5 6 -5 9 -9 -8 23 12 -12 14 15 -14 -17 20 19 -19 21 -18 -20 25 -25 26 27 28 -2 -27
right_child=1 -3 3 4 -6 -7 7 8 -10 -11 11 -13 13 -15 -16 16 17 18 22 -21 -22 -23 -24 24 -26 29 -28 -29 -30 -31
leaf_value=0.038488929047147367 -0.017423753989724705 -0.054173095283669259 0.089768188171069685 -0.043919810866885824 0.054926556084292359 -0.0445287963065083 0.1096550864626213 0.017195885287468089 0.28094327443512951 -0.033822890983545816 0.14324132450590341 -0.022800682970463657 -0.058407933068564705 0.12121905175582451 -0.048696988543067365 -0.027036838775690311 -0.046062057301763201 -0.021697846083676947 0.20506081414959842 0.09633769760917088 -0.021023908606268907 0.050723157035536204 0.078582584420414256 0.001574578201206712 0.021607174599072802 0.01956574255581664 -0.028777812345770749 -0.021176896571602006 0.097000222507537023 -0.0018357709893604896
leaf_weight=4.2896087840199462 1.6364711783826349 2.1985408002510658 0.88234514463693159 4.508097457699483 1.5366962486878026 12.337799059227107 0.84224219806492362 0.70651612430810906 0.59464831184595823 2.2308518029749393 1.301233235746621 10.148963628336785 2.0704624820500568 1.6259063081815828 3.3952280646190038 4.8356549590826026 1.7361039808019985 3.0452315527945739 1.4786099269986155 1.8005919847637413 6.9340201281011096 10.063006590120507 2.0007767137140036 93.045970158651471 40.154734957963228 23.240326035767794 29.402617503888905 4.8219199320301396 2.6608219407498837 635.67058978555724
leaf_count=39 20 42 13 127 22 254 12 26 15 59 12 197 21 18 61 82 25 42 15 26 146 98 30 496 203 489 694 96 29 13776
internal_value=-0.000187501 -0.000370437 -0.000239691 -0.0163989 -0.0205153 -0.0259785 -0.000211756 0.0448336 0.137732 0.00550009 0.000193862 0.0116498 0.0203285 0.016226 0.0116567 0.0176899 0.0226299 0.031506 0.068205 0.0221613 0.0151965 0.0364823 0.132331 -0.00050174 0.00761361 -0.00205167 -0.0186562 0.0139786 0.0534259 -0.00108092
internal_weight=911.197 906.907 904.708 23.6392 22.7569 21.2202 8.88236 4.37426 1.30116 3.07309 881.069 50.4358 40.2868 38.9856 37.3597 33.9645 31.894 27.0583 8.32521 4.84582 18.7331 11.7991 3.47939 830.633 133.201 697.433 38.5218 9.11921 4.29729 658.911
internal_count=17185 17146 17104 528 515 493 239 112 41 71 16576 773 576 564 546 485 464 382 113 68 269 123 45 15803 699 15104 839 145 49 14265
is_linear=0
shrinkage=0.05


Tree=89
num_leaves=31
num_cat=0
split_feature=7 7 5 19 22 0 2 30 22 16 28 18 1 7 14 22 14 1 18 26 26 4 14 3 3 5 3 30 24 13
split_gain=2.50346 2.75416 4.1844 3.2422 3.43767 2.74615 2.67851 3.73686 3.776 6.02955 6.22636 3.3379 2.93245 6.24547 7.80938 6.50607 6.9578 5.05506 6.81332 6.67277 10.1495 5.6281 4.61898 4.49852 3.72133 3.24928 3.64219 2.93754 8.20714 7.21265
threshold=3.3294235174676419 2.9772361569264887 285.17699999990879 0.6506631299734581 -1360.4999999999998 -0.53236809733926549 2.1239365985271887 -2.6787474938713793 146.50000000000003 -0.76440177850281954 426052.68000000011 1.4734645107377708 1.3987280280562648 1.1697449875185801 6574363.6566068167 -285.49999999999994 1921073.1911166736 1.4296772195025014 -0.54396041590283162 -8.9999999999999965e-05 -1.0000000000000011e-05 -0.68233890014820175 4516209.0133690936 -1.3230212662524632 -1.1568770163772222 208.73799999989572 -0.42152096382272763 1.3666404293814505 -0.54323903443389332 -0.043516859438263097
decision_type=2 2 2 2 2 2 2 2 2 2 2 2 2 2 2 2 2 2 2 2 2 2 2 2 2 2 2 2 2 2
left_child=1 3 5 6 -5 -3 12 -8 -9 -10 11 -11 27 17 15 -15 -17 18 -14 -20 -21 23 -22 -19 -18 26 -23 -1 -29 -30
right_child=-2 2 -4 4 -6 -7 7 8 9 10 -12 -13 13 14 -16 16 24 21 19 20 22 25 -24 -25 -26 -27 -28 28 29 -31
leaf_value=0.0012015369849482816 -0.043936484566946307 0.049373434231226171 0.086002555207838616 0.059928978725579965 -0.046833884787002997 -0.054443937598194408 0.081993167991222971 -0.037682412199977706 0.13269841660670864 -0.038642881225099159 0.11780102777636473 0.063983070344765983 -0.0617426916630478 0.16476408323484304 -0.049573974487849774 -0.052909768589365948 0.13364052069936053 -0.022567422079824158 -0.0022552895398119895 0.21167646776663124 -0.0054022703345159521 0.041099271871030983 0.11311001305565967 0.080640875465815859 0.035272833900751761 -0.03095342524096838 -0.05560921567304955 0.11857522230769751 0.0041827252927468857 -0.018183349329947543
leaf_weight=683.24095610622317 3.2578449472784987 1.1806546840816738 2.3235916681587696 0.85779682360589493 6.2302649165503672 1.383271244354545 0.91677411645651119 13.316077274736019 0.83323385193943966 5.9111544881015998 0.86096653621643771 0.91495543066412199 1.5116361435502765 1.5697755729779599 1.527933597564697 1.2732116235420088 1.8277645967900746 1.6779284346848724 3.1161838611587882 1.2872477378696201 1.8798179989680632 3.6837963853031397 1.4612764986231921 2.8475565453991285 2.0285490322858104 15.061233556829391 1.3233205880969823 1.2976380735635746 67.667558641172945 77.134946368634701
leaf_count=12852 64 17 20 14 118 27 13 314 20 144 18 16 28 31 29 38 9 17 53 17 47 58 19 35 40 318 39 7 1382 1381
internal_value=-0.000184692 -2.7392e-05 0.0374049 -0.000230387 -0.0339134 -0.00663738 3.66175e-05 -0.0168989 -0.0210508 0.00494221 -0.00890581 -0.0248871 0.000478812 0.0133558 0.0524292 0.0756935 0.0484354 0.00385903 0.0353548 0.054307 0.0923894 -0.00799474 0.0464308 0.042374 0.0818959 -0.0193531 0.0155404 -0.000174512 -0.00660964 -0.00773147
internal_weight=909.405 906.147 4.88752 901.26 7.08806 2.56393 894.171 22.7532 21.8364 8.52031 7.68708 6.82611 871.418 42.0772 8.22723 6.6993 5.12953 33.85 9.25616 7.74453 4.62834 24.5938 3.34109 4.52548 3.85631 20.0684 5.00712 829.341 146.1 144.803
internal_count=17185 17121 64 17057 132 44 16925 525 512 198 178 160 16400 778 147 118 87 631 164 136 83 467 66 52 49 415 97 15622 2770 2763
is_linear=0
shrinkage=0.05


Tree=90
num_leaves=31
num_cat=0
split_feature=5 6 21 22 4 20 13 10 6 0 15 7 2 28 14 7 21 3 7 15 15 4 4 26 30 26 0 2 7 8
split_gain=2.47636 4.97661 5.06557 4.87878 4.78644 5.09109 5.34198 4.41262 7.90914 4.6745 4.92992 4.51836 4.09085 3.97156 3.96355 3.9497 3.79865 5.29922 6.75903 5.89088 8.03457 5.81956 7.49725 8.446 8.76503 6.5793 7.64735 6.48329 7.35604 11.2792
threshold=-780.94799999985833 -0.13098872357381194 3.9869005111802926 -1946.4999999999998 -2.2415766149606067 -2.5000000000003468 2.3345573908202089 11.874365743322349 -0.2857264512847677 -1.4630372122982174 1.2049281521534196 -0.42683325172501446 -1.283134712960065 5988346.1000000006 5089547.787370286 3.3294235174676419 4.1485564392374803 -1.5157298856534143 -1.2536472159998555 3.834057902536165 2.8577380332470361 -1.5949570141204916 -0.93839354736829905 0.00020600000000000002 0.41134430395460586 0.00028150000000000012 1.0141613479935654 -0.43734981925718747 0.1164561248033512 7274817.3400000399
decision_type=2 2 2 2 2 2 2 2 2 2 2 2 2 2 2 2 2 2 2 2 2 2 2 2 2 2 2 2 2 2
left_child=1 2 7 -3 5 -2 -7 8 9 -1 11 12 -11 -5 -9 16 17 18 -6 20 21 -19 23 24 -23 26 -25 -24 29 -29
right_child=4 3 -4 13 15 6 -8 14 -10 10 -12 -13 -14 -15 -16 -17 -18 19 -20 -21 -22 22 27 25 -26 -27 -28 28 -30 -31
leaf_value=0.070634963714049467 0.073811550181883276 0.087285572283173227 -0.0097286311398754322 -0.0039786948475137975 -0.033944581068938169 -0.049136006548508609 0.075659738599827012 0.001723041835351569 0.11066218722923751 -0.019377420681208624 0.059318289931523743 -0.047567412974604359 0.05148753157451548 -0.061802242762337693 0.076588110575209048 -0.059631964334573344 0.011449285427773397 -0.022949009302848447 -0.0048697090093024718 -0.032646901129469635 0.029583690671283486 0.019994554417183216 -0.01452066221220219 0.052271496930574882 -0.015573849952598496 0.017825317740636084 0.16985443015161988 0.010523617143133563 -0.0073354322270789045 -0.023277863485505101
leaf_weight=2.5683574080467286 1.0733366385102261 1.3399561960250128 10.709064397960899 27.811381266452376 24.93142142239958 11.380194249562916 0.9273972241207965 2.3374847471714002 2.0649097003042725 4.9479038352146745 2.7670125216245642 5.8029270460829094 3.4611014500260406 3.3245346299372605 7.255764938890934 2.8121674796566358 63.714345966465771 26.043962293304503 100.82927554380149 13.039399763569234 24.148469690233469 49.365819022059441 77.591264296788722 5.2003341577947131 26.682635058183223 8.2395999236032349 1.8837010664865372 216.21143923001364 152.39752722904086 27.860266145318747
leaf_count=31 8 21 112 435 470 285 15 31 18 81 14 130 37 53 57 55 679 566 1805 112 142 915 1768 76 551 120 23 4168 3840 567
internal_value=-0.000181742 0.00855949 0.019943 -0.00613249 -0.000961124 -0.0306246 -0.0397324 0.0301257 0.017599 0.00776813 -0.00174156 -0.0136297 0.00979021 -0.0101528 0.0583465 -0.00047763 -0.0002743 -0.00126441 -0.0106337 0.000609858 0.00131426 0.000160093 0.0012245 0.0143387 0.0075149 0.0482038 0.0835377 -0.00130317 0.00128357 0.00666525
internal_weight=908.723 74.3904 41.9145 32.4759 834.333 13.3809 12.3076 31.2055 21.6122 19.5473 16.9789 14.2119 8.40901 31.1359 9.59325 820.952 818.139 754.425 125.761 628.664 615.625 591.477 565.433 91.3721 76.0485 15.3236 7.08404 474.06 396.469 244.072
internal_count=17185 1020 511 509 16165 308 300 399 311 293 262 248 118 488 88 15857 15802 15123 2275 12848 12736 12594 12028 1685 1466 219 99 10343 8575 4735
is_linear=0
shrinkage=0.05


Tree=91
num_leaves=31
num_cat=0
split_feature=16 24 25 23 22 7 13 13 6 27 9 7 23 13 13 22 10 13 23 1 29 28 16 10 3 14 9 22 27 13
split_gain=2.45857 11.2685 6.21712 4.87388 5.89984 6.57322 7.69531 8.93012 8.37027 10.508 9.2261 5.69368 9.4136 17.8304 23.4597 9.14371 7.70379 8.41203 7.40914 6.34276 5.66731 5.35719 6.517 8.14917 8.64483 6.55155 7.20784 11.3931 7.56958 5.29786
threshold=0.14845156369077175 0.2318168273733783 0.72949716722630897 167.50000000000003 -88.499999999999986 1.923856291881993 1.2959641744380241 -1.5313950810931796 1.1834576495388391 0.0036671748811117903 12.665168731255802 -1.0000000180025095e-35 -116.49999999999999 -0.48388026374964865 0.44503192828038812 155.50000000000003 0.15076647241993629 -0.77951034201452474 -617.49999999999989 0.80939879371473145 -3748462.4349999996 3022.4300000000007 0.33877305812517083 0.82595892462315634 -0.80466710924056473 2192538.1062305202 0.78814021851777794 533.50000000000011 -0.0017822331762446517 1.9765936010095306
decision_type=2 2 2 2 2 2 2 2 2 2 2 2 2 2 2 2 2 2 2 2 2 2 2 2 2 2 2 2 2 2
left_child=-1 2 3 4 5 20 7 -7 9 10 -9 18 16 -14 15 -15 17 -13 -6 -16 -2 -5 23 24 -23 -24 27 28 -27 -20
right_child=1 -3 -4 21 11 6 -8 8 -10 -11 -12 12 13 14 19 -17 -18 -19 29 -21 -22 22 25 -25 -26 26 -28 -29 -30 -31
leaf_value=-0.0025299503140474005 -0.065626529249273036 0.081763744130397636 0.12327445161413345 -0.0084039094723752008 0.059627751289693588 -0.032151412245015089 -0.036245640737351655 0.02880286465591439 -0.011888643555027495 0.21283221686080595 0.18199571905971079 0.14899629459554414 -0.0089642244130394462 0.31212894789713863 -0.031510720708689002 0.14295179044556847 -0.016485585797211981 0.021613403691968906 -0.020411841989767577 0.10260314911729469 2.3452876776984544e-05 0.0064774560685318802 -0.033916555577843788 0.012654493159117012 0.15744730596866452 0.20386311511458566 0.00030560683107133153 -0.011332794520553122 0.05691472776455913 0.055877896457147747
leaf_weight=499.62624388560653 3.3820674885064355 4.45760703831911 1.0510646924376477 157.42475369106978 4.8115424001589444 2.4203297160565844 3.0713233072310677 3.85401653498411 2.0700506176799536 1.6484517678618429 1.3192723970860241 1.7261133557185528 4.0542093478143215 1.4912322266027316 1.7851926507428291 1.7198025360703466 9.1832916066050512 5.2017121715471211 16.389857134781781 1.741737072356045 117.3985439222306 1.5274942535907028 10.484001236036418 7.8185926685109735 2.5004789996892196 1.5057854661718013 29.749693189747632 3.1973393941298127 2.0965244481340042 2.6425737366080275
leaf_count=9296 58 24 7 3096 91 53 32 74 40 16 10 27 80 19 40 28 187 69 311 19 2407 30 310 132 48 20 519 75 38 29
internal_value=-0.00017878 0.00270235 0.00182842 0.00151106 0.00744794 0.0019902 0.033942 0.0529985 0.0761761 0.102899 0.0678695 0.0219845 0.0377514 0.0738885 0.123741 0.221519 0.0135446 0.0533517 0.00419459 0.03472 -0.00181486 -0.00359161 0.00927483 0.0424197 0.100196 0.000926427 0.010921 0.0573651 0.11834 -0.00981933
internal_weight=907.351 407.725 403.267 402.216 185.911 135.164 14.3834 11.3121 8.89179 6.82174 5.17329 50.7473 26.9033 10.7922 6.73796 3.21103 16.1111 6.92783 23.844 3.52693 120.781 216.305 58.8799 11.8466 4.02797 47.0333 36.5493 6.79965 3.60231 19.0324
internal_count=17185 7889 7865 7858 3590 2690 225 193 140 100 84 900 469 186 106 47 283 96 431 59 2465 4268 1172 210 78 962 652 133 58 340
is_linear=0
shrinkage=0.05


Tree=92
num_leaves=31
num_cat=0
split_feature=7 10 21 21 13 6 18 4 26 10 3 13 24 13 3 30 15 18 16 6 15 14 0 21 27 21 15 6 4 6
split_gain=2.40216 5.05075 3.33844 8.84291 6.14291 4.67528 6.66308 6.5091 4.88684 3.70712 3.22392 4.7407 4.00976 3.64642 6.77137 3.91647 3.29118 4.47026 4.44942 8.31337 4.32772 4.08591 3.98973 3.7665 6.29056 5.72651 5.88673 5.9281 8.01846 8.80335
threshold=-3.6372167262361468 0.80886901212459583 -0.35432485370855921 -0.71394669445998793 1.0000000180025095e-35 -0.020111511928141462 0.25130578270191423 -0.35746080404947506 -7.4999999999999939e-05 1.8213706919856354 2.1807601090780442 -2.8859784973739324 0.926965903935007 -2.6234278100907491 -0.43475899147205654 -0.13283860689039489 1.4241858663474487 -1.1421407939019665 2.1157522369201303 0.40800969031788364 1.2049281521534183 171792.2639811633 -1.4805322496792421 3.3686531679346454 -0.018590180816409892 2.9823187865209273 3.834057902536165 -0.81268283191677171 0.076309716640272127 0.30763718233533216
decision_type=2 2 2 2 2 2 2 2 2 2 2 2 2 2 2 2 2 2 2 2 2 2 2 2 2 2 2 2 2 2
left_child=1 -1 3 4 5 7 -7 -2 -8 -9 13 -12 -13 14 -4 -16 17 18 -15 -20 -19 -18 -23 24 -24 26 27 -26 29 -29
right_child=2 -3 10 -5 -6 6 8 9 -10 -11 11 12 -14 16 15 -17 21 20 19 -21 -22 22 23 -25 25 -27 -28 28 -30 -31
leaf_value=-0.044432007783781674 -0.055589060151178232 0.057954774320096415 -0.052036298112564175 -0.044731046970841272 -0.032200371737804066 -0.036269603450555132 -0.055429772756373764 0.10838302560671238 0.099720081335605767 0.028900279707147904 0.10687272696943256 -0.047163153190836221 0.082046172184581989 -0.025429357160124139 0.090296202935887568 -0.0098242586640939142 -0.055941028859989618 0.00090025176350220647 -0.033377634714075143 0.11620358621789018 -0.038634159188605431 0.056584008319685332 0.063761006980378149 -0.0055514241190294487 0.0316642743009082 0.042938245852419309 -0.029924743927198766 -0.077198654297698607 0.021578550660618871 -0.0017520057192452405
leaf_weight=1.6379370149224985 1.1631375495344398 4.5517894439399242 8.4321769084781391 15.003303910605608 7.4794869106262913 5.2055226862430599 0.67854988202452693 3.3629507003352037 2.0137765845283866 2.6021110406145453 0.60442247614264388 8.2962914211675489 0.64728911221027452 28.25584802730009 1.4987018806859849 2.8046905826777211 2.4277196377515784 672.94883568957448 2.1124092182144518 1.6579249985516069 6.9942122064530841 4.3526003733277312 5.8266756162047377 36.623086228966713 21.387511633336537 11.292307339608668 10.508055813610552 5.6102039590478041 18.598140966147184 12.439202956855295
leaf_count=24 28 42 173 475 289 153 18 33 47 47 15 292 4 696 29 76 14 13899 48 27 72 23 33 187 116 58 76 28 100 63
internal_value=-0.000180928 0.030861 -0.000394222 -0.0149971 0.00482496 0.023255 -0.00324141 0.0526123 0.0606175 0.0737106 0.000240235 -0.0286526 -0.0378117 0.000563353 -0.0259907 0.0250437 0.000965454 -0.000366267 -0.0186216 0.0323976 0.000493582 0.00831168 0.00954344 0.00786909 0.0136068 0.00994631 0.00451098 0.010746 -0.00146184 -0.0252027
internal_weight=907.017 6.18973 900.827 37.5088 22.5055 15.026 7.89785 7.1282 2.69233 5.96506 863.318 9.548 8.94358 853.77 12.7356 4.30339 841.035 711.969 32.0262 3.77033 679.943 129.066 126.638 122.285 85.6621 79.8354 68.5431 58.0351 36.6475 18.0494
internal_count=17185 66 17119 1090 615 326 218 108 65 80 16029 311 296 15718 278 105 15440 14742 771 75 13971 698 684 661 474 441 383 307 191 91
is_linear=0
shrinkage=0.05


Tree=93
num_leaves=31
num_cat=0
split_feature=19 12 10 14 5 23 21 14 10 14 27 4 21 21 6 7 8 13 30 4 7 7 13 18 18 6 30 3 24 18
split_gain=2.38163 2.41257 5.0528 3.64699 3.28891 4.70787 4.10097 3.1973 9.10318 4.94968 4.0813 6.91289 6.94366 5.33307 5.17018 5.86662 5.39465 4.35819 4.07875 3.97309 8.4392 7.25728 8.14841 7.04668 14.4978 15.0328 16.4167 6.84609 11.1105 6.82705
threshold=-5.833333333333333 1.0000000180025095e-35 27.78405905407066 12475679.394312028 -28.295000000158321 557.50000000000011 2.8759944775483759 19033643.991363477 32.938646821288067 25131726.895175178 0.015043534340587141 0.85709228085272071 -0.60091727580046328 5.0798945960878639 2.402358057651051 -2.232896057975716 1422239.6050000337 2.0702856373834755 -2.9718037798459154 -0.26303146437943609 -1.5791307261788561 -1.7709271602728422 -1.9082529023214367 -0.0069171695785525322 0.03489927072807935 -1.9191453322276619 -0.75459316696842171 -0.29163141605155513 0.2318168273733783 -0.70394896095664039
decision_type=2 2 2 2 2 2 2 2 2 2 2 2 2 2 2 2 2 2 2 2 2 2 2 2 2 2 2 2 2 2
left_child=-1 7 3 -3 5 -4 -6 10 18 -10 14 13 -13 -12 19 16 -16 -17 -9 20 -2 22 -21 29 25 26 -25 -22 -29 -23
right_child=1 2 4 -5 6 -7 -8 8 9 -11 11 12 -14 -15 15 17 -18 -19 -20 21 27 23 -24 24 -26 -27 -28 28 -30 -31
leaf_value=0.037647262768838403 0.022208075920563803 -0.053660180420332583 -0.046175494585851351 -0.003134811867854546 0.076522241078820469 0.061252475485802094 -0.011982930692434416 0.08857129727518509 -0.023216000327278087 0.078078575226786642 -0.012068878788224238 -0.05400758420046025 0.061581981278137271 0.083476849178762025 -0.053670545180766686 -0.043813890020889187 0.086147940761106226 0.052989952111883287 -0.027855472599178529 0.05033636645533196 0.0049561220311031932 -0.008987964052416985 -0.031486774234160013 0.20042955644449101 -0.00021723160975695155 -0.044664780257373651 -0.052141144690267774 -0.020084607366310611 0.038514307731876536 0.011430082302692527
leaf_weight=4.1428966000676146 56.150525085628033 9.2151960646733659 3.7923208810389042 5.8317523393779984 3.0548149868845922 1.3949706424027679 2.2900096345692873 0.77150695770979183 1.7916283337399352 3.6894744066521525 14.290924116037788 1.477281701751054 10.780663141049441 1.6267208475619543 1.04641376808286 15.636133210267873 2.0247856602072716 1.2560824770480383 30.135178240016103 3.3483568718656889 267.18276957981288 57.402783621102571 33.332748595625162 1.354591451585293 122.17882471345365 34.423827586695552 1.2253630906343449 62.197423963807523 9.2983113676309568 142.74708893895149
leaf_count=39 799 199 68 76 35 20 26 5 31 32 268 40 140 12 38 377 25 13 498 53 4122 1284 787 18 2613 732 34 1652 54 3095
internal_value=-0.000175988 -0.000349913 -0.015486 -0.034078 0.011076 -0.0172859 0.0386019 9.23763e-05 -0.0144175 0.044968 0.000721691 0.0194292 0.0476516 -0.00230448 7.16039e-05 -0.0250584 0.0385092 -0.0366157 -0.0249492 0.000705965 0.00425524 -0.00283269 -0.0240177 -0.0006701 -0.00852144 -0.0359402 0.0804698 0.00127879 -0.0124636 0.00557421
internal_weight=905.091 900.948 25.5791 15.0469 10.5321 5.18729 5.34482 875.369 36.3878 5.4811 838.982 28.1756 12.2579 15.9176 810.806 19.9634 3.0712 16.8922 30.9067 790.843 394.829 396.014 36.6811 359.332 159.183 37.0038 2.57995 338.679 71.4957 200.15
internal_count=17185 17146 424 275 149 88 61 16722 566 63 16156 460 180 280 15696 453 63 390 503 15243 6627 8616 840 7776 3397 784 52 5828 1706 4379
is_linear=0
shrinkage=0.05


Tree=94
num_leaves=31
num_cat=0
split_feature=4 5 2 20 30 23 29 19 7 0 0 21 1 2 10 9 6 3 21 6 15 13 18 24 29 14 21 16 24 23
split_gain=2.34103 3.70923 4.40037 7.66465 6.29841 7.80231 4.12355 4.30827 4.54433 5.42197 6.50797 4.5314 3.95353 4.4087 10.4976 3.72614 4.30645 3.69801 6.62683 5.82423 5.44883 3.71585 4.7007 4.66541 3.60227 4.26929 3.5829 3.56181 8.80657 8.20146
threshold=-3.4851783400263048 -780.94799999985833 -1.6468066202082794 -3.0000000000004161 -1.7941163651005501 1270.5000000000002 -5930231.8049999988 -0.036506425511672269 -1.6168974503644349 -0.84829005150975478 -0.89427170012831725 0.34771288734690969 -1.4872595231841375 -1.6252642199052851 0.53983929621935689 1.1012834361871271 0.12249584616028646 -2.3285410460452716 4.7930046553859631 -1.1557299724132082 2.857738033247041 2.1330247934384832 0.31119301454681403 -0.058562531884258584 -4836849.3999999994 20972314.530325707 4.0969277917179889 0.16732138355413553 0.24480897065019877 167.50000000000003
decision_type=2 2 2 2 2 2 2 2 2 2 2 2 2 2 2 2 2 2 2 2 2 2 2 2 2 2 2 2 2 2
left_child=26 6 3 -3 5 -5 -2 -8 15 10 11 -10 -4 14 -14 -9 -17 20 24 -20 21 23 -23 -15 25 -19 -1 -26 29 -29
right_child=1 2 12 4 -6 -7 7 8 9 -11 -12 -13 13 17 -16 16 -18 18 19 -21 -22 22 -24 -25 27 -27 -28 28 -30 -31
leaf_value=0.0022015570255914719 0.083406740417380859 0.11214809058415216 -0.04423026792123682 -0.007058574044542046 -0.028258693519707334 0.14165527225036498 0.049097824081166301 0.079400726554682236 0.10061314418616654 -0.024798453358794145 0.10749289055866401 0.0012499519148858639 0.14429644897409138 0.051199887244390133 -0.061534880209358614 0.037223510836028054 -0.042760001724220342 -0.032000460989720966 -0.036961333000585905 0.046132419390483931 0.034606761914573875 -0.025242340748091507 0.10384273910251661 -0.051253487551782974 -0.0026653105549609775 0.033343693462708213 -0.079793616305019854 0.012125346437344623 0.08558519255022598 -0.0040067511206162863
leaf_weight=3.1150675313547245 1.9215470794588316 1.1119487583637226 5.0405023423954836 3.038149037398397 33.820575833320618 1.24275950435549 6.1191332936286917 3.1598705435171714 1.1941394880413998 16.660673452541232 1.6362317912280584 29.326641048304737 1.6079158280044787 1.2120417803525985 1.0076455138623712 6.3188869878649694 2.293807134963572 15.87007840909064 2.512781372293829 13.118076320737599 3.7138759717345229 2.1732693370431657 1.0440847966819999 13.350176023319362 406.79530637245625 2.9669924611225715 2.3279200810939074 148.02667239215225 3.3047865629196158 168.43376607215032
leaf_count=42 20 7 96 66 822 21 35 38 20 282 24 431 34 9 22 51 53 279 38 109 20 50 15 301 7897 34 27 2896 17 3429
internal_value=-0.000175006 2.31439e-05 -0.000901232 -0.0172498 -0.0210261 0.0361135 0.011194 0.00911397 0.00507592 -0.00164843 0.0103457 0.00513758 -8.99162e-05 0.00019346 0.0649999 0.03296 0.0159216 -2.31537e-05 0.000554488 0.0327745 -0.020476 -0.0319819 0.0166479 -0.0427261 -0.000121159 -0.0217082 -0.0328671 0.000438515 0.0043871 0.00353915
internal_weight=903.465 898.022 829.391 39.2134 38.1015 4.28091 68.6309 66.7094 60.5903 48.8177 32.157 30.5208 790.178 785.137 2.61556 11.7726 8.61269 782.522 761.028 15.6309 21.4934 17.7796 3.21735 14.5622 745.398 18.8371 5.44299 726.561 319.765 316.46
internal_count=17185 17116 16162 916 909 87 954 934 899 757 475 451 15246 15150 56 142 104 15094 14699 147 395 375 65 310 14552 313 69 14239 6342 6325
is_linear=0
shrinkage=0.05


Tree=95
num_leaves=31
num_cat=0
split_feature=19 15 15 2 19 21 20 28 28 14 14 3 27 6 21 22 0 1 28 21 3 0 6 26 14 6 13 6 6 4
split_gain=2.31597 2.34445 3.75511 5.33057 4.53554 4.66837 5.39654 3.66785 3.91326 3.57843 4.98212 7.72205 6.37841 7.96087 6.37656 5.87234 5.8594 9.62404 23.5281 13.4813 6.83847 6.92637 5.78201 5.51037 5.59978 5.00023 4.9696 8.66034 19.4401 21.7783
threshold=4.0833333333333348 1.0954451150103328 0.85652944705260181 -0.29322639092781483 -0.058953900709217362 2.3482361048380094 -1.0000000180025095e-35 64771.060000000005 170296.87500000003 250703.66777018268 2816327.5413495656 0.27592719818190836 -0.0034210296847545503 0.61787044778674816 0.8147914023303261 1399.0000000000002 1.0393633738117092 -0.40057917639565738 -1.0000000180025095e-35 2.1854513508572819 0.18247365952708697 1.0664368489470764 -2.0832739388128769 0.00017000000000000007 2034306.485782427 -2.1980404801069455 -0.44359351677835951 0.63801230500701844 0.50144927286759 -0.18991264262358906
decision_type=2 2 2 2 2 2 2 2 2 2 2 2 2 2 2 2 2 2 2 2 2 2 2 2 2 2 2 2 2 2
left_child=1 2 9 4 -4 6 -6 -3 -9 -1 11 14 13 -13 -11 16 26 18 -18 -20 21 -19 -17 -24 -25 -14 27 28 -16 -30
right_child=-2 7 3 -5 5 -7 -8 8 -10 10 -12 12 25 -15 15 22 17 20 19 -21 -22 -23 23 24 -26 -27 -28 -29 29 -31
leaf_value=0.0079800494317668943 -0.053752716165493181 0.00064985081961658466 0.046397624754179308 -0.051220810395609988 0.075048206859276559 -0.058181613041540951 -0.051914324139297731 0.057969873832208668 0.012089568884430964 -0.038517062624882102 0.0015675783895874214 -0.02085009891594343 0.10230257631000397 0.080973764024033126 0.014526118185509083 0.061770314689796074 0.23689125967517999 0.12424336549680413 0.14938730758966712 -0.053433943108955967 0.13110304025004857 -0.0059650207345168082 -0.052207554223899555 -0.03300642004521475 0.10393462506081466 -0.038860671291440364 -0.0096800002579933465 -0.021793836612589986 0.04496057218524889 0.41915528722493928
leaf_weight=102.79310415592045 2.0122662447392932 116.64931351318955 3.6347981356084347 8.9792914823628944 1.9730990007519724 4.0323826633393764 1.4535223622806386 5.2409203089773646 41.050775887444615 12.201436677016316 369.46962254866958 6.1156841674819571 0.63900887034833331 2.7976815197616816 38.615337990224361 1.604179654270413 1.6985965538769958 1.0806304905563653 1.2134851776063471 2.5222176611423492 1.0677123554050911 18.613198593258858 12.890324478968976 1.8593645915389054 1.2473141122609375 34.285171125084162 88.972911928780377 16.014411997050047 0.99980905465781689 0.63630607910454162
leaf_count=751 42 724 24 183 11 52 57 30 231 518 7949 246 16 85 787 22 24 14 24 64 23 379 403 47 27 1844 2048 518 24 18
internal_value=-0.000171952 -5.22002e-05 -0.00125155 -0.0225811 0.000599829 -0.0217176 0.0211926 0.0053756 0.0172839 -0.000654689 -0.002099 -0.00762665 -0.0266426 0.0111099 -0.00348421 -0.00122299 0.00160075 0.0233664 0.0826031 0.0124494 0.00786133 0.00117971 -0.0287261 -0.0378011 0.0219746 -0.0362778 -0.00232499 0.00930544 0.0216786 0.19049
internal_weight=902.364 900.352 737.411 20.0731 11.0938 7.459 3.42662 162.941 46.2917 717.338 614.544 245.075 43.8375 8.91337 201.237 189.036 171.435 26.1958 5.4343 3.7357 20.7615 19.6938 17.6012 15.997 3.10668 34.9242 145.239 56.2659 40.2515 1.63612
internal_count=17185 17143 16158 327 144 120 68 985 261 15831 15080 7131 2191 331 4940 4422 3923 528 112 88 416 393 499 477 74 1860 3395 1347 829 42
is_linear=0
shrinkage=0.05


Tree=96
num_leaves=31
num_cat=0
split_feature=14 10 29 30 5 6 7 14 29 3 30 23 21 21 13 5 15 10 15 27 13 13 7 6 7 0 13 24 7 4
split_gain=2.26327 9.79223 3.62748 3.82959 5.61664 3.70783 3.46787 6.84508 3.30441 3.29889 3.45846 3.19403 3.12911 5.75395 4.50121 11.0233 7.19203 6.7551 4.16425 3.20993 11.5202 8.80832 7.24827 3.81927 4.43878 5.83154 4.3377 4.56323 3.92712 11.324
threshold=22102574.361175805 32.938646821288067 -4555735.7499999991 -1.7251282017369287 -918.38950000004832 -3.3228509780370072 -3.6372167262361468 5744191.5487734778 -13532709.194999998 1.4198320785619678 -2.9718037798459154 -1007.4999999999999 -0.35432485370855921 -0.60091727580046328 -1.6386889700081755 176.62649999978024 0.41003223296943037 1.7291075038279777 0.71443450831176025 0.015043534340587141 0.72621146074007314 -1.3864412067264709 -1.6388381268087684 2.334256025144239 -2.1940966538398601 0.60775496326614109 1.9158140321907131 0.37098631977841406 -2.1557983941427019 -0.90501220728414655
decision_type=2 2 2 2 2 2 2 2 2 2 2 2 2 2 2 2 2 2 2 2 2 2 2 2 2 2 2 2 2 2
left_child=2 9 3 -1 -5 -4 7 -7 -6 10 -2 -10 13 14 15 -8 -16 -17 -18 23 21 -21 -23 28 25 -25 27 -26 29 -14
right_child=1 -3 5 4 8 6 12 -9 11 -11 -12 -13 19 -15 16 17 18 -19 -20 20 -22 22 -24 24 26 -27 -28 -29 -30 -31
leaf_value=-0.063289327019827507 0.041201003548394233 0.045160016289944906 0.044078391578183891 0.078470953091666393 0.029868789586646238 -0.031781333293340923 -0.041306045578256907 0.084696651415650415 0.016110399315131915 0.0092456824622305974 -0.041503160140128587 -0.042735310148405703 0.015882389027797379 -0.05017812067184152 -0.04466736516887379 0.178930015805217 0.072054078246094638 0.019682927690266007 -0.0036282925985787993 -0.00052341889895109834 -0.030631115879353379 -0.013465068995702359 0.092029434524014672 -0.024999569563733576 -0.047176992001917856 0.11093946203615541 0.03486062453763792 0.05306113013717232 0.0017356510212684893 -0.039696270353599135
leaf_weight=4.1160456007346538 1.355036005377779 5.7960293227806678 4.9235907597467294 1.6374702602624953 2.868128973990685 2.0286809895187607 2.2642534635961082 3.334684120491147 2.9836284117773237 5.0470468774437895 18.827628709375858 10.152372715063377 16.523767898790538 8.5467097233049554 9.1822066893801146 1.5016384674236181 2.578327449038623 1.1965736607089636 6.1598502960987389 7.3999846121296313 8.2230928000062686 2.0315608084201804 8.2012048084288853 1.8310608873143821 14.611528539098801 1.3861563764512537 2.2459537992253891 1.2310524769127358 722.0494040469639 20.578632065095007
leaf_count=67 7 63 40 17 40 29 74 27 51 92 286 199 188 303 470 26 19 26 62 140 151 31 81 35 363 16 24 8 13795 455
internal_value=-0.000175925 -0.0134458 0.000297417 -0.0198614 -0.00972905 0.000814626 0.000561973 0.0406391 -0.0187533 -0.0269093 -0.0359505 -0.0293695 0.000305393 -0.0151724 -0.00209776 0.0400432 -0.0137673 0.108309 0.0187029 0.000908705 0.0182412 0.041033 0.0710851 0.000334496 -0.0205441 0.0335705 -0.0301689 -0.039388 0.000920459 -0.014944
internal_weight=900.813 31.0257 869.788 21.7576 17.6416 848.03 843.106 5.36337 16.0041 25.2297 20.1827 13.136 837.743 31.4296 22.8829 4.96247 17.9204 2.69821 8.73818 806.313 25.8558 17.6328 10.2328 780.458 21.3058 3.21722 18.0885 15.8426 759.152 37.1024
internal_count=17185 448 16737 374 307 16363 16323 56 290 385 293 250 16267 980 677 126 551 52 81 15287 403 252 112 14884 446 51 395 371 14438 643
is_linear=0
shrinkage=0.05


Tree=97
num_leaves=31
num_cat=0
split_feature=19 19 23 22 29 16 13 10 30 5 2 14 14 6 26 18 3 2 4 2 8 6 30 8 8 7 8 4 5 15
split_gain=2.24619 3.43308 3.40084 2.9015 2.73226 3.47975 3.06704 5.26027 4.31673 3.91682 4.17434 7.83386 6.69811 2.90856 2.66746 3.15315 3.23173 4.01589 2.5665 6.1604 7.14481 11.282 6.86389 7.61744 9.08778 8.47194 6.12403 6.0132 9.86182 7.31749
threshold=-2.566666666666666 -1.0536899648574978 295.50000000000006 349.50000000000006 4235420.0350000011 -0.41303317205333612 2.6155465564083138 0.36210358057841424 -1.1791108578703715 494.00349999987526 -0.58581243120197268 6060864.871481319 13890258.777539251 0.040143999237859697 -0.00034098499999999992 1.0000000180025095e-35 1.0601974339694924 -1.1622950304711417 -0.93839354736829905 -0.43734981925718747 1467299.9850000348 -2.0492976904904698 -2.0866416211500267 980978.45500004862 999350.72500003176 1.923856291881993 96848.120000039125 -1.5949570141204916 -243.57399999978949 2.857738033247041
decision_type=2 2 2 2 2 2 2 2 2 2 2 2 2 2 2 2 2 2 2 2 2 2 2 2 2 2 2 2 2 2
left_child=2 -2 -1 -4 6 -6 18 -8 -9 10 11 -10 -13 -12 -7 16 17 -16 27 20 21 -20 26 -24 -25 -26 -23 28 -3 -30
right_child=1 4 3 -5 5 14 7 8 9 -11 13 12 -14 -15 15 -17 -18 -19 19 -21 -22 22 23 24 25 -27 -28 -29 29 -31
leaf_value=0.060268006875452022 -0.056166788097034376 0.0042032114060470424 -0.035094383193784516 0.039062452949746654 -0.04192862014032666 0.055267341830343403 -0.043169860160432505 -0.024065170901600517 -0.045888383223145195 -0.027569690945695054 0.11945666582980746 0.13586857456960441 0.0012719911620266036 0.045246101923910167 0.066914338328859443 -0.042562949817137812 0.079770198509141355 -0.026533563493333585 0.14050824035022882 0.00031464207235372941 -0.028654420100396691 0.11788592751045215 -0.015431464678319129 0.18236750138427293 -0.015995159480438937 0.15714901500000783 -0.025227784854856994 0.01040229096113774 -0.03778467415464138 0.042828454763995674
leaf_weight=3.8465116731822473 2.7538600284606209 79.893462650477886 2.9065797254443169 2.4150172807276249 8.8130375714972633 1.7800589045509685 2.787856018170717 2.8873348170891413 2.3467304836958638 1.6890499740839011 2.9497208818793252 1.9145252499729397 1.7871524924412368 2.3902660189196467 1.4873375268653024 4.6968846181407571 1.3449532324448226 5.0644589960575095 1.3558524213731278 480.9144479194656 43.196250003762543 2.0471407286822791 51.2786372480914 1.0012199375778426 3.7858181819319725 0.86858226358890522 1.1774468366056678 150.01298417709768 26.972809096332643 3.1431162953376761
leaf_count=37 60 1283 21 22 176 20 83 45 40 24 24 21 23 25 21 101 25 87 22 9734 956 21 1087 10 94 14 38 2471 584 16
internal_value=-0.000173053 -0.000426597 0.0244493 -0.00144094 -0.000253655 -0.0171917 0.000200692 0.020201 0.0312671 0.0434838 0.054022 0.0255785 0.070886 0.0862388 -0.00202459 -0.0101226 0.00917254 -0.00531975 -0.000242823 -0.00207827 -0.0130684 -0.00212371 -0.00533833 -0.00935768 0.0457124 0.0163162 0.0656285 0.00389099 -0.00498807 -0.0293713
internal_weight=899.509 890.341 9.16811 5.3216 887.587 23.1867 864.4 18.7526 15.9648 13.0774 11.3884 6.04841 3.70168 5.33999 14.3737 12.5936 7.89675 6.5518 845.648 585.625 104.711 61.5147 60.1588 56.9343 5.65562 4.6544 3.22459 260.022 110.009 30.1159
internal_count=17185 17105 80 43 17045 430 16615 285 202 157 133 84 44 49 254 234 133 108 16330 11976 2242 1286 1264 1205 118 108 59 4354 1883 600
is_linear=0
shrinkage=0.05


Tree=98
num_leaves=31
num_cat=0
split_feature=22 23 9 21 10 8 0 9 28 0 23 21 0 7 13 7 30 13 6 26 21 16 28 21 22 6 30 30 20 16
split_gain=2.1858 4.85781 3.59176 9.65117 5.69845 7.14568 4.95985 4.37421 6.18134 4.02194 3.99955 9.30513 5.48273 6.90455 12.0057 12.1479 11.0784 9.963 8.38466 6.90214 7.21528 6.77783 5.77518 6.04405 7.30957 5.75845 5.18581 7.91369 5.18088 5.59137
threshold=-243.49999999999997 167.50000000000003 16.89124388249385 0.59906284951837974 44.107466570251042 18819886.365000036 0.38691425099154947 15.958097655532114 -2765063.3749999995 -0.64043217571158162 211.50000000000003 2.1702103312800367 0.16075008232926932 1.0000000180025095e-35 0.23038615547960667 0.71592099043646307 0.83477821218396153 1.8823227891343814 1.1353359932935356 -8.7724999999999991e-05 2.7562058925424942 0.41864186111844931 -841971.29999999993 3.134670687692299 468.50000000000006 -0.8890250481927654 -0.21703683768395529 -0.11702908950181611 -1.0000000000001386 -1.0656731027494917
decision_type=2 2 2 2 2 2 2 2 2 2 2 2 2 2 2 2 2 2 2 2 2 2 2 2 2 2 2 2 2 2
left_child=1 -1 7 6 -5 -6 -4 10 -9 -10 11 26 13 17 15 16 -15 -13 19 -17 -21 -22 -14 24 -24 -16 -2 -28 -29 -30
right_child=2 -3 3 4 5 -7 -8 8 9 -11 -12 12 22 14 25 18 -18 -19 -20 20 21 -23 23 -25 -26 -27 27 28 29 -31
leaf_value=-0.0014678854662415757 -0.022880144435343298 -0.02231371009043235 0.06379194462799434 -0.023007803724870535 -0.025184957983221415 0.062752615930072614 -0.014307952739264433 0.13384813277054319 0.079050172162787341 -0.023960834362900429 -5.6783028893929555e-05 -0.00033130717135671796 0.068538907579246425 0.20962322515737336 -0.044114543553298087 -0.0090557332279753606 0.042701265447801333 0.086114902314719577 -0.031889107505199847 0.020667173565686384 0.079256301243773877 0.20131216488807976 -0.00050053583361054092 -0.041340599248735281 0.10684258311230224 0.033256800230078105 0.10480135009509557 0.053009809890379359 0.048382409781604872 -0.017630439853347609
leaf_weight=290.76801092363894 24.515233395155519 30.919321375433356 6.2607214800082129 50.480483460240066 4.5267588207498175 4.7176679819822311 3.0103066358715296 1.503841323778033 1.5251361168920992 2.5021380111575118 367.70379453059286 22.894654801115397 2.9018074236810234 2.7027927991002825 3.5591924097388983 2.0197146590799075 1.5722236074507234 3.9009235724806777 2.4823939390480509 2.1596828624606133 2.6696549635380507 1.9816969558596609 13.078099033795299 8.0146177150309068 1.8047860879451025 7.4147684667259437 1.9741105446591998 4.1449740491807523 3.7942870608531001 20.751005323603742
leaf_count=5778 586 676 87 747 76 47 69 16 15 43 7216 303 33 39 65 33 20 36 54 38 28 20 207 116 33 90 30 27 77 580
internal_value=-0.000169453 -0.0034715 0.00167288 -0.00903087 -0.0163986 0.0196918 0.0384329 0.00312788 0.0473495 0.0150496 0.00264067 0.0100241 0.0210111 0.0301613 0.0482263 0.0764307 0.148234 0.0122536 0.0492975 0.0721197 0.0961911 0.131258 0.00208686 -0.00633463 0.0125165 0.0081629 -0.0057371 0.00796824 0.00130538 -0.00742597
internal_weight=898.255 321.687 576.567 68.9959 59.7249 9.24443 9.27103 507.572 5.53112 4.02727 502.04 134.337 79.157 53.3577 26.5621 15.5882 4.27502 26.7956 11.3131 8.83075 6.81103 4.65135 25.7993 22.8975 14.8829 10.974 55.1796 30.6644 28.6903 24.5453
internal_count=17185 6454 10731 1026 870 123 156 9705 74 58 9631 2415 1115 726 387 232 59 339 173 119 86 48 389 356 240 155 1300 714 684 657
is_linear=0
shrinkage=0.05


Tree=99
num_leaves=31
num_cat=0
split_feature=19 15 23 26 5 22 6 2 21 15 9 21 27 29 13 8 9 4 27 21 16 0 27 6 6 8 27 5 4 7
split_gain=2.15491 2.16631 3.60038 5.79865 5.33345 4.34354 3.70632 5.70817 7.52192 6.02906 5.19369 5.87451 4.90215 5.17487 4.7215 9.41686 7.34738 5.11323 5.31367 4.84675 4.4941 4.15403 4.75879 3.85486 3.84688 3.83799 3.54499 6.70389 8.01791 12.4644
threshold=4.0833333333333348 1.0954451150103328 1497.5000000000002 -3.8150000000000024e-06 45.59600000013598 809.50000000000011 -0.1963448191653068 -0.99679322335450549 3.572404318831889 3.6147844564602587 14.110760743222142 3.3686531679346454 0.0018026394005840054 -36092.994999999988 1.1471439768638156 1984752.8250000598 3.4362191115479006 -1.5515008151600818 0.0034991502535950407 3.3500912197399177 -0.68372036682249282 -0.71951998670006356 -0.0017822331762446517 1.9816484119941864 -1.5591519702282481 6407339.8300000457 0.0037455807874159368 24.67099999985658 1.5819945097237784 -1.0646740413009426
decision_type=2 2 2 2 2 2 2 2 2 2 2 2 2 2 2 2 2 2 2 2 2 2 2 2 2 2 2 2 2 2
left_child=1 26 5 -4 -5 6 7 10 9 12 -3 -12 13 -9 16 -16 17 -8 19 20 -19 -15 -23 -20 -10 -18 -1 -28 29 -29
right_child=-2 2 3 4 -6 -7 14 8 24 -11 11 -13 -14 21 15 -17 25 18 23 -21 -22 22 -24 -25 -26 -27 27 28 -30 -31
leaf_value=-0.0029843171972502684 -0.053488869408707909 0.061539941890434484 0.044712478334735607 0.028107043215860019 -0.031996350773034074 -0.031487851112266124 -0.049058257045961166 0.068086647089397712 -0.082373041182137202 -0.030394755723627615 0.04976363897679012 -0.026766216596545541 -0.011847281838678633 0.055292267702460977 -0.024880957429154412 0.05493180844555734 -0.06386769277488126 0.026667575198057448 0.064299708300853159 0.053841948057134374 -0.046566455469324849 -0.030143997369623133 0.042714488182530846 0.0053512423673449635 -0.0099504441151405353 -0.017593841726284056 -0.004926120571276893 -0.016078442835245347 -0.017644239731611642 0.036594974232416817
leaf_weight=582.12965242704377 1.8908881116658438 9.5303331501781958 13.724365543574097 7.7808043062686902 7.0222765114158392 9.1645872108638269 3.9314939118921748 7.3820918202400252 3.4092894345521927 6.8204169161617747 4.8277274221181852 5.2176144570112228 7.923518367111682 4.6282260566949853 6.6077173147350541 8.3862004876136762 7.7269824016839292 2.9650673419237119 6.1109651774167997 2.4097319543361655 7.1379459574818682 5.8986547961831102 3.6144952327012989 5.0778030902147293 3.9672531969845286 10.666769903153179 75.673918772954494 14.781965094618498 14.279597507324068 46.756916989106685
leaf_count=12600 42 53 78 43 54 56 22 36 17 54 26 25 52 25 46 46 44 20 38 14 57 37 21 32 25 64 1873 342 426 917
internal_value=-0.000168469 -5.58879e-05 0.00517836 0.0213008 -0.000404768 0.00173071 0.00418107 0.0126655 0.0026034 0.0119648 0.0350989 0.0100135 0.021776 0.0341538 -0.0046091 0.0197589 -0.0125473 0.00375133 0.0125111 -0.00987577 -0.0250735 0.0164402 -0.00246162 0.0375471 -0.0434227 -0.0370329 -0.00121124 0.00560203 0.0161101 0.0239425
internal_weight=897.445 895.554 161.932 28.5274 14.8031 133.405 124.24 63.2196 43.6439 36.2674 19.5757 10.0453 29.447 21.5235 61.0207 14.9939 46.0268 27.633 23.7015 12.5127 10.103 14.1414 9.51315 11.1888 7.37654 18.3938 733.622 151.492 75.8185 61.5389
internal_count=17185 17143 985 175 97 810 754 371 267 225 104 51 171 119 383 92 291 183 161 91 77 83 58 70 42 108 16158 3558 1685 1259
is_linear=0
shrinkage=0.05


Tree=100
num_leaves=31
num_cat=0
split_feature=4 21 19 5 0 4 13 7 10 14 22 8 15 30 22 0 26 21 3 2 26 18 15 15 4 13 2 15 7 7
split_gain=2.1545 3.18012 3.11779 2.81116 7.71241 4.86514 5.33175 3.74107 3.65087 6.51526 5.56066 4.94758 4.08911 3.80628 4.97596 3.39272 4.77517 4.17093 5.70315 6.1938 7.64441 8.95135 5.65061 5.53209 5.25146 9.01792 6.41795 6.27184 6.17556 6.51652
threshold=-3.4851783400263048 4.0969277917179889 -5.833333333333333 -1366.0845000001134 -1.4882404241536344 -2.2415766149606067 2.717139761453033 3.3294235174676419 12.269275684582128 7046351.1190954717 -215.49999999999997 5860597.3350000354 1.4304616185512991 0.52204635705384217 360.50000000000006 -1.4453561531317136 -0.00036649999999999991 4.1485564392374803 -1.5157298856534143 -1.8412942100776617 1.9999999999999975e-05 0.19790280098217242 3.834057902536165 2.8577380332470361 -1.1568367035891034 0.91942981909734212 -0.40804091690165412 1.9170289512680809 1.9496319987924415 -0.18854124986777068
decision_type=2 2 2 2 2 2 2 2 2 2 2 2 2 2 2 2 2 2 2 2 2 2 2 2 2 2 2 2 2 2
left_child=1 -1 -2 4 -4 6 -5 15 10 -10 -6 13 -13 14 -12 16 -7 18 19 20 21 -17 23 -20 25 -19 -26 28 29 -28
right_child=2 -3 3 5 8 7 -8 -9 9 -11 11 12 -14 -15 -16 17 -18 24 22 -21 -22 -23 -24 -25 26 -27 27 -29 -30 -31
leaf_value=0.00099341693216402089 0.045781322013368347 -0.077121968354005699 0.11682013177328759 -0.029370601635883033 -0.049207476702187995 0.056252612091737 0.076515683734773521 -0.058855842084890343 -0.050097283710617668 0.057634469843697356 0.12894470271109287 -0.054652972423294914 0.030798151089168363 0.0017498110984202791 0.016754492037259039 0.030617125764940245 -0.019847173870881758 0.049316334660065575 0.0013678475899124196 -0.013311221296010638 -0.015058732453550184 0.20941554518311711 -0.032636547675927025 0.026505482329260966 -0.037268600602481737 -0.018013867081786424 0.034198720034859943 -0.062323001128573731 0.066222835259736545 -0.021522070858757625
leaf_weight=3.1036493768915525 3.7079398967325679 2.2455807011574507 1.7544311229139591 21.463249519933019 4.9603368053212824 2.1991806747391811 1.2585722152143706 2.6964073833078137 1.7664494458585958 6.8285746909677982 1.9999530659988507 3.5983386915177107 2.2916286513209343 3.4706611502915621 1.9539459291845558 1.9545131390914314 32.902218775358051 18.206250874325637 585.49715986195952 108.31482950085774 3.3174265176057816 1.0906022060662506 11.793102726340292 22.736652493476868 8.3572926763445121 6.8420080151408902 10.817843517288571 2.5598713867366305 5.6098533961921921 10.18944339361042
leaf_count=42 38 27 16 473 83 29 15 57 30 60 21 66 12 43 24 40 681 188 12500 1964 53 14 105 128 94 81 107 14 39 141
internal_value=-0.000161947 -0.031799 2.81741e-05 -0.000163211 0.0152509 -0.000677567 -0.0235055 -5.64415e-05 0.00861906 0.0354934 -0.00402049 0.012814 -0.0214062 0.0399611 0.0735023 0.000134031 -0.0150794 0.000803817 -0.000251663 -0.0104949 0.0374496 0.0946534 0.00164288 0.00230753 0.0131949 0.0309249 0.0013629 0.0124283 0.0196174 0.00717172
internal_weight=895.488 5.34923 890.139 886.431 28.6243 857.806 22.7218 835.085 26.8699 8.59502 18.2749 13.3145 5.88997 7.42456 3.9539 832.388 35.1014 797.287 734.704 114.677 6.36254 3.04512 620.027 608.234 62.5826 25.0483 37.5343 29.177 26.6171 21.0073
internal_count=17185 69 17116 17078 355 16723 488 16235 339 90 249 166 78 88 45 16178 710 15468 14804 2071 107 54 12733 12628 664 269 395 301 287 248
is_linear=0
shrinkage=0.05


Tree=101
num_leaves=31
num_cat=0
split_feature=12 10 14 5 23 22 29 26 26 13 21 18 23 0 30 14 30 14 26 28 30 28 28 23 26 26 0 14 4 13
split_gain=2.15476 4.4698 3.35037 3.13636 4.09675 3.91549 2.75318 6.72025 6.92018 10.3426 7.43495 7.08486 5.93175 4.63505 4.3011 5.95584 4.14297 3.86675 4.33785 4.08509 3.80035 5.51785 5.50387 6.15938 5.44277 5.19819 4.48194 5.97845 8.9874 7.84219
threshold=1.0000000180025095e-35 27.78405905407066 12475679.394312028 -28.295000000158321 557.50000000000011 280.50000000000006 -317451.21999999991 -0.00019299999999999992 -0.00026649999999999986 -0.59894130273625446 1.5970715883661553 -0.44494202376796349 -1.0000000180025095e-35 -1.1250208840123215 0.75249442796996624 3496285.8733236399 -2.9718037798459154 16720805.423835875 0.00061276500000000003 9644.6950000000015 -1.7941163651005501 733368.49500000011 -107911.71999999999 -227.49999999999997 0.00010700000000000003 -8.0999999999999922e-05 -0.43593063996163595 3629516.8411917933 -0.48829155688031012 -1.1659732199594497
decision_type=2 2 2 2 2 2 2 2 2 2 2 2 2 2 2 2 2 2 2 2 2 2 2 2 2 2 2 2 2 2
left_child=6 2 -2 4 -3 -5 7 8 13 -10 11 -11 -12 -1 -15 -16 -9 18 -8 -20 -18 22 23 26 25 -23 27 -22 -29 -30
right_child=1 3 -4 5 -6 -7 17 16 9 10 12 -13 -14 14 15 -17 20 -19 19 -21 21 24 -24 -25 -26 -27 -28 28 29 -31
leaf_value=-0.047525850627500227 -0.052198700871009987 -0.046338306804446977 -0.0027587515310156237 0.064744956406594875 0.054527105383419629 -0.028113864403349703 -0.0006676991973944388 0.04965007842141192 -0.035336340464926751 0.055440079477417817 0.090004699106782174 0.21080754100471377 -0.013468826708302312 -0.0023527410852499059 0.11914221163617966 0.017313650585100506 -0.026241581337714842 -0.017458381614979111 0.050885326778904741 -0.013837068013566345 -0.017908483166948187 -0.0065570293565127393 -0.02022525778707478 -0.0075077520942775358 -0.0045172899287528817 0.081815737368613306 0.0079675374832474891 0.017603063729405687 0.050719975314513666 0.20261299712850531
leaf_weight=3.0308357644826218 8.7215354004874843 3.6114692064002156 5.6444012513384214 3.7640489935874921 1.3957487773150203 1.6254440359771249 686.8278266582638 4.1958158994093528 2.3148275800049296 1.2464303858578207 3.6234462503343812 1.7839279733598212 2.2420666702091703 8.9435723107308132 2.1510202223435053 4.3196568237617612 13.060952151194213 33.880495691671968 7.7583276573568565 3.5551854968070984 2.0686200838536042 2.3018990727141491 28.352962937671691 27.806004931684587 6.223038653843104 6.0047291591763488 11.008000449277455 3.0804942911490798 1.5284722689539196 1.9137269807979462
leaf_count=46 199 68 76 43 20 19 13554 55 51 17 37 28 35 134 23 62 279 584 72 36 49 38 655 536 97 80 201 44 18 29
internal_value=-0.000158474 -0.0147021 -0.0327737 0.0102689 -0.0182223 0.0367392 0.000255848 0.00675573 0.0278287 0.0588098 0.083308 0.146903 0.0504524 0.00899868 0.0201128 0.0511641 0.000944811 -0.000962405 -0.000161862 0.0305468 -0.00103255 0.00261416 -0.00279903 0.00762354 0.0308387 0.0573262 0.0290907 0.0561556 0.0796444 0.135167
internal_weight=893.985 24.7626 14.3659 10.3967 5.00722 5.38949 869.222 137.201 29.6558 11.2107 8.89587 3.03036 5.86551 18.4451 15.4142 6.47068 107.545 732.022 698.141 11.3135 103.349 90.2879 75.7583 47.4053 14.5297 8.30663 19.5993 8.59131 6.52269 3.4422
internal_count=17185 425 275 150 88 62 16760 2514 433 168 117 45 72 265 219 85 2081 14246 13662 108 2026 1747 1532 877 215 118 341 140 91 47
is_linear=0
shrinkage=0.05


Tree=102
num_leaves=31
num_cat=0
split_feature=23 7 22 8 13 23 21 2 25 18 0 15 27 26 4 21 9 26 0 16 13 18 22 4 8 8 7 22 0 30
split_gain=2.08648 4.86021 3.55187 5.17022 3.32557 2.91519 7.84378 7.8986 6.69014 6.33591 5.98387 5.06708 4.31338 6.32165 6.23791 4.18727 4.1635 4.68507 4.01263 3.82668 3.63716 3.54931 4.1099 3.40551 9.36985 8.06891 8.83756 5.41963 10.6064 4.39441
threshold=4102.0000000000009 -0.48227364858650784 1968.5000000000002 315297.99500004487 1.4895338624397991 2643.0000000000005 0.40462932166032112 -0.45427252242609611 0.04997425961092871 -0.23603349604045734 0.4368900174654296 0.33062158116705181 -0.0061962808736628619 0.00030703000000000007 0.54927239058870547 2.4565960881680753 3.8661866855713027 -0.00018992999999999997 0.70287952501735984 0.11019755561918342 1.003320271528189 -0.0069171695785525322 1059.5000000000002 1.6728000792232975 2732612.8200000427 4801969.575000057 -1.0000000180025095e-35 -1552.4999999999998 1.3164417251856657 -1.5426145864737726
decision_type=2 2 2 2 2 2 2 2 2 2 2 2 2 2 2 2 2 2 2 2 2 2 2 2 2 2 2 2 2 2
left_child=5 2 -2 -4 -3 23 -7 11 9 10 16 19 14 15 -11 20 17 -9 -12 -8 21 -14 -23 -1 27 26 29 28 -25 -26
right_child=1 4 3 -5 -6 6 7 8 -10 12 18 -13 13 -15 -16 -17 -18 -19 -20 -21 -22 22 -24 24 25 -27 -28 -29 -30 -31
leaf_value=0.00046280455297037629 -0.029860930373090563 -0.050429058346654565 0.1077356544972419 -0.0042911435458812533 0.036997568490904506 -0.044322056089943607 0.0018120436075204809 0.085987234685370478 0.10476754505966067 0.159451408790452 0.18368404907400257 0.031388129306770568 0.10625249739677625 0.097588503989999548 -0.010681634505208152 -0.042479806509649595 0.09081242950265038 -0.021410164141957792 0.070383176402162559 -0.052888696269221262 -0.058451375466976777 0.067407150599541554 -0.052996503333575667 -0.020625814907887351 0.13923548012827822 -0.009025003528062096 -0.020309646322523123 -0.030471135884485318 0.13701603647525926 0.052972893566632755
leaf_weight=747.83401574799791 2.7138680703938034 8.8361702929250878 1.7960023293271659 2.4145630961284041 1.2404161025769997 5.6356020658276966 6.5124055380001682 1.3741412349045274 3.0112746134400359 1.0416867649182688 1.2044432805851104 5.7730260137468568 1.3337715137749908 1.358917899429797 1.1159386169165371 6.7241254523396492 2.0365619882941246 3.8905076915398276 2.2251383289694786 6.2807549126446247 1.2432846166193483 1.4207969540730103 1.4142117407172916 3.8454448627308002 2.0416787471622229 17.351127750240266 3.4279640577733534 41.593945757951587 1.4767611650750039 5.3320981487631798
leaf_count=14133 44 216 23 51 36 169 141 17 17 17 14 40 24 13 24 125 24 89 41 174 32 18 42 95 15 339 74 1041 21 76
internal_value=-0.00015689 -0.0175056 0.014744 0.0434935 -0.0396669 0.000179615 0.0114784 0.0180352 0.0341612 0.0261026 0.0556955 -0.00749619 0.00581509 -0.00467994 0.0714574 -0.0161312 0.0301056 0.00662194 0.110174 -0.0250431 0.0166052 0.0389899 0.00734516 -0.000556291 -0.0107085 0.0120953 0.0460213 -0.0243922 0.0231153 0.0768576
internal_weight=893.501 17.001 6.92443 4.21057 10.0766 876.5 53.5966 47.961 29.3948 26.3835 10.7308 18.5662 15.6527 13.4951 2.15763 12.1362 7.30121 5.26465 3.42958 12.7932 5.41206 4.16878 2.83501 822.903 75.069 28.1529 10.8017 46.9162 5.32221 7.37378
internal_count=17185 370 118 74 252 16815 1021 852 497 480 185 355 295 254 41 241 130 106 55 315 116 84 60 15794 1661 504 165 1157 116 91
is_linear=0
shrinkage=0.05


Tree=103
num_leaves=31
num_cat=0
split_feature=16 16 14 21 21 25 28 27 7 21 5 5 13 18 22 25 29 0 10 6 30 13 30 3 6 4 2 4 10 6
split_gain=2.08759 8.73924 8.19517 6.22379 8.25376 5.72565 5.17247 4.35177 4.15514 5.33386 4.55464 11.0013 6.75883 4.99297 4.43874 4.01273 4.55323 3.79425 3.69885 3.61158 2.82187 2.62011 6.26428 4.85526 5.7767 5.05298 5.86209 4.24211 4.86071 8.54482
threshold=-1.6076561957289008 -1.5841764181936342 1208384.9393959974 2.511434342443438 2.471442718107514 1.0284554699782262 1505152.6100000003 0.0046806699393587845 1.0000000180025095e-35 2.1513350849858166 -146.9469999996945 -99.004500000039101 -1.6951871206095863 -0.43810647411532139 -186.49999999999997 0.57397796561184311 -689137.02999999991 0.4368900174654296 4.1149581252490508 -1.7008009360840606 2.7096437792607526 -1.8808263647135168 -1.5612589144007349 -0.30843723894734304 -0.56347263444395035 -0.99936522043717335 -0.87265907871209514 -0.50279279635734453 0.33809916452168998 0.30763718233533216
decision_type=2 2 2 2 2 2 2 2 2 2 2 2 2 2 2 2 2 2 2 2 2 2 2 2 2 2 2 2 2 2
left_child=3 2 -2 4 8 21 20 -4 9 10 13 -12 -13 -1 -10 16 -14 -16 -8 -18 -5 22 -3 24 25 26 -24 -25 29 -29
right_child=1 5 7 6 -6 -7 18 -9 14 -11 11 12 15 -15 17 -17 19 -19 -20 -21 -22 -23 23 27 -26 -27 -28 28 -30 -31
leaf_value=0.033850107974125222 0.18310782168974596 -0.054856111002878329 -0.018888741977601577 -0.042680445769002741 0.12107282322165747 -0.061210867796970471 0.080830324854605479 0.087190283616969871 -0.047775807410778637 -0.052562870625503501 0.22203569468829965 0.15915321073180477 0.069573570815749344 -0.065668719438052248 0.050823078298569004 0.080035321416057612 0.058776775684215923 -0.054798552408068579 -0.02516237140699519 -0.043707843688352281 0.010515283847808976 0.0011362585846968309 0.0064637371155166663 -0.040437161242759964 -0.043075048561330778 -0.028719164796185866 0.10902000393091144 -0.019152968204651614 0.0026688482319468035 0.092012751452681729
leaf_weight=2.6262539019808173 1.1544841201975931 6.8262723423540583 2.0413070265203719 19.818160679191358 1.4765465408563603 3.7932584509253493 1.7499324586242431 1.8367744516581295 7.1411271905526519 2.553346309810876 0.79995690286159948 0.91166679095477299 1.7348388098180318 2.4232723880559268 2.7468093554489301 1.9456700161099432 1.0710325920954362 1.2314842306077478 1.5540898535400627 4.3555728779174254 2.851743482053279 768.21167847234756 5.876457704231143 3.3179250461980727 12.704361813142894 6.647579615935685 1.8264473862946031 2.6789616132155087 13.780661406926809 4.8729322394356132
leaf_count=39 15 153 37 366 15 29 26 16 239 53 17 22 32 44 36 13 17 38 24 141 34 14620 74 121 320 119 15 73 331 106
internal_value=-0.000155386 0.000476135 0.0661663 -0.0094143 0.00570589 7.80915e-05 -0.0274705 0.0313534 -6.04823e-05 0.0145084 0.0253008 0.0436016 0.0293544 -0.0139091 -0.0241969 0.0163609 -0.000938627 0.0181278 0.0309753 -0.0234808 -0.0359887 0.000359297 -0.00983812 -0.00389472 -0.0185198 0.00321872 0.030781 0.0121569 0.020337 0.0525778
internal_weight=892.561 835.569 5.03257 56.9915 31.0176 830.537 25.9739 3.87808 29.541 18.4216 15.8683 10.8187 10.0188 5.04953 11.1194 9.10711 7.16144 3.97829 3.30402 5.42661 22.6699 826.743 58.5316 51.7053 27.0548 14.3505 7.70291 24.6505 21.3326 7.55189
internal_count=17185 16029 68 1156 706 15961 450 53 691 378 325 242 225 83 313 203 190 74 50 158 400 15932 1312 1159 528 208 89 631 510 179
is_linear=0
shrinkage=0.05


Tree=104
num_leaves=31
num_cat=0
split_feature=19 23 19 13 3 13 14 14 13 2 15 21 16 25 6 18 16 29 16 13 8 21 18 18 7 21 6 13 6 27
split_gain=2.10243 3.18327 3.16233 3.01903 2.40738 4.52581 4.34417 8.2554 5.14449 4.33199 3.70805 3.81266 5.00825 3.31298 3.30363 2.62174 8.51514 2.60708 3.93173 3.01604 4.08912 3.03574 5.2564 5.08838 2.77469 12.669 6.48884 6.95738 12.9978 13.9127
threshold=-2.566666666666666 295.50000000000006 -1.0536899648574978 0.75750604757927531 1.5695748647523355 0.062549424605022455 6466417.7733853115 7671792.5016918974 -0.56282764075307867 1.457733209841346 0.19523059847931271 -0.79956652090507652 -0.48649375029945519 0.013339851542888692 -1.8001958505628528 1.3165456659431485 -0.36497002686830277 4235420.0350000011 -0.41303317205333612 2.6155465564083138 324628.31000005035 2.4053865246028288 0.29915837712174892 -0.57176421032566116 1.4786820452854488 -0.60091727580046328 -2.6305888001056075 0.66481336917548972 -0.15123736073646757 0.011365437554245463
decision_type=2 2 2 2 2 2 2 2 2 2 2 2 2 2 2 2 2 2 2 2 2 2 2 2 2 2 2 2 2 2
left_child=1 -1 -2 -3 17 6 10 9 14 -8 15 -12 13 -13 -9 -6 -17 19 -19 24 -21 23 -23 -22 -4 -26 -27 28 -28 -30
right_child=2 3 4 -5 5 -7 7 8 -10 -11 11 12 -14 -15 -16 16 -18 18 -20 20 21 22 -24 -25 25 26 27 -29 29 -31
leaf_value=0.059658347033869075 -0.05548837274397414 0.031949437651891781 -0.00091445449275714226 -0.04427401076211715 -0.051337009963991001 -0.034349339083581822 0.026060188394762918 0.048322336392458039 0.077363398516993642 0.15315508460513672 0.04657229037735991 0.061446816818962725 -0.039953698930181518 -0.014550810633105283 -0.031571215555389061 -0.051054266373940664 0.23858591758040021 -0.048523258070788972 -0.0015309760255715534 -0.03851754766846803 0.070254526060328615 0.019079022221405412 0.090939844891088917 -0.053713366067759151 0.17901246542116514 -0.053061408444637054 0.031386963903574878 -0.010135269427941946 -0.026068121930978273 0.044601024323195779
leaf_weight=3.6780750267207605 2.5973726306110612 3.0154224783182144 658.78717537596822 2.2822897285223007 7.4374083932489174 14.532471468672155 1.1664839936420315 1.6128907836973647 1.8121824264526356 1.5766895832493899 3.5191638329997685 2.8123853104189047 7.1832312475889895 2.92599768191576 6.5427817115560174 0.96008625952526927 0.34491782868280985 6.7376791890710619 13.115975795313714 2.4287604051642147 1.3014429844915869 7.2376231737434846 3.9246517438441515 2.2742229290306559 1.0621695606969286 4.5453830063343039 52.236265875399113 38.0361652597785 26.686375439167023 9.4239774700254184
leaf_count=37 60 27 12509 16 443 522 40 18 34 19 26 24 76 23 224 60 17 138 223 59 17 83 37 54 22 88 868 605 708 108
internal_value=-0.000154315 0.0239224 -0.000399107 -0.000888132 -0.00023655 -0.0106269 -0.00152937 0.0222994 0.0011609 0.0991103 -0.0135568 0.000434003 -0.0121316 0.0226957 -0.0157712 -0.0398675 0.0254988 0.000421502 -0.0174786 0.000861362 0.0215953 0.0315017 0.0443453 -0.0085925 0.000411257 0.00702812 0.00563287 0.00774383 0.0154414 -0.00762509
internal_weight=891.798 8.97579 882.822 5.29771 880.225 52.4267 37.8942 12.711 9.96785 2.74317 25.1832 16.4408 12.9216 5.73838 8.15567 8.74241 1.305 827.798 19.8537 807.944 17.1667 14.7379 11.1623 3.57567 790.778 131.99 130.928 126.383 88.3466 36.1104
internal_count=17185 80 17105 43 17045 1526 1004 335 276 59 669 149 123 47 242 520 77 15519 361 15158 250 191 120 71 14908 2399 2377 2289 1684 816
is_linear=0
shrinkage=0.05


Tree=105
num_leaves=31
num_cat=0
split_feature=24 30 24 24 1 16 3 9 6 2 14 21 3 7 7 4 14 4 14 30 27 19 3 0 15 15 27 8 10 23
split_gain=2.09749 4.82189 3.42583 4.0086 2.82532 2.49466 2.48546 4.78315 7.96104 11.2659 7.4427 4.55485 6.21042 7.02325 6.53981 5.77767 5.55876 5.10391 5.06718 6.04794 5.3728 4.97052 4.76426 4.73964 4.61899 4.52848 4.40189 4.96331 3.83691 3.74257
threshold=-0.3317883121493857 0.49052018427269212 -0.17356145002361978 -0.13851397175981051 -1.0606232102424766 1.6816561767313383 -2.3285410460452716 7.4414553126325753 0.28719189891188585 -1.239839783271562 6060864.871481319 4.1485564392374803 -1.4780965783582445 1.7379260643547856 -1.4585428041239756 -0.53361767735771359 1.0000000180025095e-35 -1.7834005362500036 5979391.4416941321 -1.6404921226389118 -0.0020413333397702456 -4.1754385964909311 -1.7907222250360764 -0.69976733467807206 7.2295689129205085 5.715476066494082 0.002452423272262028 77167773.075000063 3.8192321272195797 485.50000000000006
decision_type=2 2 2 2 2 2 2 2 2 2 2 2 2 2 2 2 2 2 2 2 2 2 2 2 2 2 2 2 2 2
left_child=1 5 4 -4 -2 -1 7 8 9 10 -5 21 18 14 -14 -15 -16 -18 19 -13 -21 -8 26 -20 -24 29 27 -23 -22 -9
right_child=2 -3 3 6 -6 -7 11 25 -10 -11 -12 12 13 15 16 -17 17 -19 23 20 28 22 24 -25 -26 -27 -28 -29 -30 -31
leaf_value=-0.035989486228668113 0.01080432485078831 0.05561077769844041 0.059239123307580556 0.041790202730140939 -0.050733488183232138 0.021394838515779762 0.056489280882214499 -0.019545304904331432 -0.035379072947964108 -0.021751532388246363 0.16166984144447791 0.083149116990227701 0.034404633339261075 -0.011892667939113782 0.044562947141718871 0.094158054524225196 0.038330213509480751 -0.05985447638080274 0.062255011717014475 -0.050927288589304412 0.00057428946414481998 -0.026581925993790601 0.00035992913392311949 0.012337275763128021 -0.050980306263041036 0.031240495186174746 0.007700055214224899 0.064978483865983649 0.0638931105495502 -0.06709437442141726
leaf_weight=3.6262659560888988 2.704255597665906 5.4543282892554998 2.8334422279149285 5.7557310312986374 6.0113827120512706 3.9645515829324722 3.7637457791715851 9.7737724371254497 8.1781084467656893 6.4022945361211914 1.6705057844519613 2.3901380505412844 4.0902451630681798 2.4244855232536793 1.8297468945384032 2.7309146318584672 1.4961626455187822 11.475743480026717 12.133110361173751 4.2438423279672923 12.698908221907908 40.814311394933611 691.70616060262546 7.8202089648693791 4.4089046772569409 2.5956654734909526 15.748751721344886 1.5358139052987088 2.947925090789794 7.1772835939191273
leaf_count=27 25 38 24 95 63 30 45 173 215 100 22 19 34 30 13 19 18 173 108 55 122 793 14377 78 40 15 284 9 26 115
internal_value=-0.000152396 0.0197493 -0.000448307 -0.000135345 -0.0316398 -0.00601865 -0.000329652 -0.012261 0.0037266 0.0268535 0.0687567 0.000271844 0.012841 -0.007442 -0.0215576 0.0442844 -0.037022 -0.04853 0.0243898 0.0080004 -0.00102975 -0.000827271 -0.0011133 0.042691 3.47613e-05 -0.0302607 -0.0148688 -0.0232615 0.0125038 -0.0396782
internal_weight=890.407 13.0451 877.362 868.646 8.71564 7.59082 865.812 41.5534 22.0066 13.8285 7.42624 824.259 66.2814 24.0473 18.8919 5.1554 14.8017 12.9719 42.2341 22.2808 19.8907 757.978 754.214 19.9533 696.115 19.5467 58.0989 42.3501 15.6468 16.9511
internal_count=17185 95 17090 17002 88 57 16978 735 432 217 117 16243 695 287 238 49 204 191 408 222 203 15548 15503 186 14417 303 1086 802 148 288
is_linear=0
shrinkage=0.05


Tree=106
num_leaves=31
num_cat=0
split_feature=19 15 27 0 26 13 7 16 18 16 15 5 21 9 9 23 3 9 4 18 0 5 15 2 19 21 20 14 18 5
split_gain=2.05511 2.0083 3.55092 5.26432 6.10774 4.39376 4.2778 7.14783 5.79077 5.02542 4.35706 4.44267 4.72775 3.69368 6.0042 3.56106 4.38052 5.4973 4.40222 3.64421 3.98939 3.35933 3.24288 5.11925 4.07113 4.33734 4.87079 3.33236 4.67312 7.00171
threshold=4.0833333333333348 1.0954451150103328 -0.0070731172806740563 -0.89427170012831725 -0.00021399999999999994 -1.0510162687371214 -0.74937583079389591 0.4601136330529017 0.9144126515060792 -0.9522216158711212 1.1912380946373087 285.17699999990879 1.4372783140347047 4.4154953268264245 0.038762746189017018 1955.5000000000002 -0.85063306067483146 7.780283972136357 -1.4845793935945701 0.023244693492682607 0.50075558944402265 -237.31949999975038 0.85652944705260181 -0.29322639092781483 -0.058953900709217362 2.3482361048380094 -1.0000000180025095e-35 250703.66777018268 -1.0000000180025095e-35 -710.41950000007625
decision_type=2 2 2 2 2 2 2 2 2 2 2 2 2 2 2 2 2 2 2 2 2 2 2 2 2 2 2 2 2 2
left_child=1 22 3 -3 -5 -6 8 10 15 -10 -8 12 -12 14 -14 16 18 19 -4 20 -18 -15 27 24 -24 26 -26 28 -1 -30
right_child=-2 2 6 4 5 -7 7 -9 9 -11 11 -13 13 21 -16 -17 17 -19 -20 -21 -22 -23 23 -25 25 -27 -28 -29 29 -31
leaf_value=0.017339526946204633 -0.05336061433683368 0.048462830414821821 -0.0054445228722254414 0.052471290611755511 -0.043022660076803665 0.0082534451451040432 0.052845155098675468 0.031502397404215725 0.074342109960866917 -0.0036234453697410549 -0.034255936986130359 -0.036157719507948376 -0.016016322879053465 0.017349563180331956 0.04063926803639329 0.024585928472981116 0.022674017909891087 0.038430514879626426 -0.060243896089300891 -0.060193336846490732 -0.043786185613620181 -0.046927727582644047 0.044535045040298128 -0.050503373641434805 0.070107256490833367 -0.057503610998289038 -0.05191087261554559 -0.0020107736515481622 0.067845788143035615 -0.0094017429592541269
leaf_weight=56.67212288454175 1.8108595218509425 10.543356444686649 5.418694049119952 5.7492769956588772 5.7321896404027965 15.406453192234038 3.3591067958623162 23.148850120604038 3.3457359112799168 5.4070827234536392 7.2620493695139876 9.7290494907647354 6.9930025339126649 3.7302863970398903 14.116202957928179 4.2321368865668765 5.3404224794358068 4.8633173406124106 11.323315057903523 4.5218240469694129 3.9120608177036047 4.4667518064379674 3.6342863235622644 8.4650398162193579 2.0126152038574223 3.7523986957967281 1.377782278694214 606.82312566926703 3.1490544974803916 42.840042440220714
leaf_count=414 42 62 27 31 36 93 25 142 22 35 44 82 42 20 80 26 31 28 59 41 37 22 24 183 11 52 57 15080 15 322
internal_value=-0.000149506 -4.09129e-05 0.00505793 0.0185186 0.00677681 -0.00565115 0.000899714 0.00855683 -0.0106269 0.0261786 -0.00213994 -0.00612939 0.0018597 0.0108091 0.0218706 -0.0187596 -0.0239446 -0.00726966 -0.0425076 -0.0234051 -0.00542615 -0.0176766 -0.00115063 -0.0214041 0.0014525 -0.0204681 0.0205218 -0.000601334 0.00772976 -0.0041123
internal_weight=889.138 887.328 158.601 37.4313 26.8879 21.1386 121.17 72.8053 48.3646 8.75282 49.6564 46.2973 36.5683 29.3062 21.1092 39.6118 35.3796 18.6376 16.742 13.7743 9.25248 8.19704 728.726 19.2421 10.7771 7.1428 3.3904 709.484 102.661 45.9891
internal_count=17185 17143 985 222 160 129 763 457 306 57 315 290 208 164 122 249 223 137 86 109 68 42 16158 327 144 120 68 15831 751 337
is_linear=0
shrinkage=0.05


Tree=107
num_leaves=31
num_cat=0
split_feature=4 21 19 5 1 23 10 10 27 7 15 16 13 7 29 6 7 0 21 10 15 10 15 16 4 14 20 6 30 13
split_gain=1.97993 2.86059 2.68589 2.42627 4.31929 5.0475 3.47534 6.804 5.06297 4.82108 4.8091 4.80772 3.8954 4.37502 3.78208 3.7264 3.32235 3.29248 3.23992 3.84978 4.81246 5.30078 5.98128 4.09939 3.59667 6.80043 5.00306 4.75304 4.99086 4.72104
threshold=-3.4851783400263048 4.0969277917179889 -5.833333333333333 -780.94799999985833 -1.4872595231841375 1647.5000000000002 12.269275684582128 1.3955405068940785 0.00036098595699074481 -1.3494281826522039 1.4304616185512991 -0.093720083791897099 -1.0806574726921057 0.28373351414647702 -17346.369999999999 -1.576961504555334 3.3294235174676419 -1.4630372122982174 4.5687847905769123 7.6822313000530418 2.857738033247041 0.50870409078248835 0.63100199062822915 -1.3347510770973925 -1.9310498976717574 6658574.9261706667 -3.0000000000004161 1.0869373110319382 -0.67192138472026042 2.2789318001571308
decision_type=2 2 2 2 2 2 2 2 2 2 2 2 2 2 2 2 2 2 2 2 2 2 2 2 2 2 2 2 2 2
left_child=1 -1 -2 6 5 -5 7 9 11 14 17 -8 -13 -14 -4 -11 18 -9 24 20 21 22 -20 -23 25 26 -6 -28 -29 -27
right_child=2 -3 3 4 16 -7 8 10 -10 15 -12 12 13 -15 -16 -17 -18 -19 19 -21 -22 23 -24 -25 -26 29 27 28 -30 -31
leaf_value=-8.1055960710774313e-06 0.044244442307483256 -0.074984814504127056 0.12235051077045296 -0.053091783873098652 0.058611466518330338 0.058667363007371846 0.010931948152678622 0.029772995127469556 -0.029072171993812203 -0.061871760938869362 0.020191823626784369 0.018202293046163227 0.053716711462628255 0.15249990493382956 0.031314368645973319 0.013846394961691459 -0.058373289599198033 -0.043444461430465986 -0.03027381004535893 -0.029233838521276478 -0.045516738508553159 0.11014606320672969 0.046712556491860464 0.037935823630378784 -0.0003037085824394365 0.0054824087477152884 -0.052384186831368543 0.07218273473783772 -0.036751914009072503 0.11471754612417057
leaf_weight=3.1047873375937334 3.4227270931005469 2.1552682630717754 1.7160197179764507 7.0160727519541961 1.4034629054367602 1.1802522917278109 6.087067360058426 1.7419344875961549 2.9919530786573878 1.7451790198683763 5.4596575312316409 2.2335949055850506 2.4490395793691269 2.0667827762663364 3.4040661044418838 23.578356951475143 2.4737296849489203 12.952826518565416 5.7635930664837449 4.0568032562732688 2.3119519017636767 2.4311179779469958 4.4871066622436047 10.261039702221749 744.53874726081267 5.2299623508006325 15.158265670761468 1.749882662668824 2.6342703960835925 1.219832553528249
leaf_count=42 38 27 15 154 7 23 79 29 43 37 30 23 28 15 51 308 56 288 100 55 13 17 26 100 15016 92 336 29 91 17
internal_value=-0.000144253 -0.0307292 3.81977e-05 -0.000134065 -0.000885727 -0.0369987 0.00905333 0.00265671 0.0295011 0.0175751 -0.0198778 0.0431534 0.0722129 0.0989274 0.0618255 0.00862826 -0.000517447 -0.0347652 -0.000338825 0.0159776 0.0232401 0.0301688 0.00342594 0.0517673 -0.000958386 -0.0187507 -0.0325743 -0.0391229 0.00672806 0.0261418
internal_weight=887.025 5.26006 881.765 878.343 811.916 8.19633 66.4265 50.598 15.8284 30.4436 20.1544 12.8365 6.74942 4.51582 5.12009 25.3235 803.72 14.6948 801.246 29.3116 25.2548 22.9429 10.2507 12.6922 771.934 27.3957 20.9459 19.5424 4.38415 6.44979
internal_count=17185 69 17116 17078 16132 177 946 758 188 411 347 145 66 43 66 345 15955 317 15899 311 256 243 126 117 15588 572 463 456 120 109
is_linear=0
shrinkage=0.05


Tree=108
num_leaves=31
num_cat=0
split_feature=22 3 23 7 29 7 26 16 1 23 19 8 13 18 19 4 28 13 6 0 21 5 16 4 28 29 6 22 7 7
split_gain=1.95217 4.2005 4.61137 3.96662 6.70857 7.16799 4.53265 4.99339 5.74426 4.52342 4.92909 6.39097 10.085 11.4234 5.57792 6.61985 4.32631 5.96726 4.32404 5.60516 11.062 4.94349 4.67701 4.97752 4.21398 4.21083 3.99097 3.82505 4.29205 3.78424
threshold=-324.49999999999994 -2.8231554602813174 485.50000000000006 -0.2481110960765027 -5603.1249999999991 -2.032424509408306 -0.00013695499999999994 1.5189130639877917 -0.69424415735487821 211.50000000000003 -0.028490866029588301 10483480.930000035 -0.67549507166725331 -0.48642950934282353 -0.13499399527370243 -0.24131509305838397 533625.39500000014 0.3272629766972337 -1.2072925499689247 -0.44881743458172357 2.4964127492358803 88.88600000017324 -1.4334640494934971 1.5448951657187957 -2379904.3899999997 -17346.369999999999 -1.0000000180025095e-35 -306.49999999999994 1.4290085426349279 0.70152552023987835
decision_type=2 2 2 2 2 2 2 2 2 2 2 2 2 2 2 2 2 2 2 2 2 2 2 2 2 2 2 2 2 2
left_child=3 2 -2 4 5 -1 7 8 -5 10 14 -12 -13 -14 15 -8 17 -15 -10 20 21 29 -21 -24 -6 -7 -9 28 -3 -20
right_child=1 27 -4 6 24 25 9 26 18 -11 11 12 13 16 -16 -17 -18 -19 19 22 -22 -23 23 -25 -26 -27 -28 -29 -30 -31
leaf_value=-0.033415496138358577 0.0071969648454856998 0.012816207971376829 -0.062084923512975176 -0.028589304794177879 -0.058033955035060217 0.027455545225657147 0.042729379241174537 0.0011850932873016099 -0.025172905839770485 -0.047217878490048285 -0.019402786190429316 -0.033594855325177385 -0.045970165765555418 0.14086425544095149 0.059533649667256529 -0.040653918655249296 0.16327561319357126 0.009075766316141879 0.1551225206505589 0.069680321804814468 0.001379182456491778 0.20264065242517773 -0.030884001421459535 0.04338151890092614 -0.0018780288499193236 0.12763929271516267 0.091823806290475929 0.0015355110508542891 0.09130689061612568 0.021331498715418423
leaf_weight=5.028557611629366 4.3425884312018734 6.0897065130993706 5.3739394908770919 12.543396463617681 3.4845553804188958 28.916931718587875 4.1072599887847892 2.1404464906081557 5.9317598147317794 9.1482912949286384 87.656129288952798 5.2365328269079328 1.92839765176177 1.4965991768985971 4.9554111696779719 5.6610629186034194 1.6552640125155447 2.0159153891727328 0.91816998925060378 2.2397346543148169 3.9755238089710474 1.2615975011140106 7.8621063893660867 3.1642625564709306 80.939202616922557 1.0883249938488031 2.807374973781406 580.02361596608534 2.4393457192927599 1.2454272862523792
leaf_count=106 65 104 104 259 68 523 27 41 127 215 2110 75 32 13 31 47 20 36 13 32 66 19 131 55 1772 21 33 10983 24 33
internal_value=-0.00014103 0.00148599 -0.0311209 -0.00352784 0.00343706 0.0218307 -0.00848173 0.00528571 -0.000696807 -0.0133824 -0.0106841 -0.0146613 0.0190395 0.0578803 0.0163253 -0.00559397 0.0966329 0.0652277 0.0124568 0.0232572 0.05812 0.123977 0.0038084 -0.00957185 -0.00419584 0.0310893 0.0526132 0.0020243 0.0352649 0.0781087
internal_weight=885.677 598.269 9.71653 287.408 119.458 35.0338 167.951 44.0898 39.142 123.861 114.713 99.9888 12.3327 7.09618 14.7237 9.76832 5.16778 3.51251 26.5986 20.6668 7.40072 3.42519 13.2661 11.0264 84.4238 30.0053 4.94782 588.553 8.52905 2.1636
internal_count=17185 11280 169 5905 2490 650 3415 809 735 2606 2391 2286 176 101 105 74 69 49 476 349 131 65 218 186 1840 544 74 11111 128 46
is_linear=0
shrinkage=0.05


Tree=109
num_leaves=31
num_cat=0
split_feature=19 23 7 4 8 30 16 23 21 2 25 28 30 15 2 21 21 6 6 18 10 16 26 10 4 8 8 7 22 0
split_gain=1.94759 1.9516 4.42887 3.18129 3.78815 3.14023 2.78387 2.4276 7.11467 7.04162 5.63537 5.92809 6.52522 4.49221 4.23326 4.772 7.14179 4.11794 3.73424 4.47339 3.89745 3.62726 3.34477 6.06006 3.09299 8.51226 7.11354 7.44144 4.92492 8.20943
threshold=4.0833333333333348 4102.0000000000009 -0.48227364858650784 0.66222107928925833 420368.38500002801 -1.3281252592693347 0.2655779592282379 2643.0000000000005 0.40462932166032112 -0.45427252242609611 0.04997425961092871 -2277901.0249999994 2.9867014261129907 0.33062158116705181 -0.33851929587501672 2.1854513508572819 2.0601984588022684 -1.0503469229180122 -0.13098872357381194 -0.31096608448073298 1.0423402461445648 0.11019755561918342 -5.0989999999999991e-05 1.7291075038279777 1.6728000792232975 2732612.8200000427 4801969.575000057 -1.0000000180025095e-35 -1552.4999999999998 1.3164417251856657
decision_type=2 2 2 2 2 2 2 2 2 2 2 2 2 2 2 2 2 2 2 2 2 2 2 2 2 2 2 2 2 2
left_child=1 7 3 -3 -5 6 -4 24 -9 13 11 -11 14 21 -13 16 17 -16 -17 -20 -21 22 23 -10 -1 28 27 -27 29 -26
right_child=-2 2 5 4 -6 -7 -8 8 9 10 -12 12 -14 -15 15 18 -18 -19 19 20 -22 -23 -24 -25 25 26 -28 -29 -30 -31
leaf_value=0.00058227434740705855 -0.053206358039311591 -0.012396910099052187 0.062541916387979027 0.13089772700637145 0.006947676368564951 -0.055008647718513673 -0.04573354526919312 -0.043587667189346986 -0.02088226026123996 0.10512782601879188 0.095200026176112312 0.078454080446211716 0.11334369155377005 0.028776232796296458 0.067140710556905472 -0.042044848031326257 0.14741550664156758 -0.015044639384209833 0.064729334067450753 -0.054709544963417116 0.053324988835613811 -0.052748053276532883 -0.025129819921730287 0.14360324943756902 -0.019349207657560777 0.070467684465724184 -0.0086637993015654027 -0.018820041623766028 -0.029553103077448201 0.11586806074325487
leaf_weight=740.01972091430798 1.7256734608672548 4.3312995051965144 1.2494917809963237 1.0488022901117804 1.4951863614842293 7.3210311536677155 1.1309994170442221 5.4341110289096823 1.2992986161261799 2.0908050294965568 3.1373367682099333 2.0778761599212983 1.6520967409014691 5.7788668349385253 2.3649520426988602 6.4451231257990109 1.1848251558840273 4.2871364001184693 2.4618876297026873 2.7007050896063327 1.2083375658839939 5.9562417436391115 4.2158724945038575 0.98407941684126843 3.6984745617955914 7.5727552678436041 17.10584809537977 3.3728762455284613 40.078825598582625 1.6116497498005626
leaf_count=14098 42 76 24 14 28 205 23 169 31 30 17 22 13 40 37 134 16 112 37 60 19 174 95 15 94 88 339 74 1038 21
internal_value=-0.000140469 -3.67981e-05 -0.017031 0.0136691 0.0580482 -0.0387876 0.011099 0.000288224 0.0106278 0.0167854 0.0318377 0.0243288 0.0174004 -0.00765837 0.0104272 0.00358303 0.0343181 0.0141739 -0.0152112 0.0119349 -0.0213146 -0.0245626 0.00126793 0.0500069 -0.00038899 -0.0101759 0.0114773 0.0429538 -0.0235581 0.0216899
internal_weight=885.042 883.317 16.5768 6.87529 2.54399 9.70152 2.38049 866.74 53.2796 47.8454 29.6111 26.4737 24.3829 18.2344 22.7308 20.653 7.83691 6.65209 12.8161 6.37093 3.90904 12.4555 6.49925 2.28338 813.46 73.4404 28.0515 10.9456 45.3889 5.31012
internal_count=17185 17143 370 118 42 252 47 16773 1021 852 497 480 450 355 437 415 165 149 250 116 79 315 141 46 15752 1654 501 162 1153 115
is_linear=0
shrinkage=0.05


Tree=110
num_leaves=31
num_cat=0
split_feature=12 10 14 5 23 22 14 10 14 27 7 6 6 4 9 7 0 27 19 21 6 13 8 15 6 27 7 22 6 26
split_gain=1.93046 3.89016 3.19119 2.80806 3.66243 3.28328 2.36906 6.70867 3.83741 2.90821 5.10851 6.38774 14.3039 8.70101 5.17271 5.96972 4.95582 5.24311 4.62634 5.22131 4.25889 7.50631 3.98704 4.40395 3.71865 7.74331 8.32339 6.93867 7.5873 7.04468
threshold=1.0000000180025095e-35 27.78405905407066 12475679.394312028 -28.295000000158321 557.50000000000011 280.50000000000006 19033643.991363477 32.938646821288067 25131726.895175178 0.010896183296007724 1.0711901099998682 0.23592492724252115 0.66033266761903719 1.0237315163023806 10.298560150322379 -3.6372167262361468 -1.1968276664351307 0.011926432522692989 -1.0000000180025095e-35 3.0436954298588694 1.9258271590077725 1.1342391558833513 8255.6050000355372 1.4288690166235216 0.3259230411822388 -0.0031875020022805174 -2.058372352013254 1399.0000000000002 1.2363597316975936 -0.00013399999999999995
decision_type=2 2 2 2 2 2 2 2 2 2 2 2 2 2 2 2 2 2 2 2 2 2 2 2 2 2 2 2 2 2
left_child=6 2 -2 4 -3 -5 9 -8 -9 24 11 -11 13 -13 15 -14 -12 -18 -17 -20 21 -21 -19 -24 -1 26 -26 29 -29 -28
right_child=1 3 -4 5 -6 -7 7 8 -10 10 16 12 14 -15 -16 18 17 22 19 20 -22 -23 23 -25 25 -27 27 28 -30 -31
leaf_value=0.0022409310144617658 -0.05086899595635587 -0.04615151904185355 -0.0016508941424810642 0.059346717108293479 0.049325024382343687 -0.026295143831114271 -0.022421696336903954 -0.023684563844991957 0.06538580840317211 -0.049448021556536256 0.087165609762971774 0.037480952348893717 0.077340741971969315 0.24356559701183575 0.076614863971388419 0.071865725945526301 0.089854251644309602 0.031777951621009569 -0.050103689702775539 0.11991485038043943 -0.025916613092935994 -0.027167616648331918 -0.056381322365252243 0.050262167680249908 -0.048276615930245952 -0.010472845415575138 0.043984974466831847 0.018401680409148493 0.1433767381433855 -0.0016614705383941005
leaf_weight=555.82885401044041 8.3499449864029902 3.4455937771126628 5.4383951919153324 3.7960503045469505 1.4176934622228143 1.5869743227958677 28.651818336453289 1.7640115423127998 3.8450191468000412 5.3255785321816829 3.5247036330401924 1.0566155221313267 1.8570654131472206 0.99399750679731358 1.9762831144034851 1.3655283898115325 2.3056343756616107 6.9351146062836033 8.9639841439202268 1.7538432274013742 4.6838827133178711 1.7163622695952652 3.5418746331706643 1.3322126567363737 5.1829058611765495 171.8725247499533 11.992757283151148 2.6925590606406322 2.2122798264026642 28.633721440564841
leaf_count=9398 199 68 76 43 20 19 505 31 32 106 34 25 14 15 26 7 24 88 306 25 71 27 91 6 134 4809 209 64 40 673
internal_value=-0.000139444 -0.0141159 -0.0314564 0.0092191 -0.0183192 0.0340986 0.000251154 -0.0126323 0.0373736 0.000785696 0.012819 0.000158445 0.011 0.137377 -0.000612203 -0.00811552 0.0341308 0.0208872 -0.0167014 -0.0237665 0.0051866 0.0471679 0.00742201 -0.0272329 5.39952e-05 -0.00540708 0.011761 0.0185952 0.0747705 0.0118132
internal_weight=884.044 24.0347 13.7883 10.2463 4.86329 5.38302 860.009 34.2608 5.60903 825.748 47.3327 29.6931 24.3676 2.05061 22.3169 20.3407 17.6395 14.1148 18.4836 17.1181 8.15409 3.47021 11.8092 4.87409 778.416 222.587 50.7142 45.5313 4.90484 40.6265
internal_count=17185 425 275 150 88 62 16760 568 63 16192 865 622 516 40 476 450 243 209 436 429 123 52 185 97 15327 5929 1120 986 104 882
is_linear=0
shrinkage=0.05


Tree=111
num_leaves=31
num_cat=0
split_feature=16 16 21 21 25 28 27 26 16 7 3 18 18 25 7 10 28 30 14 6 16 8 8 6 0 27 21 27 8 9
split_gain=1.89148 7.50154 5.72526 6.72714 5.32055 4.71502 4.29015 4.09462 3.83457 4.35447 6.3854 5.92414 5.21872 3.48311 3.30483 3.01746 2.56614 2.55071 2.48502 5.27321 7.63844 4.61174 9.83441 12.4986 11.0847 12.6731 9.38497 8.11062 7.87326 7.64226
threshold=-1.6076561957289008 -1.5672808758155765 2.511434342443438 2.471442718107514 1.0284554699782262 1505152.6100000003 0.0098615179756437205 4.9039999999999984e-05 -1.8373367052085439 -1.3894186274462239 0.36384147663432326 0.03489927072807935 -1.2076744903837875 0.84079078712053013 -1.9166669089078547 4.1149581252490508 -80462.889999999985 2.7096437792607526 250703.66777018268 0.019105704808291529 -0.011015471184247623 39397.10500002934 200631.52500004685 -0.67521940018161508 -0.41899641061482934 -0.0022201174872808478 2.4565960881680753 0.0025219519003238937 65433.035000044714 0.038762746189017018
decision_type=2 2 2 2 2 2 2 2 2 2 2 2 2 2 2 2 2 2 2 2 2 2 2 2 2 2 2 2 2 2
left_child=2 6 3 8 18 17 7 -2 9 14 11 12 -11 -10 -1 -7 -16 -4 19 -3 -21 -20 23 -23 25 26 -25 -26 -27 -29
right_child=1 4 5 -5 -6 15 -8 -9 13 10 -12 -13 -14 -15 16 -17 -18 -19 21 20 -22 22 -24 24 27 28 -28 29 -30 -31
leaf_value=-0.010734674362864668 0.056385346188107859 0.0051336794210199797 -0.041805220954784457 0.1061566230398213 -0.060528062829063284 0.07075588685270974 0.12422127597158197 -0.020789774683076662 -0.02691939241444968 0.067364943933698934 -0.046846786530066575 0.1043480629307787 -0.043249970613822949 0.053342463443627898 0.14956551355233269 -0.024328629044330932 0.052786119177199199 0.0090813013920685252 -0.009403149809844186 -0.027382884747756405 0.1205133047108735 -0.0075127396382651179 -0.0011091310645954711 0.29865716339354592 -0.021337373876035733 -0.039135237946202078 0.084434293580092301 0.17094441403975533 0.069431533832263248 0.029518667419171925
leaf_weight=1.104435124434531 5.1410737200640124 107.84219665080309 18.98500667326153 1.5750737823545922 3.6197502203285685 1.8683486469089978 1.4535107277333734 2.5818129172548652 12.740466780494897 1.7652370790019616 4.1707701641134918 1.9873109897598622 2.693006196524951 1.512163974344731 1.1333001656457784 1.5076846983283756 1.7313162144273526 2.8296480830758801 129.34909047558904 1.3895380618050697 2.3486943263560525 22.908692553173751 517.53473996371031 0.98257290571928146 8.6120249684900063 1.9525844035670132 1.0658494662493465 1.0836271615698922 11.536330380477009 8.0612912219949049
leaf_count=32 81 749 366 15 29 26 13 42 337 36 124 37 64 10 13 24 38 34 3173 29 33 466 10527 20 320 68 21 25 245 188
internal_value=-0.000139007 0.000460855 -0.00906581 0.00553595 -4.32881e-05 -0.0266947 0.0454168 0.0305852 4.02521e-05 0.0180636 0.00135899 0.0325518 0.000547897 -0.0184038 0.0627445 0.0282926 0.091074 -0.0352046 0.000225459 0.00715741 0.0655388 -0.000874646 0.0010481 0.0209126 0.0404711 0.0713132 0.187191 0.0134843 0.053716 0.0462769
internal_weight=883.067 827.463 55.6038 30.4131 818.287 25.1907 9.1764 7.72289 28.838 14.5854 10.6163 6.44555 4.45824 14.2526 3.96905 3.37603 2.86462 21.8147 814.667 111.58 3.73823 703.087 573.738 56.203 33.2943 15.5373 2.04842 17.7569 13.4889 9.14492
internal_count=17185 16029 1156 706 15893 450 136 123 691 344 261 137 100 347 83 50 51 400 15864 811 62 15053 11880 1353 887 354 41 533 313 213
is_linear=0
shrinkage=0.05


Tree=112
num_leaves=31
num_cat=0
split_feature=18 6 16 22 0 24 6 13 3 13 4 3 19 18 0 30 30 21 5 29 18 9 29 23 2 16 0 7 2 28
split_gain=1.87962 4.54436 8.28022 6.62532 6.53661 6.45723 9.11258 8.73119 6.06504 5.93339 5.45008 5.33222 5.20425 4.81454 4.67792 4.2847 5.22336 4.94188 4.24651 4.15698 4.11362 4.869 7.35598 6.41049 6.25707 6.51565 5.42114 5.56737 6.02098 5.81176
threshold=-0.70394896095664039 -0.34499637774615688 1.588673209126241 827.50000000000011 -1.2052657472103598 0.2318168273733783 -0.1963448191653068 0.38709952005343229 -0.53589891407825296 0.90326903178816209 0.97197299015898764 -1.0565124867287128 0.26817234736800211 -1.1241516445834674 -0.99740001380410759 -1.3670344571562725 -1.455992134624944 0.053670084044215173 -743.20249999989744 2414090.7750000004 -0.43810647411532139 0.17761265764069797 12633.065000000001 2997.5000000000005 0.75828153103274676 -0.058301781682860591 1.3393613833038975 0.46322494510835427 0.44544407728418994 2108484.9350000005
decision_type=2 2 2 2 2 2 2 2 2 2 2 2 2 2 2 2 2 2 2 2 2 2 2 2 2 2 2 2 2 2
left_child=1 15 3 5 -4 6 7 -3 11 14 -10 -6 -8 -7 -5 16 17 -1 -19 -17 21 22 23 -2 25 -24 27 -23 29 -29
right_child=20 2 4 9 8 13 12 -9 10 -11 -12 -13 -14 -15 -16 19 -18 18 -20 -21 -22 26 24 -25 -26 -27 -28 28 -30 -31
leaf_value=0.076988241939736912 0.021592620220183115 -0.018608616962177187 -0.015119146515237495 0.082310869293832578 0.048624267496292395 -0.024986463121222963 -0.025129815673596803 0.12828737901794277 -0.039177275854981333 0.11823541648351421 0.064409006321921702 0.14144726858599047 0.094144900000534909 0.053611581211984893 -0.026686545768840886 -0.026326332638549183 0.08351878246944372 0.049764018090258502 -0.028273827636937782 0.044107912289814297 -0.00076893965943502758 -0.013007707728937203 0.20926774041188723 -0.057256914443101339 -0.0073364380536612723 0.063287258858231762 0.055413435442694538 0.018173530659765753 -0.016701899248744531 0.08831424682043898
leaf_weight=1.6672504665330041 34.931211920455098 2.012951939366757 4.7068092380650368 1.5198440738022325 3.7012553615495563 2.845000259578228 48.063614305108786 2.0334074767306447 2.4657525029033396 1.8757675820961592 2.6180449891835451 2.6584089770913133 0.93227543821558256 6.1821530610322935 2.7939878758043042 44.86583074554801 1.9565043263137329 2.1073915306478712 10.088962635025382 2.1974388044327489 614.01374363293871 42.756696119904518 1.2679291432723403 2.7830768637359133 1.344095225445926 1.9246829515323034 4.4776592501439145 17.854862290434546 10.334520594216881 3.5386005043983451
leaf_count=19 584 32 96 26 50 25 1164 24 72 28 47 26 9 36 71 979 20 25 198 29 11853 900 12 61 32 38 76 350 259 44
internal_value=-0.000140036 -0.00529544 0.0022849 -0.00533248 0.0344797 -0.0102516 -0.0169046 0.0552107 0.0548802 0.0439964 0.0141674 0.0874253 -0.0228603 0.0288406 0.0117153 -0.0154706 0.00704055 -0.00375246 -0.0147898 -0.0230377 0.000892778 0.00931031 0.0230099 0.015774 0.0831625 0.121263 0.00197999 -0.00123217 0.0146366 0.0297752
internal_weight=882.52 147.293 84.4093 68.259 16.1503 62.0694 53.0422 4.04636 11.4435 6.1896 5.0838 6.35966 48.9959 9.02715 4.31383 62.8834 15.8201 13.8636 12.1964 47.0633 735.227 121.213 42.251 37.7143 4.53671 3.19261 78.9623 74.4847 31.728 21.3935
internal_count=17185 2976 1706 1415 291 1290 1229 56 195 125 119 76 1173 61 97 1270 262 242 223 1008 14209 2356 727 645 82 50 1629 1553 653 394
is_linear=0
shrinkage=0.05


Tree=113
num_leaves=31
num_cat=0
split_feature=19 23 19 13 3 13 14 14 13 15 21 16 22 6 22 13 2 18 6 21 16 0 22 7 19 6 13 24 0 21
split_gain=1.8418 2.94641 2.94138 2.48815 2.08495 4.14802 3.89484 6.41718 4.35598 3.48305 3.23221 4.63535 3.10156 3.00453 2.90986 3.01799 2.86999 2.28744 4.69047 7.5564 6.15894 5.89787 5.84255 5.20067 4.94752 5.96941 9.45783 5.00811 4.76411 5.72645
threshold=-2.566666666666666 295.50000000000006 -1.0536899648574978 0.75750604757927531 1.5695748647523355 0.062549424605022455 6466417.7733853115 7671792.5016918974 -0.56282764075307867 0.19523059847931271 -0.79956652090507652 -0.48649375029945519 -384.49999999999994 -1.8001958505628528 -2044.4999999999998 -2.7276422027660026 1.457733209841346 -0.70394896095664039 -0.34499637774615688 0.027104094211246602 1.588673209126241 -1.2052657472103598 827.50000000000011 -1.3077973594653411 0.20638945233266093 -0.1963448191653068 0.38709952005343229 0.2318168273733783 0.50075558944402265 0.053670084044215173
decision_type=2 2 2 2 2 2 2 2 2 2 2 2 2 2 2 2 2 2 2 2 2 2 2 2 2 2 2 2 2 2
left_child=1 -1 -2 -3 17 6 9 16 13 14 -11 12 -12 -9 -6 -16 -8 18 28 -20 22 -22 24 -23 25 26 -21 -27 -4 -30
right_child=2 3 4 -5 5 -7 7 8 -10 10 11 -13 -14 -15 15 -17 -18 -19 19 20 21 23 -24 -25 -26 27 -28 -29 29 -31
leaf_value=0.059026535125404601 -0.055166804362934377 0.030803637119494378 -0.023826113299348084 -0.038666679539580168 0.11197619266466866 -0.033376178278566815 0.025580456950763077 0.045921468076889502 0.070418661555083292 0.042898783622894343 -0.01704841026405873 -0.038811783782593465 0.057053519467056883 -0.030569499090889182 0.10587075536624563 -0.051257499544353713 0.12669721330408573 0.0015857144355716395 -0.05468591914619092 -0.023194562767785545 -0.012879307810019558 -0.028422270002940089 0.046298487708170785 0.070446623494048899 0.058763082508529754 -0.020989022063238334 0.12608218093165466 0.028075400670294143 0.10494061542463583 -0.0011660046902641353
leaf_weight=3.4061127100139839 2.4417331302538505 2.8328098244965076 45.490229634568095 2.3648937195539474 0.30646195448934932 13.851124198641626 1.1704161837697022 1.6195589248090971 1.8605284700170148 3.5298885582014945 2.6638594921678305 6.8889205907471451 3.0050213346257815 6.1924000862054527 0.31824282929300984 7.6906717703677758 1.7524146782234309 681.6690582591109 5.4047557092271736 2.2508556805551043 4.4688308453187338 1.56298018246889 5.9567447053268543 8.926420094445346 2.802636958193033 40.445910562761128 2.0073755774646997 5.9683940149843684 1.43369043432176 11.245021251961587
leaf_count=37 60 27 944 16 19 522 40 18 34 26 21 76 26 224 16 485 19 12737 158 29 89 33 107 125 22 966 21 38 21 229
internal_value=-0.000138917 0.0228816 -0.000365815 -0.000804536 -0.000212096 -0.0100364 -0.00129873 0.0212822 0.00166347 -0.0129536 0.000627132 -0.0112551 0.0222323 -0.0147116 -0.039228 -0.0450138 0.0862061 0.0003974 -0.00547397 0.00239746 0.0065448 0.0352219 -0.000672846 0.0557146 -0.00590511 -0.00948183 0.0471761 -0.0146799 -0.0162718 0.0108324
internal_weight=881.528 8.60382 872.924 5.1977 870.482 50.8495 36.9984 12.5953 9.67249 24.4031 16.0877 12.5578 5.66888 7.81196 8.31538 8.00891 2.92283 819.633 137.964 79.7949 74.3901 14.9582 59.4319 10.4894 53.4752 50.6725 4.25823 46.4143 58.1689 12.6787
internal_count=17185 80 17105 43 17045 1526 1004 335 276 669 149 123 47 242 520 501 59 15519 2782 1588 1430 247 1183 158 1076 1054 50 1004 1194 250
is_linear=0
shrinkage=0.05


Tree=114
num_leaves=31
num_cat=0
split_feature=19 22 6 4 7 21 3 6 14 21 7 27 13 13 7 21 14 30 21 9 4 3 13 6 6 30 27 10 23 9
split_gain=1.83414 2.7398 2.57515 1.93264 5.83582 5.9249 7.34138 9.75546 9.06088 6.37483 6.2394 5.12911 6.20172 5.05742 5.90563 10.7443 8.868 9.802 8.29947 9.52153 7.86012 7.68478 6.80395 8.96806 8.55323 6.54625 8.35367 10.1114 9.08835 5.73585
threshold=0.6506631299734581 -1360.4999999999998 1.9258271590077725 -0.93839354736829905 -1.5791307261788561 1.0986268366384022 -1.1907346084293076 0.17373809049836916 8047939.2954067467 4.2444492944707113 -1.9747287550779877 0.0018026394005840054 2.1330247934384832 -2.6234278100907491 0.15713377611032256 2.4323528488537942 2273226.5565099563 -0.26207289712761983 0.22427477630090728 10.067678067688719 -0.99936522043717335 -2.1821610709046326 1.3729854150390219 -1.0222274676458019 -0.42803840739308724 0.37007626112210334 -0.0072781735585321075 4.1917847618389343 1476.5000000000002 10.525572825093949
decision_type=2 2 2 2 2 2 2 2 2 2 2 2 2 2 2 2 2 2 2 2 2 2 2 2 2 2 2 2 2 2
left_child=3 -2 -3 4 5 -1 8 10 11 -9 -8 12 -7 -6 16 18 17 -15 19 -16 21 -19 25 -24 -25 26 -17 28 -28 -26
right_child=1 2 -4 -5 13 6 7 9 -10 -11 -12 -13 -14 14 15 22 -18 20 -20 -21 -22 -23 23 24 29 -27 27 -29 -30 -31
leaf_value=-0.04041935311542539 0.056058518549758157 -0.05410974350707002 0.0353313410936534 -0.0015190003875901138 -0.05149921590826232 -0.061772916330981198 0.048941577172969708 -0.019386518465174991 0.049918032884124136 0.10395633985392971 0.12696885901561425 0.018405907853760155 0.05158256492439274 -0.016889323681353926 -0.021858560518383932 -0.0047973754690998592 -0.020913150461708111 0.087292723860819113 -0.028211704847809594 0.12501040439331762 0.1383825800167271 0.010577037490709715 -0.057491673121411992 0.092019090454675975 -0.047873010476338337 0.005417462717957032 0.046651031179733592 0.087613880618897966 -0.02871194691539667 0.049498364439821543
leaf_weight=3.6761237904429427 0.87407050747424353 4.7576962015591553 0.96860449202358712 601.85436953371391 4.6065299264155319 6.9195674834772962 6.443680863827467 5.6016906248405567 7.9047231087461105 1.2885297462344167 4.253154259175064 6.0494249369949094 1.4614532291889188 23.308354492299259 2.3863476081751314 9.3572192098945361 55.475404636468738 3.7447700910270276 24.636573901865631 2.0528513174504042 1.48387961834669 25.447802424430847 6.3133753426372996 2.8412565123289815 4.1032457631081334 26.416938192211092 17.51522267237306 11.131967168301342 5.1846087239682666 2.3953338861465454
leaf_count=131 14 109 11 12463 102 119 46 123 63 6 27 80 14 309 109 129 1032 34 731 21 21 379 109 29 72 416 262 116 86 22
internal_value=-0.000136579 -0.026395 -0.0389808 6.17555e-05 0.00355949 0.0203225 0.0259157 0.0500786 0.00688945 0.00367964 0.0799659 -0.0166808 -0.0420064 0.000359701 0.00142715 0.00937439 -0.00687402 0.00755276 -0.0168723 0.0460591 0.0261242 0.020418 0.0183252 -0.01146 0.0196556 0.0250234 0.0370156 0.0485803 0.0294382 -0.0119826
internal_weight=880.455 6.60037 5.7263 873.854 272 43.5983 39.9222 17.5871 22.3352 6.89022 10.6968 14.4304 8.38102 228.402 223.795 114.335 109.46 53.9848 29.0758 4.4392 30.6765 29.1926 85.2592 15.6532 9.33984 69.606 43.189 33.8318 22.6998 6.49858
internal_count=17185 134 120 17051 4588 609 478 202 276 129 73 213 133 3979 3877 2102 1775 743 861 130 434 413 1241 232 123 1009 593 464 348 94
is_linear=0
shrinkage=0.05


Tree=115
num_leaves=31
num_cat=0
split_feature=16 24 25 7 23 26 30 26 7 21 13 26 5 13 18 14 14 3 25 23 21 21 13 23 2 6 16 10 3 0
split_gain=1.80988 7.54882 5.09851 3.82968 4.36051 6.17741 4.60619 5.19643 5.9705 9.41627 4.75144 4.64039 5.60234 4.66942 4.55483 7.65704 6.58434 5.91147 5.5473 5.13611 4.69804 6.77455 5.5363 4.8784 4.76749 4.58106 4.54149 4.51004 4.48364 5.89461
threshold=0.14845156369077175 0.2318168273733783 0.72949716722630897 -2.3739516572252248 970.50000000000011 -0.00050449999999999985 2.1194419040713197 -0.00017099999999999993 1.3171931511635464 0.55555468858339196 0.62266879893023253 -0.0002724999999999999 279.24450000002986 1.4211101250345248 -0.21388668375398698 2785523.7268129331 3264483.289752739 -1.3006265819875535 -0.97696009573615861 1524.5000000000002 1.0165928424521555 2.1378658063596236 -0.97332845666365053 1860.0000000000002 0.51546034956553399 2.1039586817291727 0.54293021845611866 3.1599013915292304 -0.18080879781434031 -1.0057327909413301
decision_type=2 2 2 2 2 2 2 2 2 2 2 2 2 2 2 2 2 2 2 2 2 2 2 2 2 2 2 2 2 2
left_child=-1 2 3 -2 5 -5 7 8 11 -10 -11 13 26 -7 15 18 17 -17 -6 -18 -21 22 -22 -23 -24 -25 -13 -19 29 -28
right_child=1 -3 -4 4 14 6 -8 -9 9 10 -12 12 -14 -15 -16 16 19 27 -20 20 21 23 24 25 -26 -27 28 -29 -30 -31
leaf_value=-0.0021950010289573264 -0.022432803902534916 0.064917303897641776 0.10801960608702987 -0.049594767284928967 0.11437410748867499 -0.019209487120047664 -0.01715566400013022 0.0052185633520979444 0.16829674530337602 0.0057874147918071175 0.085409207886503163 -0.028103695342492737 0.078134705386154801 0.043826374025428272 -0.016739147465850805 -0.029187968621217749 -0.022443057126320554 0.056726180654780758 -0.018615676567786704 -0.029785205607938816 0.15981122252711105 0.059961884967171343 -0.01682346453862231 -0.026572018464723721 0.10358450098288752 0.073692234369385753 -0.0033771378543555088 0.16026220657133097 -0.0098013970967495857 0.089385885149935895
leaf_weight=482.03193514049053 16.291613560169935 4.7651816904544821 1.1223520599305619 4.9076839592307797 0.80535162985325115 12.847990190610288 18.244952032808214 187.89660573191941 1.6367952423170189 4.851574738509953 3.0526607763022184 4.2108182152733269 4.7805321281775823 3.8087465334683648 51.818066246807575 1.2335947132669387 8.771799082867803 2.9058731207624069 29.750617394223809 3.434101318940523 1.6086407797411082 3.8335979916155321 1.5589445726946025 6.4524605376645923 1.7392785064876077 1.3835074268281458 2.6878961464390141 1.6485024709254501 4.0312225110828876 4.7195644341409206
leaf_count=9296 316 24 7 76 5 207 378 3788 25 92 34 79 71 37 1134 25 194 52 751 106 27 46 35 117 17 13 62 16 90 65
internal_value=-0.000136314 0.00236457 0.00160425 0.00129872 0.00233076 0.00596483 0.00704356 0.00892615 0.0238667 0.0591415 0.0365378 0.0147918 0.0307615 -0.00479564 -0.00567663 0.00312532 0.0192436 0.0679039 -0.0151105 0.00945829 0.0234425 0.0344696 0.0837631 0.0137425 0.0466722 -0.0088695 0.0162902 0.0942021 0.0326326 0.0557256
internal_weight=878.832 396.801 392.035 390.913 374.621 257.677 252.769 234.524 46.6278 9.54103 7.90424 37.0868 20.43 16.6567 116.944 65.1263 34.5703 5.78797 30.556 28.7823 20.0105 16.5764 4.90686 11.6696 3.29822 7.83597 15.6495 4.55438 11.4387 7.40746
internal_count=17185 7889 7865 7858 7542 5004 4928 4550 762 151 126 611 367 244 2538 1404 648 93 756 555 361 255 79 176 52 130 296 68 217 127
is_linear=0
shrinkage=0.05


Tree=116
num_leaves=31
num_cat=0
split_feature=15 27 0 26 26 26 21 9 16 22 29 13 24 9 5 28 22 13 7 6 27 1 21 5 26 14 13 13 30 7
split_gain=1.78204 3.2222 4.56991 5.40143 3.77697 4.95254 4.19628 4.01869 4.42954 4.10639 4.01383 3.74574 3.67103 3.5689 4.53367 3.21293 4.07964 3.5893 3.2123 4.72941 3.13504 5.91229 7.9748 8.09019 9.56301 13.3932 6.96105 5.94878 6.58645 10.0237
threshold=1.0954451150103328 -0.0070731172806740563 -0.89427170012831725 -0.00021399999999999994 -0.00020199999999999992 -9.6824999999999968e-05 1.3748847563647726 2.5308023564717934 -0.81483603373272873 -62.499999999999993 94177.520000000019 -1.0510162687371214 0.26062846872183548 4.1921215156580471 -320.03199999989005 1770886.9350000003 166.50000000000003 0.79380259992288005 1.6793843350932975 1.105007187705864 0.0037455807874159368 0.8011319490022738 2.3375645900086934 122.49249999993482 5.3255000000000052e-05 2293987.3984280038 -1.4785419354833176 1.5277710096656578 1.234592087887824 1.9012156554729549
decision_type=2 2 2 2 2 2 2 2 2 2 2 2 2 2 2 2 2 2 2 2 2 2 2 2 2 2 2 2 2 2
left_child=20 2 -2 -4 6 10 -3 8 -8 -10 -6 -5 13 14 -7 16 17 -15 19 -16 -1 26 23 24 25 -23 -22 28 -28 -30
right_child=1 4 3 11 5 12 7 -9 9 -11 -12 -13 -14 15 18 -17 -18 -19 -20 -21 21 22 -24 -25 -26 -27 27 -29 29 -31
leaf_value=-0.0028675421503539709 0.04591402217852153 -0.058733105810468145 0.050361190833995706 -0.039919000419272238 0.037624515979559306 0.049219308932775242 0.069160656568647172 -0.043408707076648456 -0.045429784960603188 0.031239173590985839 -0.018294804498796866 0.007819550613906481 -0.055505822226202962 -0.028832320833803184 0.0087182139936701607 0.01499865776653698 -0.058535299448969527 0.023787846675085437 0.044484360944405221 -0.031402359433192951 -0.030159450857909179 0.28746771851177311 -0.00084334309756182275 0.025412540274943135 -0.051516585660272909 0.077162386309856043 0.020968072805244417 -0.022455389936075737 -0.033015305201573614 0.052854114418639235
leaf_weight=572.28669947432354 10.293641244992612 5.0425925124436644 5.5807461254298714 5.6182125061750439 16.351247996091846 6.1476401127874842 2.5659259185194969 4.7217998690903178 3.5446505136787891 3.4427138194441778 3.9926137104630461 15.296635344624518 2.9712796285748473 8.6188570968806797 30.26153133250773 7.222322952002286 5.9618919454514971 5.1935724169015876 4.2951957322657099 9.6997788082808238 17.571926495525986 1.0126403886824871 23.559249582700431 19.102814552839845 0.88292241375893343 2.9994222754612565 48.019514907617122 16.504762620199472 14.998001999221744 4.394240863621234
leaf_count=12614 65 43 31 37 86 33 13 28 28 20 26 95 22 53 207 43 37 30 27 86 570 19 433 504 42 51 1010 415 457 60
internal_value=-0.000135128 0.00469552 0.0176414 0.00665742 0.000727717 0.00461207 -0.019524 -0.00567361 0.0129773 -0.00765456 0.02665 -0.00500413 -0.000966192 0.00112749 0.00898502 -0.0135429 -0.0239674 -0.00904676 0.0033961 -0.00102022 -0.00118535 0.00527374 0.0198213 0.0401083 0.0974587 0.130243 -0.00154317 0.00444902 0.0110362 -0.0135575
internal_weight=878.155 156.823 36.7892 26.4956 120.034 100.716 19.3177 14.2751 9.55329 6.98736 20.3439 20.9148 80.3721 77.4008 50.4041 26.9966 19.7743 13.8124 44.2565 39.9613 721.332 149.045 47.557 23.9978 4.89499 4.01206 101.488 83.9165 67.4118 19.3922
internal_count=17185 1010 228 163 782 650 132 89 61 48 112 132 538 516 353 163 120 83 320 293 16175 3561 1049 616 112 70 2512 1942 1527 517
is_linear=0
shrinkage=0.05


Tree=117
num_leaves=31
num_cat=0
split_feature=22 23 15 18 5 9 21 10 8 0 9 28 7 7 23 21 30 30 0 3 3 21 6 30 6 22 5 26 8 22
split_gain=1.80994 3.93823 3.51858 5.07656 3.53454 3.22249 8.10277 4.41277 5.92703 4.31715 3.52769 5.66211 3.37515 3.22716 3.22579 7.86225 4.71142 8.79012 7.70873 8.12802 4.66184 10.8519 4.97235 7.49546 4.94022 4.51592 5.79528 4.34418 4.13661 3.97958
threshold=-243.49999999999997 167.50000000000003 0.4064422130750171 -0.15316229620249619 1420.7980000001846 16.89124388249385 0.59906284951837974 44.107466570251042 18819886.365000036 0.38691425099154947 15.958097655532114 -3507630.1099999994 -1.5564742143234687 0.34272048865213572 211.50000000000003 2.1702103312800367 1.6327145479162446 2.2966368291969492 0.34938411187600737 1.0835757306771383 -0.27529142455090833 2.2400947826657887 -1.8724240125958673 0.55203561669636481 -1.7396586136440153 -192.49999999999997 -197.33449999988076 0.00033350000000000008 8455304.4950000513 -75.499999999999986
decision_type=2 2 2 2 2 2 2 2 2 2 2 2 2 2 2 2 2 2 2 2 2 2 2 2 2 2 2 2 2 2
left_child=1 -1 4 -4 -3 10 9 -8 12 13 14 -12 -9 -7 15 16 27 18 -18 -20 22 -22 28 24 -24 26 -26 -2 -17 -27
right_child=5 2 3 -5 -6 6 7 8 -10 -11 11 -13 -14 -15 -16 20 17 -19 19 -21 21 -23 23 -25 25 29 -28 -29 -30 -31
leaf_value=-0.0013857965349162761 -0.015906339339833646 -0.038776526463439598 0.038672834171658364 -0.032676365578181869 0.05029856189296307 0.027844530401030673 -0.021710099661202367 0.044659870534768185 0.056070660548492662 -0.015948308584166342 0.13188159983383868 0.013869031349562253 -0.053702035295062123 0.10122477800257673 3.2701440004986952e-05 -0.045077282918510167 0.019459332612380156 -0.038791552123612648 0.25522472872117236 0.046369122749982811 0.13209358552486464 -0.022529293807095192 0.13349602211758022 0.0058145520183751831 0.16507927651927609 0.0021122945932025286 0.039498557384200418 0.040513688500326515 0.048430623780423079 0.042816611898265078
leaf_weight=283.57090388378128 42.829813348595053 17.946665057446815 5.0401145694777369 4.933232997544108 1.1873605959117401 3.5367286265827698 48.227848990820348 1.2194697903469203 4.5972692053765059 2.8046923689544201 1.3461165633052585 4.1494803819805375 3.0619023758918029 2.599619759246707 359.30698748445138 4.2642731964588156 2.5776170305907717 2.7098285797983408 0.95111505873501279 0.91300623118877411 1.2534809065982688 11.978793376125394 1.4347743336111296 22.065001845359802 1.5446744132786991 7.9479978289455131 2.2669483423233023 3.7070855870842925 1.6366847697645424 24.560049862600867
leaf_count=5778 1071 574 42 43 17 65 747 13 47 69 14 60 63 22 7216 68 54 86 17 25 16 223 18 303 11 107 36 47 16 317
internal_value=-0.000132875 -0.0031836 -0.0206982 0.00338055 -0.033249 0.00155996 -0.00881689 -0.0157465 0.016647 0.0354427 0.00293773 0.0427756 -0.0256855 0.0589315 0.0024927 0.0091565 -0.00560557 0.0321781 0.0754754 0.152932 0.0191948 -0.00788201 0.0246465 0.0289661 0.0424967 0.0389018 0.0903906 -0.011412 -0.019142 0.0328647
internal_weight=876.17 312.678 29.1074 9.97335 19.134 563.491 66.0475 57.1065 8.87864 8.94104 497.444 5.4956 4.28137 6.13635 491.948 132.641 53.6885 7.15157 4.44174 1.86412 78.9527 13.2323 65.7204 59.8194 37.7544 36.3197 3.81162 46.5369 5.90096 32.508
internal_count=17185 6454 676 85 591 10731 1026 870 123 156 9705 74 76 87 9631 2415 1300 182 96 42 1115 239 876 792 489 471 47 1118 84 424
is_linear=0
shrinkage=0.05


Tree=118
num_leaves=31
num_cat=0
split_feature=6 13 10 10 3 13 7 6 27 2 6 10 7 3 7 23 21 6 23 6 6 30 10 18 26 20 13 7 21 4
split_gain=1.82899 5.05034 11.0051 9.59053 10.5581 8.30235 7.2588 7.38492 8.31971 7.26756 6.48307 7.68156 8.03538 7.10532 6.63797 6.45767 6.2734 7.6507 6.14037 5.94593 5.94201 6.27784 5.82554 5.80185 5.65111 5.26403 4.37875 9.96567 10.7952 11.7694
threshold=0.63801230500701844 -0.8811639271331474 0.33809916452168998 0.0012581078349596726 -0.49199280433669046 -1.3552872589909493 2.2382393826743203 1.4273572494612579 -0.0055072681536998394 1.7076482815210019 0.94499472510610982 2.7007231864053254 -1.0646740413009426 -0.94877934759059956 1.7187263705924267 2502.5000000000005 1.9676407935329296 0.91204334284274202 -3776.4999999999995 1.2993506044021228 1.4443670000909747 -0.52307119034130312 0.25096309080188534 -1.0000000180025095e-35 -0.00039249999999999989 -3.0000000000004161 1.0000000180025095e-35 -1.3263391882498499 1.2940233634591234 0.32736811085801643
decision_type=2 2 2 2 2 2 2 2 2 2 2 2 2 2 2 2 2 2 2 2 2 2 2 2 2 2 2 2 2 2
left_child=26 2 3 24 22 16 7 8 9 15 11 14 -13 23 -10 18 17 -6 -3 -8 21 -9 -5 -14 -2 -26 27 28 -1 -30
right_child=1 6 -4 4 5 -7 19 20 10 -11 -12 12 13 -15 -16 -17 -18 -19 -20 -21 -22 -23 -24 -25 25 -27 -28 -29 29 -31
leaf_value=0.05631280495004818 0.076902027868180622 0.090929894127793162 -0.034366844376943755 -0.03646514119438489 0.18382550684097151 -0.051564192379789167 0.081197900653119728 0.2083229612836287 -0.039346662722201851 0.094845731327744709 -0.038652821764685472 -0.03104485355127078 0.038849623944293449 -0.011294113199945678 0.14608290638714708 0.083979096951933493 0.1306433153265206 -0.051889706844012874 -0.024695544131638381 0.0073676096570087467 0.0061715342618662633 0.0065914032684098291 0.077022708409111795 0.15717582612121814 0.055664292850893006 -0.029511337691755735 -0.0036277288764772625 0.0016215523697330617 0.024969294236855871 -0.049240025248158042
leaf_weight=18.250580201856792 1.5585624957457209 1.2918465323746193 36.25947221275419 4.7985413959249854 0.48712400905787934 1.0475655412301401 4.9026820287108404 0.75428431387990713 10.601363797672093 2.5334795517846933 30.6125947246328 3.4717915416695178 1.9524630736559627 2.0942675760015828 0.50565356109291393 2.0718485927209249 4.5928565775975585 1.1736369673162697 10.328205822966995 6.1452047638595104 83.526537308003753 0.78913530614226945 1.4793985737487672 2.2069655321538448 1.9979635812342191 19.696307353675365 266.70332825370133 323.76470653153956 22.587452130392197 6.9982890868559471
leaf_count=321 21 16 1133 153 13 49 33 16 402 28 1057 80 25 70 21 27 49 60 223 68 1880 24 34 22 14 570 5196 5144 267 169
internal_value=-0.000131893 -0.00388401 -0.0148129 0.00443719 0.0378245 0.0787071 0.000993053 -0.00183784 -0.0141648 0.0170528 -0.0240105 -0.00249423 0.0299522 0.0638153 -0.0309049 0.00265842 0.100529 0.0172488 -0.011841 0.040131 0.00796783 0.10518 -0.00972169 0.101633 -0.0150602 -0.021667 0.00126055 0.00476893 0.0260709 0.00741563
internal_weight=875.184 236.88 73.0914 36.832 13.5791 7.30118 163.788 152.74 67.6705 16.2254 51.4451 20.8325 9.72549 6.2537 11.107 13.6919 6.25362 1.66076 11.6201 11.0479 85.07 1.54342 6.27794 4.15943 23.2528 21.6943 638.304 371.601 47.8363 29.5857
internal_count=17185 6088 2096 963 358 171 3992 3891 1971 294 1677 620 197 117 423 266 122 73 239 101 1920 40 187 47 605 584 11097 5901 757 436
is_linear=0
shrinkage=0.05


Tree=119
num_leaves=31
num_cat=0
split_feature=26 18 28 6 4 30 24 7 14 10 13 7 14 14 1 15 26 26 0 4 6 21 10 8 29 8 0 22 22 5
split_gain=1.79621 4.66627 2.35831 3.06494 3.11294 1.98672 5.42474 5.20111 6.07169 4.22978 5.97203 5.76544 6.20195 7.40134 5.85023 5.32934 5.39898 6.7807 7.63558 5.64193 4.07725 3.93585 6.10388 4.72533 5.00252 4.68051 4.45158 4.27551 6.85389 4.20749
threshold=0.00061276500000000003 0.80585376179903012 9644.6950000000015 0.27123101876612082 -1.2872054100445074 1.3666404293814505 -0.54323903443389332 2.4492087563149796 3384768.967441068 0.0012581078349596726 0.24912118054796553 -3.6372167262361468 1868975.7802872711 1104700.8541365457 -0.79424151367117302 0.63886986550254776 1.5999999999999986e-05 0.00016400000000000003 1.1574097060794697 0.63778690494775103 -0.92673441224270758 2.3240587430381372 0.62720977447421455 69519.54000005078 7373.3650000000007 186111.52000004103 -0.98734109452281837 -1293.4999999999998 -1836.9999999999998 448.30700000002986
decision_type=2 2 2 2 2 2 2 2 2 2 2 2 2 2 2 2 2 2 2 2 2 2 2 2 2 2 2 2 2 2
left_child=5 2 3 -2 -5 -1 -7 9 -9 10 15 -11 13 -13 -15 16 -8 18 19 -18 -19 29 23 -23 25 -25 -27 28 -24 -14
right_child=1 -3 -4 4 -6 6 7 8 -10 11 -12 12 21 14 -16 -17 17 20 -20 -21 -22 22 27 24 -26 26 -28 -29 -30 -31
leaf_value=0.00067532474414904418 0.07343665793160796 -0.046088872702175057 -0.0035154793725522219 0.068142867063165177 -0.026738487671099993 0.09147446279246689 -0.036341069843377864 0.10514783014678659 -0.0012238098635549734 0.073879470964530292 -0.04667047778672067 -0.022270305005024457 -0.038842216676272585 -0.010049305798716678 0.06759703956716448 0.023880161099155958 -0.031956321118164002 0.065097268026350727 0.12316616300904026 0.058658428307281289 -0.057284261247271068 -0.032514427307261735 -0.034630359048931185 0.13460971206812444 -0.033532530467392206 0.084699435811936896 -0.0032624961579543321 -0.020894166914824295 0.11634926128409902 0.0078573391546312848
leaf_weight=711.30357476230711 4.4532813150435668 2.3780160732567301 3.4870599266141644 1.4450072571635231 2.1517347395420092 1.4228564798831929 19.026799493003637 2.2079153507947913 3.4187394324690104 2.4701953530311576 14.541573293041436 6.1471290225163129 18.285228519700471 3.4011722509749243 8.4599846871569717 9.310538715682922 3.9116546493023616 0.79700228665024031 1.8070017821155486 3.0628133621066809 4.6588518875651053 2.4342931583523741 1.4752717195078733 1.7542868107557277 1.6295194830745456 2.9163935258984552 2.8380760625004782 24.312257539480925 1.5325913801789308 6.5513122137635937
leaf_count=14024 36 31 36 9 32 7 371 24 51 19 434 192 553 74 179 71 82 14 27 45 107 57 28 16 33 32 50 383 18 150
internal_value=-0.000134022 0.0176864 0.0308317 0.04571 0.0113805 -0.000422471 -0.00568531 -0.00662607 0.0405167 -0.008503 -0.0190061 -0.00137899 -0.00365338 0.022256 0.045332 -0.00955719 -0.0189162 0.00437041 0.0315687 0.00783683 -0.0394065 -0.0109747 -0.00104512 0.0293893 0.0458795 0.0631132 0.041317 -0.0139369 0.042298 -0.0265239
internal_weight=873.592 13.9151 11.5371 8.05002 3.59674 859.677 148.373 146.951 5.62665 141.324 57.1162 84.2077 81.7375 18.0083 11.8612 42.5747 33.2641 14.2373 8.78147 6.97447 5.45585 63.7292 38.8927 11.5726 9.13828 7.50876 5.75447 27.3201 3.00786 24.8365
internal_count=17185 144 113 77 41 17041 3017 3010 75 2935 1151 1784 1765 445 253 717 646 275 154 127 121 1320 617 188 131 98 82 429 46 703
is_linear=0
shrinkage=0.05


end of trees

feature_importances:
z_ls=293
z_oi=290
cvd_divergence=244
z_cvd_20=209
whale_z=208
poc_stability=166
poc_offset_atr=163
oi_diff_std_3=160
z_btc_20=151
abs_ratio_short=150
liq_long_5=144
oi_velocity=140
funding_accel=127
z_cvd_4=123
z_btc_10=121
btc_cvd_mom=113
abs_ratio_long=103
regime_score=96
trade_velocity=90
depth_imbalance_z=86
trade_accel=82
avg_trade_size_ask_z=77
z_btc_4=56
liq_velocity_short=47
delta_intensity=46
liq_velocity_long=41
poc_location=34
delta_intensity_roc=32
absorption_flag_short=8

parameters:
[boosting: gbdt]
[objective: binary]
[metric: binary_logloss]
[tree_learner: serial]
[device_type: cpu]
[data_sample_strategy: bagging]
[data: ]
[valid: ]
[num_iterations: 120]
[learning_rate: 0.05]
[num_leaves: 31]
[num_threads: 1]
[seed: 0]
[deterministic: 0]
[force_col_wise: 0]
[force_row_wise: 0]
[histogram_pool_size: -1]
[max_depth: -1]
[min_data_in_leaf: 20]
[min_sum_hessian_in_leaf: 0.001]
[bagging_fraction: 1]
[pos_bagging_fraction: 1]
[neg_bagging_fraction: 1]
[bagging_freq: 0]
[bagging_seed: 3]
[bagging_by_query: 0]
[feature_fraction: 1]
[feature_fraction_bynode: 1]
[feature_fraction_seed: 2]
[extra_trees: 0]
[extra_seed: 6]
[early_stopping_round: 0]
[early_stopping_min_delta: 0]
[first_metric_only: 0]
[max_delta_step: 0]
[lambda_l1: 0]
[lambda_l2: 0]
[linear_lambda: 0]
[min_gain_to_split: 0]
[drop_rate: 0.1]
[max_drop: 50]
[skip_drop: 0.5]
[xgboost_dart_mode: 0]
[uniform_drop: 0]
[drop_seed: 4]
[top_rate: 0.2]
[other_rate: 0.1]
[min_data_per_group: 100]
[max_cat_threshold: 32]
[cat_l2: 10]
[cat_smooth: 10]
[max_cat_to_onehot: 4]
[top_k: 20]
[monotone_constraints: ]
[monotone_constraints_method: basic]
[monotone_penalty: 0]
[feature_contri: ]
[forcedsplits_filename: ]
[refit_decay_rate: 0.9]
[cegb_tradeoff: 1]
[cegb_penalty_split: 0]
[cegb_penalty_feature_lazy: ]
[cegb_penalty_feature_coupled: ]
[path_smooth: 0]
[interaction_constraints: ]
[verbosity: -1]
[saved_feature_importance_type: 0]
[use_quantized_grad: 0]
[num_grad_quant_bins: 4]
[quant_train_renew_leaf: 0]
[stochastic_rounding: 1]
[linear_tree: 0]
[max_bin: 255]
[max_bin_by_feature: ]
[min_data_in_bin: 3]
[bin_construct_sample_cnt: 200000]
[data_random_seed: 1]
[is_enable_sparse: 1]
[enable_bundle: 1]
[use_missing: 1]
[zero_as_missing: 0]
[feature_pre_filter: 1]
[pre_partition: 0]
[two_round: 0]
[header: 0]
[label_column: ]
[weight_column: ]
[group_column: ]
[ignore_column: ]
[categorical_feature: ]
[forcedbins_filename: ]
[precise_float_parser: 0]
[parser_config_file: ]
[objective_seed: 5]
[num_class: 1]
[is_unbalance: 0]
[scale_pos_weight: 1]
[sigmoid: 1]
[boost_from_average: 1]
[reg_sqrt: 0]
[alpha: 0.9]
[fair_c: 1]
[poisson_max_delta_step: 0.7]
[tweedie_variance_power: 1.5]
[lambdarank_truncation_level: 30]
[lambdarank_norm: 1]
[label_gain: ]
[lambdarank_position_bias_regularization: 0]
[eval_at: ]
[multi_error_top_k: 1]
[auc_mu_weights: ]
[num_machines: 1]
[local_listen_port: 12400]
[time_out: 120]
[machine_list_filename: ]
[machines: ]
[gpu_platform_id: -1]
[gpu_device_id: -1]
[gpu_use_dp: 0]
[num_gpu: 1]

end of parameters

pandas_categorical:[]
