tree
version=v4
num_class=1
num_tree_per_iteration=1
label_index=0
max_feature_idx=30
objective=binary sigmoid:1
feature_names=z_cvd_4 z_btc_4 z_btc_10 z_cvd_20 z_btc_20 btc_cvd_mom z_oi z_ls liq_long_5 abs_ratio_long abs_ratio_short absorption_flag_long absorption_flag_short whale_z oi_diff_std_3 poc_stability depth_imbalance_z avg_trade_size_bid_z avg_trade_size_ask_z poc_offset_atr poc_location cvd_divergence trade_velocity trade_accel delta_intensity delta_intensity_roc funding_accel oi_velocity liq_velocity_long liq_velocity_short regime_score
feature_infos=[-1.4997684439872445:1.4999615861447197] [-1.4998608527078101:1.4999984493610399] [-2.8223650046725601:2.8382250552527633] [-3.8983995292963791:4.1958194613316753] [-4.1913076579079691:4.166592363226223] [-7267.9040000000969:4246.195000000298] [-5.3132490700765622:6.003683901777932] [-3.8381876170556497:9.8999999839010879] [0:1595199.4800000002] [0:588.44548442113444] [0:100000000] [0:1] [0:1] [-4.3423834351881059:4.3044023115839902] [0:1714928.0253663706] [0:7.6681158218432692] [-0.82367408977851697:4.358898943540698] none [-1.3573885973312176:6.9153826450393332] [-7:4.666666666666667] [-41.499999999986237:0] [-3.7198199227939406:6.6643209938854806] [-562:681] [-1211:672] [-1:1] [-2:2] [-0.0037450000000000001:0.003437] [-0.059519248827016757:0.06273783378172948] [-1528333.1000000001:1535793.24] [-1504714:1729690.28] [-12.80837728805186:7.9345459952844433]
tree_sizes=3325 3437 3425 3397 3421 3428 3408 3419 3418 3411 3402 3436 3421 3421 3421 3423 3404 3437 3430 3409 3432 3442 3430 3429 3461 3412 3425 3445 3432 3443 3433 3397 3419 3427 3442 3440 3438 3444 3433 3418 3429 3417 3425 3428 3435 3411 3413 3416 3420 3404 3408 3428 3418 3419 3434 3409 3406 3416 3400 3436 3419 3414 3426 3397 3420 3404 3409 3426 3434 3388 3429 3415 3414 3410 3426 3436 3406 3420 3413 3394 3407 3406 3432 3425 3419 3438 3426 3438 3407 3425 3406 3393 3413 3458 3429 3414 3425 3410 3424 3416 3413 3404 3412 3429 3425 3408 3386 3414 3412 3406 3441 3438 3406 3424 3405 3414 3421 3407 3452 3429

Tree=0
num_leaves=31
num_cat=0
split_feature=19 19 16 7 7 30 6 10 21 27 16 8 6 9 15 3 4 15 15 16 6 4 9 4 8 21 15 3 30 15
split_gain=47.8783 44.5604 37.2385 27.2866 22.2244 48.813 24.5207 22.5853 22.0444 21.9975 20.3791 15.7254 43.9426 16.8274 26.855 24.0509 15.6663 17.0286 17.6529 15.6498 17.4705 15.3996 15.8911 15.4578 15.2787 15.0765 15.0104 14.7723 14.6309 14.5313
threshold=1.2727272727272736 -0.93333333333332824 -0.41450918286239241 2.7270214260764987 -0.75570844005756588 1.5345040678551154 1.1569377732684312 0.24018571104453773 3.0975621409442211 0.003890581790705339 -0.41205606170533654 616903.31000000041 -1.6361169250909713 0.42957115191379364 1.3764689132434149 -0.50587050778726239 -0.95331193116615021 1.2049281551341593 0.20424748818722299 -0.41782132354528073 1.9777460974505197 -1.4346809432057295 0.29967136349775519 0.084492669039831061 10808.175000000292 0.21465747498911528 0.65723353759750325 -0.034044196566863069 -1.8096630906484157 0.45184805807826395
decision_type=2 2 2 2 2 2 2 2 2 2 2 2 2 2 2 2 2 2 2 2 2 2 2 2 2 2 2 2 2 2
left_child=1 -1 3 16 5 -4 7 -7 11 21 -2 13 -13 14 25 -15 24 18 -18 20 -20 -8 23 -23 -3 -6 -26 29 -16 -9
right_child=10 2 4 -5 8 6 9 27 -10 -11 -12 12 -14 15 28 -17 17 -19 19 -21 -22 22 -24 -25 26 -27 -28 -29 -30 -31
leaf_value=-1.2274112332779594 -1.0123325093387807 -1.1528393666073753 -1.1887301827535692 -1.0793266037542948 -1.213918196064723 -1.0992937734362491 -0.98642529940974333 -1.1119756244504633 -1.2077856597297643 -1.1653139978337756 -1.1377295372793288 -1.0222968208499488 -1.2315473625844822 -1.1784989283470881 -1.0306004137759224 -1.2085139178593904 -1.0977408937202229 -1.0945380793059187 -1.1783189838692956 -1.0908392060934395 -1.1094392542476204 -1.1264066962942241 -1.1637900443085381 -1.0073503535831965 -1.1801524926847722 -1.1797911284870564 -1.2376412390458578 -1.2222782355973489 -1.1552688399817459 -1.189475825092883
leaf_weight=66.487283065915108 3.7634311169385937 17.741889551281929 298.02790226042271 8.4229172617197019 37.275889158248901 9.8566053062677366 3.5842201113700893 9.6773943006992358 210.57293154299259 12.186348378658293 23.297430723905563 5.0179081559181213 5.0179081559181196 100.71658512949944 4.301064133644104 197.84895014762878 8.7813392728567106 8.6021282672882062 139.42616233229637 5.9139631837606421 9.8566053062677366 5.1971191614866274 6.2723851948976508 5.7347521781921387 23.835063740611076 245.51907762885094 21.684531673789024 15.412146478891371 5.1971191614866239 16.12899050116539
leaf_count=371 21 99 1663 47 208 55 20 54 1175 68 130 28 28 562 24 1104 49 48 778 33 55 29 35 32 133 1370 121 86 29 90
internal_value=-1.18621 -1.18739 -1.18554 -1.16776 -1.18918 -1.17924 -1.14559 -1.16729 -1.19386 -1.11198 -1.12029 -1.18899 -1.12692 -1.19004 -1.18151 -1.19839 -1.17091 -1.16311 -1.16671 -1.17061 -1.17377 -1.08071 -1.10035 -1.06395 -1.1922 -1.18429 -1.20754 -1.18355 -1.09882 -1.16041
internal_weight=1531.36 1504.3 1437.81 244.265 1193.55 382.078 84.05 51.0751 811.467 32.9748 27.0609 600.895 10.0358 590.859 292.293 298.566 235.842 172.58 163.978 155.197 149.283 20.7885 17.2043 10.9319 63.2615 282.795 45.5196 41.2185 9.49818 25.8064
internal_count=8545 8394 8023 1363 6660 2132 469 285 4528 184 151 3353 56 3297 1631 1666 1316 963 915 866 833 116 96 61 353 1578 254 230 53 144
is_linear=0
shrinkage=1


Tree=1
num_leaves=31
num_cat=0
split_feature=19 19 16 7 7 30 6 21 10 27 16 5 10 12 4 15 15 30 30 8 15 8 6 9 14 4 3 21 13 30
split_gain=43.5317 39.3153 33.2838 22.8348 20.0712 42.8702 20.5728 20.233 19.2323 17.8224 15.8029 13.9625 15.9537 13.9791 13.8964 14.295 14.9024 14.6079 13.7651 13.7499 14.0623 13.7311 36.1721 15.6475 16.3622 20.2418 14.469 17.8354 13.7209 13.6674
threshold=-0.93333333333332824 1.2727272727272736 -0.41450918286239241 2.7270214260764987 -0.75570844005756588 1.5345040678551154 1.1569377732684312 3.0975621409442211 0.24018571104453773 0.003890581790705339 -0.41205606170533654 -998.20050000003528 34.883014536962094 1.0000000180025095e-35 -0.95331193116615021 1.2049281551341593 0.20424748818722299 3.0612275309324262 2.9521364219691075 10808.175000000292 0.65723353759750325 616903.31000000041 -1.6361169250909713 0.08078752689737953 57585.519431692679 0.2447134697011748 -0.50587050778726239 2.9113000752783993 0.39571545177365514 -3.5223276629728639
decision_type=2 2 2 2 2 2 2 2 2 2 2 2 2 2 2 2 2 2 2 2 2 2 2 2 2 2 2 2 2 2
left_child=-1 2 3 14 5 11 8 21 -7 -8 -3 12 -4 29 19 16 -16 -18 -11 28 -21 23 -23 24 -6 -26 -25 -28 -2 -13
right_child=1 10 4 -5 7 6 9 -9 -10 18 -12 13 -14 -15 15 -17 17 -19 -20 20 -22 22 -24 26 25 -27 27 -29 -30 -31
leaf_value=-0.040046864496749927 0.05646716537919088 0.15106218654449724 -0.0048247934758709468 0.095980192381687979 -0.0012677508470290602 0.078848814537193501 0.094773158136704339 -0.020744350180561401 0.002501625742940221 -0.020671140104275176 0.044869558987808394 0.029234836778566323 0.10732530248576821 0.079631179045882711 0.080193587969414781 0.082960502955459051 0.010185829927082789 0.066560045607366489 0.088933889532749888 0.0057329495584233225 -0.050278074836550737 0.14309161980880156 -0.044169290566465957 0.0044684085744340621 -0.00043089240376532087 0.060394868880082588 -0.017414838599965215 0.079463722061275915 -0.043855304719363053 -0.009590312113375507
leaf_weight=65.025725081562996 13.496477693319322 4.1052643954753902 6.6219030171632749 8.8972660154104215 129.52757216989994 10.308985710144041 21.935784131288528 208.15156064927578 41.273806422948837 7.791613355278967 23.896078169345856 24.876878902316093 6.0849919617176056 4.8321994990110388 9.1915027201175672 9.0183248519897443 143.99130661785603 12.487874522805212 4.5300077646970749 23.911820963025093 21.089178517460823 5.4481712579727173 4.8965018391609174 131.70629362761974 26.201951026916504 28.615260973572731 268.75528146326542 4.8362989872694007 4.5596208423376074 255.21172168850899
leaf_count=371 74 21 37 47 721 55 116 1175 230 43 130 139 34 27 49 48 797 69 25 133 121 28 28 732 146 159 1512 27 25 1426
internal_value=-1.48242e-05 0.00176053 0.000618126 0.0173368 -0.00284236 0.00657804 0.0377077 -0.00731241 0.0177599 0.067744 0.0604384 -0.00240022 0.0488809 -0.00468725 0.0143937 0.0216564 0.0183193 0.0146848 0.0196248 -0.00572646 -0.0205159 -0.00265251 0.0544544 -0.00365439 0.00842289 0.0313209 -0.0091476 -0.0157023 0.0311332 -0.00614194
internal_weight=1531.28 1466.25 1438.25 246.643 1191.61 383.468 85.8402 808.139 51.5828 34.2574 28.0013 297.628 12.7069 284.921 237.746 174.689 165.671 156.479 12.3216 63.0571 45.001 599.987 10.3447 589.643 184.345 54.8172 405.298 273.592 18.0561 280.089
internal_count=8545 8174 8023 1363 6660 2132 469 4528 285 184 151 1663 71 1592 1316 963 915 866 68 353 254 3353 56 3297 1026 305 2271 1539 99 1565
is_linear=0
shrinkage=0.05


Tree=2
num_leaves=31
num_cat=0
split_feature=19 19 16 6 4 15 15 15 7 6 6 7 3 6 27 9 6 16 4 3 9 1 29 30 7 14 21 8 14 5
split_gain=40.151 34.3623 29.7841 20.6378 21.0503 19.4802 22.7804 53.6224 52.2894 30.3962 24.3876 19.0701 18.0662 17.9056 15.5322 16.8088 19.1433 15.4792 14.6764 14.5444 14.3506 15.2742 14.2399 14.1658 26.7772 13.8635 13.5629 13.4132 13.2662 15.4211
threshold=-0.93333333333332824 1.2727272727272736 -0.41450918286239241 2.7954047045334471 -0.95331193116615021 0.43600396092592142 9.1526187175721053e-05 0.15414647102515977 1.5229193572639725 0.30858591252957918 1.130196965434862 2.8308392096029045 -0.53551177892462987 -0.4962667054741805 -0.0012121479892320817 0.42957115191379364 -0.070361232358144996 -0.33181480156895843 -0.45814993469848336 -1.3354364527979419 0.11991768178793362 -1.0343847483750814 32063.920000000002 2.7945305200663095 -1.5735475828264063 197286.61652308216 3.3735782902377038 112790.71000000021 13916.621377092675 882.49749999982316
decision_type=2 2 2 2 2 2 2 2 2 2 2 2 2 2 2 2 2 2 2 2 2 2 2 2 2 2 2 2 2 2
left_child=-1 2 3 4 -2 6 20 8 9 12 14 -6 -8 26 15 -9 22 -18 -3 -12 21 -4 -17 25 -25 28 -7 -26 29 -15
right_child=1 18 5 -5 11 13 7 10 -10 -11 19 -13 -14 23 -16 16 17 -19 -20 -21 -22 -23 -24 24 27 -27 -28 -29 -30 -31
leaf_value=-0.038919974356694281 -0.010768277982224031 0.010252525299915355 0.09731575693010025 0.13253050366732191 0.019821338052175379 -0.010277363048922362 -0.021166763400370308 0.078371981636407184 -0.044681599907459082 0.14751426356763697 0.052504784563570599 0.10435238644864514 0.11619154473919997 -0.020927497512604094 0.0017110049016952384 -0.012868323721789979 -0.0069752432401642365 0.097910126689520038 0.083705509668021316 -0.04165569371357368 -0.031991546455687629 -0.0044384408835177512 0.075188901703974978 0.11722557194124519 -0.0053089061108760318 -0.021765497504169184 -0.034585587826170903 0.092001778202140339 0.0063953208809161615 0.059391990783053808
leaf_weight=63.599719792604446 61.583836778998375 10.989383995532991 4.588158622384074 3.7619772702455512 176.49340412020683 297.76509168744087 5.6936903297901154 15.298531472682951 7.3204649835824958 16.6265027821064 4.6666767746210089 6.9342014938592902 4.1304519176483172 86.009177833795547 106.7315426170826 32.537701070308685 5.1624227613210705 11.041209474205969 17.840913042426109 33.838577300310135 49.573145657777786 18.798772096633911 5.3453252762556067 7.0402029901742926 24.900687843561176 79.666121080517769 71.082091510295868 4.1283088624477378 291.15707960724831 6.4222585111856452
leaf_count=371 346 58 25 20 962 1669 32 85 41 91 26 35 23 483 596 183 29 62 93 189 277 104 30 37 138 448 403 23 1630 36
internal_value=-2.65875e-05 0.00165943 0.000576063 0.0163095 0.014525 -0.00271437 0.00780261 0.0150175 0.0735825 0.106313 0.00580224 0.0230169 0.036584 -0.00660723 0.0136832 0.0320993 0.019011 0.064494 0.0557071 -0.0302438 -0.0167607 0.0155242 -0.000443379 -0.000435685 0.0297458 -0.00278563 -0.0149619 0.00852997 0.00115623 -0.0153468
internal_weight=1530.73 1467.13 1438.3 248.773 245.011 1189.52 321.353 248.393 33.7711 26.4506 214.622 183.428 9.82414 868.171 176.117 69.3852 54.0867 16.2036 28.8303 38.5053 72.9601 23.3869 37.883 499.324 36.0692 463.255 368.847 29.029 383.589 92.4314
internal_count=8545 8174 8023 1363 1343 6660 1793 1387 187 146 1200 997 55 4867 985 389 304 91 151 215 406 129 213 2795 198 2597 2072 161 2149 519
is_linear=0
shrinkage=0.05


Tree=3
num_leaves=31
num_cat=0
split_feature=19 16 19 6 30 19 6 4 9 7 30 15 16 14 14 7 15 5 4 21 21 6 16 14 13 4 7 6 9 0
split_gain=37.0274 30.4933 23.2128 19.8218 25.0329 17.5996 17.1754 18.7417 16.9751 16.694 17.6158 16.1629 19.3009 15.347 15.1254 14.2403 15.529 13.4998 12.9428 20.5248 21.5064 17.7202 16.9118 15.4195 15.3933 13.5546 11.9373 11.3511 12.4824 10.6372
threshold=-0.93333333333332824 -0.41450918286239241 1.2727272727272736 -0.94948895626584651 2.7520234169484703 2.0000000000000022 2.7954047045334471 -0.96743271177554024 0.071492087243622549 1.752745528300655 -0.22692988285316043 0.20424748818722299 -0.41782132354528073 197286.61652308216 22902.666034234087 -1.6773165742047784 0.36632250083712142 882.49749999982316 0.98103043366812848 1.6945427639777735 2.7941414153044741 1.9035071375080936 -0.49312879327939768 78855.040733046801 1.1057042551009906 0.050311445483626434 -1.5139097201752114 1.6353269239399364 5.79070204539227 0.57457488140421242
decision_type=2 2 2 2 2 2 2 2 2 2 2 2 2 2 2 2 2 2 2 2 2 2 2 2 2 2 2 2 2 2
left_child=-1 2 6 -3 5 13 7 26 15 11 -11 -9 18 14 17 -6 -17 -5 21 -20 22 25 -21 -24 -22 -13 -2 28 -15 -19
right_child=1 3 -4 4 8 -7 -8 9 -10 10 -12 12 -14 27 -16 16 -18 29 19 20 24 -23 23 -25 -26 -27 -28 -29 -30 -31
leaf_value=-0.03782103868388248 -0.048476516428809679 -0.011178081584854239 0.1355802613536278 -0.012770205031473237 0.1246625149626332 0.10884478366760569 0.11808125886593396 0.080675303653543973 0.0095248660087515896 0.10483086257005225 0.019440127794448835 0.010330222266963625 0.10009934581577989 0.0036772208773668117 0.0071242125375449786 0.095006107326926895 0.014780648500894229 0.00019384144298215214 -0.012844106764867594 0.15779699767577626 -0.028347681266202324 0.071486709550878505 0.0083682744148077404 0.1354114234747906 0.086614401841412614 -0.028205690397267585 0.0024975853252268971 -0.041780356320890173 -0.047785343987843863 0.10553601371974314
leaf_weight=62.211019679903984 15.408068060874937 381.45546655356884 4.0805432498455039 180.5457358956337 6.1899022012948981 3.679107502102851 4.004349246621131 9.0536489784717542 46.395146057009697 11.576255828142168 12.628552749752997 47.78850045800209 5.9637903720140448 56.871702313423157 451.0741201043129 8.9173198193311709 18.642276853322983 5.2961418330669385 17.845211178064346 6.2540259063243893 9.2381833046674711 7.5791903585195533 6.6856833696365374 3.7158523350954056 4.2519889771938315 43.672774389386177 45.114389419555664 34.814346700906754 14.862273469567297 4.3768875002861023
leaf_count=371 88 2150 19 1015 31 19 20 46 255 60 66 260 31 322 2514 47 103 29 97 34 50 40 36 20 23 238 254 198 85 24
internal_value=-3.90276e-05 0.00156212 0.0172843 -0.0017409 0.0025876 -0.000245217 0.0153594 0.0136926 0.0291511 0.0215473 0.0602793 0.015762 0.0119207 -0.0007819 0.00213769 0.056131 0.0407388 -0.00968706 0.00834404 0.0296552 0.0548132 -0.00198246 0.0928208 0.0537533 0.0078874 -0.00807068 -0.0104796 -0.0183543 -0.0069851 0.0478595
internal_weight=1530.19 1467.98 254.861 1213.12 831.665 751.52 250.78 246.776 80.1446 186.254 24.2048 162.049 152.995 747.841 641.293 33.7495 27.5596 190.219 147.031 47.9909 30.1457 99.0405 16.6556 10.4015 13.4902 91.4613 60.5225 106.548 71.734 9.67303
internal_count=8545 8174 1382 6792 4642 4206 1363 1343 436 1001 126 875 829 4187 3582 181 150 1068 798 260 163 538 90 56 73 498 342 605 407 53
is_linear=0
shrinkage=0.05


Tree=4
num_leaves=31
num_cat=0
split_feature=19 19 16 15 15 7 7 16 9 7 7 7 6 19 30 7 6 21 6 9 13 3 21 4 4 6 4 7 6 4
split_gain=34.1486 27.8567 23.9397 17.056 41.9081 32.8427 22.2516 16.9302 17.5268 15.4881 17.544 15.0356 14.2401 15.5361 14.7387 17.1759 19.9316 13.9383 13.7287 12.715 13.9306 12.707 14.5068 12.5738 12.1207 12.1012 11.5978 11.5178 11.3693 27.6221
threshold=-0.93333333333332824 1.2727272727272736 -0.41450918286239241 0.30123203864427989 9.1526187175721053e-05 -0.54054672722860042 -2.1906907371681803 -0.32169741800635848 0.25255514882225322 1.8382685687646305 0.5892740088147691 2.7270214260764987 -0.4962667054741805 -0.090033085194375431 1.9542254851440355 -1.1993459328596432 2.0340907018195811 4.2154178389736989 2.7954047045334471 0.11991768178793362 0.75072867785320041 -2.1392999068013512 2.8796388991746369 -0.96743271177554024 -2.417229728565637 -1.0706844916424416 -0.45814993469848336 -1.5139097201752114 -0.26804607446272183 0.2227703163846444
decision_type=2 2 2 2 2 2 2 2 2 2 2 2 2 2 2 2 2 2 2 2 2 2 2 2 2 2 2 2 2 2
left_child=-1 2 11 4 19 6 -6 8 -8 10 -7 18 17 24 28 -16 -17 21 23 20 -4 22 -5 27 -14 -24 -3 -2 29 -15
right_child=1 26 3 12 5 9 7 -9 -10 -11 -12 -13 13 14 15 16 -18 -19 -20 -21 -22 -23 25 -25 -26 -27 -28 -29 -30 -31
leaf_value=-0.036747989979979211 -0.047340033053994784 0.0087064745442667971 -0.010242921460161425 0.099923590233290033 -0.015020878465684149 0.00091633162161716328 -0.041888152576507957 0.11759492613311653 0.10166025099704493 -0.039283466038220964 0.063361358955919891 0.074872452422468955 0.060158381104989458 -0.029328821587057786 0.060718447962962142 0.023019080516280949 -0.055405463939778847 -0.052051847649057785 0.10398364854059178 -0.030830216749373741 0.074836242370631481 -0.011650063729411497 -0.033169822246011463 0.017076950857469304 -0.021276317726854881 0.078342229627547944 0.073072573234344754 0.0033113354057430254 -0.002139176583834352 0.07265843853035224
leaf_weight=60.860957071185112 14.999521866440771 11.131188660860063 17.011786460876468 5.4328656792640713 5.8578713834285727 29.473661839962006 4.0637547075748461 19.660283222794533 4.4603203237056732 11.777921617031096 18.189574092626572 9.8950379490852338 4.7917539924383155 11.197097525000574 22.47338193655014 44.587316364049911 9.9007526040077192 20.517522662878036 3.9892543852329245 48.64107945561409 6.7087020725011817 392.48273234069347 7.9936954677104959 179.05063791573048 98.413201957941055 3.4973049014806721 18.849649742245674 44.582698673009872 382.60760277509689 16.30907367169857
leaf_count=371 88 58 93 30 32 165 22 102 24 67 100 47 27 63 116 247 55 119 19 277 36 2223 46 958 556 20 93 251 2149 91
internal_value=-4.77126e-05 0.00147326 0.000479116 -0.00249706 0.0123743 0.0344876 0.0736489 0.0920782 0.0332252 0.0120598 0.024747 0.0144579 -0.00491455 0.000126846 0.00386076 0.0239386 0.00876895 -0.0118363 0.011994 -0.0161938 0.0138194 -0.0098209 0.0325994 0.0104562 -0.0174953 0.000769055 0.0491749 -0.00943989 9.29716e-05 0.0311419
internal_weight=1529.41 1468.55 1438.57 1186.05 165.845 93.4834 34.0422 28.1844 8.52408 59.4412 47.6632 252.517 1020.2 590.28 487.075 76.9615 54.4881 429.924 242.622 72.3616 23.7205 409.407 16.9239 238.633 103.205 11.491 29.9808 59.5822 410.114 27.5062
internal_count=8545 8174 8023 6660 918 512 180 148 46 332 265 1363 5742 3304 2721 418 302 2438 1316 406 129 2319 96 1297 583 66 151 339 2303 154
is_linear=0
shrinkage=0.05


Tree=5
num_leaves=31
num_cat=0
split_feature=19 16 19 30 7 9 21 7 13 9 6 6 19 15 15 7 3 27 13 16 18 9 7 21 21 14 6 15 6 7
split_gain=31.5763 24.0647 18.0206 17.9791 20.6909 17.9303 15.9561 15.0242 14.6897 15.6422 12.6271 16.9305 12.2407 11.4358 52.3217 24.1314 20.6402 13.6177 11.4231 11.4129 11.0464 10.8193 13.3001 12.6963 25.5252 27.4119 14.9554 13.6887 13.6187 12.1658
threshold=-0.51851851851851816 -0.41450918286239241 1.2727272727272736 2.7520234169484703 -0.76872251146201165 0.063568662618780317 3.3041987568529616 2.7270214260764987 0.52839608388425852 1.327912881766165 1.6193241592534253 -0.94948895626584651 0.77777777777777024 9.1526187175721053e-05 0.15414647102515977 1.5229193572639725 -0.53551177892462987 0.001224475469428832 2.0887534710471023 -0.26329218123044767 1.0039609898488298 2.8258223408502516 0.23055699616022254 1.9400830533930542 2.9523083504025638 53379.615864974585 -1.1528210976177506 0.81649658411029347 -0.25540234590694805 -1.9799555224337391
decision_type=2 2 2 2 2 2 2 2 2 2 2 2 2 2 2 2 2 2 2 2 2 2 2 2 2 2 2 2 2 2
left_child=-1 2 7 6 5 -5 12 21 19 18 11 -6 13 -3 15 16 17 -15 -10 -8 -14 23 -23 26 25 27 -2 -25 -27 -28
right_child=1 3 -4 4 10 -7 8 -9 9 -11 -12 -13 20 14 -16 -17 -18 -19 -20 -21 -22 22 -24 24 -26 28 29 -29 -30 -31
leaf_value=-0.022700183892526524 -0.047295956644395801 -0.024607647941995915 0.11735174588757578 0.089084286843077565 -0.018426721462840266 0.020216201068276981 -0.039958192257897485 0.076974732426042081 0.008137832975278805 -0.030385553979018643 -0.04455812699584577 0.035798779308802535 0.030854598572801761 -0.017611078744264833 -0.0023601610813396667 -0.031920286265024099 0.13842538993908687 0.1063225919435126 0.075067339998023536 -0.0099907006206616453 -0.036724329793114484 -0.035745135533141591 0.019447883869977079 0.0018684453812624351 0.0042464836969782274 0.12808762451552799 0.091594819438891265 0.082602572904208693 0.056542280225275146 0.0046552328025237901
leaf_weight=139.86923092603683 13.371139258146284 49.719620749354362 4.3566580414772025 15.597564011812208 25.849852249026299 23.985000759363174 67.052940905094147 9.313284292817114 43.139498487114906 24.885611489415169 11.995633780956267 32.483227550983429 49.83066788315773 4.9948537945747429 702.92989826202393 4.6463614106178275 11.562506943941115 3.9847171306610107 7.4806143790483466 60.381339758634567 6.8821051865816107 23.510789275169373 20.373701199889183 24.741503953933719 59.410059258341789 11.771402195096018 4.3930653482675543 6.6646578162908545 15.292262509465216 47.882274448871613
leaf_count=821 73 283 19 76 147 127 385 43 245 143 67 179 270 26 3956 27 58 20 42 346 38 131 110 132 322 62 23 35 80 259
internal_value=-5.64359e-05 0.00222459 0.016585 -0.000792677 0.0184368 0.0473538 -0.00282984 0.0147305 -0.0154041 0.00207201 0.00216169 0.0117692 0.00022789 -0.00140721 0.000177037 0.0709822 0.0942575 0.0373849 0.0180286 -0.0257589 0.0226539 0.0121814 -0.0101214 0.0175143 0.0273283 0.0507813 -0.000108394 0.0190009 0.0876611 0.0119614
internal_weight=1528.35 1388.48 241.081 1147.4 109.911 39.5826 1037.49 236.724 202.94 75.5057 70.3287 58.3331 834.551 777.838 728.118 25.1884 20.5421 8.97957 50.6201 127.434 56.7128 227.411 43.8845 183.526 117.88 58.4698 65.6465 31.4062 27.0637 52.2753
internal_count=8545 7724 1289 6435 596 203 5839 1270 1161 430 393 326 4678 4370 4087 131 104 46 287 731 308 1227 241 986 631 309 355 167 142 282
is_linear=0
shrinkage=0.05


Tree=6
num_leaves=31
num_cat=0
split_feature=19 19 16 6 15 15 15 7 6 6 4 6 27 9 6 3 7 3 16 21 16 16 3 15 16 21 3 15 6 13
split_gain=29.9069 22.5749 19.4663 19.4088 15.405 17.7357 34.9801 35.1429 22.2225 19.4903 14.3412 14.1813 13.5094 14.0088 15.1662 13.1625 13.1218 15.4685 19.2564 20.4802 12.994 12.494 12.4039 11.9959 15.8084 11.839 12.7562 13.2251 14.1103 13.0419
threshold=-0.93333333333332824 1.2727272727272736 -0.41450918286239241 2.9174034489433871 0.43600396092592142 9.1526187175721053e-05 0.15414647102515977 1.5229193572639725 1.130196965434862 0.30858591252957918 -0.95331193116615021 -0.4962667054741805 -0.0012121479892320817 0.42957115191379364 -0.070361232358144996 -1.3354364527979419 1.752745528300655 0.48017901424559273 -0.45176022618202705 2.4729789923040717 -0.37102765948521788 -0.33181480156895843 -0.53551177892462987 0.20424748818722299 -0.41782132354528073 3.3735782902377038 -1.4731463742117776 1.287965126712866 -1.0946940694415275 -1.7762442354898325
decision_type=2 2 2 2 2 2 2 2 2 2 2 2 2 2 2 2 2 2 2 2 2 2 2 2 2 2 2 2 2 2
left_child=-1 2 3 10 5 -4 7 9 12 22 -2 25 13 -8 20 -10 23 18 19 -18 -15 -16 -7 -12 -25 26 29 -28 -29 -6
right_child=1 -3 4 -5 11 6 8 -9 15 -11 16 -13 -14 14 21 -17 17 -19 -20 -21 -22 -23 -24 24 -26 -27 27 28 -30 -31
leaf_value=-0.035047367196258568 -0.009866465715740359 0.043585292763536718 -0.015008053630775573 0.12596315953201662 0.094412558702226923 -0.02205314229601309 0.071202337302764707 -0.042537255877087871 0.048065542205462608 0.11193872639795206 0.066502929894365112 -0.00030934749259904187 0.0017572092020971067 0.085818953261681 -0.0074683085420402459 -0.040477199268887994 -0.010110702334214797 0.10473906714268118 -0.036096248757230741 0.1413214184411774 -0.0098816147110270813 0.08565242144213156 0.087111679582370594 0.0061943484219608436 0.086640729467109892 -0.03211670264192594 -0.015375143630851171 -0.0059290845090298229 0.10151895058134297 0.0069547532097463949
leaf_weight=58.742345914244652 60.896277561783791 30.950370639562607 71.154780313372612 3.7428321093320838 4.9714556336402884 5.759342148900032 15.941090762615202 6.9904829114675513 4.808356061577796 19.250576078891754 9.8058744817972165 498.11694449186325 106.59473429620266 3.9651493579149237 5.1896642893552807 33.029781833291054 4.1051066219806689 8.8676402866840345 7.533018350601199 4.8952389657497406 33.628341421484947 11.774473130702971 4.746867775917055 149.2826319038868 6.3672707527875891 68.015388920903206 245.40907941758633 7.6740459352731705 5.076887294650076 29.899027243256569
leaf_count=371 347 151 406 17 27 32 85 41 26 91 47 2795 596 22 29 189 20 44 38 23 191 62 23 796 31 403 1401 44 28 169
internal_value=-6.39226e-05 0.00133553 0.000425854 0.0129407 -0.0022793 0.00703267 0.013264 0.0583452 0.00555643 0.0820445 0.0112604 -0.00577831 0.012988 0.0299691 0.0179212 -0.0292255 0.0180013 0.0514614 0.022886 0.0722524 0.000212341 0.057165 0.0272692 0.0128644 0.00948522 -0.0133236 -0.0089615 -0.0127956 0.0368522 0.0194235
internal_weight=1527.19 1468.44 1437.49 255.496 1182 322.834 251.679 36.7473 214.932 29.7568 251.753 859.163 177.093 70.4987 54.5576 37.8381 190.857 25.401 16.5334 9.00035 37.5935 16.9641 10.5062 165.456 155.65 361.046 293.03 258.16 12.7509 34.8705
internal_count=8545 8174 8023 1363 6660 1793 1387 187 1200 146 1346 4867 985 389 304 215 999 125 81 43 213 91 55 874 827 2072 1669 1473 72 196
is_linear=0
shrinkage=0.05


Tree=7
num_leaves=31
num_cat=0
split_feature=19 19 6 16 6 15 15 15 7 6 6 6 15 6 7 21 21 16 3 9 14 3 8 14 30 16 21 19 15 16
split_gain=27.5701 20.2155 18.1259 17.2961 16.5165 13.7817 14.3887 31.1039 30.5693 19.402 16.1965 13.2506 14.6 12.4498 18.7559 20.488 21.8724 15.2198 15.038 17.8799 14.218 17.0354 12.585 12.4453 12.1129 11.5356 10.8784 12.1151 15.7092 15.5052
threshold=-0.93333333333332824 1.1428571428571421 -2.7498783790343677 -0.41450918286239241 2.9174034489433871 0.4472135958107023 9.1526187175721053e-05 0.15414647102515977 1.5229193572639725 1.7809059606996354 0.30858591252957918 -1.9400480169214882 1.0538817149886406 0.065471886158070147 2.6071268101460174 1.9021460874705529 2.8411045139742437 -0.47328183905100213 -1.1842864986976951 0.46702897385595105 237503.85259612536 -0.055132298945281606 6257.6400000002914 72915.006676872246 2.9521364219691075 -0.47258885845555176 3.4602388825457822 0.069825870646758284 1.3764689132434149 -0.33181480156895843
decision_type=2 2 2 2 2 2 2 2 2 2 2 2 2 2 2 2 2 2 2 2 2 2 2 2 2 2 2 2 2 2
left_child=-1 2 -2 4 13 6 -5 8 10 -9 -8 -3 -13 14 15 17 23 -4 19 22 21 24 -18 -17 -15 -25 27 28 -7 -30
right_child=1 11 3 5 -6 26 7 9 -10 -11 -12 12 -14 20 -16 16 18 -19 -20 -21 -22 -23 -24 25 -26 -27 -28 -29 29 -31
leaf_value=-0.034034684280304282 -0.045664773165015937 -0.055416636665984099 -0.043876366229167657 -0.013632838926933087 0.11486850242308588 -0.0080925620758637833 0.025626699604570993 0.0091033884905315342 -0.041428427153076881 -0.048364597644863914 0.10203745038036389 0.025071269905229683 0.093012552913273761 -0.018697960253097761 0.093883083004884918 0.034161945256389541 0.041509749928204907 0.015037767659639538 -0.024860280989031924 -1.3511518483668298e-05 -0.048834142785632251 0.034650920890589576 0.14581596193135812 0.13186076553917889 0.056219335825943878 0.047360977775151573 -0.018284670976479161 0.011085265401285904 0.094219150949263974 0.0099460460068815995
leaf_weight=57.497741743922234 21.238410711288452 3.8841476440429679 20.199065119028091 68.536406904459 3.8948551267385474 514.29351039230824 10.604933306574823 212.91965794563293 6.8230020552873603 15.775238186120985 20.04063592851162 33.934444665908813 10.309513136744497 51.949986025691032 8.2237194627523404 22.635656416416168 9.2181286960840207 23.973510578274727 20.477003484964371 20.462421029806137 14.082856699824331 31.739643961191177 4.2137274444103232 8.4716584980487841 6.0206789523363105 7.7191927284002295 133.8932169675827 129.20556651055813 6.8751046210527411 26.481333792209625
leaf_count=371 123 20 110 394 17 2912 55 1184 41 92 91 174 50 280 37 119 49 130 111 113 77 166 22 43 31 39 781 728 38 147
internal_value=-7.04401e-05 0.00125976 0.000179586 0.00087569 0.0126996 -0.00173883 0.00679707 0.0120577 0.0542855 0.00513928 0.0755954 0.0331292 0.0409026 0.011104 0.0205365 0.0161456 0.0294393 -0.0119023 0.00897037 0.0294089 -0.00212727 0.00520484 0.0742318 0.0581032 -0.0109172 0.0915744 -0.00526269 -0.00268672 -0.00593591 0.0273156
internal_weight=1525.59 1468.1 1419.97 1398.73 253.282 1145.45 334.7 266.163 37.4686 228.695 30.6456 48.1281 44.244 249.387 145.594 137.37 93.1978 44.1726 54.3713 33.8943 103.793 89.7103 13.4319 38.8265 57.9707 16.1909 810.749 676.856 547.65 33.3564
internal_count=8545 8174 7930 7807 1344 6463 1857 1463 187 1276 146 244 224 1327 773 736 496 240 295 184 554 477 71 201 311 82 4606 3825 3097 185
is_linear=0
shrinkage=0.05


Tree=8
num_leaves=31
num_cat=0
split_feature=19 30 7 21 9 16 7 15 19 30 19 21 0 7 14 2 18 6 14 20 6 21 21 16 16 16 7 8 21 13
split_gain=25.4768 19.6081 17.9877 16.7269 16.381 15.9292 14.6724 14.3364 13.9873 11.3442 11.3439 10.5363 10.6245 9.37172 17.5316 16.1981 13.5231 15.604 13.5449 13.5016 19.6019 11.8221 18.2337 12.51 29.9324 14.3823 11.7019 11.6598 18.2935 12.3584
threshold=-0.51851851851851816 2.7945305200663095 -0.76872251146201165 4.2154178389736989 0.047360649055661251 -0.41626722307664998 1.752745528300655 0.40379577724501953 1.2727272727272716 3.6720417899924365 0.77777777777777024 2.8796388991746369 0.49858493397095532 0.7542439790541825 34986.121848418625 1.4326662984975502 -0.072513026691030852 -1.0946940694415275 197286.61652308216 -2.2499999999993556 -0.35030621260274292 2.2015409361601423 1.4061863984715 -0.36022753058530804 -0.38257482098753387 -0.36453055437118387 -2.3546825886223712 6060.0750000002772 0.91363457862061492 -0.95046556037771979
decision_type=2 2 2 2 2 2 2 2 2 2 2 2 2 2 2 2 2 2 2 2 2 2 2 2 2 2 2 2 2 2
left_child=-1 3 4 5 -3 6 8 -5 -2 11 13 12 -6 14 21 16 17 -16 -19 20 -15 22 27 24 -23 -26 -18 -7 29 -29
right_child=1 2 -4 7 9 10 -8 -9 -10 -11 -12 -13 -14 19 15 -17 26 18 -20 -21 -22 23 -24 -25 25 -27 -28 28 -30 -31
leaf_value=-0.02077285264477469 0.0072115664521905896 0.082725814917007756 0.0055845268845329818 0.046861762101800146 0.055147111876265059 -0.03246636571118821 0.051352852343822863 -0.03343496699046615 0.10501921029441375 -0.015178050949523847 0.018420873199306142 0.10201302570006376 -0.031316906574932017 -0.00048399247176450391 -0.019452353577398208 -0.017505856874130084 -0.034663604326598943 0.018202830145764359 -0.022264859827774226 -0.012572646785727734 0.137612783535319 -0.035243917253246416 0.029306551433892731 -0.027064903236789586 0.12882024390402322 0.0030763890073732176 0.026645366864685785 -0.032720402609286083 -0.048911477364383837 0.060463787396041517
leaf_weight=135.47442930936813 175.82024821639061 17.521838709712029 80.293355166912079 6.1784279644489279 9.6498981863260287 36.607240855693817 23.381903141736984 55.433386832475662 3.7329512834548941 12.282475426793097 68.077963635325432 5.8941501230001441 5.6231322288513175 8.5117172300815565 56.576144978404045 57.859702110290527 8.2702284604310972 123.29304669797421 24.844208329916 272.68323664367199 3.6808516234159461 13.2144151031971 39.319056019186974 109.82890118658543 5.9396221786737442 3.6847348064184171 132.11466918885708 4.7078736871480986 8.9148946106433851 14.568746834993362
leaf_count=821 942 82 444 34 49 206 113 326 16 64 361 31 30 48 326 327 47 684 143 1557 20 74 218 626 34 21 744 27 50 80
internal_value=-7.63188e-05 0.00194301 0.0203316 2.31077e-05 0.0435622 0.00133229 0.0140966 -0.0253828 0.00924501 0.0230472 -0.00127709 0.0452278 0.0233133 -0.00272742 0.000631686 0.00697659 0.0110814 0.00288496 0.011416 -0.0102709 0.0412065 -0.010166 0.0024453 -0.0200633 0.0136063 0.0806786 0.0230336 -0.0138538 0.0103151 0.0377057
internal_weight=1523.98 1388.51 131.265 1257.24 50.9715 1195.63 202.935 61.6118 179.553 33.4497 992.697 21.1672 15.273 924.619 639.743 402.958 345.098 204.713 148.137 284.876 12.1926 236.785 104.118 132.668 22.8388 9.62436 140.385 64.7988 28.1915 19.2766
internal_count=8545 7724 700 7024 256 6664 1071 360 958 174 5593 110 79 5232 3607 2271 1944 1153 827 1625 68 1336 581 755 129 55 791 363 157 107
is_linear=0
shrinkage=0.05


Tree=9
num_leaves=31
num_cat=0
split_feature=19 6 16 6 19 15 15 7 7 9 13 4 6 21 21 7 16 3 7 21 16 9 7 14 7 21 21 19 16 1
split_gain=24.1405 17.2453 16.1344 13.8113 13.3619 13.1416 25.0787 17.9005 15.3202 12.8412 13.627 11.7178 11.3665 21.0177 21.4269 17.6178 21.9797 13.1732 12.074 11.237 10.894 13.3222 10.7772 10.709 10.6751 10.5725 14.2284 10.3793 9.89738 9.84855
threshold=-0.93333333333332824 -2.7498783790343677 -0.41450918286239241 2.9174034489433871 1.2727272727272736 0.30123203864427989 9.1526187175721053e-05 -0.54054672722860042 -2.1906907371681803 1.039513536907742 0.81262993050691124 -0.95331193116615021 -0.3800655196614553 2.1687022249983441 2.7257666003293992 -1.0459883670394421 -0.45487399157940273 0.48017901424559273 1.8382685687646305 2.1192142082524925 -0.32169741800635848 0.25255514882225322 1.5725990156219936 51468.154165404827 -1.5139097201752114 0.64028747932995533 1.1123357610087508 0.20664488017429392 -0.4659292096941457 0.35183049623231882
decision_type=2 2 2 2 2 2 2 2 2 2 2 2 2 2 2 2 2 2 2 2 2 2 2 2 2 2 2 2 2 2
left_child=-1 -2 3 4 11 6 9 8 -8 10 -4 24 13 18 -15 -16 -17 -14 28 22 21 -10 25 -22 -3 -19 -27 -7 -13 -12
right_child=1 2 5 -5 -6 27 7 -9 20 -11 29 12 17 14 15 16 -18 19 -20 -21 23 -23 -24 -25 -26 26 -28 -29 -30 -31
leaf_value=-0.032432484813330352 -0.044300351473281235 -0.0463181477982086 -0.013407077718969096 0.10496042129422312 0.095625019707230433 -0.0054036078277659855 -0.017750222874731738 0.011743409383300797 -0.043342432694811028 -0.053229214410636411 0.078036072019441044 -0.043504499534710472 -0.0063589681022931518 0.098597544131094866 -0.025635114764839768 0.08868236328918655 -0.0071701745119055254 -0.021985922146940975 0.052900889739903513 0.097277997940937388 0.057596068791364807 0.078379267860799295 0.092760513182268092 0.12692845113787457 0.0027411421844848144 0.098524820283015901 -0.010982129975551329 0.0071529383757833647 0.024833008160205991 -0.0062318969808685953
leaf_weight=55.561819806694984 20.583959951996803 14.667672634124754 44.608743324875832 4.0223118364810935 4.6449802368879309 808.25334137678146 5.9587333202362052 59.571518689393997 4.1011309921741503 13.908954367041586 8.2830839157104474 15.420951843261722 74.804986625909805 15.617493242025374 10.609655216336249 15.297672569751738 9.8198672980070132 14.39095456898213 7.4839781373739234 5.3582917451858512 12.602624848484995 4.9745773822069168 4.2378218024969092 9.9799578636884672 45.440221056342125 5.7205391824245435 6.160883754491806 206.65618349611759 8.071632906794548 5.9636066555976859
leaf_count=371 123 89 256 17 19 4608 32 328 22 82 45 84 390 76 55 76 51 76 35 26 57 24 20 47 254 30 32 1144 42 34
internal_value=-8.17667e-05 0.00114332 0.00178993 0.0130241 0.0115894 -0.000692021 0.0121759 0.0287951 0.0557988 -0.0100217 0.000189309 0.0100472 0.0160511 0.0301206 0.049744 0.0283886 0.0512082 0.00558599 -0.00240597 0.0304976 0.0696422 0.0233757 0.0187694 0.0882362 -0.00923042 0.00683444 0.0417421 -0.00284684 -0.020025 0.0427618
internal_weight=1522.78 1467.22 1446.63 261.77 257.748 1184.86 169.953 97.1885 37.617 72.7644 58.8554 253.103 192.995 82.3213 51.3447 35.7272 25.1175 110.673 30.9766 35.8685 31.6583 9.07571 30.5102 22.5826 60.1079 26.2724 11.8814 1014.91 23.4926 14.2467
internal_count=8545 8174 8051 1372 1355 6679 927 510 182 417 335 1336 993 419 258 182 127 574 161 184 150 46 158 104 343 138 62 5752 126 79
is_linear=0
shrinkage=0.05


Tree=10
num_leaves=31
num_cat=0
split_feature=19 6 19 30 9 7 3 21 15 15 16 21 7 6 5 16 6 15 15 21 3 6 14 13 6 7 7 3 7 3
split_gain=22.2416 15.9573 15.1064 12.9919 15.0722 16.2041 14.0409 12.1672 14.6583 26.0014 13.8997 19.2096 20.8511 17.1722 14.3096 14.3009 15.9587 14.1752 17.0204 26.2262 13.1569 13.6677 18.1351 13.0935 13.3435 12.389 12.2175 11.7915 11.7353 11.7067
threshold=-0.93333333333332824 -2.7498783790343677 1.2727272727272736 2.7520234169484703 0.063568662618780317 -0.79859585200020711 -0.58098765279656861 3.4602388825457822 8.165320168798188e-05 0.15414647102515977 -0.39112862646125673 1.6945427639777735 1.683465432349138 -0.35030621260274292 882.49749999982316 -0.4427672311534766 2.168415682872959 0.43965200533012477 0.38103173805858642 2.7381008926813801 -0.53551177892462987 0.4529324246631426 31672.093634330984 0.52839608388425852 -1.9638322672016202 1.9600301239568059 0.66031284638725907 0.48017901424559273 2.4731882749236092 -1.1842864986976951
decision_type=2 2 2 2 2 2 2 2 2 2 2 2 2 2 2 2 2 2 2 2 2 2 2 2 2 2 2 2 2 2
left_child=-1 -2 3 7 5 -5 -6 8 -3 20 11 12 -11 17 -12 16 -15 18 19 -13 21 -10 -23 24 -9 -22 -16 -14 -19 -17
right_child=1 2 -4 4 6 -7 -8 23 9 10 14 13 27 15 26 29 -18 28 -20 -21 25 22 -24 -25 -26 -27 -28 -29 -30 -31
leaf_value=-0.03147203902090856 -0.04320504308818407 -0.025905951336871083 0.035503938351085285 0.072166293871487208 0.027297588946136764 0.014544656553521718 -0.013221102830436267 0.025912433402829511 -0.056725242986451013 -0.016430105219448165 -0.0039689614286206563 0.12591597775386215 -0.011576643657960569 -0.021689879959670307 0.044456182863493537 0.078497231772626075 0.072276974370322752 0.022054276362939888 0.14229143472868552 -0.045895404957279826 0.082029097505643772 -0.018108803891934106 0.11810658748198975 0.004240540810974306 -0.027042688994794919 -0.019828032263528344 -0.014162961802557952 0.075183582084623418 0.11294316332592887 0.013297014767627083
leaf_weight=54.423895835876465 20.063836067914963 46.691392749547958 32.2996536642313 19.94835476577282 35.542263433337212 31.415472537279129 53.661074697971344 13.263105958700178 5.4314066320657721 80.073996230959892 695.13002750277519 4.3127468377351743 6.0713352411985424 40.31246343255043 28.620260685682297 9.6029718816280347 5.0888303965330115 47.573081448674202 6.8512540757656089 4.5797535926103592 19.778547212481502 5.5412184894084913 4.370879590511322 79.361173897981644 115.39528912305832 3.5160271227359763 12.893090948462484 11.03267766535282 3.8380154967308036 24.320409029722214
leaf_count=371 123 273 151 92 192 171 295 78 30 443 3941 21 31 220 159 51 24 255 35 24 93 27 20 454 675 22 74 52 17 131
internal_value=-8.52937e-05 0.00107945 0.00169369 0.000921494 0.015347 0.0369234 0.0029232 -0.000670587 0.0014886 0.00274391 0.00115821 0.0115104 -0.00572592 0.0229454 -0.00226596 0.00719358 -0.0111576 0.0415517 0.0830633 0.0374309 0.0429754 0.00702493 0.0419573 -0.0117315 -0.0215837 0.066655 0.0262504 0.0443867 0.0288394 0.0317538
internal_weight=1521 1466.58 1446.52 1414.22 140.567 51.3638 89.2033 1273.65 1065.63 1018.94 980.301 243.658 97.178 146.48 736.643 79.3247 45.4013 67.1549 15.7438 8.8925 38.6381 15.3435 9.9121 208.02 128.658 23.2946 41.5134 17.104 51.4111 33.9234
internal_count=8545 8174 8051 7900 750 263 487 7150 5943 5670 5478 1304 526 778 4174 426 244 352 80 45 192 77 47 1207 753 115 233 83 272 182
is_linear=0
shrinkage=0.05


Tree=11
num_leaves=31
num_cat=0
split_feature=19 30 21 19 15 6 7 21 10 18 13 4 15 9 3 8 10 8 16 16 21 7 2 18 21 2 16 5 26 2
split_gain=20.7912 15.811 14.5181 15.4686 16.8174 17.4329 14.3275 13.5388 14.4413 12.3315 12.2573 16.3949 14.5811 13.7002 11.9986 11.9648 10.8588 11.8856 10.8556 22.3535 14.2785 12.7391 15.3651 12.3185 11.2827 11.0895 10.7454 10.5608 10.1856 11.7768
threshold=-0.51851851851851816 2.7945305200663095 3.0975621409442211 0.20664488017429392 1.3764689132434149 -1.1528210976177506 -0.76872251146201165 0.64028747932995533 0.63557280181893083 1.0708581658266234 0.97178456032204508 0.63778689753559481 0.38103173805858642 1.2759755080053579 -1.1251237486477279 3159.1550000002039 1.9122602271663021 78429.580000000293 -0.41626722307664998 -0.4279639493353275 1.9400830533930542 0.56989312967470596 -0.68332935635561187 3.5299996343831626 1.9644649276233197 1.1942930098096947 -0.30961550693185724 -688.07600000011723 0.00057650000000000008 -1.2146474466903932
decision_type=2 2 2 2 2 2 2 2 2 2 2 2 2 2 2 2 2 2 2 2 2 2 2 2 2 2 2 2 2 2
left_child=-1 2 3 4 18 -6 7 -3 -9 27 -4 13 -13 16 -7 -10 -12 -18 19 20 25 22 -22 26 -25 -2 -20 -5 29 -28
right_child=1 6 10 9 5 14 -8 8 15 -11 11 12 -14 -15 -16 -17 17 -19 23 -21 21 -23 -24 24 -26 -27 28 -29 -30 -31
leaf_value=-0.019083267105231866 -0.028258411183151762 -0.039614687764043408 -0.015075546791381001 0.067272603393095987 -0.055043515389867154 -0.023492799515820534 0.0048907946726239101 0.084408569288612054 0.077333895342726847 -0.026126764046396491 -0.027173898243333456 0.11356198782674579 0.021027032786905448 -0.043318716606458585 0.063831451347135401 0.0073704064854558425 0.013186912672361488 0.10739941879934178 -0.013495957801524003 0.066140938520605111 0.058921054055011995 0.06352322995382044 -0.013387036536757282 -0.00023647197951048461 0.11395740759565319 0.030604154458715484 0.025577402570141586 0.016253906634638476 -0.023187189129714309 -0.00098766810918550258
leaf_weight=131.59526005387306 38.648515105247498 5.0183510035276404 235.62081961333752 10.784751340746878 4.6558683067560187 4.7167716324329403 80.754682838916779 16.55620065331459 8.4094879627227801 16.289830982685089 13.159864142537115 5.1698666512966183 24.1133733689785 18.989920824766159 23.694661676883698 22.356708884239197 19.091054186224941 4.0595209002494803 242.9759849011898 16.453246593475342 10.164881020784376 13.466527834534643 26.501071274280548 4.5066482424736005 4.1594598442316055 10.090614274144171 50.255812168121338 170.53032650053501 40.583772167563438 245.64158940315247
leaf_count=821 209 26 1369 58 26 26 444 76 39 90 75 26 135 112 127 115 108 23 1379 82 54 64 138 25 23 53 281 919 231 1391
internal_value=-8.94518e-05 0.00171209 -2.66015e-05 0.00312282 -0.000209918 0.0346378 0.018098 0.0384748 0.0467559 0.0155447 -0.00921431 0.0071131 0.0373638 -0.00890558 0.0493342 0.0264939 0.00909208 0.0297074 -0.00184802 0.0121786 0.00319871 0.0219337 0.00665889 -0.00459849 0.054573 -0.0160719 -0.00548344 0.0192885 0.000302475 0.0035242
internal_weight=1519.02 1387.42 1254.32 934.12 736.515 33.0673 133.095 52.3407 47.3224 197.605 320.204 84.5836 29.2832 55.3004 28.4114 30.7662 36.3104 23.1506 703.448 115.325 98.8716 50.1325 36.666 588.123 8.66611 48.7391 579.457 181.315 336.481 295.897
internal_count=8545 7724 7024 5176 4109 179 700 256 230 1067 1848 479 161 318 153 154 206 131 3930 600 518 256 192 3330 48 262 3282 977 1903 1672
is_linear=0
shrinkage=0.05


Tree=12
num_leaves=31
num_cat=0
split_feature=19 6 19 16 6 4 15 7 3 15 15 6 6 7 13 6 6 4 3 9 15 21 6 8 14 7 7 6 7 9
split_gain=19.4588 14.4793 13.9381 12.6197 11.1105 11.3718 10.6003 10.9634 12.7819 13.2477 32.933 19.2008 11.0488 10.1885 10.1401 15.6756 14.2764 10.0644 11.361 9.58484 9.25095 17.6862 12.9131 32.9133 14.6912 14.734 13.8298 20.7682 15.2651 16.3681
threshold=-0.93333333333332824 -2.7498783790343677 2.3333333333333424 -0.41450918286239241 2.9174034489433871 -0.95331193116615021 0.4472135958107023 1.2901519163530064 -2.1392999068013512 9.1526187175721053e-05 0.15414647102515977 1.7809059606996354 1.2872220304083861 -1.5139097201752114 -0.97750794804939567 0.044588470518444508 -0.82972893322560959 0.90581109446486596 -0.53551177892462987 1.039513536907742 0.70258780997476589 3.0975621409442211 -1.2540530152288094 546580.02000000037 186001.72930426826 -2.1616306870847639 -1.1888379573862211 1.130196965434862 -1.0585790305745959 0.66758142250709718
decision_type=2 2 2 2 2 2 2 2 2 2 2 2 2 2 2 2 2 2 2 2 2 2 2 2 2 2 2 2 2 2
left_child=-1 -2 3 4 5 13 7 8 -5 19 12 -12 17 -3 15 -9 -16 18 -11 -10 -8 22 23 -22 25 -24 27 -27 29 -28
right_child=1 2 -4 6 -6 -7 20 14 9 10 11 -13 -14 -15 16 -17 -18 -19 -20 -21 21 -23 24 -25 -26 26 28 -29 -30 -31
leaf_value=-0.029953750230097893 -0.041899817241748516 -0.045757362812846127 0.099264599274180354 0.083122841630987432 0.092335109190490386 0.015705162724586001 -0.0091817174154290148 -0.019966875117638588 -0.0024316087865032588 -0.024197354984381105 0.011380550717548968 -0.049279477399470029 0.10836306772631843 0.0024154788018963969 0.0090114621727877299 0.084618891190420875 -0.050565154050787313 0.094870565526386952 0.063919057440049873 -0.054184586030559624 -0.021890874543347285 -0.015811331627422449 0.094668245067241502 0.13094273829006772 -0.012957585196607453 -0.032811098108499408 0.031442690796838556 0.041020655360634907 0.018839632891344455 0.15741345706590532
leaf_weight=52.664123103022575 19.425622016191483 14.411120831966398 3.6407285928726187 5.9334220439195624 4.1545837968587866 198.20032824575901 418.80823908746243 8.983365058898924 48.417609348893166 7.2976780682802227 175.66301771998405 14.091823950409887 9.2928773909807187 46.047643005847931 16.980314031243324 5.9595687538385382 24.657557651400566 6.4676166623830786 7.3344133943319347 10.974345698952673 58.926717817783356 110.65768645703793 6.1577471643686286 3.7466581016778937 45.498765498399734 29.24295212328434 6.6336804628372175 14.125572264194487 139.05322270095348 4.2185575366020203
leaf_count=371 123 90 16 31 17 1007 2398 52 277 37 969 85 39 255 98 33 142 30 32 67 342 651 33 19 262 164 36 74 773 22
internal_value=-9.29386e-05 0.000980502 0.00155673 0.00131002 0.0112178 0.00991491 -0.000898313 0.00651791 0.0105031 0.00896169 0.0146153 0.00687574 0.0629369 -0.00906714 -0.0135889 0.0217442 -0.0262693 0.04293 0.0199715 -0.0119944 -0.00392882 0.00133094 0.00749772 -0.0127544 0.0126799 0.0185288 0.016103 -0.00876334 0.023297 0.0804109
internal_weight=1517.67 1465 1445.58 1441.94 262.814 258.659 1179.12 342.054 285.473 279.539 220.147 189.755 30.3926 60.4588 56.5808 14.9429 41.6379 21.0997 14.6321 59.392 837.07 418.262 307.604 62.6734 244.93 199.432 193.274 43.3685 149.905 10.8522
internal_count=8545 8174 8051 8035 1369 1352 6666 1892 1567 1536 1192 1054 138 345 325 85 240 99 69 344 4774 2376 1725 361 1364 1102 1069 238 831 58
is_linear=0
shrinkage=0.05


Tree=13
num_leaves=31
num_cat=0
split_feature=19 16 6 6 7 4 16 14 13 14 16 16 19 4 14 9 7 3 0 3 23 16 15 21 2 6 21 7 8 21
split_gain=18.134 13.2871 13.7089 18.9132 20.4315 17.2165 16.3298 15.6548 15.309 17.7426 13.0101 22.1124 12.3472 10.8313 20.7147 13.933 15.787 11.8014 14.6382 11.9792 10.8686 11.0571 10.7049 10.6195 10.5931 10.2274 10.0159 17.3425 17.9929 13.283
threshold=-0.29787234042552524 -0.41626722307664998 0.4529324246631426 1.9035071375080936 -0.58006896596608892 0.57747666159390831 -0.22941573390888736 128299.49088565892 -2.0114533330003876 142949.69613280526 -0.37969327250640134 -0.37400114957134878 1.2727272727272736 -0.12206130935887063 95142.843431242698 0.067412630101592166 -1.7005126796556833 -0.53551177892462987 -1.0872325162847527 -1.7088785085685174 64.500000000000014 -0.30961550693185724 0.804943405635697 1.5959693257870207 -1.426226594742819 0.92146228949573583 1.0352535929109956 -0.45980181921949298 496605.44000000024 3.4602388825457822
decision_type=2 2 2 2 2 2 2 2 2 2 2 2 2 2 2 2 2 2 2 2 2 2 2 2 2 2 2 2 2 2
left_child=-1 12 26 8 5 6 -5 -8 9 -4 -10 -12 -2 14 -13 22 -17 18 -16 -20 21 -18 23 25 -19 -15 27 -3 -29 -28
right_child=1 2 3 4 -6 -7 7 -9 10 -11 11 13 -14 15 17 16 20 24 19 -21 -22 -23 -24 -25 -26 -27 29 28 -30 -31
leaf_value=-0.013618092100762492 0.011451950714109493 -0.043065526208125267 0.096754629636536374 -0.0097892204141913127 -0.034347243726032324 -0.040718724951717099 0.086054540005720798 -0.016072700819062469 -0.019088866277548321 -0.02082675675307968 0.10376600982648093 -0.014197823090406105 0.095329071245531027 0.057521526521377125 0.00018276860924572617 -0.039443237451878416 0.0037425224781056166 0.060946068288533432 0.032840637611645893 0.14896395096967605 -0.014653722134976593 0.045382402035896635 0.086572369190529186 0.055752475285036074 -0.025501305254711195 -0.040871641849174294 0.0026338080155188163 -0.0094444998444862781 0.094418408556862427 -0.016986440179631846
leaf_weight=213.09751476347446 222.62242664396763 42.301155418157578 10.857322618365286 14.917336612939829 49.607724606990814 11.633332401514052 14.51489774882794 5.0606232881546012 32.179767161607742 4.5540714561939231 6.7783438712358466 74.032139033079147 4.4757406562566748 4.0406791418790835 5.2375448644161215 13.255702242255209 26.623103365302086 5.4426053017377845 3.5992433726787558 5.7993890792131451 18.506917163729668 39.740727066993713 11.704680785536764 16.231953844428062 10.156984105706213 7.6245163828134537 428.57363323867321 100.11355221271515 4.3510683178901663 108.00246353447437
leaf_count=1298 1159 240 54 83 289 64 74 29 181 26 33 411 18 22 29 74 148 29 21 32 103 218 63 81 58 42 2419 573 24 650
internal_value=-9.65689e-05 0.00211557 -0.000205042 0.00724742 -0.0120739 0.0118807 0.0296208 0.0596528 0.0134887 0.0620093 0.0108272 0.0146969 0.013105 0.0122021 4.46201e-05 0.0214059 0.011303 0.0349172 0.0671664 0.104494 0.0192289 0.0286778 0.0464391 0.0296006 0.00465968 -0.00678947 -0.00448124 -0.0160557 -0.00511849 -0.00131537
internal_weight=1515.64 1302.54 1075.44 392.1 95.7339 46.1262 34.4929 19.5755 296.366 15.4114 280.954 248.775 227.098 241.996 104.268 137.728 98.1264 30.2358 14.6362 9.39863 84.8707 66.3638 39.6018 27.8971 15.5996 11.6652 683.342 146.766 104.465 536.576
internal_count=8545 7247 6070 2164 539 250 186 103 1625 80 1545 1364 1177 1331 580 751 543 169 82 53 469 366 208 145 87 64 3906 837 597 3069
is_linear=0
shrinkage=0.05


Tree=14
num_leaves=31
num_cat=0
split_feature=19 6 19 21 0 5 16 15 15 15 7 6 21 6 2 9 18 21 30 6 15 9 13 15 3 21 8 3 8 6
split_gain=17.2306 13.4467 12.4531 10.84 15.6737 11.8607 9.97009 9.91945 11.8236 16.2959 15.3452 17.6193 15.155 13.8314 12.0253 10.8656 10.7982 14.1891 11.373 12.4928 9.9279 12.7154 9.7976 9.13231 14.9997 13.8443 12.0569 11.6847 10.0649 19.8289
threshold=-0.93333333333332824 -2.8632414695043975 0.20664488017429392 3.0705934497647789 0.85401239860969191 342.36499999975791 -0.26813297388291701 0.4472135958107023 8.165320168798188e-05 0.15414647102515977 1.5001329746482839 0.4529324246631426 3.9493717682078144 1.2158833974534879 0.4447267765773823 0.11991768178793362 -0.081639593652646641 4.0904276459676643 2.9521364219691075 -1.2831283050900943 0.40803665965444885 0.80016623973139633 0.34856381482523097 1.1383618803527398 -1.4182035556889649 0.79656654332594645 46755.060000000245 0.80329702177897544 449094.49000000028 -1.855544922736416
decision_type=2 2 2 2 2 2 2 2 2 2 2 2 2 2 2 2 2 2 2 2 2 2 2 2 2 2 2 2 2 2
left_child=-1 -2 7 4 -4 -5 -7 8 12 10 11 14 15 -11 -10 22 18 -18 23 -20 -15 -22 -3 28 -25 -26 27 -27 -9 -30
right_child=1 2 3 5 -6 6 -8 16 9 13 -12 -13 -14 20 -16 -17 17 -19 19 -21 21 -23 -24 24 25 26 -28 -29 29 -31
leaf_value=-0.028621918639938394 -0.047714611888636696 -0.011624116170869097 0.027244365084473671 -0.01461886324336671 -0.00016915384110088492 -0.0069518401346629821 0.099274999613446088 -0.015397896637746622 -0.026091367197788852 0.010229676344615357 -0.029898737641028822 0.072593733001372646 0.081525866476429537 -0.038708184489224966 0.058922214523690009 -0.035078607980515118 0.0055498340072624754 -0.032729100930086102 -0.0482591056690874 0.031152858673336122 0.075281060977484202 -0.049403483536483106 0.067704670361887404 -0.030225120139481632 -0.015792160374869808 0.041499804731399824 -0.0074939896350763799 0.12860852234377815 0.099543094153108622 -0.021872467145200004
leaf_weight=51.163313969969749 14.088584914803503 13.669701978564264 129.533173173666 59.650395587086678 87.270538315176964 4.3140130192041397 4.5265839546918851 366.82629027962685 10.392888575792314 189.62456759810448 7.5461689680814734 26.877701833844185 3.9320943355560294 26.86871138215065 6.9355656057596198 38.887793198227882 327.56607288122177 26.140938028693199 5.9244565814733496 30.189164444804192 4.9245526194572431 3.4966676831245422 5.4416435211896887 17.412659972906113 12.910270616412161 11.512826353311544 6.9127520918846121 5.7838407158851615 5.7029477655887595 8.1946193128824216
leaf_count=371 92 76 688 340 467 25 25 2106 55 1036 47 117 20 156 35 238 1844 160 34 156 27 21 28 101 71 62 39 29 31 48
internal_value=-0.000100092 0.00089732 0.00136998 0.0107315 0.0162095 -0.00660867 0.0474387 -0.000925164 0.00628098 0.0107015 0.0359989 0.0472479 -0.0134671 0.00488069 0.00793459 -0.0199072 -0.00388245 0.00272081 -0.0088374 0.0181253 -0.0238612 0.0235094 0.0109635 -0.0110745 0.00806212 0.0260225 0.0483212 0.0706281 -0.0138155 0.0279511
internal_weight=1514.22 1463.06 1448.97 285.295 216.804 68.491 8.8406 1163.67 338.598 276.667 51.7523 44.2062 61.9312 224.914 17.3285 57.9991 825.077 353.707 471.37 36.1136 35.2899 8.42122 19.1113 435.256 54.5323 37.1197 24.2094 17.2967 380.724 13.8976
internal_count=8545 8174 8082 1545 1155 390 50 6537 1856 1494 254 207 362 1240 90 342 4681 2004 2677 190 204 48 104 2487 302 201 130 91 2185 79
is_linear=0
shrinkage=0.05


Tree=15
num_leaves=31
num_cat=0
split_feature=19 6 19 13 21 21 8 9 14 3 16 16 16 8 21 6 10 7 4 21 3 14 26 5 3 30 13 6 3 20
split_gain=15.8528 12.5008 11.9148 10.7 14.2169 16.7277 13.1454 17.8908 16.2744 18.132 13.489 16.3431 14.6173 12.876 12.6565 25.7546 17.8682 12.228 12.0474 20.5612 32.1882 14.4728 14.6684 11.8695 11.7288 12.5229 11.5379 13.7206 11.5018 11.4844
threshold=-0.93333333333332824 -2.8632414695043975 1.1428571428571421 0.88059326256436654 0.15629406163515083 3.3041987568529616 242185.87500000032 1.0000000180025095e-35 3594.7973915852713 0.10164435749426888 -0.3299576272516121 -0.26226273558906188 -0.22942539440863155 294818.56000000023 2.5214391920249262 -1.7231307357217702 3.8309132217714592 -1.1993459328596432 -1.34889152745081 1.8119886034929913 1.3875841935682247 79725.791180909306 0.00040950000000000009 -745.92200000002038 1.6702666103426058 0.23475360992225594 -1.5573853480934823 1.0683680984275357 -1.0181313597179129 -0.50000000000011091
decision_type=2 2 2 2 2 2 2 2 2 2 2 2 2 2 2 2 2 2 2 2 2 2 2 2 2 2 2 2 2 2
left_child=-1 -2 3 4 -3 6 7 8 10 26 28 -12 -13 -8 15 -15 -17 -18 -5 21 23 22 24 -21 -20 -26 -10 -28 -6 -11
right_child=1 2 -4 18 5 -7 13 -9 9 29 11 12 -14 14 -16 16 17 -19 19 20 -22 -23 -24 -25 25 -27 27 -29 -30 -31
leaf_value=-0.027734026877112756 -0.046734910692638916 -0.021065670997638782 0.025233852004359111 -0.01372638139479488 0.069921694883246829 -0.013931924379968373 0.064655747051129406 -0.0039007334575076949 0.069304988928930833 0.093556125446055502 -0.059072216665715618 0.064118460139435673 -0.016570276448580366 0.10627514435722103 -0.026236154357344256 0.085068691295111465 0.04781214504146173 -0.037347697926511964 0.013267189951476827 0.098666398007093037 0.13492267524585119 -0.022120610918056761 -0.037901031983009689 0.016074744893375046 0.018211266946729355 0.14449697599143013 0.02087955563779146 -0.037908169259862415 0.0064216110579676305 0.034848993937343219
leaf_weight=50.186452388763428 13.675287798047064 91.071295201778412 50.177044615149498 55.974363967776299 9.0945454239845258 182.77547326683998 15.184566780924795 506.75528036057949 7.3849456608295432 13.655043855309485 16.424153968691826 7.3662501722574261 23.579855471849442 8.18265856802463 15.074344679713247 5.5812972635030809 5.7006747722625724 16.177516967058185 47.434010162949562 4.4572657495737067 6.0857634246349326 59.601620554924011 12.214440345764158 180.9401743710041 4.0643396973609915 3.7970209419727325 30.772865608334541 14.650388479232786 33.031407192349434 21.363428503274918
leaf_count=371 92 523 244 319 48 1090 83 2822 37 72 93 42 132 41 84 30 32 92 262 23 31 335 68 1000 22 21 168 80 180 108
internal_value=-0.000102651 0.000845698 0.00129488 0.000435909 -0.00220954 -0.000368486 0.00293702 0.000882436 0.0145518 0.0298426 -0.000453677 -0.0187591 0.00263645 0.0242644 0.0121712 0.0284151 0.00521358 -0.0151581 0.00766683 0.0114254 0.0217745 -0.00416464 0.0116879 0.0180604 0.0226419 0.079207 0.0113423 0.00191872 0.0201306 0.0577412
internal_weight=1512.43 1462.25 1448.57 1398.39 1023.83 932.755 749.979 684.078 177.323 87.8267 89.4962 47.3703 30.9461 65.9011 50.7165 35.6421 27.4595 21.8782 374.569 318.595 191.483 127.111 67.5098 185.397 55.2954 7.86136 52.8082 45.4233 42.126 35.0185
internal_count=8545 8174 8082 7838 5757 5234 4144 3782 960 465 495 267 174 362 279 195 154 124 2081 1762 1054 708 373 1023 305 43 285 248 228 180
is_linear=0
shrinkage=0.05


Tree=16
num_leaves=31
num_cat=0
split_feature=19 16 6 6 7 3 16 3 13 14 14 4 16 16 6 5 16 16 15 21 3 5 21 4 7 2 0 27 2 9
split_gain=14.7674 11.671 12.1377 16.6556 18.1259 15.8725 15.9475 13.674 18.024 17.4846 11.3807 14.8706 10.9758 17.4548 14.0838 13.76 12.3819 14.079 11.7034 17.0661 14.3401 14.1451 11.4353 21.4061 13.8843 12.1089 11.7179 12.031 20.3842 10.9162
threshold=-0.29787234042552524 -0.41626722307664998 0.4529324246631426 1.9035071375080936 -0.58006896596608892 1.829487153209334 -0.22941573388590128 -1.8498355304131033 -1.7903028219869395 218357.91553538662 128299.49088565892 0.48582825388482892 -0.37969327250640134 -0.37400114957134878 1.0683680984275357 77.373499999986976 -0.32169741800635848 -0.1498182317936872 0.40379577724501953 0.73365572689193759 0.24632398198605412 -161.08100000000556 1.9021460874705529 -0.81532475056706954 -0.87105321121915724 -0.63203313996934984 -0.59871215209187001 -0.0010004775050700963 1.1025466202019711 1.566973392810058
decision_type=2 2 2 2 2 2 2 2 2 2 2 2 2 2 2 2 2 2 2 2 2 2 2 2 2 2 2 2 2 2
left_child=-1 -2 -3 7 5 6 -5 -4 9 -9 11 -8 -10 -14 15 16 -15 18 -18 -20 21 -21 24 29 26 -25 -16 -28 -29 -24
right_child=1 2 3 4 -6 -7 10 8 12 -11 -12 -13 13 14 22 -17 17 -19 19 20 -22 -23 23 25 -26 -27 27 28 -30 -31
leaf_value=-0.012436308676842037 0.012139448464728461 -0.0043432573395621628 -0.025156216711010388 -0.026805117038033028 -0.032993351103879472 0.10694231114200242 0.08469530587075326 0.084646530938543893 -0.017185360571784492 -0.023366769972160115 -0.032808305270564504 -0.030532760359988795 0.095219909252702628 0.0013259602060996197 -0.044631543404843634 0.0050601537543268106 0.12608815422057565 0.0053300169487133066 0.15011181220422087 0.00058019609721486056 -0.04336258772459884 0.1097390434060718 -0.052532055518365345 0.11236662586396887 -0.029193380726134206 0.028306648615446975 -0.025265156798712912 0.078235826779898987 -0.044280308373150987 0.046918699101159402
leaf_weight=209.23069769144058 228.35064902901649 681.22829392552376 22.298284918069839 22.601631417870522 48.33257620036602 3.9277255088090888 11.267965614795687 16.325892478227619 28.83642515540123 4.862530291080474 4.7416257560253134 3.7257722169160834 6.6756070405244818 11.822841703891752 6.7549368143081656 34.938639253377914 8.534647539258005 9.0028221458196622 3.9194838702678707 5.2602788358926791 4.3901977241039267 6.8095866441726685 12.305439546704291 4.8195373862981787 41.574048638343811 38.565980061888695 7.3439640551805523 14.736490726470949 4.4113616198301306 3.5568366944789878
leaf_count=1298 1177 3906 127 127 289 20 55 81 163 28 28 20 31 65 37 192 42 49 21 29 24 37 71 24 237 206 41 76 24 20
internal_value=-0.000106733 0.00187474 -0.000308581 0.00669686 -0.01158 0.0107905 0.00187027 0.0125036 0.0155523 0.0598586 0.0347103 0.0560625 0.0118601 0.0155756 0.0131451 0.0291089 0.0460013 0.0599315 0.0769324 0.0563467 0.0340193 0.0621655 0.00306223 0.0194721 -0.00993215 0.0376446 0.0141534 0.0291425 0.0500101 -0.030232
internal_weight=1511.15 1301.92 1073.57 392.343 94.5973 46.2647 42.337 297.746 275.448 21.1884 19.7354 14.9937 254.259 225.423 218.747 84.6785 49.7399 37.917 28.9142 20.3795 16.4601 12.0699 134.069 59.2478 74.8208 43.3855 33.2468 26.4918 19.1479 15.8623
internal_count=8545 7247 6070 2164 539 250 230 1625 1498 109 103 75 1389 1226 1195 459 267 202 153 111 90 66 736 321 415 230 178 141 100 91
is_linear=0
shrinkage=0.05


Tree=17
num_leaves=31
num_cat=0
split_feature=19 6 19 30 6 9 21 21 3 16 7 15 2 14 15 4 28 8 0 15 6 15 15 15 3 6 27 6 2 6
split_gain=14.0245 11.5366 11.0234 10.1538 11.2394 10.6866 9.84808 9.89205 21.6799 17.3082 20.4652 16.2794 13.0181 12.8625 11.9624 11.3334 9.59553 9.47575 23.0009 16.0187 14.125 19.4781 13.6166 23.3485 11.5895 16.3025 19.3254 11.1059 18.3986 10.8883
threshold=-0.93333333333332824 -2.8632414695043975 2.3333333333333424 3.0612275309324262 0.73294808925083832 0.071492087243622549 3.0975621409442211 2.306930367933512 0.67141207847570816 -0.47258885845555176 0.61755613214001259 0.81867908830145408 -0.68332935635561187 37767.378060059949 0.58873568320332315 0.16935501969697681 16687.875000000004 376962.89000000031 -0.07902737357670582 0.61082832565541156 -1.0946940694415275 0.72295689300757771 0.15414647102515977 9.1526187175721053e-05 -0.50587050778726239 -2.0340530462289936 0.0017067878674521533 0.56997785830710346 -0.66982297306125871 -1.6516600225086016
decision_type=2 2 2 2 2 2 2 2 2 2 2 2 2 2 2 2 2 2 2 2 2 2 2 2 2 2 2 2 2 2
left_child=-1 -2 3 6 5 -5 7 17 9 10 12 13 -9 -10 -15 -11 -17 20 19 -19 24 22 23 27 25 -3 -27 -22 -29 -26
right_child=1 2 -4 4 -6 -7 -8 8 11 15 -12 -13 -14 14 -16 16 -18 18 -20 -21 21 -23 -24 -25 29 26 -28 28 -30 -31
leaf_value=-0.026468877913321528 -0.045693697989185572 0.08838227473389651 0.086431811083820587 0.030570589007591787 0.036073070793695663 -0.010481542716415403 -0.0076649347310706849 0.069937584643718992 -0.032690781866591044 -0.0082694727923788968 0.10922554743142139 0.11427523593489208 -0.004933415988896267 0.10386819574635538 0.011646313333320319 0.016426737773098062 -0.031178949415428106 0.1370796166832382 -0.013318368012389913 0.030701412873260305 -0.049967678025634218 0.014970648945577106 -0.010462179881934482 0.065125564890279847 -0.043486013829045128 -0.024813597689458209 0.088386837315477307 0.089032919149816453 -0.020819418597369226 -0.011756902987198285
leaf_weight=48.828605890274048 13.237417683005331 5.5277052372694007 3.7834053039550772 23.881358966231346 41.488504350185394 47.156089067459106 334.79372619092464 8.3555131405591982 6.0744868367910447 147.28475452959538 7.9086837321519843 7.5335640609264365 19.025353819131851 6.5418529063463193 7.6030771136283875 116.0396072268486 11.647485688328741 5.6182890385389319 18.161196887493134 9.5612897127866727 10.377872660756113 171.39356069266796 260.7827013283968 17.188840597867966 43.210058510303497 22.510207295417789 4.5288063287734976 5.6952595412731215 11.524332150816914 72.247613713145256
leaf_count=371 92 31 16 122 206 260 1964 42 34 816 35 38 96 33 41 636 65 30 103 51 62 939 1462 80 255 129 25 30 65 416
internal_value=-0.000109404 0.000771757 0.0011967 0.000973325 0.0153957 0.00331936 -0.000245854 0.00224713 0.00919997 0.00541274 0.0383778 0.0515389 0.0179141 0.0281639 0.0542978 0.00118204 0.0120842 -0.00132277 0.0246491 0.0700743 -0.00270827 0.00147921 -0.00608813 0.0193812 -0.0162011 0.0101416 -0.00585348 -0.00911035 0.0155135 -0.0236315
internal_weight=1509.51 1460.68 1447.45 1443.66 112.526 71.0374 1331.14 996.342 338.014 310.261 35.2896 27.753 27.3809 20.2194 14.1449 274.972 127.687 658.328 33.3408 15.1796 624.987 476.963 305.569 44.7863 148.024 32.5667 27.039 27.5975 17.2196 115.458
internal_count=8545 8174 8082 8066 588 382 7478 5514 1836 1690 173 146 138 108 74 1517 701 3678 184 81 3494 2638 1699 237 856 185 154 157 95 671
is_linear=0
shrinkage=0.05


Tree=18
num_leaves=31
num_cat=0
split_feature=19 6 19 0 21 0 5 14 16 29 30 0 16 16 13 6 3 4 2 2 6 7 15 14 10 8 16 16 21 21
split_gain=12.9931 10.9566 10.718 9.64448 9.44356 13.1067 10.1859 8.13532 7.87382 7.80629 13.6213 8.22607 8.15913 20.6685 17.4953 15.612 14.9718 12.2122 15.1588 11.5323 11.1147 17.1696 19.6894 14.0768 13.0098 9.87522 9.33837 12.3163 23.1637 13.6788
threshold=0.20664488017429392 -2.7498783790343677 -0.93333333333332824 1.2072475072397995 3.0705934497647789 0.85401239860969191 316.78899999964057 420065.61078531732 -0.26813297388291701 58199.075000000004 -2.6033275521682433 0.67073306729355686 -0.37400114957134878 -0.37811097766384028 2.3482768408844792 -1.3963549216854021 -1.0564141423744327 1.0763653222892107 0.80430287986695215 0.57306047434321117 -1.6361169250909713 0.23055699616022254 0.59029183079040248 34513.313675118428 2.8947945167227531 449094.49000000028 -0.29361562530468188 -0.28838363436546338 1.6945427639777735 0.13123810772097524
decision_type=2 2 2 2 2 2 2 2 2 2 2 2 2 2 2 2 2 2 2 2 2 2 2 2 2 2 2 2 2 2
left_child=1 -1 3 -3 5 -2 -6 9 -8 12 11 -11 13 14 20 17 -15 18 25 -16 21 23 24 -4 -23 -14 -17 28 -28 -29
right_child=4 2 7 -5 6 -7 8 -9 -10 10 -12 -13 15 16 19 26 -18 -19 -20 -21 -22 22 -24 -25 -26 -27 27 29 -30 -31
leaf_value=-0.044375620759113471 0.024364721726919492 -0.030876181621752707 0.059572637855446788 0.064115240923636838 -0.015207940050724487 -0.00057030935071249839 -0.0039129021764930088 -0.026880163606975573 0.080359027879159189 0.03272698094956035 0.0074214839291752432 0.13290726016377727 -0.022936719518090537 -0.0090567439619295281 0.010407308654694705 -0.0082844594323362997 0.11784905710509404 -0.05114604582368653 0.036607418647568106 0.12856956006074752 -0.0025721537626301793 0.018977510238731909 -0.0030932069106035676 -0.038902857984300876 0.12838295830862353 0.057876281511196385 0.1139959967466895 -0.029425108080646842 -0.00699372168557228 0.0051719346001904767
leaf_weight=15.330079667270182 132.82761619985104 44.453774452209473 5.1114997714757946 2.8429739475250235 57.619455516338348 87.36233289539814 5.6940439790487289 29.3280019313097 5.4008455723524076 4.5567199885845167 40.666107788681984 3.7235961109399796 88.563141539692879 3.5055115520954132 3.7880072444677335 244.94983272254467 6.8959276974201185 24.802392199635506 13.846294119954107 4.5394195020198822 249.29211282730103 3.8971144258976009 8.414970710873602 12.51249974966049 8.9753164201974851 3.9488357156515113 7.1559238284826305 31.128908842802048 8.8465196937322599 347.56468860805035
leaf_count=108 696 344 27 22 334 467 33 173 29 26 229 20 533 20 20 1413 33 151 81 23 1340 20 46 68 45 21 38 181 50 1954
internal_value=-0.000111905 -0.00237202 -0.0018369 -0.0251663 0.00942159 0.0144715 -0.00676055 -0.000882406 0.0371096 -0.000205676 0.0193236 0.0777773 -0.00109262 0.00580162 0.00337157 -0.00383788 0.075079 -0.0195521 -0.0121845 0.0748195 0.00130714 0.0261604 0.056381 -0.0103419 0.0952606 -0.0194872 -0.000615638 0.00414366 0.0471101 0.00232803
internal_weight=1507.54 1218.64 1203.31 47.2967 288.904 220.19 68.7143 1156.01 11.0949 1126.69 48.9464 8.28032 1077.74 306.932 296.531 770.807 10.4014 131.161 106.358 8.32743 288.204 38.9114 21.2874 17.624 12.8724 92.512 639.646 394.696 16.0024 378.694
internal_count=8545 6986 6878 366 1559 1163 396 6512 62 6339 275 46 6064 1642 1589 4422 53 786 635 43 1546 206 111 95 65 554 3636 2223 88 2135
is_linear=0
shrinkage=0.05


Tree=19
num_leaves=31
num_cat=0
split_feature=19 30 21 15 7 21 10 3 8 19 15 15 6 21 14 21 13 14 16 9 6 6 18 13 22 5 19 22 15 16
split_gain=12.1722 11.1302 11.3591 11.5284 9.99853 11.0596 10.9845 9.22782 8.97468 8.49866 9.36892 16.0969 9.86527 9.78116 9.73438 17.6363 9.32167 11.3659 8.38035 8.02556 7.81082 10.0975 7.98966 7.76128 7.48836 7.46665 7.43391 7.86477 7.11859 6.99376
threshold=-0.51851851851851816 2.7945305200663095 4.2154178389736989 0.40379577724501953 -0.76872251146201165 0.64028747932995533 0.63557280181893083 2.1093539005848432 7190.400000000277 0.20664488017429392 8.165320168798188e-05 0.15414647102515977 0.4529324246631426 1.5959693257870207 48531.377443746082 2.5053351531253187 1.1057042551009906 56410.844688966783 -0.22941573390334449 0.80016623973139633 2.0786114465631127 -0.94948895626584651 0.6471133335829643 -1.5009812602397963 2.5000000000000004 697.9989999998362 0.33333333333332643 3.5000000000000004 0.87716673904913756 -0.30470811755371296
decision_type=2 2 2 2 2 2 2 2 2 2 2 2 2 2 2 2 2 2 2 2 2 2 2 2 2 2 2 2 2 2
left_child=7 2 9 -4 5 -3 24 25 -8 10 -2 12 13 -12 15 -14 23 18 19 -18 21 -6 -23 -11 -7 -1 -19 29 -27 -28
right_child=1 4 3 -5 20 6 8 -9 -10 16 11 -13 14 -15 -16 -17 17 26 -20 -21 -22 22 -24 -25 -26 28 27 -29 -30 -31
leaf_value=-0.021254541908154512 -0.022973265002321285 -0.039764483824327623 0.041733092233062652 -0.029717322345067798 -0.014162534310287618 0.099275035949448295 0.057252887364724919 0.058694973824166677 0.0014100628280586413 0.025463872401499922 0.062660757815446597 -0.0017545615614273338 0.058254867468446672 -0.02514443899674336 0.086033395830942896 -0.052766495601823976 0.089339000629505214 0.074909653739667403 0.12730816890568861 -0.0011663805879829374 -0.049554173515941047 0.032031904733396191 -0.02774180233117525 -7.883038924415518e-05 0.032980437536776 0.060813047822636801 0.058231686908105998 -0.022677149598801669 -0.032286484476237158 -0.013378754876008106
leaf_weight=110.24948506057262 47.720710068941116 4.9320139288902274 6.34047508239746 51.502809964120388 29.986201986670494 9.8869996368885058 11.137569665908815 4.0872541218996039 20.324673473834991 36.033364281058311 4.3396212756633785 846.38799969851971 11.744376197457319 11.784817457199095 10.343454509973524 5.1438677459955207 4.6845361590385419 4.2239324748516074 4.0753012150526038 5.1337743699550629 6.3267932236194602 38.326656103134155 6.5451654940843573 170.27633303403854 7.4839077591896048 5.577072471380232 8.6408884227275813 14.097684279084204 3.249600887298584 5.631760880351071
leaf_count=739 293 26 34 326 170 43 51 26 103 190 21 4802 54 65 44 26 24 23 21 27 37 201 36 923 33 35 45 75 21 31
internal_value=-0.000114009 0.00122731 -0.000247589 -0.0218853 0.0148681 0.0315921 0.0387989 -0.0151763 0.0211783 0.000803941 -0.00139004 -0.000232441 0.029482 -0.00151315 0.0478349 0.0244397 0.00894002 0.0291665 0.0670339 0.0420158 0.0037926 0.00830132 0.0233131 0.00438237 0.0707133 -0.0177119 0.0130252 0.00381146 0.0265378 0.0299753
internal_weight=1506.22 1383.06 1248.11 57.8433 134.95 53.7652 48.8332 123.163 31.4622 1190.26 937.465 889.744 43.3561 16.1244 27.2317 16.8882 252.798 46.4879 13.8936 9.81831 81.1848 74.858 44.8718 206.31 17.3709 119.076 32.5943 28.3703 8.82667 14.2726
internal_count=8545 7724 7024 360 700 256 230 821 154 6664 5305 5012 210 86 124 80 1359 246 72 51 444 407 237 1113 76 795 174 151 56 76
is_linear=0
shrinkage=0.05


Tree=20
num_leaves=31
num_cat=0
split_feature=19 6 19 30 6 9 13 7 10 13 21 21 13 4 2 30 8 14 21 6 6 7 6 9 16 1 29 26 27 7
split_gain=11.2379 10.0141 9.55146 8.28981 9.4663 9.07324 9.00117 11.8426 11.7592 8.41672 11.7228 9.72069 12.7484 13.5519 12.8598 12.4916 10.305 10.4081 13.5337 12.6191 10.7853 9.82036 9.70388 9.64705 12.6945 10.7243 10.9425 9.99446 9.95295 22.47
threshold=-0.93333333333332824 -2.8632414695043975 2.3333333333333424 3.0612275309324262 0.73294808925083832 0.071492087243622549 -0.97750794804939567 0.38046522165259961 5.2847778751480474 0.92933822211938921 3.4742968246165558 0.15629406163515083 -0.035998320540747183 0.16935501969697681 0.29196339703271246 -0.91782969843794671 222597.56000000032 336084.1562980577 0.57385987667258309 -1.5107763763375721 1.3064133736899108 0.90371133148839011 1.2656689732374413 1.0000000180025095e-35 -0.49312879327939768 1.3197179442813978 85530.445000000022 -0.00020649999999999995 -1.0000000180025095e-35 0.039289138477429507
decision_type=2 2 2 2 2 2 2 2 2 2 2 2 2 2 2 2 2 2 2 2 2 2 2 2 2 2 2 2 2 2
left_child=-1 -2 3 9 5 -5 8 -8 -6 10 11 12 13 -3 15 -15 23 18 -18 -19 -20 22 -16 24 -13 26 -25 -28 29 -26
right_child=1 2 -4 4 6 -7 7 -9 -10 -11 -12 16 -14 14 21 -17 17 19 20 -21 -22 -23 -24 25 28 -27 27 -29 -30 -31
leaf_value=-0.024290024996140514 -0.0439202815753649 -0.03332341114341858 0.079702668651905076 0.027465927969700672 0.10658349340228301 -0.010157103336259528 0.03794276305060415 -0.031405479075036762 0.0056718968168227206 0.006460985073440834 -0.016122933834418981 0.074547565431545768 -0.044457592531404015 0.12820883754536025 0.047495614986833412 0.0030225877304999121 0.10792884241124603 0.055582817060504268 0.028702528669532636 -0.050011408899667466 -0.033836586329255236 -0.042989374933215072 -0.019388271537627542 -0.002839395607052559 -0.0084519491612900493 -0.025631815434852757 -0.010395011174130437 0.08751190768255844 0.0021723956891327432 0.095850032746350178
leaf_weight=46.576943218708038 12.489533565938471 23.847709134221077 3.8491369634866706 24.344513192772865 7.6684883683919889 46.891280546784401 21.154440984129909 8.683202460408209 4.6299598664045334 343.84292212128639 138.27862877398729 7.1991489976644507 27.299404844641685 4.3529296517372131 12.37913222610951 3.6751433312892896 4.7754872739315024 3.9251314401626578 52.535821452736855 10.13500766456127 7.9352210760116568 9.3380579501390439 9.6508807986974698 438.14279834926128 11.324133455753328 51.834768444299698 4.3678802251815796 6.4641672819852811 147.30476853251457 9.4918007552623731
leaf_count=371 92 140 16 122 34 260 100 49 23 1909 849 36 159 24 70 21 25 20 281 59 45 56 55 2453 63 293 24 35 811 50
internal_value=-0.000113235 0.000659212 0.00104444 0.000834399 0.0138122 0.0027004 0.032598 0.0177614 0.0685936 -0.000273439 -0.00262606 -0.000419941 -0.0159013 -0.00357491 0.0144328 0.0709003 0.00143559 0.0184868 0.0268953 -0.020533 0.0204959 -1.90217e-05 0.0181952 -0.000564435 0.00952979 -0.00409815 -0.00161206 0.0480322 0.00674565 0.0391084
internal_weight=1504.39 1457.81 1445.32 1441.47 113.372 71.2358 42.1361 29.8376 12.2984 1328.1 984.258 845.979 90.5433 63.2439 39.3961 8.02807 755.436 79.3067 65.2465 14.0601 60.471 31.3681 22.03 676.129 175.32 500.81 448.975 10.832 168.121 20.8159
internal_count=8545 8174 8082 8066 588 382 206 149 57 7478 5569 4720 525 366 226 45 4195 430 351 79 326 181 125 3765 960 2805 2512 59 924 113
is_linear=0
shrinkage=0.05


Tree=21
num_leaves=31
num_cat=0
split_feature=19 4 6 6 7 15 7 0 3 30 3 3 16 21 6 7 6 30 29 0 29 1 15 15 21 18 13 26 4 1
split_gain=10.5443 10.3554 13.7738 14.2155 22.6886 16.5781 15.7612 17.7652 14.7547 13.7353 13.6504 14.5622 12.6026 15.267 18.6439 14.2935 13.8801 11.2351 13.4281 13.3839 13.3741 11.326 10.6567 12.8088 12.4055 20.7648 12.5219 12.1631 11.3714 11.0889
threshold=-0.29787234042552524 -0.21200805746443044 -0.94948895626584651 -0.2194880756015489 -0.60564915651449946 0.73786478853379567 -1.2465043041750365 0.4347598884844473 -0.97535596183048467 -0.81990725317210911 -1.8498355304131033 -1.7641997803305061 -0.37400114957134878 1.9644649276233197 -1.3124062037691828 1.8099822567433081 -2.3557144093453668 -0.39518273083708017 65172.075000000012 -0.84356831268933175 2101.8000000000006 -1.1306085703445847 0.6350528986626458 0.45882297103936936 0.30759736282973088 -0.74030126329258528 -0.1053465669028099 -0.00032558999999999995 -0.085962476232340684 -0.48389318363274031
decision_type=2 2 2 2 2 2 2 2 2 2 2 2 2 2 2 2 2 2 2 2 2 2 2 2 2 2 2 2 2 2
left_child=-1 17 12 4 6 -6 7 -4 -7 -10 -5 -12 13 15 16 -3 -15 18 -2 20 -19 -22 23 28 25 -24 29 -26 -13 -27
right_child=1 2 3 10 5 8 -8 -9 9 -11 11 22 -14 14 -16 -17 -18 19 -20 -21 21 -23 24 -25 27 26 -28 -29 -30 -31
leaf_value=-0.010696518254763365 -0.01522699819919732 -0.041846878390702509 0.064558179894792664 -0.031088170200453603 -0.013079555612437342 -0.036108409500994476 0.080753407543428829 -0.022364242703504178 0.10165893623066245 0.015315154859098372 0.093369935785874256 0.073404986341473355 -0.013433956324402871 -0.033103467729331232 -0.031881991050269225 0.064292824663929535 0.059093208796446799 0.0076857480102548231 0.042918939362930869 -0.0045138529364090506 0.098710556536323407 0.024449120961587942 0.10231249553866294 -0.014347241217636912 -0.0032888688866967637 0.07423715054901997 -0.049277428523041247 0.033453713572428594 0.0064382851585046089 -0.016113521424522763
leaf_weight=203.51476123183966 207.41064876317978 17.117362216115001 12.295108512043955 23.959661364555359 40.540643602609634 5.0414812117815044 23.697328388690948 11.263042956590651 9.6401284337043798 8.8199823647737468 4.9092887938022605 6.6893575191497794 146.48715491592884 4.7227240353822664 9.6709447354078275 3.8933911621570578 30.103168919682506 85.129708960652351 10.428490094840525 240.71927060186863 8.0254458934068698 14.252996854484079 3.8108067959547034 94.32914212346077 29.900803446769714 4.8850928843021419 18.077272817492485 91.29774871468544 121.10337905585766 11.140799999237059
leaf_count=1298 1196 97 64 138 227 28 124 62 50 46 27 36 872 28 52 18 148 476 59 1349 43 80 20 526 159 26 102 485 646 63
internal_value=-0.000114135 0.00154335 0.00546451 0.00983373 0.0256815 0.00628946 0.0519622 0.023001 0.0397013 0.0604051 0.00553281 0.00780509 -0.00528158 0.0129486 0.0295353 -0.0221787 0.0465905 -0.0035378 -0.0124434 0.00203484 0.0167115 0.0512006 0.00670324 -0.000372015 0.0165803 -0.00838136 -0.0207507 0.024389 0.00994368 0.0114276
internal_weight=1502.88 1299.36 733.396 521.401 111.298 64.0422 47.2555 23.5582 23.5016 18.4601 410.103 386.144 211.995 65.5076 44.4968 21.0108 34.8259 565.967 217.839 348.127 107.408 22.2784 381.234 222.122 159.113 37.914 34.1032 121.199 127.793 16.0259
internal_count=8545 7247 4044 2829 601 351 250 126 124 96 2228 2090 1215 343 228 115 176 3203 1255 1948 599 123 2063 1208 855 211 191 644 682 89
is_linear=0
shrinkage=0.05


Tree=22
num_leaves=31
num_cat=0
split_feature=19 6 19 0 21 5 0 5 29 2 4 4 14 26 15 18 21 7 15 15 21 9 18 7 27 18 21 7 13 27
split_gain=10.4261 9.42394 8.1974 8.79601 7.92123 11.4694 9.36439 9.08733 8.733 12.2514 9.63564 7.7354 8.72274 7.90532 7.31842 10.1684 11.482 9.87207 9.63743 19.7151 15.432 15.776 8.67052 13.5372 8.49039 9.00188 11.3984 11.1107 11.6156 10.2542
threshold=0.20664488017429392 -2.7498783790343677 -0.93333333333332824 1.2072475072397995 3.0705934497647789 -688.07600000011723 0.85401239860969191 316.78899999964057 -10927.025 0.51701310601230144 1.2461650482097426 -0.4891070064519622 49161.944913634296 0.00074307000000000008 0.4472135958107023 -0.081639593652646641 4.0904276459676643 -2.2873503954364263 9.1526187175721053e-05 0.0002076122821586585 3.9860767800990771 0.11991768178793362 -0.7048073616397369 -0.73736712717062813 -0.011683477767040261 -0.39711567462899178 1.4061863984715 0.039289138477429507 0.69098842969983132 0.002797483613017127
decision_type=2 2 2 2 2 2 2 2 2 2 2 2 2 2 2 2 2 2 2 2 2 2 2 2 2 2 2 2 2 2
left_child=1 -1 3 -3 5 -2 8 -6 9 -7 -11 12 -10 -13 17 -16 -17 -4 20 -20 21 22 -19 -24 -21 26 -26 28 -27 -28
right_child=4 2 14 -5 7 6 -8 -9 11 10 -12 13 -14 -15 15 16 -18 18 19 24 -22 -23 23 -25 25 27 29 -29 -30 -31
leaf_value=-0.042390979942522285 0.058268757386932046 -0.028472079084574237 -0.036805197418579273 0.06163518881118997 -0.014615630941132336 0.015273806016957978 -0.0027999498029810822 0.034528042383289159 -0.044475360050185847 0.14471597310150935 0.042510517384141189 0.016270561282340792 0.011294300384546156 0.07240320487299276 -0.0082679815656050357 0.0054950510422507584 -0.02990556792871947 0.083486455984907143 0.05251234617740911 0.060123665018971123 0.084303534743851508 -0.034484776096207086 -0.038625437612615596 0.046634068584374938 -0.010002968134470757 -0.0012873626600209799 0.018424969268056559 -0.019869986441383589 0.046833251188872375 0.067995511138547765
leaf_weight=14.382040627300738 13.142233505845068 41.930410750210285 13.337176814675329 2.8953742086887351 57.022266075015068 12.473095536231996 84.010730385780334 11.265151783823965 10.803736701607706 4.406291261315344 4.8381596207618713 65.820441648364067 19.973293051123619 6.9330053478479376 464.69872345030308 326.16225510835648 24.635267920792103 4.0885163992643383 26.321296140551567 7.2349611967802039 4.0983148366212836 40.590789586305618 9.5177231431007421 9.1138135790824855 27.68297453224659 54.923171117901802 52.617737337946892 57.375269904732704 16.251282140612602 13.01273690164089
leaf_count=108 66 344 76 22 334 65 450 62 57 23 24 338 105 35 2667 1837 159 20 122 37 20 258 51 49 156 300 283 324 84 69
internal_value=-0.000116677 -0.00215807 -0.00167446 -0.0226519 0.00838678 0.0129603 0.0101148 -0.00650856 0.0187774 0.0476041 0.0912259 0.0127305 -0.00828266 0.0216197 -0.00085796 -0.00341703 0.00300899 0.00535002 0.0070916 0.0115297 -0.00972476 -0.0158115 0.0175494 0.00308015 0.00682117 0.00508297 0.0169041 -0.00349788 0.00970003 0.0282535
internal_weight=1501.56 1210.87 1196.49 44.8258 290.688 222.401 209.259 68.2874 125.248 21.7175 9.24445 103.53 30.777 72.7534 1151.66 815.496 350.798 336.166 322.829 255.419 67.4092 63.3108 22.7201 18.6315 229.098 221.863 93.3134 128.55 71.1745 65.6305
internal_count=8545 6986 6878 366 1559 1163 1097 396 647 112 47 535 162 373 6512 4663 1996 1849 1773 1375 398 378 120 100 1253 1216 508 708 384 352
is_linear=0
shrinkage=0.05


Tree=23
num_leaves=31
num_cat=0
split_feature=16 6 19 2 13 18 4 15 6 6 4 7 4 5 2 7 30 3 6 2 7 27 6 7 13 9 21 27 18 4
split_gain=9.76683 11.9419 10.4488 9.24485 10.4247 10.346 11.7426 7.92374 7.90017 12.1609 22.9991 14.9932 13.722 11.3633 10.7872 11.2314 14.6122 12.9416 20.348 16.6133 15.5779 12.7312 10.6251 17.1078 32.1146 14.1866 13.6494 12.7995 10.7646 15.7269
threshold=-0.41450918286239241 2.9174034489433871 -0.93333333333332824 1.0198685362321305 0.82825048080818053 -0.22756700740613825 1.7026553840867993 0.57316267532590393 -0.4962667054741805 -0.26804607446272183 0.2227703163846444 0.29324346691641989 1.8604446829689116 982.17999999993492 1.1288942490641194 -0.26748693753062475 1.5563950973448484 0.82746319871182494 0.50019170514663003 0.30920568388075365 -1.0343868197854762 0.00015495372512552843 1.0683680984275357 1.0039071478856252 1.0000000180025095e-35 0.077712934690574817 3.4423101875073647 0.00077377370875331153 -0.018284186049216201 -2.2837126367487386
decision_type=2 2 2 2 2 2 2 2 2 2 2 2 2 2 2 2 2 2 2 2 2 2 2 2 2 2 2 2 2 2
left_child=1 3 -2 -1 5 6 7 -5 -4 10 -10 12 -12 14 15 16 17 -11 -19 20 -20 -22 23 28 25 -25 -26 -27 29 -17
right_child=2 -3 8 4 -6 -7 -8 -9 9 13 11 -13 -14 -15 -16 22 -18 18 19 -21 21 -23 -24 24 26 27 -28 -29 -30 -31
leaf_value=0.0019084425099856117 -0.027458307449877324 0.090847958534106515 -0.0061459666310070557 0.099243499805654223 0.048817078465453842 -0.016950751472404442 -0.025302483998169058 0.021449899463121855 -0.012589582669066492 -0.005415557052303701 0.10592504950369937 0.0010677395579428001 0.0028749682575480644 0.030019284284035358 -0.01400610027111082 0.061412391673948109 0.031541783569831672 -0.040040015148924739 0.095563712081809929 -0.00049910131157700243 -0.044862189931458324 0.074996099054701976 -0.01848393228507501 0.13360296882250616 -0.036357085344432681 0.076541702944776788 0.070720059719815959 -0.022586258939392732 0.0091715885476847669 -0.026699787929084569
leaf_weight=205.38880307227373 39.095872826874256 4.3241005390882483 478.99337565153837 6.56976565718651 25.069784894585609 20.560840860009193 5.7368121147155753 6.5234993398189545 20.927038922905922 128.54570677876472 14.219597071409231 8.1549657732248289 4.1800654679536811 30.890006080269814 127.85583685338497 5.4982171654701224 59.718525737524033 9.7784917503595334 15.808335736393927 15.308077022433279 4.6061460226774233 4.2687211334705353 92.641627207398415 6.5826334208250072 15.758354127407076 10.478438213467596 3.6691502779722205 4.7247557640075675 59.836443141102791 64.152935534715652
leaf_count=1090 325 18 2826 31 121 105 30 33 120 724 72 45 22 169 727 31 297 56 78 86 26 22 548 32 90 58 21 27 343 372
internal_value=-0.000116961 0.00841401 -0.00202524 0.00709308 0.0236127 0.00757174 0.0343482 0.0604841 -0.00118728 0.00216937 0.0266097 0.0575017 0.082514 0.000411414 -0.00104208 0.00226387 0.0101351 0.00296598 0.0246139 0.0404228 0.0658018 0.0127884 -0.00485095 0.00254785 0.0306051 0.0722847 -0.0161341 0.0457353 -0.0063822 -0.0197443
internal_weight=1499.87 274.174 1225.69 269.85 64.4607 39.3909 18.8301 13.0933 1186.6 707.604 47.4817 26.5546 18.3997 660.122 629.232 501.377 238.034 178.315 49.7698 39.9913 24.6832 8.87487 263.343 170.701 41.2133 21.7858 19.4275 15.2032 129.488 69.6512
internal_count=8545 1428 7117 1410 320 199 94 64 6792 3966 259 139 94 3707 3538 2811 1289 992 268 212 126 48 1522 974 228 117 111 85 746 403
is_linear=0
shrinkage=0.05


Tree=24
num_leaves=31
num_cat=0
split_feature=19 13 6 19 14 13 8 19 8 21 6 6 10 13 7 2 6 15 21 21 27 10 14 10 9 15 15 5 15 21
split_gain=9.41374 9.56905 8.59752 7.68121 8.08472 9.72959 12.2953 10.5048 10.4734 11.4938 12.1033 10.0542 9.74054 20.0545 13.0039 15.2596 12.9523 12.8414 12.4943 11.995 14.7013 11.6118 11.1577 10.7957 11.5829 10.8599 12.3549 13.1173 10.8607 10.7293
threshold=1.1428571428571421 -0.19233433315910267 -2.8632414695043975 -0.93333333333332824 379637.50792735507 0.88059326256436654 242185.87500000032 0.20664488017429392 316553.02500000043 2.5214391920249262 -1.7682888110252917 1.5921505763043988 0.49786100743904788 -1.5573853480934823 -1.6575587569252335 1.1942930098096947 2.0786114465631127 0.5499264850385428 0.21465747498911528 2.4729789923040717 -0.0018833068989475563 0.10502225999089414 27757.103068308101 4.6029529548655583 0.7733158741554258 7.1041002735825753e-05 0.15414647102515977 216.83950000000189 9.1526187175721053e-05 0.69123825891147483
decision_type=2 2 2 2 2 2 2 2 2 2 2 2 2 2 2 2 2 2 2 2 2 2 2 2 2 2 2 2 2 2
left_child=2 -2 -1 -4 5 6 12 -7 -8 10 -10 -9 13 17 15 -15 18 -5 -16 20 -20 -22 -19 24 29 -25 27 28 -27 -14
right_child=1 -3 3 4 -6 7 8 11 9 -11 -12 -13 23 14 16 -17 -18 22 19 -21 21 -23 -24 25 -26 26 -28 -29 -30 -31
leaf_value=-0.042665429424244845 0.042841001553142487 -0.00044598017535437177 -0.0212000758228401 -0.0038415082690485079 -0.018295805195505159 0.0044044500213851374 0.042910488379184743 0.036817516645573631 0.079899105243427679 -0.022903561578767891 0.0062497599311966854 -0.028537709621716825 0.032989468196114737 0.053469484965050565 -0.038163920911906728 -0.047455199613289922 -0.052604518542009239 0.13851981121485893 0.083363281682060808 -0.0088999621438538689 0.015308782275091882 -0.033530319673140373 0.046248439270979574 -0.038563309855959252 -0.038811428809745002 -0.0087988299904612453 -0.0040029795437836243 -0.054740051574064343 0.064624405330388851 -0.016010492840285936
leaf_weight=12.196593344211577 25.278388306498528 25.795499324798584 43.489833138883114 10.372236683964731 57.036104343831539 305.49705085903406 26.47635268419981 46.298194512724876 7.4251087307930019 22.257640615105629 22.428354948759079 6.7415997236967078 13.203885793685911 19.858798727393154 20.983254298567772 4.6158409714698783 12.855018094182013 4.0684034973382976 7.0876716077327719 121.35511419177055 94.902866795659065 13.960646897554396 16.827105283737183 20.93283911049366 49.658418416976929 7.0573769360780778 385.23473200201988 3.9319380968809119 17.589098662137985 72.58882337808609
leaf_count=96 121 123 367 54 336 1695 145 242 36 130 123 38 75 100 125 26 78 21 35 703 512 79 90 136 288 42 2213 22 80 414
internal_value=-0.000118541 0.0209784 -0.000863222 -0.000507864 0.000138968 0.000927037 -0.0016613 0.00797056 0.0173026 0.00429183 0.0245677 0.0285106 -0.00332259 0.00355852 -0.000469195 0.0344354 -0.00361983 0.0416383 -0.00118187 0.00208818 0.0135884 0.00904566 0.0642139 -0.00726745 -0.0195931 -0.00342723 -0.00164986 0.03007 0.0436001 -0.00846918
internal_weight=1498 51.0739 1446.93 1434.73 1391.24 1334.21 975.672 358.537 78.5875 52.1111 29.8535 53.0398 897.084 326.887 295.619 24.4746 271.145 31.2677 258.29 237.306 115.951 108.864 20.8955 570.197 135.451 434.746 413.813 28.5784 24.6465 85.7927
internal_count=8545 244 8301 8205 7838 7502 5527 1975 434 289 159 280 5093 1823 1658 126 1532 165 1454 1329 626 591 111 3270 777 2493 2357 144 122 489
is_linear=0
shrinkage=0.05


Tree=25
num_leaves=31
num_cat=0
split_feature=16 6 19 19 6 3 7 7 21 2 7 15 16 6 6 10 16 14 30 2 6 6 30 4 23 4 2 15 15 6
split_gain=8.68856 10.4102 8.99637 8.75976 7.81066 13.2095 13.3607 16.9001 12.5413 12.452 12.2098 17.6556 13.007 12.3038 10.101 9.92688 9.89555 9.37397 10.0028 9.29698 13.0104 10.939 8.95281 8.73399 8.6461 8.08195 8.6882 7.7034 7.5875 9.70154
threshold=-0.41450918286239241 2.9174034489433871 -0.93333333333332824 1.2727272727272736 0.065471886158070147 -0.055132298945281606 -2.0129458954711592 1.3462714680684158 1.9400830533930542 0.56072912381143458 -1.0459883670394421 0.87716673904913756 -0.47618646328574027 -0.35030621260274292 -1.225811462783114 50021524.326084942 -0.43550071526756462 159185.48845827029 -0.54253047278075051 -0.14356264950184502 -1.4380449381690343 -0.20006182196971289 1.9926816552809783 0.28879323286755948 -33.499999999999993 1.7986312692778084 1.0364502081707554 0.73658709877109807 0.43600396092592142 -0.4962667054741805
decision_type=2 2 2 2 2 2 2 2 2 2 2 2 2 2 2 2 2 2 2 2 2 2 2 2 2 2 2 2 2 2
left_child=1 3 -2 4 8 22 -7 17 9 27 11 16 13 15 -11 -12 -10 18 -8 21 -21 -14 -6 -22 -24 26 -16 -1 -4 -30
right_child=2 -3 28 -5 5 6 7 -9 10 14 12 -13 19 -15 25 -17 -18 -19 -20 20 23 -23 24 -25 -26 -27 -28 -29 29 -31
leaf_value=-0.046126290624296074 -0.025960534345703293 0.084711650883194031 0.0053247718254487604 0.074400986955030321 -0.028484150618289125 0.097493274415683312 0.061499241390465566 0.081836544140869188 -0.047811815390762742 -0.045468187934262161 0.092890029224085124 0.061293522247439752 -0.03139734467194176 -0.015867163767527021 0.021072446953145571 0.024068308635750657 0.039052864812288444 -0.053382567664774727 -0.01204702408907234 0.080719371047694471 0.061822203469322448 0.041787604351496435 0.074462279516997854 -0.019500124946369029 -0.0098678016610038652 -0.0076356917337338185 0.1054550287901279 0.011904099185978031 -0.0099748463930811569 0.00082959273806720217
leaf_weight=20.393187582492832 37.732563376426697 4.3431214541196814 326.60613910108805 4.6925185024738303 51.756386041641235 4.5937064141035071 6.4261972308158901 6.3027088940143576 16.074542023241527 4.8536446094512966 17.664963066577918 7.1585301905870429 15.063455149531366 4.6748218089342108 6.6718111932277697 7.4491478502750388 4.1187071353197089 8.3185604661703092 16.477462679147724 10.289838254451753 4.9501463472843161 7.724113553762435 4.4106858521699897 9.9144200235605222 9.7766371816396695 7.0057058632373801 5.6200005114078522 7.9476603120565406 353.8674845919013 503.22739924490452
leaf_count=116 325 18 1821 19 285 22 33 29 91 27 83 36 81 24 35 36 22 47 84 50 25 40 21 51 49 35 27 42 2119 2852
internal_value=-0.000119318 0.00791576 -0.00192622 0.00668195 0.00548569 -0.00486754 0.0170063 0.00715332 0.0125858 -0.00737224 0.0225554 -0.00617635 0.0326655 0.0586127 0.0190081 0.0724767 -0.0300945 -0.0079227 0.00858823 0.016543 0.0374998 -0.00659045 -0.0188385 0.00758155 0.0163495 0.035225 0.0596534 -0.0298528 -0.00116009 -0.00363122
internal_weight=1496.11 274.673 1221.43 270.33 265.637 108.062 42.1186 37.5249 157.575 52.492 105.083 27.3518 77.7309 29.7889 24.1512 25.1141 20.1932 31.2222 22.9037 47.942 25.1544 22.7876 65.9437 14.8646 14.1873 19.2975 12.2918 28.3408 1183.7 857.095
internal_count=8545 1428 7117 1410 1391 570 215 193 821 282 539 149 390 143 124 119 113 164 117 247 126 121 355 76 70 97 62 158 6792 4971
is_linear=0
shrinkage=0.05


Tree=26
num_leaves=31
num_cat=0
split_feature=6 19 16 6 19 4 7 28 22 15 8 21 27 15 7 0 15 1 0 6 7 26 16 7 13 15 7 18 4 3
split_gain=8.23796 8.13406 7.55057 9.38897 8.04174 7.53154 9.53233 7.64277 7.81558 8.4608 7.84351 7.4019 7.10639 9.63765 8.86937 7.06177 6.79043 9.74975 10.8499 10.154 12.4902 7.93314 8.31467 7.59324 19.6865 8.53185 9.41176 14.5372 10.3417 10.3945
threshold=-2.8632414695043975 2.3333333333333424 -0.41450918286239241 2.9174034489433871 -0.93333333333332824 -0.95331193116615021 -1.5139097201752114 1251.3600000000008 28.500000000000004 0.6572335391588775 59651.905000000181 2.1192142082524925 0.0097834392693252354 1.0645018824014318 2.8308392096029045 1.1869281003627454 0.4472135958107023 -1.1677888020316198 -1.3768431111265256 1.9777460974505197 -2.3546825886223712 -0.00029090999999999996 -0.30359330366589088 1.921697785350579 -0.73079670714615808 9.1526187175721053e-05 -0.78375131746161963 -0.76476022397716881 0.084492669039831061 -1.4594245822355822
decision_type=2 2 2 2 2 2 2 2 2 2 2 2 2 2 2 2 2 2 2 2 2 2 2 2 2 2 2 2 2 2
left_child=-1 2 3 5 15 6 -2 8 9 11 -11 -8 13 14 -7 -4 17 18 -6 20 -19 22 -20 25 -25 -22 27 -27 -28 -30
right_child=1 -3 4 -5 16 12 7 -9 -10 10 -12 -13 -14 -15 -16 -17 -18 19 21 -21 23 -23 -24 24 -26 26 28 -29 29 -31
leaf_value=-0.041721876554063758 -0.044986290912575465 0.072391124179125632 -0.030926201973868979 0.08045409035617189 0.076958194257480794 0.006936180468666649 0.003244455153904396 -0.029866957391772454 -0.035083614799171978 0.030308151058227675 -0.053254978419483484 0.072862105216710868 -0.031448920983050251 0.046460249866592522 0.061490181264455851 0.053539246158282996 -0.0034042435699320295 -0.058165912534946511 0.0036895439244972665 -0.033998548109632223 -0.011127189591444785 0.0042076623419304779 0.0983856011969967 0.075312232011082905 -0.050878883366774701 -0.050040298838284369 -0.0092271290999368441 0.037920915099332625 0.076541189438768184 0.012264528101961646
leaf_weight=11.804808452725409 14.127040073275564 3.8930589705705634 33.909203611314297 4.3442155420780173 8.3396972715854627 169.35705633461475 5.8992032483220163 13.718812040984629 6.516879402101039 6.179551497101782 5.1471646130084991 10.822798192501066 9.4234443604946119 19.396476343274117 7.7932447940111151 2.6693409383296958 827.25103765726089 7.888042449951171 4.2067672312259674 18.99725404381752 46.72580624371767 35.911855161190033 5.1629815846681577 3.893784403800967 14.984325170516966 5.1705192029476157 63.441696539521217 51.310337960720062 6.920586794614791 69.0054662078619
leaf_count=96 93 16 300 18 43 862 35 78 37 34 32 55 50 91 33 21 4795 47 23 115 289 197 27 22 89 28 355 253 37 374
internal_value=-0.000118547 0.000212752 2.26998e-05 0.00753581 -0.00167662 0.0063555 -0.00886068 0.00170894 0.0142412 0.0257014 -0.00766518 0.0483023 0.0109662 0.0129998 0.00933614 -0.0247623 -0.000954387 0.00497219 0.0245499 0.00133138 0.00382329 0.0148976 0.0558696 0.00569351 -0.0248508 0.00807059 0.0126508 0.0298685 0.00567308 0.0181233
internal_weight=1494.21 1482.41 1478.51 272.726 1205.79 268.382 62.4114 48.2844 34.5656 28.0487 11.3267 16.722 205.97 196.547 177.15 36.5785 1169.21 341.959 53.6213 288.338 269.341 45.2816 9.36975 261.453 18.8781 242.574 195.849 56.4809 139.368 75.9261
internal_count=8545 8449 8433 1418 7015 1400 364 271 193 156 66 90 1036 986 895 321 6694 1899 290 1609 1494 247 50 1447 111 1336 1047 281 766 411
is_linear=0
shrinkage=0.05


Tree=27
num_leaves=31
num_cat=0
split_feature=19 6 5 4 26 21 19 7 27 19 0 21 30 6 13 14 5 30 16 14 14 14 16 9 3 27 6 27 13 7
split_gain=8.21896 7.7832 7.00958 10.3523 9.83725 7.42371 8.06983 7.12486 7.12044 7.1161 7.32948 7.03655 7.9358 7.92674 6.74225 9.63306 6.93464 7.6175 7.85538 7.25874 6.64972 6.58922 16.1973 13.2063 12.486 14.0429 11.5745 15.0045 16.2467 11.9248
threshold=0.20664488017429392 -2.7498783790343677 -688.07600000011723 -0.52078820103326884 0.00091650000000000011 3.3735782902377038 0.28571428571429264 0.61755613214001259 -0.0071759068753570179 1.5555555555555578 0.85401239860969191 0.30759736282973088 -1.0179047792798461 -0.35030621260274292 0.86765928216689636 228629.81219409921 882.49749999982316 -1.8561895177525922 -0.41070223436777414 70647.878441521534 318044.46094751125 34986.121848418625 -0.33294629240445278 0.33560374268845933 -0.093472046120603058 0.00044553917780887359 0.1243864923060644 -0.0029255659337203417 -2.1696853378608201 1.5229193572639725
decision_type=2 2 2 2 2 2 2 2 2 2 2 2 2 2 2 2 2 2 2 2 2 2 2 2 2 2 2 2 2 2
left_child=1 20 8 5 9 6 -4 -6 -2 10 14 -12 13 -13 16 -16 17 19 -19 -5 -1 22 -3 26 -25 -26 -23 -28 -29 -30
right_child=2 21 3 4 7 -7 -8 -9 -10 -11 11 12 -14 -15 15 -17 -18 18 -20 -21 -22 23 -24 24 25 -27 27 28 29 -31
leaf_value=-0.058401810124429521 -0.021580003417490431 0.0059360537038320466 0.036947051722126811 -0.010026908077958278 0.10592963900520758 -0.034885317702076805 -0.0084529951473934477 0.014914700387839873 0.050334020532364868 0.048208615628489965 -0.037943212826772467 0.083466684398942503 -0.010295778836244647 -0.00065540674016723813 0.051150191680061657 -0.031741632161828029 0.055869897673660796 0.031555372918323908 -0.014267324801799777 0.064354038322580284 0.028062534804324982 -0.00082527575392785969 -0.014990592774179183 0.0024648538188919338 -0.0035472272370179673 -0.031290043622269399 0.089217224199949263 0.07714116634941208 0.0053455055328248367 0.050008314783412777
leaf_weight=10.455351956188677 4.3486658781766918 151.27495499700308 11.787699714303015 5.2794636785983959 4.6863375008106214 20.666224390268326 57.696063026785851 3.9734022170305252 16.510569140315056 11.133413955569265 14.268310457468031 5.256614051759243 31.374764189124107 5.9930585324764234 20.970847204327587 4.2082931548357001 6.78910008072853 11.728614360094062 46.1740016937256 8.6608645319938642 2.8243530318140975 139.8421398922801 237.85210362821817 309.43091653287411 125.42988428473473 71.681041218340397 7.2668863162398329 9.9803141206502897 117.52381417155266 17.122444719076157
leaf_count=87 25 845 63 29 22 128 310 20 85 49 80 28 170 32 104 23 35 57 252 47 21 811 1417 1807 729 431 39 52 650 97
internal_value=-0.000117759 -0.00194618 0.00741331 0.00526083 0.0121717 -0.00857606 -0.000751021 0.0641687 0.0353416 0.00955133 0.00687319 -0.00755086 0.00262283 0.0386522 0.0147782 0.0372961 0.00756756 0.00300303 -0.00498559 0.0361846 -0.0400124 -0.00152045 -0.00685526 0.00108005 -0.00380053 -0.0136361 0.00955422 0.0191102 0.0155876 0.0110251
internal_weight=1492.19 1200.68 291.506 270.647 180.497 90.15 69.4838 8.65974 20.8592 171.837 160.704 56.8927 42.6244 11.2497 103.811 25.1791 78.632 71.8429 57.9026 13.9403 13.2797 1187.4 389.127 798.277 506.542 197.111 291.736 151.893 144.627 134.646
internal_count=8545 6986 1559 1449 948 501 373 42 110 906 857 310 230 60 547 127 420 385 309 76 108 6878 2262 4616 2967 1160 1649 838 799 747
is_linear=0
shrinkage=0.05


Tree=28
num_leaves=31
num_cat=0
split_feature=19 6 15 14 1 6 6 13 21 21 4 21 3 13 4 4 1 8 29 8 9 21 14 5 21 2 1 10 1 29
split_gain=7.51365 9.19275 7.76214 8.45017 9.52902 7.96332 7.02518 6.60669 10.4711 11.7143 9.48328 14.1602 23.8411 9.14204 11.1692 15.0008 11.938 9.15152 8.55329 8.52094 10.6077 13.6003 12.1625 16.3606 14.7502 12.2478 12.0789 10.1308 9.8977 9.46179
threshold=1.1428571428571421 -1.9400480169214882 1.0538817149886406 39876.453148760047 0.75509530655520529 0.58759034274098465 -2.8632414695043975 0.92933822211938921 3.4602388825457822 0.15629406163515083 -1.34889152745081 1.8119886034929913 1.3875841935682247 -0.035998320540747183 0.37119088494422087 0.54931858149646573 -0.77332420152115466 6060.0750000002772 1752.4550000000002 222597.56000000032 1.0000000180025095e-35 2.4862406649635447 12792.093842268689 882.49749999982316 0.84764969136451052 1.090991371128613 -1.1885841761182501 0.8922204917122375 1.4525208439158763 172837.68500000003
decision_type=2 2 2 2 2 2 2 2 2 2 2 2 2 2 2 2 2 2 2 2 2 2 2 2 2 2 2 2 2 2
left_child=6 -2 3 5 -5 -3 -1 8 9 13 -9 -12 18 14 17 -16 -17 -8 -13 20 21 22 23 24 -11 26 -24 -28 29 -22
right_child=1 2 -4 4 -6 -7 7 10 -10 19 11 12 -14 -15 15 16 -18 -19 -20 -21 28 -23 25 -25 -26 -27 27 -29 -30 -31
leaf_value=-0.040246456704363887 -0.055507700842206298 0.013177193070028147 0.060648514989272817 -0.035158318307747675 0.034988009455336595 0.086466240477542519 0.020976509260207717 -0.013773832179537329 -0.014852680179264581 -0.04900371636705924 -0.0045694388346618478 0.007309676924361192 0.10998919643934268 -0.042286769152207637 0.094569730449173023 0.077587089002130238 -0.012967285940259393 -0.048387427993198825 0.03155684209216552 0.016559868786998725 -0.0031565694319052305 -0.0057609419348429438 0.0054707064285784797 0.094557241056672403 0.01218148449658657 -0.0030851869253693278 0.082956744426408935 -0.0035227384036384578 -0.037297834743533397 0.07635511294958891
leaf_weight=11.192673876881598 3.8639525920152655 9.8295158594846708 11.406171992421148 12.469653591513636 7.9142946898937216 5.950008586049079 6.201605491340163 55.918373353779316 147.69704133272171 12.562777794897555 125.08523210138083 137.97147180140018 6.6571479365229598 26.426436312496662 4.6123432964086524 4.1595406681299201 29.115903668105602 20.38774823397398 49.390462011098862 83.268082693219185 510.64603613317013 82.708481587469578 9.5910150259733182 4.8496575206518164 45.618935942649841 12.676079891622065 23.688954234123234 3.9514266029000273 21.374662786722183 3.7691671252250663
leaf_count=96 20 48 50 62 37 27 36 330 943 73 711 769 32 165 25 23 175 129 273 451 2934 468 48 24 247 67 115 21 126 20
internal_value=-0.000117376 0.0186606 0.0246851 0.013342 -0.00792323 0.0408124 -0.000788306 -0.000479104 -0.00250819 -0.000494905 0.00521987 0.00854824 0.0170053 -0.0175191 -0.00736792 0.0100655 -0.00164769 -0.0322092 0.0137015 0.00140463 -0.000320667 0.00964376 0.0209251 0.00632469 -0.00102982 0.0393648 0.0538177 0.0705938 -0.00395924 -0.00257398
internal_weight=1490.95 51.4336 47.5696 36.1635 20.3839 15.7795 1439.52 1428.33 1053.31 905.609 375.023 319.104 194.019 90.9036 64.4771 37.8878 33.2754 26.5894 187.362 814.705 731.437 195.647 112.939 63.0314 58.1817 49.9075 37.2314 27.6404 535.79 514.415
internal_count=8545 244 224 174 99 75 8301 8205 6090 5147 2115 1785 1074 553 388 223 198 165 1042 4594 4143 1063 595 344 320 251 184 136 3080 2954
is_linear=0
shrinkage=0.05


Tree=29
num_leaves=31
num_cat=0
split_feature=19 20 27 27 8 4 6 7 4 7 6 7 30 18 3 3 0 15 15 15 3 7 8 27 30 29 3 16 14 21
split_gain=7.33424 8.81112 7.78169 8.74956 11.1109 6.98909 12.0281 11.5856 11.5997 11.7083 11.3589 17.2907 14.7763 12.7179 10.357 12.3419 10.3229 9.85296 9.81095 11.6356 10.7327 10.6105 13.9874 9.75801 9.41153 12.448 10.3271 10.6152 10.2884 9.9733
threshold=-0.29787234042552524 -9.2499999999981117 0.014041590466944866 0.012087546944161811 14502.125000000206 -0.21200805746443044 -0.94948895626584651 -2.4739179621023566 2.1051248170204153 2.3815513881893904 -0.26804607446272183 1.0216163451164102 -1.8561895177525922 -0.79457502643003208 -1.8498355304131033 -1.7641997803305061 -1.1436488641692175 0.74418346315561701 0.6350528986626458 0.46601986643195487 2.527852759300838 -1.6139154358014538 10136.340000000351 -0.0083158889325355961 -0.39518273083708017 65172.075000000012 -1.4731463742117776 -0.2294157339135828 161564.30937034948 2.1341532832260515
decision_type=2 2 2 2 2 2 2 2 2 2 2 2 2 2 2 2 2 2 2 2 2 2 2 2 2 2 2 2 2 2
left_child=1 -1 3 5 -5 24 7 -7 9 -9 11 13 -13 -8 -12 -16 -15 -11 19 23 -20 22 -21 -17 25 -2 27 29 -29 -26
right_child=2 -3 -4 4 -6 6 10 8 -10 17 14 12 -14 16 15 18 -18 -19 20 21 -22 -23 -24 -25 26 -27 -28 28 -30 -31
leaf_value=0.06624227270027748 -0.014032237741761761 -0.010567906354675081 -0.019643162309321775 0.083077374679479066 -0.0058346743615154467 0.080861525701815484 -0.025409227004645846 -0.0064474519392267969 -0.046703134651086407 0.082507699698499859 -0.027548763847310965 0.050861932321656082 -0.03226213795165752 0.097338687122378531 0.08437515614816142 0.099928951028835811 0.036566916399854321 -0.016773315154789612 0.018475266419349781 0.10271501050701229 -0.056462209328969448 -0.021292217537365595 -0.0098755777362788053 0.0069614929307000376 0.068363532488580417 0.042229876013789254 -0.002075378085297128 0.032554936745062178 0.12253297742021588 -0.0012187297670454397
leaf_weight=3.806988611817359 194.70270268619061 193.80873391032219 43.060135021805763 7.4493962526321393 6.6507025808095932 3.8299726247787467 7.3379343301057807 176.11290638148785 16.80673111230135 6.9880159273743612 22.690147027373314 7.3206180781126049 19.82356584072113 7.9683309346437445 5.1153263598680487 2.8877316564321509 56.785084635019302 3.8902851641178131 145.07733263075352 4.2038754522800437 4.9407751411199561 77.270354330539703 8.0230634212493879 125.01634818315506 5.8608268201351157 10.354067824780939 259.37499418854713 15.643572658300402 3.9865870773792258 42.441520966589451
leaf_count=23 1144 1275 250 39 39 20 41 1029 100 37 132 38 110 40 27 14 297 22 768 21 28 438 45 666 31 58 1454 89 23 247
internal_value=-0.000117573 -0.00908819 0.00125492 0.00197566 0.0411395 0.00152832 0.00480438 -0.00529503 -0.00691417 -0.00333795 0.00904521 0.024169 -0.00984409 0.0369757 0.00524784 0.00724539 0.0440453 0.0470029 0.00617157 -0.000615544 0.0160072 -0.0144439 0.0288354 0.00906045 -0.00279218 -0.0111914 0.00246986 0.0198242 0.0508281 0.00722412
internal_weight=1489.23 197.616 1291.61 1248.55 14.1001 1234.45 702.088 207.628 203.798 186.991 494.46 99.2355 27.1442 72.0913 395.225 372.535 64.7534 10.8783 367.419 217.401 150.018 89.4973 12.2269 127.904 532.364 205.057 327.308 67.9325 19.6302 48.3023
internal_count=8545 1298 7247 6997 78 6919 3873 1208 1188 1088 2665 526 148 378 2139 2007 337 59 1980 1184 796 504 66 680 3046 1202 1844 390 112 278
is_linear=0
shrinkage=0.05


Tree=30
num_leaves=31
num_cat=0
split_feature=19 6 14 5 4 26 21 19 6 6 19 26 15 18 27 5 16 16 15 10 1 13 19 14 6 13 21 16 5 6
split_gain=7.00814 6.87751 6.47018 6.37217 8.8623 8.20605 6.67917 7.16815 6.2291 7.23001 7.10975 6.49877 8.26367 6.22249 6.16889 6.04958 8.00193 7.97333 7.84108 8.32467 7.46837 8.08612 6.37977 7.78428 21.7194 8.062 8.28059 9.07912 7.90757 9.13242
threshold=0.20664488017429392 -2.7498783790343677 318044.46094751125 -688.07600000011723 -0.52078820103326884 0.00091650000000000011 3.3735782902377038 0.28571428571429264 1.6804694886784368 -2.1458457364509713 1.5555555555555578 8.5000000000000186e-06 0.51803796345472886 -0.091571598762657178 -0.0071759068753570179 882.49749999982316 -0.23139170616779373 -0.22941573387889477 1.287965126712866 2.151009942199694 1.2789414331629039 -0.49148646994210959 -0.51851851851851816 186001.72930426826 -1.7682888110252917 2.0091703112373378 0.50458806021796387 -0.22941573387772327 -28.019999999785792 2.3926319719294828
decision_type=2 2 2 2 2 2 2 2 2 2 2 2 2 2 2 2 2 2 2 2 2 2 2 2 2 2 2 2 2 2
left_child=1 2 -1 14 6 8 7 13 9 -6 -11 -10 -13 -5 -2 20 18 -18 19 -17 22 -22 -3 25 -25 -24 -27 -28 29 -26
right_child=3 15 -4 4 5 -7 -8 -9 11 10 -12 12 -14 -15 -16 16 17 -19 -20 -21 21 -23 23 24 28 26 27 -29 -30 -31
leaf_value=-0.05773420183156483 -0.020374077167988867 -0.01295199761421275 0.028233816726477252 0.064960093571927904 -0.034216258327073382 0.057987025076681388 -0.033491452102159848 -0.0080924320315426228 -0.044488169344170159 0.012079059323208956 0.060146717453442348 -0.051842727056297555 0.043106916386543369 -0.0081114212833243438 0.046934874963336669 0.031476680333472375 0.092011372418324272 0.018623504795180192 0.061332185739919998 -0.023253529654578723 -0.034985871367036278 -0.0055785384114158086 0.0010612781215536969 0.045473269962369972 -0.013042566337367134 -0.041887346481101338 0.048411532859704925 -0.013019122983238788 -0.035790303884685806 0.06681878046667869
leaf_weight=9.7989114597439748 4.2681876718997982 98.629875145852566 2.8181421905755988 6.9733258485794067 7.9351249933242789 8.8855890929698926 20.089879110455513 57.425332933664322 10.550921022892 135.23702344298363 8.1568718701601011 3.4430573433637601 6.8516900092363358 5.0042078047990781 16.814456477761269 10.000300139188765 5.6811876147985485 10.619064971804617 4.8891696855425826 22.762614004313946 33.676926992833614 76.422574646770954 770.66314129531384 14.436539053916929 50.73501592874527 4.1062981486320487 24.69377239048481 7.9514311552047721 44.583493404090405 3.8515043854713431
leaf_count=87 25 703 21 36 45 42 128 310 59 711 35 20 36 27 85 57 32 60 27 134 205 442 4353 79 299 23 130 44 268 22
internal_value=-0.000118033 -0.00181227 -0.0385324 0.00683188 0.00476874 0.0111308 -0.00810293 -0.000753772 0.00871267 0.0122424 0.0148134 -0.0169116 0.0113512 0.0344308 0.0333082 -0.00142087 0.0149359 0.0442017 0.00226624 -0.0065481 -0.002202 -0.0145736 -0.000866147 0.000428097 -0.0118263 0.00215234 0.0250314 0.0334488 -0.0201676 -0.00740773
internal_weight=1487.96 1196.32 12.6171 291.636 270.553 181.06 89.4927 69.4029 172.175 151.329 143.394 20.8457 10.2947 11.9775 21.0826 1183.7 53.9523 16.3003 37.6521 32.7629 1129.75 110.1 1019.65 921.021 113.607 807.415 36.7515 32.6452 99.17 54.5865
internal_count=8545 6986 108 1559 1449 948 501 373 906 791 746 115 56 63 110 6878 310 92 218 191 6568 647 5921 5218 668 4550 197 174 589 321
is_linear=0
shrinkage=0.05


Tree=31
num_leaves=31
num_cat=0
split_feature=21 30 7 13 15 22 15 21 3 9 7 7 10 10 2 8 3 21 6 3 19 3 21 9 16 15 6 15 26 3
split_gain=6.87586 8.84107 12.0466 10.3704 10.4703 9.64225 8.41621 18.1972 20.7616 11.1016 7.56274 17.1924 13.9866 12.4517 12.3964 10.6077 12.817 11.1734 8.35037 7.59176 7.38381 7.76287 8.78874 7.27255 7.05215 13.1783 6.66849 7.45558 7.011 10.1878
threshold=3.0975621409442211 -0.42503880897479024 1.4756727989356417 2.0532358931521784 0.73786478853379567 -14.499999999999998 1.1383618803527398 0.75294532480206089 0.77027091454708219 0.41505916307815055 -2.0129458954711592 -0.58006896596608892 7.1986110443975955 63.648292425561088 1.1025466202019711 21379.605000000243 -1.7088785085685174 3.2236904661227102 1.3464459637593438 -1.2946399059492451 0.20664488017429392 -1.2946399059492451 2.0321624522639778 2.717342375826159 -0.36295395397399177 0.41311822383606722 1.6601545279134373 1.3369084172187484 -0.00070402999999999991 -1.4982714886980435
decision_type=2 2 2 2 2 2 2 2 2 2 2 2 2 2 2 2 2 2 2 2 2 2 2 2 2 2 2 2 2 2
left_child=6 26 3 4 10 -5 20 -8 -9 -10 -3 15 24 -14 23 16 -12 -18 -19 -17 -1 22 -22 -15 25 -13 27 28 29 -2
right_child=1 2 -4 5 -6 -7 7 8 9 -11 11 12 13 14 -16 19 17 18 -20 -21 21 -23 -24 -25 -26 -27 -28 -29 -30 -31
leaf_value=-0.001669598257124981 -0.021406737080152949 -0.021996592088961486 -0.034770426551399183 0.11697507026166923 -0.017616229007187244 0.018269850867914893 -0.014894044280920711 0.011595118212624198 0.10138907278622561 0.027540775402991914 -0.010727754675323114 0.077799702379743138 0.10249934519747612 -0.019569832662894207 0.099391996514631459 0.045608783228989369 0.015045724118664103 0.15088200082411307 0.063782136841125103 -0.021468632558790009 0.10251450655215917 0.0058762899409115239 0.020791282031115722 0.055377990303835535 -0.028942067880160318 -0.022270107697814921 -0.049004143709540003 -0.053285581660302422 -0.01162869800626317 0.097403846842764485
leaf_weight=817.50533300638199 3.5436441898345947 16.735061749815941 21.665011033415794 3.7325822114944458 50.388643845915794 7.339074991643427 32.451567426323891 44.938806645572186 12.641996562480928 8.5182034373283368 4.0843279883265522 5.0830930173397055 4.7501819580793407 14.540253192186361 3.5201499983668318 8.8157769143581408 3.8066511750221244 6.5184722393751127 4.7620537728071213 8.0884262621402723 4.2968712300062206 190.07826040685177 14.037449881434439 4.1635836809873572 32.75942699611187 9.3263749629259092 13.376401811838148 10.153608068823813 121.36210586130619 3.6760250106453887
leaf_count=4715 23 100 132 20 309 42 185 244 59 46 23 26 27 89 20 50 20 34 27 49 21 994 70 26 211 54 84 65 759 21
internal_value=-0.000116998 -0.00610846 0.000538819 0.00459889 0.00166792 0.0515463 0.00181285 0.0157695 0.0308239 0.0716609 0.0093219 0.0140771 0.000302443 0.0290198 0.0133142 0.042387 0.0678461 0.0891173 0.114113 0.0135132 0.00047216 0.00887328 0.0399441 -0.00288601 -0.01612 0.0130306 -0.0152889 -0.0120382 -0.00878104 0.0390878
internal_weight=1486.66 362.191 210.079 188.414 177.342 11.0717 1124.47 98.5506 66.099 21.1602 126.954 110.219 74.1431 26.9742 22.224 36.0757 19.1715 15.0872 11.2805 16.9042 1025.92 208.413 18.3343 18.7038 47.1689 14.4095 152.112 138.735 128.582 7.21967
internal_count=8545 2211 1259 1127 1065 62 6334 534 349 105 756 656 453 162 135 203 104 81 61 99 5800 1085 91 115 291 80 952 868 803 44
is_linear=0
shrinkage=0.05


Tree=32
num_leaves=31
num_cat=0
split_feature=16 6 16 4 21 13 13 6 7 18 18 16 18 8 7 18 8 10 18 18 7 6 16 23 15 15 9 14 29 15
split_gain=6.41225 8.59614 10.213 9.3661 11.4302 10.7308 10.689 23.4208 17.4954 14.6204 9.5771 8.37259 16.7009 7.52298 7.49365 9.06743 11.2118 9.05886 7.48893 9.87792 9.31391 8.6782 12.4291 11.1307 7.15262 12.366 11.0904 9.11299 7.51418 8.06328
threshold=-0.41626722307664998 1.8737940118719876 -0.41782132354528073 0.90581109446486596 1.6945427639777735 0.69098842969983132 -1.0570451721754093 -0.77612121936193057 1.3623491808006278 -0.13988863787645839 -0.15929394651634776 -0.49312879327939768 -1.0000000180025095e-35 52005.98000000036 2.6071268101460174 -0.10110599004676001 13041.820000000351 37.301737771361211 -0.5810364060973352 1.040577816137968 2.7270214260764987 -0.90526463203341689 -0.46993787392783309 4.5000000000000009 0.30123203864427989 9.1526187175721053e-05 1.039513536907742 72915.006676872246 -25536.139999999996 0.15414647102515977
decision_type=2 2 2 2 2 2 2 2 2 2 2 2 2 2 2 2 2 2 2 2 2 2 2 2 2 2 2 2 2 2
left_child=1 2 3 6 -5 11 7 9 -9 -1 -7 12 -6 -13 24 -16 -17 -18 -8 20 21 -20 -23 -24 25 26 27 -2 -27 -30
right_child=14 -3 -4 4 5 10 18 8 -10 -11 -12 13 -14 -15 15 16 17 -19 19 -21 -22 22 23 -25 -26 28 -28 -29 29 -31
leaf_value=0.096516959124178348 -0.0070778477248660465 0.033700163455965007 0.069268357135437941 -0.0096228418768410789 0.11997834602467423 0.02549063877618395 -0.031494230994905441 -0.049624774382839888 0.067873183239983592 0.0060762794524843386 0.094877118519957726 -0.03178022007295566 -0.02134744190957559 0.046484058920159624 -0.049179300374039794 -0.067054756700536469 0.1048004786629811 -0.0026751951756197514 -0.023607703638745918 -0.048998676741762504 0.069237106386263278 -0.014518732033421113 0.068232445386253421 0.0027378670434135962 -0.0026116521643526833 0.072020191028975208 -0.049403215480017193 0.046315436589867212 0.03402208173392076 0.0039108981811101324
leaf_weight=10.851079419255258 47.448732748627663 26.909858658909798 5.8296911120414725 24.363906979560852 4.2838581949472427 9.9285479113459605 32.766387932002544 13.263798713684084 4.1623120307922354 7.5972547009587279 9.9637915939092618 11.515286259353159 4.082708455622198 4.1868452057242385 17.697190046310428 3.5311757028102866 3.2248893082141858 5.0011274144053459 29.976388081908226 10.771380752325056 4.8309427946805945 25.569755539298054 12.629531793296342 13.338291361927984 1020.8885371014476 6.4714991152286521 12.910133019089697 9.6100462228059751 37.726621612906456 54.136193551123142
leaf_count=52 288 133 27 125 20 46 178 79 20 45 45 60 21 21 111 21 18 33 169 59 20 138 65 71 6026 32 93 54 179 296
internal_value=-0.000117097 0.00690347 0.0038978 0.00226978 0.0178478 0.0330724 -0.00415146 0.0200079 -0.0215598 0.0592724 0.0602453 0.0106145 0.0510143 -0.0109117 -0.00165424 -0.0265674 0.00746852 0.0394591 -0.0108244 -0.00385059 0.00178156 -0.00221621 0.010226 0.0345914 -0.00103718 0.00851317 -0.00755398 0.00191484 0.0199456 0.0162771
internal_weight=1485.47 266.822 239.912 234.082 68.3249 43.961 165.757 35.8744 17.4261 18.4483 19.8923 24.0687 8.36657 15.7021 1218.65 29.4544 11.7572 8.22602 129.883 97.1163 86.3449 81.514 51.5376 25.9678 1189.19 168.303 69.9689 57.0588 98.3343 91.8628
internal_count=8545 1394 1261 1234 338 213 896 196 99 97 91 122 41 81 7151 183 72 51 700 522 463 443 274 136 6968 942 435 342 507 475
is_linear=0
shrinkage=0.05


Tree=33
num_leaves=31
num_cat=0
split_feature=21 30 7 26 13 15 15 21 3 9 6 30 19 3 21 1 4 4 8 16 16 13 15 26 10 21 0 9 9 21
split_gain=6.27149 8.19181 10.9624 9.14879 7.75749 11.9618 7.67222 16.3377 17.2712 9.62841 7.56317 7.52379 6.60863 6.95723 7.32558 6.52927 7.38204 11.1688 13.7706 13.822 12.0547 16.3962 11.7522 15.672 11.3636 11.0226 10.3116 9.92147 12.3363 9.76381
threshold=3.0975621409442211 -0.42503880897479024 1.4756727989356417 0.00097350000000000008 2.0532358931521784 0.73786478853379567 1.1383618803527398 0.54907727993420707 0.77027091454708219 0.41505916307815055 -0.75944171155037854 -0.84290692543653944 0.20664488017429392 -1.2946399059492451 2.0321624522639778 1.2789414331629039 0.20213989927929524 1.0636275252037579 4623.7700000002342 -0.41626722307664998 -0.33154584452431635 -1.0000000180025095e-35 0.7527726531671034 0.00020100000000000006 3.887419595191425 0.77596066134040809 -0.72875192121690824 3.9076497432652419 10.37041225721887 1.9400830533930542
decision_type=2 2 2 2 2 2 2 2 2 2 2 2 2 2 2 2 2 2 2 2 2 2 2 2 2 2 2 2 2 2
left_child=6 -2 3 4 5 -3 12 -8 -9 -10 -6 -11 15 14 -14 16 -1 20 25 29 22 -22 -18 24 -24 -19 -23 -21 -29 -20
right_child=1 2 -4 -5 10 -7 7 8 9 11 -12 -13 13 -15 -16 -17 17 18 19 27 21 26 23 -25 -26 -27 -28 28 -30 -31
leaf_value=-0.0047196715315055851 -0.014750663047666757 0.008257539180865069 -0.033581318221639574 0.074832337636679125 -0.0079125392245847827 -0.021067807313434238 -0.01659988523296593 0.010286648784769738 0.089409217139230043 0.059191343044710978 0.077422311790672299 -0.031108695618413753 0.093381573529235637 0.0055233794231501513 0.019915207593660313 -0.014111281142474993 -0.011868216143229089 -0.021947975179151251 -0.016212192609185064 -0.029649579127262755 0.047280716195889971 -0.022989297293562638 0.062821671718460523 0.11471746695634735 -0.03624657324071779 0.03167898388712919 0.021540130452965534 0.04754286547605014 -0.06400080862714505 0.056698390971019398
leaf_weight=385.67076649516821 150.65117710083723 124.6239320114255 21.162094533443451 4.4972203299403182 4.2975418046116829 48.231847010552883 28.892198711633682 46.198165833950043 13.960874408483507 6.0387342497706413 6.5599369183182699 3.732563838362692 4.4669313281774548 190.4342350885272 14.115761652588843 92.354227125644684 58.983195088803768 13.033676840364931 8.1961338073015231 75.438488736748695 45.731154657900333 18.923443488776684 5.0169781148433703 4.5616199225187293 6.8423262760043144 36.183108821511269 41.539380848407745 9.3742484673857671 3.369804933667182 10.441350087523459
leaf_count=2243 952 741 132 25 26 301 168 250 64 31 34 21 21 994 70 547 332 80 42 457 263 111 25 23 39 194 234 56 20 49
internal_value=-0.000116438 -0.00585931 0.000538348 0.00437471 0.00264994 7.49049e-05 0.00172386 0.0150287 0.0280963 0.0627653 0.0436456 0.0246974 0.000440703 0.00837295 0.0375751 -0.00159197 6.53441e-06 0.00540515 -0.00440537 -0.0144877 0.0138348 0.02469 -0.00145302 0.0359579 0.00566341 0.0174774 0.00760347 -0.0227563 0.0180483 0.0246348
internal_weight=1483.52 360.024 209.373 188.21 183.713 172.856 1123.5 98.8225 69.9303 23.7322 10.8575 9.7713 1024.68 209.017 18.5827 815.66 723.306 337.635 156.037 106.82 181.598 106.194 75.4041 16.4209 11.8593 49.2168 60.4628 88.1825 12.7441 18.6375
internal_count=8545 2211 1259 1127 1102 1042 6334 534 366 116 60 52 5800 1085 91 4715 4168 1925 898 624 1027 608 419 87 64 274 345 533 76 91
is_linear=0
shrinkage=0.05


Tree=34
num_leaves=31
num_cat=0
split_feature=6 5 15 26 1 19 7 14 0 2 19 30 5 6 6 16 6 21 3 15 22 14 26 23 16 21 0 18 13 14
split_gain=6.2018 6.09779 9.17309 8.93107 11.8746 8.11426 7.90565 7.90048 7.26916 8.35223 6.80688 6.77419 6.83197 7.462 7.35422 6.80702 13.8803 21.7462 20.3053 12.9569 12.7123 11.8865 11.6086 9.86005 9.80711 13.8029 9.25263 10.4246 14.5704 9.01655
threshold=-2.8632414695043975 882.49749999982316 0.37192053324054186 0.00082700000000000015 0.76769058289317771 -0.51851851851851816 0.82062797665819287 31672.093634330984 -0.97946966220028786 1.7183682691728837 1.775000000000003 2.7520234169484703 589.49150000023667 -0.99424853779433342 -0.69172221277712698 -0.37400114957134878 -1.2831283050900943 1.636077418129994 -0.41588306624815274 0.72445732269213847 -12.499999999999998 206157.37889060721 -0.00015699999999999994 -34.499999999999993 -0.37969327250640134 3.6146890227592086 -1.1078618788887373 -0.17220535038642634 0.54712558955821444 34986.121848418625
decision_type=2 2 2 2 2 2 2 2 2 2 2 2 2 2 2 2 2 2 2 2 2 2 2 2 2 2 2 2 2 2
left_child=-1 5 -3 4 -4 7 8 -2 -6 -10 11 12 15 -14 -15 16 17 -7 24 22 23 -21 -20 -19 25 26 27 -18 -29 -17
right_child=1 2 3 -5 6 10 -8 -9 9 -11 -12 -13 13 14 -16 29 18 20 19 21 -22 -23 -24 -25 -26 -27 -28 28 -30 -31
leaf_value=-0.038453082061829617 -0.037593217975401716 0.066258549026804225 -0.05235374905113338 0.085926930395541959 -0.033506205778090735 -0.029991977534771709 -0.015628837840539946 -0.0060310859929764999 0.071687124503265739 0.017079072369627659 0.041521048955089401 0.010773989516187457 -0.059075373766341636 0.054436140487675103 -0.018047451837321975 -0.010733317048876499 -0.011031591119438598 0.044772644384485777 -0.027314818179104191 0.054799751086251236 0.017481022872533048 -0.013300329713562015 0.017758227236821231 0.11372681645471328 0.047732022680843179 -0.049625415025340978 -0.01681686069008749 0.097246954804863686 -0.020152987255051096 0.00081238779006162054
leaf_weight=10.474921680986879 26.403286695480347 7.5485152006149283 8.1755900382995588 3.504712536931037 4.7228357195854178 15.300628781318663 17.694420263171196 79.606537066400051 9.795656666159628 24.553132526576519 10.033415198326109 134.90380834788084 9.7627053111791593 3.9782136380672446 29.07661034911871 245.9827748760581 13.735215686261656 20.790857277810577 21.315597519278526 29.21323536336422 38.217614643275738 8.2079717591404897 43.311845451593399 6.9066298902034751 6.2738993614912024 24.929022595286369 75.268676690757275 7.1339215189218503 4.1981305032968521 541.01024103909731
leaf_count=96 201 38 49 18 28 89 104 564 51 133 44 701 59 21 167 1459 74 108 115 143 197 47 226 34 33 155 409 37 23 3122
internal_value=-0.000116519 0.00015637 0.0139491 0.00818022 0.00398445 -0.000594709 0.0120984 -0.0138921 0.0246553 0.0326523 0.000498426 0.000176745 -0.00107224 -0.0206676 -0.00932391 -0.000310736 0.00590316 0.0237087 -0.000287622 0.0164492 0.036174 0.0398627 0.00289211 0.061967 -0.0132722 -0.0163275 -0.00805451 0.0182559 0.0537544 -0.00279634
internal_weight=1482.03 1471.56 75.9949 68.4463 64.9416 1395.56 56.766 106.01 39.0716 34.3488 1289.55 1279.52 1144.61 42.8175 33.0548 1101.8 314.803 81.2157 233.588 102.049 65.9151 37.4212 64.6274 27.6975 131.539 125.265 100.336 25.0673 11.3321 786.993
internal_count=8545 8449 421 383 365 8028 316 765 212 184 7263 7219 6518 247 188 6271 1690 428 1262 531 339 190 341 142 731 698 543 134 60 4581
is_linear=0
shrinkage=0.05


Tree=35
num_leaves=31
num_cat=0
split_feature=6 19 5 7 1 4 2 19 14 27 27 5 30 27 8 16 16 3 2 27 13 6 3 16 14 16 16 30 21 18
split_gain=5.7662 5.51584 5.59314 7.62508 7.41758 7.30275 7.2773 7.20284 7.42136 6.38039 9.48839 9.68301 6.19076 6.183 12.7956 6.80426 12.9668 11.0808 8.70186 7.4977 18.644 12.0587 9.90762 8.86829 10.93 12.2157 11.7421 10.6181 14.0961 11.8824
threshold=-2.8632414695043975 2.3333333333333424 882.49749999982316 1.2288204025802341 0.7308986619660981 2.6743379651508756 0.11129435298533473 -0.51851851851851816 31672.093634330984 0.014041590466944866 0.023172498621452212 -24.557499999878925 -4.8365806447974569 0.012087546944161811 14502.125000000206 -0.37400114957134878 -0.37811097766384028 -0.7106326246947906 1.841504805520126 -0.010831272170791105 0.14203262471191222 -1.2831283050900943 -2.1392999068013512 -0.31104936190583027 3594.7973915852713 -0.26226273558906188 -0.22942539440863155 1.3897371465873765 0.23833667212009338 -0.70990664653278934
decision_type=2 2 2 2 2 2 2 2 2 2 2 2 2 2 2 2 2 2 2 2 2 2 2 2 2 2 2 2 2 2
left_child=-1 2 7 4 -4 6 -6 8 -2 12 -11 -12 -9 15 -15 16 -14 -18 19 20 -17 22 -21 -23 25 -25 -27 -26 -29 -30
right_child=1 -3 3 -5 5 -7 -8 9 -10 10 11 -13 13 14 -16 18 17 -19 -20 21 -22 23 -24 24 27 26 -28 28 29 -31
leaf_value=-0.037618524757135979 -0.036647454087553377 0.059611981759528344 -0.031920847173551231 -0.019891551926667774 -0.03323532631154065 -0.00032505395662925872 0.045340240752842917 -0.022314344841493194 -0.0057517848125350733 -0.035138656741785679 0.063228627312272009 -0.023070262138980818 0.0052217974423417962 0.078767725541939781 -0.017839193807441651 0.050244335731452039 0.0062818240322906702 0.10601735033801694 -0.026204016224544952 0.045243458802971682 -0.01976926179222406 -0.0067803658706028728 -0.01660200133818274 -0.062679212989078109 0.0031128676853861303 0.049516181747766057 -0.017789830900088847 -0.045723417217558016 0.062894040933804171 0.018489991519337435
leaf_weight=10.179510571062563 25.747297257184982 3.8888443559408179 6.020048812031745 14.152406334877012 3.2173990011215201 17.42396255582571 35.02265489846468 27.982444874942303 79.306415140628815 28.528914727270603 5.9719850420951843 7.1324832588434202 336.98815077543259 7.5188487619161588 6.2990211099386215 22.820573531091213 5.1801839172840118 6.0228976607322675 33.723955206573009 6.773349054157733 16.300336606800556 205.86515303701162 147.41438336670399 11.034326002001761 256.29436825960875 8.3327396064996702 29.144702136516571 7.3382000327110282 18.073019549250603 90.554204732179642
leaf_count=96 201 16 36 85 19 96 183 164 564 173 32 43 1788 38 38 127 28 27 199 41 95 1197 902 70 1450 49 174 43 94 477
internal_value=-0.000116648 0.000143034 -1.4699e-05 0.0132082 0.0208024 0.0265044 0.0387291 -0.000735941 -0.0133239 0.000292939 -0.0189611 0.016258 0.000937497 0.00147271 0.0347284 0.00109036 0.0069811 0.0599007 -0.00131232 -0.000288542 0.0210721 -0.00135875 -0.0138852 0.00172345 0.005884 -0.0164392 -0.002825 0.00879309 0.0213469 0.0258778
internal_weight=1480.25 1470.07 1466.18 75.8365 61.6841 55.664 38.2401 1390.35 105.054 1285.29 41.6334 13.1045 1243.66 1215.68 13.8179 1201.86 348.191 11.2031 853.669 819.945 39.1209 780.824 154.188 626.637 420.772 48.5118 37.4774 372.26 115.965 108.627
internal_count=8545 8449 8433 419 334 298 202 8014 765 7249 248 75 7001 6837 76 6761 1843 55 4918 4719 222 4497 943 3554 2357 293 223 2064 614 571
is_linear=0
shrinkage=0.05


Tree=36
num_leaves=31
num_cat=0
split_feature=21 9 21 3 7 18 16 8 6 2 3 7 8 0 4 2 21 6 15 1 27 15 14 27 27 18 6 13 5 13
split_gain=5.41334 7.92986 7.10978 16.006 13.4346 12.6746 12.1811 11.9203 17.3443 15.6179 13.0271 13.4453 19.2908 10.8638 9.82144 9.2401 9.55991 8.7304 8.37018 9.10434 8.97387 8.96506 10.0701 9.90577 8.89968 8.89765 8.22435 8.04984 8.00619 10.2697
threshold=3.0975621409442211 10.37041225721887 2.0548868330151309 0.52644071008815252 1.3191416222579988 0.79080825185225356 -0.47258885845555176 376962.89000000031 -1.4611094290608881 0.41274079706189737 -0.21744922708695316 0.8547506651912663 34478.235000000299 -0.07902737357670582 0.10560053686516067 -0.70924156044554121 2.7681513519238243 -0.47483200677358733 0.70258780997476589 -0.39034767007586119 -0.0084988686395320295 0.46601986643195487 47006.32500404161 0.002797483613017127 0.014843267229647019 -0.90933623895714399 -1.855544922736416 -0.47400295624002969 154.22900000005032 -0.73079670714615808
decision_type=2 2 2 2 2 2 2 2 2 2 2 2 2 2 2 2 2 2 2 2 2 2 2 2 2 2 2 2 2 2
left_child=2 -2 7 6 5 27 15 8 10 13 11 12 -1 26 -8 -4 17 -17 21 -20 -21 22 23 25 -22 -10 -9 -5 -24 -30
right_child=1 -3 3 4 -6 -7 14 9 18 -11 -12 -13 -14 -15 -16 16 -18 -19 19 20 24 -23 28 -25 -26 -27 -28 -29 29 -31
leaf_value=-0.016313155219355276 -0.0038103350833270048 -0.038785521963169506 0.062516964784824644 -0.0050037231285098831 -0.037615793161715871 0.079640648967654715 -0.0082624731047113535 0.13489413826179639 0.080555705450169546 -0.025802856663402565 -0.038133277684298937 -0.028107326024864151 0.12236702834508605 0.009553957065861967 0.008120216569994421 0.066053969776338137 -0.018226697242652433 -0.0041652833487969363 0.022679798118454192 -0.065322826732738037 0.0071461367294203193 -0.012774646956858688 -0.019328514983887757 0.072587689600162236 -0.038540836468371767 0.0062293842529810546 0.051709708532502389 0.038895518050240323 0.068637382035167366 -0.0034008094104656171
leaf_weight=5.2552410438656825 340.23397174477577 17.016930468380451 13.027076110243796 15.683271013200278 6.8244656920433036 13.226919785141943 193.18434123694897 4.2690432593226406 4.3061496019363394 10.021153286099432 56.487618289887905 12.290882706642149 4.796204499900341 10.388007059693336 173.77771924436092 10.555990442633627 14.123353406786917 7.6231961250305202 68.497806154191494 5.035458341240882 111.42951173335314 176.27065826952457 54.925437733530998 7.2565213441848746 11.786858193576334 62.006768703460693 9.7751776725053805 31.251565761864189 6.506442770361903 20.646628446877003
leaf_count=32 2096 115 64 85 39 65 1100 21 23 60 365 75 28 60 963 47 72 38 377 29 621 1039 311 37 73 343 51 166 36 114
internal_value=-0.000116421 -0.00547631 0.00159137 0.00619933 0.0288681 0.0364097 0.00251627 -0.00184891 -0.00347149 0.0267612 -0.0253502 0.00696901 0.0498603 0.0483209 -0.000504324 0.0269692 0.0126334 0.0366085 -0.000209145 0.00796241 0.000102024 -0.00505295 0.00369183 0.0171251 0.00277573 0.0110559 0.0769954 0.0242266 -0.0083488 0.013861
internal_weight=1478.48 357.251 1121.23 479.278 66.9862 60.1618 412.292 641.952 607.498 34.4534 78.8299 22.3423 10.0514 24.4322 366.962 45.3296 32.3025 18.1792 528.668 196.75 128.252 331.919 155.648 73.5694 123.216 66.3129 14.0442 46.9348 82.0785 27.1531
internal_count=8545 2211 6334 2639 355 316 2284 3695 3503 192 500 135 60 132 2063 221 157 85 3003 1100 723 1903 864 403 694 366 72 251 461 150
is_linear=0
shrinkage=0.05


Tree=37
num_leaves=31
num_cat=0
split_feature=6 21 14 13 28 2 2 19 27 5 4 4 16 13 30 19 7 21 27 7 13 6 21 19 12 3 15 6 8 8
split_gain=5.47755 6.45924 5.57404 6.19878 6.45846 7.61434 8.26955 5.99028 6.94689 8.08972 7.68723 11.1095 6.98808 8.15218 5.9431 7.76783 7.49767 8.93254 7.67821 5.96277 6.09736 10.6983 10.0481 9.95063 9.38183 10.648 8.9161 12.0725 13.7327 11.7695
threshold=-2.7498783790343677 2.1687022249983441 379637.50792735507 -2.3850582281479142 1.0000000180025095e-35 0.88294087940884469 0.018708394748702412 -0.45161290322580283 -0.013251847107440316 -604.91700000013213 1.5099970346740328 1.7026553840867993 -0.32961840315543867 0.92933822211938921 2.7945305200663095 -0.33333333333334353 -0.76872251146201165 0.59753723125945613 -0.0022111516761165735 -2.9472560420017757 0.95702726256107384 -1.9638322672016202 3.4742968246165558 -0.39318309859155304 1.0000000180025095e-35 -2.6353875944485821 0.95257934817232537 1.3786953680277663 14502.125000000206 22328.320000000243
decision_type=2 2 2 2 2 2 2 2 2 2 2 2 2 2 2 2 2 2 2 2 2 2 2 2 2 2 2 2 2 2
left_child=1 -1 7 -4 5 6 -5 8 -2 -10 -11 -12 13 -13 19 -16 17 -17 -19 -9 22 -22 24 -23 25 -21 27 28 -25 -30
right_child=2 -3 3 4 -6 -7 -8 14 9 10 11 12 -14 -15 15 16 -18 18 -20 20 21 23 -24 26 -26 -27 -28 -29 29 -31
leaf_value=0.020801636569137361 0.050762464656757045 -0.05258838569751581 0.033593132531496518 -0.01318242034743655 -0.044637502939663232 -0.050167630862154491 0.049632343012814849 -0.043959005115292014 0.029576745742914676 -0.021717460600998446 0.087452991054079776 -0.032312551764778361 -0.044724854048387802 0.071758673061801767 0.089181531520871937 -0.046999422060610391 -0.00019634862185860045 -0.034849985250283898 0.036256319187001972 0.086786407826652104 -0.021418994840721059 0.090646235465657601 -0.014916188087821025 -0.010135488668925045 0.045571581939710143 -0.00013698112549682842 0.02819288457121474 -0.018766580386266184 0.065673874128351947 0.015108382630886244
leaf_weight=4.2614610120654097 4.5943850800395003 10.113013833761213 5.8307349234819403 16.860609069466594 18.24492521584034 7.8832719773054114 7.6020072549581519 7.4336731731891623 10.733368322253225 92.66474211961031 3.998213283717635 3.3787192702293405 6.564442873001096 4.2469703406095505 3.1736326217651358 4.0511430650949469 74.90889835357666 4.1468456685543051 44.937647596001625 3.5402940213680258 29.050312533974648 3.8250094652175894 114.5705164372921 51.288951247930527 11.617259144783018 728.12060820311308 50.359551765024662 43.152702435851097 13.141604632139204 92.560692526400089
leaf_count=34 26 94 33 106 113 50 42 45 73 668 28 23 51 23 17 21 410 22 204 19 169 21 738 283 63 4086 267 241 71 504
internal_value=-0.000116665 -0.0308312 0.000185223 -0.0152243 -0.0208506 -0.0074335 0.00633791 0.000803567 -0.00959035 -0.0118709 -0.0158841 0.0138354 -0.00690704 0.0256478 0.00182828 0.011909 0.00999376 0.0243594 0.030249 0.000676706 0.000967452 0.00732627 -0.0011331 0.0106097 0.000991456 0.000283616 0.00938756 0.00465582 0.011094 0.021395
internal_weight=1476.86 14.3745 1462.48 56.4215 50.5908 32.3459 24.4626 1406.06 126.181 121.586 110.853 18.1883 14.1901 7.62569 1279.88 131.218 128.045 53.1356 49.0845 1148.66 1141.23 283.379 857.849 254.329 743.278 731.661 250.504 200.144 156.991 105.702
internal_count=8545 128 8417 344 311 198 148 8073 892 866 793 125 97 46 7181 674 657 247 226 6507 6462 1556 4906 1387 4168 4105 1366 1099 858 575
is_linear=0
shrinkage=0.05


Tree=38
num_leaves=31
num_cat=0
split_feature=19 13 1 23 15 9 6 14 16 16 15 3 30 3 27 3 14 5 4 23 22 13 10 20 3 13 0 27 7 7
split_gain=5.31178 7.98953 5.87704 5.78408 9.20583 5.22379 6.12444 5.86224 10.9163 13.7134 10.8305 10.4933 9.48668 9.42917 9.26684 9.91789 8.93316 11.5379 10.963 9.38943 14.9484 9.36852 15.4871 8.55154 14.1317 17.2293 9.2567 8.40938 8.48781 10.9345
threshold=1.1428571428571421 -0.19233433315910267 -1.0468019564351518 1.5000000000000002 0.65723353759750325 11.32324300569852 -2.7498783790343677 34986.121848418625 -0.33294629240445278 -0.28388625803493511 1.080534875108953 1.1999475977630356 2.0826091029643408 1.3539517536832928 0.0026488113543103879 -0.7904967361667109 10378.101167232922 277.93799999984918 0.50463391168460192 19.500000000000004 -48.499999999999993 -1.4200149912928073 3.6471109729958759 -1.2499999999995779 -0.53551177892462987 -0.56479280918922625 -1.3217244133992112 0.014843267229647019 1.1509324171370428 1.6390875239744991
decision_type=2 2 2 2 2 2 2 2 2 2 2 2 2 2 2 2 2 2 2 2 2 2 2 2 2 2 2 2 2 2
left_child=5 2 -2 -4 -5 6 -1 8 10 11 13 -10 -13 16 15 -11 17 18 19 20 -8 -18 -23 24 26 -26 -9 28 -25 -30
right_child=1 -3 3 4 -6 -7 7 23 9 14 -12 12 -14 -15 -16 -17 21 -19 -20 -21 -22 22 -24 27 25 -27 -28 -29 29 -31
leaf_value=-0.036589774205916782 -0.017356190634957584 -0.0040465335095579763 0.074683179597367533 0.079908075192625022 -0.011978270004460145 -0.017727784484647551 -0.0095727028845018006 0.053289236396168851 -0.035213108914052507 -0.022605550797678217 0.048207486383969635 -0.016850065354766339 0.075782986766903898 -0.034746544267084185 0.028122723285418417 0.0028950634453435604 0.042363677036346171 0.068170763766607065 -0.019113974940319075 -0.005008500450594193 0.081304119720818802 -0.036089008262231208 0.010458529418254973 0.0051277690391528137 -0.041006170827516397 0.070201375151006731 -0.018653345533844921 -0.021880059849723407 -0.02099580429285669 0.0026371706925826283
leaf_weight=11.434056617319582 4.3856421709060696 25.709009259939194 9.7109030187129992 4.3568055331706983 7.281585231423378 43.592630513012409 6.9579194337129584 5.7276529073715237 70.980361059308052 63.904564946889877 13.44268389046192 8.0773280784487707 4.2016054168343535 16.148966148495674 20.778429515659809 94.533499866724014 9.0870477408170682 10.257401332259176 19.870975241065025 13.078822828829287 12.94188065081835 33.86348682641983 37.835139773786068 639.41345453262329 4.2374330163002041 19.559147030115128 20.382370412349701 37.607029780745506 80.024408906698227 126.02163481712341
leaf_count=104 22 123 44 20 35 267 39 32 450 398 68 48 22 95 117 553 49 56 112 74 70 194 212 3655 25 97 121 233 477 733
internal_value=-0.000116171 0.0156678 0.0353623 0.0461919 0.0224192 -0.000686404 -0.00014823 0.000156149 -0.00463039 -0.0110627 0.00510154 -0.0278303 0.0148471 0.00148086 -0.00327298 -0.00739038 0.00554663 0.0196422 0.0102234 0.0279004 0.0495292 -0.00546432 -0.011526 0.00239281 0.0225289 0.0503988 -0.00287158 0.00125481 0.00228388 -0.00654143
internal_weight=1475.4 51.4439 25.7349 21.3493 11.6384 1423.96 1380.37 1368.93 435.96 262.476 173.484 83.2593 12.2789 160.042 179.216 158.438 143.893 63.107 52.8496 32.9786 19.8998 80.7857 71.6986 932.973 49.9066 23.7966 26.11 883.067 845.459 206.046
internal_count=8545 244 121 99 55 8301 8034 7930 2557 1588 969 520 70 901 1068 951 806 351 295 183 109 455 406 5373 275 122 153 5098 4865 1210
is_linear=0
shrinkage=0.05


Tree=39
num_leaves=31
num_cat=0
split_feature=19 21 30 13 15 7 8 10 6 21 6 15 4 23 22 6 20 18 2 5 2 7 1 18 15 8 8 7 18 1
split_gain=4.96195 4.77454 8.52583 11.4035 10.2999 9.51906 17.3325 13.9137 9.83854 11.1555 9.5359 9.06249 8.98884 8.15897 7.64258 6.31209 6.01684 6.60034 5.85381 5.45949 8.04188 12.1798 8.24574 7.93453 9.63896 11.3854 11.0953 9.7985 10.8942 11.0489
threshold=2.3333333333333424 3.2910922743017621 -0.24813072352878304 2.0532358931521784 0.73786478853379567 -0.3656507966881119 28085.555000000237 2.7337511736094835 -1.4726009919928742 3.5948068271501223 -0.90526463203341689 0.64650241178811974 -0.50380218193598503 13.500000000000002 1.0000000180025095e-35 1.6066146498528988 -3.7500000000001772 -1.0000000180025095e-35 0.80430287986695215 882.49749999982316 1.1670850166141882 0.61755613214001259 0.75509530655520529 -0.018284186049216201 0.69710143833089 29088.46500000024 253004.22500000024 -1.2916424156949293 0.44329855423281367 -0.98768505392083361
decision_type=2 2 2 2 2 2 2 2 2 2 2 2 2 2 2 2 2 2 2 2 2 2 2 2 2 2 2 2 2 2
left_child=1 19 15 4 5 6 8 16 -4 -10 -8 18 -11 -12 -5 -3 17 -7 -9 20 23 -22 -23 -1 26 27 -25 -26 29 -29
right_child=-2 2 3 14 -6 7 10 11 9 12 13 -13 -14 -15 -16 -17 -18 -19 -20 -21 21 22 -24 24 25 -27 -28 28 -30 -31
leaf_value=-0.0013610069077563298 0.056418908462814471 -0.012117050363839289 0.12764739279872453 0.1022129180560941 -0.023218973674450916 -0.036527589704951367 -0.061143679378536257 -0.0073456609527086424 -0.011387378381723011 0.022917801466142237 -0.021880637301275291 0.083425700565535277 0.10720392266674456 0.060482394960734646 0.013802712648437646 -0.049966956136320996 -0.0449758950454969 0.042272205610001411 0.056188544278860476 0.015531447163993562 -0.016790104777621651 -0.022775256273281471 0.019015532125940433 -0.0013066053058172732 0.07122227180972461 0.0046010540969825047 0.039345680793008514 -0.0070618284668904525 0.00094816016430142444 0.069267983157545648
leaf_weight=568.58926533162594 3.8709230422973624 113.74039761722088 3.757061734795573 4.4679409414529783 39.935134045779705 5.5185740366578102 6.3080070540308979 16.436442740261562 6.9870215356349972 6.0091863349080121 6.7906258404254896 4.7030796259641638 6.6791318506002373 5.3962759003043175 5.3972705453634262 12.196080751717089 20.350446999073029 5.1255274713039416 4.6514542400836936 62.130600199103355 142.39737896621227 15.415697686374186 50.372313633561134 209.22971218079329 13.968384474515913 66.371697902679443 18.248367346823215 6.5567756891250637 25.316641166806221 17.11974785476923
leaf_count=3252 16 750 19 22 259 35 44 101 40 34 40 28 36 30 31 82 134 32 27 335 818 90 286 1186 71 379 99 35 142 92
internal_value=-0.000116148 -0.000265004 -0.00621252 0.0019027 -0.00179305 0.006875 0.0249447 -0.00646666 0.0535055 0.0393479 -0.0112408 0.0206654 0.067286 0.0145891 0.0538436 -0.0157826 -0.0290436 0.00141742 0.00666837 0.00110011 0.000309147 -0.0085698 0.00922296 0.00230662 0.0081511 0.0190499 0.00195453 0.0342814 0.0237493 0.0481299
internal_weight=1474.04 1470.17 274.45 148.513 138.648 98.7128 41.9273 56.7855 23.4324 19.6753 18.4949 25.791 12.6883 12.1869 9.86521 125.936 30.9945 10.6441 21.0879 1195.72 1133.59 208.185 65.788 925.401 356.811 129.333 227.478 62.9615 48.9932 23.6765
internal_count=8545 8529 1744 912 859 600 243 357 129 110 114 156 70 70 53 832 201 67 128 6785 6450 1194 376 5256 2004 719 1285 340 269 127
is_linear=0
shrinkage=0.05


Tree=40
num_leaves=31
num_cat=0
split_feature=6 14 3 6 3 30 1 19 14 16 3 16 16 15 21 21 9 16 27 9 3 21 21 7 15 21 22 27 13 6
split_gain=4.74022 4.76662 5.87981 6.5499 5.35994 7.42698 9.39617 6.20671 6.05458 12.3505 9.64573 12.0918 8.22148 10.2118 9.12461 8.88053 15.6999 8.65154 8.26612 8.20708 8.61716 10.325 11.8707 13.2183 13.3948 11.6959 9.71995 8.89909 8.4437 8.9334
threshold=-2.8632414695043975 379637.50792735507 2.527852759300838 -1.6899798100270929 2.527852759300838 -0.63600005079330468 0.92101224748981914 0.19999999999998527 34986.121848418625 -0.33294629240445278 -0.7904967361667109 -0.22941573385562267 -0.38644034306585456 0.81867908830145408 1.6195715203916032 3.0705934497647789 0.13244967341424993 -0.36453055437118387 0.002469750266022253 0.33560374268845933 -0.076620125480703474 2.5845438729539336 0.47595567181630966 -1.3458901538890733 0.65723353759750325 0.28470440919948808 -70.499999999999986 -0.0089561521438937235 -2.1696853378608201 0.4529324246631426
decision_type=2 2 2 2 2 2 2 2 2 2 2 2 2 2 2 2 2 2 2 2 2 2 2 2 2 2 2 2 2 2
left_child=-1 4 3 -3 7 6 -6 8 9 12 11 -11 13 -2 -15 18 17 -17 -14 28 26 22 23 -22 27 -26 -21 -25 29 -10
right_child=1 2 -4 -5 5 -7 -8 -9 19 10 -12 -13 15 14 -16 16 -18 -19 -20 20 21 -23 -24 24 25 -27 -28 -29 -30 -31
leaf_value=-0.035480163154662452 -0.010492974402116413 0.026001687651980934 0.049438019480752438 -0.025258630825297231 0.057781078356625673 -0.054871928919847962 -0.043991771421108945 0.0078964183133257478 -0.014354717485153712 -0.036421854418717994 -0.0045008296701491693 0.0039813926777645973 0.00030937476430118501 -0.036010819223529673 0.049771151104037049 0.1502312089465998 -0.006053116177986647 0.045915269374098414 0.07509975816057507 -0.028925898156921301 -0.053436868451326593 0.036137183473073591 -0.024565798733305624 0.057807899130782429 0.02249741777136215 0.10869232460062198 0.005723558237865075 -0.024938525622130683 0.006961020605033493 0.077524574189533568
leaf_weight=9.4150125160813314 81.040473997592926 7.2167925834655753 3.4142779707908621 45.657785981893539 4.5776515677571314 10.167408660054205 4.4947671815752983 267.02061305940151 3.8260960206389418 67.938691139221191 134.74706245213747 25.456988178193569 32.064408108592033 3.9679034575819996 14.172711893916128 4.2651392742991447 5.8764048293232918 3.7222210168838483 4.1755575686693183 21.85771781951189 8.6681052818894369 10.90549750626087 101.01726938039064 3.830033794045451 20.502214059233669 4.8705616295337668 273.4772562906146 21.428713850677013 264.4747738391161 8.574458681046961
leaf_count=96 455 40 20 288 24 61 27 1414 22 444 807 158 187 21 71 22 36 25 23 132 51 59 606 20 121 25 1607 142 1499 42
internal_value=-0.000115769 0.000111752 -0.0141557 -0.0182622 0.000682492 -0.0255271 0.00735954 0.00104583 -0.000586177 -0.00574369 -0.0130601 -0.0254091 0.00543756 -0.00290228 0.031008 0.0219464 0.05598 0.101619 0.0089267 0.0020322 -0.0020148 -0.0109391 -0.0141415 0.00361636 0.0133839 0.0390434 0.00315915 -0.0123915 0.00885172 0.0491759
internal_weight=1472.82 1463.41 56.2889 52.8746 1407.12 19.2398 9.07242 1387.88 1120.86 377.428 228.143 93.3957 149.285 99.1811 18.1406 50.1037 13.8638 7.98736 36.24 743.433 466.557 171.222 160.317 59.2996 50.6315 25.3728 295.335 25.2587 276.875 12.4006
internal_count=8545 8449 348 328 8101 112 51 7989 6575 2249 1409 602 840 547 92 293 83 47 210 4326 2763 1024 965 359 308 146 1739 162 1563 64
is_linear=0
shrinkage=0.05


Tree=41
num_leaves=31
num_cat=0
split_feature=21 15 30 16 13 19 3 7 16 29 27 29 23 4 16 9 21 18 15 15 3 21 7 7 13 6 27 14 21 15
split_gain=4.7145 12.8779 9.16653 9.95136 7.03114 5.61111 6.77997 6.46651 5.95806 7.005 9.42256 6.46511 5.6975 5.30549 7.92594 6.06212 5.05249 9.47626 9.53222 6.64622 8.77725 9.5832 8.07326 7.04711 6.59309 15.0418 13.9893 11.2545 8.94955 8.88562
threshold=4.2154178389736989 0.42526876051254375 0.93849727745236389 -0.2654035738632986 1.1057042551009906 -0.51851851851851816 2.1093539005848432 -2.9472560420017757 -0.22941573385562267 9972.6100000000024 0.0033562673529224933 -61465.219999999994 80.500000000000014 1.4523900332850361 -0.32457889713063404 0.41505916307815055 0.30759736282973088 -0.88377042548806262 0.70258780997476589 1.080534875108953 0.70821352544894856 1.9771395120741879 1.5229193572639725 2.282405746932858 -1.7903028219869395 1.0530259436643148 -0.010078535696635691 179381.49114786787 2.8516797684410506 0.54346795040210016
decision_type=2 2 2 2 2 2 2 2 2 2 2 2 2 2 2 2 2 2 2 2 2 2 2 2 2 2 2 2 2 2
left_child=5 4 -3 -4 -2 6 8 -7 11 10 12 -1 -10 -13 15 -15 17 18 -9 24 23 22 -22 -21 25 26 -18 28 -27 -26
right_child=1 2 3 -5 -6 7 -8 16 9 -11 -12 13 -14 14 -16 -17 19 -19 -20 20 21 -23 -24 -25 29 27 -28 -29 -30 -31
leaf_value=0.03997834556381194 0.00084619062968745043 -0.034200106816243296 -0.031155806725043013 0.055372838899601054 0.091600277660841639 -0.044744575922783601 0.051589241155531922 -0.0090870926764979425 -0.04165510020097464 0.088751162627834057 0.083479662558775009 -0.027583732137299845 0.038609250874346426 -0.0021988677935199747 -0.040532714218765295 0.088223124287764368 0.068235413194449909 -0.0099426224901766093 0.10495188118007337 0.0092949038946524495 0.0056188742678341492 0.084529393726834795 0.081498140647773887 -0.056810636796360309 0.0052497699873939561 0.10151095977162397 -0.0078123961630019532 -0.011510937460235116 0.017592971744690346 -0.0043451560296960635
leaf_weight=4.444360375404357 4.5455331578850728 41.004298567771912 6.4297317117452621 6.8764116987586004 4.0230866596102715 7.5561396777629843 4.1979392543435088 3.6369015946984282 8.2626495733857173 2.6405799388885489 2.7211557105183592 66.775863476097584 3.0187053829431525 3.902255117893219 5.0272974520921689 3.530722089111805 6.9599410146474829 140.59340763092041 3.6932529509067535 76.191396303474903 17.812991961836822 7.9517875313758841 4.3642955273389807 4.2568281441926947 480.21144530177116 10.139821305871012 46.118123948574066 5.0096939206123343 4.6268154829740515 484.98356583714485
leaf_count=32 28 298 43 41 19 46 26 23 64 19 18 503 23 25 39 20 35 836 19 417 92 35 21 26 2675 47 262 29 24 2760
internal_value=-0.000115517 -0.0135108 -0.0224986 0.0135609 0.0434565 0.000482429 -0.0106644 0.00137582 -0.0132693 0.0140529 -3.35927e-05 -0.0187034 -0.0201777 -0.0219948 0.00795655 0.0407523 0.00164461 -0.00705298 0.0483707 0.00276471 0.0144179 0.0374366 0.0205512 0.005797 0.00152336 0.0160273 0.00215949 0.0532473 0.075217 0.000428587
internal_weight=1471.51 62.8791 54.3104 13.3061 8.56862 1408.63 104.522 1304.11 100.324 16.6431 14.0025 83.6805 11.2814 79.2361 12.4603 7.43298 1296.55 147.924 7.33015 1148.63 110.577 30.1291 22.1773 80.4482 1038.05 72.8544 53.0781 19.7763 14.7666 965.195
internal_count=8545 429 382 84 47 8116 769 7347 743 124 105 619 87 587 84 45 7301 878 42 6423 591 148 113 443 5832 397 297 100 71 5435
is_linear=0
shrinkage=0.05


Tree=42
num_leaves=31
num_cat=0
split_feature=19 6 5 26 1 7 4 3 1 26 10 26 21 22 19 14 18 18 0 7 15 16 6 23 27 27 5 3 27 8
split_gain=4.35043 4.31128 4.35406 7.05129 9.33903 7.21576 6.72716 6.99026 6.10516 5.9474 7.43149 5.66804 5.6512 6.73403 5.50258 6.76931 5.39967 8.07383 7.21425 5.33625 11.6903 6.48902 5.30085 4.93303 4.91222 8.52327 8.19912 5.68045 6.11173 10.9253
threshold=2.3333333333333424 -2.8632414695043975 882.49749999982316 0.00082700000000000015 0.75509530655520529 0.7542439790541825 2.5934785283267234 0.10164435749426888 1.4807508981515978 0.00015750000000000003 10.795038143571404 -0.00022800999999999998 3.6746482990040561 -4.4999999999999991 -0.51851851851851816 31672.093634330984 -0.78609268759592565 -0.67455062351620088 1.2072475072397995 0.98624074224419034 0.82860029614813346 -0.22941573400634058 -0.25540234590694805 28.500000000000004 0.014041590466944866 0.023172498621452212 -24.557499999878925 2.2963053421882229 0.012087546944161811 14502.125000000206
decision_type=2 2 2 2 2 2 2 2 2 2 2 2 2 2 2 2 2 2 2 2 2 2 2 2 2 2 2 2 2 2
left_child=1 -1 8 4 -4 6 12 -8 14 10 -7 -9 13 -6 15 -3 -17 23 19 -19 21 -21 -12 -18 27 -26 -27 28 -16 -30
right_child=-2 2 3 -5 5 9 7 11 -10 -11 22 -13 -14 -15 24 16 17 18 -20 20 -22 -23 -24 -25 25 26 -28 -29 29 -31
leaf_value=-0.034530983158950153 0.053043942228513198 -0.034572242727369737 -0.044453247729336752 0.076907550204857469 0.019724724752137754 0.070706136016569651 -0.055155518149409999 -0.032619588603773481 -0.030395462996049279 -0.046422871787624151 -0.053150030762256863 0.040867243777289314 -0.015160052634463237 0.072076315353043915 0.0012480048851919493 -0.04341333646893733 0.014930001627888129 -0.019606061963022788 0.055536224823206949 -0.034934912175671268 0.073885431843005056 0.047198683350277437 0.028665609050558295 0.10760493634286494 -0.032792740752648201 0.059151828012084885 -0.02078976061668622 -0.023728748776515408 0.077617587500215468 -0.014593080742670572
leaf_weight=9.1162863895297033 3.8388107270002356 24.2203069627285 7.5800130218267432 3.9201718419790259 11.15453287959099 3.5769677013158816 4.3011867552995708 3.7528252229094514 17.072551287710667 7.4716103672981253 4.3615153431892404 8.7229084521532023 4.0476762354373923 13.671165496110918 1186.9413655623794 7.9138834103941909 3.1900562345981589 41.061112500727177 4.5724541172385207 9.2725655063986778 5.4882126152515402 3.2468456104397783 3.6253773868083945 2.6113382801413536 26.791106410324574 6.0403862297534943 6.8389889672398549 22.514007687568665 7.0784377455711347 5.8812536522746086
leaf_count=96 16 201 47 19 56 20 25 20 103 45 28 46 25 68 6702 58 22 307 28 64 39 24 20 19 169 32 43 132 35 36
internal_value=-0.000114231 -0.000253426 -3.8943e-05 0.0115974 0.00805455 0.0142075 0.0249912 -0.000188865 -0.000681011 -0.0116536 0.0108115 0.0187617 0.0396221 0.048554 -0.000308997 -0.0115046 -0.0042821 0.000177414 -0.00497006 -0.00965379 0.0130395 -0.013634 -0.0160126 0.0566451 0.00059206 -0.0167236 0.0167026 0.001154 0.00162088 0.0357713
internal_weight=1469.88 1466.04 1456.92 76.186 72.2658 64.6858 45.6503 16.7769 1380.73 19.0355 11.5639 12.4757 28.8734 24.8257 1363.66 101.577 77.3565 69.4426 63.6412 59.0687 18.0076 12.5194 7.98689 5.80139 1262.09 39.6705 12.8794 1222.42 1199.9 12.9597
internal_count=8545 8529 8433 419 400 353 240 91 8014 113 68 66 149 124 7911 762 561 503 462 434 127 88 48 41 7149 244 75 6905 6773 71
is_linear=0
shrinkage=0.05


Tree=43
num_leaves=31
num_cat=0
split_feature=7 15 21 15 3 14 16 6 19 6 6 16 0 16 21 27 4 18 3 30 1 15 4 8 21 13 7 9 4 18
split_gain=4.27104 6.20862 4.93823 8.20993 5.90423 9.38271 4.97668 7.18301 7.24177 7.13242 12.0005 9.49509 9.46344 9.02877 15.2456 12.7075 12.049 12.9258 10.7492 9.42971 9.22 9.58647 9.29735 13.1707 12.8453 12.0128 11.3851 10.3337 12.713 11.8574
threshold=-2.8611607055072708 0.85201286899765749 4.6252923221422471 0.49699791926710957 -2.6353875944485821 97219.498538526255 -0.41626722307664998 2.9174034489433871 1.2727272727272736 2.0509197650681954 0.4529324246631426 -0.22941573387126785 -1.2502667017291633 -0.37969327250640134 3.5948068271501223 0.0072956024415871132 -0.80220833960755999 -0.42619186655052022 -2.0158954733294485 -0.13088466752418179 -1.2253205221650445 0.0002076122821586585 0.20213989927929524 8747.7700000002314 1.7873219456068534 -1.3169662623045102 0.55587676132663588 1.8196573818544546 1.4049485874565868 1.0039609898488298
decision_type=2 2 2 2 2 2 2 2 2 2 2 2 2 2 2 2 2 2 2 2 2 2 2 2 2 2 2 2 2 2
left_child=1 -1 6 -4 5 -5 7 8 -2 10 -8 -11 -13 -12 18 16 19 -18 -15 -16 21 -20 26 24 25 -24 -22 28 29 -25
right_child=2 -3 3 4 -6 -7 9 -9 -10 11 13 12 -14 14 15 -17 17 -19 20 -21 22 -23 23 27 -26 -27 -28 -29 -30 -31
leaf_value=-0.045372435030882306 0.0046775648864522826 0.030249283090254389 0.046310806666942123 0.074200684553204721 -0.050646554530531795 -0.03934666599328588 -0.0033795554460947807 0.071223453726003597 0.071513911048293452 -0.025478968182813467 -0.01550340464774076 0.085113400112216242 -0.0029278556809521129 -0.048903268753519372 -0.062008571292824027 0.12644085748005415 0.12395579084434559 0.023912094524953305 0.092836323560857525 0.038191573680122375 0.0035723175888749212 0.021422126914781722 0.062555316383065426 -0.0040271896495517627 0.057521061475967375 -0.012747953543556926 -0.03508679025057547 0.027730644218418928 -0.040365775759915533 0.075744371407749436
leaf_weight=11.121828332543371 249.50738327205181 3.590418614447116 3.8648730814456966 2.8984130248427435 15.152723424136635 4.8867939040064812 745.06633961200714 4.2611556947231284 4.1197561472654334 58.052098661661148 36.949795566499233 3.8897530883550671 14.175555773079394 8.2868961840867978 4.6906821727752686 4.1889401823282233 5.1818542405962971 8.5654145926237071 5.4764257445931426 4.701407745480541 72.982410341501236 33.114115245640278 7.3521023765206364 31.964969046413898 26.755301937460899 18.938775055110455 25.769008085131645 25.92618104070425 21.901558190584183 5.453052580356597
leaf_count=72 1309 21 24 19 111 38 4490 18 18 359 221 20 82 49 31 25 29 48 26 28 404 179 38 183 133 108 158 145 130 29
internal_value=-0.000112761 -0.0269175 0.000158448 -0.0211046 -0.0324636 0.00292673 0.000557748 0.00684483 0.00576321 -0.000828765 0.000201596 -0.0156277 0.0160289 0.00786444 0.0106385 0.0463067 0.0317999 0.0616223 0.00720537 -0.0118513 0.00889227 0.0315566 0.00520253 0.0135703 0.0331311 0.0083102 -0.00651571 0.00139814 -0.0101107 0.00759818
internal_weight=1468.79 14.7122 1454.07 26.8028 22.9379 7.78521 1427.27 257.888 253.627 1169.38 1093.27 76.1174 18.0653 348.199 311.249 27.3283 23.1394 13.7473 283.921 9.39209 275.634 38.5905 237.043 138.292 53.0462 26.2909 98.7514 85.2458 59.3196 37.418
internal_count=8545 93 8452 192 168 57 8260 1345 1327 6915 6454 461 102 1964 1743 161 136 77 1582 59 1533 205 1328 766 279 146 562 487 342 212
is_linear=0
shrinkage=0.05


Tree=44
num_leaves=31
num_cat=0
split_feature=9 21 0 4 6 5 26 1 5 19 13 22 23 7 7 5 8 27 16 6 16 21 27 5 6 19 3 4 6 6
split_gain=4.14761 5.85308 9.82834 5.30038 5.22661 4.56727 8.23782 7.56082 7.22764 6.26238 7.92599 6.46816 7.38974 6.04326 7.55174 6.44119 7.81092 7.20165 5.51883 9.06392 10.6178 8.93588 9.44121 8.78651 8.05838 7.2434 7.17518 7.9268 10.2026 16.4432
threshold=11.32324300569852 2.8911788084121404 -1.3217244133992112 0.67978954020632487 -2.7498783790343677 -745.92200000002038 -0.00082849999999999992 -1.4817864346188721 -717.50400000018988 0.2201838644515027 -1.2259306233505096 -42.499999999999993 -117.49999999999999 -0.11285093878431753 -0.55717603535506843 -998.20050000003528 15101.505000000221 -0.0015317938715157518 -0.41626722307664998 1.9777460974505197 -0.22941573390888736 2.2436730027259419 0.0037466477267000813 -304.15550000010984 2.9174034489433871 1.2727272727272716 2.2963053421882229 0.084492669039831061 -0.69172221277712698 -0.26804607446272183
decision_type=2 2 2 2 2 2 2 2 2 2 2 2 2 2 2 2 2 2 2 2 2 2 2 2 2 2 2 2 2 2
left_child=4 2 -2 -3 -1 6 -6 -8 -7 11 -11 12 -9 14 15 16 -13 -18 24 26 23 22 -22 -21 25 -10 27 -20 -29 -30
right_child=1 3 -4 -5 5 8 7 9 18 10 -12 13 -14 -15 -16 -17 17 -19 19 20 21 -23 -24 -25 -26 -27 -28 28 29 -31
leaf_value=-0.034524601314570989 0.075271843283671799 -0.053484008808695131 -0.013043033033315839 0.020932647189873629 0.070145850098752002 -0.056637822978666208 -0.039510571400795273 -0.0032821194861715679 0.0046970648791067396 0.10029694590284235 0.01822674488083818 -0.041773762115233794 0.10115808192925653 -0.021577873154494408 0.072364363178052338 -0.035392354409475288 -0.00040734195860826495 0.086338409395258553 -0.0041921978212056338 0.034437090927297097 0.072490135017740334 -0.022554906424509531 -0.0031596989454118029 -0.038222890893342694 0.079621306902203301 0.071521115583232958 -0.028790343119813044 -0.0050250161627738189 0.035714380961394794 0.0051971240794109344
leaf_weight=10.661756560206411 3.6256089657545116 12.846202984452246 24.030447915196419 2.9405165985226622 5.7020534351468077 5.6249693632125846 7.5871091634035102 3.2699568942189217 232.2524396777153 4.2060795128345481 9.7876641601324064 3.4311990514397612 3.5135494545102111 20.604360274970535 4.6646374464035025 7.4027090519666698 4.4632712155580503 5.1573245748877525 462.77023468911648 4.5768668651580802 7.4296620935201707 15.12828619033098 9.27051232755184 45.757610522210598 3.7621258199214926 4.1273107528686515 21.258078843355179 175.3487082272768 51.942766956984997 293.85499296337366
leaf_count=104 18 93 140 19 32 34 45 20 1215 21 49 19 20 129 26 43 28 29 2770 29 39 87 56 298 16 19 130 1069 278 1670
internal_value=-0.000112495 -0.0153314 -0.00146527 -0.0396228 0.00035194 0.00061512 0.012235 0.00777798 -8.03608e-05 0.0131732 0.0428945 0.00525207 0.0508132 -0.00150734 0.0149558 0.00186383 0.0229948 0.0460946 0.000159292 -0.00135577 -0.017323 0.00528043 0.0304958 -0.031616 0.00701935 0.00586385 -5.06153e-05 0.000570323 0.00479937 0.00978116
internal_weight=1467 43.4428 27.6561 15.7867 1423.56 1412.89 79.7899 74.0879 1333.1 66.5008 13.9937 52.507 6.78351 45.7235 25.1191 20.4545 13.0518 9.6206 1327.48 1087.34 82.1629 31.8285 16.7002 50.3345 240.142 236.38 1005.17 983.917 521.146 345.798
internal_count=8545 270 158 112 8275 8171 461 429 7710 384 70 314 40 274 145 119 76 57 7676 6426 509 182 95 327 1250 1234 5917 5787 3017 1948
is_linear=0
shrinkage=0.05


Tree=45
num_leaves=31
num_cat=0
split_feature=21 15 30 16 16 30 7 5 2 16 16 7 18 22 0 7 14 18 2 19 18 3 4 9 6 2 18 21 4 7
split_gain=4.0119 11.3073 8.26671 11.0279 6.62159 6.54416 4.78762 5.11979 6.98048 9.99099 11.9515 11.2999 9.91657 8.55828 7.71067 7.33183 7.03108 6.86604 10.6922 9.65788 9.38619 13.1611 14.4151 16.3067 24.1405 12.9077 10.8048 9.89557 9.63179 9.45847
threshold=4.2154178389736989 0.42526876051254375 0.75607506711222972 -0.24217919184374143 -0.33094300142359179 1.3088145409296412 -2.9472560420017757 882.49749999982316 1.1288942490641194 -0.33094300142359179 -0.33214326219400903 -0.16706041123093832 2.9918083592798212 14.500000000000002 1.0738215444710471 2.282405746932858 58707.532946989893 -0.018284186049216201 1.0198685362321305 0.77777777777777024 0.22240721986187939 0.88492196333823026 0.47124059845073979 0.55190860074010384 0.84620844253669203 0.58277809981209328 1.0000000180025095e-35 0.84764969136451052 -0.60138172347559327 1.610934194241304
decision_type=2 2 2 2 2 2 2 2 2 2 2 2 2 2 2 2 2 2 2 2 2 2 2 2 2 2 2 2 2 2
left_child=6 4 -3 5 -2 -4 -1 8 17 10 11 -10 -11 14 15 -13 -16 18 19 -8 21 22 23 24 25 -19 -24 -23 -29 -25
right_child=1 2 3 -5 -6 -7 7 -9 9 12 -12 13 -14 -15 16 -17 -18 20 -20 -21 -22 27 26 29 -26 -27 -28 28 -30 -31
leaf_value=-0.038175431591433051 0.08603560988325637 -0.033879667189027282 0.023547729520548788 0.062034220881520989 -0.001519619220665973 -0.06158048269694899 -0.0044656253268254209 0.013572917679614147 -0.018544546977126666 -0.018818438286448406 0.092305715551620759 0.0055942764325236632 0.057165038215847466 -0.018263810051249985 0.10556611329525933 0.072246351058228117 0.019266482965326653 0.046371180594368705 0.028470578823830098 0.021806663337105927 0.000100510206054785 0.019154575942435307 -0.045900776588618679 -0.012583143144464376 -0.016258961289055979 0.14282539222713436 0.011133029127711009 0.006793683053701329 0.09581765770261208 0.038700237320076922
leaf_weight=7.9825613498687735 4.1407043933868408 37.600942794233561 3.9767106175422651 6.0730656683444968 4.5130115002393705 5.2223664447665215 588.43289560824633 72.730670966207981 43.090200282633305 135.55334900319576 3.699366331100463 28.652979180216789 4.4344837218523017 14.22178567945957 5.1743378937244398 4.8200328946113578 4.3395996391773224 39.192546233534813 28.387618996202946 37.19143234193325 240.2601130604744 20.080592259764671 18.49010706692934 45.08311665058136 16.484618850052357 3.8052955418825141 15.073922857642172 4.1332148239016542 11.469554826617237 11.23076395690441
leaf_count=52 20 285 26 35 27 36 3471 396 241 824 20 157 25 79 28 23 22 216 162 185 1388 115 103 264 97 21 84 24 57 62
internal_value=-0.000111229 -0.012608 -0.0212797 0.00974222 0.0403746 -0.02478 0.000436407 0.00065719 -5.26774e-05 -0.00769059 0.00404821 0.000792968 -0.0164115 0.0153582 0.0264817 0.015192 0.0662022 0.00167392 -0.001542 -0.00290382 0.00661922 0.0150831 0.00856538 0.0169282 0.0351847 0.0549073 -0.0202864 0.0423643 0.072235 -0.00235562
internal_weight=1465.54 61.5268 52.8731 15.2721 8.65372 9.19908 1404.02 1396.03 1323.3 243.986 103.998 100.299 139.988 57.2087 42.9869 33.473 9.51394 1079.32 654.012 625.624 425.304 185.044 149.36 115.796 59.4825 42.9978 33.564 35.6834 15.6028 56.3139
internal_count=8545 429 382 97 47 62 8116 8064 7668 1419 570 550 849 309 230 180 50 6249 3818 3656 2431 1043 847 660 334 237 187 196 81 326
is_linear=0
shrinkage=0.05


Tree=46
num_leaves=31
num_cat=0
split_feature=21 15 7 15 6 30 7 9 14 18 10 2 14 6 21 2 4 23 26 27 26 1 2 21 18 8 6 2 3 7
split_gain=3.82967 6.5814 9.53075 11.3965 11.1936 12.0473 9.18748 11.7357 8.53245 10.1549 9.65449 9.13411 9.77577 23.8777 8.65579 8.60108 8.36992 8.21369 7.42643 6.81933 6.41523 6.10585 7.95174 5.73494 13.824 10.6875 14.9811 13.4682 12.1354 11.859
threshold=3.0975621409442211 0.6572335390468157 -0.55717603535506843 9.986603434394862e-05 -0.57763778785224107 -1.144669683596742 -1.1318703596676802 0.58903082082288216 6242.1081587507497 -0.52969693835649689 4.6029529548655583 1.090991371128613 107238.1928282506 0.17296969030878143 3.2654670843581881 1.6994764074337245 0.31920796247027089 85.500000000000014 -0.0002859999999999999 -0.0016371452219101077 0.0010025000000000001 -0.53286887568218189 1.0640190726978529 2.0548868330151309 3.5299996343831626 376962.89000000031 -1.4611094290608881 0.41274079706189737 -0.21744922708695316 0.8547506651912663
decision_type=2 2 2 2 2 2 2 2 2 2 2 2 2 2 2 2 2 2 2 2 2 2 2 2 2 2 2 2 2 2
left_child=23 2 3 -2 6 -6 -5 -8 9 -4 -10 12 16 -14 -11 -13 -12 -7 -16 -18 -3 -20 -23 25 -25 26 28 -27 29 -1
right_child=1 20 8 4 5 17 7 -9 10 14 11 15 13 -15 18 -17 19 -19 21 -21 -22 22 -24 24 -26 27 -28 -29 -30 -31
leaf_value=0.046558419278225897 -0.031360706999346316 -0.014293919411524639 -0.038721576376297424 -0.025933611057266794 -0.018647851923228591 0.067029859261614491 0.090560145601416966 -0.024566209382707437 -0.033682220081382094 0.10304367725512087 -0.043212313644399175 0.07437539621165476 -0.015966898496007732 0.10836025177295411 -0.03886340300864026 -0.020820064745182019 -0.037552924342714643 -0.013945694804597104 0.083283313237233994 0.052590848306439134 0.042090887114322365 -0.026433274364918841 0.072926357393749933 0.0043271055876173926 0.06934156898020126 0.044854857306857482 -0.0003267156965984117 -0.024518347819190118 -0.036704026075026874 -0.026710163436475299
leaf_weight=10.267249397933485 10.610993914306162 149.24822590127587 6.1160075739026096 14.70413262397051 6.4805995449423781 24.957350648939613 4.8820068314671499 4.0499461740255356 37.260147266089916 3.7760574668645885 22.879817456007007 6.8022392243146879 14.314529586583378 5.2887380719184867 4.1464582234621128 3.6438708528876305 3.6241664886474609 3.5809689760208121 4.7388525977730813 4.9822219014167768 5.2210860550403586 5.153433635830865 3.3050485029816628 469.85353867709637 8.3210293725132924 24.776478119194508 525.26873908191919 9.7491882964968664 54.42016639560461 11.951341852545736
leaf_count=60 64 974 39 96 41 130 26 30 245 21 148 38 95 29 27 21 25 21 29 30 29 32 21 2596 43 132 3003 60 365 75
internal_value=-0.000111572 -0.0046761 0.00142365 0.0163229 0.0249491 0.0428939 -0.00163766 0.0383593 -0.00676487 0.0180131 -0.0135956 -0.00143307 -0.0101437 0.0175751 0.0344427 0.0411688 -0.0274015 0.0568691 0.019507 0.0146311 -0.0123881 0.0378463 0.0123903 0.00132079 0.00545846 -0.00178799 -0.0033398 0.0252656 -0.0239909 0.00714738
internal_weight=1464.37 349.767 195.298 69.266 58.655 35.0189 23.6361 8.93195 126.032 27.2359 98.7957 61.5356 51.0895 19.6033 21.1199 10.4461 31.4862 28.5383 17.3438 8.60639 154.469 13.1973 8.45848 1114.61 478.175 636.433 601.907 34.5257 76.6388 22.2186
internal_count=8545 2211 1208 408 344 192 152 56 800 169 631 386 327 124 130 59 203 151 109 55 1003 82 53 6334 2639 3695 3503 192 500 135
is_linear=0
shrinkage=0.05


Tree=47
num_leaves=31
num_cat=0
split_feature=19 20 19 4 15 19 30 8 3 28 15 30 18 1 13 28 2 23 0 15 27 27 5 15 4 2 16 4 13 7
split_gain=3.82745 7.30221 6.34334 6.26488 5.53058 10.9661 12.5101 7.8371 7.18281 6.83243 9.03024 8.5307 6.48642 7.49434 6.86485 6.05463 5.4855 5.1834 5.08849 7.65118 4.98787 6.24637 8.57235 9.14842 4.89356 9.28387 11.9431 10.1135 18.9127 10.2737
threshold=-0.29787234042552524 -9.2499999999981117 -0.3265333877329018 -1.318792782414556 0.55339859137938074 -0.51851851851851816 1.9542254851440355 57167.900000000234 -0.14865072001358368 3518.1800000000007 0.35692522245642722 1.0663411735833657 0.019841353712007508 -1.0867530210376202 0.81262993050691124 -1721.925 -1.5096073633694311 39.500000000000007 0.7751724656268949 0.8602930707793307 0.014843267229647019 0.019255487785028062 -24.557499999878925 0.84310537122524909 -0.21200805746443044 -0.26938302417060189 -0.41205606170533654 -1.0244293484692992 1.5316039133597352 0.73614825911811843
decision_type=2 2 2 2 2 2 2 2 2 2 2 2 2 2 2 2 2 2 2 2 2 2 2 2 2 2 2 2 2 2
left_child=1 -1 4 -4 5 7 9 16 17 10 -7 15 -6 -14 -15 -12 -3 -9 19 -16 24 -22 23 -23 25 27 -27 29 -29 -2
right_child=20 2 3 -5 12 6 -8 8 -10 -11 11 -13 13 14 18 -17 -18 -19 -20 -21 21 22 -24 -25 -26 26 -28 28 -30 -31
leaf_value=0.061271568450410152 0.002075848306438235 0.02274044672538009 0.02040450561794134 -0.055475160579269378 -0.022205915114167946 -0.021679725312668929 0.08360245899704663 0.073527703410718029 -0.035711633766770591 -0.052366312477780765 0.023480662087447996 -0.020915654449195499 0.059234430415645814 -0.02558904626842394 -0.04815547683636065 0.10541607050510125 -0.03703230420745901 -0.0086512360004287418 0.071263623356162084 0.061863261356232817 -0.041093106951001886 -0.018110320727048674 -0.026311725399926128 0.086783451220678334 0.0041337753953940718 0.019314079308166501 -0.021683849476693832 0.0064606151033340543 0.069200718325148514 -0.019091953251718596
leaf_weight=3.8636795058846465 203.36339236423373 4.6070094928145435 3.4998619034886351 12.210960015654562 65.091378264129162 7.6940755248069861 7.4969474226236335 5.7448092103004438 3.8969226181507102 3.7498765215277663 3.8316034227609705 3.3927490264177314 5.355344906449317 16.489405192434791 3.6844785064458829 5.4783898442983539 23.007092677056789 2.8811472579836845 3.9195028841495514 2.7671009376645088 15.747415862977503 3.7802948653697968 11.984052389860153 4.6179608777165413 706.3217649795115 21.618493437767029 99.621294569224119 114.00825039297342 13.426216766238211 79.81968367099762
leaf_count=23 1186 33 21 77 479 44 39 37 28 23 22 20 37 123 27 30 173 22 22 18 101 21 78 24 3924 110 603 647 72 481
internal_value=-0.000112258 -0.00675889 -0.00818124 -0.0385716 -0.00535751 0.00517103 0.0271811 -0.0121815 0.0206272 0.00966363 0.0210676 0.0469597 -0.0131241 0.00522553 -0.00554257 0.0716949 -0.0270601 0.0460792 0.0263301 -0.000968124 0.000871781 -0.0174408 0.000833033 0.0395678 0.00140614 -0.00221625 -0.0143734 0.00137331 0.0130708 -0.00389064
internal_weight=1462.97 188.662 184.799 15.7108 169.088 71.7806 31.6436 40.137 12.5229 24.1467 20.3968 12.7027 97.3072 32.2158 26.8605 9.30999 27.6141 8.62596 10.3711 6.45158 1274.31 36.1297 20.3823 8.39826 1238.18 531.857 121.24 410.618 127.434 283.183
internal_count=8545 1298 1275 98 1177 471 178 293 87 139 116 72 706 227 190 52 206 59 67 45 7247 224 123 45 7023 3099 713 2386 719 1667
is_linear=0
shrinkage=0.05


Tree=48
num_leaves=31
num_cat=0
split_feature=19 13 1 23 15 5 14 16 16 3 15 13 3 16 27 7 3 21 10 14 8 30 25 5 29 20 3 24 0 15
split_gain=3.77722 7.19953 5.13984 4.85971 8.17602 5.14418 4.56634 8.84591 12.216 9.36876 8.49767 8.44956 8.11954 8.18275 7.9892 9.21499 8.55093 9.4528 12.2019 10.9148 8.55968 8.04919 8.55029 7.9237 8.64688 7.6857 12.3739 11.7702 8.23444 7.20539
threshold=1.1428571428571421 -0.19233433315910267 -1.0468019564351518 1.5000000000000002 0.65723353759750325 111.56749999988826 34986.121848418625 -0.33294629240445278 -0.28388625803493511 1.1999475977630356 1.080534875108953 0.31631280177615773 1.3539517536832928 -0.33885538740728338 0.0026488113543103879 -1.495108337059182 -0.72838656914036337 1.4061863984715 13.674057298552725 19672.387453762625 59651.905000000181 1.4605725832146466 -1.0000000180025095e-35 728.96050000027765 -12832.119999999997 -1.2499999999995779 -0.53551177892462987 0.21314840330033999 -1.4220187012348966 0.3146672467459023
decision_type=2 2 2 2 2 2 2 2 2 2 2 2 2 2 2 2 2 2 2 2 2 2 2 2 2 2 2 2 2 2
left_child=6 2 -2 5 -5 -4 7 10 9 -9 12 -11 13 -1 15 -10 23 18 -18 -20 21 22 -19 24 -17 26 28 -28 -8 -27
right_child=1 -3 3 4 -6 -7 25 8 14 11 -12 -13 -14 -15 -16 16 17 20 19 -21 -22 -23 -24 -25 -26 29 27 -29 -30 -31
leaf_value=0.0010330760796643391 -0.017685975893490243 -0.0055862609246822743 0.10255966202721632 0.073424873535673202 -0.013014250300862881 0.030073188144360299 0.066462886263027335 -0.033888022385569226 -0.039237294214401454 -0.016216544645137686 0.041290877886928069 0.071601676116399185 -0.033558166912141724 0.047558578429275168 0.025440211409305098 0.064055085758368213 -0.033377109554752468 -0.022983302935171965 0.070361211690570219 -0.012420181716186293 -0.048333392757379023 -0.0011063260246155205 0.060532076247125081 0.054718489799860937 -0.026393540120230249 0.0119987307507657 0.0017475337269340103 0.073446528096621597 -0.014004097549366164 -0.0014030343261388942
leaf_weight=136.15012247115374 4.3469883650541332 25.549375519156456 5.1117038726806658 4.4282276779413206 7.1572039127349854 4.6963200867176056 3.6786251738667515 69.166517123579979 19.722814485430717 8.0628627017140371 13.929631702601908 4.1483392044901839 15.715290904045103 10.155464529991148 21.176141425967216 2.7825385555624953 22.621751196682453 3.5833659619092968 7.0270591080188778 9.188708692789076 3.6383155807852736 12.252233661711214 21.173451192677021 3.6002157256007186 52.459025591611862 114.502540551126 9.2577140927314758 14.99563392996788 23.425248697400093 808.21850743889809
leaf_count=760 22 123 23 20 35 21 21 460 121 48 69 22 95 60 119 19 141 21 39 58 24 70 117 19 340 629 52 70 145 4782
internal_value=-0.000112001 0.0132166 0.0318799 0.0419514 0.0200248 0.0678514 -0.000596623 -0.004846 -0.0106943 -0.0267597 0.00381598 0.0136167 0.0005941 0.00426254 -0.00339975 -0.00726386 -0.00270504 0.00799104 -0.00964896 0.0234529 0.0248456 0.0320397 0.0484438 -0.0171535 -0.0218376 0.00130783 0.0201334 0.0460784 -0.00308286 0.000260021
internal_weight=1461.92 51.2898 25.7404 21.3935 11.5854 9.80802 1410.63 436.554 260.603 81.3777 175.951 12.2112 162.021 146.306 179.226 158.049 138.327 79.4849 38.8375 16.2158 40.6474 37.0091 24.7568 58.8418 55.2416 974.078 51.3572 24.2533 27.1039 922.721
internal_count=8545 244 121 99 55 44 8301 2602 1618 530 984 70 915 820 1088 969 848 470 238 97 232 208 138 378 359 5699 288 122 166 5411
is_linear=0
shrinkage=0.05


Tree=49
num_leaves=31
num_cat=0
split_feature=9 21 0 4 6 14 8 0 3 10 0 8 21 21 13 6 21 7 7 15 21 6 4 3 15 7 14 2 10 16
split_gain=3.69711 5.20898 8.37454 5.09851 4.72159 4.24147 7.26955 7.02552 6.84422 10.3441 10.4698 9.83832 7.87588 7.91094 6.75637 8.66144 8.94444 12.1124 14.7044 15.1293 12.5893 12.0553 11.3706 12.9999 9.35937 9.80481 13.1596 10.4729 8.43181 12.8909
threshold=11.32324300569852 2.8911788084121404 -1.3217244133992112 0.67978954020632487 -2.7498783790343677 420065.61078531732 242185.87500000032 0.9734895732652773 0.46546396749415486 235.20432971165164 0.080439383583684479 449094.49000000028 0.03121506834853072 0.95721636943697208 0.86765928216689636 -2.17175611688466 2.0321624522639778 0.82062797665819287 -0.38614828584805722 0.15414647102515977 0.6657017106321913 1.4108922606028897 -1.2683464708514645 0.44374588980338109 0.65723353759750325 -1.0147632179837267 42443.653001380444 1.3045610068779538 0.3908905086031087 -0.3299576272516121
decision_type=2 2 2 2 2 2 2 2 2 2 2 2 2 2 2 2 2 2 2 2 2 2 2 2 2 2 2 2 2 2
left_child=4 2 -2 -3 -1 6 14 8 9 10 11 -8 -10 -14 -6 -16 17 18 19 -17 21 -20 -18 28 -21 26 -26 -28 29 -24
right_child=1 3 -4 -5 5 -7 7 -9 12 -11 -12 -13 13 -15 15 16 22 -19 20 24 -22 -23 23 -25 25 -27 27 -29 -30 -31
leaf_value=-0.0334463683532297 0.067853913234441107 -0.052388268881590511 -0.012579589648513299 0.020953933785745421 -0.0022014661067131839 -0.016360580884907369 -0.00058370150273911244 -0.016273014269724669 -0.014276190824501135 -0.012945115431299399 0.082803271992696534 0.070855626135420069 0.11394580700634536 0.034376140303924156 -0.032255893378154064 0.061331771929307534 -0.012223326766943496 -0.019342334934288982 0.11900629874638942 -0.034216567605688454 0.013560135084897533 0.0050112224828378913 -0.049396965477026544 0.058938254456659622 0.09567956263804675 -0.034165010509202488 0.034005368296863889 -0.065525645734351434 0.020233054426016986 0.02395175327195637
leaf_weight=10.274416506290434 3.744164630770686 12.210359111428259 23.850424595177174 2.940186694264411 924.45362026244402 36.036317683756351 20.900065466761593 15.102600514888762 3.7435619235038784 23.045861564576626 7.4488930627703658 6.2636570259928694 5.4316126108169538 7.3516895622014999 14.286369949579237 7.7503271102905265 33.078069269657135 59.087599970400333 7.2592667415738124 26.842359431087971 17.34829393029213 3.4080624356865883 11.831591516733171 18.883511051535606 5.2812346816062989 9.1128259971737844 7.9307655245065671 3.9639797359704971 119.57747691124678 12.132855616509913
leaf_count=104 18 93 140 19 5435 227 118 83 21 133 40 32 26 37 93 38 204 349 41 157 97 20 66 93 24 52 40 23 656 66
internal_value=-0.000111182 -0.0145992 -0.00166599 -0.0381551 0.000325607 0.000572126 0.00101703 0.0148116 0.0211398 0.013009 0.0302898 0.0158894 0.0495066 0.0681852 5.64415e-05 0.00589065 0.00747724 -0.0017966 0.00986559 -0.00392893 0.0398428 0.0825865 0.014497 0.0199386 -0.0134486 0.00775664 0.0299984 0.00083619 0.0148081 -0.0122616
internal_weight=1460.57 42.7451 27.5946 15.1505 1417.83 1407.55 1371.52 89.2879 74.1853 57.6585 34.6126 27.1637 16.5269 12.7833 1282.23 357.775 343.488 147.985 88.8971 60.8815 28.0156 10.6673 195.504 162.425 53.1312 26.2888 17.176 11.8947 143.542 23.9644
internal_count=8545 270 158 112 8275 8171 7944 490 407 323 190 150 84 63 7454 2019 1926 841 492 334 158 61 1085 881 296 139 87 63 788 132
is_linear=0
shrinkage=0.05


Tree=50
num_leaves=31
num_cat=0
split_feature=19 21 13 16 21 15 6 7 14 4 7 4 16 16 8 1 6 6 15 5 4 27 14 15 6 6 10 30 16 16
split_gain=3.72086 3.60951 7.22852 7.32072 7.15216 8.03944 6.67368 6.17058 6.11727 9.61697 6.092 9.54035 11.8827 10.5737 8.48194 8.45095 10.8473 8.00563 7.11668 8.00697 5.91541 5.66972 11.3604 5.43559 5.25289 6.15775 7.84235 9.38706 6.498 14.1428
threshold=2.3333333333333424 3.2910922743017621 0.52839608388425852 2.6685273824508267 3.7523467395146812 0.57154760885913791 1.3637465706731529 -2.5980965786098902 84574.858760008661 0.57747666159390831 -0.73736712717062813 -2.2253202192201003 -0.43703383071306262 -0.28597955312279505 116309.68500000032 1.1068682856343299 -1.7231307357217702 -1.1255140436690174 0.91188947517654517 634.54800000018452 -0.40676196569774697 0.0051000854247119651 248187.38874444278 1.080534875108953 -1.0000000180025095e-35 1.5774376429506012 7.1986110443975955 -0.09007760164017474 -0.33242564274024683 -0.37400114957134878
decision_type=2 2 2 2 2 2 2 2 2 2 2 2 2 2 2 2 2 2 2 2 2 2 2 2 2 2 2 2 2 2
left_child=1 -1 7 4 23 6 8 -3 9 -6 14 13 17 -12 15 16 -9 -13 19 24 -19 -7 -23 -4 -14 26 28 -28 29 -26
right_child=-2 2 3 -5 5 21 -8 10 -10 -11 11 12 18 -15 -16 -17 -18 20 -20 -21 -22 22 -24 -25 25 -27 27 -29 -30 -31
leaf_value=0.0009437721458318279 0.049534575245808427 -0.054763693997045074 -0.019793895457283456 0.064607126700404721 -0.032277275364474237 -0.011988255343777038 -0.026476428779018631 0.08545954474448654 0.079051663158376181 0.063409073256645798 -0.031077223126888893 0.078938756797963305 -0.038225052898786499 0.084043421840535204 -0.038183302406851409 0.077039695968737165 -0.0047668510871517267 -0.051468654962147246 -0.057287830226746911 0.039658334849417803 0.032180041519215337 0.10151081990661873 -0.02960959616548911 0.037944775823448511 -0.041324555167795061 -0.060220541210241368 -0.015926202230569373 0.10216280872771173 -0.036382230372738418 0.087817392758830479
leaf_weight=1187.4280282407999 3.7644769698381415 8.0407074615359289 38.139222607016563 4.8746199905872336 4.578198425471788 27.476192623376846 3.5773677453398696 3.8302155137062064 8.6807721406221372 6.1578202694654465 3.426054559648037 4.4519199356436721 35.155937917530537 4.7740538343787176 8.6299406886100751 5.0443987697362891 25.565238729119304 3.6937686577439299 15.543832696974276 5.2124538943171492 4.9402769133448592 3.4949188306927672 3.1326477155089378 4.5639571174979201 4.5609577596187592 5.3534401431679717 3.2380882948637009 3.5038673505187026 14.398611329495909 3.9613368511199969
leaf_count=6785 16 58 234 29 30 179 22 21 46 31 25 22 256 33 62 28 162 22 115 34 27 19 23 26 30 40 22 20 103 25
internal_value=-0.00011076 -0.000239168 -0.00548041 0.00477682 0.00185451 0.01343 0.0362789 -0.0120543 0.047841 0.0226052 -0.0098428 -0.0159783 -0.0200717 0.0359453 0.00614264 0.0172498 0.00698961 0.0244761 -0.0264828 -0.020131 -0.00360607 -0.00197562 0.0395342 -0.013623 -0.0245722 -0.010865 -0.00195748 0.0454459 -0.0159007 0.0187033
internal_weight=1459.19 1455.43 268.001 104.676 99.8011 57.0979 22.9942 163.325 19.4168 10.736 155.284 112.215 104.014 8.20011 43.0698 34.4399 29.3955 13.086 90.9285 75.3847 8.63405 34.1038 6.62757 42.7032 70.1722 35.0163 29.6629 6.74196 22.9209 8.52229
internal_count=8545 8529 1744 639 610 350 129 1105 107 61 1047 774 716 58 273 211 183 71 645 530 49 221 42 260 496 240 200 42 158 55
is_linear=0
shrinkage=0.05


Tree=51
num_leaves=31
num_cat=0
split_feature=21 30 0 15 5 26 7 5 9 8 1 14 29 26 5 19 16 0 6 6 4 10 0 6 4 2 16 16 7 6
split_gain=3.56221 9.56029 6.5631 6.04331 4.27048 9.73743 7.51213 10.1967 6.19053 9.03985 11.0677 7.18441 6.03131 5.99083 5.77515 4.99091 6.39355 8.35796 9.09903 6.85623 5.8286 14.3418 8.31017 5.43301 5.05206 7.77583 10.8775 7.58206 7.23492 8.55174
threshold=4.2154178389736989 0.93849727745236389 -1.017595126423241 0.42526876051254375 -745.92200000002038 -0.00082849999999999992 -0.11285093878431753 -998.20050000003528 0.13720636863101615 73188.825000000317 -1.0867530210376202 78855.040733046801 20372.110000000004 -0.00030753499999999995 -717.50400000018988 -0.50793911970382555 -0.49686286684150466 1.3731710377766955 -1.7231307357217702 -2.0746859395066939 -2.2837126367487386 46.644181852517264 -0.61352850057004649 0.28335153510054384 -0.19493727469839714 -0.18050592378087657 -0.37400114957134878 -0.51064782283205312 2.4230476272186432 -0.82972893322560959
decision_type=2 2 2 2 2 2 2 2 2 2 2 2 2 2 2 2 2 2 2 2 2 2 2 2 2 2 2 2 2 2
left_child=4 3 -3 -2 5 -1 8 12 -7 11 -11 -10 -8 -9 -6 16 23 18 19 -18 21 22 -17 -16 25 28 27 -27 29 -22
right_child=1 2 -4 -5 14 6 7 13 9 10 -12 -13 -14 -15 15 20 17 -19 -20 -21 24 -23 -24 -25 -26 26 -28 -29 -30 -31
leaf_value=0.077397486667853746 0.024524760966272985 0.056004047611098652 -0.0075685811528320851 -0.031395297797252822 -0.055167704346724848 -0.018212014919645171 -0.045859542001591896 -0.034037953114503292 0.025664272504985697 0.043808015817037534 -0.042190011688852516 0.098887949602877306 0.024890837337162547 0.04236461402814979 0.075799591526839419 0.11201651335694147 -0.013098484794311594 0.055841997178869764 -0.024186398137545959 0.063902729348888701 0.01145483710241876 -0.025168453218304011 0.023179751101351755 -0.01501345473709275 0.0030154516278437069 -0.041435409156414887 -0.025090984442864152 0.020609058190503987 -0.041424969861196009 -0.0047084547351396141
leaf_weight=5.2922362610697737 5.5340262502431861 7.2518343850970295 9.22346383333206 38.057836584746838 4.7708960548043242 7.2936446815729132 16.252337202429775 3.4197902753949156 6.5110139623284358 8.7640514224767667 6.528037726879119 6.8997403383255005 3.6975982785224906 10.273590639233587 3.7729556187987319 5.1290000230073938 6.0941463783383369 4.0359471514821044 74.539558097720146 5.4998437538743001 128.14253684133291 7.1910683512687674 5.4083139300346383 2.9228332191705704 726.49269760400057 6.0386039018630973 79.572976686060429 26.677828446030617 10.27603519707918 226.44800627231598
leaf_count=28 30 42 59 298 29 40 101 22 34 48 39 35 23 57 23 27 47 25 582 39 754 41 30 19 4043 32 486 146 65 1301
internal_value=-0.000110353 -0.0120331 0.0204138 -0.0242962 0.000401944 0.0120141 0.0070453 -0.00994118 0.0229213 0.0333737 0.00709633 0.0633373 -0.0327464 0.0232838 -0.000255736 -5.70025e-05 -0.0109815 -0.014482 -0.0177772 0.0234286 0.000809404 0.0292699 0.0664207 0.0361581 0.000390213 -0.00360684 -0.0151125 0.00915726 -6.5922e-05 0.00113266
internal_weight=1458.01 60.0672 16.4753 43.5919 1397.95 74.932 69.6398 33.6433 35.9965 28.7028 15.2921 13.4108 19.9499 13.6934 1323.01 1318.24 96.8653 90.1695 86.1335 11.594 1221.38 17.7284 10.5373 6.69579 1203.65 477.156 112.289 32.7164 364.867 354.591
internal_count=8545 429 101 328 8116 427 399 203 196 156 87 69 124 79 7689 7660 735 693 668 86 6925 98 57 42 6827 2784 664 178 2120 2055
is_linear=0
shrinkage=0.05


Tree=52
num_leaves=31
num_cat=0
split_feature=30 6 18 26 18 26 30 14 9 19 7 4 23 18 7 15 15 9 13 16 6 5 6 2 7 21 30 15 21 14
split_gain=3.46174 6.88046 6.32801 6.46535 6.19053 6.14727 7.9059 5.66538 6.59428 5.47402 6.0679 5.57396 7.77865 6.20104 4.21797 4.12901 10.3548 7.89786 8.70115 7.54665 12.3295 7.09383 6.82521 11.9297 9.79286 5.99603 7.43114 6.55877 5.70684 10.8812
threshold=3.0612275309324262 -1.3387133738721901 -0.072513026691030852 6.5575000000000008e-05 -0.39711567462899178 -0.00057144499999999996 4.2855486599255395 24459.592259489138 0.11554302406314285 0.19999999999998527 -1.0035555238847829 0.38793635232669116 26.500000000000004 -0.62136845720803147 -2.9472560420017757 8.165320168798188e-05 0.15414647102515977 1.039513536907742 0.84188701996587623 -0.29153186322705643 -0.74036537928497059 -146.41350000002419 0.4529324246631426 0.24247314719993152 1.5229193572639725 4.2154178389736989 0.93849727745236389 0.93693320838708083 2.7257666003293992 48531.377443746082
decision_type=2 2 2 2 2 2 2 2 2 2 2 2 2 2 2 2 2 2 2 2 2 2 2 2 2 2 2 2 2 2
left_child=14 -2 3 9 7 -4 -7 -5 -9 10 -3 13 -13 -12 -1 17 22 18 19 -16 -21 -22 23 -17 28 -18 -27 -28 -24 -30
right_child=1 2 5 4 -6 6 -8 8 -10 -11 11 12 -14 -15 15 16 25 -19 -20 20 21 -23 24 -25 -26 26 27 -29 29 -31
leaf_value=-0.036810291279705018 -0.023076784331985983 0.061357347632722471 -0.030917823108331955 -0.033437979510388884 -0.04334040081676406 -0.0028937218082952017 0.057258276495644217 0.079246514238113963 0.001235396746114354 0.088521486296274127 0.042513736286413896 5.4598378304669557e-06 0.088104698237357726 -0.033281828852270857 -0.041215297961868437 -0.041594908021077383 -0.00017668079638459309 -0.054578336919659409 0.030713715217962925 0.073295763334295924 0.040670596088518057 -0.045772247645475932 0.067354086446005934 0.03742531436084702 -0.038170631172935607 -0.027740343468575897 0.038533195806207204 -0.045579778512177836 -0.040502962790640328 0.069129481550719782
leaf_weight=8.0959270447492582 15.33089057356119 10.109168425202364 12.570033013820646 3.9041187018156078 5.6260598376393309 24.723649024963382 7.0116715878248206 4.9711207151412946 5.9527129530906677 4.4284529387950888 4.0391016528010324 5.2307085618376714 4.8091207593679428 8.1300051137805074 17.472178705036637 9.1486250981688517 1175.2608235627413 9.8310952633619291 12.34818325191736 4.813286721706393 3.291587047278882 8.507753811776638 15.976079106330877 9.9939465597271901 3.6624057665467253 40.416915241628885 9.0059300884604436 3.1206630915403357 4.2612021341919881 4.8272054642438889
leaf_count=57 93 48 72 21 31 129 35 22 32 20 22 28 26 48 110 53 6872 78 66 33 20 55 68 51 24 314 55 21 21 20
internal_value=-0.000109683 0.00814451 0.01286 0.0238472 0.00131595 -0.00132501 0.0103964 0.0182596 0.036736 0.0363886 0.029245 0.0146279 0.0422054 -0.00812419 -0.000829362 -0.000610659 -2.60081e-05 -0.0138664 -0.00524664 -0.0182743 0.0058537 -0.0216578 0.0227882 -0.00034006 0.0382001 -0.000915485 -0.0174406 0.0168875 0.0493593 0.0177271
internal_weight=1456.87 116.837 101.506 57.2006 20.454 44.3054 31.7353 14.828 10.9238 36.7466 32.3181 22.2089 10.0398 12.1691 1340.03 1331.94 1275.67 56.2641 46.433 34.0848 16.6126 11.7993 47.8695 19.1426 28.7269 1227.8 52.5435 12.1266 25.0645 9.08841
internal_count=8545 627 534 298 106 236 164 75 54 192 172 124 54 70 7918 7861 7499 362 284 218 108 75 237 104 133 7262 390 76 109 41
is_linear=0
shrinkage=0.05


Tree=53
num_leaves=31
num_cat=0
split_feature=19 19 13 4 16 22 0 6 16 29 16 8 10 7 26 16 16 16 18 6 26 9 13 13 21 13 26 6 16 16
split_gain=3.39829 5.30912 6.92162 5.79132 7.18109 5.71651 5.5263 5.98874 5.74052 8.73941 8.66296 7.86716 7.17401 9.96924 5.38933 5.15189 5.25653 9.06082 6.00343 7.67832 8.08858 5.22711 6.01534 5.01905 7.23601 4.89547 6.82862 5.71867 4.8961 7.72914
threshold=0.20664488017429392 0.28571428571427943 0.94223210960366199 -0.52078820103326884 2.3785632309482749 -42.499999999999993 0.85401239860969191 2.2615661457549643 -0.32961840315543867 -1.0000000180025095e-35 -0.4583454022005366 14720.855000000234 1.6848879434946797 0.29324346691641989 6.9050000000000011e-05 3.526664709122159 2.0392704248865128 2.1378123897962609 -0.32341394456138217 1.2656689732374413 0.00023150000000000002 0.83458769846895486 -1.2537318532235118 -1.7762442354898325 2.6091611453207477 2.0887534710471023 -0.00054549999999999987 -2.7498783790343677 -0.47258885845555176 -0.30029256343869842
decision_type=2 2 2 2 2 2 2 2 2 2 2 2 2 2 2 2 2 2 2 2 2 2 2 2 2 2 2 2 2 2
left_child=15 2 5 4 23 -2 7 -5 9 -8 -11 14 13 -10 -12 16 25 -18 19 20 -19 22 -20 24 -3 27 -27 -1 -28 -30
right_child=1 3 -4 6 -6 -7 8 -9 12 10 11 -13 -14 -15 -16 -17 17 18 21 -21 -22 -23 -24 -25 -26 26 28 -29 29 -31
leaf_value=-0.043953414986459327 0.063411183710433153 0.06417815863931095 0.071861516123789534 0.016828950426770503 0.059829926323144572 0.00322195785783113 -0.029667188267226266 -0.047115826983340714 -0.019049050044637268 -0.03001557649246079 -0.018067358192311481 0.10515608813468305 -0.037836721853706484 0.074290338321654145 0.063410359092233429 -0.020374048304120238 0.081935965400357247 -0.014400729332876217 0.064373693420110289 0.088945136918009413 0.071362832295030237 -0.043102280739677992 -0.0078622138435405897 -0.015436463662004596 -0.017444537922028058 -0.034244365678746579 -0.025662752634032917 -0.0018841975385027591 0.044416539959382662 0.001937124885030647
leaf_weight=8.142477832734583 4.6999508589506176 5.1147171109914762 5.9959690421819678 102.87395046651363 3.7465621978044501 24.554864339530468 7.98088310658932 3.7966873049736014 9.281832203269003 4.0435437113046691 3.9258768856525368 4.7304954975843438 19.394177481532097 4.1351782009005538 4.2016236931085587 34.403600201010704 4.6518253460526457 9.006670646369459 3.6574682444334057 4.2904573380947104 3.9570587798953047 7.2665417566895476 13.592831246554853 75.780726499855518 5.7880583927035332 6.7025938443839541 5.3206048384308806 1020.7938907071948 23.632028583437201 19.580407936125997
leaf_count=91 24 24 28 528 19 135 44 22 50 20 20 23 108 22 21 216 26 56 19 22 23 46 81 436 35 43 28 6089 130 116
internal_value=-0.000107515 0.00473524 0.0229221 0.00221908 -0.00794367 0.0128917 0.00781043 0.014553 -0.004656 0.0134552 0.0338175 0.0538915 -0.0183906 0.00971854 0.0240537 -0.0013132 -0.00073318 0.0157427 0.00837112 0.0309664 0.0117778 -0.00753072 0.00745349 -0.0108729 0.0208464 -0.00143866 0.0130625 -0.00221711 0.0195957 0.0251683
internal_weight=1455.04 290.045 35.2508 254.794 90.4301 29.2548 164.364 106.671 57.6936 24.8824 16.9015 12.858 32.8112 13.417 8.1275 1165 1130.59 46.4229 41.771 17.2542 12.9637 24.5168 17.2503 86.6835 10.9028 1084.17 55.2356 1028.94 48.533 43.2124
internal_count=8545 1559 187 1372 514 159 858 550 308 128 84 64 180 72 41 6986 6770 273 247 101 79 146 100 495 59 6497 317 6180 274 246
is_linear=0
shrinkage=0.05


Tree=54
num_leaves=31
num_cat=0
split_feature=22 18 19 16 2 13 21 5 1 5 0 10 23 29 26 26 3 14 22 23 10 7 1 27 6 3 23 9 2 30
split_gain=3.41155 8.07914 6.5923 6.51207 6.35875 6.60899 6.4065 5.85114 6.31107 6.20828 5.45619 6.7457 5.50053 7.55208 8.2201 7.00952 6.35686 6.15792 5.79476 5.71472 10.9002 10.3488 8.92419 8.06516 5.61134 7.01372 7.2317 7.8963 6.20416 5.54108
threshold=4.5000000000000009 3.2448858093403019 -0.93333333333332824 -0.22941573419902991 1.9499272265337395 2.0887534710471023 2.7681513519238243 -835.41700000013213 -0.75241557404906423 -688.07600000011723 1.4905113657910418 7.6215116965144869 -20.499999999999996 10450.580000000002 0.00074307000000000008 -0.00029749999999999991 -2.3411572160302376 133945.68780176665 -38.499999999999993 -48.499999999999993 13.985649025174515 -0.4323844014020683 -0.36112334945520247 0.00060269231862142292 -1.5270300931019285 0.62229239474741782 28.500000000000004 0.27428846612234115 0.69989074061832213 4.2855486599255395
decision_type=2 2 2 2 2 2 2 2 2 2 2 2 2 2 2 2 2 2 2 2 2 2 2 2 2 2 2 2 2 2
left_child=10 2 -2 -3 5 7 -6 8 -4 -9 12 -12 15 16 -15 17 -14 18 -1 20 -20 -22 23 -21 25 26 27 -18 -29 -17
right_child=1 3 4 -5 6 -7 -8 9 -10 -11 11 -13 13 14 -16 29 24 -19 19 22 21 -23 -24 -25 -26 -27 -28 28 -30 -31
leaf_value=-0.018690521495133998 -0.036471582376572984 0.010165774676205146 0.028232839806852508 0.095863909365706088 -0.039296119129584299 0.0222936367364827 0.013414233957364949 -0.044835877132757544 -0.047066582960419462 -0.0032353283674011256 0.093655304721767418 -0.0014769459887605675 -0.03716589437347375 0.017652526732131281 0.086842290254488211 0.00097341855590973208 0.072407730543846471 -0.033095573106426544 -0.013855786875309679 -0.010567917638593084 0.10554206752422046 0.010399507688836971 -0.035220013563550631 0.085059971828884112 0.0074160785179521148 -0.060781725542637367 -0.035944273372833277 0.01652600963546479 -0.055258553531294829 0.06013343552308914
leaf_weight=45.188611283898354 14.837698973715304 5.7360005080699921 24.45274900645018 3.6130613312125188 21.776191912591461 27.586793586611748 7.8400083556771269 9.126397527754305 3.1399761736392966 517.89754289016128 3.6131128221750251 3.847976416349411 9.4014861956238729 48.34437670558691 4.7110437750816336 347.26123563200235 4.5426747128367486 27.662991836667061 9.5007243007421494 5.4413797855377215 5.7941813357174397 5.6403263509273529 14.112155012786387 3.7069520875811577 242.40451712161303 6.4580034241080275 11.051388431340454 11.289959274232386 4.1041473448276511 4.0036522150039664
leaf_count=270 151 34 142 20 126 155 43 55 21 3005 18 23 66 285 24 2024 26 172 57 35 30 33 87 20 1385 47 70 73 27 21
internal_value=-0.000105745 -0.00285249 -0.00354081 0.0432849 -0.00274218 -0.00159251 -0.0253426 -0.00278062 0.019664 -0.00395572 0.00202967 0.0445919 0.00163792 0.00645544 0.0237962 -0.00188338 0.00327474 -0.0124804 -0.00610032 0.00677272 0.0257244 0.0586109 -0.0102844 0.028181 0.00463333 -0.0133805 -0.003502 0.0144814 -0.00261212 0.00164771
internal_weight=1454.09 636.006 626.657 9.34906 611.82 582.203 29.6162 554.617 27.5927 527.024 818.081 7.46109 810.62 342.308 53.0554 468.312 289.252 117.047 89.3843 44.1957 20.9352 11.4345 23.2605 9.14833 279.851 37.4462 30.9882 19.9368 15.3941 351.265
internal_count=8545 3752 3698 54 3547 3378 169 3223 163 3060 4793 41 4752 2003 309 2749 1694 704 532 262 120 63 142 55 1628 243 196 126 100 2045
is_linear=0
shrinkage=0.05


Tree=55
num_leaves=31
num_cat=0
split_feature=19 23 9 21 0 4 30 30 2 6 14 27 9 15 9 3 0 5 8 7 7 0 2 13 21 29 19 21 13 2
split_gain=3.34386 3.27198 3.23373 4.59743 7.32914 5.71905 4.09352 13.2327 4.44395 3.99937 4.1292 3.99545 10.1843 12.9406 9.63601 9.00827 7.76783 11.5104 7.77326 7.49688 9.26384 8.69136 6.62333 9.21219 6.59993 11.0234 7.70405 6.92151 9.19333 6.41561
threshold=2.3333333333333424 323.50000000000006 11.32324300569852 2.8911788084121404 -1.3217244133992112 0.69710881228290644 -0.9494441092273066 -1.7394068790551767 -0.23431776397719403 -2.7498783790343677 318044.46094751125 -0.0030307746607271531 0.45157327574379286 0.54481468901021313 0.36107680284184179 0.97699413575469374 0.96363759341485333 116.87000000011177 398634.69000000035 0.23055699616022254 1.2901519163530064 -0.23655316532979534 0.42990191967996066 -0.54458161361007706 2.7941414153044741 19841.085000000003 0.22580645161290844 2.4407713696130209 -0.61409446845270332 -1.5096073633694311
decision_type=2 2 2 2 2 2 2 2 2 2 2 2 2 2 2 2 2 2 2 2 2 2 2 2 2 2 2 2 2 2
left_child=1 2 9 4 -4 -5 7 -6 -8 10 -1 12 13 15 -15 19 17 18 -14 21 -21 -11 23 -20 26 -26 27 28 -19 -13
right_child=-2 -3 3 5 6 -7 8 -9 -10 11 -12 29 16 14 -16 -17 -18 24 22 20 -22 -23 -24 -25 25 -27 -28 -29 -30 -31
leaf_value=-0.049556955187672433 0.047187576715209852 -0.039806145158629791 0.062396214300332299 -0.051493484667915868 -0.041698461100012539 0.029645310650012226 -0.06336367695481869 0.061448312934695597 -0.00025108878923005593 -0.013227141927685758 0.028239780838705653 0.010041136704703271 -0.0073500627789937758 -0.0096575247959405641 0.066830324085008344 -0.022907800547733344 -0.017648940211195254 0.063724951160888638 0.01215972077002897 0.11783562552626684 0.024540307703645271 0.081660117596068602 -0.023872360237555065 0.10079089149037074 -0.014669227689768716 0.059298118540017736 0.076924444435482409 0.073811656652490551 -0.0089630966581589599 -0.0021889067793524185
leaf_weight=7.4464237056672555 3.7281330078840247 5.2028489783406249 3.8318687528371838 11.809351094067095 6.5081768557429323 2.6611145213246337 6.006579264998436 5.9540822952985772 5.2071557417511922 5.2914332374930382 2.2123755812644958 120.47091747075319 116.782774053514 25.347875833511356 4.9163142815232268 3.5496121495962134 44.42742794752121 6.0039400979876545 7.1986186802387246 8.5189091265201551 3.8693464845418921 4.436851225793367 4.3130173310637465 4.9462029635906228 19.771998457610611 6.7589422017335883 9.0598489642143232 5.504275679588317 15.790555857121946 975.73716300725937
leaf_count=84 16 32 18 95 40 17 38 31 31 29 19 704 704 152 27 22 258 33 41 41 22 22 26 24 121 38 44 29 96 5691
internal_value=-0.000104712 -0.000226346 -8.37694e-05 -0.0137581 -0.00175677 -0.0365721 -0.0121397 0.00758188 -0.034057 0.000325559 -0.0317374 0.000547926 0.00569746 0.0249159 0.00276766 0.051032 0.0012291 0.00550536 -0.00281639 0.062899 0.0886958 0.0300488 0.029354 0.0482564 0.0231362 0.00417447 0.0369726 0.0237135 0.011061 -0.000844851
internal_weight=1453.26 1449.54 1444.33 41.9783 27.5079 14.4705 23.676 12.4623 11.2137 1402.35 9.6588 1392.7 296.488 55.9303 30.2642 25.6662 240.558 196.13 133.241 22.1165 12.3883 9.72828 16.4578 12.1448 62.8896 26.5309 36.3586 27.2988 21.7945 1096.21
internal_count=8545 8529 8497 270 158 112 140 71 69 8227 103 8124 1729 315 179 136 1414 1156 795 114 63 51 91 65 361 159 202 158 129 6395
is_linear=0
shrinkage=0.05


Tree=56
num_leaves=31
num_cat=0
split_feature=19 6 15 14 1 6 14 16 16 30 16 3 21 6 27 7 3 21 10 6 8 30 25 5 29 15 22 22 20 3
split_gain=3.17722 6.46986 5.10202 6.37801 6.87861 6.0066 3.94341 7.74326 11.2121 8.53299 7.5148 7.3276 7.13799 7.68337 6.86999 8.5692 7.40116 8.22994 11.0999 10.101 7.53889 7.13401 7.85056 7.02442 7.62126 6.81595 7.28276 8.16657 6.67751 10.1184
threshold=1.1428571428571421 -1.9400480169214882 1.0538817149886406 39876.453148760047 0.75509530655520529 0.58759034274098465 34986.121848418625 -0.33294629240445278 -0.28388625803493511 2.7945305200663095 -0.33885538740728338 0.56456536383086886 0.79656654332594645 1.6066146498528988 0.0026488113543103879 -1.495108337059182 -0.72838656914036337 1.4061863984715 13.674057298552725 -1.5107763763375721 59651.905000000181 2.1918794376044057 -0.06181324083172695 728.96050000027765 -12832.119999999997 0.81867908830145408 -4.4999999999999991 5.5000000000000009 -1.2499999999995779 -0.53551177892462987
decision_type=2 2 2 2 2 2 2 2 2 2 2 2 2 2 2 2 2 2 2 2 2 2 2 2 2 2 2 2 2 2
left_child=6 -2 3 5 -5 -3 7 10 9 -9 12 -11 13 -1 15 -10 23 18 -18 -20 21 22 -19 24 -17 -14 -27 -28 29 -8
right_child=1 2 -4 4 -6 -7 28 8 14 11 -12 -13 25 -15 -16 16 17 20 19 -21 -22 -23 -24 -25 -26 26 27 -29 -30 -31
leaf_value=-0.03696699965004465 -0.05309697979073446 0.007631791555589385 0.046603994826581258 -0.034477190922104106 0.025019004495187909 0.070624414860383289 -0.0025548148438954092 -0.031846564492234497 -0.038046150055727361 -0.018220455824860485 0.040759528597992062 0.069497916910175164 -0.00016331959561288379 0.042870411769333219 0.023526507115328187 0.058477063878714597 -0.03215860186072405 -0.026791775718517343 -0.0605828141595319 0.04103689972677587 -0.04713319390660161 -0.019529302624726439 0.048832862857422055 0.050936449127466914 -0.025007562504440597 0.00073194769523781929 0.11324517003520343 0.027645019311738392 0.0002391381544835064 0.041835584691079918
leaf_weight=19.86094950884581 3.5361143350601187 10.018793478608133 11.144982054829596 12.173622742295267 8.0841436833143216 6.0814382135868064 26.743390165269375 69.501951821148396 19.13799025118351 5.7767487317323667 12.609038308262823 4.0498686879873276 114.66702993586659 3.5525955483317366 21.360904194414616 2.8885428421199313 22.07869877666235 3.9228297919034985 2.998694300651553 13.253349401056765 3.4897264912724486 6.1512176543474189 27.412472173571587 3.6723197698593131 51.003024205565453 12.007248751819136 4.0881170928478232 8.7500445842742902 917.40873586386442 24.688129596412182
leaf_count=121 20 48 50 62 37 27 166 475 121 35 73 20 645 20 119 19 141 23 22 75 24 36 149 19 340 62 19 44 5411 122
internal_value=-0.000103403 0.0121504 0.0170075 0.0079351 -0.0107344 0.0314256 -0.000549793 -0.00452118 -0.0100552 -0.0256805 0.00357169 0.0179311 0.000693674 -0.0248531 -0.00306685 -0.00670804 -0.00232618 0.00757948 -0.009074 0.0222869 0.0231578 0.0297014 0.0393655 -0.0159734 -0.0205329 0.00498103 0.0287233 0.0549031 0.00122198 0.0187534
internal_weight=1452.11 51.0391 47.503 36.358 20.2578 16.1002 1401.07 432.233 256.698 79.3286 175.535 9.82662 162.926 23.4135 177.37 156.009 136.871 79.307 38.3307 16.252 40.9762 37.4865 31.3353 57.5639 53.8916 139.512 24.8454 12.8382 968.84 51.4315
internal_count=8545 244 224 174 99 75 8301 2602 1618 530 984 55 911 141 1088 969 848 470 238 97 232 208 172 378 359 770 125 63 5699 288
is_linear=0
shrinkage=0.05


Tree=57
num_leaves=31
num_cat=0
split_feature=14 3 6 1 21 8 15 27 6 29 7 30 7 3 19 19 21 13 19 7 22 5 0 0 6 30 26 26 21 27
split_gain=3.20932 5.84128 6.52124 4.75814 4.53464 4.43944 5.10505 6.79278 4.31325 4.41837 6.4834 5.85365 6.76801 5.09227 4.86773 6.65938 8.87491 7.51564 5.40903 4.86431 12.863 10.317 6.92301 4.41733 4.96402 4.77557 4.58056 6.73863 4.83692 4.25852
threshold=379637.50792735507 2.6953506812025765 -1.6899798100270929 -1.2731724058221137 2.6209342283577963 175583.87500000032 0.97888825877830754 0.0043864148228184305 -2.7498783790343677 53044.485000000008 2.3815513881893904 -2.3297840331810948 0.69828246897371893 2.527852759300838 -0.87499999999999833 -0.73684210526315841 2.8290239773809782 0.75072867785320041 -0.70000000000000262 0.98624074224419034 -5.4999999999999991 67.940500000258922 1.2072475072397995 -1.4148020970937945 -2.1013796110107275 2.7945305200663095 0.00015204500000000001 0.00028145000000000004 2.6091611453207477 0.014843267229647019
decision_type=2 2 2 2 2 2 2 2 2 2 2 2 2 2 2 2 2 2 2 2 2 2 2 2 2 2 2 2 2 2
left_child=8 2 4 -4 -2 6 7 -5 -1 13 11 12 -11 14 19 16 17 -16 -17 22 21 -21 -10 -13 -25 26 -26 -28 -29 -20
right_child=1 -3 3 5 -6 -7 -8 -9 9 10 -12 23 -14 -15 15 18 -18 -19 29 20 -22 -23 -24 24 25 -27 27 28 -30 -31
leaf_value=-0.032461889787270042 0.069489543295925965 0.053962373434496363 0.022548714119181579 0.062535752353617483 -0.0056764522759823405 -0.047904669264303285 -0.053577317360849287 -0.016838268158646887 -0.036193772624175245 0.066213311377942605 0.07708752759449311 -0.052619855349275269 -0.015810236463120218 -0.028525648635644715 -0.048019594907425918 -0.051861629932391476 0.083775702197811511 0.051119866955089979 0.001075202240458384 0.14166407558396663 -0.045812149955985496 -0.0095394254449507054 0.058125083440544838 0.060681262568261507 -0.020279106063870608 0.052050302814695693 0.068633608684740471 -0.03866799309694658 0.032093746412143367 -0.020502191785626435
leaf_weight=9.9342656768858415 3.3648474588990194 3.1748168319463721 4.9631254225969306 3.4826931059360531 4.9704554229974747 17.73844001442194 5.9040637984871855 11.924343608319758 24.458877541124824 8.1683560460805875 3.784145012497901 3.4857416898012152 3.6336738765239707 15.47057246416807 3.8646790906786901 4.9186518639326087 5.6208776459097862 3.7828736454248428 1230.7672122269869 2.4873294830322266 4.5473756268620473 2.0645568668842316 2.113655373454093 3.7724744975566855 20.772767379879951 4.0422642007470122 4.3221624940633765 5.2939705252647382 4.4407016783952713 23.299414813518524
leaf_count=112 17 18 30 20 35 122 40 78 250 42 21 22 22 96 27 33 34 22 7008 21 46 19 16 21 125 23 24 30 26 145
internal_value=-0.000102459 -0.0118912 -0.0158851 -0.023565 0.024667 -0.029426 -0.0140451 0.00110388 0.000366731 0.000602184 0.013679 0.00953718 0.0409595 -7.65254e-06 0.000329668 0.000840428 0.0360776 0.00101989 0.000469064 -0.0178869 0.0136654 0.0730841 -0.0286914 0.00149803 0.00592162 0.000607253 -0.00536314 0.0166792 -0.00638835 0.000674314
internal_weight=1450.57 55.5228 52.348 44.0127 8.3353 39.0495 21.3111 15.407 1395.05 1385.11 61.7163 57.9321 11.802 1323.4 1307.93 1272.25 13.2684 7.64755 1258.99 35.6718 9.09926 4.55189 26.5725 46.1301 42.6443 38.8719 34.8296 14.0568 9.73467 1254.07
internal_count=8545 360 342 290 52 260 138 98 8185 8073 356 335 64 7717 7621 7269 83 49 7186 352 86 40 266 271 249 228 205 80 56 7153
is_linear=0
shrinkage=0.05


Tree=58
num_leaves=31
num_cat=0
split_feature=1 28 0 21 21 29 0 1 1 4 14 15 7 21 26 23 29 28 18 4 15 18 9 10 23 7 4 9 28 2
split_gain=3.07261 6.72904 7.76691 6.42431 7.73971 7.61586 7.28108 5.03681 7.99508 7.97603 9.39348 7.62417 8.27131 13.2448 7.39646 7.04833 6.59061 9.27723 8.63887 10.2911 9.6439 7.58925 7.54459 9.04908 6.84391 6.38861 5.96639 5.9044 5.43613 5.59557
threshold=1.2715925834776718 1858.5050000000001 1.4844174091771982 2.3950916842281771 2.9113000752783993 11503.350000000002 1.2923314907154042 0.75509530655520529 0.68051168728957012 0.40869385064501063 142949.69613280526 1.2754297030893318 1.8696507029847214 1.2852283073336948 0.00091650000000000011 136.50000000000003 -1898.2549999999994 -3842.6049999999991 -0.14661352839431749 1.2104947751790955 0.70904525671164009 -0.51103284135987803 0.91112744985374772 0.52334770174883938 -76.499999999999986 -1.0000000180025095e-35 0.94481836865985858 3.5166063310102063 -1.0000000180025095e-35 1.59120886821116
decision_type=2 2 2 2 2 2 2 2 2 2 2 2 2 2 2 2 2 2 2 2 2 2 2 2 2 2 2 2 2 2
left_child=7 2 -2 6 -5 -6 -3 8 -1 11 15 12 14 -14 -9 16 17 -11 19 24 -20 -21 23 -22 -18 -26 -12 -10 -19 -30
right_child=1 3 -4 4 5 -7 -8 9 27 10 26 -13 13 -15 -16 -17 18 28 20 21 22 -23 -24 -25 25 -27 -28 -29 29 -31
leaf_value=-0.00011566378918138427 -0.01348476333214416 -0.023524570068755812 0.064714565509259012 0.071101677048403755 -0.023137938994814897 0.065632642343625494 0.052440082818216618 -0.013041430116641536 -0.033140177153089583 0.011989622817501518 0.028143178203594538 0.060498090526164297 0.10813357836747504 -0.0068845778473867365 0.06298047254799094 -0.026385331635497847 -0.005339800598877965 0.11137721456476038 -0.016716908394676568 -0.010600171853651376 0.056381753641568048 0.034638733603217141 0.093090777742850211 -0.024461707237568436 0.037543707157126148 0.09857757502581585 -0.023773154634108146 0.031015128030758905 0.081451796524954295 0.003271087413695513
leaf_weight=955.24555635452271 131.63189098238945 15.432194605469705 3.2537702918052664 7.8023555651307133 7.3727138563990575 3.593900203704834 3.9647766277194014 97.751573581248522 28.854493916034698 12.490348070859911 7.2275557890534428 4.4666520804166785 3.9681837707757932 6.7785562723875046 3.3077984526753417 8.1183330565690976 3.6282987445592907 5.2545798420906058 30.467849791049957 17.62166857719421 6.4297482669353503 19.562640048563484 3.7109013721346846 7.4978617280721664 8.0098737925291097 9.225929051637646 23.618358954787254 4.095341593027114 5.316987678408621 4.0183724835515022
leaf_count=5654 789 93 17 40 44 19 21 589 180 71 42 28 22 37 18 48 22 27 172 100 34 108 21 41 43 47 145 24 28 21
internal_value=-0.000101587 -0.00635379 -0.0115984 0.0121817 0.0330358 0.00595332 -0.00799726 0.000745896 -0.000950938 0.0065586 0.0133904 -0.00355925 -0.00611833 0.0355853 -0.0105531 0.0188456 0.0216017 0.0436191 0.015985 0.0289698 0.000316641 0.0132 0.0297395 0.0128601 0.0570749 0.0702137 -0.0116086 -0.0251663 0.0706969 0.0477992
internal_weight=1449.72 173.052 134.886 38.1659 18.769 10.9666 19.397 1276.67 988.195 288.472 172.199 116.273 111.806 10.7467 101.059 141.353 133.235 27.0803 106.155 58.0484 48.1064 37.1843 17.6385 13.9276 20.8641 17.2358 30.8459 32.9498 14.5899 9.33536
internal_count=8545 1023 806 217 103 63 114 7522 5858 1664 970 694 666 59 607 783 735 147 588 320 268 208 96 75 112 90 187 204 76 49
is_linear=0
shrinkage=0.05


Tree=59
num_leaves=31
num_cat=0
split_feature=22 18 19 2 13 21 16 4 7 14 10 16 5 5 1 1 0 10 23 18 25 26 29 3 6 18 30 30 9 14
split_gain=3.05353 7.15015 5.67251 5.79831 5.93023 5.73261 5.34885 5.25313 5.85318 5.78902 5.9326 5.27725 5.18702 5.76828 5.60183 4.682 4.58329 5.62536 4.75671 6.71446 8.97579 8.24932 6.43694 8.09322 6.42403 6.35973 8.68327 8.94875 6.31338 9.30315
threshold=4.5000000000000009 3.2448858093403019 -0.93333333333332824 1.9499272265337395 2.0887534710471023 2.7681513519238243 -0.22941573419902991 -1.5474464428738719 1.4756727989356417 57126.792404122927 5.1123828482070737 -0.30470811755371296 -835.41700000013213 -688.07600000011723 -0.75241557404906423 1.4222512987154372 1.4905113657910418 7.6215116965144869 -20.499999999999996 0.32352074420799043 0.8098908692028105 -0.00014699999999999994 10450.580000000002 1.6420068427753174 -0.92079424093882922 -0.13118087101530368 -2.1260211042813659 -1.144669683596742 0.61588598582948062 40414.03679280189
decision_type=2 2 2 2 2 2 2 2 2 2 2 2 2 2 2 2 2 2 2 2 2 2 2 2 2 2 2 2 2 2
left_child=16 2 -2 4 12 -5 -3 -6 9 -9 -11 -12 14 -14 -4 -7 18 -18 19 20 25 24 -20 -24 -21 -1 -27 -28 29 -29
right_child=1 6 3 5 7 15 -8 8 -10 10 11 -13 13 -15 -16 -17 17 -19 22 21 -22 -23 23 -25 -26 26 27 28 -30 -31
leaf_value=-0.0036147395977960102 -0.034855221052384887 0.0099308200268540189 0.026205813447914839 -0.037956248958126874 -0.037419023672707212 0.04789028537965629 0.086560122906937473 -0.0024492501923400684 -0.022395039668426025 0.10103890149740674 0.064709735266811605 -0.012381302304863007 -0.043682752239102944 -0.0031085132142744821 -0.045846662795019588 -0.029273120945988409 0.083953486036239255 -0.0018997123682703975 0.003076938054612996 0.0031872787380770474 0.07986080854079082 -0.0027418053740063861 0.016843119182662496 0.095966253136528804 -0.048055770402733899 0.044629899505533553 -0.036045794779523306 -0.0010503246168490352 -0.0080414365888542959 0.042986555622564371
leaf_weight=270.56210821121931 13.979271341115235 5.7457159459590912 24.779991842806343 21.212560735642914 3.3800595477223423 4.2195421159267417 3.7723973318934423 5.5803168155252996 4.5010683164000502 5.0720082409679881 5.5247527286410385 3.7111249715089727 8.9109767787158471 515.73164473101497 3.0270999372005454 3.6805928349494934 3.7682501226663581 3.8649508729577065 288.80331516265869 8.2915274202823657 3.5896064937114707 56.796302478760481 50.167141374200583 3.4544163793325415 23.311763182282448 16.157865483313799 11.659551464021204 22.955924808979034 27.615739062428474 25.113938011229038
leaf_count=1613 151 34 142 126 21 22 20 31 27 26 28 22 55 3005 21 21 18 23 1694 50 18 331 291 18 143 95 72 132 162 133
internal_value=-0.000100598 -0.00270722 -0.00336398 -0.00264151 -0.00154896 -0.024416 0.040302 0.0209972 0.029093 0.0407457 0.0575925 0.0337333 -0.00268227 -0.00379766 0.0183621 0.0119406 0.00192063 0.0404831 0.00155654 -0.00173087 0.00117272 -0.0141354 0.00603084 0.0219404 -0.0346115 0.000417614 0.0109584 0.00472954 0.0110111 0.0219566
internal_weight=1448.94 632.829 623.311 609.332 580.219 29.1127 9.51811 27.7693 24.3893 19.8882 14.3079 9.23588 552.45 524.643 27.8071 7.90013 816.112 7.6332 808.479 466.054 377.655 88.3996 342.425 53.6216 31.6033 374.065 103.503 87.3452 75.6856 48.0699
internal_count=8545 3752 3698 3547 3378 169 54 155 134 107 76 50 3223 3060 163 43 4793 41 4752 2749 2225 524 2003 309 193 2207 594 499 427 265
is_linear=0
shrinkage=0.05


Tree=60
num_leaves=31
num_cat=0
split_feature=30 6 18 13 21 21 7 9 26 30 21 13 0 18 27 6 21 7 21 26 18 15 2 26 21 4 27 22 7 29
split_gain=3.03323 6.11535 5.71747 5.77225 6.92077 7.29129 7.42941 8.00775 5.26345 6.6058 4.86612 5.1744 4.01134 5.654 6.41295 3.9794 3.9025 3.84427 3.76804 4.67453 3.7206 8.08016 6.80558 6.50255 7.013 9.30428 7.80896 6.98721 8.55073 6.28381
threshold=3.0612275309324262 -1.3387133738721901 -0.072513026691030852 -0.49148646994210959 1.3459017018558699 2.1512738025019695 -1.0147632179837267 0.61588598582948062 -0.00057144499999999996 4.2855486599255395 2.1512738025019695 -1.4200149912928073 0.67073306729355686 0.47959889563356539 0.0024121049082328487 -0.74036537928497059 0.98290337226894209 -2.9472560420017757 3.0106920334061562 -0.00017749999999999995 -0.5810364060973352 0.4472135958107023 2.3282525152886797 -0.00082849999999999992 0.77596066134040809 -1.2859173802625212 -0.0037033397139047404 -47.499999999999993 1.5229193572639725 -14775.294999999998
decision_type=2 2 2 2 2 2 2 2 2 2 2 2 2 2 2 2 2 2 2 2 2 2 2 2 2 2 2 2 2 2
left_child=17 18 3 10 -5 -6 -7 -8 15 12 16 -12 13 14 -10 -4 -3 -1 19 -2 21 23 29 -19 26 -26 -25 -27 -29 -23
right_child=1 2 8 4 5 6 7 -9 9 -11 11 -13 -14 -15 -16 -17 -18 20 -20 -21 -22 22 -24 24 25 27 -28 28 -30 -31
leaf_value=-0.03565786190069322 -0.00094969485820396509 0.042338234443539832 0.014155041680336884 -0.031732094161930464 0.06300596802352626 0.043742976110225103 -0.052613972502865675 0.032374285258450208 0.074073663865537917 0.051580037077009123 0.024278913418564134 0.090720527412210983 -0.028491213778109183 -0.030010049524021733 -0.0059320259725876906 -0.047963646916821312 -0.020430007406218229 0.077148880871226427 0.028146490108342383 -0.06342577158402439 0.00095324604602867061 0.0087358136389568495 0.055765555787708143 0.040733244849899423 -0.028781021697555267 -0.012610675982868018 -0.047440188720265099 0.032258232586894107 -0.035438712719361734 -0.014950644216062523
leaf_weight=7.8517867848277083 5.5628021061420432 6.1237464919686335 3.6856265664100638 7.8037477731704703 7.6613938361406353 7.6262712851166752 7.1576321646571142 4.5230510383844376 5.0973869711160713 7.1471902802586547 4.9389235451817513 7.2055046781897527 9.4956498146057111 5.0755907148122779 4.9244102314114571 8.5802987739443761 4.1574946194887161 3.1704720780253401 2.9885737225413314 6.4835404455661765 995.79650979861617 32.784601651132107 3.824970304965972 3.2342275418341151 12.995030410587786 15.195164300501345 11.230308473110197 48.731563422828913 5.1582393720746031 191.87433622404933
leaf_count=57 33 32 22 44 38 35 41 22 25 35 26 36 49 29 26 50 24 16 19 41 5885 201 21 20 80 88 70 265 33 1182
internal_value=-9.92346e-05 0.00764675 0.0120671 0.0224912 0.00973537 0.0217347 0.00535739 -0.0197044 -0.00148186 0.00926778 0.0422699 0.0636999 -0.00302894 0.0129858 0.0347613 -0.0292984 0.0169562 -0.000775276 -0.0221078 -0.0345754 -0.00056841 -0.0051853 -0.0103681 0.00669039 0.00437657 0.0100336 -0.0277249 0.0173348 0.0257784 -0.0114941
internal_weight=1448.09 116.239 101.204 57.1978 34.7721 26.9683 19.307 11.6807 44.0062 31.7402 22.4257 12.1444 24.593 15.0974 10.0218 12.2659 10.2812 1331.85 15.0349 12.0463 1324 328.199 228.484 99.715 96.5445 82.08 14.4645 69.085 53.8898 224.659
internal_count=8545 627 534 298 180 136 98 63 236 164 118 62 129 80 51 72 56 7918 93 74 7861 1976 1404 572 556 466 90 386 298 1383
is_linear=0
shrinkage=0.05


Tree=61
num_leaves=31
num_cat=0
split_feature=30 27 24 21 30 6 29 0 19 19 4 6 22 8 26 10 4 14 27 27 14 16 15 7 15 28 14 7 18 13
split_gain=2.99363 4.45636 6.50168 5.95097 4.35443 8.09224 7.69201 6.12241 5.96694 5.86804 5.95877 9.02283 8.47747 6.37091 6.1791 5.89573 5.32641 5.10126 4.87036 4.66683 5.24309 6.59279 4.56637 5.5811 6.12188 4.51583 4.57798 8.08994 5.50415 4.34956
threshold=-4.8365806447974569 -0.0024361547328237139 0.76007227662611132 0.62537741343642061 -2.6033275521682433 1.7983840773230064 58199.075000000004 0.84446456029393213 -0.73684210526315841 -0.29166666666666369 0.37119088494422087 -1.855544922736416 -75.499999999999986 10350.915000000277 -0.00010837499999999999 50021524.326084942 1.0000000180025095e-35 130364.30865199317 -0.004029482178966425 -1.0000000180025095e-35 189717.14311525659 -0.32736520251577667 0.96542894138900925 0.47475733798602388 0.60246407753395015 -34201.759999999987 104312.25301421588 -0.95943999480675013 -0.37513866469331864 0.23048350195548961
decision_type=2 2 2 2 2 2 2 2 2 2 2 2 2 2 2 2 2 2 2 2 2 2 2 2 2 2 2 2 2 2
left_child=1 -1 3 -3 5 6 8 -7 -2 -10 14 -12 -13 15 16 -14 19 -8 -16 20 21 -11 23 24 -20 -15 27 28 -27 -28
right_child=4 2 -4 -5 -6 7 17 -9 9 10 11 12 13 25 18 -17 -18 -19 22 -21 -22 -23 -24 -25 -26 26 29 -29 -30 -31
leaf_value=-0.037281524195820599 0.066740160777117849 0.075303930554961068 -0.051989876066222566 -0.00070004364101840992 -0.00065619486562948056 -0.062641714960013348 0.098201892740094804 0.022638206117486837 -0.034127865762665556 0.03942208281796783 -0.028415331028896554 0.10412115553414321 0.018287162797463619 -0.015243546170658135 -0.051385075187398779 -0.057772827774649475 -0.038114112203169195 0.023948326873718645 0.034294918037189898 0.065055582548428081 0.06229535197435232 -0.04490808933142839 0.037356526065902333 -0.062261941956741611 -0.049567272218659857 -0.027621688110868459 0.044737316441822758 0.082564844615233626 0.058146140572235376 -0.02321566420290452
leaf_weight=13.346208337694405 4.2550955340266219 3.3191524595022228 4.5526288971304885 11.494471795856951 1278.4027243554592 6.5716167464852315 4.020222853869198 3.0961573868989944 8.2665584534406644 4.0629425831139114 7.892125491052858 3.5094755589961926 6.9510770291090136 3.9945039898157111 8.1159084253013152 4.0219897776842117 3.7259889468550673 5.4469424672424793 5.9164235591888445 5.7057074904441842 3.5892121195793161 5.3952316939830771 4.7477616444230071 4.9354786500334731 3.4423139840364456 3.7180609107017517 5.0752997696399671 11.293131016194833 3.7646383196115414 4.3933366164565086
leaf_count=88 36 18 30 68 7525 45 21 17 54 24 55 18 39 24 55 22 23 33 33 34 20 34 25 32 21 21 27 58 20 25
internal_value=-9.74786e-05 -0.0150511 0.00026892 0.0163295 0.000248393 0.00875735 0.0121337 -0.0353304 0.00861946 0.00642149 0.00963686 0.0210331 0.0293858 0.0233162 -0.00290198 -0.00959132 0.0164885 0.05548 -0.0189518 0.0273373 0.0108429 -0.00868242 -0.00512843 -0.0192396 0.00344888 0.0345168 0.0415542 0.0558492 0.0155292 0.0132079
internal_weight=1447.02 32.7125 19.3663 14.8136 1414.31 135.907 126.239 9.66777 116.772 112.517 104.251 54.6136 46.7215 43.212 49.637 10.9731 22.4791 9.46717 27.1579 18.7531 13.0474 9.45817 19.042 14.2942 9.35874 32.239 28.2445 18.7758 7.4827 9.46864
internal_count=8545 204 116 86 8341 816 754 62 700 664 610 309 254 236 301 61 135 54 166 112 78 58 111 86 54 175 151 99 41 52
is_linear=0
shrinkage=0.05


Tree=62
num_leaves=31
num_cat=0
split_feature=23 9 21 0 4 30 30 2 6 14 1 18 28 22 28 22 27 1 6 14 27 23 13 1 1 16 18 16 7 0
split_gain=2.98759 2.98165 4.29719 6.60111 5.24848 3.77423 11.4833 4.22748 3.47498 3.7333 3.62278 6.58224 5.34356 6.59393 8.02355 5.69174 7.2256 5.51976 6.59543 5.94626 7.07942 5.15514 4.98772 4.95822 9.31452 7.44265 9.7344 9.05536 8.73456 7.93017
threshold=323.50000000000006 11.32324300569852 2.8911788084121404 -1.3217244133992112 0.69710881228290644 -0.9494441092273066 -1.7394068790551767 -0.23431776397719403 -2.7498783790343677 318044.46094751125 1.2715925834776718 2.5112398052121985 1858.5050000000001 39.500000000000007 3518.1800000000007 4.5000000000000009 -0.0011743483249421203 1.3476814456972643 2.0509197650681954 171177.48823851484 0.00037632187884562024 9.5000000000000018 0.89608216820386055 0.75509530655520529 0.68051168728957012 -0.32961840315543867 0.19114704915281441 -0.2654035738632986 -0.60564915651449946 1.2410440923904138
decision_type=2 2 2 2 2 2 2 2 2 2 2 2 2 2 2 2 2 2 2 2 2 2 2 2 2 2 2 2 2 2
left_child=1 8 3 -3 -4 6 -5 -7 9 -1 23 12 15 14 -14 16 -12 -18 19 20 21 -19 -16 24 -10 26 -25 28 -27 -28
right_child=-2 2 4 5 -6 7 -8 -9 10 -11 11 -13 13 -15 22 -17 17 18 -20 -21 -22 -23 -24 25 -26 27 29 -29 -30 -31
leaf_value=-0.048494340807066216 -0.038510327807602496 0.05871718967467951 -0.050605092762545746 -0.040206976629204916 0.026594390045340689 -0.06252594895661788 0.056024572139017209 -0.00031824071503914011 0.00075879308035556846 0.025436197240958049 -0.031745141689770558 0.042671070187589186 0.065108928096386506 0.054974753092296304 -0.028177652044800633 -0.024987933760892811 -0.020363442048946259 0.057961463042556928 -0.051215439128770496 0.082595944576083435 -0.0075638793248974448 -0.010894231851374994 0.018931576743262436 0.02422270051169105 -0.027094874522572723 0.0062329180803342814 -0.02562364337660172 0.0094363601600379165 -0.032867740670330145 0.033396176925658327
leaf_weight=6.9127092994749528 5.043823577463626 3.8877526372671154 11.347833253443239 6.2875443398952493 2.7316004186868659 5.7610987946391106 6.115158900618554 5.192695811390875 913.64951064810157 2.2677899375557899 17.113222062587738 6.596448376774787 3.9305618479847935 6.3710177987813941 16.150352485477928 55.932955294847488 14.63212266564369 10.795356646180155 3.3417000323534003 3.6609850823879233 16.157675608992577 3.6331701278686515 8.6161298230290395 95.381938137114048 31.034350603818893 25.667230747640133 20.412895254790786 97.633441805839539 32.201822102069855 7.891915835440158
leaf_count=84 32 18 95 40 17 38 31 31 5361 19 104 37 21 36 96 343 88 61 21 22 94 21 45 515 195 153 116 563 207 41
internal_value=-9.61271e-05 3.83024e-05 -0.0131985 -0.00160756 -0.0356273 -0.0116488 0.00724004 -0.0330361 0.000429015 -0.0302318 0.000631403 -0.00627826 -0.00829211 0.00895965 -0.00125614 -0.0131217 -0.00354899 0.0056911 0.0158333 0.0223756 0.0151676 0.0406233 -0.0117886 0.00157386 -0.000156244 0.00742794 0.0165815 0.000147168 -0.015525 -0.0091678
internal_weight=1446.35 1441.31 41.3237 27.2443 14.0794 23.3565 12.4027 10.9538 1399.99 9.1805 1390.8 166.932 160.335 35.0681 28.697 125.267 69.3342 52.221 37.5889 34.2472 30.5862 14.4285 24.7665 1223.87 944.684 279.189 123.687 155.502 57.8691 28.3048
internal_count=8545 8513 270 158 112 140 71 69 8243 103 8140 989 952 198 162 754 411 307 219 198 176 82 141 7151 5556 1595 672 923 360 157
is_linear=0
shrinkage=0.05


Tree=63
num_leaves=31
num_cat=0
split_feature=19 14 3 6 1 8 15 8 8 3 30 1 6 21 19 19 16 5 9 23 14 9 7 6 8 5 21 5 27 10
split_gain=2.95025 2.96948 4.90562 5.76378 4.3927 4.22518 4.78435 6.22675 4.6461 3.93979 6.74088 7.79072 3.85366 3.81791 3.71662 4.99657 6.15416 6.35047 8.36694 8.55099 9.73533 7.26671 5.93508 5.91156 5.49065 5.48837 4.68748 4.47262 4.45315 6.6124
threshold=-1.9999999999999933 379637.50792735507 2.6953506812025765 -1.6899798100270929 -1.2731724058221137 175583.87500000032 0.97888825877830754 92925.200000000259 8747.7700000002314 2.527852759300838 -0.63600005079330468 0.92101224748981914 -2.8632414695043975 2.6209342283577963 0.19999999999998527 0.28571428571427943 2.3785632309482749 190.70600000000562 2.5634807198365421 16.500000000000004 55067.383321330264 0.25716061922933803 -1.4247769930650602 -1.225811462783114 85282.835000000312 -331.53600000008004 4.4065290201312051 -149.98349999985655 -1.0000000180025095e-35 15.717375270057326
decision_type=2 2 2 2 2 2 2 2 2 2 2 2 2 2 2 2 2 2 2 2 2 2 2 2 2 2 2 2 2 2
left_child=-1 9 3 13 -5 6 7 8 -6 12 11 -11 -2 -3 -14 25 17 26 19 22 21 -21 -19 -20 -18 -16 -17 -27 29 -24
right_child=1 2 -4 4 5 -7 -8 -9 -10 10 -12 -13 14 -15 15 16 24 18 23 20 -22 -23 28 -25 -26 27 -28 -29 -30 -31
leaf_value=-0.043809634146509763 -0.038756455421888332 0.062915259378626062 0.047884230304284126 0.021502532612394307 0.030461255751402544 -0.046792637183880707 -0.052544408075058308 0.048458616166280333 -0.04196096310984445 0.053292130130182407 -0.052343484516048859 -0.041348983841407033 -0.00032783015010989195 -0.0054799356803004427 0.063861095189831726 -0.0023019254677077395 0.061782504588568626 0.070169960980146884 -0.00062824715258945568 -0.020047167845820217 -0.052102127953573309 0.060452200163359664 0.088873458881645329 0.071836135653696565 -0.012542378925797329 -0.032760653584812914 -0.060096786634781213 0.02308270516105522 -0.0051570976993059944 0.0027958764843072775
leaf_weight=3.8494142368435851 6.136171404272317 3.4665683060884458 3.2815900444984427 5.0014358982443801 3.1612391024827975 17.098654434084892 5.6760370060801497 4.7908045053482047 7.3948952555656433 4.6275237575173396 9.3080882132053357 4.1020765230059624 1097.0526570864022 4.9595637656748295 6.9690062180161467 152.90640604496002 8.1136072129011136 5.5605217516422298 4.0159125700592986 6.5603770762681979 10.620219610631464 4.89540995657444 3.9144367426633853 9.4073369652032834 3.581740289926528 4.2886743620038059 3.5907181277871123 21.870723031461239 13.930247940123079 5.1882136911153793
leaf_count=40 84 17 18 30 20 122 40 28 50 24 61 27 6535 35 34 824 41 25 21 35 58 23 19 46 20 24 28 115 74 27
internal_value=-9.5378e-05 2.13599e-05 -0.011391 -0.0151645 -0.0225549 -0.0283351 -0.013323 0.00118292 -0.0202727 0.000472631 -0.0227426 0.00881987 0.000778599 0.0226583 0.000956654 0.0062659 0.0036751 0.00180115 0.0150577 0.00575934 -0.0176171 0.0143527 0.0238075 0.0501565 0.0390203 0.0244317 -0.00362799 0.0139275 0.0126148 0.039812
internal_weight=1445.32 1441.47 54.8308 51.5492 43.1231 38.1216 21.023 15.3469 10.5561 1386.64 18.0377 8.7296 1368.6 8.42613 1362.47 265.414 232.285 220.59 64.0927 50.6694 22.076 11.4558 28.5934 13.4232 11.6953 33.1284 156.497 26.1594 23.0329 9.10265
internal_count=8545 8505 360 342 290 260 138 98 70 8145 112 51 8033 52 7949 1414 1241 1180 328 261 116 58 145 67 61 173 852 139 120 46
is_linear=0
shrinkage=0.05


Tree=64
num_leaves=31
num_cat=0
split_feature=19 20 19 4 0 23 26 22 19 14 19 16 18 7 26 0 30 4 15 30 21 23 3 23 27 5 21 13 16 7
split_gain=2.81167 5.88326 5.99725 5.9327 5.45514 7.81504 6.87186 6.66081 5.98094 5.41377 7.37969 6.8913 8.95117 5.37639 4.92193 4.70263 5.45978 5.4706 7.79255 9.42663 7.39163 6.74604 5.07596 6.79901 4.98102 4.96152 5.96099 7.21474 6.53657 7.43603
threshold=-0.29787234042552524 -9.2499999999981117 -0.3265333877329018 -1.318792782414556 0.15823854689278813 -52.499999999999993 0.00060950000000000012 38.500000000000007 -0.35897435897436686 89954.888525384609 -0.93333333333332824 -0.37102765948521788 0.02690791202267909 1.0991257881353842 0.00014050000000000005 -0.5568629441246743 0.31352912197970034 0.91746864790790783 0.49699791926710957 -0.37683066405717008 2.9301901980009672 -47.499999999999993 -0.16757352935265599 21.500000000000004 0.0010300114968768705 371.92149999993859 1.0923473650796995 -0.38446584239371989 -0.37551361641279751 0.4190642039055168
decision_type=2 2 2 2 2 2 2 2 2 2 2 2 2 2 2 2 2 2 2 2 2 2 2 2 2 2 2 2 2 2
left_child=1 -1 4 -4 15 14 7 8 9 10 -7 -12 -13 -11 -6 16 17 18 19 20 -3 -20 -17 24 -24 26 -18 -28 -29 -30
right_child=-2 2 3 -5 5 6 -8 -9 -10 13 11 12 -14 -15 -16 22 25 -19 21 -21 -22 -23 23 -25 -26 -27 27 28 29 -31
leaf_value=0.05422768613339847 0.00074871927114099302 -0.0017430291115465631 0.019786107232421725 -0.054439092027498776 -0.049319986186080737 -0.024258561077657441 0.082685193717772804 -0.025423865801214196 0.086575527114653633 -0.034464729283025512 -0.0098884852084652492 0.035715410126999754 0.13270268473143662 0.034211947733518176 0.016449214994905707 -0.046982642723965927 0.06060710343916309 -0.051387754776207932 0.035690203229870945 -0.045005593756442787 0.099851142156386227 -0.041112297647537217 0.057516964155670883 -0.061192326077935615 -0.0283723094350226 0.073874257653986905 -0.036665507679938807 -0.040944441162685093 0.00015978158977669808 0.067800470700963789
leaf_weight=3.9839912354946128 1260.4262260496616 3.0579110682010651 3.5004749670624724 11.657341733574865 8.4371657371520978 4.3567168563604346 3.6724967435002318 9.5502410605549795 3.2292591482400956 8.0974414572119695 3.5287068635225269 6.5189003273844719 3.7460371255874634 4.3973894640803328 4.2916105017065993 16.194140423089269 4.0314353927969924 9.4815660342574102 3.5077295601367942 3.2011386826634425 4.319219596683979 15.463409900665285 4.4666049182414991 3.3514232486486435 2.713534988462925 2.6706826612353316 11.047642566263674 4.4321314990520468 10.138608444482093 6.7805652990937224
leaf_count=23 7247 19 21 77 64 45 22 74 18 53 21 42 21 29 28 121 30 70 25 25 24 126 31 25 18 18 82 31 72 43
internal_value=-9.37898e-05 -0.00587058 -0.00720192 -0.0372979 -0.00443183 0.00761584 0.0170106 0.0114564 0.0218541 0.015034 0.0324706 0.0503885 0.0711095 -0.0102949 -0.0271454 -0.0113056 -0.0051127 -0.0183419 -0.00773839 0.0266471 0.0577391 -0.0269117 -0.0294102 -0.00238949 0.0250575 0.00809275 0.00327036 -0.00386411 0.0131081 0.0272676
internal_weight=1444.25 183.826 179.842 15.1578 164.684 59.826 47.0972 43.4247 33.8745 30.6452 18.1504 13.7936 10.2649 12.4948 12.7288 104.858 78.132 39.031 29.5494 10.5783 7.37713 18.9711 26.7257 10.5316 7.18014 39.1011 36.4304 32.3989 21.3513 16.9192
internal_count=8545 1298 1275 98 1177 417 325 303 229 211 129 84 63 82 92 760 565 289 219 68 43 151 195 74 49 276 258 228 146 115
is_linear=0
shrinkage=0.05


Tree=65
num_leaves=31
num_cat=0
split_feature=7 15 21 15 8 6 15 30 5 30 29 30 26 29 4 6 7 7 18 16 6 13 21 29 7 10 13 2 14 16
split_gain=2.79366 6.11341 3.37141 10.5574 5.8083 5.24002 6.33911 3.38657 4.21461 3.97523 8.13575 7.97006 6.64622 6.6371 6.47578 6.26977 6.18684 6.4615 6.66754 6.18088 6.53081 7.79159 5.68887 5.28122 5.69217 5.31642 5.52634 4.93131 4.57286 4.45987
threshold=-2.8611607055072708 0.85201286899765749 4.6252923221422471 0.40379577724501953 18880.455000000238 0.56997785830710346 0.84310537122524909 -4.8365806447974569 471.03750000009319 -2.6033275521682433 7071.9150000000018 -3.0675179821506329 -9.0000000000000019e-05 32063.920000000002 -0.071309332395522007 1.7983840773230064 -1.9501926414633826 -1.3458901538890733 0.44329855423281367 -0.2400460937358905 -0.85117794707888728 -0.1767069422853961 1.9021460874705529 374.73500000000007 -0.047805082656337934 20.740190335560278 -0.64622232178007877 0.14756776762203574 47006.32500404161 -0.24593764400543983
decision_type=2 2 2 2 2 2 2 2 2 2 2 2 2 2 2 2 2 2 2 2 2 2 2 2 2 2 2 2 2 2
left_child=1 -1 7 -4 5 6 -5 8 -2 10 15 12 14 -14 -12 16 27 -18 19 23 -21 -22 -23 24 -19 28 -27 -9 -26 -13
right_child=2 -3 3 4 -6 -7 -8 9 -10 -11 11 29 13 -15 -16 -17 17 18 -20 20 21 22 -24 -25 25 26 -28 -29 -30 -31
leaf_value=-0.042429879172350991 -0.02426758007752805 0.034939128925645636 0.082797047714522246 -0.015737414046821475 -0.05135646606520039 -0.058747159116546488 0.081989803668771552 0.096889130252116012 0.024656464876896021 -6.4709728461541868e-05 0.00017883292386133539 0.10338897761849407 -0.054756030802530858 0.023409141684876573 0.088308086538500072 -0.040305311696579305 -0.032645501257458652 0.060520811453451978 -0.023209255562996425 -0.036808491055373385 -0.028839061366926457 0.087248030016983988 0.002044603643639229 -0.023924189165270504 0.020188174619931758 0.044993235352569633 -0.032904262162285029 0.011198925334027594 0.085485961890201467 0.029972631942641038
leaf_weight=10.043060094118117 25.720094073563818 3.4236031472682944 2.3371801190078285 4.145798973739149 12.537622570991514 2.7013855576515198 2.766723707318306 3.231285646557807 5.3110067620873442 1243.352667145431 3.778927855193615 5.0345989726483822 4.7555054500699043 6.3315949104726315 4.6486384794116056 7.8679167851805678 11.325811833143232 12.39099194854497 14.164895094931124 9.7961563877761382 5.4931006208062172 4.3281608968973213 3.5791151970624924 4.567671187222003 8.6515109017491323 3.3545963726937771 7.0867321230471134 3.4948828890919685 3.8853170946240434 3.5113210380077344
leaf_count=72 163 21 12 29 109 22 20 19 30 7287 23 26 30 38 25 52 67 66 87 66 33 21 21 28 50 19 46 23 20 20
internal_value=-9.36162e-05 -0.0227605 0.000119821 -0.0182728 -0.0289365 0.000301672 0.0233777 0.000440247 -0.0158942 0.000808982 0.00908379 0.0329565 0.0153225 -0.0101176 0.0487909 0.00259383 0.0061337 0.00262495 0.00779281 0.0147486 -0.00577915 0.0169044 0.0486819 0.0266717 0.0332058 0.0184762 -0.00787731 0.0523649 0.0404248 0.0732239
internal_weight=1443.62 13.4667 1430.15 24.4887 22.1515 9.61391 6.91252 1405.66 31.0311 1374.63 131.279 28.0606 19.5147 11.0871 8.42757 103.218 95.3502 88.6241 77.2982 63.1334 23.1965 13.4004 7.90728 39.9368 35.3691 22.9782 10.4413 6.72617 12.5368 8.54592
internal_count=8545 93 8452 192 180 71 49 8260 193 8067 780 162 116 68 48 618 566 524 457 370 141 75 42 229 201 135 65 42 70 46
is_linear=0
shrinkage=0.05


Tree=66
num_leaves=31
num_cat=0
split_feature=13 8 27 9 21 3 14 1 8 0 4 9 21 6 4 6 13 13 4 6 6 7 7 8 4 27 5 6 9 27
split_gain=2.8211 10.619 8.49882 6.20375 4.64902 5.58164 4.45101 5.38535 3.72277 7.9735 6.73397 6.26 6.05485 7.50863 6.3682 4.80674 4.43786 10.6584 7.51693 5.68045 4.31756 13.8134 13.9565 19.3329 8.82182 6.8713 5.24301 6.52566 8.53955 7.86197
threshold=-2.2638317187226753 4176.3200000002626 -0.010831272170791105 0.86700441908787818 2.7941414153044741 1.5340348564292146 420065.61078531732 -1.2822855224715319 449094.49000000028 0.36096561289084445 0.10560053686516067 11.845122127880659 2.2249026025820933 -1.7682888110252917 -0.63631896991276926 -2.7498783790343677 -1.9070028111692796 -1.8511098352268716 -1.669516519254252 1.0683680984275357 2.0786114465631127 -1.2287204734722625 1.8099822567433081 7696.1500000002625 0.67978954020632487 0.0041792468186542262 364.94649999984546 -1.0560061298319103 2.8258223408502516 -0.0028574743572858936
decision_type=2 2 2 2 2 2 2 2 2 2 2 2 2 2 2 2 2 2 2 2 2 2 2 2 2 2 2 2 2 2
left_child=1 -1 -3 4 5 -4 8 -8 11 12 -11 15 14 -14 -10 -2 18 -18 -17 -20 26 24 -23 -24 25 -22 -19 29 -29 -28
right_child=6 2 3 -5 -6 -7 7 -9 9 10 -12 -13 13 -15 -16 16 17 20 19 -21 21 22 23 -25 -26 -27 27 28 -30 -31
leaf_value=0.052940854771364267 -0.046313548134243057 0.056969849195441118 0.062305609557763222 -0.036195929004600169 -0.025496459844720893 -0.016685785784524804 0.040838878614354021 -0.024712170788678784 0.090121065179178284 -0.049481992767517344 0.029555452815537665 -0.028470119158748409 0.044603135941093303 -0.035740751446374813 0.018295465983252893 0.043199198548871408 0.05465602737626403 -0.00039628105135671582 -0.037032218275757492 0.0085702528990518126 0.068082468778492208 -0.043094198625212993 -0.045254771716059607 0.094148033758174168 -0.033779249228468894 0.0073892777128543047 0.018982171157543557 0.0091145141512077466 0.045189168797177957 -0.026816109062562449
leaf_weight=11.823290280997751 5.5903792269527903 5.1976756975054732 5.7351565510034579 14.164778724312781 5.7745833322405806 3.6658002287149429 3.4815949723124495 31.315425731241703 6.6071526631712914 6.9044914804398996 4.4201645851135254 19.666920993477106 6.1127854436635953 5.5467174500226974 5.7906859479844588 4.6494978517293921 9.0743190348148328 1008.8326839990914 24.93503811955452 9.4043439850211126 8.5771454423666054 35.165018849074841 5.00755377858877 4.9413007274270058 6.1797901317477217 10.219862401485441 15.387859068810938 115.47793817520142 19.121129237115383 23.964123271405697
leaf_count=61 73 28 30 95 34 22 20 218 30 46 26 134 37 38 32 27 50 5917 155 53 41 236 33 27 39 56 94 642 101 150
internal_value=-9.23576e-05 0.0120418 -0.00195907 -0.0123984 0.0098141 0.0315038 -0.000495226 -0.0181535 -4.39437e-05 0.0159625 -0.0186326 -0.000470984 0.0322476 0.00638154 0.0565733 -4.95187e-05 0.000149287 0.000662595 -0.0164649 -0.0245433 0.000271531 -0.011786 -0.0283019 0.0239825 0.0180456 0.0350838 0.000986049 0.0090029 0.0142393 -0.00890755
internal_weight=1442.74 46.3613 34.538 29.3403 15.1755 9.40096 1396.37 34.797 1361.58 35.382 11.3247 1326.19 24.0573 11.6595 12.3978 1306.53 1300.94 1261.95 38.9889 34.3394 1252.87 70.0907 45.1139 9.94885 24.9768 18.797 1182.78 173.951 134.599 39.352
internal_count=8545 270 209 181 86 52 8275 238 8037 209 72 7828 137 75 62 7694 7621 7386 235 208 7336 432 296 60 136 97 6904 987 743 244
is_linear=0
shrinkage=0.05


Tree=67
num_leaves=31
num_cat=0
split_feature=19 6 13 18 30 15 15 9 6 1 13 6 13 21 18 2 7 2 13 3 16 21 30 0 9 8 18 2 4 3
split_gain=2.75668 5.67413 4.2613 5.72004 4.85099 3.24385 15.1482 9.41812 8.87647 8.87991 7.66814 8.08867 12.2485 12.0943 9.64902 7.85712 7.75924 6.13508 4.23597 5.09805 4.22953 4.09424 6.23892 4.91772 4.51694 10.7733 4.06442 9.27653 7.7745 12.2179
threshold=1.2727272727272736 -1.7231307357217702 -0.088373176854030747 0.1427285769678133 -0.42503880897479024 9.1526187175721053e-05 0.0002076122821586585 1.0216117976433547 -1.115092942000145 0.69231012837605743 -1.5393835517270562 -0.64107057889420915 -1.1185292190381211 2.2764011965317601 -0.69978194503329505 -1.2006039073837376 -0.87105321121915724 -0.95702400627411799 0.63141183119125588 -0.53551177892462987 -0.30961550693185724 4.2154178389736989 0.93849727745236389 -1.017595126423241 0.96427014322743276 62661.590000000237 -0.010717088732264334 0.89629490689030966 -0.4891070064519622 0.62229239474741782
decision_type=2 2 2 2 2 2 2 2 2 2 2 2 2 2 2 2 2 2 2 2 2 2 2 2 2 2 2 2 2 2
left_child=5 -2 4 -4 -3 7 8 10 -7 17 -1 12 -12 -14 -13 -16 -15 -10 -17 -20 -18 26 24 -24 25 -23 -8 28 -28 -30
right_child=1 2 3 -5 -6 6 21 -9 9 -11 11 14 13 16 15 18 20 -19 19 -21 -22 22 23 -25 -26 -27 27 -29 29 -31
leaf_value=-0.056458504800416226 -0.04739159751733335 0.00063943595228434973 0.027041677659392846 -0.038822518874034713 0.05949195605265465 -0.048162821254856408 -0.0024378039579580385 -0.0494140373368675 0.023459019354669635 0.0068899894377571326 0.11022989774219008 0.045765098679609879 -0.05236729991725593 -0.025920890541541286 0.036831508944716575 -0.05078720843371707 0.029273355179569374 0.089790810101433971 -0.052977013370564645 0.027505843693266731 0.10099748692735369 -0.026597287680116391 0.047383887148806154 -0.012305259994282839 -0.045949408606209781 0.062511032592566906 0.00046687040852492535 -0.007311642976780712 0.0055147657691378554 0.032896643385223572
leaf_weight=5.9152690246701232 3.3491984605789176 5.333598017692565 8.3675115853548032 5.4391783177852622 10.192598983645441 2.7867008522152927 741.24007435888052 12.917033828794954 5.1394551023840931 9.250442832708357 3.7287653982639339 6.0524986982345537 5.3090405389666584 3.300251945853236 4.4797691702842704 15.425037615001211 4.1453487500548389 10.834774971008299 3.3792060390114784 4.7101960033178312 4.0769151523709217 19.269452214241031 6.228020541369915 7.7382698059082013 15.162142056971787 4.1166011765599242 187.60706788301468 145.99799721688032 117.39218408986926 62.390231348574162
leaf_count=38 19 24 38 25 45 16 4407 103 28 45 23 33 37 20 23 104 22 48 20 24 22 151 36 52 140 25 1122 847 670 338
internal_value=-9.19286e-05 0.0142639 0.0213036 0.00109432 0.0392748 -0.000425011 0.000137727 -0.0106558 0.0365191 0.0458743 -0.00238378 0.00347382 0.028237 0.0100728 -0.0114803 -0.0238571 0.0388423 0.0684496 -0.035419 -0.00611446 0.0648369 -0.000641906 -0.0143196 0.0143121 -0.0246931 -0.0109117 -6.94034e-05 0.00335015 0.00758706 0.0150172
internal_weight=1441.27 32.6821 29.3329 13.8067 15.5262 1408.59 1335.15 73.4393 28.0114 25.2247 60.5223 54.607 20.5603 16.8316 34.0467 27.9942 11.5225 15.9742 23.5144 8.0894 8.22226 1307.14 52.5145 13.9663 38.5482 23.3861 1254.63 513.387 367.389 179.782
internal_count=8545 151 132 63 69 8394 7925 469 137 121 366 328 124 101 204 171 64 76 148 44 44 7788 404 88 316 176 7384 2977 2130 1008
is_linear=0
shrinkage=0.05


Tree=68
num_leaves=31
num_cat=0
split_feature=23 14 3 3 19 13 15 27 6 3 15 16 22 23 1 7 16 16 7 18 2 7 2 16 0 16 16 21 4 15
split_gain=2.74133 2.74496 7.2886 7.36779 6.55393 6.60793 13.1474 9.93603 8.06511 6.82012 6.55321 8.10198 7.57388 7.19994 7.17992 6.42014 6.28077 12.1872 10.6808 9.36506 8.10036 10.906 11.0571 8.24846 6.19952 6.19844 9.01806 13.9197 13.8553 11.1446
threshold=323.50000000000006 34986.121848418625 -2.6353875944485821 -1.8498355304131033 -0.87500000000000477 0.94223210960366199 1.0538817149886406 0.0018426824143894518 -0.81401704904841454 1.3539517536832928 0.3146672467459023 -0.33214326219400903 -10.499999999999998 -19.499999999999996 1.3476814456972643 0.87051918773295889 -0.33294629240445278 -0.28388625803493511 -1.3933264359570867 -0.32341394456138217 -1.1323694275826097 -0.62943364481836273 1.0015488727458493 -0.22941573388403858 -0.23655316532979534 -0.37969327250640134 -0.36453055437118387 2.4407713696130209 0.050311445483626434 0.62310236768067861
decision_type=2 2 2 2 2 2 2 2 2 2 2 2 2 2 2 2 2 2 2 2 2 2 2 2 2 2 2 2 2 2
left_child=1 2 -1 -4 -5 9 7 -7 -9 16 11 12 13 -3 -13 -14 25 -18 -19 20 -20 23 -23 -22 -21 -6 27 -27 -28 -30
right_child=-2 10 3 4 5 6 -8 8 -10 -11 -12 14 15 -15 -16 -17 17 18 19 24 21 22 -24 -25 -26 26 28 -29 29 -31
leaf_value=0.0542982428051123 -0.037303224306862476 -0.00099184877550924258 -0.029498545446162656 -0.04136319684779001 -0.00051656791080003706 -0.0061892418483422348 0.069698790346381753 0.10160665666248624 0.019032942234333602 -0.024634753564488892 -4.6048371928772963e-06 0.026159476075593654 -0.04131740799290945 0.070714214209586554 -0.030407636462433649 0.015915332590998185 -0.029015219103514331 -0.035627307420674194 0.065568944010004321 -0.024992222687549543 0.10626911409141315 -0.024139258537414925 0.04274050357671394 0.013674789704489744 0.0087395103915533495 -0.0024001026105699898 -0.038356330087270532 0.11037077173019059 0.011234678212623417 0.10796908093293729
leaf_weight=5.4389574676752082 4.9322253316640845 12.207749500870706 26.495427630841732 10.464482892304657 83.649021483957767 52.240942344069481 8.7132266908884031 3.8551169037818935 12.694655925035475 36.952609986066818 870.6536539234221 72.900087621062994 16.387105576694015 4.9082032814621916 6.0772301852703086 6.9901530966162673 49.070452131330967 17.37814836204052 9.0795838758349401 25.960031848400828 4.7090619057416916 19.215343117713932 9.1100339815020543 4.9160284996032697 28.658778026700023 4.817661985754965 9.891703814268114 6.334074392914772 10.762039393186567 4.1162316650152198
leaf_count=32 32 65 183 121 446 306 42 22 69 221 5179 401 91 24 39 37 331 106 51 159 23 119 51 28 169 26 62 30 60 20
internal_value=-9.11615e-05 3.67711e-05 -0.00322732 -0.00393989 -0.00229858 -0.001282 0.0118354 0.00450628 0.0382677 -0.00441382 0.00150221 0.0124833 -0.00570097 0.0195707 0.0218067 -0.024204 -0.00181632 -0.00804739 0.00059687 0.00678985 0.0231451 0.0129953 -0.00262933 0.0589764 -0.007293 0.00694357 0.0243156 0.0616526 0.00750604 0.0379973
internal_weight=1439.58 1434.65 444.524 439.085 412.589 402.125 77.5039 68.7907 16.5498 324.621 990.124 119.471 40.4932 17.116 78.9773 23.3773 287.668 168.097 119.027 101.649 47.0301 37.9505 28.3254 9.62509 54.6188 119.571 35.9217 11.1517 24.77 14.8783
internal_count=8545 8513 2677 2645 2462 2341 439 397 91 1902 5836 657 217 89 440 128 1681 1037 706 600 272 221 170 51 328 644 198 56 142 80
is_linear=0
shrinkage=0.05


Tree=69
num_leaves=31
num_cat=0
split_feature=21 18 15 14 21 7 16 3 14 21 15 13 18 8 4 4 2 27 8 14 7 7 3 16 8 16 16 9 15 21
split_gain=2.63882 6.8025 12.1206 6.13098 5.34422 17.3486 5.19876 4.847 6.60251 6.40332 7.12869 7.4085 6.66014 5.00421 4.54206 5.43536 9.34314 9.41975 8.98143 9.33589 8.61803 17.221 8.39133 5.95948 10.155 8.39413 7.86546 5.16266 5.07623 4.61783
threshold=0.30759736282973088 -0.87334230243012445 0.6350528986626458 3594.7973915852713 0.39009910335322923 0.4190642039055168 -0.5594008043977543 1.7964666638422433 17189.811693599444 1.3272533231878458 0.65905161486529706 -0.88215197820195101 0.22240721986187939 20249.690000000282 2.3681395979515591 0.31920796247027089 0.22495012075590939 0.00031173266899742208 15861.340000000235 173548.71940285873 0.51246277449792421 -1.2607688149836851 1.5340348564292146 -0.37400114957134878 6585.2900000002919 -0.29786630166244521 -0.2294157339135828 2.1196957501757017 1.0285724770027811 -0.07168560106355136
decision_type=2 2 2 2 2 2 2 2 2 2 2 2 2 2 2 2 2 2 2 2 2 2 2 2 2 2 2 2 2 2
left_child=1 2 -1 -3 5 -2 -5 -6 -9 10 -10 -12 -11 -13 15 23 17 -17 -18 20 21 -20 -19 24 -8 -25 28 -22 -27 -23
right_child=4 3 -4 6 7 -7 14 8 9 12 11 13 -14 -15 -16 16 18 22 19 -21 27 29 -24 25 -26 26 -28 -29 -30 -31
leaf_value=-0.034032908614631464 -0.019937936384296671 -0.046362610085682709 0.088225338816921864 0.061490741980058099 -0.00028869466500642849 0.078128120905915574 0.072856498933919225 -0.036986242981280719 -0.035689283847240148 0.071313792786285829 -0.030149603145339033 0.095551343336808425 0.006492465145560922 0.014746025563718039 -0.04197343086965296 0.081469860727769045 -0.02997276408057566 -0.042388482146780773 -0.011411195455151513 -0.023388775369801718 0.020735626569520396 0.13322167162499388 0.058282727068927759 -0.058354343331356723 -0.019751429956550638 0.057322973354786581 -0.030086313826816837 -0.062636172426603409 -0.020420619480495682 0.060541894863171776
leaf_weight=3.4568531401455385 9.2902342975139636 10.069029897451399 4.9020002409815788 2.7996816113591185 1223.5701601132751 8.7646929919719678 4.5056592971086493 4.8983966931700698 6.8935286924243 10.60975653678179 3.6178128197789192 3.9790889322757703 6.3250189349055281 3.6953935027122498 8.850012466311453 6.9768912717699996 22.57535882294178 4.6119637638330442 6.2887107878923336 13.053133040666578 4.53220061212778 4.3951369673013589 3.7555099204182625 13.785576052963728 8.6304468810558301 5.5525590851902944 16.90694201365114 3.1455948576331139 3.3764715418219566 4.347125560045261
leaf_count=24 55 71 25 14 7248 47 24 30 43 52 21 19 33 22 58 36 141 28 37 88 27 22 19 93 54 35 111 21 21 26
internal_value=-9.11662e-05 -0.00621995 0.0376647 -0.00869586 0.000657293 0.0276678 -0.00594931 0.00027135 0.0173946 0.0249792 0.00437698 0.0288359 0.0471035 0.0566422 -0.00734492 -0.00492112 0.00385103 0.0385675 -0.00528039 0.0103071 0.0296757 0.0516899 0.00279502 -0.0171724 0.0120129 -0.0268484 -0.0100375 -0.0134218 0.0279246 0.0970814
internal_weight=1438.16 156.517 8.35885 148.158 1281.64 18.0549 138.089 1263.59 40.019 35.1206 18.1858 11.2923 16.9348 7.67448 135.289 126.439 73.6816 15.3444 58.3373 35.7619 22.7088 15.031 8.36747 52.7577 13.1361 39.6215 25.836 7.6778 8.92903 8.74226
internal_count=8545 975 49 926 7570 102 855 7468 220 190 105 62 85 41 841 783 445 83 362 221 133 85 47 338 78 260 167 48 56 48
is_linear=0
shrinkage=0.05


Tree=70
num_leaves=31
num_cat=0
split_feature=19 30 9 30 6 26 18 27 28 3 2 1 7 5 30 0 26 7 15 18 15 18 7 26 4 13 1 16 23 4
split_gain=2.63686 2.72776 5.30252 7.95254 6.1186 5.26504 5.31405 5.2217 7.08058 5.03384 9.64518 6.27937 5.99487 4.59651 4.58346 4.15148 3.85649 3.34249 3.68936 3.34416 6.93651 5.92701 6.12065 5.88494 7.70062 8.68608 9.03569 8.4254 12.3072 10.4697
threshold=-1.9999999999999933 3.0612275309324262 0.071492087243622549 3.356870252247619 0.64241741549406506 0.00020100000000000006 0.68609020360208994 -0.0003286015094117189 3098.6250000000005 0.50176368103676572 0.51701310601230144 -0.99852254708089661 -0.78375131746161963 -157.753500000108 3.7666602078425169 0.40190657603169549 -0.00022800999999999998 -2.9472560420017757 0.79624559701820286 -0.5810364060973352 0.4472135958107023 -0.6263746055330186 -2.5257170295007598 0.00041650000000000004 -1.2323540406127187 0.86765928216689636 -1.4069342912942693 -0.33294629240445278 -89.499999999999986 0.76852877881432191
decision_type=2 2 2 2 2 2 2 2 2 2 2 2 2 2 2 2 2 2 2 2 2 2 2 2 2 2 2 2 2 2
left_child=-1 17 9 4 16 6 7 14 13 11 -11 -3 -13 -9 -5 -7 -4 18 -2 20 23 22 -22 24 -19 26 -26 28 -28 -30
right_child=1 2 3 5 -6 15 -8 8 -10 10 -12 12 -14 -15 -16 -17 -18 19 -20 -21 21 -23 -24 -25 25 -27 27 -29 29 -31
leaf_value=-0.042644869963725907 -0.059538346064880392 0.04987067116787039 0.033886303813464878 0.01950112786710629 0.063677921520516198 -0.011789935653615377 -0.062209125245698139 -0.050128365494234689 0.071835888964878594 0.011047618677788824 0.085857013896070034 0.026939000989283354 -0.027967224639752149 0.016784972129397606 -0.046072658732477088 -0.066897023830608179 -0.01943746132947146 -0.022613405239569118 0.014129355957017552 0.0010099360446949612 0.067624681860847982 -0.030782689333968757 -0.0076291304382176198 -0.020381374312751437 0.081218453326075871 0.051655817854567125 -0.052751315889922004 -0.013117045541837439 0.077130877381310872 -0.014959705545604364
leaf_weight=3.6311918199062339 4.8881729841232291 6.5673373639583614 6.3959662914276132 4.1510932371020264 6.8067214712500563 7.0517090260982496 3.3201086297631255 3.2353324443101856 4.8981681093573561 10.629386194050314 7.2456359565258017 8.232739999890331 12.549385875463482 12.415109694004066 7.4429797157645226 6.6317851319909096 7.2163026258349428 13.581792142242191 2.6054411269724369 987.27905599027872 2.7403275221586219 29.037556074559689 193.03644596040249 17.229314599186182 4.0014234706759444 15.400111138820646 3.6340982019901302 30.390789024531848 10.445677585899821 4.3806826770305625
leaf_count=40 38 33 35 23 32 38 22 20 24 55 34 37 72 70 45 38 41 84 19 5863 16 183 1197 103 21 79 21 187 52 23
internal_value=-9.09339e-05 1.68637e-05 0.00740945 -0.00125518 0.0249722 -0.012152 -0.00198626 0.00423433 0.0193721 0.0207376 0.0413716 0.00725162 -0.00621639 0.00295233 -0.0225949 -0.0384979 0.00561766 -0.000626667 -0.033925 -0.000436359 -0.0048451 -0.00970241 -0.00657579 0.006178 0.0117698 0.0186118 0.00898345 0.00306665 0.0297093 0.0499213
internal_weight=1437.07 1433.44 114.79 69.5653 20.419 49.1463 35.4628 32.1427 20.5486 45.2245 17.875 27.3495 20.7821 15.6504 11.5941 13.6835 13.6123 1318.65 7.49361 1311.16 323.878 224.814 195.777 99.0639 81.8346 68.2528 52.8527 48.8512 18.4605 14.8264
internal_count=8545 8505 619 388 108 280 204 182 114 231 89 142 109 90 68 76 76 7886 57 7829 1966 1396 1213 570 467 383 304 283 96 75
is_linear=0
shrinkage=0.05


Tree=71
num_leaves=31
num_cat=0
split_feature=13 8 27 9 18 21 21 14 1 22 22 18 8 0 4 9 6 21 6 13 6 15 3 8 3 21 8 9 6 21
split_gain=2.62034 9.28206 7.5135 5.64266 4.55892 4.69803 4.41137 4.11961 4.75406 3.85094 4.20243 3.77404 3.4701 7.08347 6.28275 5.70436 5.5531 7.01748 4.46479 3.97064 6.74425 11.1204 11.2462 9.61614 10.0423 14.4339 9.02061 9.64235 9.0885 15.2811
threshold=-2.2638317187226753 4176.3200000002626 -0.010831272170791105 0.86700441908787818 -0.4892080892793586 2.8171424678196466 1.3617735269888265 420065.61078531732 -1.2822855224715319 23.500000000000004 48.500000000000007 -1.0000000180025095e-35 449094.49000000028 0.36096561289084445 0.10560053686516067 11.845122127880659 -1.7682888110252917 1.1703129241071095 -2.7498783790343677 0.88059326256436654 -1.9400480169214882 0.74418346315561701 0.38764827749640446 14502.125000000206 1.4808519074033446 0.59753723125945613 22328.320000000243 0.26301925829022343 -1.4842563774413382 2.5053351531253187
decision_type=2 2 2 2 2 2 2 2 2 2 2 2 2 2 2 2 2 2 2 2 2 2 2 2 2 2 2 2 2 2
left_child=1 -1 -3 4 -4 6 -6 12 -9 -10 -11 -5 15 16 -15 18 -14 -18 -2 -20 21 22 -21 24 -22 -26 27 -25 29 -28
right_child=7 2 3 11 5 -7 -8 8 9 10 -12 -13 13 14 -16 -17 17 -19 19 20 23 -23 -24 26 25 -27 28 -29 -30 -31
leaf_value=0.049632772628684145 -0.045669527559829719 0.053169601105143439 0.059983724255901788 -0.056309255425439846 -0.023188370236327877 -0.047250647652231442 0.054309044613284813 0.037257697404521763 -0.033418949725819491 0.054346623028836298 -0.024561574491062329 -0.0028230303739563223 0.056208825975239622 -0.048341281287938222 0.028386597621050266 -0.027449759413136411 0.0585193071361131 -0.01909196326243557 -0.0016186038075586551 0.023399789587647015 -0.0087348507675997934 -0.061671549331333599 -0.055328985799540722 -0.0016106809839458915 -0.0094938549145969255 0.090797434327976642 -0.002841533212776443 0.060269988659320178 0.0048192305020018289 0.078918490174706146
leaf_weight=11.918331101536749 5.3432719036936751 5.2873406633734694 3.4420200213789931 8.2263774424791301 3.4037375673651713 4.2709717974066734 3.9874882698059082 3.5430432930588713 23.863591343164448 2.9349598884582511 3.969238355755806 5.5052378475666055 11.304205387830732 6.6558572053909284 4.452938124537468 19.288736689835787 4.4844410866498974 8.309097617864607 926.03204745799303 16.639321170747284 117.67686370760202 9.8210014849901182 6.2360712066292754 9.4508800283074397 8.0237891376018506 6.4887786954641333 11.272466368973257 18.853779405355453 153.477863073349 11.591862633824347
leaf_count=61 73 28 19 58 21 26 20 20 170 19 29 37 63 46 26 134 21 53 5521 95 670 68 43 52 48 30 69 103 863 59
internal_value=-8.95411e-05 0.0116458 -0.00162202 -0.0116686 0.00942045 -0.00550296 0.0186207 -0.000478336 -0.0175885 -0.0239043 0.00898213 -0.0348657 -4.52076e-05 0.015447 -0.0175851 -0.000458349 0.0306745 0.00811264 -5.81439e-05 0.00012997 0.00451182 -0.0171687 0.0019375 0.00661633 -0.00389518 0.0353478 0.0134061 0.0396081 0.00920044 0.0386095
internal_weight=1435.76 46.0415 34.1232 28.8358 15.1042 11.6622 7.39123 1389.71 34.3108 30.7678 6.9042 13.7316 1355.4 35.2065 11.1088 1320.2 24.0977 12.7935 1300.91 1295.56 369.533 32.6964 22.8754 336.836 132.189 14.5126 204.647 28.3047 176.342 22.8643
internal_count=8545 270 209 181 86 67 41 8275 238 218 48 95 8037 209 72 7828 137 74 7694 7621 2100 206 138 1894 748 78 1146 155 991 128
is_linear=0
shrinkage=0.05


Tree=72
num_leaves=31
num_cat=0
split_feature=19 20 19 4 0 23 26 29 15 0 1 30 9 0 0 18 30 15 2 13 7 16 19 7 23 3 5 10 23 27
split_gain=2.56108 5.15968 5.46878 5.51194 4.9041 7.20954 7.78428 5.8877 6.36193 8.75823 5.95467 6.05444 8.75758 4.96458 4.39231 5.0592 5.05743 5.48305 9.51951 5.3135 5.49775 9.04919 5.14432 6.08837 4.86805 6.2914 4.59327 4.5805 4.54213 3.99511
threshold=-0.29787234042552524 -9.2499999999981117 -0.3265333877329018 -1.318792782414556 0.15823854689278813 -82.499999999999986 0.00064050000000000012 -19013.264999999996 0.71550441043444601 1.3347598672895506 1.1739278816600771 1.4605725832146466 0.053158796969242784 0.89041078013931207 -0.5568629441246743 -0.90019090130564416 0.31352912197970034 0.49699791926710957 -0.97038259375999691 -0.1767069422853961 0.63849499471107607 -0.22941573400634058 -0.45161290322580283 -0.92974821501957516 24.500000000000004 -0.16757352935265599 44.350499999942265 25.982000758549017 -47.499999999999993 0.014843267229647019
decision_type=2 2 2 2 2 2 2 2 2 2 2 2 2 2 2 2 2 2 2 2 2 2 2 2 2 2 2 2 2 2
left_child=1 -1 4 -4 14 -6 7 13 10 -10 11 -9 -13 -7 15 -3 17 18 -17 -18 22 -22 23 -21 25 -16 -20 -27 -19 -2
right_child=29 2 3 -5 5 6 -8 8 9 -11 -12 12 -14 -15 24 16 19 28 26 20 21 -23 -24 -25 -26 27 -28 -29 -30 -31
leaf_value=0.050115475180860493 0.0011900782314312661 -0.051670935230467521 0.018244514342550474 -0.053400304254156108 -0.034542436811557158 0.095918373775826626 0.091144662266330861 0.010053579256621254 -0.041609108633417297 0.052272801807155281 -0.032306223067910853 0.12476295656261016 0.014105903857535095 0.0056700647635676941 -0.038987805504763065 0.080112144526735318 -0.011265661485236438 0.017050971459336223 -0.045648485669401724 0.027407662158494678 0.016789013728278502 0.12358633513246116 0.066008851234285335 -0.050045023851527148 -0.059927617190835475 0.058883787234012636 0.028617833155288836 -0.020077373673572898 -0.039522761429733461 -0.016088521720318282
leaf_weight=4.0570517331361762 1218.2529232427478 5.3746694810688487 3.5365551784634581 11.143580161035059 8.8372737169265729 3.3656045645475379 3.1015833541750899 14.051789723336702 12.368884764611719 3.1085785403847686 4.8439126014709464 3.3966135159134856 3.7753636389970779 2.7846989706158638 10.273393891751768 3.6416142769157878 14.749577321112154 4.3623199909925416 5.2462151795625669 5.3723404370248291 4.9331345930695534 3.3172786086797696 2.9303045570850399 4.8080555237829694 8.4099472388625127 3.8851455897092846 3.4518813788890839 3.4833561182022095 19.003397129476078 34.398891374468803
leaf_count=23 7023 42 21 77 65 21 18 99 97 18 35 21 24 19 77 22 111 32 35 38 33 18 16 38 68 25 22 25 158 224
internal_value=-8.89077e-05 -0.00563781 -0.00691173 -0.0361405 -0.00427734 0.00713833 0.0143896 0.00939832 0.00263917 -0.0227534 0.0177158 0.0291323 0.0665125 0.0550563 -0.0108712 -0.00487984 -0.00137803 -0.0147217 0.0122402 0.0118159 0.0277534 0.0597295 0.00763118 -0.00917213 -0.0286233 -0.0137004 -0.0161755 0.021556 -0.0289606 0.000715593
internal_weight=1434.27 181.614 177.557 14.6801 162.877 59.6343 50.797 47.6954 41.5451 15.4775 26.0677 21.2238 7.17198 6.1503 103.243 77.1908 71.8161 35.7054 12.3397 36.1107 21.3611 8.25041 13.1107 10.1804 26.0518 17.6419 8.6981 7.3685 23.3657 1252.65
internal_count=8545 1298 1275 98 1177 417 352 334 294 115 179 144 45 40 760 565 523 269 79 254 143 51 92 76 195 127 57 50 190 7247
is_linear=0
shrinkage=0.05


Tree=73
num_leaves=31
num_cat=0
split_feature=23 14 19 3 3 21 15 15 16 16 21 13 8 3 16 9 22 6 0 0 23 10 4 15 6 23 8 9 2 19
split_gain=2.51839 2.56385 6.69717 6.37631 6.50378 6.00077 5.77547 8.18348 8.07961 10.7875 7.89141 6.78201 6.4288 6.03678 6.02618 6.593 5.94958 5.81405 5.57298 5.49159 5.72989 5.45489 5.45954 5.26168 7.25235 6.98984 7.30511 7.97216 6.80233 6.3543
threshold=298.50000000000006 34986.121848418625 -0.87500000000000477 -2.6353875944485821 -1.8498355304131033 3.9261386159982865 0.27277252783171552 6.2776978630863843e-05 -0.26226273558906188 -0.21254754450053329 1.8617417645254777 0.98705171537144742 39719.495000000235 1.2764255880249229 -0.32961840315543867 1.0216117976433547 152.50000000000003 -0.3800655196614553 -0.52256570936453894 1.4700247113997598 -25.499999999999996 50021524.326084942 0.56021424751476967 0.72295689300757771 -2.0513366767851573 71.500000000000014 13767.715000000249 0.095272894465848509 -0.036676160287104513 0.82352941176469951
decision_type=2 2 2 2 2 2 2 2 2 2 2 2 2 2 2 2 2 2 2 2 2 2 2 2 2 2 2 2 2 2
left_child=1 2 -1 -4 5 -5 7 14 10 13 11 -9 21 -10 -3 -16 -8 -18 -11 23 -21 -12 -23 29 -25 -26 27 28 -27 -6
right_child=-2 6 3 4 19 -7 16 8 9 18 12 -13 -14 -15 15 -17 17 -19 -20 20 -22 22 -24 24 25 26 -28 -29 -30 -31
leaf_value=-0.04173658303512684 -0.030959535482382974 -0.0512146424315865 0.051392330277550392 -0.044971400879775747 -0.0074865972692795355 0.0067882542022719306 -0.0002264396539744986 -0.054231472714950039 0.081669209574541116 0.046986149602083749 0.061139366796809418 0.024454554189887064 -0.021473643509071161 0.01346917271864783 0.017395074341985735 -0.057900055785523402 -0.020004044110151414 0.060355668517947214 -0.028753392608513735 0.080652611104849892 -0.004689814309181202 -0.021422260618755701 0.050656158262858943 -0.061077506522512419 0.0030502897670737607 -0.0068887713464823759 0.078357833400296437 -0.051993083323899729 0.06907836424014939 0.025115756860808688
leaf_weight=10.947339724749325 6.5760670676827422 6.7433584704995182 5.4927423000335684 16.619995161890987 268.16351052746177 8.445041209459303 881.43948357924819 7.6761443689465505 13.966892272233968 4.0394897609949112 10.587750703096393 4.2571752071380615 6.3907375298440448 4.2266161963343611 15.90546326339245 3.5575737804174414 3.1763775050640106 7.7245460003614408 6.0909183546900731 4.132602334022522 3.7528211176395407 5.9395112544298172 4.7108406499028206 3.738620836287736 81.375024534761906 5.346114918589592 6.699537679553031 3.3826767504215232 6.5658550858497637 15.827591829001902
leaf_count=133 43 44 31 110 1612 62 5246 46 67 20 50 22 34 21 95 32 21 44 33 20 20 33 22 27 458 31 36 20 33 79
internal_value=-8.86195e-05 5.36512e-05 -0.00311797 -0.00213374 -0.00282706 -0.0275323 0.00146993 0.0132519 0.0224136 0.0427999 0.00781833 -0.0261605 0.0224943 0.0658254 -0.0104809 0.00363217 0.000227589 0.03694 0.00144767 -0.00127503 0.0400365 0.0357246 0.0104593 -0.00210796 0.00733548 0.00980982 0.034819 0.0157476 0.0349842 -0.00566958
internal_weight=1433.5 1426.92 440.489 429.542 424.049 25.065 986.433 94.0925 67.8861 28.3239 39.5622 11.9333 27.6288 18.1935 26.2064 19.463 892.34 10.9009 10.1304 398.984 7.88542 21.2381 10.6504 391.099 107.108 103.369 21.9942 15.2946 11.912 283.991
internal_count=8545 8502 2672 2539 2508 172 5830 519 348 141 207 68 139 88 171 127 5311 65 53 2336 40 105 55 2296 605 578 120 84 64 1691
is_linear=0
shrinkage=0.05


Tree=74
num_leaves=31
num_cat=0
split_feature=22 18 16 2 30 6 15 7 15 7 27 10 30 16 22 6 7 21 7 13 4 5 2 23 13 27 9 3 3 0
split_gain=2.4757 6.065 5.11207 4.66938 6.03524 6.45853 5.46882 6.2799 6.84082 8.72295 8.84002 6.78991 6.50389 8.0994 6.80381 6.04468 11.9197 12.264 7.49174 8.22244 11.1566 7.84137 7.02064 6.58898 6.41211 7.9319 8.44806 6.32984 5.17308 7.77262
threshold=4.5000000000000009 3.2448858093403019 -0.22941573397651835 1.9499272265337395 -0.13088466752418179 0.17296969030878143 0.71443451104266853 -2.2240361858540347 0.60246407638874289 -1.6139154358014538 0.0027113853671556503 42.073703050216047 2.0826091029643408 -0.22941573388590128 19.500000000000004 -2.0340530462289936 0.020378199633812367 2.5214391920249262 0.39726026553913557 0.75072867785320041 -0.96743271177554024 -880.07150000031095 0.20370854451922063 71.500000000000014 1.0000000180025095e-35 -0.0064880861214389176 0.32722002011693269 1.3133742254162966 -1.6285896984541055 -1.0872325162847527
decision_type=2 2 2 2 2 2 2 2 2 2 2 2 2 2 2 2 2 2 2 2 2 2 2 2 2 2 2 2 2 2
left_child=-1 3 -3 6 5 -5 7 -2 9 10 11 -9 -10 14 -14 16 -11 -18 19 21 -21 -17 -19 -22 25 -20 -27 28 29 -23
right_child=1 2 -4 4 -6 -7 -8 8 12 15 -12 -13 13 -15 -16 18 17 22 24 20 23 27 -24 -25 -26 26 -28 -29 -30 -31
leaf_value=0.0017405201444191773 -0.034094520692354954 0.0076374588126855844 0.082213369906595057 0.025287783713829476 -0.044976665895014589 -0.045097088761256468 0.0044666820479467781 -0.025274531108903459 -0.025578273773817113 -0.028514795898458872 0.069455665526888685 0.040712885189229733 0.035292097968144663 0.068530781322283005 -0.047503427065388744 0.06268041532720274 0.097927073376644302 -0.060576339435023829 0.061141222854463911 -0.032226118555770629 0.049613851185042607 0.062775466485699788 0.051840874320439802 1.6013661915504637e-05 -0.029921730329627971 0.012760697708182884 -0.030670107771052231 -0.048546077549961264 -0.0084120149487781678 -0.025205599983325694
leaf_weight=807.63147274777293 18.465538032352924 5.8552827835083008 3.7823599725961667 9.2763508632779139 14.815767601132391 5.0246239304542533 205.81952968612313 8.2631912156939524 57.361233957111835 7.032502286136153 8.3963938280940038 7.3801018111407748 4.28335442394018 4.3972497880458823 5.8978443555533886 4.0628381296992293 6.8215171918272954 2.6697621531784534 4.2741722539067259 7.8542324230074874 21.81139707565308 6.4643903635442257 2.894675225019455 9.6628356426954252 45.946934059262276 21.235836789011955 23.685724444687366 8.8677901774644834 88.036633089184761 4.104042671620844
leaf_count=4793 121 35 19 52 92 33 1234 51 363 50 42 41 25 24 37 22 39 22 22 47 110 39 19 52 282 118 155 54 523 29
internal_value=-8.74816e-05 -0.00245175 0.0369053 -0.0030687 -0.0226118 0.000558175 -0.00209715 -0.00565353 -0.00420037 -0.000771011 0.02807 0.00585663 -0.0179992 0.0118221 -0.0126703 -0.00338316 0.0234735 0.0529914 -0.00550307 0.00142611 0.0210837 -0.00550533 -0.0020958 0.0343869 -0.0164904 -0.0039461 -0.010139 -0.00808299 -0.00444404 0.0286098
internal_weight=1432.08 624.444 9.63764 614.806 29.1167 14.301 585.69 379.87 361.405 289.465 24.0397 15.6433 71.9397 14.5784 10.1812 265.425 19.4185 12.386 246.007 150.864 39.3285 111.536 5.56444 31.4742 95.1427 49.1957 44.9216 107.473 98.6051 10.5684
internal_count=8545 3752 54 3698 177 85 3521 2287 2166 1717 134 92 449 86 62 1583 130 80 1453 876 209 667 41 162 577 295 273 645 591 68
is_linear=0
shrinkage=0.05


Tree=75
num_leaves=31
num_cat=0
split_feature=19 5 7 1 4 3 0 2 16 7 21 18 13 16 18 21 5 2 18 18 7 18 27 3 4 6 9 2 21 7
split_gain=2.45017 2.51697 5.16742 5.24325 6.10829 5.80213 5.14702 4.47824 8.76811 10.7133 8.75478 7.20265 7.05078 8.45044 6.7343 6.17079 7.58138 5.79369 7.74437 7.02989 6.96492 6.79115 11.5945 11.4083 13.1297 13.9057 21.1505 15.7685 10.841 14.9014
threshold=2.3333333333333424 882.49749999982316 0.82062797665819287 0.76769058289317771 2.5934785283267234 0.10164435749426888 -0.9271715627958238 1.1288942490641194 -0.33094300142359179 -0.16706041123093832 0.03121506834853072 2.9918083592798212 2.1290381074019566 -0.55038425397589685 -0.24580954463664054 0.69123825891147483 256.8710000000429 1.0198685362321305 -0.30211777991366379 -0.018284186049216201 0.49279045657597859 0.22240721986187939 -0.0064880861214389176 0.82746319871182494 0.47124059845073979 0.75855488816204752 0.55190860074010384 -0.9848971342695948 2.4986228799043109 1.0604172044751843
decision_type=2 2 2 2 2 2 2 2 2 2 2 2 2 2 2 2 2 2 2 2 2 2 2 2 2 2 2 2 2 2
left_child=1 7 3 -3 6 -6 -5 17 9 10 -9 -10 13 -12 -11 -16 -17 19 20 -1 -19 23 -23 24 25 26 -21 -28 -29 -30
right_child=-2 2 -4 4 5 -7 -8 8 11 14 12 -13 -14 -15 15 16 -18 18 -20 21 -22 22 -24 -25 -26 -27 27 28 29 -31
leaf_value=-0.0034386371632806087 0.041435371344452132 -0.021693416891715098 -0.012650506234023471 -0.0082356431661730622 -0.05405897573909401 0.015130601511025474 0.045385809068102252 0.057242924571432333 -0.017236481155309125 0.03275162802842748 0.04610977805130731 0.045912760281537832 0.046428902002995279 -0.035724551702096187 0.037570755116572228 -0.046421254869223494 0.014651913041038779 0.057933467629926953 -0.0033936969937080515 0.047362347615607175 0.00081072321145183885 0.032321584113959974 -0.0043595892549396029 0.037420400346656155 -0.022681833872851265 -0.016094086589974636 -0.032325529840547464 0.071019842226037716 -0.029696142737486581 0.072011823150311224
leaf_weight=632.05248042196035 3.5439469367265692 7.6601750254631034 20.640851698815823 5.4274636059999493 4.007419683039191 12.42336595803499 25.508601281791925 3.857842542231082 133.65764024853706 33.310762822628021 3.4831842333078376 4.6732802242040625 3.4814405962824813 33.443739794194698 7.7185381650924709 9.8566262647509593 10.488796994090078 15.339368492364885 21.621385052800179 45.460650868713856 8.1829636804759485 23.914973363280296 217.20024520531297 35.634717889130116 31.641925454139709 30.029068037867546 21.263609729707241 8.7683533132076281 11.428697030991318 5.258200414478778
leaf_count=3841 16 47 129 31 25 67 128 22 854 175 17 25 17 198 42 59 56 84 127 249 49 147 1288 192 183 185 140 47 75 30
internal_value=-8.73993e-05 -0.000190489 0.00868365 0.0166862 0.0228929 -0.00174453 0.0359784 -0.000687237 -0.00681967 0.00402701 -0.0147218 -0.0151031 -0.0215924 -0.0280054 0.0175495 -0.000494752 -0.0149358 0.000663319 0.0182068 -8.19627e-05 0.0380616 0.0048451 -0.000721373 0.0119283 0.00602383 0.0134562 0.0230828 -0.00054295 0.0260061 0.00235301
internal_weight=1430.98 1427.44 75.6679 55.027 47.3669 16.4308 30.9361 1351.77 243.972 105.641 44.2662 138.331 40.4084 36.9269 61.3747 28.064 20.3454 1107.8 45.1437 1062.65 23.5223 430.6 241.115 189.485 153.851 122.209 92.1795 46.7189 25.4553 16.6869
internal_count=8545 8529 427 298 251 92 159 8102 1465 586 254 879 232 215 332 157 115 6637 260 6377 133 2536 1435 1101 909 726 541 292 152 105
is_linear=0
shrinkage=0.05


Tree=76
num_leaves=31
num_cat=0
split_feature=21 18 15 14 18 7 14 6 7 7 16 27 5 4 29 21 7 29 2 4 2 22 22 7 22 3 14 7 13 14
split_gain=2.48725 6.25325 10.3204 5.61208 4.75517 7.98455 7.02023 6.83254 9.24811 8.50733 6.23721 6.28548 6.10416 5.77946 4.97059 4.72532 14.6699 4.45014 5.36194 6.18 7.3224 4.86345 8.08133 4.01363 4.11772 3.83199 5.83449 5.28723 5.92416 7.00183
threshold=0.30759736282973088 -0.87334230243012445 0.6350528986626458 3594.7973915852713 -1.0000000180025095e-35 0.4363999448853883 197286.61652308216 0.67080400133575069 -0.38614828584805722 -0.9420784395708407 -0.40364224942791677 0.0022345111814624512 36.341000000014908 1.1408657865174952 29593.860000000004 0.39009910335322923 0.4190642039055168 -29314.544999999998 0.89629490689030966 0.31920796247027089 0.29196339703271246 27.500000000000004 2.5000000000000004 2.1168271531590968 5.5000000000000009 1.7964666638422433 17189.811693599444 -1.4784840336721328 -0.88215197820195101 62311.057413847964
decision_type=2 2 2 2 2 2 2 2 2 2 2 2 2 2 2 2 2 2 2 2 2 2 2 2 2 2 2 2 2 2
left_child=1 2 -1 -3 5 6 7 8 -5 13 11 -6 -11 -9 23 16 -2 -12 19 21 -21 22 -19 -7 -25 -17 -27 -28 -29 -30
right_child=15 3 -4 4 10 14 -8 9 -10 12 17 -13 -14 -15 -16 25 -18 18 -20 20 -22 -23 -24 24 -26 26 27 28 29 -31
leaf_value=-0.032366887407805085 -0.018740876651518707 -0.045221712776965343 0.080918530496160282 -0.039340441839327722 -0.00060232853063965511 -0.048170123575927731 -0.046537422226123337 0.090360254101125734 0.035843686812263263 -0.063291674774042517 0.0416861340904418 0.071785354718097522 0.032515591600566392 0.016484372765091012 0.029178553740411957 -0.00022662783372815452 0.07124703025874754 -0.027717923211338466 -0.032644212269035043 0.069268803766496231 -0.0066287308952609272 -0.061592246587070756 0.064325831661053004 0.023020509124364763 -0.049141638618391367 -0.036252123568081392 0.066005476527005044 -0.020020982553753591 0.063849135260595422 0.0043014785575082714
leaf_weight=3.336275536566971 9.1105986200273055 9.7012189626693708 5.0589509829878807 11.409813452512022 5.7906167954206449 23.564254421740774 6.658545456826686 6.2297074869275111 6.3757164999842688 3.1554216593503943 4.918072208762168 6.2199760898947716 3.5139619708061218 4.6039316579699516 3.0424765124917021 1216.5038559399545 9.0058868154883367 7.7398323789238948 15.02217100560665 6.1679198220372182 6.5554149150848389 4.363981530070304 3.4466376602649689 4.6916351020336133 3.4164141565561295 4.7914977371692649 5.8401788324117652 8.9421403110027331 8.3850468844175357 12.003188967704771
leaf_count=24 55 71 25 72 30 162 48 30 38 20 29 33 20 27 19 7248 47 50 101 31 39 31 21 31 23 30 28 52 43 67
internal_value=-8.7852e-05 -0.00606879 0.0358987 -0.00847232 -0.00586787 -0.0141277 0.000551839 0.00943704 -0.0123886 0.031615 0.00464631 0.0368854 -0.0128128 0.0589655 -0.0318655 0.000639401 0.025993 -0.00338476 -0.00850445 0.00432127 0.0301643 -0.0168234 0.000641467 -0.0377294 -0.00738579 0.000273837 0.0155087 0.0225604 0.0139098 0.0287916
internal_weight=1429.57 154.983 8.39523 146.588 136.887 76.6619 41.9471 35.2886 17.7855 17.503 60.2246 12.0106 6.66938 10.8336 34.7148 1274.58 18.1165 48.214 43.296 28.2738 12.7233 15.5505 11.1865 31.6723 8.10805 1256.47 39.9621 35.1706 29.3304 20.3882
internal_count=8545 975 49 926 855 490 255 207 110 97 365 63 40 57 235 7570 102 302 273 172 70 102 71 216 54 7468 220 190 162 110
is_linear=0
shrinkage=0.05


Tree=77
num_leaves=31
num_cat=0
split_feature=19 13 8 27 21 9 18 7 7 4 14 1 6 27 19 6 3 30 23 23 0 8 9 6 9 10 7 13 2 23
split_gain=2.4255 2.41343 7.74139 7.40169 5.05354 5.78562 4.27413 4.16651 4.7205 3.75273 3.6959 4.27978 3.63302 3.98267 3.26684 3.26308 3.12998 6.29219 7.8763 4.11166 3.29586 3.27794 6.66404 8.16088 4.55354 4.28196 3.90381 5.28073 3.6097 3.57018
threshold=-1.9999999999999933 -2.2638317187226753 12681.255000000279 -0.010831272170791105 2.7681513519238243 0.86700441908787818 -1.0000000180025095e-35 0.66031284638725907 -1.5436072052045271 -0.50380218193598503 420065.61078531732 -1.2822855224715319 -1.6153428090670485 0.023172498621452212 0.37297845373890165 -2.8632414695043975 2.2963053421882229 -0.68575503438279817 45.500000000000007 -2.4999999999999996 1.4952913084926827 449094.49000000028 5.4488158019953552 -1.7682888110252917 11.845122127880659 10.795038143571404 -0.23006040524253249 -0.85129105271842753 -2.6911384308870399 298.50000000000006
decision_type=2 2 2 2 2 2 2 2 2 2 2 2 2 2 2 2 2 2 2 2 2 2 2 2 2 2 2 2 2 2
left_child=-1 2 7 -4 5 9 -7 8 -2 -5 15 -12 -13 14 -14 -3 20 18 19 -18 21 24 -23 -24 28 -25 -26 -28 -17 -30
right_child=1 10 3 4 -6 6 -8 -9 -10 -11 11 12 13 -15 -16 16 17 -19 -20 -21 -22 22 23 25 26 -27 27 -29 29 -31
leaf_value=-0.041884981920018161 0.060604491661314874 -0.037485548670051251 0.049559747373098734 0.062173105421561431 -0.050317782572626008 -0.053646806943321558 0.016061841443861594 0.081330271565806508 -0.0045271905356364193 -0.006710300666951355 0.034880826554400356 0.021135505494037712 -0.050984823424691607 0.009018909188493034 -0.0050180317874172625 -0.043306742350525229 0.003345653572283302 -0.04179726522861358 -0.054749494484335415 0.071574117710399093 0.044464663729870874 0.052216641807729197 0.039290420599393389 0.013804718602765954 -0.049789465549514932 -0.041914895400216146 0.044401726258095055 -0.032146383533890897 0.00070170622272221986 -0.039458904511486807
leaf_weight=3.4624176770448676 4.922762766480445 5.765326101332902 5.37563078850508 4.3332910239696503 7.2329117730259886 5.8059274256229445 3.5395004898309645 4.3586577773094168 6.3968416452407828 3.6365506052970948 3.5900763422250739 4.0567298755049732 15.611520998179918 5.2840083092451087 5.137184649705886 4.7150503918528548 5.089163899421691 12.834825135767458 3.5796793326735488 3.9005361720919636 4.2581789940595618 9.1587314307689649 9.0809913501143438 5.5209276713430908 8.4257161468267459 9.1831943392753583 3.6291505396366119 5.9416937679052335 1249.0698751807213 5.5585018098354331
leaf_count=40 23 86 28 22 51 42 23 22 36 21 20 29 119 35 35 29 30 85 24 21 22 46 47 31 59 61 23 39 7359 37
internal_value=-8.71562e-05 1.44033e-05 0.0113314 -0.00358029 -0.015217 -0.000554814 -0.0272453 0.0397922 0.0237978 0.0307424 -0.000359733 -0.0167196 -0.0228762 -0.0297346 -0.0396039 4.97099e-05 0.000211211 -0.017172 0.00797322 0.0329493 0.000547152 0.000404428 0.0159768 0.0020222 2.80185e-06 -0.020994 -0.0249701 -0.00312025 0.000359675 0.000523779
internal_weight=1428.46 1424.99 45.6021 29.9238 24.5482 17.3153 9.34543 15.6783 11.3196 7.96984 1379.39 33.6795 30.0894 26.0327 20.7487 1345.71 1339.95 25.4042 12.5694 8.9897 1314.54 1310.28 32.9438 23.7851 1277.34 14.7041 17.9966 9.57084 1259.34 1254.63
internal_count=8545 8505 268 187 159 108 65 81 59 43 8237 238 218 189 154 7999 7913 160 75 51 7753 7731 185 139 7546 92 121 62 7425 7396
is_linear=0
shrinkage=0.05


Tree=78
num_leaves=31
num_cat=0
split_feature=19 5 5 13 13 6 30 23 16 22 10 22 2 6 16 16 16 3 5 19 14 23 0 18 14 16 5 5 7 26
split_gain=2.42226 4.89253 5.61251 4.96963 7.84465 6.07423 5.90494 5.71035 7.61055 6.58941 6.09709 4.72488 5.49957 4.49672 4.24486 4.87798 7.72905 5.25269 5.62201 9.34073 5.4099 5.95722 4.60105 4.19592 5.91063 4.80497 4.46518 6.09211 5.5403 6.50384
threshold=0.20664488017429392 -688.07600000011723 -565.57500000018615 2.4983351333791308 1.1057042551009906 -0.13483453671724233 0.33172786569089668 33.500000000000007 -0.30887883621091322 32.500000000000007 30.597262064466353 32.500000000000007 -1.5279175332480195 0.84620844253669203 3.526664709122159 2.0392704248865128 2.1378123897962609 -1.448123759717405 -221.11800000001674 -1.0000000180025095e-35 38239.761715254783 32.500000000000007 -1.1900280848120302 1.1039286199033929 77190.993548694081 -0.33094300142359179 -15.240499999839811 -411.90700000012288 -0.72072474163681732 0.00041650000000000004
decision_type=2 2 2 2 2 2 2 2 2 2 2 2 2 2 2 2 2 2 2 2 2 2 2 2 2 2 2 2 2 2
left_child=14 11 -3 4 23 7 13 8 10 -9 -6 12 -2 -7 15 -1 -17 22 -19 -20 -21 -22 -18 26 25 -25 27 -4 -28 -30
right_child=1 2 3 -5 5 6 -8 9 -10 -11 -12 -13 -14 -15 -16 16 17 18 19 20 21 -23 -24 24 -26 -27 28 -29 29 -31
leaf_value=-0.0012787447029231356 -0.0073161398506627678 -0.043108814365050811 0.032596802024795889 -0.048118951461696202 0.0075699818910789536 -0.016295116376755476 -0.025234143416026412 0.10902714660368658 -0.019113236242327258 0.026383857183969885 0.093078512692937015 0.077664866139726715 0.050633658027995493 0.050318248040079699 -0.018783192498112541 0.075589360797585714 0.069548036789507856 -0.035397024272488309 -0.052077771050371362 0.068207165246677956 0.047145960388652645 -0.024834417884380362 0.0023825625884705201 -0.041787418532501813 -0.053379950918881647 0.029792673478851919 0.02513201519767759 -0.011819092432582454 0.0093253589923363283 -0.024997727245686545
leaf_weight=1062.7281522117555 10.136834196746353 6.6637765467166892 8.6965025216341001 4.6034963317215434 3.9755720943212491 3.8231779113411921 9.7440837919712049 5.0834154039621335 6.7014171406626728 4.5896568447351456 4.3831065073609352 3.8141629397869101 6.8681225031614312 7.5100430324673653 33.016581024974585 4.7751149013638488 5.6586010903120041 8.9279233738780004 4.5448836013674798 5.7283642217516926 5.3922345712780935 6.1560996770858765 4.6410793513059598 3.7186553478240967 8.4491210952401143 6.3443701639771479 35.416709206998348 68.77201259881258 58.375141657888889 18.075511865317822
leaf_count=6497 57 40 48 28 20 22 52 23 38 23 21 19 34 36 216 26 32 53 31 32 29 37 33 21 53 35 183 389 318 99
internal_value=-8.56751e-05 0.00403134 0.00219727 0.00336627 0.00430064 0.02303 0.00330732 0.0398374 0.020583 0.0698148 0.0524088 0.0273701 0.0160892 0.0278467 -0.0011162 -0.000590015 0.0153826 0.00837891 -0.00197255 0.0117025 0.0284808 0.0087752 0.039283 0.000172627 -0.0225469 0.00334122 0.00239401 -0.00683303 0.00878376 0.00121022
internal_weight=1427.31 285.745 264.926 258.262 253.658 45.8105 21.0773 24.7332 15.0601 9.67307 8.35868 20.8191 17.005 11.3332 1141.57 1108.55 45.8243 41.0492 30.7495 21.8216 17.2767 11.5483 10.2997 207.848 18.5121 10.063 189.336 77.4685 111.867 76.4507
internal_count=8545 1559 1449 1409 1381 235 110 125 79 46 41 110 91 58 6986 6770 273 247 182 129 98 66 65 1146 109 56 1037 437 600 417
is_linear=0
shrinkage=0.05


Tree=79
num_leaves=31
num_cat=0
split_feature=30 27 24 21 30 6 29 0 19 19 15 27 2 2 21 16 19 0 10 10 16 9 16 13 5 14 3 6 14 28
split_gain=2.37808 3.89961 5.71265 4.68104 3.41075 6.85253 6.3258 5.76643 5.04335 4.83887 4.7104 6.3185 5.47112 9.11773 5.19146 6.57191 6.33266 5.75344 5.18153 5.39474 5.1379 4.76749 6.94256 7.34897 7.11097 4.33021 4.45968 4.25369 4.08687 3.80731
threshold=-4.8365806447974569 -0.0024361547328237139 0.76007227662611132 0.62537741343642061 -2.6033275521682433 1.7983840773230064 58199.075000000004 0.9507893603090215 -0.73684210526315841 -0.29166666666666369 1.0434983903105171 -0.0083158889325355961 1.139020068073398 -0.38569386081558638 -0.24840675926406616 -0.33094300142359179 0.23333333333333092 -1.1611205390280834 16.526540318031966 4.8220905375923548 -0.39668961471048464 1.0952656294985192 -0.22941573385562267 -0.035998320540747183 -56.891999999992542 36848.639239767821 -0.14865072001358368 -1.225811462783114 97219.498538526255 7584.6350000000011
decision_type=2 2 2 2 2 2 2 2 2 2 2 2 2 2 2 2 2 2 2 2 2 2 2 2 2 2 2 2 2 2
left_child=1 -1 3 -3 5 6 8 -7 -2 -10 14 -12 13 -13 -11 17 21 -16 19 20 -19 -17 23 24 -23 -20 -27 -18 -25 -8
right_child=4 2 -4 -5 -6 7 29 -9 9 10 11 12 -14 -15 15 16 27 18 25 -21 -22 22 -24 28 -26 26 -28 -29 -30 -31
leaf_value=-0.035265678994908532 0.06045966110568244 0.066269963045886685 -0.050444397848804369 -0.00023898256945823653 -0.00058316381681131828 -0.06139111230971396 0.079893746913123884 0.02419747850449518 -0.03229529558249452 0.06414995245327601 -0.035821819132454837 0.022062295487211964 0.0011457278441779873 0.10857932414954463 0.080289361065348466 -0.038294866620910334 -0.016871845989851347 -0.026190990534974291 0.0395577957013514 0.081689144509810518 0.049851356408882733 0.00062244570314517566 -0.05334899252860497 0.01586214864262522 0.1080900567645466 0.00085467602020198425 -0.063986098445791728 0.048427723519844236 -0.062489093992265578 0.01671963092631501
leaf_weight=12.565374102443458 4.3449425734579554 3.4586160928010967 4.2451673969626418 11.254268124699591 1260.988391879946 6.1838139519095403 5.028310362249611 2.8865902498364449 7.8501783311367026 3.32187945395708 3.1843615137040642 7.0596257895231282 5.9733563587069503 5.3553491532802564 3.3406430631876018 19.242371942847974 4.0877724587917328 4.4215521663427344 3.4045385196805009 4.0415035784244546 4.4640099704265515 2.9733010232448578 4.8511275649070731 3.7070782706141481 3.1914892010390767 6.6711042113602179 4.4014738202094996 6.3962826505303365 3.0203403308987617 4.5367528647184372
leaf_count=88 36 18 30 68 7525 46 27 16 54 18 23 41 34 26 17 122 25 24 19 19 25 19 31 24 21 40 27 33 22 27
internal_value=-8.42789e-05 -0.0136647 0.000652381 0.0153955 0.00022262 0.00780875 0.0108568 -0.0341532 0.00761551 0.00554624 0.00842729 0.0292039 0.0404646 0.0593825 0.00293029 0.000330206 -0.0113338 0.0183394 0.0107875 0.0337957 0.0120119 -0.0210569 -0.00236257 0.0168228 0.056258 -0.00975715 -0.0249203 0.0229672 -0.0193144 0.04993
internal_weight=1426.45 31.5234 18.9581 14.7129 1394.93 133.94 124.869 9.0704 115.304 110.959 103.109 21.5727 18.3883 12.415 81.5365 78.2146 47.4698 30.7448 27.4042 12.9271 8.88556 36.9857 17.7433 12.8922 6.16479 14.4771 11.0726 10.4841 6.72742 9.56506
internal_count=8545 204 116 86 8341 816 754 62 700 664 610 124 101 67 486 468 297 171 154 68 49 239 117 86 40 86 67 58 46 54
is_linear=0
shrinkage=0.05


Tree=80
num_leaves=31
num_cat=0
split_feature=27 27 5 26 23 30 10 27 23 30 29 14 4 6 7 27 4 2 21 6 5 14 15 0 6 7 7 10 7 14
split_gain=2.33558 4.90149 7.76919 5.42875 3.47619 3.18996 3.12807 6.47286 4.43362 3.1008 5.6686 5.8158 4.4833 6.7912 6.41792 6.41349 7.05011 6.14802 6.15909 6.23823 6.03157 5.82117 6.08072 5.33201 5.32898 8.38922 4.9522 5.02929 7.56898 3.62111
threshold=0.014843267229647019 0.023172498621452212 94.000500000081971 -0.00050084999999999984 18.500000000000004 -4.8365806447974569 50021524.326084942 -0.0010472740733858952 29.500000000000004 -2.6033275521682433 58199.075000000004 379637.50792735507 0.37119088494422087 1.3786953680277663 -0.8997198433871344 -0.00083058198053459476 -1.1045663084308948 0.57306047434321117 0.52086856613000887 -0.098028023505846509 56.999499999918051 213750.39929375684 1.1038065753643103 -0.13190189385339646 1.1452457197496761 -1.9256294575284665 -0.54054672722860042 26.987434673786073 0.56989312967470596 34986.121848418625
decision_type=2 2 2 2 2 2 2 2 2 2 2 2 2 2 2 2 2 2 2 2 2 2 2 2 2 2 2 2 2 2
left_child=5 3 4 -2 -3 6 -1 8 -8 10 11 12 13 15 24 21 -17 18 -16 -20 23 22 -7 -18 25 -14 -19 28 -28 -11
right_child=1 2 -4 -5 -6 9 7 -9 -10 29 -12 -13 14 -15 17 16 20 26 19 -21 -22 -23 -24 -25 -26 -27 27 -29 -30 -31
leaf_value=-0.028970285737833841 0.026464192657533088 0.01499632158688384 -0.034835949959438318 -0.034903841431307363 0.07888894873293871 -0.031786256900916431 -0.052236462879944739 0.054980710168724301 0.025038345497451549 -0.0041007603577700689 0.044284259241190567 -0.059386366613081359 0.052287101163749905 -0.04574121553710804 0.11355282990511235 0.067377490607497662 -0.0061781034374159306 0.075885366340215712 -0.0078811960150730626 0.081064013168719903 -0.050432029473428924 0.039642873423206507 0.040203142044459968 0.066028041888569367 0.043673351550890201 -0.038655736390696145 -0.010379335293709012 -0.017415694164675685 0.062478504420160896 0.0017159693024525796
leaf_weight=18.084407877177 4.3145665079355267 5.3247844129800779 5.5617030784487715 21.874618127942085 3.5468649491667747 20.51797778531909 4.8364428579807281 4.0928668305277842 3.0122872963547707 394.84302316233516 9.920585233718155 3.4118644446134558 3.1839900389313707 8.03911394625902 3.5599475353956205 6.6554154008626965 6.0724726989865303 3.0314223319292095 4.1518514901399612 3.7534842044115067 3.6460127905011168 4.6496483087539664 3.4226164519786826 4.4160055220127159 4.1363193169236174 12.457545652985573 6.8154629915952682 10.857500106096268 7.4737281277775764 830.00897100195289
leaf_count=122 28 30 41 152 19 142 32 23 20 2411 55 28 19 53 18 38 36 16 28 18 24 27 20 23 22 75 42 69 37 4877
internal_value=-8.31446e-05 -0.0119001 0.0114951 -0.0247937 0.0405404 0.000263439 -0.0158562 0.00400388 -0.0225789 0.000620634 0.00795757 0.00496069 0.00683969 -0.00312386 0.0164676 0.00381426 0.0249454 0.028074 0.0589426 0.0343503 0.00496573 -0.0115516 -0.0214944 0.0242231 -0.00679685 -0.0201434 0.0155141 0.00823633 0.0277278 -0.00015911
internal_weight=1425.67 40.6225 14.4334 26.1892 8.87165 1385.05 30.026 11.9416 7.84873 1355.02 130.173 120.252 116.841 57.4193 59.4213 49.3801 20.7899 39.6434 11.4653 7.90534 14.1345 28.5902 23.9406 10.4885 19.7779 15.6415 28.1781 25.1467 14.2892 1224.85
internal_count=8545 270 90 180 49 8275 197 75 52 8078 790 735 707 363 344 310 121 228 64 46 83 189 162 59 116 94 164 148 79 7288
is_linear=0
shrinkage=0.05


Tree=81
num_leaves=31
num_cat=0
split_feature=21 18 15 14 16 21 7 4 18 28 6 14 18 7 16 26 26 14 8 14 1 1 5 10 3 29 6 15 3 21
split_gain=2.32835 5.58353 8.97499 5.09759 4.53836 4.23163 12.9808 3.9543 4.6167 6.87959 4.30096 5.96585 5.77355 4.57131 7.33874 6.22667 6.18018 12.1093 6.11641 5.61611 4.99167 5.00715 4.69485 5.79861 4.02609 3.83857 3.76011 3.43605 11.649 8.24922
threshold=0.30759736282973088 -0.87334230243012445 0.6350528986626458 3594.7973915852713 -0.5594008043977543 0.39009910335322923 0.4190642039055168 2.3681395979515591 -0.51641560343744874 25834.145000000004 -1.2540530152288094 290275.03129599377 0.33672134871736453 -1.3458901538890733 -0.28838363436546338 4.6000000000000027e-05 -0.00016279499999999995 115451.97130114202 101524.89500000025 81234.349833417087 0.7034304587078678 1.0653497308447626 -87.13500000024213 1.0774892344947615 2.6953506812025765 -7838.6349999999993 0.58759034274098465 1.1383618803527398 0.77027091454708219 0.57385987667258309
decision_type=2 2 2 2 2 2 2 2 2 2 2 2 2 2 2 2 2 2 2 2 2 2 2 2 2 2 2 2 2 2
left_child=1 2 -1 -3 -5 6 26 8 9 25 12 13 -10 14 -12 16 17 18 -15 -18 22 -22 23 -17 -13 -6 -2 -7 -29 -30
right_child=5 3 -4 4 7 27 -8 -9 10 -11 11 24 -14 15 -16 20 19 -19 -20 -21 21 -23 -24 -25 -26 -27 -28 28 29 -31
leaf_value=-0.031388095608027966 -0.051592118493743892 -0.0440229227773693 0.074416022472284432 0.057045451068412079 0.012901322309096228 -0.00053584248548984778 0.06647928639689131 -0.040255636677484143 -0.046806864205574145 0.032615121000919005 0.024391522420820485 -0.04567053926024861 0.024500536386428039 -0.034235968874767896 -0.046178223801277916 0.05223126265946209 0.087555480039837125 0.069058124929984574 0.036026445985368624 0.017956080124406849 0.070074940095765939 -0.012494632033892042 -0.046365789009852533 -0.031866611494499895 0.023666893607925014 -0.042845468953125389 0.013110162339563435 -0.00058456988658664867 -0.037539293244046409 0.047599110544786001
leaf_weight=3.2638662718236429 4.3358986862003821 9.2979084961116296 5.193850964307785 2.8172851726412764 3.6713811680674615 1144.0864754617214 9.1605667099356634 8.4151076450943929 9.5935265943407995 4.6592880189418784 6.6563613265752783 8.6726279407739622 4.0315828323364249 9.7733964584767694 8.2502172216772944 3.8631003648042714 7.0873983129859166 6.8037416264414778 4.5343685001134864 4.9039415940642357 3.8674299865961066 3.4956393390893936 7.8922302722930917 4.3665682822465897 2.7597812190651885 19.4316072948277 4.6573615521192551 82.250108242034912 3.2347834482789066 23.619347117841244
leaf_count=24 29 71 25 14 23 6835 47 58 71 27 37 63 28 61 53 20 38 38 25 29 21 22 50 26 17 134 26 499 19 115
internal_value=-8.206e-05 -0.00590306 0.0335858 -0.00820888 -0.0057522 0.000619852 0.024587 -0.00708513 -0.00483974 -0.0228089 0.000327069 0.00460462 -0.0257075 0.00996741 -0.0146661 0.0164565 0.0304265 0.0141444 -0.0119686 0.0590923 -0.00323481 0.0308748 -0.0188131 0.00760989 -0.0289325 -0.0339865 -0.0180846 0.000272662 0.00875078 0.0373435
internal_weight=1424.65 153.302 8.45772 144.844 135.547 1271.34 18.1538 132.729 124.314 27.7623 96.5519 82.9268 13.6251 71.4944 14.9066 56.5878 33.1028 21.1115 14.3078 11.9913 23.485 7.36307 16.1219 8.22967 11.4324 23.103 8.99326 1253.19 109.104 26.8541
internal_count=8545 975 49 926 855 7570 102 841 783 184 599 500 99 420 90 330 191 124 86 67 139 43 96 46 80 157 55 7468 633 134
is_linear=0
shrinkage=0.05


Tree=82
num_leaves=31
num_cat=0
split_feature=28 1 0 13 27 30 30 4 22 6 9 21 7 2 14 8 7 29 18 3 7 27 7 4 13 7 26 22 4 8
split_gain=2.34814 5.50823 5.75994 5.17205 8.15305 7.30478 8.59605 7.87287 7.64882 6.73177 8.9322 10.1479 6.9754 6.33476 7.38293 6.33196 6.27988 10.953 7.69379 6.25491 6.13906 5.85259 6.23757 5.47132 5.46574 5.45183 7.18524 5.39685 8.19285 7.15323
threshold=1.0000000180025095e-35 1.2715925834776718 1.4844174091771982 0.92933822211938921 -0.0051167478894789667 -4.0384916326020805 -2.5570446024197406 0.48582825388482892 -34.499999999999993 1.2872220304083861 2.9314136616059314 2.7681513519238243 0.92538747162522272 0.17687079413476717 50042.696579994597 83088.695000000254 -0.75570844005756588 28038.360000000004 -1.0000000180025095e-35 -1.2317893432851712 1.6390875239744991 -0.0039627268417384278 0.33702478077483922 1.8305559071232389 -0.41538218124584236 -0.024778607734422697 -0.00011800000000000001 13.500000000000002 1.5306670472896176 4176.3200000002626
decision_type=2 2 2 2 2 2 2 2 2 2 2 2 2 2 2 2 2 2 2 2 2 2 2 2 2 2 2 2 2 2
left_child=1 -1 -3 5 -5 -2 7 -7 -8 10 27 12 25 -6 19 -9 18 -18 24 -15 -14 -16 23 -23 -11 26 -12 28 -10 -29
right_child=3 2 -4 4 13 6 8 15 9 16 11 -13 20 14 21 -17 17 -19 -20 -21 -22 22 -24 -25 -26 -27 -28 29 -30 -31
leaf_value=0.0025569122465428883 -0.046143244306384931 -0.01054887257188065 0.057198644284679689 -0.018577592570277714 -0.00099362068262285621 -0.0038310686679245819 -0.02696608851001632 0.015993113867312652 -0.00043152891114174265 0.080093421474209101 0.070461928220435441 -0.021532728935029631 -0.052824910532198843 -0.010176432659798363 0.06245742063780662 0.083356913737342442 -0.021262492045617427 0.075053937195073972 -0.013249933623194153 0.063102996917623763 0.027080580526989684 0.039624991191970244 -0.029631235626283788 -0.029804739262425179 0.017302520427478856 0.084788271041095736 -0.0062537586100990736 0.023300551217465212 -0.054282313896785631 -0.037159097626785313
leaf_weight=896.20809709653258 11.440224435180424 118.92033755034208 3.2224262505769721 27.599718138575554 45.810344576835632 16.410292591899637 45.565541617572308 7.5347873196005803 55.319519557058811 8.2342912927269936 5.3862847089767483 16.430671960115433 4.10435628518462 3.591126553714278 4.3902630731463459 6.4957227930426598 17.853779964149002 3.5363504439592353 6.1552187949419013 15.399310220032929 5.8013501688838005 10.619029328227045 10.432269290089605 3.8722473978996268 5.9846050441265115 6.0735180974006679 7.04345804080367 5.5681214928627005 8.096799932420252 40.306381300091743
leaf_count=5357 77 741 16 169 270 106 287 41 327 41 28 111 26 23 22 37 114 21 38 81 30 56 59 21 35 30 41 34 48 258
internal_value=-8.14253e-05 0.00119936 -0.00876153 -0.00330145 0.00531897 -0.0070045 -0.00535774 0.0196808 -0.00851434 -0.00422242 -0.00904724 0.00974445 0.027834 0.0123268 0.0249595 0.0471806 0.0135835 -0.00533886 0.0334496 0.0492457 -0.00602767 0.00922606 -0.000150597 0.0210725 0.0536653 0.0459618 0.0269901 -0.0167571 -0.00730703 -0.0298207
internal_weight=1423.41 1018.35 122.143 405.056 121.714 283.341 271.901 30.4408 241.46 195.895 154.13 44.8396 28.409 94.1146 48.3042 14.0305 41.7642 21.3901 20.3741 18.9904 9.90571 29.3138 24.9235 14.4913 14.2189 18.5033 12.4297 109.291 63.4163 45.8745
internal_count=8545 6114 757 2431 701 1730 1653 184 1469 1182 933 266 155 532 262 78 249 135 114 104 56 158 136 77 76 99 69 667 375 292
is_linear=0
shrinkage=0.05


Tree=83
num_leaves=31
num_cat=0
split_feature=19 22 18 15 15 2 21 3 26 7 15 16 10 18 27 4 8 16 18 7 2 5 30 23 13 26 23 22 8 26
split_gain=2.28756 2.29857 4.24837 5.0589 4.08393 5.55834 6.33329 7.14616 5.91731 5.35117 6.03691 6.5267 5.91155 5.2513 4.96229 5.35591 9.90499 7.73508 6.7187 5.93016 5.70488 7.91032 9.02257 10.032 6.86155 7.70845 9.40946 6.63565 5.80415 5.57603
threshold=-1.9999999999999933 4.5000000000000009 3.2448858093403019 0.59628479441504967 0.71443451104266853 1.3831578680657473 2.3237874229838185 -0.39993468344667599 -0.00013149999999999997 -2.3274733664186971 0.58230798923025462 1.0565305463110801 0.13219018579139971 -0.018284186049216201 0.023172498621452212 0.56021424751476967 90596.505000000252 -0.24796033358238992 -0.6069336534941695 1.0378072156196847 -1.6001476106057029 -285.99749999982299 0.21056215082439378 2.5000000000000004 -1.697593218437069 0.00054739500000000011 125.50000000000001 17.500000000000004 15601.965000000177 0.0003931400000000001
decision_type=2 2 2 2 2 2 2 2 2 2 2 2 2 2 2 2 2 2 2 2 2 2 2 2 2 2 2 2 2 2
left_child=-1 -2 4 -4 9 14 8 13 -7 -3 -11 -12 -13 -8 15 20 18 -18 -17 -20 29 -22 -23 -24 -25 26 27 -26 -29 -6
right_child=1 2 3 -5 5 6 7 -9 -10 10 11 12 -14 -15 -16 16 17 -19 19 -21 21 22 23 24 25 -27 -28 28 -30 -31
leaf_value=-0.041258543886609059 0.0017821117152954276 -0.035947579158467517 0.082005266684801903 0.0049479026556845055 0.035040326911544566 -0.062528451049979283 0.025139626631378604 0.055005274647536351 -0.010633265513191253 -0.0011528393951016314 -0.021930359873429537 0.061067246608749015 -0.0068553883377449098 -0.052788748459756542 0.06522210182229389 -0.046405859114883846 0.086207038645976522 0.0066214266897922222 0.027877537057881104 -0.01655248073531836 -0.040752342144911011 -0.013825910075331333 -0.062815120231085278 -0.031777448963579334 -0.0068015774707091154 0.10212533471833785 -0.03965138341496946 0.090752260484612018 0.025392232403217797 -0.021395401922204266
leaf_weight=3.3648589439690104 801.77113990671933 14.223493717610834 3.2058030888438207 6.3467244878411293 18.052376806735996 9.0635079406201839 3.9811582192778578 5.6546622887253752 13.943685136735439 286.84242356196046 75.623704958707094 4.6422266587615004 10.335525989532469 4.730503872036933 3.5138900727033606 5.2792591229081145 8.1335193738341314 4.8877793513238421 24.208610482513905 10.888033576309679 13.974404018372296 49.39429510384798 3.3430740907788268 4.1205027326941517 5.0984983965754607 3.9401912912726393 4.3650268018245688 7.2328507304191572 6.4042113795876503 5.7775701805949202
leaf_count=40 4772 99 17 36 105 61 23 28 85 1708 480 27 67 31 20 32 42 32 131 63 93 313 22 26 32 21 26 38 38 37
internal_value=-8.11698e-05 1.64751e-05 -0.00227714 0.0308082 -0.00279725 0.00272257 -0.0148124 0.0112349 -0.031077 -0.00584119 -0.00470667 -0.015958 0.0141967 -0.0171761 0.00639161 0.005211 0.0184128 0.0563331 0.00618349 0.014094 -0.000581306 -0.00592292 -0.000121632 0.0194966 0.0283272 0.037486 0.0264607 0.0418635 0.060058 0.0213575
internal_weight=1422.34 1418.98 617.208 9.55253 607.655 215.988 37.3735 14.3663 23.0072 391.667 377.444 90.6015 14.9778 8.71166 178.614 175.1 53.3972 13.0213 40.3759 35.0966 121.703 97.8731 83.8987 34.5044 31.1613 27.0408 23.1006 18.7356 13.6371 23.8299
internal_count=8545 8505 3733 53 3680 1299 228 82 146 2381 2282 574 94 54 1071 1051 300 74 226 194 751 609 516 203 181 155 134 108 76 142
is_linear=0
shrinkage=0.05


Tree=84
num_leaves=31
num_cat=0
split_feature=19 6 13 0 7 15 15 9 6 1 13 6 13 21 18 2 7 2 21 30 9 8 16 30 13 3 27 5 26 15
split_gain=2.23759 4.80335 3.94047 4.95737 4.46395 2.7845 12.7015 8.27626 7.67493 7.5388 6.76452 7.1478 9.28472 10.5755 8.61508 7.56258 6.44489 4.99495 3.67176 5.39485 4.29023 8.97855 4.24238 5.7655 3.64319 4.14974 3.49152 3.39038 9.14748 7.6734
threshold=1.2727272727272736 -1.7231307357217702 -0.088373176854030747 0.33174414853554901 -1.0147632179837267 9.1526187175721053e-05 0.0002076122821586585 1.0216117976433547 -1.115092942000145 0.69231012837605743 -1.5393835517270562 -0.64107057889420915 -1.1185292190381211 2.2764011965317601 -0.69978194503329505 -1.2146474466903932 -0.87105321121915724 -0.95702400627411799 4.2154178389736989 0.93849727745236389 1.12902023205305 62661.590000000237 -0.22941573389217287 1.3088145409296412 0.63141183119125588 -0.53551177892462987 -0.00092368326871961049 846.86950000026275 0.00087412000000000015 0.36632250083712142
decision_type=2 2 2 2 2 2 2 2 2 2 2 2 2 2 2 2 2 2 2 2 2 2 2 2 2 2 2 2 2 2
left_child=5 -2 4 -4 -3 7 8 10 -7 17 -1 12 -12 -14 -13 -16 -15 -10 27 20 21 -20 23 -21 -17 -26 -18 -8 29 -29
right_child=1 2 3 -5 -6 6 18 -9 9 -11 11 14 13 16 15 24 26 -19 19 22 -22 -23 -24 -25 25 -27 -28 28 -30 -31
leaf_value=-0.055099845644993185 -0.045162026103845933 0.00559126322733626 0.035202853359025336 -0.026002831857975334 0.06009401830350064 -0.046647806477644542 -0.00068702383328180286 -0.047845020035139081 0.022179510586692264 0.0062273358852292255 0.094204907551125372 0.042630780926621419 -0.050947911011798033 -0.024744265617628006 0.036857294817475697 -0.049725249630975348 0.020705588540857495 0.082760465638404196 -0.026747066590058058 0.047683621918921656 -0.047024856991788253 0.048249311903414221 0.048172477010108967 -0.037746280513421056 -0.051713193815087988 0.021544566115173663 0.086087023059123649 0.060863425184754974 0.08404246131121007 0.0010575279318652795
leaf_weight=5.510803557932376 3.1997435614466658 6.5696895569562903 5.7151823788881284 7.8557526096701622 8.7744524031877535 2.6753979325294521 1166.5469750463963 12.015547130256889 4.9903973080217865 9.0756163038313371 4.0342213809490231 6.052085585892196 5.0236042737960842 3.1768484488129642 4.3750527054071418 14.702749907970437 3.4992750138044384 10.693331882357596 19.420086875557903 2.9994882270693761 12.845689194276927 5.0231032818555823 5.2726475894451132 5.7820089310407639 3.2301599532365799 4.8141213804483396 4.9030819535255352 5.8646129928529254 3.9903228133916846 62.755525834858418
leaf_count=38 19 30 26 37 39 16 6975 103 28 45 23 33 37 20 22 105 20 48 156 18 129 31 29 41 20 24 24 27 18 364
internal_value=-8.08903e-05 0.0129671 0.0193997 -0.000227036 0.0367583 -0.000382512 0.000138277 -0.0100039 0.0338033 0.0424965 -0.00233926 0.00306395 0.0261684 0.00963664 -0.0113089 -0.0233451 0.0359211 0.0634842 -0.000577408 -0.0136798 -0.02363 -0.0113352 0.0127203 -0.00856606 -0.0349242 -0.00787189 0.058858 -3.45258e-05 0.0104484 0.00616883
internal_weight=1421.39 32.1148 28.9151 13.5709 15.3441 1389.27 1317.94 71.3376 27.4347 24.7593 59.322 53.8112 20.637 16.6028 33.1742 27.1221 11.5792 15.6837 1290.5 51.343 37.2889 24.4432 14.0541 8.7815 22.747 8.04428 8.40236 1239.16 72.6105 68.6201
internal_count=8545 151 132 63 69 8394 7925 469 137 121 366 328 124 101 204 171 64 76 7788 404 316 187 88 59 149 44 44 7384 409 391
is_linear=0
shrinkage=0.05


Tree=85
num_leaves=31
num_cat=0
split_feature=27 27 5 15 0 5 3 20 20 20 1 14 24 3 27 14 18 19 27 15 4 23 7 0 27 21 2 13 3 18
split_gain=2.23166 4.43234 10.0294 11.5149 5.01353 7.96124 4.56738 2.78177 6.84485 4.70741 3.92857 3.26071 8.92349 19.0518 10.2639 6.78222 5.77459 5.67668 5.03247 7.61559 10.2643 7.63115 7.10308 5.93464 7.4162 7.76521 7.19047 6.17469 5.46158 9.73704
threshold=0.014843267229647019 0.019255487785028062 -28.019999999785792 0.79624559701820286 0.019820766361669736 111.56749999988826 1.7964666638422433 -12.999999999998332 -11.999999999998444 -22.999999999997332 -0.81400088024417205 34986.121848418625 0.64335929654373192 -0.42807971910289294 -0.00056305714822446607 70647.878441521534 -1.0482739484797439 -0.87500000000000477 0.0024121049082328487 1.1430952176793703 -0.52078820103326884 50.500000000000007 2.0525587842842277 -1.1262926344139386 0.003198411998935891 2.5987078462637041 -0.77176800948536595 -0.035998320540747183 -0.7904967361667109 -0.9463806067869186
decision_type=2 2 2 2 2 2 2 2 2 2 2 2 2 2 2 2 2 2 2 2 2 2 2 2 2 2 2 2 2 2
left_child=7 4 3 -3 5 -2 -4 9 -9 -1 -11 17 16 14 15 -14 -13 -10 19 28 -21 -22 23 -20 25 27 -26 -25 -19 -30
right_child=1 2 6 -5 -6 -7 -8 8 11 10 -12 12 13 -15 -16 -17 -18 18 22 20 21 -23 -24 24 26 -27 -28 -29 29 -31
leaf_value=0.028740139500076523 -0.041456480988229377 -0.036757377081184449 -0.045206307313299526 0.077863777343651727 -0.055801354511718242 0.062753410656552419 0.019369764887766081 0.062489325462726522 -0.040355057213343953 -0.0036761271847663493 -0.057077028579476101 -0.03317799761152012 0.087292070869329691 0.081447455325221338 -0.044320257607591201 -0.0059462752019087874 0.0015776357517637341 -0.015146477446845578 0.057154529246001277 -0.024026042337803286 0.017812068364226549 0.080862482788514892 -0.045800480076991237 0.024492969070011663 0.039799733512560144 -0.0078103331891826444 -0.018101153581712767 0.11206993273125723 0.05212661026832191 -0.0040701252617240122
leaf_weight=3.9628382697701481 4.7590172216296223 3.2546261399984378 9.2584270387887937 6.7055626437067986 9.2957853898406011 2.9806137159466743 3.8881038874387732 4.4409130215644828 10.115428041666744 6.2655848935246476 7.6482555568218205 12.112185060977934 3.5488640069961539 10.862408280372618 8.0120384395122546 4.3302059322595596 899.06380628421903 124.81435941159725 7.8476524353027335 9.9363060817122442 15.85910787433386 6.8813713267445555 4.9091482982039443 3.7587318867444983 7.0637013837695113 5.0122380554676047 22.257449127733711 4.3327215164899817 8.0370670780539495 188.29013369977474
leaf_count=22 35 20 71 33 67 18 26 24 130 37 50 76 20 47 52 28 5338 802 43 56 84 34 30 21 37 28 126 20 44 1126
internal_value=-7.97378e-05 -0.011701 0.00256468 0.0404098 -0.0310509 -0.00132415 -0.0261078 0.000258465 0.000515758 -0.0193369 -0.0330299 0.00031295 0.00195132 0.0304132 -0.00447146 0.0360498 0.00111563 -0.00335351 -0.00243839 -0.0046287 0.0183677 0.0368914 0.0116056 0.0172114 0.00982281 0.041094 -0.00415236 0.0713877 -0.00696863 -0.00176959
internal_weight=1419.5 40.1421 23.1067 9.96019 17.0354 7.73963 13.1465 1379.36 1361.49 17.8767 13.9138 1357.04 937.93 26.7535 15.8911 7.87907 911.176 419.115 409 353.818 32.6768 22.7405 55.1816 50.2725 42.4248 13.1037 29.3212 8.09145 321.142 196.327
internal_count=8545 270 150 53 120 53 97 8275 8166 109 87 8142 5561 147 100 48 5414 2581 2451 2146 174 118 305 275 232 69 163 41 1972 1170
is_linear=0
shrinkage=0.05


Tree=86
num_leaves=31
num_cat=0
split_feature=13 8 27 9 6 18 21 14 2 28 4 27 23 15 6 3 30 23 4 28 5 27 13 13 4 6 9 2 4 0
split_gain=2.19955 6.83115 5.72275 4.50526 3.85006 3.50578 3.29715 3.26586 3.67208 4.58768 5.2524 4.29894 3.48594 3.0781 3.00097 2.83683 5.52826 6.98924 3.68129 2.8336 7.83246 6.34787 3.75063 11.071 6.45827 5.29263 4.14704 5.49612 5.33172 4.21058
threshold=-2.2638317187226753 4176.3200000002626 -0.010831272170791105 0.86700441908787818 0.98547049618778038 -1.0000000180025095e-35 2.8171424678196466 420065.61078531732 0.88294087940884469 199.57000000000002 -0.4760608804996091 -0.0032540047695100434 39.500000000000007 0.61082832565541156 -2.8632414695043975 2.2963053421882229 -0.68575503438279817 45.500000000000007 1.1408657865174952 -168326.16499999995 38.773499999893836 -0.0063050391809562614 -1.9070028111692796 -1.8511098352268716 -1.669516519254252 1.0683680984275357 11.845122127880659 -0.23431776397719403 1.306617935360163 1.4952913084926827
decision_type=2 2 2 2 2 2 2 2 2 2 2 2 2 2 2 2 2 2 2 2 2 2 2 2 2 2 2 2 2 2
left_child=1 -1 -3 4 6 -5 -4 14 9 10 12 -11 13 -9 -2 19 17 18 -17 20 21 -16 24 -24 -21 -26 29 -28 -29 -25
right_child=7 2 3 5 -6 -7 -8 8 -10 11 -12 -13 -14 -15 15 16 -18 -19 -20 22 -22 -23 23 26 25 -27 27 28 -30 -31
leaf_value=0.042930071868207083 -0.03678271321519596 0.045911270400100554 0.010073551837985237 -0.054203388227499642 0.045608470711277292 -0.0011157582140393228 -0.052020064995528373 0.0095762393086015387 -0.046420266608657355 0.013323670624316806 0.044727969705881172 -0.060053834595514305 0.030806982503464003 -0.059645419923754821 0.073366304689648748 0.062903348250723495 -0.040340802342073823 -0.054294973697096384 -0.0011492082969249207 0.039096543714363795 -0.026342995018002947 -0.0005261945279713973 0.053587799902408362 0.00042713483045414753 -0.035818932810904355 0.0089300010109366178 -0.040253969143426244 0.033028976824497971 -0.047068484618694263 0.052600132665938305
leaf_weight=12.095348492264746 5.5388187561184159 5.4327836558222762 6.9592862948775309 7.4296634197235081 4.7553458437323561 5.348622754216195 3.0858622193336487 2.5803006738424319 7.6267993450164786 2.9995806291699409 6.3066430948674705 5.9664022326469404 3.0460984483361244 4.2531019151210785 7.15860389918089 4.3709029406309146 12.353037200868128 3.3830682933330527 4.6081459671258926 4.7445104457437983 6.0539233461022368 4.8931644707918176 9.7825958728790265 1216.6239251121879 23.64487798884511 9.1703161895275098 14.208473511040213 6.774049408733843 2.9967627003788948 3.8794749677181235
leaf_count=61 86 28 39 58 26 37 21 17 61 22 37 46 20 35 39 24 85 24 27 29 37 31 54 7216 154 52 99 41 20 19
internal_value=-7.95245e-05 0.0107846 -0.000993369 -0.0102332 0.00854445 -0.0319824 -0.00900156 -0.000436452 -0.0160293 -0.00681389 0.00907912 -0.0355053 -0.0136776 -0.0335072 -5.50752e-05 9.73456e-05 -0.0166848 0.00695391 0.0300309 0.000413982 0.0200571 0.0433651 0.000138673 0.000604888 -0.0154301 -0.0233137 0.000188402 -0.0204035 0.00846264 0.000592971
internal_weight=1418.07 45.1069 33.0116 27.5788 14.8005 12.7783 10.0451 1372.96 32.7789 25.1521 16.1861 8.96598 9.8795 6.8334 1340.18 1334.65 24.7152 12.3621 8.97905 1309.93 18.1057 12.0518 1291.82 1254.27 37.5597 32.8152 1244.48 23.9793 9.77081 1220.5
internal_count=8545 270 209 181 86 95 60 8275 238 177 109 68 72 52 8037 7951 160 75 51 7791 107 70 7684 7449 235 206 7395 160 61 7235
is_linear=0
shrinkage=0.05


Tree=87
num_leaves=31
num_cat=0
split_feature=23 7 15 15 7 13 21 27 9 6 7 7 2 18 15 30 16 16 16 15 8 19 16 7 21 13 14 13 13 4
split_gain=2.17709 2.16032 4.2048 2.35917 5.60105 11.5962 7.0887 6.49117 12.6508 9.92194 8.89596 9.61904 9.26777 9.02058 8.52563 8.18877 9.88537 9.14041 8.25514 7.3516 6.66778 6.52045 9.11909 8.05496 6.33803 9.25943 6.18915 6.1314 9.94964 5.78971
threshold=323.50000000000006 -2.9472560420017757 0.80328543667073626 0.43965200533012477 1.921697785350579 -0.97750794804939567 0.8662379060226032 -0.002165345288398512 0.46034600820609667 -2.5396330706648702 -1.9501926414633826 -0.502423963934575 0.51701310601230144 -0.71669733737045183 6.2776978630863843e-05 0.85974205246796198 -0.40364224942791677 -0.21254754450053329 -0.47328183905100213 0.0002076122821586585 10350.915000000277 -2.9160174298349434e-14 -0.33306679746335482 1.683465432349138 2.4557283441118645 -1.0000000180025095e-35 63556.072587099225 -1.0000000180025095e-35 -0.49148646994210959 -0.28663436413958193
decision_type=2 2 2 2 2 2 2 2 2 2 2 2 2 2 2 2 2 2 2 2 2 2 2 2 2 2 2 2 2 2
left_child=1 2 -1 4 6 -6 -3 8 20 -10 13 15 21 -9 -14 -12 18 -18 -17 26 29 22 -13 27 25 -21 -16 28 -23 -8
right_child=-2 3 -4 -5 5 -7 7 10 9 -11 11 12 14 -15 19 16 17 -19 -20 24 -22 23 -24 -25 -26 -27 -28 -29 -30 -31
leaf_value=-0.051258602908740139 -0.034491855274507946 -0.011130541795594919 0.024946382591415708 -0.0010720504320553301 0.052545920350938947 -0.03314094100468476 0.073564148566784879 0.033253173145456942 0.086256649689882114 0.0034158977751852435 0.0037995101850924725 0.048415795421210876 -0.043879919548840934 -0.042444771803809046 0.017171892300719555 0.041775988416854933 0.063827164288318264 -0.0093419424057240852 -0.051775961992559363 -0.028349295391604225 0.085117787749792173 -0.02471188671021525 -0.018837699206923228 0.054230049118290768 -0.0057318278230194843 0.052464633512464082 0.1025285260254023 -0.038279179167185949 0.065439767027331883 -0.011478347201436116
leaf_weight=5.3940311819314939 4.5809908807277671 55.888738092035055 2.7244621030986309 1021.8923173882067 4.7807363197207478 22.680427115410566 3.4466249085962772 5.0634194985032108 3.8898592367768279 51.06105037778616 33.804235838353634 9.2276018187403697 5.6194405034184447 17.668261371552944 3.9299774318933469 4.4961191862821579 24.961865242570639 5.1486214771866825 4.9588475897908193 4.6513634026050594 9.8925134614109975 11.399789571762083 11.107677362859247 3.2881335988640776 22.391972795128822 14.89458307623863 4.6206879019737244 34.601991899311543 4.1837954446673384 4.7727649360895175
leaf_count=43 32 337 19 6251 26 146 20 27 22 292 192 50 43 112 22 21 124 27 27 26 46 71 73 20 129 74 20 207 22 24
internal_value=-7.8651e-05 3.29618e-05 -0.0256852 0.00018164 0.00353162 -0.0182236 0.00521465 0.00826905 0.0212247 0.00928002 0.00408098 0.00739806 -0.000775413 -0.0255833 0.0145413 0.021871 0.037311 0.0513159 -0.00728921 0.0210437 0.0574646 -0.0124189 0.0116801 -0.0215834 0.0124286 0.0332333 0.0632977 -0.0265506 -0.000508465 0.0241824
internal_weight=1417.02 1412.44 8.11849 1404.32 382.431 27.4612 354.97 299.081 73.0628 54.9509 226.018 203.287 129.917 22.7317 56.108 73.3697 39.5655 30.1105 9.45497 50.4886 18.1119 73.809 20.3353 53.4737 41.9379 19.5459 8.55067 50.1856 15.5836 8.21939
internal_count=8545 8513 62 8451 2200 172 2028 1691 404 314 1287 1148 757 139 314 391 199 151 48 271 90 443 123 320 229 100 42 300 93 44
is_linear=0
shrinkage=0.05


Tree=88
num_leaves=31
num_cat=0
split_feature=19 25 25 4 6 7 14 23 18 30 3 9 7 26 21 9 4 4 6 26 15 6 18 9 4 21 30 16 6 6
split_gain=2.26566 6.24235 5.25389 4.53002 6.14943 5.27413 6.32696 7.42635 9.23906 7.40604 6.80735 7.40369 6.24701 5.85466 5.59527 5.52227 5.30302 5.27615 5.14492 5.97784 7.84807 4.2074 5.2267 4.8727 4.60513 4.32138 5.5282 6.37739 5.555 6.13096
threshold=1.0000000180025095e-35 -0.70489173397684213 -1.0000000180025095e-35 -0.50380218193598503 2.5869889472487606 -1.8208723131305977 22902.666034234087 60.500000000000007 0.2909264836911401 0.52240761529005264 -1.448123759717405 1.7617864659414912 1.0000000180025095e-35 -0.00018349999999999996 2.7381008926813801 1.1117060948155237 -1.1702975903061337 -1.6475438110208322 1.6804694886784368 8.5000000000000186e-06 0.51803796345472886 -2.1458457364509713 -0.79457502643003208 9.4593090646357894 0.47124059845073979 0.83048674824978741 -2.7676478306859105 -0.33327254679581425 -1.9400480169214882 -1.7894662474719212
decision_type=2 2 2 2 2 2 2 2 2 2 2 2 2 2 2 2 2 2 2 2 2 2 2 2 2 2 2 2 2 2
left_child=-1 -2 -3 4 5 -4 17 8 9 14 -11 12 -12 -9 15 -8 -15 -7 21 -20 -21 24 -23 25 -5 -24 27 -27 -28 -30
right_child=1 2 3 18 -6 6 7 13 -10 10 11 -13 -14 16 -16 -17 -18 -19 19 20 -22 22 23 -25 -26 26 28 -29 29 -31
leaf_value=-0.0011819090632578877 0.058682765856358766 -0.051619662689909911 -0.039321078714623911 0.021493296834131263 0.061475714412363838 0.016078085921242012 0.045826124908637134 0.076922599103964096 -0.042878690702704343 0.084789002880515857 0.039950967334423604 0.052775708158429517 -0.038809820514198332 0.040577550859837871 -0.036706946220061785 -0.015092505595994302 -0.025694588776316037 -0.041771758835807894 -0.042979287502439373 -0.053200426771843605 0.037555259488205858 -0.016889543626766802 -0.0017032135196812671 0.059816183979735718 -0.05454879792441325 0.0041527410622001935 -0.0473938399253854 0.079460519155306109 0.083292020188617658 0.014133767860980181
leaf_weight=1085.0684377588332 5.0550824701786032 4.3929376602172843 10.995430074632166 3.3177704811096174 3.4366665706038466 5.2534113377332714 5.9645706787705448 5.1612464040517834 12.593130379915236 4.0811548456549671 3.8151052892208117 7.26117219030857 7.4028776809573174 7.4239295423030862 12.703453522175549 9.8861556351184827 5.0869081765413258 15.782063275575636 10.191498689353468 3.4263339787721616 7.8158440142869949 14.0928967744112 37.068368509411812 5.8116325959563246 4.9788316674530506 4.5906447246670723 3.53292092680931 7.2528866156935674 3.3121991604566565 98.692694887518883
leaf_count=6707 27 28 70 21 17 29 30 26 80 22 20 37 44 42 85 57 31 97 64 21 42 76 204 31 34 24 19 35 15 510
internal_value=-7.80884e-05 0.0035472 0.00269047 0.00343387 -0.00441685 -0.00641359 -0.0028806 0.00343775 -0.00451739 0.00493372 0.0263455 0.0134382 -0.0120242 0.0321159 -0.0119835 0.00783095 0.0136313 -0.0273243 0.00792875 -0.0152461 0.0098952 0.0106483 0.0123037 0.0148708 -0.0241399 0.0131796 0.0178795 0.0502706 0.0142446 0.0163794
internal_weight=1415.45 330.38 325.325 320.932 116.847 113.411 102.415 81.3797 63.7076 51.1145 22.5603 18.4792 11.218 17.6721 28.5542 15.8507 12.5108 21.0355 204.085 21.4337 11.2422 182.651 174.354 160.261 8.2966 154.45 117.381 11.8435 105.538 102.005
internal_count=8545 1838 1811 1783 687 670 600 474 375 295 123 101 64 99 172 87 73 126 1096 127 63 969 914 838 55 807 603 59 544 525
is_linear=0
shrinkage=0.05


Tree=89
num_leaves=31
num_cat=0
split_feature=22 18 19 2 21 15 26 13 6 15 22 3 7 7 6 7 21 30 21 7 27 7 6 30 0 15 21 0 27 29
split_gain=2.09187 4.78288 4.33757 4.55031 4.8743 4.50399 6.49684 4.96369 6.0295 5.15523 7.95177 6.70021 6.5781 6.35473 6.26761 8.56283 6.78034 5.76146 6.07993 5.06007 8.44393 5.04186 4.88599 4.47213 4.26982 4.98569 6.01629 4.70269 4.59762 4.30494
threshold=4.5000000000000009 3.2448858093403019 -0.93333333333332824 1.9499272265337395 2.7681513519238243 0.71443451104266853 0.00077250000000000007 -1.7903028219869395 0.30858591252957918 0.57800278578009279 126.50000000000001 -2.3908782525225969 -2.1906907371681803 -1.5935742429872268 -2.0340530462289936 0.020378199633812367 2.5214391920249262 2.0826091029643408 1.3272533231878458 -1.9501926414633826 0.0017067878674521533 2.1491035614527294 2.0786114465631127 0.4246372589318882 -0.9271715627958238 0.69278497787901971 1.6549548428248031 0.49858493397095532 0.0036647612632184638 -9794.654999999997
decision_type=2 2 2 2 2 2 2 2 2 2 2 2 2 2 2 2 2 2 2 2 2 2 2 2 2 2 2 2 2 2
left_child=-1 2 -2 5 -5 6 7 8 -4 11 17 -9 -13 19 15 -15 -17 24 -19 -14 -21 22 -16 -10 -11 27 -27 28 29 -26
right_child=1 -3 3 4 -6 -7 -8 9 23 10 -12 12 13 14 21 16 -18 18 -20 20 -22 -23 -24 -25 25 26 -28 -29 -30 -31
leaf_value=0.0016081800829833106 -0.032143103881292219 0.032350964422370142 -0.0010588989892826529 -0.03535122235310928 0.01155854144086766 0.0047903630223793481 -0.031590815116458192 0.05979617610986343 0.0864843282212161 -0.049814258150673196 0.051220452082671876 -0.039065044189406949 -0.0083690133612696407 -0.020405144166921328 -0.0012718784505206318 0.096821189743691721 0.012026059751350151 0.054213708004797204 -0.013937228723843127 0.0088905505407709425 0.095522870064183266 -0.036547545494678986 -0.042870976417843293 0.01570936257679607 -0.047363252978986033 0.06946861559215349 -0.023977819747908077 -0.043361073377838934 -0.061353397520271316 0.017315293187776519
leaf_weight=799.83874803036451 12.364725820720194 9.8158628046512586 13.778318233788015 19.653934758156542 7.7100140973925582 199.29242095723748 20.944742500782013 4.4612809866666785 4.5394570007920247 14.685014732182024 4.2058667838573447 11.427980847656725 5.9533426463604 5.6285012811422339 176.11325366050005 5.0777674652636033 4.4005675986409187 4.8673643320798865 9.9884190522134286 6.1420083940029127 5.1889879032969475 11.882008403539656 7.353425219655036 4.391026146709919 3.270370315760375 3.274748519062995 3.633638434112072 19.047938738018274 3.323526829481124 12.059347748756409
leaf_count=4793 151 54 85 126 43 1177 131 23 23 100 25 77 34 41 1026 27 30 28 58 34 25 75 48 23 23 18 24 124 23 76
internal_value=-7.72695e-05 -0.00227115 -0.0028332 -0.00222132 -0.022134 -0.0012568 -0.00455282 -0.00290991 0.0196832 -0.00450334 -0.0156592 -0.000915377 -0.00204785 -0.000190329 -0.00258389 0.0284445 0.0574528 -0.0194527 0.00839182 0.0289539 0.0485635 -0.0049834 -0.00293919 0.051685 -0.0264289 -0.0187307 0.0203181 -0.025886 -0.00804117 0.00351707
internal_weight=1414.31 614.476 604.66 592.295 27.3639 564.931 365.639 344.694 22.7088 321.985 78.3562 243.629 239.168 227.74 210.456 15.1068 9.47834 74.1504 14.8558 17.2843 11.331 195.349 183.467 8.93048 59.2946 44.6096 6.90839 37.7012 18.6532 15.3297
internal_count=8545 3752 3698 3547 169 3378 2201 2070 131 1939 499 1440 1417 1340 1247 98 57 474 86 93 59 1149 1074 46 388 288 42 246 122 99
is_linear=0
shrinkage=0.05


Tree=90
num_leaves=31
num_cat=0
split_feature=19 13 13 6 7 1 26 13 7 13 21 3 14 14 5 26 30 30 2 22 9 8 6 13 19 18 23 1 16 16
split_gain=2.09018 4.30058 4.45722 5.07274 7.09696 6.86399 6.45746 5.28229 5.21394 4.694 4.9231 8.95606 8.18239 9.27003 4.87305 4.7609 4.66096 4.63989 4.23602 4.86587 6.13996 5.09982 5.97199 4.23356 4.17404 7.17171 3.76701 3.94385 4.13073 9.27427
threshold=0.13827244793444868 2.5810999920645386 1.1057042551009906 -0.2194880756015489 0.5892740088147691 -0.73912849390549462 -0.00041299999999999996 1.2862250793474737 -1.3458901538890733 -1.5009812602397963 3.5655650996975683 -1.1842864986976951 3594.7973915852713 147370.2354632263 149.72500000009316 -9.0000000000000019e-05 1.17824108611012 3.1666703916975698 1.4136820528250096 2.5000000000000004 2.8258223408502516 170677.75500000021 0.30858591252957918 -1.9755100941245172 0.7576887232059708 -1.0000000180025095e-35 -269.49999999999994 -1.353682012698195 -0.30181194692114011 -0.26998988899519089
decision_type=2 2 2 2 2 2 2 2 2 2 2 2 2 2 2 2 2 2 2 2 2 2 2 2 2 2 2 2 2 2
left_child=-1 2 9 6 5 -5 -4 -8 -7 18 11 12 -11 15 -12 -14 24 26 19 20 23 22 -21 -2 25 -9 -13 -28 -29 -30
right_child=1 -3 3 4 -6 8 7 16 -10 10 14 17 13 -15 -16 -17 -18 -19 -20 21 -22 -23 -24 -25 -26 -27 27 28 29 -31
leaf_value=-0.0010814634937863874 0.020226063076379919 -0.046055538463738104 -0.037374920010151184 0.078410007110986404 -0.033538259154444895 -0.039967023214134478 0.087883680471659301 -0.054657198782340259 0.026774704556855041 0.076586231202028898 -0.041335591196834755 0.058383882462494478 0.037519503353833805 0.056537520790248819 0.0098321430944009486 -0.025546727078276616 0.068047887920888381 0.029335388408002285 0.059041520008376695 -0.06469059914420433 -0.010773672804411143 0.035682407345507254 0.0046635264470592267 0.07920934878562827 0.048392953993319006 0.034535732890216705 -0.037290283030822151 0.0030430794303460207 -0.060431381673746565 -0.0060806734273652907
leaf_weight=1110.2005730997771 6.1401025280356416 4.2980740368366233 2.989354349672797 3.9608434513211295 9.3198685050010663 4.5374549627304104 4.7425475716590908 4.1742059886455589 8.240870632231232 6.2951622083783176 14.174873750656845 2.2194048017263404 4.0039124637842205 7.9525484740734091 6.9271325692534438 11.846586789935825 5.6064803004264823 9.7918558791279775 5.1907116845250121 5.3947527855634707 6.488788738846778 4.8057752326130858 7.3096710070967674 6.0297139063477525 5.6009042561054221 4.8985437899827922 10.148367576301096 72.243203267455101 9.3675752878189069 48.414513751864433
leaf_count=6861 33 27 17 18 54 28 24 24 40 33 107 11 21 41 44 65 26 49 25 33 36 27 39 29 27 26 57 395 60 268
internal_value=-7.67442e-05 0.00360319 0.00431747 0.0173094 0.00143121 0.0209012 0.0320806 0.0403782 0.00307539 0.00144718 -0.0016754 0.000971383 0.0258927 0.0124858 -0.0245388 -0.00961589 0.0292689 -0.0039574 0.0168024 0.0107405 0.0285065 -0.00819062 -0.0247867 0.0494502 0.0144523 -0.0065003 -0.00624683 -0.00727014 -0.00492709 -0.014892
internal_weight=1413.31 303.114 298.816 54.0711 26.059 16.7392 28.012 25.0227 12.7783 244.745 203.385 182.283 30.0982 23.803 21.102 15.8505 20.2801 152.185 41.3595 36.1688 18.6586 17.5102 12.7044 12.1698 14.6737 9.07275 142.393 140.174 130.025 57.7821
internal_count=8545 1684 1657 284 140 86 144 127 68 1373 1151 1000 160 127 151 86 103 840 222 197 98 99 72 62 77 50 791 780 723 328
is_linear=0
shrinkage=0.05


Tree=91
num_leaves=31
num_cat=0
split_feature=14 6 5 7 15 15 3 20 7 6 7 15 21 2 18 6 21 7 5 18 21 30 6 5 5 2 30 15 21 6
split_gain=2.11184 16.1508 9.46368 7.85923 8.3044 6.21518 6.11279 5.82387 5.1027 5.07489 11.628 14.3239 14.0943 9.50327 6.51164 7.86341 5.97858 9.27165 5.03257 5.46131 4.8448 5.30557 6.5917 4.59827 5.86745 6.78683 8.05131 6.35308 7.01662 5.57811
threshold=186001.72930426826 -1.6899798100270929 -1468.7239999996962 -0.45980181921949298 0.97888825877830754 0.68757035384023124 -2.2481805642479391 -6.2499999999987335 -2.3546825886223712 -2.1208709996363799 0.039289138477429507 0.75508279748663754 2.6091611453207477 0.42990191967996066 -0.63760017693860094 -2.3123222174244438 3.6746482990040561 -1.1019801024668365 1319.8325000000189 -0.75258591621070259 2.4557283441118645 -2.0038899655094382 -2.0138927893574365 -28.019999999785792 -361.2165000000968 -1.3883708725224992 -0.13088466752418179 0.58230798923025462 0.25624689848364651 1.1894240518669421
decision_type=2 2 2 2 2 2 2 2 2 2 2 2 2 2 2 2 2 2 2 2 2 2 2 2 2 2 2 2 2 2
left_child=9 3 5 -2 20 -3 -4 -8 -9 10 16 12 14 -14 -12 -16 -1 -18 19 -10 -5 -22 -23 24 -21 -26 27 -27 -29 -25
right_child=1 2 6 4 -6 -7 7 8 18 -11 11 -13 13 -15 15 -17 17 -19 -20 23 21 22 -24 29 25 26 -28 28 -30 -31
leaf_value=-0.05484901652514243 -0.028443200733039326 0.087378187571418922 -0.054774519172537367 0.078689573983422703 -0.017031350345996111 -0.0059999232044215655 0.060972970037642453 -0.050839838648697122 -0.0420049548590892 0.0013967812758295629 0.11628530577720819 -0.05333518826624855 -0.053303015084683172 0.041140912308896577 0.08096799268555005 -0.021457172123616485 -0.061362337851878918 0.06645603855971631 0.033122146201775601 -0.021285670460176237 0.079779972861760917 -0.021267377730319257 0.062668980396489521 -0.0073417192022562309 0.065766796913156622 -0.02935813934294634 -0.024762036603454562 -0.020555941879319872 0.065528156040749658 -0.038861492975842245
leaf_weight=17.875613436102871 5.4880654588341704 3.8954701125621787 8.6996747069060785 9.083222828805452 5.7197355963289729 3.2844593487679958 2.7105685472488394 8.3914295062422735 14.226689025759695 1161.915178924799 3.9836001023650169 7.5703715942800036 6.4799059201031906 4.5225913561880589 4.414318673312664 3.2560367211699539 2.7725756987929344 2.9056025072932234 6.2600691467523566 18.449453569948673 4.0580460578203228 5.9386862590909013 3.8589368909597335 39.621742848306901 5.2843839898705474 3.7860874831676545 13.251707628369322 3.1377642750740042 9.6381622701883298 21.737321607768536
leaf_count=133 36 19 68 45 41 23 13 63 97 6890 23 62 53 32 28 22 22 20 37 115 23 44 19 244 30 23 84 22 52 162
internal_value=-7.56334e-05 -0.00488466 -0.0114579 0.0263723 0.0368694 0.0446624 -0.0140542 -0.011636 -0.0130048 0.000701763 -0.0143139 0.00620923 0.0261052 -0.0144817 0.0644234 0.0374889 -0.0406515 0.0040441 -0.0106599 -0.0127823 0.0503094 0.0317044 0.0117922 -0.00916421 0.0015427 0.0135425 0.00428593 0.027528 0.0443859 -0.018508
internal_weight=1412.22 196.522 162.375 34.1467 28.6586 7.17993 155.195 146.495 143.785 1215.7 53.7806 30.2268 22.6565 11.0025 11.654 7.67036 23.5538 5.67818 135.393 129.133 22.9389 13.8557 9.79762 114.907 53.5476 35.0981 29.8137 16.562 12.7759 61.3591
internal_count=8545 1260 1052 208 172 42 1010 942 929 7285 395 220 158 85 73 50 175 42 866 829 131 86 63 732 326 211 181 97 74 406
is_linear=0
shrinkage=0.05


Tree=92
num_leaves=31
num_cat=0
split_feature=19 0 13 0 15 3 20 9 8 15 4 6 6 16 15 4 8 8 13 6 26 10 27 14 10 7 23 8 3 14
split_gain=2.03108 2.09433 7.89697 5.82277 8.65584 7.75779 4.43599 4.2923 2.87753 6.78561 10.3921 10.3415 7.75687 7.83069 6.96146 10.1118 6.54115 7.32496 7.84437 6.74383 5.99833 5.82976 8.74505 8.29196 7.0751 5.82602 5.8163 5.76648 13.0884 10.2064
threshold=2.3333333333333424 -1.4817744584458656 -1.0570451721754093 -1.4579156984389876 0.52694085737875973 -1.4982714886980435 -1.0000000000000331 1.8196573818544546 107638.92500000029 0.54346795040210016 -0.085962476232340684 1.6193241592534253 -2.1013796110107275 -0.22941573392213041 0.65466530913421261 1.9452208853395565 242185.87500000032 316553.02500000043 0.39571545177365514 -2.3557144093453668 -0.00044233999999999994 74.773587164572362 -0.0023881596022374825 128299.49088565892 4.3097867657905518 -0.76872251146201165 90.500000000000014 92925.200000000259 -1.3516686305271983 242468.65332994054
decision_type=2 2 2 2 2 2 2 2 2 2 2 2 2 2 2 2 2 2 2 2 2 2 2 2 2 2 2 2 2 2
left_child=1 2 -1 4 5 -3 -4 -6 27 11 16 26 -12 14 -14 21 20 18 -18 -19 25 22 24 -23 -16 -11 -10 -5 -29 -30
right_child=-2 3 6 8 7 -7 -8 -9 9 10 12 -13 13 -15 15 -17 17 19 -20 -21 -22 23 -24 -25 -26 -27 -28 28 29 -31
leaf_value=0.034206106186003185 0.038638806971754265 0.11420448315975272 0.011344669248260967 0.00013883369572450306 -0.026277830739405164 0.026224008251262976 -0.042824272970631308 0.036065699576817732 0.014248911452561012 0.059608983740860058 -0.041120138470778361 -0.06015899297573777 -0.015124851975876832 -0.018284841550010249 0.07573156600729837 -0.032118014775477821 0.051983930369721577 0.033786935793751548 -0.02368772143584448 -0.030301976202986632 -0.04045183421225701 0.088702018788275327 -0.033532421614014922 0.025472485307711148 0.0026548094860057996 -0.022350718577818295 -0.030570676786912943 0.062751843337503763 -0.011566961824434403 0.070478365706423199
leaf_weight=6.435438551008704 3.3795857802033415 3.8591345921158791 5.0276811048388526 1025.6133596971631 7.8048467189073545 7.1435453891754168 15.223235463723537 4.2720870077610016 81.867082200944424 3.0548377707600594 9.3751742318272573 5.5306509882211676 13.783894836902617 22.632325325161219 6.4083767905831355 6.6077670007944098 8.7725710608065111 4.8415284678339985 5.6180237084627143 26.97071810439229 45.454685352742672 9.1258749440312403 6.3129817172884932 12.00745192915201 6.8554074391722679 7.4710768759250623 7.9406453743576995 12.166064940392969 24.706418298184875 4.4775150120258322
leaf_count=37 16 20 30 6149 52 38 102 26 478 18 76 42 81 144 31 40 54 34 38 185 309 44 38 69 40 52 52 75 151 24
internal_value=-7.6327e-05 -0.000169296 -0.014043 9.88609e-05 0.0250023 0.0570827 -0.0293758 -0.00422447 -0.000324507 -0.00473512 -0.0100732 0.00619947 0.00200974 0.00683872 0.0161446 0.0252535 -0.0210831 -0.00715824 0.0224421 -0.0205482 -0.0325758 0.0345656 0.0149068 0.0527765 0.0379617 0.00143568 0.010286 0.000876902 0.0191834 0.00102076
internal_weight=1410.74 1407.36 26.6864 1380.67 23.0796 11.0027 20.2509 12.0769 1357.59 290.631 195.293 95.3384 93.1093 83.7341 61.1018 47.3179 102.183 46.2028 14.3906 31.8122 55.9806 40.7101 19.5768 21.1333 13.2638 10.5259 89.8077 1066.96 41.35 29.1839
internal_count=8545 8529 169 8360 136 58 132 78 8224 1825 1253 572 563 487 343 262 690 311 92 219 379 222 109 113 71 70 530 6399 250 175
is_linear=0
shrinkage=0.05


Tree=93
num_leaves=31
num_cat=0
split_feature=19 20 20 0 18 16 22 15 16 27 14 24 3 27 18 19 7 4 27 2 7 26 9 21 15 23 16 3 13 4
split_gain=2.04881 2.06401 7.43267 6.69153 4.73501 6.49978 4.72182 3.70629 3.80148 2.95318 3.11012 5.63649 10.2964 8.75415 5.19082 5.13504 4.59458 11.3292 9.60655 10.663 10.3738 8.45901 10.3915 9.20128 8.23411 8.21591 8.15985 7.94776 9.38151 7.51225
threshold=-1.9999999999999933 -12.999999999998332 -9.2499999999981117 0.41688032823660109 -0.63760017693860094 -0.33181480156895843 7.5000000000000009 0.42168093785910105 -0.23690245652486727 0.014843267229647019 34986.121848418625 0.18646701002019242 -0.42807971910289294 -0.00048287780689476584 -1.0482739484797439 -0.87500000000000477 0.7542439790541825 -1.2031543733332963 0.00063510452451442944 -0.73966724171927412 1.8696507029847214 -0.00034287999999999994 0.75742688858149465 3.2768467978755043 0.15414647102515977 76.500000000000014 -0.36103291156488199 -1.1155395091490903 -1.8144765615579672 -0.17244979232743921
decision_type=2 2 2 2 2 2 2 2 2 2 2 2 2 2 2 2 2 2 2 2 2 2 2 2 2 2 2 2 2 2
left_child=-1 4 3 7 -2 -6 -7 -3 -9 10 15 14 13 -13 -12 -4 -16 27 19 -19 24 -21 23 25 -20 -23 29 -18 -29 -26
right_child=1 2 9 -5 5 6 -8 8 -10 -11 11 12 -14 -15 16 -17 17 18 20 21 -22 22 -24 -25 26 -27 -28 28 -30 -31
leaf_value=-0.040139073725084205 -0.064669083427421573 0.045745638879884226 -0.042732461901903544 0.06535037842049829 0.045163124911892345 -0.061923046489536504 0.0077242279167202936 -0.026674160571105172 0.034826680915841672 -0.014094742893169669 -0.031850957604010487 0.040454908992461493 0.068990271961929681 -0.040470988092709687 0.0041270648029965587 -0.0027210180848994802 -0.00042410048021613461 0.03838643150003216 0.038427588907338599 -0.018652637968659468 0.012353965369261193 0.057262688768486648 -0.0014568097150955027 -0.033831479455867876 0.033364299340853686 -0.0107697765555992 -0.043949191495377515 0.029111020810730078 -0.049410093300392664 -0.026477012710571814
leaf_weight=3.1840829551219931 4.0098573490977314 4.8848101794719758 8.1858781315386278 7.9348529651761046 4.6826347708702096 4.7879651151597464 4.9489203616976738 7.5996708907187021 3.7537065520882553 37.472225930541754 11.779492095112799 6.545016173273325 8.7113780528306943 6.8281332701444644 589.4968272652477 393.12481248378754 21.853729356080294 25.451872400939465 4.9867145121097556 33.458903938531876 30.528118833899498 22.669473346322778 61.660842757672071 4.3957506343722335 8.0718132406473178 5.5179398953914633 34.46800234913826 4.3743258640170088 29.175841346383095 14.973083540797232
leaf_count=40 25 24 109 41 25 35 28 49 22 263 76 39 38 46 3469 2372 146 142 27 208 181 122 375 29 43 34 233 26 191 87
internal_value=-7.6662e-05 1.40435e-05 0.000234771 0.0277176 -0.0166088 -0.00324396 -0.0265238 0.0093282 -0.00634047 -0.00025238 0.000138723 0.0017336 0.02669 -0.000864663 0.00112315 -0.00353717 0.00155904 -0.00346055 0.00113677 0.00883456 -0.0115364 0.00294471 0.0106123 0.033452 -0.0232057 0.0439447 -0.0285496 -0.0238884 -0.0391724 -0.00551672
internal_weight=1409.52 1406.33 1387.9 24.173 18.4294 14.4195 9.73689 16.2382 11.3534 1363.73 1326.26 924.947 22.0845 13.3731 902.863 401.311 891.083 301.586 246.183 153.155 93.0277 127.703 94.244 32.5832 62.4996 28.1874 57.5129 55.4039 33.5502 23.0449
internal_count=8545 8505 8392 136 113 88 63 95 71 8256 7993 5512 123 85 5389 2481 5313 1844 1481 910 571 768 560 185 390 156 363 363 217 130
is_linear=0
shrinkage=0.05


Tree=94
num_leaves=31
num_cat=0
split_feature=28 6 16 16 1 0 13 4 13 1 27 18 3 14 27 15 1 23 23 14 1 4 13 14 2 13 10 1 26 29
split_gain=2.00506 4.93928 8.6355 6.48331 5.18715 6.56717 6.12329 5.04995 4.92684 4.75143 5.9029 5.20183 4.73835 7.07724 5.28198 4.69358 4.65095 5.04902 5.78724 5.15649 4.1176 4.41908 4.97795 4.84315 10.0445 7.28514 8.23387 7.25729 6.95818 6.52186
threshold=1.0000000180025095e-35 0.4529324246631426 -0.22941573397651835 -0.1498182317936872 -1.3360733532072298 -0.5568629441246743 -1.9383944650906324 2.1051248170204153 1.5543908599347354 0.47466448813617929 -8.4272387615880171e-05 -0.43065659744346457 -2.3908782525225969 139402.62667447331 0.0064160655999494507 0.7229568930610103 1.2715925834776718 -42.499999999999993 -112.49999999999999 103389.67829014685 -1.4771714760868744 2.0674009570560945 0.76730550236977801 101075.21914797531 0.090241208916885265 0.92933822211938921 1.3551323400667799 0.59206916354585448 -0.00011800000000000001 3568.3000000000006
decision_type=2 2 2 2 2 2 2 2 2 2 2 2 2 2 2 2 2 2 2 2 2 2 2 2 2 2 2 2 2 2
left_child=16 12 4 9 5 -3 -6 -8 -5 10 11 -4 13 -2 20 -11 -1 18 19 -18 -14 23 -23 24 29 -26 -27 28 -28 -22
right_child=1 2 3 8 6 -7 7 -9 -10 15 -12 -13 14 -15 -16 -17 17 -19 -20 -21 21 22 -24 -25 25 26 27 -29 -30 -31
leaf_value=0.0023571964141898987 0.070201789612846649 -0.0015575581785439484 0.085401453615194634 -0.012625240714450692 0.049057193590016195 0.077778335042823582 -0.015284918305203708 0.037259879422352489 0.052716552179953663 0.090339777400467391 -0.0094094503019931074 0.0070947645335920906 -0.043889852209086089 -0.015239386789654009 -0.047048707240134137 0.025388866887036673 -0.03663668098175319 -0.014747188475291065 0.023179428697676054 0.036892055410384449 -0.034777648794330457 -0.058291335027625117 0.001304235488845824 0.0060997765926753787 -0.0075835537013428924 -0.049113646388522905 0.059374029740099345 0.065810035568287142 -0.026665472535205501 -0.0030176197654220396
leaf_weight=888.87317272461951 4.8060008995234949 7.1300411894917488 4.6357011497020721 15.676614947617056 4.338471718132495 4.1131769269704801 72.733095023781061 4.8794111013412467 3.5354851856827727 6.4028509557247144 8.4213700070977211 3.9092411920428312 7.3868551142513743 4.8893075622618198 8.5861898809671384 4.9178158119320869 9.8299533128738386 84.73996540158987 22.342863313853741 3.147999193519353 44.30960532836616 8.2159565687179548 6.1096768826246253 74.895799852907658 50.041069962084293 3.1662707626819637 3.8285462073981789 10.8021297827363 6.0840749554336062 25.447038643062115
leaf_count=5357 29 41 23 96 26 21 445 25 19 31 51 21 50 35 61 26 62 548 128 19 286 53 33 450 311 19 21 54 36 168
internal_value=-7.73081e-05 -0.00307651 0.00446268 0.0218138 -0.00438084 0.0274664 -0.00875011 -0.0119815 -0.000600791 0.0370375 0.0202985 0.0495768 -0.00717875 0.0271141 -0.0085147 0.0621244 0.00110955 -0.0081274 0.00775447 -0.0188012 -0.00713776 -0.0059721 -0.0328747 -0.00420887 -0.00958249 0.00325983 0.0259814 0.0374598 0.00656552 -0.0231917
internal_weight=1408.2 399.262 140.693 47.4991 93.1942 11.2432 81.951 77.6125 19.2121 28.287 16.9663 8.54494 258.569 9.69531 248.873 11.3207 1008.93 120.061 35.3208 12.978 240.287 232.9 14.3256 218.575 143.679 73.9221 23.881 20.7148 9.91262 69.7566
internal_count=8545 2431 825 267 558 62 496 470 115 152 95 44 1606 64 1542 57 6114 757 209 81 1481 1431 86 1345 895 441 130 111 57 454
is_linear=0
shrinkage=0.05


Tree=95
num_leaves=31
num_cat=0
split_feature=23 16 22 18 22 3 14 18 21 23 1 25 16 18 14 9 4 10 4 0 7 27 5 15 10 10 14 10 13 0
split_gain=1.96149 2.36429 2.27654 7.91746 5.32473 4.2141 6.57557 8.40937 5.54982 5.72646 4.33047 4.01269 3.90304 4.41052 5.27065 3.7633 4.59037 6.50608 4.80997 3.67837 4.39589 6.4255 4.37563 3.63171 3.45421 8.34464 9.58955 6.4982 7.74072 5.97726
threshold=298.50000000000006 -0.2400460937358905 75.500000000000014 1.7158243708684051 52.500000000000007 -0.39993468344667599 123366.49620979717 -0.23688096156990332 1.8420033541835754 81.500000000000014 1.1894720776090366 -0.595831272175539 0.4222003309907934 -0.13988863787645839 75998.203921121414 1.0952656294985192 -0.96743271177554024 10.318725626515159 -1.3941324392832624 0.89041078013931207 -1.0876316474717944 0.00068402254444632782 216.83950000000189 0.6350528986626458 12.345321828495985 14.323434814257999 78855.040733046801 8.7703447909881902 -0.32914697827414946 1.477876284109507
decision_type=2 2 2 2 2 2 2 2 2 2 2 2 2 2 2 2 2 2 2 2 2 2 2 2 2 2 2 2 2 2
left_child=2 -2 4 15 11 6 10 -8 12 -10 -6 -1 13 14 -7 16 17 18 -4 20 21 -18 -21 -15 27 26 -26 29 -29 -13
right_child=1 -3 3 -5 5 8 7 -9 9 -11 -12 24 -14 23 -16 -17 19 -19 -20 22 -22 -23 -24 -25 25 -27 -28 28 -30 -31
leaf_value=0.037890803451550353 0.0016471043042797014 -0.060629837655400691 0.020546524659375905 0.069578723300580111 -0.043033630386908689 -0.0098067679540761437 -0.049920062555781936 0.059588139354712993 -0.0056672141187042715 0.060065042279844508 0.0045638915858037437 -0.002348489769517785 -0.054097981397823916 0.0035967390439895237 0.077603702836091859 -0.014189481113546457 -0.0066207562575648473 -0.024136351353542411 0.083223388225599604 -0.040631280843567527 0.00029197880809750534 0.069803486806970724 0.018564557737461788 -0.056451597095565069 0.10544318890373157 0.0018951208734809489 0.0072697563487564721 0.0053444605273395562 -0.053542973640922989 0.035190257047991579
leaf_weight=7.0539276376366606 3.1630814224481583 2.9410202875733367 6.3161247298121461 4.8675292506813994 26.372434534132481 4.2990088909864452 2.8357849940657616 4.5918442755937567 7.1995154842734319 6.1383564472198486 5.8361731097102156 554.37096558883786 5.2022303417325011 5.1033852621912974 2.879788339138031 21.468710850924253 4.8218345269560761 3.7767939940094939 5.9395786896348008 8.8159769363701326 30.010189346969131 6.4019393920898438 4.8331885412335387 4.9702214300632477 4.1972880437970144 622.89240095205605 6.1060234382748604 9.6254910454154032 13.279612734913824 10.811123289167879
leaf_count=42 20 23 38 27 169 28 18 26 41 31 34 3326 34 30 16 148 29 24 34 60 185 31 26 32 22 3815 35 60 87 54
internal_value=-7.66848e-05 -0.0283586 4.65368e-05 0.0074262 -0.000503935 -0.0133986 -0.0246292 0.0177791 -0.000961912 0.0245841 -0.034409 0.000287889 -0.016136 -0.00468912 0.0252581 0.00415152 0.00970401 0.0332405 0.0509221 0.00282851 0.0102759 0.0369709 -0.01967 -0.0260305 7.0701e-05 0.00263334 0.0472629 -0.0026885 -0.0287965 -0.00163043
internal_weight=1407.12 6.1041 1401.02 97.2519 1303.77 75.4287 39.6362 7.42763 35.7925 13.3379 32.2086 1228.34 22.4546 17.2524 7.1788 92.3843 70.9156 16.0325 12.2557 54.8831 41.234 11.2238 13.6492 10.0736 1221.28 633.196 10.3033 588.087 22.9051 565.182
internal_count=8545 43 8502 602 7900 459 247 44 212 72 203 7441 140 106 44 575 427 96 72 331 245 60 86 62 7399 3872 57 3527 147 3380
is_linear=0
shrinkage=0.05


Tree=96
num_leaves=31
num_cat=0
split_feature=19 30 6 18 26 18 16 23 6 26 14 30 0 14 9 21 21 26 15 6 23 6 6 18 23 4 15 21 4 23
split_gain=2.06373 1.95482 4.61945 5.09021 5.11479 5.10901 4.45071 5.06574 4.70504 4.0786 4.96283 5.04535 4.90865 3.94467 4.77633 3.7689 3.75776 4.01796 3.75474 3.59411 3.38188 3.26413 2.99952 2.75544 6.05519 5.70395 4.945 5.42201 6.23579 6.27232
threshold=-2.0000000000000058 3.0612275309324262 -1.3387133738721901 -0.072513026691030852 6.5575000000000008e-05 -0.39711567462899178 -0.1498182317936872 -38.499999999999993 -0.56091058227397972 -0.00057144499999999996 33355.685892208166 3.5896524027175274 0.73768214185917547 24459.592259489138 0.11554302406314285 2.1192142082524925 3.0212551579528655 -0.00017749999999999995 0.62310236768067861 0.19397910733614446 27.500000000000004 -0.74036537928497059 1.5256908490612069 -0.5810364060973352 142.50000000000003 -2.5939349569704953 0.4472135958107023 0.77596066134040809 -1.2683464708514645 -89.499999999999986
decision_type=2 2 2 2 2 2 2 2 2 2 2 2 2 2 2 2 2 2 2 2 2 2 2 2 2 2 2 2 2 2
left_child=-1 23 16 4 6 13 7 15 -9 21 11 -11 18 -6 -15 -4 17 -3 20 -10 -12 -5 -21 24 25 -2 27 -27 -29 -30
right_child=1 2 3 9 5 -7 -8 8 19 10 12 -13 -14 14 -16 -17 -18 -19 -20 22 -22 -23 -24 -25 -26 26 -28 28 29 -31
leaf_value=-0.054796467221797054 -0.04669712324132351 -0.0025536912328381089 -0.033648973099375312 0.010870063114211397 -0.030460047601029383 -0.042463864684975802 -0.011834288739492962 0.090882654140761077 -0.0060141999987933965 -0.0020995911560183099 0.049971961969993206 0.070173084286513851 -0.040743327539790743 0.067026575649410114 -0.00020280892329947888 0.032178440110178605 0.031767656100669971 -0.062096954963474449 -0.032218220040848781 0.070661001755247213 -0.0072843672051906214 -0.046015979190568379 0.020210159459430735 0.00075889185446183325 -0.04673117883079142 -0.021571997954617859 -0.006728258714156392 -0.02275718857121654 -0.014298121266061817 0.024707053758191173
leaf_weight=1.7209196910262097 7.4484136700630179 5.506613425910472 3.4697769507765752 3.6882941946387291 3.5585269480943706 5.2836315706372252 5.1269922740757492 5.6661464199423817 3.613513007760047 4.5416973233222979 6.029083192348482 5.1565233841538429 7.1107693314552298 4.8414178341627103 5.8151610866189003 5.824385404586792 2.7702521532773963 5.8358276188373557 3.8499954715371123 7.4443187415599805 4.5068482533097267 7.972701318562029 4.8757762163877487 974.53494618274271 8.3066682703793031 14.066537778824566 207.2903103902936 11.081339500844477 12.590093374252318 56.831686679273844
leaf_count=23 50 34 20 22 20 31 27 29 21 24 29 26 39 22 32 31 18 40 23 34 23 49 27 5920 55 92 1323 73 77 311
internal_value=-7.59399e-05 -8.89802e-06 0.00631295 0.0101507 0.0201432 -0.000483725 0.0313089 0.0384688 0.0517499 -0.00279464 0.0066361 0.0363276 -0.00675922 0.0151199 0.0303403 0.00760318 -0.0204387 -0.0331894 0.0100387 0.0378339 0.02548 -0.0280233 0.0506947 -0.000559247 -0.00460368 -0.00347232 -0.00240574 0.00706892 0.0120734 0.0176332
internal_weight=1406.36 1404.64 112.488 98.3756 55.5196 19.4987 36.0209 30.8939 21.5998 42.8559 31.1949 9.69822 21.4967 14.2151 10.6566 9.29416 14.1127 11.3424 14.3859 15.9336 10.5359 11.661 12.3201 1292.15 317.615 309.308 301.86 94.5697 80.5031 69.4218
internal_count=8545 8522 621 529 294 105 189 162 111 235 164 50 114 74 54 51 92 74 75 82 52 71 61 7901 1981 1926 1876 553 461 388
is_linear=0
shrinkage=0.05


Tree=97
num_leaves=31
num_cat=0
split_feature=19 5 8 5 4 1 8 27 16 0 1 9 13 1 21 21 0 27 14 10 10 28 4 2 16 30 27 7 2 6
split_gain=1.95379 1.92495 4.26766 6.42138 5.76234 5.91291 6.3394 6.33639 4.41444 4.18716 4.82465 3.62351 3.56201 3.48818 4.13607 6.09627 2.92509 5.40471 6.58269 6.02654 6.79084 7.05274 6.71071 6.00072 5.66398 5.79679 6.38911 5.6367 5.37607 6.81537
threshold=-2.0000000000000058 882.49749999982316 8531.975000000235 1026.1070000000766 2.1051248170204153 0.8233104747616885 153969.72000000018 -0.0015838115745971935 -0.22941573388590128 0.14048230380824625 1.1662671463059306 2.1196957501757017 -0.016051604726333109 1.4807508981515978 1.8119886034929913 1.0352535929109956 -1.0872325162847527 0.0029409534500660643 29684.596185625651 2.5657777783779783 8.9776542392807865 -5755.5150000000003 -2.2837126367487386 1.5070134823231098 -0.42278412401402221 0.96784944855971977 -0.0011743483249421203 -1.2287204734722625 -0.75435220366478317 0.61433063655682085
decision_type=2 2 2 2 2 2 2 2 2 2 2 2 2 2 2 2 2 2 2 2 2 2 2 2 2 2 2 2 2 2
left_child=-1 13 3 -3 5 11 7 -7 -6 -5 -11 -4 -8 16 15 -15 17 19 -19 22 21 -21 -2 27 -23 26 -26 -22 -24 -30
right_child=1 2 4 9 8 6 12 -9 -10 10 -12 -13 -14 14 -16 -17 -18 18 -20 20 23 24 28 -25 25 -27 -28 -29 29 -31
leaf_value=-0.054543719437067512 0.037842042742617182 0.074480926311945098 -0.061679740989624844 -0.023393398659215532 -0.031493765178265985 0.081601238545563795 0.028931541852456874 0.016938695660574366 0.01805921537737586 0.073428428895181697 0.0057050315530727076 0.013804024703090306 -0.045254094006638441 -0.030485494256602182 -0.0486580414631331 0.064403649672541821 -0.0013721193058617272 0.062107508448251018 0.011588226011436617 0.083078097059492859 -0.01850503963096203 -0.032285024655647816 -0.032654801088057267 -0.055498279134880084 -0.030457540725300714 0.072200269909970055 0.062492596077214281 0.010435883466826336 0.0058428690985085421 -0.037675088299600423
leaf_weight=1.6443830989301194 6.786381058394908 5.2269990146160152 3.4923862069845226 5.8054421320557621 17.229503169655803 6.6512486487627056 2.8152152597904205 8.8025476559996587 6.0806166827678672 3.9630790427327138 7.8171765804290771 2.9184827581048012 3.8050355054438105 4.7966620363295069 8.1195280104875547 2.6157052591443062 1043.0430395640433 7.4366224072873583 48.506570026278496 5.2478066310286549 21.03870827332139 4.3749910742044493 25.662087868899107 4.3187789767980567 4.7885179631412065 5.5728394687175751 3.011408358812325 83.991171836853027 37.938904941082001 11.793650593608616
leaf_count=23 39 25 25 35 107 32 15 49 34 19 43 18 26 37 53 16 6325 41 295 29 134 25 167 31 34 29 17 518 233 71
internal_value=-7.42539e-05 -1.04426e-05 0.00780453 0.0258235 -0.000131761 0.0149548 0.0272315 0.0447692 -0.0185675 0.011361 0.0284883 -0.0273165 -0.0137072 -0.000449147 -0.0240053 0.00299936 -0.000170602 0.00446297 0.0183038 0.000853589 0.00745745 0.0321556 -0.00978127 0.00226354 0.0170984 0.0332545 0.0054288 0.00463868 -0.0140679 -0.00447704
internal_weight=1405.3 1403.65 74.6077 22.8127 51.795 28.4849 22.074 15.4538 23.3101 17.5857 11.7803 6.41087 6.62025 1329.04 15.5319 7.41237 1313.51 270.468 55.9432 214.525 132.344 22.9956 82.181 109.349 17.7478 13.3728 7.79993 105.03 75.3946 49.7326
internal_count=8545 8522 428 122 306 165 122 81 141 97 62 43 41 8094 106 53 7988 1663 336 1327 817 134 510 683 105 80 51 652 471 304
is_linear=0
shrinkage=0.05


Tree=98
num_leaves=31
num_cat=0
split_feature=0 13 0 22 15 8 20 27 21 9 8 30 0 22 15 27 6 7 13 27 7 16 13 21 28 5 18 7 15 9
split_gain=1.95547 6.74407 4.93635 7.6747 5.10792 5.47224 3.94017 2.62138 2.54532 9.81921 6.96451 6.13402 5.23541 4.52591 3.82772 3.19513 8.27373 10.7373 6.70198 7.82228 6.20184 6.03979 4.29647 3.8757 3.82369 3.76491 6.77913 6.80215 9.43059 7.81439
threshold=-1.4817744584458656 -1.0570451721754093 -1.4579156984389876 -18.499999999999996 0.52694085737875973 66936.415000000256 -1.0000000000000331 -0.0273277840034391 4.2154178389736989 1.5969989879117323 62661.590000000237 0.93849727745236389 -1.017595126423241 -39.499999999999993 0.64044710145800898 -0.012653585827629319 -1.6899798100270929 -0.4090017333939272 0.31631280177615773 -0.014216530098458966 0.98624074224419034 -0.26711566767225442 0.066468024190082506 0.52086856613000887 216970.12500000003 -745.92200000002038 -0.50671110450451684 -0.11285093878431753 0.88967246148020906 0.11554302406314285
decision_type=2 2 2 2 2 2 2 2 2 2 2 2 2 2 2 2 2 2 2 2 2 2 2 2 2 2 2 2 2 2
left_child=1 -1 3 -2 -5 -6 -3 -4 15 10 11 13 -13 -10 -12 16 17 -9 19 20 -18 22 -19 -20 25 26 -17 29 -29 -28
right_child=2 6 7 4 5 -7 -8 8 9 -11 14 12 -14 -15 -16 24 18 21 23 -21 -22 -23 -24 -25 -26 -27 27 28 -30 -31
leaf_value=0.030502475584665019 -0.019909286842371799 0.010336746033745611 -0.044699160851450793 0.068774298160584682 -0.021352707487992055 0.06643278315604513 -0.04070433683069645 -0.047734445782701057 0.017772531688136178 -0.050585250445386892 0.076859780244310588 0.069347871689257018 -0.0062601828941145693 -0.041247184541706367 0.0077829687665027366 -0.014086755548735619 -0.051674190990660798 -0.0070465932488632879 0.0084078112154816025 0.067269866553824109 0.035952484764257747 0.090873135025570331 0.059411463652774991 -0.054658927487664336 -0.033586952875359483 -0.00055402636627505455 -0.018937067873852326 -0.014969428581856684 0.064797796298495178 0.054098688879477233
leaf_weight=6.566186852753165 7.1828833818435696 5.0514655262231871 3.302318960428237 8.5237376540899294 4.6404932811856261 2.8751589804887772 15.034741183742877 3.0842222049832371 4.2432141453027734 11.994494708254932 4.0575533583760244 3.6297727078199387 6.2010558396577817 13.853053767234091 3.9653652012348175 18.075386330485344 4.45865800231695 4.4798350222408807 3.5921746343374235 5.0369841530919102 3.6906708106398582 6.6120754480361912 5.3200310096144676 7.5691822245717049 8.4887247458100301 1186.7526195012033 4.5059513300657299 17.404911413788799 4.7075546979904166 19.562787987291813
leaf_count=37 45 30 30 43 31 17 103 20 32 120 21 19 40 120 27 107 31 30 22 28 20 38 29 47 56 7142 26 107 25 102
internal_value=-7.33822e-05 -0.0134877 0.000186104 0.0230436 0.0422792 0.0122302 -0.0278681 -0.000205752 -9.70179e-05 -0.0114113 0.00165884 -0.0101367 0.0216561 -0.0274082 0.0427182 0.000319187 0.0135879 0.0378608 -0.0058483 0.0182863 -0.0119898 0.0539463 0.0290313 -0.0343615 -0.000142705 8.42308e-05 0.0118722 0.0220325 0.00201233 0.0404255
internal_weight=1404.46 26.6524 1377.81 23.2223 16.0394 7.51565 20.0862 1354.59 1351.29 47.9445 35.95 27.9271 9.83083 18.0963 8.02292 1303.34 43.8438 19.4962 24.3477 13.1863 8.14933 16.4119 9.79987 11.1614 1259.5 1251.01 64.2566 46.1812 22.1125 24.0687
internal_count=8545 170 8375 136 91 48 133 8239 8209 379 259 211 59 152 48 7830 265 117 148 79 51 97 59 69 7565 7509 367 260 132 128
is_linear=0
shrinkage=0.05


Tree=99
num_leaves=31
num_cat=0
split_feature=20 20 18 16 22 20 22 0 27 19 0 22 22 0 18 0 10 21 18 19 21 5 22 3 4 0 27 8 16 3
split_gain=1.92305 6.79409 4.39249 5.89663 4.40982 2.4566 5.83086 5.80235 2.69794 2.99443 4.84654 6.994 7.21935 6.45315 4.97754 4.65186 4.76527 4.38488 4.54401 4.32006 4.26972 4.08414 4.97153 3.86481 4.84896 4.73517 3.76307 9.83362 5.54194 4.43876
threshold=-12.999999999998332 -11.999999999998444 -0.63760017693860094 -0.33181480156895843 7.5000000000000009 -9.2499999999981117 -44.499999999999993 -0.41460491373130731 0.014843267229647019 -0.29787234042552524 0.15823854689278813 -22.499999999999996 11.500000000000002 0.7751724656268949 1.5626726412305472 0.99569839298426988 13.674057298552725 2.5987078462637041 -0.035326315930942973 -0.37416666666666748 2.2436730027259419 -835.41700000013213 -3.4999999999999996 1.1808904442240513 -1.0881206771152481 0.89041078013931207 0.012087546944161811 13464.610000000293 -0.32736520251577667 0.1485355187083974
decision_type=2 2 2 2 2 2 2 2 2 2 2 2 2 2 2 2 2 2 2 2 2 2 2 2 2 2 2 2 2 2
left_child=2 -2 -1 -4 -5 6 -3 -8 9 10 19 20 13 17 23 -15 -17 18 -13 21 -12 22 -7 24 -14 -26 -11 28 -28 -29
right_child=1 5 3 4 -6 8 7 -9 -10 26 11 12 14 15 -16 16 -18 -19 -20 -21 -22 -23 -24 -25 25 -27 27 29 -30 -31
leaf_value=-0.063693863467858075 0.059510549269141767 -0.047592597142122266 0.041897279824995297 -0.061366291882018476 0.0065528395070950781 0.064564884467759778 0.003064702674622625 0.062610314925090269 -0.013612145427847494 0.00059438678326323598 -0.0049312979225375666 -0.0021666064913851116 0.049006378496380371 -0.031518727800795669 0.055808875172681731 0.074248146079072014 0.0031419753554918365 0.11065978859768617 0.076782037028649899 -0.036727763409285387 -0.060512181079943099 -0.011854342569601835 -0.01499651183877025 -0.051767222204640598 -0.060473314940105653 0.0096299040867197025 0.017849946527853953 0.025471967358464936 0.093903178173737778 -0.048069561699199362
leaf_weight=3.843596167862418 4.8018586114048949 2.9244352951645878 4.7720582783222207 4.6078954152762854 4.9649659469723701 4.0418027527630329 9.407558716833595 7.2393906116485569 37.135253205895424 1139.9055219963193 9.6768877469003183 3.3399410843849182 3.4946782104671028 4.4604073576629153 2.7676312476396552 3.7725919932126981 6.2758346870541573 3.2497980780899525 4.0118386521935481 15.995205149054526 5.3743235431611529 80.075614243745804 3.81844363734126 5.3906011357903472 4.1196546480059641 5.8002460226416588 4.5227681845426559 3.6342076882719976 5.0923116058111209 4.7122622951865196
leaf_count=25 25 19 25 35 28 27 56 36 263 6698 70 26 25 35 18 23 40 18 22 110 43 627 28 45 33 41 25 23 24 32
internal_value=-7.29118e-05 0.000139202 -0.0162252 -0.00350637 -0.02614 -6.73515e-05 0.017521 0.0289598 -0.000320337 5.26008e-05 -0.00623482 0.00486149 0.0144174 0.0326424 -0.00679605 0.0109754 0.0298382 0.0622948 0.0409154 -0.012826 -0.0247775 -0.00847832 0.0259146 -0.0160099 -0.00164089 -0.0194834 0.000952194 0.02366 0.058129 -0.0160482
internal_weight=1403.23 1385.04 18.1885 14.3449 9.57286 1380.24 19.5714 16.6469 1360.67 1323.53 165.666 61.7344 46.6832 25.1104 21.5728 14.5088 10.0484 10.6016 7.35178 103.931 15.0512 87.9359 7.86025 18.8052 13.4146 9.9199 1157.87 17.9615 9.61508 8.34647
internal_count=8545 8432 113 88 63 8407 111 92 8296 8033 1231 439 326 164 162 98 63 66 48 792 113 682 55 144 99 74 6802 104 49 55
is_linear=0
shrinkage=0.05


Tree=100
num_leaves=31
num_cat=0
split_feature=19 6 2 3 6 15 15 9 16 14 13 13 6 1 18 7 4 26 2 13 4 21 9 8 10 16 6 2 0 23
split_gain=1.89352 4.00601 3.39733 6.14446 2.99878 2.78722 11.0138 7.58764 7.98855 8.82424 7.20987 12.9171 6.69306 6.69452 5.42887 8.59089 5.37495 8.18618 4.45726 6.08837 3.28839 3.05571 4.46851 5.54731 5.0484 4.36107 3.97378 3.65755 3.51389 3.49669
threshold=1.2727272727272736 -1.7231307357217702 0.8291577149558923 0.33502473942705929 0.9014115649181168 9.1526187175721053e-05 0.0002076122821586585 0.11991768178793362 -0.30961550693185724 34151.009217990235 -0.36531830022869893 -1.2832073630172249 -1.115092942000145 0.69231012837605743 -0.7048073616397369 -0.91473670709969179 -0.032592937627836029 -7.6499999999999976e-05 0.12727327908697622 -0.8358575028911418 0.47124059845073979 4.2154178389736989 1.5969989879117323 62661.590000000237 0.67345707064090143 -0.22941573389217287 0.2269252057986644 -1.1626577704489347 -1.4700760069250591 -8.4999999999999982
decision_type=2 2 2 2 2 2 2 2 2 2 2 2 2 2 2 2 2 2 2 2 2 2 2 2 2 2 2 2 2 2
left_child=5 -2 4 -4 -3 7 12 14 -9 -10 11 -11 -7 18 -1 20 -17 -18 19 -14 -16 -8 23 24 25 26 29 -26 -24 -23
right_child=1 2 3 -5 -6 6 21 8 9 10 -12 -13 13 -15 15 16 17 -19 -20 -21 -22 22 28 -25 27 -27 -28 -29 -30 -31
leaf_value=0.055035146438384433 -0.043038667507739117 -0.014053976497617238 0.075320598133035765 -0.0013013395318644452 0.027005540009314433 -0.045112233750402624 -5.3981557120081676e-06 -0.049309458790498854 -0.043560801710628795 -0.012919170070352495 -0.017625288193660483 0.1143754466972372 0.074410781560395711 0.0055545653181467355 -0.056342992583040929 0.064759240959038025 0.045734276547694908 -0.061869588020613875 0.090540641935533656 -0.0099536575450607911 0.0058004602227891902 0.038929929763975801 0.0215803911868158 0.034224353834581854 0.0063018283408014138 0.049873259556032903 -0.058045470281602819 -0.054231785630674337 -0.046551390420588354 -0.03011887804756503
leaf_weight=5.4373318105936077 2.9865424036979702 9.7933373600244575 5.7328937798738462 4.8132219910621643 8.1456186547875387 2.5546764284372356 1225.115573219955 17.478838171809912 9.2693592011928576 3.9591821990907192 7.2980003505945188 4.0127387344837189 4.7252140492200869 8.9324503615498525 6.5235211029648816 5.3207600563764599 4.0214681103825596 3.153604991734019 6.7173325419425955 3.906667523086071 3.1599679365754128 4.2315837740898097 2.2381081394851199 7.777628742158412 3.4690270945429793 4.1038952171802565 3.1376584693789482 8.8908510804176313 12.254204722121356 3.2353837788105011
leaf_count=27 19 47 25 22 38 16 7384 134 76 30 47 22 23 45 45 27 21 23 30 23 17 29 17 47 28 26 29 71 129 28
internal_value=-7.23759e-05 0.0120536 0.0178298 0.0403505 0.00459009 -0.000350746 0.000170779 -0.0100967 -0.0234773 -0.0050776 0.018283 0.0511557 0.0318703 0.0399696 0.0102617 -0.000714646 0.0266789 -0.00156003 0.0599974 0.0362286 -0.036064 -0.000496722 -0.0126967 -0.00299272 -0.0136864 0.00610781 -0.010829 -0.0372419 -0.0360295 0.00901157
internal_weight=1402.4 31.4716 28.4851 10.5461 17.939 1370.93 1301.29 69.6348 42.0181 24.5393 15.2699 7.97192 26.8363 24.2817 27.6167 22.1793 12.4958 7.17507 15.3492 8.63188 9.68349 1274.45 49.3383 34.846 27.0684 14.7085 10.6046 12.3599 14.4923 7.46697
internal_count=8545 151 132 47 85 8394 7925 469 309 175 99 52 137 121 160 133 71 44 76 46 62 7788 404 258 211 112 86 99 146 57
is_linear=0
shrinkage=0.05


Tree=101
num_leaves=31
num_cat=0
split_feature=7 15 30 29 2 7 22 7 30 6 0 29 19 19 8 15 14 6 16 0 6 19 21 7 6 6 8 27 21 29
split_gain=1.8516 4.27771 2.19198 3.44858 3.59902 4.05024 3.81739 2.99163 2.32483 5.86573 5.4292 4.85414 4.04995 3.92586 3.50542 4.22755 5.24766 4.07479 4.03151 8.69999 8.41115 7.08379 8.19377 3.82759 3.74911 4.2975 4.04274 3.35136 3.33401 4.3042
threshold=-2.9472560420017757 0.81067824228703278 -4.8365806447974569 -24479.614999999994 1.6994764074337245 -0.85822039257232585 39.500000000000007 -1.2916424156949293 -2.6033275521682433 1.7983840773230064 1.0218196592567339 58199.075000000004 -0.73684210526315841 -0.43750000000000938 316553.02500000043 1.0434983903105171 8163.3275049734211 -2.0340530462289936 -0.31953952410162861 -1.1690405697208168 -1.2540530152288094 0.23333333333333092 0.39009910335322923 -0.79859585200020711 -1.0434871489513755 -0.35030621260274292 45885.260000000279 0.00026024524018630762 0.69123825891147483 -1238.5949999999998
decision_type=2 2 2 2 2 2 2 2 2 2 2 2 2 2 2 2 2 2 2 2 2 2 2 2 2 2 2 2 2 2
left_child=1 -1 3 -2 5 7 -7 -5 9 11 -11 12 -4 -14 15 18 -17 -16 19 -15 -20 22 -22 -24 -18 -26 -27 -25 -21 -30
right_child=2 -3 8 4 -6 6 -8 -9 -10 10 -12 -13 13 14 17 16 24 -19 20 28 21 -23 23 27 25 26 -28 -29 29 -31
leaf_value=-0.050230457453951244 0.030184010874340098 0.028470278802338496 0.053412640215524276 -0.029455854843590736 0.029985105730557116 -0.054152108769670693 0.0081185130287552178 0.033637579642705639 -0.0003134139704040012 -0.060414907332664775 0.025882375970701393 0.043473583885324428 -0.040069500607174846 0.083537563354670552 0.025772503884506068 -0.041741066867421898 0.0018982516015938746 -0.041537212421747703 -0.041051181336573206 -0.02997805871642524 0.043987055425729615 0.058815468474138835 -0.056373775046471099 -0.026650450109618497 0.10168977840676362 0.065263784316900234 -0.0008559531023253974 0.036869817115286356 0.046967991144289956 0.0012373884893281404
leaf_weight=5.2469772435724726 3.9552972987294224 2.5734440945088863 4.4326258897781363 3.6322776600718498 3.1711566522717467 12.230155557394022 3.0812140703201303 3.8918664529919704 1232.1980285011232 5.8405266851186735 2.6492726132273674 9.6782326363027078 4.6946738064289084 4.2690913975238791 3.257997190579772 2.2464099153876331 4.8346089832484784 7.2565301805734617 12.260980118066064 5.0117402076721147 6.1918174102902617 5.6268882453441611 5.7589166611432985 5.8988475427031535 3.406216569244866 5.2444933205842865 4.1342103034257889 3.2046187520027161 7.3025955781340661 17.418287284672257
leaf_count=45 26 17 36 22 18 94 20 22 7471 47 15 54 35 22 27 15 31 48 90 30 34 28 36 38 16 24 25 18 40 101
internal_value=-7.13783e-05 -0.0243326 6.48479e-05 -0.0133128 -0.0199282 -0.0268596 -0.041621 0.00317925 0.00035896 0.00670179 -0.0334855 0.0094954 0.00657104 0.00464886 0.0066807 0.00978052 0.0302288 -0.0206808 0.00421151 0.0167912 -0.00677224 0.00898025 -0.00433858 -0.0244715 0.0394047 0.0535877 0.0361177 -0.00428993 0.00720754 0.0147463
internal_weight=1400.6 7.82042 1392.78 29.962 26.0067 22.8355 15.3114 7.52414 1362.82 130.62 8.4898 122.13 112.452 108.019 103.324 92.8097 19.8659 10.5145 72.9438 34.0017 38.9421 26.6811 21.0542 14.8624 17.6195 12.7849 9.3787 9.10347 29.7326 24.7209
internal_count=8545 62 8483 202 176 158 114 44 8281 810 62 748 694 658 623 548 111 75 437 193 244 154 126 92 96 65 49 56 171 141
is_linear=0
shrinkage=0.05


Tree=102
num_leaves=31
num_cat=0
split_feature=22 27 22 2 13 8 27 9 18 18 21 21 27 20 21 15 6 16 3 2 13 3 1 2 9 9 21 4 6 8
split_gain=1.82562 4.20747 2.73308 6.14646 2.20687 6.05011 4.00423 3.73949 3.801 3.39807 3.60171 3.21166 2.6101 4.54588 3.76454 4.52845 3.00414 3.20747 2.92982 3.80797 2.63638 12.6697 8.00908 6.70179 5.49676 5.7089 6.90134 8.57723 7.44155 6.621
threshold=205.50000000000003 -0.00028950469259642059 160.50000000000003 0.41274079706189737 -2.2638317187226753 4176.3200000002626 -0.010831272170791105 0.86700441908787818 -1.0000000180025095e-35 -0.4892080892793586 2.8171424678196466 1.3617735269888265 0.014843267229647019 -1.9999999999999887 2.9977639367373352 0.80881976549764945 1.5085581721660408 -0.33294629240445278 2.527852759300838 0.36740929101400227 0.88059326256436654 1.6702666103426058 0.80434612826776031 1.2605744966640715 10.37041225721887 0.0046880156078436862 2.0694397326393212 -1.34889152745081 1.9332145514134023 259460.93500000026
decision_type=2 2 2 2 2 2 2 2 2 2 2 2 2 2 2 2 2 2 2 2 2 2 2 2 2 2 2 2 2 2
left_child=2 -2 4 -4 5 -1 -7 9 -9 -8 11 -11 18 -14 16 -16 -15 -18 20 -20 -6 24 -23 -24 25 -22 28 -28 -27 -29
right_child=1 -3 3 -5 12 6 7 8 -10 10 -12 -13 13 14 15 -17 17 -19 19 -21 21 22 23 -25 -26 26 27 29 -30 -31
leaf_value=0.041296149478828877 0.016479579255253663 -0.057015458504585927 0.058666967407677455 -0.029838485742435847 -0.0012808419676233619 0.038296714416981112 0.051750098836764236 -0.053317715077189465 0.0043495257886102768 -0.022354042639364798 -0.045429620671535803 0.04501615634657926 0.04135795129864981 -0.051801271214038269 -0.033347906893815039 0.048857315000969119 0.018500908669190436 -0.032328052891890093 0.013070571375343036 -0.039643146504858826 -0.019206558349496586 0.011647890742505593 0.11405284906128253 0.036744520019142572 -0.035014687107423968 -0.007888552682105093 -0.016148505888595559 0.017446000281278462 0.045989626567864039 -0.02767161677121175
leaf_weight=11.936229072511194 3.5288260281085968 4.3452471047639838 5.6708024665713292 2.9991417564451694 924.80413114652038 5.4971618354320553 3.4499450847506514 6.9213699549436578 4.8666072264313671 3.1565774008631724 3.6803756430745125 4.0243893265724182 3.30749962106347 9.3886101841926628 3.0125728137791148 3.7740348018705845 4.6833615526556995 9.2018569149076885 5.1712721437215796 10.151185832917689 28.136652216315269 13.202701583504679 4.7717123180627805 6.795930452644825 10.151543460786341 114.77744730934501 25.85997211560607 146.93222295865417 6.7878260649740687 8.6078838706016523
leaf_count=60 21 28 35 22 5687 28 19 57 34 20 25 20 18 67 24 26 31 71 30 72 165 76 22 36 75 686 175 819 36 60
internal_value=-7.03807e-05 -0.0240781 6.545e-05 0.0280508 -0.000109982 0.0109692 -0.000487516 -0.00865645 -0.0295101 0.00852035 -0.00521094 0.0154019 -0.00047004 -0.0142789 -0.0204005 0.0123664 -0.0299553 -0.0151839 -0.000117269 -0.0218525 0.000140733 0.00373252 0.0382604 0.0686346 0.00122626 0.0023374 0.00433821 0.0105159 -0.00488016 0.0149491
internal_weight=1399.6 7.87407 1391.72 8.66994 1383.05 43.5327 31.5964 26.0993 11.788 14.3113 10.8613 7.18097 1339.52 33.3679 30.0604 6.78661 23.2738 13.8852 1306.15 15.3225 1290.83 366.024 24.7703 11.5676 341.254 331.102 302.965 181.4 121.565 155.54
internal_count=8545 49 8496 57 8439 263 203 175 91 84 65 40 8176 237 219 50 169 102 7939 102 7837 2150 134 58 2016 1941 1776 1054 722 879
is_linear=0
shrinkage=0.05


Tree=103
num_leaves=31
num_cat=0
split_feature=16 19 16 26 16 7 30 3 19 2 27 7 0 18 9 18 6 3 0 18 20 0 15 2 14 22 23 7 23 5
split_gain=1.79668 6.73848 5.76494 6.72913 6.2412 7.11481 6.24024 9.23539 7.72716 6.15748 5.07614 7.0072 4.63775 8.82299 6.06882 4.95525 5.03288 3.20288 3.07183 4.09264 3.72248 3.19124 6.74248 3.59753 3.30999 2.67744 5.52038 4.62625 5.45546 4.24248
threshold=3.526664709122159 0.73684210526315841 2.0392704248865128 -0.00037865999999999996 2.1378123897962609 -0.31085609130408476 -2.386229808407454 -1.3067462789232545 -1.0000000180025095e-35 0.14756776762203574 -0.00051946539669733827 -1.1019801024668365 -0.95079497585653916 -0.50269793337223068 1.6212276200309759 -0.33176957983686023 0.61433063655682085 -1.2088644572365708 -1.4817744584458656 -0.7227335022504664 -1.0000000180025095e-35 -1.4579156984389876 0.52694085737875973 -0.53588105129709873 107238.1928282506 19.500000000000004 30.500000000000004 2.0525587842842277 213.00000000000003 46.531500000040985
decision_type=2 2 2 2 2 2 2 2 2 2 2 2 2 2 2 2 2 2 2 2 2 2 2 2 2 2 2 2 2 2
left_child=2 12 18 -4 -5 10 -7 -8 -9 -10 -6 -12 13 -2 17 16 -14 -15 19 -1 -21 22 23 -20 -24 -23 29 -28 -29 -27
right_child=1 -3 3 4 5 6 7 8 9 -11 11 -13 15 14 -16 -17 -18 -19 21 20 -22 25 24 -25 -26 26 27 28 -30 -31
leaf_value=0.019743202780713905 -0.063502367471447094 0.052981173950593319 -0.018962740037668267 0.078418019361955416 -0.044918793192515107 -0.022264217293764446 0.11080734120922933 -0.035086700138625061 0.011718227233115268 0.091337662846760342 0.041895941507627377 -0.040941064924624987 -0.034939835857528648 0.08775855277650961 -0.031273522445282573 -0.054245444001225343 0.035440477878674513 0.021677588644097332 0.089723145964737391 0.01733440647089218 -0.040869732076649332 0.00097001601404909693 -0.025273417162985531 0.026500562383375594 0.038453321413693918 -0.005560462400740835 0.00070029156208339341 -0.031989021980440138 0.038416804133640584 -0.032465635795986658
leaf_weight=5.4049612358212498 3.4741406328976145 3.7754623815417281 10.851685628294943 4.8664370775222769 5.5932453200221088 3.636368677020072 4.5798271223902729 3.5160750374197987 4.8701453283429164 4.8431899100542068 7.4011822044849405 3.8971755877137122 6.3550797998905164 3.4904950484633437 3.0066436976194382 11.470014717429878 4.2314139194786549 3.8631872311234465 3.5533048883080482 3.3859207704663321 14.558543642982837 926.82924967817962 7.6342368349432927 6.1350137889385241 2.7794840037822723 31.311465308070183 251.98505852371454 20.36274661868811 3.181249886751174 27.537431411445141
leaf_count=33 25 19 65 26 38 25 24 24 28 24 40 23 44 19 20 81 28 24 18 19 99 5617 52 32 17 196 1550 135 19 181
internal_value=-6.94978e-05 -0.0105588 0.000236727 0.0162372 0.0250785 0.0183078 0.0374242 0.0496117 0.0284266 0.0514175 -0.00596254 0.0133227 -0.0172427 0.00545167 0.0285741 -0.0314772 -0.00680888 0.0530435 -0.000426213 -0.0183987 -0.0298873 -9.86982e-05 0.0196663 0.0496882 -0.00826437 -0.000413727 -0.00424919 -0.00128011 -0.0224758 -0.0181503
internal_weight=1398.38 39.6664 1358.71 54.0553 43.2036 38.3372 21.4456 17.8092 13.2294 9.71334 16.8916 11.2984 35.891 13.8345 10.3603 22.0565 10.5865 7.35368 1304.66 23.3494 17.9445 1281.31 20.102 9.68832 10.4137 1261.21 334.378 275.529 23.544 58.8489
internal_count=8545 260 8285 317 252 226 125 100 76 52 101 63 241 88 63 153 72 43 7968 151 118 7817 119 50 69 7698 2081 1704 154 377
is_linear=0
shrinkage=0.05


Tree=104
num_leaves=31
num_cat=0
split_feature=20 20 18 16 22 20 0 5 21 2 6 6 7 8 21 22 1 5 1 8 27 5 6 7 19 13 19 14 21 22
split_gain=1.81411 5.91602 4.13673 5.33466 4.07104 2.1357 4.96595 3.47076 2.83008 2.71298 5.93737 9.80577 7.14781 4.80417 5.54376 4.87339 4.58838 3.74686 7.97227 6.30431 9.40105 5.62817 5.15023 4.98596 4.85674 4.28408 4.06733 4.0066 4.02066 3.98993
threshold=-12.999999999998332 -11.999999999998444 -0.63760017693860094 -0.33181480156895843 7.5000000000000009 -9.2499999999981117 0.41688032823660109 -192.32599999988449 2.5214391920249262 1.7914878035483135 0.94232779126233412 1.9777460974505197 1.752745528300655 10136.340000000351 2.0548868330151309 15.500000000000002 1.3722917882196828 846.86950000026275 0.76769058289317771 160627.95000000027 -0.0015838115745971935 589.49150000023667 -1.0300561093310627 0.83568638192000011 -1.0000000180025095e-35 -0.016051604726333109 -0.51851851851851816 31672.093634330984 0.64028747932995533 17.500000000000004
decision_type=2 2 2 2 2 2 2 2 2 2 2 2 2 2 2 2 2 2 2 2 2 2 2 2 2 2 2 2 2 2
left_child=2 -2 -1 -4 -5 6 7 -3 -9 17 -11 12 13 14 -12 16 -15 21 24 20 -20 26 -23 -22 -19 -21 27 28 -7 -24
right_child=1 5 3 4 -6 9 -8 8 -10 10 11 -13 -14 15 -16 -17 -18 18 19 25 23 22 29 -25 -26 -27 -28 -29 -30 -31
leaf_value=-0.06290265449928685 0.054878817287736852 0.028026725642393297 0.038975110965986486 -0.060683325029667085 0.0053447064932634573 0.022056572523376467 0.051516484841736793 0.010421799821924461 -0.051738389117902864 -0.016933763225286457 -0.0036137970299119195 -0.048664104529375113 0.093579745559069255 0.048052342985484074 0.079369789229068205 -0.060902205217181565 -0.028499945971112852 0.026112794326416035 0.095400741007312773 0.024707663264904547 0.036428389432129019 -0.060865015991697961 0.0047120861240984302 -0.024750379139176035 -0.050640268708531014 -0.053289722167742117 0.0011277731053207748 -0.0045765702224901065 -0.041417568855667275 -0.044484136022025389
leaf_weight=3.7083950787782696 4.9177600741386405 5.6146900430321702 4.8478801250457773 4.3973112702369654 4.9763566479086876 2.9849919490516212 6.6334717422723761 3.2985293939709672 4.1160353496670723 64.349853526800871 3.6006996259093373 5.5815516076982012 3.2813918888568869 4.2787715643644315 4.5632326155900955 3.1068922281265259 3.6079452261328697 3.0742882266640663 5.7245935872197178 3.5157357901334763 14.239776521921163 6.7131793312728432 13.675999648869039 4.3469773381948462 6.253680717200039 3.5263000577688208 1109.4161969572306 68.174091469496489 15.193651858717201 5.8991263136267653
leaf_count=25 25 33 25 35 28 27 33 18 27 401 22 40 18 23 22 22 22 21 27 21 70 52 84 28 42 27 6588 538 163 38
internal_value=-6.91983e-05 0.000136157 -0.0158711 -0.00360718 -0.0256299 -5.96653e-05 0.0163006 -0.00162857 -0.0240851 -0.000297054 -0.00856879 0.0106416 0.0253936 0.0137143 0.0427699 -0.00786255 0.0130319 0.00030803 0.0152358 0.0273088 0.0393756 -0.000188904 -0.0230739 0.0221202 -0.0253442 -0.0143495 0.000314209 -0.0101381 -0.0309949 -0.0101136
internal_weight=1397.62 1379.69 17.9299 14.2215 9.37367 1374.77 19.6627 13.0293 7.41456 1355.11 92.3703 28.0205 22.4389 19.1575 8.16393 10.9936 7.88672 1262.74 40.6814 31.3534 24.3113 1222.06 26.2883 18.5868 9.32797 7.04204 1195.77 86.3527 18.1786 19.5751
internal_count=8545 8432 113 88 63 8407 111 78 45 8296 570 169 129 111 44 67 45 7726 236 173 125 7490 174 98 63 48 7316 728 190 122
is_linear=0
shrinkage=0.05


Tree=105
num_leaves=31
num_cat=0
split_feature=23 16 22 18 22 3 14 18 21 23 1 16 9 9 7 7 14 22 21 21 23 29 23 21 10 5 7 6 8 9
split_gain=1.78692 2.16776 1.99474 6.61983 4.82923 3.83484 6.04041 5.97558 4.89701 4.94068 4.06447 3.58167 4.20213 4.13574 3.3488 7.92617 4.57772 5.48813 6.04818 5.19038 4.49635 6.55321 5.38339 4.46322 4.25495 5.79809 3.29853 8.97525 10.5027 9.70996
threshold=298.50000000000006 -0.2400460937358905 75.500000000000014 1.7158243708684051 52.500000000000007 -0.39993468344667599 123366.49620979717 -0.072513026691030852 1.8420033541835754 81.500000000000014 1.1894720776090366 0.4222003309907934 1.4694296150423825 0.031861719250458477 -1.5935742429872268 -1.8487123222575665 45930.364660860148 84.500000000000014 2.1891866992686997 2.7022270702755682 87.500000000000014 6847.8900000000003 107.50000000000001 1.6195715203916032 0.24970312768291394 -64.438500000163899 -1.3933264359570867 1.5085581721660408 33194.780000000239 0.46702897385595105
decision_type=2 2 2 2 2 2 2 2 2 2 2 2 2 2 2 2 2 2 2 2 2 2 2 2 2 2 2 2 2 2
left_child=2 -2 4 14 26 6 10 -8 11 -10 -6 12 13 -7 15 -4 17 19 23 -16 -18 22 -22 -19 25 -24 27 -1 29 -29
right_child=1 -3 3 -5 5 8 7 -9 9 -11 -12 -13 -14 -15 16 -17 20 18 -20 -21 21 -23 24 -25 -26 -27 -28 28 -30 -31
leaf_value=-0.010842044045687107 0.00087576383865604662 -0.059833194346606271 -0.0021561957534722456 0.062991136484580088 -0.041896130413344418 0.023034792653154293 -0.028779092831610661 0.061498062657269925 -0.0055240322108232156 0.055366595306494806 0.0043795412657180281 -0.052958337442309544 0.031495388512754852 -0.04164244424753466 0.0028436553047701978 0.078102892459400608 -0.043764058819253715 0.0096098741040344451 -0.016643256525643583 0.090880148018298537 0.03579422322906816 0.047035799324269274 0.055681166759668166 0.072459061750020107 -0.037111405222984867 -0.035861121053210966 0.0015152113499795493 0.014107396782973736 -0.020225302263149062 0.076551743828656746
leaf_weight=169.8731841519475 3.1446091830730438 2.7619143389165393 8.4253562316298467 5.001646287739276 25.533618040382866 3.5754265040159288 3.6062764748930931 3.7277732640504828 7.1424783468246442 6.2434761449694633 5.8280852437019339 4.9422259256243697 5.4710339009761801 8.006531320512293 2.9245493710041037 4.8452681489288798 8.5214361995458585 9.3786869086325186 16.527318201959133 3.9160645380616188 4.7035279422998455 5.4568704552948466 3.4529273360967636 4.0423370674252501 15.98565912991762 3.4660655632615116 996.14703201688826 29.152903955429792 16.789804339408875 7.9158441200852385
leaf_count=1050 20 23 54 27 169 20 23 21 41 31 34 34 31 55 19 25 57 58 108 21 28 32 19 20 111 23 6070 171 111 39
internal_value=-6.8705e-05 -0.027512 4.7859e-05 0.00697694 -0.000469685 -0.0128652 -0.0237434 0.0171073 -0.000967953 0.0228766 -0.0332965 -0.0154794 -0.00461737 -0.0216762 0.00391993 0.0271474 -1.2976e-05 0.0128346 0.00360499 0.0532421 -0.0113784 -0.00303211 -0.0129282 0.0285397 -0.0229335 0.00982311 0.000283032 -0.00520314 0.0125823 0.0274421
internal_weight=1396.51 5.90652 1390.6 96.6477 1293.96 74.0769 38.6958 7.33405 35.3812 13.386 31.3617 21.9952 17.053 11.582 91.6461 13.2706 78.3754 36.789 29.9483 6.84061 41.5865 33.0651 27.6082 13.421 22.9047 6.91899 1219.88 223.732 53.8586 37.0687
internal_count=8545 43 8502 602 7900 459 247 44 212 72 203 140 106 75 575 79 496 226 186 40 270 213 181 78 153 42 7441 1371 321 210
is_linear=0
shrinkage=0.05


Tree=106
num_leaves=31
num_cat=0
split_feature=19 6 7 21 14 9 7 9 10 7 6 0 0 7 27 7 7 3 6 6 14 4 9 27 7 1 21 3 21 10
split_gain=1.75756 1.7348 9.61394 11.1886 7.31835 6.32172 6.26714 5.0665 7.9631 5.38354 5.20367 4.7597 4.53558 3.32061 10.205 7.53795 8.28531 7.19333 7.77032 6.14034 5.11989 4.98275 10.479 10.975 10.7465 7.67392 6.5384 6.19833 7.48156 10.8617
threshold=2.3333333333333424 2.0509197650681954 -1.0343868197854762 2.4557283441118645 232616.00730715491 0.060119099478412326 -1.8487123222575665 0.43549590839664115 0.15132548664876197 1.8099822567433081 2.3926319719294828 -0.56958425976238314 0.6948483809882825 -1.3933264359570867 0.0028659050020325432 -2.3546825886223712 -1.5139097201752114 -1.3662943015083338 0.1243864923060644 1.6353269239399364 113013.15140344172 0.48582825388482892 0.044502864074515251 -0.0019341626142844179 -1.5436072052045271 -1.2822855224715319 3.0576779475907037 -0.32039983911881043 2.4557283441118645 15.717375270057326
decision_type=2 2 2 2 2 2 2 2 2 2 2 2 2 2 2 2 2 2 2 2 2 2 2 2 2 2 2 2 2 2
left_child=1 13 4 7 5 6 -3 8 -4 -9 -10 -7 -13 14 19 20 17 18 -17 21 -16 25 -23 24 26 -1 -24 -27 -29 -30
right_child=-2 2 3 -5 -6 11 -8 9 10 -11 -12 12 -14 -15 15 16 -18 -19 -20 -21 -22 22 23 -25 -26 27 -28 28 29 -31
leaf_value=0.009904819675494279 0.036376325054273087 0.037582063481046209 -0.018024582561176283 -0.04704576368247651 -0.037798028843820372 0.081174301299622886 -0.030182481558723807 -0.059951642935954189 0.011485009507211579 0.01512133108657835 0.085326848039205816 -0.012867959311432265 0.053900132465846046 0.0014684554391018554 0.016963342011254285 0.12146267017153121 -0.0282061484420041 0.018468785252359312 0.029367024326305891 0.021784411308078424 -0.060143584959180485 0.0557581493414432 0.0097566064245869048 -0.03143048568648138 -0.049336837565491953 -0.039267171894284809 0.06740731802879929 -0.026616456510268473 0.072465848839756083 -0.03980213900812532
leaf_weight=16.216041404753923 3.3003462031483641 5.8983016312122336 9.1870117336511665 22.733046762645245 5.9478719010949126 5.6764424182474604 8.0941602885723132 5.8039093948900682 4.9366736784577352 4.0575040765106678 4.6174333319067955 4.5878778249025327 5.7080706432461739 1075.0022422391921 3.6277251467108709 3.9823338687419838 7.1696499139070502 30.788470897823576 5.3906513191759586 13.091005481779574 5.2953310124576092 6.7173879295587531 18.064135193824772 30.242974206805229 5.9555649533867863 46.950042020529509 6.7581312693655482 20.743423379957679 5.4349547140300256 3.569248903542757
leaf_count=100 16 33 58 171 46 28 47 48 31 27 25 26 27 6539 21 19 43 170 35 77 42 36 107 181 37 334 38 131 29 23
internal_value=-6.8137e-05 -0.000154529 -0.00698048 -0.0208626 0.0128634 0.0229195 -0.00161741 -5.25239e-05 0.0152124 -0.0290627 0.0471723 0.0444148 0.0241483 0.000301833 -0.00515094 0.0133584 0.0213054 0.0301443 0.068496 -0.0111439 -0.0287953 -0.0138271 -0.0035141 -0.010039 0.0109807 -0.0213457 0.0254526 -0.027953 -0.010096 0.027963
internal_weight=1395.55 1392.25 87.2483 51.3356 35.9127 29.9649 13.9925 28.6025 18.7411 9.86141 9.55411 15.9724 10.2959 1305 229.997 56.2542 47.3311 40.1615 9.37299 173.743 8.92306 160.652 67.7382 61.0208 30.7778 92.9137 24.8223 76.6977 29.7476 9.0042
internal_count=8545 8529 567 360 207 161 80 189 114 75 56 81 53 7962 1423 330 267 224 54 1093 63 1016 399 363 182 617 145 517 183 52
is_linear=0
shrinkage=0.05


Tree=107
num_leaves=31
num_cat=0
split_feature=28 23 14 15 22 13 28 28 6 7 27 5 5 27 9 8 8 7 13 6 16 14 1 18 15 6 4 4 27 6
split_gain=1.72536 4.38087 4.41819 8.44474 5.82093 6.5022 7.03323 5.13956 4.23518 6.90473 5.3156 4.30323 4.22713 6.0696 7.0204 5.27106 6.18801 10.4618 5.71619 5.14891 4.97988 4.61633 4.38273 7.12103 7.60616 6.29094 5.90693 5.79997 4.15829 10.321
threshold=1.0000000180025095e-35 -293.49999999999994 11016.957045662413 0.43965200533012477 -34.499999999999993 0.84188701996587623 2578.9950000000003 6014.3450000000012 2.2314083282251933 -1.0343868197854762 0.019255487785028062 60.202000000048436 6.362500000046567 -0.0029804970568386153 10.37041225721887 28612.435000000238 76517.340000000302 1.8930999898551975 0.79516528620431093 2.502620892640246 -0.40630770396146909 89287.902342119385 -1.1677888020316198 0.041384550380274943 0.43600396092592142 -0.75944171155037854 -0.74164738020729493 -1.4569268847824095 0.003890581790705339 2.9174034489433871
decision_type=2 2 2 2 2 2 2 2 2 2 2 2 2 2 2 2 2 2 2 2 2 2 2 2 2 2 2 2 2 2
left_child=8 -2 3 -3 5 -4 -7 -8 -1 28 -11 -12 19 14 15 -14 21 18 20 22 -18 -17 23 24 25 -6 -26 -25 -10 -30
right_child=1 2 4 -5 12 6 7 -9 9 10 11 -13 13 -15 -16 16 17 -19 -20 -21 -22 -23 -24 27 26 -27 -28 -29 29 -31
leaf_value=0.001760271097319343 0.035805257067034336 0.092096932596144612 -0.028699933329096972 -0.0031454164937881612 0.073393248302251857 -0.05288976663527814 0.067226340889932554 0.0035302880324154305 0.034662119606615527 -0.043343962892603935 0.049524150198696042 -0.039284540559078505 0.061738551685891319 -0.003066400411208944 -0.04869002038289328 0.0098640521859343425 0.0026465336835468662 -0.039567846855739927 0.0090140328670843921 0.055584147231724973 0.072267541173401076 -0.05362202289491555 -0.014796588522489893 -0.015415234033531648 -0.0015164957260129805 -0.0050966777645707418 -0.045367382919818948 0.053707101547570149 -0.049666905330041311 0.038213392772799615
leaf_weight=952.92976447567344 7.1874200999736777 3.4790693037211877 45.134071670472622 7.0305729731917381 4.5487589128315449 4.3159936852753189 4.1184225529432323 13.708010993897913 8.3975023366510886 19.900981277227405 3.2161070480942717 2.3686131313443184 7.4304169043898574 95.700597271323204 3.6778894588351241 7.6403677165508253 3.191720679402354 4.7820966131985179 8.9778549335896951 3.1963479593396178 13.153897752985364 4.5797395780682564 100.11766982078552 4.339412532746791 18.183792704716325 5.8181158974766713 13.294494330883028 10.094310980290173 7.4296528771519643 6.0711579397320747
leaf_count=5801 42 21 300 44 25 28 21 81 42 149 19 21 39 587 28 45 18 30 53 16 75 29 626 26 120 33 87 57 52 30
internal_value=-6.87536e-05 -0.00287264 -0.00359188 0.0283832 -0.00448561 -0.0178124 0.00438018 0.0182459 0.00103479 -0.0135551 -0.0312474 0.0118583 -0.00158149 0.00447084 0.0179701 0.0228975 0.0160788 0.0282591 0.0410676 -0.00723721 0.058673 -0.0139287 -0.00852112 0.00264266 -0.00780298 0.029343 -0.0200364 0.0329259 0.00703556 -0.0101482
internal_weight=1394.01 393.701 386.514 10.5096 376.004 67.2765 22.1424 17.8264 1000.31 47.384 25.4857 5.58472 308.727 149.135 53.434 49.7561 42.3257 30.1056 25.3235 159.593 16.3456 12.2201 156.397 56.2789 41.8452 10.3669 31.4783 14.4337 21.8983 13.5008
internal_count=8545 2431 2389 65 2324 430 130 102 6114 313 189 40 1894 904 317 289 250 176 146 990 93 74 974 348 265 58 207 83 124 82
is_linear=0
shrinkage=0.05


Tree=108
num_leaves=31
num_cat=0
split_feature=15 15 9 6 1 13 6 4 6 10 6 1 3 27 2 4 18 14 21 30 15 9 8 8 19 19 0 30 7 2
split_gain=1.76443 10.7219 8.17814 6.40273 5.52487 4.36667 4.57296 8.75495 8.32001 8.59638 7.77669 7.02289 4.20758 5.09247 3.99992 2.9028 2.70011 2.57552 2.55623 5.19591 3.76008 3.6877 6.4208 3.06685 4.42444 5.85431 3.01348 2.81246 3.37487 4.08524
threshold=9.1526187175721053e-05 0.0002076122821586585 1.039513536907742 -1.115092942000145 0.69231012837605743 -1.5393835517270562 -0.64107057889420915 0.87721614848298846 -0.96174917794887638 88.368303946331807 0.36404976703711078 -1.1422160693026207 -0.21744922708695316 0.0011055215091970718 -0.95702400627411799 0.18176652291147391 -0.7227335022504664 43002.27175406817 4.2154178389736989 0.93849727745236389 0.93693320838708083 1.12902023205305 62661.590000000237 6585.2900000002919 0.056576970805303613 -0.049733727063930713 -1.017595126423241 -4.8365806447974569 1.6390875239744991 1.6994764074337245
decision_type=2 2 2 2 2 2 2 2 2 2 2 2 2 2 2 2 2 2 2 2 2 2 2 2 2 2 2 2 2 2
left_child=2 3 5 -2 14 -1 7 8 9 -7 -8 -12 -13 -14 -5 -15 -4 -6 27 21 26 22 23 24 25 -20 -21 28 29 -3
right_child=1 18 16 4 17 6 10 -9 -10 -11 11 12 13 15 -16 -17 -18 -19 19 20 -22 -23 -24 -25 -26 -27 -28 -29 -30 -31
leaf_value=-0.042127035250956832 -0.044825342450065385 -0.031556498256429047 0.0029061900313170036 0.019537836461563991 -0.015194169914935371 0.027318608881539176 -0.049332616608360635 0.069601439595700185 0.06390374866070743 -0.062307415539341583 0.053828848236666907 -0.033566328483090331 -0.032475639108192171 0.0022173835259989344 0.074784656346144035 0.063015523298845549 -0.058938166139939852 0.037796149977523973 -0.031896680500478287 0.052666434584371091 -0.03327858405423479 -0.044971491102593401 0.038354714362170549 -0.046852063022700459 -0.058644154270597937 0.058507964172138355 0.00019682781930107328 0.00049749141139025885 0.026124032717536418 0.030281469098397247
leaf_weight=5.7334588542580596 2.4949714988470104 19.878498211503036 2.1928880810737601 4.7470955364406136 5.0757994689047319 4.860480472445488 8.407216511666773 6.6421658620238295 3.8108154535293588 5.9511028751730919 5.9253915771841994 9.047147486358881 4.2831234112381971 3.617509551346302 10.573932278901337 4.2932281419634819 9.0430571734905225 4.1825434267520905 3.4427260383963585 5.8187234699726096 3.2435151860117903 11.527502086013554 5.238687425851821 8.3177162483334524 2.8357523307204247 3.7319234833121353 5.1659927889704695 1215.6750634200871 4.0755512937903395 3.0853845924139014
leaf_count=41 16 136 20 28 27 30 58 36 21 41 29 64 30 19 49 21 83 20 30 31 24 131 31 73 26 29 35 7322 27 17
internal_value=-6.87219e-05 0.000352216 -0.00759186 0.0314925 0.0392393 -0.000539037 0.00365608 0.0219997 0.000376759 -0.0220149 -0.00730902 0.00569607 -0.00773105 0.0114373 0.0576669 0.0352131 -0.0468682 0.00874471 -0.000300322 -0.0114637 0.0140234 -0.0217969 -0.0104613 -0.0244142 -0.00577046 0.0151277 0.0279905 0.000142746 -0.0158064 -0.0232481
internal_weight=1392.92 1319.11 73.8076 27.0743 24.5794 62.5716 56.8382 21.2646 14.6224 10.8116 35.5736 27.1664 21.241 12.1939 15.321 7.91074 11.2359 9.25834 1292.04 49.3225 14.2282 35.0943 23.5668 18.3281 10.0104 7.17465 10.9847 1242.71 27.0394 22.9639
internal_count=8545 8052 493 140 124 390 349 128 92 71 221 163 134 70 77 40 103 47 7912 410 90 320 189 158 85 59 66 7502 180 153
is_linear=0
shrinkage=0.05


Tree=109
num_leaves=31
num_cat=0
split_feature=1 5 26 1 6 21 26 15 26 7 5 23 18 23 21 1 4 13 3 13 21 15 7 6 5 3 3 4 5 26
split_gain=1.69001 2.05463 4.33627 6.76713 5.06614 4.44793 3.78294 7.26938 6.96683 5.63283 4.79213 4.24192 3.49199 3.19343 3.04115 2.96914 2.77925 8.74003 6.00197 5.5138 5.98508 7.29383 4.62132 6.2329 3.77634 7.57149 6.90297 5.00408 4.01321 7.62612
threshold=1.4974409173422079 882.49749999982316 0.00087412000000000015 0.74444408184667421 -2.2767878729554041 3.8162228489272239 0.00015204500000000001 0.63129766396294762 -0.00022800999999999998 1.2901519163530064 1183.3275000001306 -20.499999999999996 -0.28105318558150244 15.500000000000002 1.8798968168795798 1.2789414331629039 1.7026553840867993 0.89608216820386055 -0.86980133613401722 1.1862260897511303 1.8119886034929913 0.80328543671438479 1.5488211256767432 1.0215242290672439 589.49150000023667 -0.14865072001358368 -1.1503132659787532 -0.032592937627836029 364.94649999984546 -0.00036461999999999991
decision_type=2 2 2 2 2 2 2 2 2 2 2 2 2 2 2 2 2 2 2 2 2 2 2 2 2 2 2 2 2 2
left_child=1 16 3 -3 -5 6 7 12 15 10 -8 -10 -6 -14 -13 -9 24 22 -19 -20 21 -21 -18 -24 28 26 -26 -28 -1 -30
right_child=-2 2 -4 4 5 -7 9 8 11 -11 -12 14 13 -15 -16 -17 17 18 19 20 -22 -23 23 -25 25 -27 27 -29 29 -31
leaf_value=-1.3956602530701835e-05 -0.028947719877547434 -0.045570149701018893 0.061339479590797774 -0.059471104074223291 0.083643031001162216 -0.034492091228378055 0.043854840383417998 0.0016752987853614878 0.076199387466595048 -0.054390170376181414 -0.013307965484292875 -0.01592371710982254 0.0027171858274528345 0.06444414357638073 0.042638849640656742 -0.056133963820040989 -0.02416740511417434 -0.021342060936855312 0.068213912999103468 -0.049796063332671676 0.044784547218791521 0.041638581243302504 -0.021607436215167433 0.058157416613503467 -0.031672461008011223 -0.043952792028494593 -0.0099286819920615874 0.075763900384719099 0.049515525585028565 0.0045798797455874974
leaf_weight=1127.7743792962283 5.0473513677716246 5.9308761134743682 3.6570797339081755 2.4928026292473069 5.9458266124129286 4.4985187314450732 6.8172594234347361 4.7316391095519013 3.8268109038472131 3.9097192287445059 7.9327744692564011 4.4554715827107518 4.1955316439270955 4.1857111304998398 4.4121762961149216 4.1862738728523254 57.237222462892532 9.0686517730355281 5.9317359179258373 5.7174778766930121 7.6911255568265906 3.5262941271066666 5.6968560814857465 4.2959494739770889 5.7091800421476364 13.875304732471703 2.8070344999432564 4.3340660929679888 11.656494516879318 49.698754098266363
leaf_count=6926 33 43 17 25 29 33 33 26 18 27 44 28 24 19 22 25 373 54 30 37 40 20 39 27 44 94 19 23 67 306
internal_value=-6.79565e-05 3.71989e-05 0.00831121 0.0054391 0.0103511 0.0132962 0.0172336 0.0267169 0.00840805 -0.00103161 0.0131119 0.0322017 0.0543357 0.0335445 0.0132146 -0.0254617 -0.000410651 -0.0084594 0.013078 0.0267286 0.0121976 -0.0149158 -0.01869 0.0126838 0.000245807 -0.0183415 0.00931278 0.0420797 0.000663554 0.0131169
internal_weight=1391.25 1386.2 71.1785 67.5214 61.5905 59.0977 54.5992 35.9394 21.6124 18.6598 14.75 12.6945 14.3271 8.38124 8.86765 8.91791 1315.02 99.1653 31.9353 22.8666 16.9349 9.24377 67.23 9.99281 1215.86 26.7256 12.8503 7.1411 1189.13 61.3552
internal_count=8545 8512 413 396 353 328 295 191 119 104 77 68 72 43 50 51 8099 620 181 127 97 57 439 66 7479 180 86 42 7299 373
is_linear=0
shrinkage=0.05


Tree=110
num_leaves=31
num_cat=0
split_feature=20 20 18 16 22 16 19 16 26 16 7 30 3 21 9 27 7 0 18 18 6 22 19 6 14 24 3 27 16 16
split_gain=1.69077 5.25636 3.93105 4.86583 3.85318 2.07682 6.87204 4.88032 5.928 5.22825 6.18971 5.62311 7.52084 6.11751 4.76919 4.53756 6.12128 3.10602 7.00097 4.65043 4.36222 3.89213 3.03549 3.74984 2.96513 7.32649 12.8525 8.43976 6.44862 7.53434
threshold=-12.999999999998332 -11.999999999998444 -0.63760017693860094 -0.33181480156895843 7.5000000000000009 3.526664709122159 0.73684210526315841 2.0392704248865128 -0.00037865999999999996 2.1378123897962609 -0.31085609130408476 -2.386229808407454 -1.198612659041735 2.5845438729539336 0.55190860074010384 -0.00051946539669733827 -1.1019801024668365 -0.95079497585653916 -0.50269793337223068 -0.33176957983686023 0.61433063655682085 38.500000000000007 1.775000000000003 -1.0000000180025095e-35 34986.121848418625 0.64335929654373192 -0.42807971910289294 -0.00056305714822446607 -0.33294629240445278 -0.29579077396771114
decision_type=2 2 2 2 2 2 2 2 2 2 2 2 2 2 2 2 2 2 2 2 2 2 2 2 2 2 2 2 2 2
left_child=2 -2 -1 -4 -5 7 17 22 -9 -10 15 -12 -13 14 -14 -11 -17 18 -7 20 -19 -20 24 -24 28 -26 27 -27 -3 -30
right_child=1 5 3 4 -6 6 -8 8 9 10 11 12 13 -15 -16 16 -18 19 21 -21 -22 -23 23 -25 25 26 -28 -29 29 -31
leaf_value=-0.062211203995778876 0.051318989587699343 0.0031096953825502462 0.03660932679505751 -0.06020512441972569 0.0047737350506586026 -0.062643458071537803 0.053496423096268057 -0.018211443315414296 0.071519451624172822 -0.04344810406683694 -0.021716378849190365 0.100674541020161 0.076164957132292696 -0.033035741569028124 0.0021442269291839142 0.038800558889669406 -0.039410726277945653 -0.033570270251333516 -0.012116959604352417 -0.053018485176569409 0.03221914506298449 0.050341779695538137 -0.0070801623106219423 0.057423114693705903 0.00021285275042207444 0.031642610501311889 0.064313845784950877 -0.041986696296485493 -0.024283251419600627 -0.0038068252362286831
leaf_weight=3.5810828804969814 4.9968975707888594 166.71261700615287 4.914377063512803 4.2143045738339389 4.9744659662246704 3.3016228340566149 3.6732423827052108 10.633022855967281 5.0082173570990554 5.3701390773057964 3.5705883782356969 4.7582926154136684 5.6054035499692016 3.1826238557696334 3.5569484010338783 7.4271863624453553 3.7724471166729865 6.0776688568294031 4.6616826280951482 10.93581159040332 4.3038872554898262 5.3646091930568218 4.0934510827064514 5.0117487162351591 860.10089606977999 8.0474779121577722 12.356094002723692 7.5370933115482357 64.531149361282587 147.85244742035866
leaf_count=25 25 967 25 35 28 25 18 64 26 38 25 24 28 21 22 40 23 43 30 81 28 31 20 24 5248 47 53 53 468 960
internal_value=-6.71756e-05 0.000130763 -0.0154289 -0.00354984 -0.0250279 -5.62882e-05 -0.0115324 0.000274565 0.0151583 0.0235561 0.0171063 0.0353548 0.0472694 0.0266847 0.0474291 -0.00566201 0.0124561 -0.018427 0.000506717 -0.0302646 -0.00629592 0.0213018 -0.000342186 0.0284242 -0.000548891 0.0010314 0.0262289 -0.00396639 -0.00425077 -0.0100284
internal_weight=1390.13 1372.44 17.6842 14.1031 9.18877 1367.45 38.3185 1329.13 52.8849 42.2518 37.2436 20.6739 17.1033 12.345 9.16235 16.5698 11.1996 34.6453 13.3279 21.3174 10.3816 10.0263 1276.24 9.1052 1267.14 888.042 27.9407 15.5846 379.096 212.384
internal_count=8545 8432 113 88 63 8407 256 8151 311 247 221 120 95 71 50 101 63 238 86 152 71 61 7840 44 7796 5401 153 100 2395 1428
is_linear=0
shrinkage=0.05


Tree=111
num_leaves=31
num_cat=0
split_feature=18 23 30 27 7 16 6 6 14 26 2 5 22 29 15 7 16 16 27 2 3 21 22 13 15 27 22 14 19 30
split_gain=1.65485 6.49918 4.50338 8.40367 11.2735 7.70896 5.88703 5.65122 6.31928 6.18401 6.7387 8.83755 5.43966 6.94447 5.36545 4.92362 6.09218 9.39205 6.77208 5.90294 5.90406 5.50762 5.49085 5.01899 5.19549 4.85549 4.74421 4.74283 4.73663 5.14344
threshold=-0.5810364060973352 142.50000000000003 1.3088145409296412 0.002469750266022253 -0.25089791448263127 -0.36141440213011616 -0.43552149058041884 -1.4380449381690343 197286.61652308216 -0.00049489999999999983 0.38127695843439996 262.07349999994045 -57.499999999999993 10450.580000000002 0.46601986643195487 -1.1318703596676802 -0.34100668952983043 -0.33294629240445278 -0.0012121479892320817 0.11129435298533473 -1.0564141423744327 0.28470440919948808 -84.499999999999986 -0.88215197820195101 0.41311822383606722 0.0029409534500660643 -38.499999999999993 100410.01683151889 0.11156972313943397 -0.35337857341782869
decision_type=2 2 2 2 2 2 2 2 2 2 2 2 2 2 2 2 2 2 2 2 2 2 2 2 2 2 2 2 2 2
left_child=1 2 7 12 6 -6 -5 9 15 -1 26 -12 -4 -14 -8 21 19 -18 28 -17 -21 -9 -20 -22 -25 -23 -11 -7 29 -19
right_child=-2 -3 3 4 5 27 14 8 -10 10 11 -13 13 -15 -16 16 17 18 22 20 23 25 -24 24 -26 -27 -28 -29 -30 -31
leaf_value=-0.041926653864165365 0.00091765885264013061 -0.04629759817321915 -0.031273029695086385 0.10747882896725668 -0.065087567345223904 -0.007532086655870034 0.083825179241696343 0.025679076749746461 -0.036341303204945039 0.031240259035223136 0.064003632766511137 -0.01926882290014292 -0.0021255165156072674 0.050639753357130647 0.015700004093714921 -0.037701364518129457 0.067488617863135536 0.010757280760382522 0.054985640056208332 -0.054237365991345522 0.062046720775095036 -0.03515314633322944 -0.014676509701505842 0.045894472357033096 -0.023389725109802674 0.0080828960902021886 -0.016423561730946439 0.070242556058773831 -0.03214929745065663 0.058053158959244955
leaf_weight=5.0716077070683232 1047.892099076882 8.4876428842544538 13.317035682499407 4.1547805815935179 3.901641570031642 5.6174879148602468 4.3932009190320978 5.7286610379815093 19.951630085706711 7.8573228642344484 11.809471897780897 4.3634101748466483 53.538081288337708 7.0576839670538893 8.4480980485677701 18.502574343234301 5.9237605705857268 14.514295775443321 3.0336070805788031 3.8892007023096111 4.1216929554939314 33.023816492408514 41.876278672367334 3.9509891569614384 8.5856844410300237 8.082882307469843 15.557749669998884 3.0108197554945946 3.5812764838337889 9.5180105529725534
leaf_count=41 6406 59 84 20 24 36 21 31 147 49 67 30 324 41 45 122 32 92 16 24 22 216 277 19 48 49 111 18 19 55
internal_value=-6.67417e-05 -0.00309295 -0.00198969 0.00666881 0.0292174 -0.00676556 0.055745 -0.00590167 -0.00976881 0.0100558 0.0167152 0.0415369 -0.00233871 0.00402014 0.0390066 -0.00654265 -0.00107849 0.00695427 0.00200979 -0.0172154 0.00123174 -0.0202508 -0.00997092 0.014182 -0.0015545 -0.0266516 -0.000429162 0.0196071 0.0214948 0.0294888
internal_weight=1388.76 340.87 332.383 103.439 29.526 12.5299 16.9961 228.944 184.284 44.6596 39.588 16.1729 73.9128 60.5958 12.8413 164.333 117.497 78.4472 72.5235 39.0501 20.5476 46.8354 44.9099 16.6584 12.5367 41.1067 23.4151 8.62831 27.6136 24.0323
internal_count=8545 2139 2080 613 164 78 86 1467 1169 298 257 97 449 365 66 1022 726 491 459 235 113 296 293 89 67 265 160 54 166 147
is_linear=0
shrinkage=0.05


Tree=112
num_leaves=31
num_cat=0
split_feature=16 6 6 21 7 7 6 16 7 4 15 21 9 14 3 2 15 30 9 28 14 2 5 8 4 7 21 6 22 2
split_gain=1.63263 5.54632 7.67783 8.40858 10.632 9.79111 9.34534 7.86048 7.65607 7.61197 7.67773 7.36563 7.11124 7.26619 6.87585 6.86648 6.54701 6.37455 6.09101 9.65535 6.33289 5.82294 5.43782 7.92836 14.4486 5.21326 7.44557 7.35099 5.10349 4.97832
threshold=-0.41626722307664998 1.8737940118719876 0.065471886158070147 2.1512738025019695 0.16284211693990905 1.0720512890267424 -1.225811462783114 -0.45176022618202705 1.3462714680684158 1.5306670472896176 0.25432840957557679 1.536753734975506 2.9897326812297575 206157.37889060721 -0.55020038987906339 0.56072912381143458 0.75508279748663754 -2.2102476845085217 0.46702897385595105 -1.0000000180025095e-35 96212.484283455909 -0.12963859983371281 -32.155999999726184 56025.020000000244 -1.414361446780567 2.6071268101460174 0.64028747932995533 0.36404976703711078 -47.499999999999993 1.0500954885709326
decision_type=2 2 2 2 2 2 2 2 2 2 2 2 2 2 2 2 2 2 2 2 2 2 2 2 2 2 2 2 2 2
left_child=1 2 3 6 12 -6 17 21 9 10 -4 -11 13 18 -10 16 -8 -1 19 -5 -20 -7 23 28 -25 -2 27 -27 -12 -24
right_child=25 -3 8 4 5 7 15 -9 14 11 22 -13 -14 -15 -16 -17 -18 -19 20 -21 -22 -23 29 24 -26 26 -28 -29 -30 -31
leaf_value=0.023417190419648889 -0.00035454279555249401 0.025805568607209024 0.042468483606449017 0.094384908412617652 0.069017435083520512 -0.0056742574519623732 -0.038019267787143367 -0.023065239378277997 -0.0069489365330415989 -0.034080114096337724 0.018284532944858416 0.053107294222707081 -0.048142357269148436 0.072293959882833089 0.076377372381677536 0.023611680224952792 0.029653077070287727 -0.053362904428891633 -0.043343644372753232 0.0067558427187544073 0.022720078379544425 0.06583908061215353 -0.056981860686979205 -0.060452320580103663 0.058130524755750118 0.06099068387970135 -0.041613445996598518 -0.030377143246871893 -0.049373613466819871 -0.0063455687801570173
leaf_weight=3.3697675764560726 1107.5378195028752 25.230530463159084 4.0324717834591857 3.5897531211376217 15.194286167621611 4.3912346065044394 12.104791335761549 7.8937639147043255 5.6729943752288818 3.770237557590006 3.5105489864945403 6.7758961617946625 5.930764775723218 4.2512553334236136 4.3927351683378202 23.345446608960629 5.0714423060417166 13.667969636619089 10.594652347266676 25.286121819168329 5.5163514427840701 8.0916170701384527 20.643531665205963 3.868933442980051 7.6438413560390455 4.344958785921337 17.601013243198395 4.4622044675052166 13.526595968753101 6.3461892306804648
leaf_count=18 6968 133 20 17 71 23 70 49 28 22 20 31 40 20 20 116 27 89 63 135 33 37 128 30 43 30 121 32 77 34
internal_value=-6.68068e-05 0.00355893 0.00110232 0.00784196 0.0173244 0.0386391 -0.00710671 0.0159868 -0.0113625 -0.0172163 -0.0241478 0.0219378 0.00358151 0.00981168 0.0294151 0.00595715 -0.0180384 -0.0381771 0.00390711 0.0176496 -0.0207237 0.040682 -0.0289845 -0.0137728 0.0182801 -0.000878045 -0.0228333 0.0146986 -0.0354325 -0.0450756
internal_weight=1387.66 253.714 228.483 148.299 90.7398 35.5709 57.5594 20.3766 80.184 70.1182 59.5721 10.5461 55.1689 49.2381 10.0657 40.5217 17.1762 17.0377 44.9869 28.8759 16.111 12.4829 55.5396 28.5499 11.5128 1133.95 26.4082 8.80716 17.0371 26.9897
internal_count=8545 1394 1261 808 488 180 320 109 453 405 352 53 308 268 48 213 97 107 248 152 96 60 332 170 73 7151 183 62 97 162
is_linear=0
shrinkage=0.05


Tree=113
num_leaves=31
num_cat=0
split_feature=15 15 9 6 6 27 27 14 3 8 9 6 26 9 1 13 13 18 7 22 28 28 21 30 22 3 6 3 18 30
split_gain=1.65486 9.76145 7.5911 5.7533 5.11464 4.23539 5.55897 5.71036 5.66671 4.72546 4.27118 4.18675 4.17941 3.6152 3.25172 3.17781 3.42418 2.62244 2.6018 2.59691 2.36248 2.46013 2.27929 4.69784 3.53152 3.42218 3.32138 2.92804 2.87038 2.55192
threshold=9.1526187175721053e-05 0.0002076122821586585 1.039513536907742 -1.115092942000145 -0.71149679398685417 0.0053370347206929134 0.0010300114968768705 58707.532946989893 -0.46630979563561265 24479.595000000238 0.044502864074515251 1.1178776378757138 1.400000000000001e-05 0.12831997051534894 0.7034304587078678 1.0016024412570761 -0.24661151805623174 -0.7227335022504664 -0.75570844005756588 1.0000000180025095e-35 6592.7700000000013 -5063.8399999999992 4.2154178389736989 0.93849727745236389 -39.499999999999993 -1.7298848922756804 0.43589989670322699 -2.1082648746462795 1.2834041687811895 -4.8365806447974569
decision_type=2 2 2 2 2 2 2 2 2 2 2 2 2 2 2 2 2 2 2 2 2 2 2 2 2 2 2 2 2 2
left_child=2 3 5 -2 -5 6 7 13 18 -9 -10 -12 19 15 -14 16 -1 -4 -8 -6 21 -15 29 24 26 27 -24 -25 -26 -3
right_child=1 22 17 4 12 -7 8 9 10 -11 11 -13 14 20 -16 -17 -18 -19 -20 -21 -22 -23 23 25 28 -27 -28 -29 -30 -31
leaf_value=0.0070533998943066653 -0.043391117536286661 -0.015179405502870918 0.0027811345993097214 0.097002844041439135 0.071878025591116987 -0.054786761995470071 -0.038416844052008597 -0.0071267549404492939 0.071593531263384066 0.066637437801047056 -0.025581044634650746 0.054949206901195126 0.031680843889403183 -0.0042502103666888155 -0.026156004699923255 0.042857500550476706 -0.060424120593108172 -0.058421343722912189 0.018669683765828945 0.024135883714565265 0.0036399686683216657 -0.055531400889918904 -0.017308010173130706 0.0082937283966415462 -0.035916870857160429 -0.026694079394546835 0.052461108649009297 0.063767198114708573 0.010096846734080657 0.00047062210106133505
leaf_weight=5.7883030623197547 2.4139298647642162 26.620624039322138 2.1950300447642794 3.1482226327061715 6.0049489438533765 3.4128073453903189 4.0268731564283371 4.799874119460581 6.6106702685356122 3.9644209519028664 3.2495204955339432 3.2066899575293064 5.2058802358806116 3.0112956836819658 4.5579464957118034 3.3032643720507613 2.7845307961106327 8.6383654139935953 3.9574667103588608 5.4185396619141102 3.2117344811558715 10.471401419490576 4.2995779253542414 6.5815840288996688 23.146673787385229 3.8906089775264254 2.8276605308055878 3.7250558808445922 3.9706617668271056 1211.3136802501976
leaf_count=35 16 180 20 14 28 20 26 28 31 21 23 17 28 21 25 18 22 83 24 29 21 83 37 41 233 28 20 21 30 7322
internal_value=-6.69717e-05 0.000339396 -0.00741373 0.0302345 0.0375377 -0.000645899 0.00251877 -0.00906618 0.0230649 0.0262396 0.0433432 0.014417 0.0287018 -0.0198966 0.00468146 0.00119097 -0.0148639 -0.0460207 -0.0101217 0.0492323 -0.0348978 -0.044078 -0.000282257 -0.0109218 -0.0209475 0.0132607 0.0103722 0.0283431 -0.0291793 0.000134083
internal_weight=1385.76 1313.13 72.6322 26.7495 24.3355 61.7989 58.386 37.3348 21.0512 8.7643 13.0669 6.45621 21.1873 28.5705 9.76383 11.8761 8.57283 10.8334 7.98434 11.4235 16.6944 13.4827 1286.38 48.4418 34.2446 14.1972 7.12724 10.3066 27.1173 1237.93
internal_count=8545 8052 493 140 124 390 370 249 121 49 71 40 110 200 53 75 57 103 50 57 125 104 7912 410 320 90 57 62 263 7502
is_linear=0
shrinkage=0.05


Tree=114
num_leaves=31
num_cat=0
split_feature=21 18 15 14 18 7 14 6 8 16 16 18 7 7 10 7 15 4 6 6 0 0 23 1 6 21 7 6 9 16
split_gain=1.6485 4.63032 7.53089 4.80167 4.01037 6.96978 5.79509 5.78894 4.89346 4.7198 5.62786 4.61483 7.25418 4.488 5.74564 4.04259 3.6337 5.67095 4.77726 6.27491 3.93914 4.46414 6.10094 6.81605 4.6941 3.61783 9.87142 3.38192 2.85056 2.70147
threshold=0.30759736282973088 -0.87334230243012445 0.6350528986626458 3594.7973915852713 -1.0000000180025095e-35 0.56989312967470596 197286.61652308216 -1.0560061298319103 21724.445000000273 -0.40364224942791677 -0.43703383071306262 -0.51641560343744874 -1.1888379573862211 -1.3458901538890733 12.345321828495985 2.1168271531590968 0.58548984161612638 -0.37837982572240086 1.5085581721660408 0.19397910733614446 1.4458143635053478 0.85401239860969191 -12.499999999999998 -0.17109087542920226 -1.1394531326774537 0.39009910335322923 0.4190642039055168 0.58759034274098465 0.19472813098751071 -0.26329218123044767
decision_type=2 2 2 2 2 2 2 2 2 2 2 2 2 2 2 2 2 2 2 2 2 2 2 2 2 2 2 2 2 2
left_child=1 2 -1 -3 5 6 7 -5 11 10 -6 -9 -13 -10 -15 -7 17 -11 19 -19 21 22 -18 -24 -23 26 27 -2 -17 -27
right_child=25 3 -4 4 9 15 -8 8 13 16 -12 12 -14 14 -16 28 20 18 -20 -21 -22 24 23 -25 -26 29 -28 -29 -30 -31
leaf_value=-0.030208402164464306 -0.049244643424701723 -0.04287457049263943 0.067746426730615789 -0.036766374126109169 0.0041183612841455821 -0.042604873074291727 -0.044331527511847914 -0.038768385372171997 -0.00019480895371530804 -0.044204387357413027 0.073896840134165906 -0.025736724732034741 0.064421670618611079 0.017351679121895541 0.092761907059364962 0.029403451417971002 -0.04719511599447495 0.0097809391772582244 -0.020158423997629543 0.089409047178658996 0.036943263929932212 0.013358843993095046 0.084923264978473967 -0.017527505135152759 -0.05052905220580764 -0.0016062707323907487 0.058847595994706736 0.013685352614963068 -0.028129043209969153 0.0032650145170232642
leaf_weight=3.1376201584935171 4.0035213418304938 8.8477250784635526 5.2375473007559776 5.9991975575685457 6.9659851267933846 21.528036359697584 6.1712267771363249 5.7220891267061189 5.4076260961592189 3.1107734292745617 4.9379857480525953 4.5212280452251372 4.4046330302953871 4.8988157734274846 5.2146860137581825 3.917760141193865 3.4115803837776184 5.1058499999344331 3.4222575575113288 4.7999337315559387 3.5144523605704299 3.7451736107468667 3.3564882874488831 3.1442890428006702 12.375958479940886 765.8828168194741 9.2144920825958234 4.5742595195770264 4.7796560451388359 452.92498413100839
leaf_count=24 29 71 25 45 39 161 51 38 31 24 24 27 23 28 26 24 26 33 23 22 22 24 18 24 86 4670 47 26 36 2798
internal_value=-6.55541e-05 -0.00505853 0.0310492 -0.00722939 -0.00481187 -0.0126421 0.000450663 0.00809164 0.0170118 0.00500311 0.0330638 -0.00371683 0.0187536 0.0365742 0.0562344 -0.0309822 -0.00226057 0.0165827 0.0307705 0.0483654 -0.0127439 -0.0194516 0.00695319 0.03537 -0.035687 0.000530722 0.0229144 -0.0156861 -0.00221347 0.000203963
internal_weight=1384.28 147.679 8.37517 139.303 130.456 72.565 42.3395 36.1683 30.1691 57.8907 11.904 14.648 8.92586 15.5211 10.1135 30.2255 45.9868 16.4388 13.328 9.90578 29.5479 26.0335 9.91236 6.50078 16.1211 1236.6 17.7923 8.57778 8.69742 1218.81
internal_count=8545 975 49 926 855 490 269 218 173 365 63 88 50 85 54 221 302 102 78 55 200 178 68 42 110 7570 102 55 60 7468
is_linear=0
shrinkage=0.05


Tree=115
num_leaves=31
num_cat=0
split_feature=5 26 1 22 23 5 2 13 3 23 4 14 5 20 20 16 13 4 10 16 16 1 5 18 18 21 0 6 18 2
split_gain=1.63992 5.27294 5.35455 4.54236 12.7779 4.42204 6.48053 5.23979 6.06664 7.30886 4.59464 11.5086 5.74916 4.71742 5.54611 4.46906 4.64454 4.1051 5.65569 5.29681 4.78817 4.89054 4.6119 5.56426 5.43171 5.62891 4.0153 3.86945 3.5632 3.50448
threshold=-745.92200000002038 -0.00082849999999999992 -1.4817864346188721 -42.499999999999993 -137.49999999999997 -585.22950000013213 -2.5274287039251693 0.034199256312443006 -1.6659731882107878 45.500000000000007 -2.2253202192201003 10378.101167232922 -506.13250000006514 -12.999999999998332 -11.999999999998444 -0.36295395397399177 -0.47400295624002969 -1.0244293484692992 1.6433203689059988 1.4930291777887585 -0.24593764400543983 -0.95607144373959652 -1218.913500000024 0.019841353712007508 0.46172098315365412 3.4602388825457822 -0.5864802509719359 -0.43552149058041884 -0.55366051355490653 -2.5274287039251693
decision_type=2 2 2 2 2 2 2 2 2 2 2 2 2 2 2 2 2 2 2 2 2 2 2 2 2 2 2 2 2 2
left_child=1 -1 29 4 -4 7 -7 8 -2 15 11 -8 -13 -12 -15 -10 -17 18 19 -5 21 -19 24 28 25 27 -14 -20 -24 -3
right_child=5 2 3 17 -6 6 10 -9 9 -11 13 12 26 14 -16 16 -18 20 22 -21 -22 -23 23 -25 -26 -27 -28 -29 -30 -31
leaf_value=0.052117835182122152 -0.052385032578632897 -0.06526251271008901 -0.034154203828172969 -0.049229299583694361 0.093846609121496644 0.081605791070935602 0.11086386541855009 -0.043522948813313027 0.074157864067542087 -0.049451694569602328 -0.030251848529889765 0.064249627176501081 0.015651228374665534 0.059244768662527127 -0.00041548133673902256 -0.027971635188921581 0.052347435574972505 0.067946303600069619 -0.0028156597536350249 0.020529006705596892 -0.025011259029399359 8.8581338547639424e-05 -0.038061512840357324 -0.062387372721710611 0.079804610525848335 -0.032467069162029842 -0.044960773665392986 0.065304395604111151 0.024570569144799308 0.0064974738285188995
leaf_weight=5.9516003206372252 4.6387899480760089 4.4423262774944305 3.2493503242731094 10.37768232822418 4.8747304156422597 2.4263077527284613 3.2057183310389545 12.8592257425189 4.1292320117354375 3.5596695244312277 13.222069799900053 3.27821870148182 6.184743270277977 3.9078145623207083 1231.6787614431232 3.911927327513693 3.3337552323937469 6.8876069635152808 3.7511267028748936 3.6883702129125586 3.5269231945276251 4.3209497258067122 3.2439781054854384 4.1392302028834811 3.570526383817195 4.867849873378872 4.8949123919010127 4.6925669088959729 7.5698788240552011 2.7574434652924529
leaf_count=33 32 28 22 73 25 13 16 82 20 23 88 18 38 19 7606 26 21 37 25 21 24 25 20 28 19 44 33 22 44 20
internal_value=-6.51612e-05 0.00679685 0.00324589 0.00754152 0.0426507 -0.000497123 -3.11088e-05 -0.0187281 -0.00243848 0.0130753 -0.000187521 0.025208 0.00608336 -0.00054469 -0.000226793 0.0326425 0.00898335 0.0028376 -0.00453353 -0.0309374 0.0257988 0.0417868 0.00713277 -0.0130883 0.0250433 0.0103548 -0.0111267 0.0350419 0.00578198 -0.0377791
internal_weight=1383.14 81.9121 75.9605 68.7608 8.12408 1301.23 1268.8 32.4326 19.5734 14.9346 1266.37 17.5636 14.3579 1248.81 1235.59 11.3749 7.24568 60.6367 45.9012 14.0661 14.7355 11.2086 31.8352 14.9531 16.8821 13.3115 11.0797 8.44369 10.8139 7.19977
internal_count=8545 510 477 429 47 8035 7831 204 122 90 7818 105 89 7713 7625 67 47 382 296 94 86 62 202 92 110 91 71 47 64 48
is_linear=0
shrinkage=0.05


Tree=116
num_leaves=31
num_cat=0
split_feature=22 27 22 2 19 13 30 30 26 18 23 23 18 14 16 15 4 18 10 14 21 21 23 2 0 0 4 6 4 23
split_gain=1.60818 3.61977 2.16524 4.9561 1.98438 3.13693 3.54766 3.0077 2.28778 6.16052 5.64639 8.1141 3.9884 5.94573 3.96263 5.95095 3.8852 4.21363 11.3024 7.11499 6.86869 6.37008 5.73585 5.92228 5.34828 5.34238 4.49099 5.28151 4.5655 4.43127
threshold=205.50000000000003 -0.00028950469259642059 160.50000000000003 0.41274079706189737 1.2727272727272736 0.14203262471191222 -0.81990725317210911 -0.13088466752418179 0.00054739500000000011 -0.78070526242513483 59.500000000000007 50.500000000000007 0.19114704915281441 52385.432818495756 3.526664709122159 0.8782347624952731 -2.4894853343200247 -0.4157237126012277 91.502793138540994 71479.361362184645 1.1123357610087508 0.44367383067348337 24.500000000000004 -0.38569386081558638 -1.1436488641692175 -0.91827358878097975 -0.65742660473480397 1.22999270192405 0.69710881228290644 -4.4999999999999991
decision_type=2 2 2 2 2 2 2 2 2 2 2 2 2 2 2 2 2 2 2 2 2 2 2 2 2 2 2 2 2 2
left_child=2 -2 4 -4 8 6 -6 -7 14 -10 11 16 -12 -14 -1 -16 -11 18 20 21 -18 -19 24 -24 -21 -22 -26 28 -28 -27
right_child=1 -3 3 -5 5 7 -8 -9 9 10 12 -13 13 -15 15 -17 17 19 -20 22 25 -23 23 -25 26 29 27 -29 -30 -31
leaf_value=0.00089186604156441635 0.013824731056226653 -0.055186942290958468 0.051610546931514213 -0.028395347548992551 -0.0069679083256351526 0.026048985572564704 0.039457921701494064 -0.028029874520180111 -0.033182332067251318 0.04841070362843905 -0.031472611289063701 0.05586647512246682 0.045327994631269297 -0.030918650951061079 -0.028623917731110567 0.026718312955729025 -0.014917455347961146 0.029208769863693584 -0.019490056323749741 0.044604636065617188 0.016602434608355969 -0.035329437027746206 0.076749703450215936 -0.0032473783295692742 -0.044023347594498163 0.110080745725692 0.04540412550432249 -0.039382799044349596 -0.01179211335679722 0.038874205057402439
leaf_weight=1132.4347939323634 3.5656182169914246 4.0677997618913642 5.8017684035003168 2.9048663154244423 6.0001321658492133 4.0234441459178925 13.096852503716946 7.1227617114782316 18.297727879136801 3.9104201123118392 24.129338655620813 6.7489821426570407 4.9278272017836553 5.3140997383743525 24.093500733375553 6.0841261334717265 4.669805675745013 4.4246824570000163 15.621038913726805 4.6303589306771711 5.6065784618258467 28.136142298579216 4.9338431358337402 4.356301683932541 8.4027360528707487 4.9964803494513017 6.8956708163023084 6.0762875750660887 7.062073290348053 3.8827568143606186
leaf_count=6998 21 28 35 22 30 20 62 36 125 25 163 37 28 35 168 38 30 27 107 25 34 174 26 28 53 26 36 41 45 22
internal_value=-6.48351e-05 -0.0229511 6.22583e-05 0.0249175 -9.61786e-05 0.0125689 0.0248713 -0.00850904 -0.000382957 -0.00574708 -0.00250261 0.00260176 -0.020376 0.00576686 0.000415347 -0.0174663 -0.000562557 -0.00230837 0.0120748 -0.00898498 0.0378154 -0.0265594 0.00452478 0.0392378 -0.00522777 0.0548149 -0.013342 -0.000473498 0.0164651 0.0789432
internal_weight=1382.22 7.63342 1374.59 8.70663 1365.88 30.2432 19.097 11.1462 1335.64 173.023 154.725 120.354 34.3713 10.2419 1162.61 30.1776 113.605 109.695 34.7767 74.9181 19.1556 32.5608 42.3573 9.29014 33.0671 14.4858 28.4368 20.034 13.9577 8.87924
internal_count=8545 49 8496 57 8439 148 92 56 8291 1087 962 736 226 63 7204 206 699 674 219 455 112 201 254 54 200 82 175 122 81 48
is_linear=0
shrinkage=0.05


Tree=117
num_leaves=31
num_cat=0
split_feature=2 29 9 5 14 1 6 15 0 24 23 1 30 15 14 3 7 2 5 1 27 19 26 22 19 23 0 8 8 5
split_gain=1.59188 6.44311 6.74072 5.59288 4.70364 4.19069 4.65979 5.79669 4.64943 4.27115 3.51846 4.51902 3.50709 3.27612 3.30697 3.03898 3.21439 4.45592 2.51394 6.32349 6.49741 5.10969 3.7166 2.91757 2.71515 4.08797 3.90574 3.75215 6.9934 4.83341
threshold=1.7914878035483135 4613.2600000000011 3.3557491495565412 277.93799999984918 104312.25301421588 1.3652702822917926 1.1744951189988393 0.61627842913535391 0.61870163934364852 0.24922870398850774 12.500000000000002 1.3197179442813978 -1.0947211068018878 0.89673570890533394 62823.921615230262 -0.55020038987906339 0.87051918773295889 2.3282525152886797 982.17999999993492 0.92101224748981914 0.0030149235790536415 -1.0000000180025095e-35 -0.00032558999999999995 -1.0000000180025095e-35 -0.51851851851851816 -112.49999999999999 1.366037431701008 46755.060000000245 66936.415000000256 -448.88150000013405
decision_type=2 2 2 2 2 2 2 2 2 2 2 2 2 2 2 2 2 2 2 2 2 2 2 2 2 2 2 2 2 2
left_child=18 2 3 10 5 6 7 -5 -9 13 -2 -12 -6 14 -7 -3 17 -17 24 21 22 -20 -21 -24 25 -1 27 29 -29 -27
right_child=1 15 -4 4 12 9 -8 8 -10 -11 11 -13 -14 -15 -16 16 -18 -19 19 20 -22 -23 23 -25 -26 26 -28 28 -30 -31
leaf_value=-0.041767969134305243 -0.058450460993474854 -0.059556867591397979 0.04895357742978193 -0.027214979669797641 0.0095316157133158372 -0.056221718428374028 0.063253615927042942 -0.01065342422206849 0.0625550395471276 0.032998513973839134 0.035169582637985926 -0.049907501733993886 -0.048438388357306239 0.014015814153917337 -0.00018588016425428306 -0.060379223605227905 0.01868078751640604 0.003957457946290952 0.032952619405085287 0.0067967738830666648 -0.013563102115912634 -0.036487581911261717 0.039001387617550169 0.093382232983618266 0.00069282675053680383 0.02240238131582898 0.050608592412810294 0.053270086414644195 -0.0055980249829828419 -0.023178362242812868
leaf_weight=8.311040945351122 6.7621836736798269 6.3065927512943771 6.5957038663327685 5.9240468293428448 4.2422114983201027 6.5032587572932297 6.0779224187135688 3.4058122485876066 5.9711754247546196 5.5486043915152541 3.1942200064659119 3.0523748323321342 6.777016978710888 5.4185000211000434 4.4240588992834091 6.2267087213695032 4.2426962479948989 4.7399850189685822 3.9377369806170455 3.4548678901046541 5.4038003534078589 8.0957591943442839 4.7822178453207034 5.0933282338082755 1166.5094938892871 6.8458306640386573 3.04540891945362 6.2931786626577404 25.438333231955767 38.666071705520153
leaf_count=77 45 42 36 37 27 48 33 22 30 32 20 23 46 32 25 42 25 29 24 20 33 53 25 24 7020 46 18 49 210 352
internal_value=-6.43113e-05 -0.00629561 0.000715398 -0.00401206 0.00304337 0.0104698 0.026216 0.0115038 0.035965 -0.00490565 -0.0334582 -0.00640301 -0.0261209 -0.0177723 -0.0335349 -0.0303751 -0.0182748 -0.0325719 0.000398056 0.0145182 0.0326851 -0.0137646 0.0514329 0.0670484 5.19142e-05 -0.00838637 -0.00493089 -0.0071206 0.00607704 -0.0163222
internal_weight=1381.29 95.4131 73.8971 67.3014 54.2926 43.2734 21.379 15.301 9.37699 21.8944 13.0088 6.24659 11.0192 16.3458 10.9273 21.516 15.2094 10.9667 1285.88 30.7677 18.7342 12.0335 13.3304 9.87555 1255.11 88.5999 80.2888 77.2434 31.7315 45.5119
internal_count=8545 594 456 420 332 259 122 89 52 137 88 43 73 105 73 138 96 71 7951 179 102 77 69 49 7772 752 675 657 259 398
is_linear=0
shrinkage=0.05


Tree=118
num_leaves=31
num_cat=0
split_feature=22 18 22 23 25 22 29 1 18 8 30 18 30 14 22 15 7 27 16 19 14 30 30 30 18 26 30 16 5 1
split_gain=1.5579 3.76078 3.6561 8.27841 5.62643 5.13318 4.6245 9.71385 5.88127 5.5101 6.07625 7.29127 6.51847 6.80294 6.28485 5.97294 5.55294 6.7153 5.91925 5.57702 5.52579 6.55068 5.49499 5.12082 6.50156 6.07684 5.83774 5.11906 4.79382 4.70998
threshold=4.5000000000000009 3.2448858093403019 -20.499999999999996 60.500000000000007 0.78253493841058741 -24.499999999999996 -1068.8799999999999 -1.3908185556657739 0.56868184489631191 247654.19000000032 -1.963363594791341 -1.0000000180025095e-35 -1.2355538683853589 114044.49443260256 -82.499999999999986 0.87716673904913756 -1.1993459328596432 0.001224475469428832 -0.49686286684150466 -0.44562647754137169 25798.840825746785 0.25502115573517503 1.9269027279707516 0.12291699085801601 1.0000000180025095e-35 0.00060028000000000013 -1.1176664044721043 -0.26329218123044767 417.86600000015466 0.9320455991710187
decision_type=2 2 2 2 2 2 2 2 2 2 2 2 2 2 2 2 2 2 2 2 2 2 2 2 2 2 2 2 2 2
left_child=2 -2 3 4 5 6 7 -1 9 10 11 14 13 -12 -8 27 17 20 -18 -20 -14 -22 -19 24 25 -9 -26 -16 -25 -21
right_child=1 -3 -4 -5 -6 -7 8 23 -10 -11 12 -13 16 -15 15 -17 18 22 19 29 21 -23 -24 28 26 -27 -28 -29 -30 -31
leaf_value=0.062352718179202085 -0.0025025069454742187 0.028615956213206825 0.0049072033998521052 0.046075317258336801 0.060998613213861796 -0.020458385815640152 0.046334138316547334 -0.0064108027649681064 -0.022101524245839277 -0.031525429555762319 -0.056252831807282369 0.059432612923334453 -0.052609096683417025 0.015894150330096918 -0.050725722673263918 0.028866649509600363 0.035547111575114802 0.014674750556775949 -0.047364676470484111 -0.012411908265524114 0.055101029191297661 -0.018302337719906199 0.066240137977877464 -0.018802659154347184 0.014494589277656851 0.063272940367387204 0.081761201367945111 0.021644211544792846 0.037821652993153904 0.011029618848122997
leaf_weight=7.6421173736453047 587.10673292353749 9.8724118471145612 381.63604879751801 8.7853511050343496 3.4044572412967673 40.290255110710859 7.1095076799392691 26.566773766651753 41.650023557245731 14.423784509301184 10.7663217484951 8.6223711967468244 4.8315952904522446 4.6910317987203589 8.5565114468336123 6.7098536714911452 8.1025418341159803 13.490203011780979 8.6123787425458413 72.452171146869659 4.9626621678471547 7.8429828733205795 8.3731472194194776 29.001608852297068 7.3553156182169914 3.5462581925094119 5.7444288618862611 3.4202328659594086 4.2908033505082122 30.427404001355171
leaf_count=43 3698 54 2313 51 16 250 40 173 265 99 74 47 34 29 56 41 40 79 79 445 30 47 41 177 44 20 30 22 25 183
internal_value=-6.37315e-05 -0.00198789 0.00140272 -0.00192695 -0.00300033 -0.00355975 -0.00160996 0.00860201 -0.00485209 -0.00163608 0.000426969 0.0196275 -0.00335901 -0.0343575 0.00632254 -0.00890028 -0.000347257 0.0159066 -0.00571571 -0.00871444 -0.00704662 0.0101442 0.0344231 0.00323285 0.0145872 0.0017955 0.043992 -0.0300588 -0.0115048 -0.0054789
internal_weight=1380.29 596.979 783.308 401.672 392.887 389.482 349.192 84.1473 265.045 223.395 208.971 34.4185 174.552 15.4574 25.7961 18.6866 159.095 39.5006 119.594 111.492 17.6372 12.8056 21.8634 76.5052 43.2128 30.113 13.0997 11.9767 33.2924 102.88
internal_count=8545 3752 4793 2480 2429 2413 2163 512 1651 1386 1287 206 1081 103 159 119 978 231 747 707 111 77 120 469 267 193 74 78 202 628
is_linear=0
shrinkage=0.05


Tree=119
num_leaves=31
num_cat=0
split_feature=1 30 18 6 28 27 6 6 22 27 9 15 3 21 27 0 15 26 16 0 27 1 3 16 18 18 30 30 6 18
split_gain=1.56778 5.34075 5.01485 4.01775 3.97826 5.70073 6.85633 6.57335 4.12269 5.47201 6.71792 4.48671 5.74816 4.61282 6.66422 3.94856 3.7644 4.30895 3.22888 4.66169 3.21561 3.08602 5.35933 6.05737 5.89921 4.45633 4.86427 4.38989 2.74352 2.73953
threshold=1.2715925834776718 4.2855486599255395 2.5112398052121985 -2.17175611688466 1858.5050000000001 -0.0029804970568386153 1.0863956096892422 -0.25540234590694805 4.5000000000000009 -0.00092368326871961049 3.15550549101168 0.9034273969640424 1.5854081478007818 3.2125363992645881 0.0035207677264660346 1.0027676032553774 0.95807428635670855 -0.00031776999999999993 -0.42278412401402221 -0.56958425976238314 0.0030648715848170531 1.208853948292643 -0.73866769563837853 -0.22941573388128364 -1.0000000180025095e-35 0.1123822311064457 0.21056215082439378 -0.37683066405717008 -0.31085758394417767 0.56868184489631191
decision_type=2 2 2 2 2 2 2 2 2 2 2 2 2 2 2 2 2 2 2 2 2 2 2 2 2 2 2 2 2 2
left_child=21 2 3 -2 8 7 28 -6 9 -5 11 12 13 14 15 -11 18 -18 -10 20 -20 -1 25 24 27 26 -23 -24 -7 -21
right_child=1 -3 -4 4 5 6 -8 -9 16 10 -12 -13 -14 -15 -16 -17 17 -19 19 29 -22 22 23 -25 -26 -27 -28 -29 -30 -31
leaf_value=0.00012091594675157326 -0.051755233674861845 0.058544808452229917 0.036765435424320994 -0.027552331582926765 0.069195305965869799 -0.010466205355250315 0.034705452468052143 -0.0055842262515906453 0.0024742614716660527 -0.011693958037548398 0.066283101473729747 -0.028645404969815352 0.067407305450066443 0.043791840205923652 -0.054854554283815707 0.035559690613212284 -0.036635341642801376 0.034679162731766529 -0.023950540343261616 -0.054574775092033061 0.043666526449355175 -0.037012650382876905 0.010636460705441983 0.07341136100663008 -0.018391800819509072 -0.061923631934689749 0.040469652021389524 0.080637799209424779 -0.057136898920777959 -0.015522034659303666
leaf_weight=1185.0591190867126 5.0477392151951781 3.2682152912020674 6.5576836764812461 16.204154595732689 6.7251759320497513 8.7585251405835134 6.6322265043854705 5.2195719480514509 7.027548659592866 11.165063321590432 4.2230359986424437 10.276166781783102 3.7564039304852477 5.3409267105162135 5.6926818303763858 7.3188025727868071 3.4206134527921677 5.562803488224743 5.2709647379815534 19.173639658838518 2.6384126543998718 3.5525077655911428 5.1010903194546717 5.8403545096516636 7.5639238953590384 3.2522446252405635 4.7127431407570839 3.9926318451762199 4.9165014326572445 5.8641467131674281
leaf_count=7324 41 19 37 105 32 54 38 34 39 71 23 68 21 35 39 40 24 33 40 141 16 23 30 32 43 25 24 21 33 40
internal_value=-6.37292e-05 -0.00471618 -0.00603481 -0.00790301 -0.0063784 0.00910938 -0.00701265 0.0365184 -0.0108014 -0.0024445 0.00607183 0.000233161 0.0091519 0.00173829 -0.0075519 0.00701642 -0.021722 0.00752476 -0.0282945 -0.0348574 -0.00139482 0.000547125 0.0153957 0.0295959 0.0142337 -0.0123426 0.00716679 0.0413708 -0.0272454 -0.0454282
internal_weight=1379.14 160.061 156.793 150.235 145.187 32.252 20.3073 11.9447 112.935 63.9772 47.7731 43.55 33.2739 29.5175 24.1765 18.4839 48.9581 8.98342 39.9747 32.9472 7.90938 1219.07 34.0155 22.498 16.6576 11.5175 8.26525 9.09372 13.675 25.0378
internal_count=8545 1023 1004 967 926 191 125 66 735 402 297 274 206 185 150 111 333 57 276 237 56 7522 198 126 94 72 47 51 87 181
is_linear=0
shrinkage=0.05


end of trees

feature_importances:
z_oi=322
z_ls=272
cvd_divergence=255
depth_imbalance_z=233
poc_stability=229
z_cvd_20=164
poc_offset_atr=162
z_btc_20=156
oi_diff_std_3=154
whale_z=153
avg_trade_size_ask_z=146
oi_velocity=137
regime_score=133
abs_ratio_long=126
z_btc_10=115
z_cvd_4=112
liq_long_5=109
btc_cvd_mom=108
z_btc_4=91
trade_accel=83
trade_velocity=79
funding_accel=78
abs_ratio_short=67
liq_velocity_short=43
poc_location=30
liq_velocity_long=27
delta_intensity=7
delta_intensity_roc=7
absorption_flag_short=2

parameters:
[boosting: gbdt]
[objective: binary]
[metric: binary_logloss]
[tree_learner: serial]
[device_type: cpu]
[data_sample_strategy: bagging]
[data: ]
[valid: ]
[num_iterations: 120]
[learning_rate: 0.05]
[num_leaves: 31]
[num_threads: 1]
[seed: 0]
[deterministic: 0]
[force_col_wise: 0]
[force_row_wise: 0]
[histogram_pool_size: -1]
[max_depth: -1]
[min_data_in_leaf: 20]
[min_sum_hessian_in_leaf: 0.001]
[bagging_fraction: 1]
[pos_bagging_fraction: 1]
[neg_bagging_fraction: 1]
[bagging_freq: 0]
[bagging_seed: 3]
[bagging_by_query: 0]
[feature_fraction: 1]
[feature_fraction_bynode: 1]
[feature_fraction_seed: 2]
[extra_trees: 0]
[extra_seed: 6]
[early_stopping_round: 0]
[early_stopping_min_delta: 0]
[first_metric_only: 0]
[max_delta_step: 0]
[lambda_l1: 0]
[lambda_l2: 0]
[linear_lambda: 0]
[min_gain_to_split: 0]
[drop_rate: 0.1]
[max_drop: 50]
[skip_drop: 0.5]
[xgboost_dart_mode: 0]
[uniform_drop: 0]
[drop_seed: 4]
[top_rate: 0.2]
[other_rate: 0.1]
[min_data_per_group: 100]
[max_cat_threshold: 32]
[cat_l2: 10]
[cat_smooth: 10]
[max_cat_to_onehot: 4]
[top_k: 20]
[monotone_constraints: ]
[monotone_constraints_method: basic]
[monotone_penalty: 0]
[feature_contri: ]
[forcedsplits_filename: ]
[refit_decay_rate: 0.9]
[cegb_tradeoff: 1]
[cegb_penalty_split: 0]
[cegb_penalty_feature_lazy: ]
[cegb_penalty_feature_coupled: ]
[path_smooth: 0]
[interaction_constraints: ]
[verbosity: -1]
[saved_feature_importance_type: 0]
[use_quantized_grad: 0]
[num_grad_quant_bins: 4]
[quant_train_renew_leaf: 0]
[stochastic_rounding: 1]
[linear_tree: 0]
[max_bin: 255]
[max_bin_by_feature: ]
[min_data_in_bin: 3]
[bin_construct_sample_cnt: 200000]
[data_random_seed: 1]
[is_enable_sparse: 1]
[enable_bundle: 1]
[use_missing: 1]
[zero_as_missing: 0]
[feature_pre_filter: 1]
[pre_partition: 0]
[two_round: 0]
[header: 0]
[label_column: ]
[weight_column: ]
[group_column: ]
[ignore_column: ]
[categorical_feature: ]
[forcedbins_filename: ]
[precise_float_parser: 0]
[parser_config_file: ]
[objective_seed: 5]
[num_class: 1]
[is_unbalance: 0]
[scale_pos_weight: 1]
[sigmoid: 1]
[boost_from_average: 1]
[reg_sqrt: 0]
[alpha: 0.9]
[fair_c: 1]
[poisson_max_delta_step: 0.7]
[tweedie_variance_power: 1.5]
[lambdarank_truncation_level: 30]
[lambdarank_norm: 1]
[label_gain: ]
[lambdarank_position_bias_regularization: 0]
[eval_at: ]
[multi_error_top_k: 1]
[auc_mu_weights: ]
[num_machines: 1]
[local_listen_port: 12400]
[time_out: 120]
[machine_list_filename: ]
[machines: ]
[gpu_platform_id: -1]
[gpu_device_id: -1]
[gpu_use_dp: 0]
[num_gpu: 1]

end of parameters

pandas_categorical:[]
