tree
version=v4
num_class=1
num_tree_per_iteration=1
label_index=0
max_feature_idx=30
objective=binary sigmoid:1
feature_names=z_cvd_4 z_btc_4 z_btc_10 z_cvd_20 z_btc_20 btc_cvd_mom z_oi z_ls liq_long_5 abs_ratio_long abs_ratio_short absorption_flag_long absorption_flag_short whale_z oi_diff_std_3 poc_stability depth_imbalance_z avg_trade_size_bid_z avg_trade_size_ask_z poc_offset_atr poc_location cvd_divergence trade_velocity trade_accel delta_intensity delta_intensity_roc funding_accel oi_velocity liq_velocity_long liq_velocity_short regime_score
feature_infos=[-1.4999927324826627:1.4999996277756928] [-1.4999514939096124:1.4999992537009623] [-2.8365857278017237:2.8409553083103516] [-4.2125797370218629:4.1957086257614709] [-4.1913075736581664:4.1665920673473211] [-10156.74199999962:5735.8919999999925] [-6.3601353807281873:5.6166047272187898] [-5.7299763102467365:5.5310207955021511] [0:4518825.6499999994] [0:34.164632301301353] [0:100000000] [0:1] [0:1] [-4.2428784894980387:4.3259144038658652] [0:5289901.5688304659] [0:7.6681158218002876] [-2.8842314946907757:3.3429058383642607] [-1.7962097751752868:4.8844500327650211] [-2.2073623007689522:6.9811644353822171] [-14:14] [-12.500000000001332:1] [-5.3392587284295479:8.8917805324947263] [-4880:4814] [-9694:6034] [-1:1.0000000000000004] [-1.9977582770829239:1.9906563359043346] [-0.0034250000000000001:0.0034330000000000003] [-0.064750751129411532:0.1164639021909788] [-4231170.5200000005:4263029.2300000004] [-3308047.3500000001:3284270.3500000001] [-16.004213009367334:11.163532564620409]
tree_sizes=3421 3445 3457 3462 3467 3477 3481 3481 3466 3496 3480 3463 3470 3478 3482 3477 3460 3499 3465 3474 3460 3461 3493 3478 3460 3492 3478 3489 3472 3485 3481 3456 3466 3485 3476 3472 3471 3457 3473 3448 3464 3473 3498 3458 3461 3453 3440 3470 3473 3462 3471 3452 3453 3443 3422 3458 3458 3473 3415 3455 3439 3430 3471 3455 3442 3451 3446 3439 3451 3420 3467 3429 3432 3455 3449 3428 3444 3428 3434 3405 3446 3428 3434 3432 3439 3412 3461 3433 3414 3448 3415 3472 3426 3443 3441 3432 3413 3427 3428 3424 3432 3457 3437 3447 3472 3442 3406 3431 3454 3423 3408 3461 3423 3442 3439 3441 3458 3435 3420 3422

Tree=0
num_leaves=31
num_cat=0
split_feature=19 19 15 15 15 19 15 3 6 30 14 3 20 7 5 21 27 21 7 10 13 3 9 15 5 26 7 15 15 13
split_gain=323.497 276.943 218.825 285.412 505.741 92.2276 84.77 62.4915 51.8206 44.9174 39.614 30.809 29.9509 28.6912 27.7814 26.8381 25.9036 26.6885 25.4519 26.9907 24.82 29.8972 22.655 23.2425 23.8183 22.1116 21.3868 21.2889 47.1316 17.8829
threshold=-0.7368421052631543 1.2727272727272794 1.4288690168393643 0.00049390871515913139 7.7523561462123033e-05 2.7999999999999976 1.0000000180025095e-35 -2.0344649424049246 0.63581191284880711 -0.90323979276154565 107051.18910352993 -0.88903703193401939 -1.0000000180025095e-35 -1.7575779937787097 1.0000000180025095e-35 -1.1604907497884251 -0.006504117537982689 1.0000000180025095e-35 -1.9726088609316335 0.22436619259989521 1.656892170094322 -1.8090440832934727 1.3106808440525415 1.8073922315325641 -14.104499999899415 0.00037950000000000012 0.45557326056270214 1.1430952139171602 1.1577566473237646 -0.058510732648179055
decision_type=2 2 2 2 2 2 2 2 2 2 2 2 2 2 2 2 2 2 2 2 2 2 2 2 2 2 2 2 2 2
left_child=-1 2 3 4 6 -3 -2 -4 15 25 -10 13 -5 -12 -8 -6 -14 -18 19 -17 21 -20 23 24 -11 -9 -13 -19 -29 -23
right_child=1 5 7 12 8 -7 14 9 10 22 11 26 16 -15 -16 18 17 27 20 -21 -22 29 -24 -25 -26 -27 -28 28 -30 -31
leaf_value=-1.0009746394645194 -1.0214089583013888 -0.90364714425693526 -0.95973304112036673 -0.97968973714344298 -0.79246221643081338 -0.8096502245971704 -0.94579428085239092 -0.92186689661852994 -0.85224612263209032 -0.93382306603853815 -0.98585822198608208 -0.90158980997942906 -0.97450513775264036 -0.84635222913498176 -0.97244557096245721 -0.79743931951495628 -0.94100960078831053 -0.96262174674384848 -0.84365527672485507 -0.92625845816336194 -0.86894136382236198 -0.90959228428263683 -0.93921826516875306 -0.86472237972651833 -0.88142793405986852 -0.98847224671514877 -0.97556721936849333 -0.909934409729102 -0.96164177941175089 -0.93829033536700968
leaf_weight=315.64546151459217 63.892588645219803 135.01830053329468 69.719271257519722 239.69766746461391 5.023002251982688 32.348134502768517 193.08420656621456 141.64866350591183 102.26832585036755 35.964696124196053 4.2193218916654578 27.12421216070652 320.86938385665417 29.133413061499596 198.10720881819725 10.04600450396538 182.83728197216988 1867.753157377243 12.657965674996374 6.831283062696456 28.530652791261673 118.94469332695007 21.900289818644524 75.947794049978256 54.650264501571655 13.662566125392912 15.269926846027372 63.691668555140495 143.05510413646698 99.857284769415855
leaf_count=1571 318 672 347 1193 25 161 961 705 509 179 21 135 1597 145 986 50 910 9296 63 34 142 592 109 378 272 68 76 317 712 497
internal_value=-0.952113 -0.948537 -0.951083 -0.954906 -0.930643 -0.88548 -0.968012 -0.916571 -0.893665 -0.907817 -0.872545 -0.899952 -0.962784 -0.864001 -0.959291 -0.907003 -0.961212 -0.959323 -0.909081 -0.84958 -0.912943 -0.918367 -0.89141 -0.885124 -0.902223 -0.927726 -0.928236 -0.960937 -0.945712 -0.92269
internal_weight=4629.4 4313.75 4146.39 3732.89 914.99 167.366 455.084 413.494 459.906 343.774 178.015 75.7469 2817.9 33.3527 391.191 281.891 2578.21 2257.34 276.868 16.8773 259.991 231.46 188.463 166.563 90.615 155.311 42.3941 2074.5 206.747 218.802
internal_count=23041 21470 20637 18579 4554 833 2265 2058 2289 1711 886 377 14025 166 1947 1403 12832 11235 1378 84 1294 1152 938 829 451 773 211 10325 1029 1089
is_linear=0
shrinkage=1


Tree=1
num_leaves=31
num_cat=0
split_feature=19 19 15 15 15 15 19 3 6 30 14 20 3 5 7 30 15 2 21 1 7 15 10 26 18 1 9 15 5 21
split_gain=298.17 242.048 194.453 256.269 428.788 79.9309 74.4818 54.5965 44.016 38.262 31.6668 28.1595 25.605 25.32 24.3838 24.269 23.4729 31.4169 21.2007 20.7427 20.4428 26.0063 21.756 19.8055 19.2225 23.7459 19.2107 19.1806 20.211 17.2011
threshold=-0.7368421052631543 1.2727272727272794 1.4288690168393643 0.18545806888082925 7.7523561462123033e-05 1.0000000180025095e-35 2.7999999999999976 -2.0344649424049246 0.63581191284880711 -0.90323979276154565 107051.18910352993 -1.5000000000001663 -0.97019774099572953 1.0000000180025095e-35 -1.9464485934388291 -3.6417525956710706 0.62380775606049588 0.17694772455874605 -1.1604907497884251 0.15150376735614463 -2.0019335413369652 0.00025103231082877823 0.22912781446552438 0.00037950000000000012 -0.30381885310064322 0.62169979610015724 1.3106808440525415 1.8073922315325641 -14.104499999899415 -0.14468213636170615
decision_type=2 2 2 2 2 2 2 2 2 2 2 2 2 2 2 2 2 2 2 2 2 2 2 2 2 2 2 2 2 2
left_child=-1 2 3 4 5 -2 -3 -4 15 23 -10 -5 14 -7 -12 -6 -13 29 -17 -14 22 24 -20 -9 -22 -26 27 28 -11 -18
right_child=1 6 7 11 8 13 -8 9 10 26 12 16 19 -15 -16 18 17 -19 20 -21 21 -23 -24 -25 25 -27 -28 -29 -30 -31
leaf_value=-0.047484564059110168 -0.068004359682702797 0.04506026348838621 -0.0072645208260585003 -0.033709977888857927 -0.026995894361234563 0.0059853418785825157 0.1273836507121644 0.028346311901806566 0.088704217524825282 0.017232433157304973 -0.032698036398020873 -0.015694157546023917 0.064315974354580738 -0.019497268156078787 0.096401632604115092 0.1417951900476194 0.017516469264312697 0.0017432617133607481 0.14507088952126038 -0.0025147280959749232 0.062254317819524244 0.00016547262254734736 0.027218409325073273 -0.03512677178528726 0.049088307849914921 0.0056238328074264751 0.012178524793372308 0.079911506863416845 0.065093016542637896 -0.013256018925921254
leaf_weight=308.73821169137955 61.901522397994995 137.88349628448486 69.483456179499626 122.6419889330864 12.822604700922964 193.62395660579205 34.312734812498093 143.53321261703968 109.07752412557602 36.254885882139206 4.1630483120679846 915.18809324502945 19.361803159117699 196.31420409679413 30.121912240982056 5.3630150854587546 47.740356966853142 770.20368535816669 9.4211751222610491 29.002028152346611 91.411764785647392 38.587479397654533 6.7015586644411078 13.440672218799589 82.21133516728878 50.866925328969955 22.025033667683601 78.823644876480103 56.33177661895752 931.16969947516918
leaf_count=1571 318 672 347 618 63 961 161 705 521 179 21 4579 95 986 144 25 237 3847 44 143 447 190 33 68 402 249 109 378 272 4656
internal_value=-1.47498e-05 0.0033778 0.000966317 -0.00266702 0.0198944 -0.0152228 0.0614645 0.0332239 0.0523355 0.0412524 0.0710161 -0.0102844 0.0476718 -0.00684387 0.0807257 0.040292 -0.00920609 -0.00581134 0.0433241 0.02424 0.0414326 0.0380832 0.0960845 0.0229115 0.0446009 0.0324747 0.0561361 0.0617844 0.0463519 -0.0117553
internal_weight=4628.72 4319.98 4147.79 3727.9 940.952 451.84 172.196 419.893 489.112 350.409 191.726 2786.94 82.6488 389.938 34.285 297.386 2664.3 1749.11 284.563 48.3638 279.2 263.078 16.1227 156.974 224.49 133.078 193.435 171.41 92.5867 978.91
internal_count=23041 21470 20637 18579 4642 2265 833 2058 2377 1711 924 13937 403 1947 165 1453 13319 8740 1390 238 1365 1288 77 773 1098 651 938 829 451 4893
is_linear=0
shrinkage=0.05


Tree=2
num_leaves=31
num_cat=0
split_feature=19 19 15 15 15 15 19 3 3 30 6 14 20 15 8 5 15 2 10 30 14 30 22 15 21 13 7 6 13 7
split_gain=274.949 212.61 173.146 230.655 391.104 75.4774 61.8011 47.8924 37.541 33.6319 29.9789 31.1203 26.9121 25.6042 30.4525 23.1019 22.5495 28.6339 21.0554 19.6962 18.6612 24.9467 18.5953 22.5599 18.2641 18.0985 22.9584 17.948 21.3644 18.8402
threshold=-0.7368421052631543 1.2727272727272794 1.4288690168393643 0.00049390871515913139 7.7523561462123033e-05 1.0000000180025095e-35 2.7999999999999976 -2.0344649424049246 -1.8090440832934727 -3.0882267921730047 0.63581191284880711 107051.18910352993 -1.7500000000001108 1.765778588345988 100513.42999999919 123.10700000007638 0.62380775606049588 0.17694772455874605 0.092442678528961389 -3.6417525956710706 113969.22174435588 -1.1093066734877952 -973.49999999999989 4.7705882826487036e-05 -1.1604907497884251 1.6396230192112302 -2.0019335413369652 -1.9402521863014128 -0.12171676061783336 -1.4256081135564027
decision_type=2 2 2 2 2 2 2 2 2 2 2 2 2 2 2 2 2 2 2 2 2 2 2 2 2 2 2 2 2 2
left_child=-1 2 3 4 5 -2 -3 -4 -6 18 19 -12 -5 20 -15 22 -14 -18 -9 -10 -11 -22 -7 -24 -21 26 -26 28 -28 -29
right_child=1 6 7 12 8 15 -8 9 10 13 11 -13 16 14 -16 -17 17 -19 -20 24 21 -23 23 -25 25 -27 27 29 -30 -31
leaf_value=-0.046159101992228453 -0.066820692715343175 0.041994995587912316 -0.0069243628166273776 -0.042320582759795208 0.10018551473622633 -0.054981306901635066 0.11549801313941382 -0.045821727404387745 -0.025282931820910421 0.050731057127188256 0.0799481577209116 0.036653307512627215 -0.015141121457925469 0.075417016196465764 0.02754035300675662 -0.026010182456257178 -0.011314127036076399 0.0015035454498947038 0.023077348173623873 0.12808688449343439 -0.021599183709597326 0.034352885217630531 -0.016071397821123237 0.014621726564559552 0.0982552908626525 0.074160075781538742 0.12690634593680492 -0.019058271311283181 0.012953445942082326 0.029738043047784331
leaf_weight=301.89889688789845 59.898922473192215 140.48043823242188 69.257894605398178 61.942128822207451 34.983500614762306 14.038130491971968 35.906829729676247 16.392062425613403 12.474879771471022 66.139608904719353 104.07911539077759 69.037911921739578 964.17151772975922 100.0946349054575 49.707501247525215 109.32792666554451 983.11961777508259 782.52602924406528 34.27296370267868 5.6325122714042655 29.86446139216423 59.835013180971146 91.243178769946098 174.10457020998001 12.462922781705855 29.128586992621422 9.5955484956502932 22.306677743792534 7.1991647183895102 174.71861933171749
leaf_count=1571 318 672 347 317 163 70 161 80 62 318 480 331 4860 473 239 554 4941 3907 167 25 146 288 455 868 57 138 46 108 35 844
internal_value=-2.62716e-05 0.00319474 0.000908297 -0.00254612 0.0190168 -0.0145753 0.0569579 0.0311207 0.0503067 0.0385158 0.0463998 0.0626825 -0.00973101 0.0447701 0.0595305 -0.00652452 -0.00899152 -0.00563339 0.000785877 0.0360941 0.0305815 0.0157243 0.00110052 0.00406751 0.0390272 0.0370632 0.0322879 0.0284429 0.0780597 0.0242135
internal_weight=4625.84 4323.94 4147.56 3721.99 930.232 448.613 176.387 425.564 481.619 356.306 446.636 173.117 2791.76 305.641 149.802 388.714 2729.82 1765.65 50.665 273.519 155.839 89.6995 279.386 265.348 261.044 255.412 226.283 213.82 16.7947 197.025
internal_count=23041 21470 20637 18579 4554 2265 833 2058 2289 1711 2126 811 14025 1464 712 1947 13708 8848 247 1315 752 434 1393 1323 1253 1228 1090 1033 81 952
is_linear=0
shrinkage=0.05


Tree=3
num_leaves=31
num_cat=0
split_feature=19 19 15 15 15 15 19 3 30 6 15 20 9 30 5 15 5 27 13 27 6 15 14 10 0 5 13 27 30 21
split_gain=253.618 187.535 154.376 207.66 334.8 77.0207 52.4004 42.3907 29.5858 29.5198 26.9021 25.195 25.1495 24.9607 23.4637 22.9947 28.2722 26.8065 22.8982 30.689 21.9494 19.3932 19.1551 19.2993 18.7816 18.6084 18.1406 30.3547 35.8585 22.7517
threshold=-0.7368421052631543 1.2727272727272794 1.4288690168393643 0.18545806888082925 8.4994334199161475e-05 1.0000000180025095e-35 2.7999999999999976 -1.8255182262149161 -3.0882267921730047 0.63581191284880711 1.8073922315325641 -2.5000000000003881 1.3389024560391978 -1.1567694399730475 53.539499999955304 0.62380775606049588 -85.837499999906854 -0.0046805812510328218 -0.5086857577706928 0.0065965840603315904 2.171374748842879 0.00011510468196722464 6754.7188729512645 0.0022553353819304372 0.85093588370771223 431.04549999977468 -0.2081341509526152 0.0042720132465730041 2.6369529650101557 0.92058826334842181
decision_type=2 2 2 2 2 2 2 2 2 2 2 2 2 2 2 2 2 2 2 2 2 2 2 2 2 2 2 2 2 2
left_child=-1 2 3 4 5 -2 -3 -4 -9 22 -10 -5 -12 21 -7 -13 -17 -18 19 -15 -20 -11 -6 24 -24 -19 29 28 -28 -25
right_child=1 6 7 11 9 14 -8 8 10 13 12 15 -14 18 -16 16 17 25 20 -21 -22 -23 23 26 -26 -27 27 -29 -30 -31
leaf_value=-0.044880105501228895 -0.065733447099674464 0.039220041385063568 -0.001162345635208931 -0.050819353510227698 -0.059361705116528662 0.0051541729647015255 0.10585542617565316 0.00083136187290978327 0.029218923501591072 -0.033083009116463273 0.067194697900470682 -0.015081240964884422 -0.0022151182576726192 0.11593259411145272 -0.018969412697215818 -0.013425535009072781 -0.017643083154548149 0.0066984331295050509 0.069712669998088964 0.0043460136201696154 0.0093801436704486034 0.048126283563489941 0.09788638330590313 0.01556745291490208 0.015653800728016105 -0.011370898779908045 0.0063961903183205595 0.12243199374988821 0.08531243610986966 0.064655049417053259
leaf_weight=295.15043522417545 57.895957678556442 142.83558225631714 90.776057288050652 36.193124145269394 5.0152527987956992 258.56666234135628 37.183151185512543 47.797709494829178 157.30662973225117 9.9323189854621869 120.16571526229382 954.65833573043346 14.640561819076536 42.83121021091938 165.19836488366127 683.2082616686821 187.55783525109291 722.6581737101078 80.040858954191208 7.1970486938953391 18.573163360357285 28.293116301298141 24.391727209091187 34.242174550890923 9.7068683803081495 177.47580854594707 112.08901591598988 7.1422825306653968 16.515526860952377 75.990103408694267
leaf_count=1571 318 672 451 189 25 1278 161 233 749 46 554 4849 71 195 838 3445 944 3623 367 34 85 130 115 162 46 887 534 33 78 358
internal_value=-3.5859e-05 0.00302368 0.000854453 -0.00243044 0.0176859 -0.0116404 0.0529837 0.029192 0.0372984 0.0476149 0.0432655 -0.00937654 0.0596565 0.0630604 -0.00425004 -0.00882621 -0.00545424 -0.000447259 0.0723273 0.0998798 0.0583495 0.0270252 0.037491 0.0392253 0.0744772 0.00313578 0.0343386 0.0221027 0.0165307 0.0494066
internal_weight=4621.23 4326.08 4146.06 3715.37 953.622 481.661 180.019 430.687 339.911 471.961 292.113 2761.75 134.806 186.868 423.765 2725.56 1770.9 1087.69 148.642 50.0283 98.614 38.2254 285.093 280.078 34.0986 900.134 245.979 135.747 128.605 110.232
internal_count=23041 21470 20637 18579 4642 2434 833 2058 1607 2208 1374 13937 625 857 2116 13748 8899 5454 681 229 452 176 1351 1326 161 4510 1165 645 612 520
is_linear=0
shrinkage=0.05


Tree=4
num_leaves=31
num_cat=0
split_feature=19 19 15 15 15 15 19 3 3 1 30 7 20 6 27 21 5 15 15 10 3 7 21 7 7 4 6 26 18 3
split_gain=233.997 166 137.872 187.284 308.843 67.33 45.2159 37.8512 30.6848 26.7935 26.7187 25.001 23.7996 23.5069 22.9723 22.7816 20.2351 18.286 41.6702 17.9046 19.3673 17.8909 23.7995 17.2687 17.5744 19.0154 18.0479 17.092 16.8459 17.2153
threshold=-0.7368421052631543 1.2727272727272794 1.4288690168393643 0.00049390871515913139 7.7523561462123033e-05 1.0000000180025095e-35 2.7999999999999976 -2.0344649424049246 -1.8090440832934727 0.5550372894655683 -0.90323979276154565 1.605356323474316 -1.0000000180025095e-35 0.61895646097714607 -0.006504117537982689 1.0000000180025095e-35 1.0000000180025095e-35 1.1430952139171602 1.1577566473237646 0.0022553353819304372 1.4403068245220101 -2.069250131107057 2.6451782910466668 -1.2166008327404658 -2.4732775115990271 0.076455269377483995 -1.1785460621403347 0.00037950000000000012 -0.023579477822539479 0.14375735097075185
decision_type=2 2 2 2 2 2 2 2 2 2 2 2 2 2 2 2 2 2 2 2 2 2 2 2 2 2 2 2 2 2
left_child=-1 2 3 4 5 -2 -3 -4 -6 11 27 13 -5 19 -14 -16 -7 23 -19 -10 -21 22 -20 24 25 -17 -27 -9 29 -11
right_child=1 6 7 12 8 16 -8 10 9 28 -12 -13 14 -15 15 17 -18 18 21 20 -22 -23 -24 -25 -26 26 -28 -29 -30 -31
leaf_value=-0.04364288781054599 -0.064732494444265029 0.036695286363406812 -0.0065445705972502211 -0.024265394634924567 0.087883191865558055 0.005333318217246686 0.097850749344561699 0.023532990585522634 0.084962907976105173 0.02322268742574192 0.045829699285405062 0.01023377879840002 -0.020160487422930102 0.075194287467908447 0.011227924123742267 -0.014643985342521643 -0.017541388277672272 0.040233237612819203 -0.028689754805163781 0.028939503045701021 0.090045781850678658 -0.013470620019224822 0.11842486946829481 -0.0062647336531080379 -0.022565748939038024 0.12249769709782676 0.017692380192944515 -0.035310743703133363 0.0097790970792361476 0.066581482846174614
leaf_weight=288.51204608380795 55.902176231145859 144.97259044647217 69.005957275629044 230.20497965812683 36.81227008998394 194.66690739989281 38.185784801840782 148.23754480481148 22.019364058971405 58.894080623984337 204.59016287326813 34.207664027810097 312.88991737365723 95.649327978491783 182.63083922863007 37.186379209160805 192.06901313364506 64.489830583333969 4.9749722927808744 110.91537672281265 14.683530792593954 130.18053978681564 6.1446109861135483 1444.779232814908 332.42427772283554 5.5011594146490124 16.216589704155922 13.461074054241179 87.589460030198097 37.450179487466812
leaf_count=1571 318 672 347 1193 163 961 161 705 101 272 938 159 1597 427 910 189 986 317 25 517 68 656 31 7314 1683 28 82 68 409 173
internal_value=-4.39134e-05 0.00286319 0.000804218 -0.00232045 0.016951 -0.0134413 0.0494453 0.0274247 0.0439526 0.0404477 0.0338243 0.0502575 -0.00887181 0.0558855 -0.00747524 -0.005691 -0.0060272 -0.00720426 0.00692923 0.0433744 0.0360833 -0.00827082 0.0526049 -0.00878833 -0.0181054 0.00706627 0.0442398 0.0186344 0.025649 0.0400768
internal_weight=4615.45 4326.94 4143.78 3708.48 940.859 442.638 183.158 435.295 498.221 461.409 366.289 277.475 2767.62 243.268 2537.42 2224.53 386.736 2041.9 205.79 147.618 125.599 141.3 11.1196 1836.11 391.328 58.9041 21.7177 161.699 183.934 96.3443
internal_count=23041 21470 20637 18579 4554 2265 833 2058 2289 2126 1711 1272 14025 1113 12832 11235 1947 10325 1029 686 585 712 56 9296 1982 299 110 773 854 445
is_linear=0
shrinkage=0.05


Tree=5
num_leaves=31
num_cat=0
split_feature=19 19 15 15 15 15 19 1 30 6 20 15 6 30 27 15 15 14 9 15 30 1 30 7 0 15 30 14 27 5
split_gain=215.932 147.377 123.277 168.737 274.74 68.5283 39.581 35.8807 26.4023 25.3952 23.1249 22.537 22.1454 21.7861 19.449 23.3137 41.8655 19.1951 19.0124 19.1716 19.3647 18.9391 20.5602 18.7224 18.1533 22.2887 19.3761 16.918 15.5401 15.7622
threshold=-0.7368421052631543 1.2727272727272794 1.4288690168393643 0.00049390871515913139 8.4994334199161475e-05 1.0000000180025095e-35 2.7999999999999976 0.080517747225843081 -1.3110975401921932 0.65049467737097877 -2.5000000000003881 5.2668782395488645e-05 2.171374748842879 -3.1664050533733836 -0.006504117537982689 1.1430952139171602 1.1430952175566116 169296.18773342823 0.39257015031368458 1.8073922315325641 -4.0476219806266398 0.18831351009467376 1.7947835929590783 -1.9726088609316335 0.20794600844471434 0.43965200644301289 -1.5340078337009646 286129.37415633077 0.0012906899785094519 -46.097499999916174
decision_type=2 2 2 2 2 2 2 2 2 2 2 2 2 2 2 2 2 2 2 2 2 2 2 2 2 2 2 2 2 2
left_child=-1 2 3 4 5 -2 -3 18 -6 28 -5 -7 23 -9 -12 24 -17 -15 19 -4 -21 22 -13 -11 -16 -26 -27 -25 -10 -30
right_child=1 6 7 10 8 11 -8 13 9 12 14 21 -14 17 15 16 -18 -19 -20 20 -22 -23 -24 27 25 26 -28 -29 29 -31
leaf_value=-0.04244338012588194 -0.063809034361779912 0.034387985863892211 0.0064753165905858771 -0.048929386411757619 0.019656172703847924 -0.017642756272125911 0.091079301109405209 -0.0018609333354505323 0.029551588842569112 -0.002569708525301845 -0.019612707677205261 0.0054055369267647828 0.022202124299553632 0.059823004978492238 -0.012010709453280963 0.044566375502375244 -0.0036545786825816513 0.027631655761593505 -0.0052053114100723968 -0.033417539811432605 0.0558760405287555 -0.0094696778415255863 0.047688519484508217 0.084730626859772479 -0.02123346911132085 -0.015437017978536291 0.0043787143919182736 0.018584811009641419 0.088285497617457687 0.039695385749027451
leaf_weight=281.99969489872456 53.925737947225571 146.91269159317017 69.036988765001297 34.864911273121834 95.019680738449097 175.62186609208584 38.952223509550095 26.870713204145432 152.99756725132465 7.5426021516323081 315.89488141238689 93.768828094005585 24.994202792644501 109.75676992535591 1240.5019370168447 59.912849754095078 180.97587892413139 80.104433953762054 95.21025276184082 6.8807631433010092 51.637029021978378 111.43181905150414 41.462303519248962 106.18668188154697 138.66664093732834 153.28566436469555 631.95578150451183 10.634978935122488 26.604154571890831 44.787779659032822
leaf_count=1571 318 672 328 189 437 890 161 130 702 34 1628 458 112 499 6318 290 911 371 461 34 235 566 202 462 711 776 3202 48 120 205
internal_value=-5.05598e-05 0.00271265 0.00075745 -0.00221557 0.0160169 -0.0107316 0.0462689 0.0257935 0.0431901 0.0491733 -0.00846701 -0.00395357 0.0651483 0.0402774 -0.00794859 -0.00641671 0.00833874 0.0462411 0.0117019 0.0243219 0.0453765 0.00579302 0.0183696 0.0737795 -0.00805892 -0.00275297 0.000510519 0.078709 0.0385399 0.0578025
internal_weight=4608.4 4326.4 4140.53 3701.04 944.978 476.211 185.865 439.497 468.768 373.748 2756.06 422.285 149.358 216.732 2721.19 2405.3 240.889 189.861 222.765 127.555 58.5178 246.663 135.231 124.364 2164.41 923.908 785.241 116.822 224.39 71.3919
internal_count=23041 21470 20637 18579 4554 2434 833 2058 2120 1683 14025 2116 656 1000 13836 12208 1201 870 1058 597 269 1226 660 544 11007 4689 3978 510 1027 325
is_linear=0
shrinkage=0.05


Tree=6
num_leaves=31
num_cat=0
split_feature=19 19 15 15 15 15 19 9 3 30 21 1 20 15 15 5 27 7 5 6 10 5 6 27 1 27 6 18 3 30
split_gain=199.285 131.175 110.318 152.442 237.706 60.4212 35.0612 32.1281 28.5169 24.4996 27.5171 21.5783 21.5382 20.8077 19.6752 25.1113 22.1644 19.5105 18.1072 17.9611 17.9352 17.0034 16.8049 16.1097 18.9224 16.0224 15.4948 14.9636 14.972 14.6608
threshold=-0.7368421052631543 1.2727272727272794 1.4288690168393643 0.18545806888082925 7.7523561462123033e-05 1.0000000180025095e-35 2.7999999999999976 0.71230825737534686 -1.8705315970046066 -3.0882267921730047 -0.22038821916179582 0.5550372894655683 -2.5000000000003881 1.8073922315325641 0.62380775606049588 -85.837499999906854 -0.0046805812510328218 1.605356323474316 133.96299999998885 -0.13201878102844566 0.077168925787415757 431.04549999977468 0.61895646097714607 0.0059197122429864866 -0.92477905389381576 0.0062696451711203869 -0.70843490706761103 -0.047381833516320915 -0.041223832914303891 -0.72034679192246798
decision_type=2 2 2 2 2 2 2 2 2 2 2 2 2 2 2 2 2 2 2 2 2 2 2 2 2 2 2 2 2 2
left_child=-1 2 3 4 5 -2 -3 9 26 20 -11 17 -5 -12 -14 19 -17 22 23 -16 -4 -18 -10 -7 -25 -24 -6 28 29 -13
right_child=1 6 7 12 8 18 -8 -9 11 10 13 27 14 -15 15 16 21 -19 -20 -21 -22 -23 25 24 -26 -27 -28 -29 -30 -31
leaf_value=-0.041278062260122782 -0.062955415718888241 0.03227112462209774 -0.048733113137935165 -0.047714464265245046 0.0086657402313102139 -0.0024984753750132401 0.085259802970273524 0.0029880693503063788 0.03752554419298619 0.08426772404923713 0.019237689190773264 -0.019680339879354483 -0.013505151000638611 0.048145942128293588 -0.020763933204246025 -0.015649442310075225 0.0068194571033927294 0.0090349117868218764 -0.023684050867973636 -0.0044089103224714248 0.022258772535639834 -0.010516307752813713 0.070370763589184857 0.10770789119451354 0.0093247175537694901 0.0085813851633264344 0.099244730773114465 0.0072519622539153773 0.057436722048430068 0.034763738889386636
leaf_weight=275.62646770477295 51.973542183637619 148.67492151260376 14.484262958168982 33.987484127283096 5.7470435798168173 261.52054904401302 39.514711037278175 126.55410090088844 159.57872267067432 28.697864130139351 134.88550767302513 17.575266435742378 938.43761086463928 115.5904608219862 317.35652342438698 183.48330843448639 721.74785372614861 37.186031714081764 101.11663372814655 356.38153830170631 23.062265321612358 175.92267528176308 92.291998520493507 7.3209794610738781 14.702400922775267 11.837179660797117 26.455955922603607 94.152503922581673 42.77218896150589 41.710203602910042
leaf_count=1571 318 672 72 189 25 1306 161 608 724 128 624 81 4849 515 1624 944 3623 170 531 1821 111 887 397 36 74 53 113 434 192 188
internal_value=-5.59342e-05 0.00257127 0.000713904 -0.00211492 0.0149542 -0.0123551 0.0433973 0.024283 0.037482 0.0327919 0.0378918 0.0345282 -0.00816033 0.0325784 -0.00766119 -0.0045361 0.000185413 0.0429403 -0.00551819 -0.0121128 -0.00512765 0.00342205 0.0477214 0.000960064 0.0420291 0.0633467 0.0830797 0.0216278 0.0348902 0.0186237
internal_weight=4600.35 4324.72 4136.53 3693.26 965.941 436.634 188.19 443.274 529.307 316.72 279.174 497.104 2727.32 250.476 2693.33 1754.89 1081.15 300.894 384.661 673.738 37.5465 897.671 263.708 283.544 22.0234 104.129 32.203 196.21 102.058 59.2855
internal_count=23041 21470 20637 18579 4642 2265 833 2058 2377 1450 1267 2239 13937 1139 13748 8899 5454 1344 1947 3445 183 4510 1174 1416 110 450 138 895 461 269
is_linear=0
shrinkage=0.05


Tree=7
num_leaves=31
num_cat=0
split_feature=19 19 15 15 15 15 2 19 7 30 6 20 15 6 27 21 0 15 14 1 30 7 7 10 15 27 7 7 14 6
split_gain=183.933 117.009 99.0177 138.665 219.658 61.2049 32.4434 31.3635 23.9647 21.995 20.6062 20.3484 19.9967 18.5872 16.9831 16.9877 17.3747 18.4451 16.1384 16.0674 17.7346 16.0633 15.5852 14.365 16.5986 14.0703 18.2341 15.2881 13.9467 13.3283
threshold=-0.7368421052631543 1.2727272727272794 1.3662601024700114 0.00049390871515913139 8.4994334199161475e-05 1.0000000180025095e-35 -0.38288691346929399 2.7999999999999976 -1.7575779937787097 -1.3110975401921932 0.65049467737097877 -1.5000000000001663 5.2668782395488645e-05 2.171374748842879 -0.006504117537982689 0.027688577505110005 0.20794600844471434 0.43965200644301289 45658.568921439299 0.18831351009467376 1.7947835929590783 -1.9726088609316335 1.8650488866142152 0.097713155862493267 9.9148410437472332e-05 1.0000000180025095e-35 1.624299807036629 -0.12647298161864762 286129.37415633077 1.8826534771993646
decision_type=2 2 2 2 2 2 2 2 2 2 2 2 2 2 2 2 2 2 2 2 2 2 2 2 2 2 2 2 2 2
left_child=-1 2 3 4 5 -2 25 -3 -8 -6 23 18 -7 21 -13 29 -17 -18 -5 20 -14 -12 -21 24 -11 26 -4 -27 -23 -16
right_child=1 7 6 11 9 12 8 -9 -10 10 13 14 19 -15 15 16 17 -19 -20 22 -22 28 -24 -25 -26 27 -28 -29 -30 -31
leaf_value=-0.040143869979399581 -0.062164944939931681 0.03032221594293168 0.0051090870612402889 -0.013259617187482149 0.016847670730889136 -0.016676411770854823 -0.00070136759427174395 0.080190399695159009 0.040567840006067432 0.085857598754725595 -0.0047986646674718792 -0.0179855349119372 0.0048399519680843058 0.0186909433947537 0.0029459001909117551 -0.01049685076659004 -0.020056685888959994 0.0016683671002738416 -0.051579528118054441 -0.014094659029299529 0.043782203126304695 0.075260025333099487 0.056815908050255132 0.022452535046894512 0.03735115399627309 -0.0011213633383556668 -0.046959319609232421 0.041064025631530506 0.015689469835529643 0.038542825711975891
leaf_weight=269.40299251675606 50.051398426294327 150.27636337280273 89.626669600605965 69.548580273985863 96.576650649309158 173.71153220534325 41.819013595581055 39.901194348931313 221.48493824899197 22.319198325276375 7.6480006724596015 305.24157308042049 94.145820796489716 25.45188495516777 169.14157958328724 1253.8109804391861 112.71214035153389 733.60645481944084 45.41903267800808 102.10130560398102 42.404512494802475 109.75478266179562 8.3850970864295942 123.32749633491039 84.061997145414352 38.78198504447937 20.696963533759117 48.130762562155724 10.791384413838385 31.136871352791786
leaf_count=1571 318 672 428 374 437 890 191 161 1004 98 34 1599 458 112 845 6422 587 3722 249 523 202 462 43 554 375 181 100 225 48 156
internal_value=-6.01132e-05 0.00243839 0.000673413 -0.00206799 0.0143699 -0.00989546 0.0225274 0.0407851 0.0340133 0.0381735 0.043546 -0.00781227 -0.00367758 0.0577202 -0.00690397 -0.00543356 -0.00676043 -0.00122496 -0.0283983 0.00546294 0.0169331 0.0654691 -0.00871307 0.0340653 0.047528 0.00719416 -0.00465906 0.0222402 0.0699272 0.00848008
internal_weight=4591.47 4322.07 4131.89 3671.35 950.731 470.8 460.54 190.178 263.304 479.931 383.355 2720.62 420.748 153.646 2605.65 2300.41 2100.13 846.319 114.968 247.037 136.55 128.194 110.486 229.709 106.381 197.236 110.324 86.9127 120.546 200.278
internal_count=23041 21470 20637 18508 4554 2434 2129 833 1195 2120 1683 13954 2116 656 13331 11732 10731 4309 623 1226 660 544 566 1027 473 934 528 406 510 1001
is_linear=0
shrinkage=0.05


Tree=8
num_leaves=31
num_cat=0
split_feature=19 19 15 15 15 15 3 19 3 1 20 30 7 22 5 15 14 2 15 6 21 6 19 14 8 10 4 0 9 6
split_gain=169.763 104.569 88.7228 125.24 190.328 54.3921 30.6303 28.2848 24.9873 19.4216 19.0432 18.734 17.4426 16.4104 17.7203 17.3443 16.0639 15.9593 20.5203 18.9348 17.8534 15.9614 19.134 16.3743 15.4605 15.2369 15.3881 14.8393 14.7817 14.4444
threshold=-0.7368421052631543 1.2727272727272794 1.3662601024700114 0.18545806888082925 7.7523561462123033e-05 1.0000000180025095e-35 -1.9093560410998325 2.7999999999999976 -1.8090440832934727 0.5550372894655683 -1.5000000000001663 -0.90323979276154565 1.605356323474316 -973.49999999999989 123.10700000007638 4.7705882826487036e-05 45658.568921439299 0.1907979307877761 0.55612068674944126 2.8139859847254889 0.027688577505110005 0.061789000482812946 -0.34927385892115909 211291.7972409775 114235.48499999916 0.12440897696013749 0.72408397025555493 -0.9618396116612149 1.9635313844949114 -0.70843490706761103
decision_type=2 2 2 2 2 2 2 2 2 2 2 2 2 2 2 2 2 2 2 2 2 2 2 2 2 2 2 2 2 2
left_child=-1 2 3 4 5 -2 -4 -3 29 12 16 27 25 -7 15 -15 -5 20 19 -19 -12 22 23 -22 -17 -10 -27 -8 -26 -6
right_child=1 7 6 10 8 13 11 -9 9 -11 17 -13 -14 14 -16 24 -18 18 -20 -21 21 -23 -24 -25 28 26 -28 -29 -30 -31
leaf_value=-0.039038177269632074 -0.061431740510074551 0.028522358168928487 -0.0057465791535001717 -0.012512708882114067 0.0061308557041368835 -0.051401085231683019 -0.017313052343293653 0.075722386320569102 0.053247428809321332 0.017993713818252818 0.011848688766916061 0.037108585680048205 0.0057275242199530179 -0.013957618016619988 -0.020765207195658233 0.020749577425180053 -0.051346873068225843 -0.015262002769647027 0.0017809847139203608 0.064992426223449723 0.061518950148527297 -0.0059275269644520935 -0.018288552926618101 -0.031905468762563456 -0.030230784032028113 0.019251807818003629 0.062271506578873842 0.021719011335385164 0.05271476850987869 0.085350605201606131
leaf_weight=263.3376500159502 48.16414001584053 151.73241806030273 85.743717551231384 67.947005808353424 6.9832135438919059 18.190065577626228 29.727843672037125 40.136014580726624 148.39409683644772 197.66283445060253 86.476560994982719 213.84049952030182 36.477062836289406 89.20381024479866 99.221102431416512 139.03610940277576 43.792440578341484 300.63924078643322 841.40367089211941 7.5337390154600135 13.964996963739397 646.47392266988754 677.27139054238796 7.0617625266313544 30.485074326395988 90.425726264715195 26.991676732897758 134.62470082938671 6.5201023668050757 32.689329460263252
leaf_count=1571 318 672 423 368 30 94 139 161 640 888 433 942 165 455 530 685 247 1567 4254 39 73 3335 3513 37 151 400 118 625 32 136
internal_value=-6.34441e-05 0.00231302 0.00063547 -0.00197359 0.0134264 -0.0113554 0.0212353 0.0383959 0.0332116 0.0301807 -0.007524 0.0273526 0.0381496 -0.00505245 -0.00273924 0.00400379 -0.0277324 -0.00664906 -0.00226187 -0.0133001 -0.0101728 -0.011589 -0.0168302 0.0301427 0.0131052 0.0425989 0.0291411 0.0146589 -0.0156162 0.0714062
internal_weight=4582.15 4318.81 4126.95 3663.01 970.444 430.82 463.937 191.868 539.624 499.951 2692.56 378.193 302.289 382.656 364.466 265.245 111.739 2580.83 1149.58 308.173 1431.25 1344.77 698.298 21.0268 176.041 265.811 117.417 164.353 37.0052 39.6725
internal_count=23041 21470 20637 18508 4642 2265 2129 833 2377 2211 13866 1706 1323 1947 1853 1323 615 13251 5860 1606 7391 6958 3623 110 868 1158 518 764 183 166
is_linear=0
shrinkage=0.05


Tree=9
num_leaves=31
num_cat=0
split_feature=19 19 15 15 15 15 1 19 30 20 6 1 30 15 15 27 13 7 6 30 23 10 7 6 21 6 2 7 15 5
split_gain=156.676 93.6048 79.6533 112.48 176.818 54.824 26.3541 25.6811 19.0309 18.3802 17.8914 17.3821 17.3378 16.7489 47.7055 16.5165 23.4863 16.222 18.9725 17.9211 16.1778 17.5316 19.5455 15.7808 15.4584 15.2202 15.0502 15.9928 14.9024 27.8663
threshold=-0.7368421052631543 1.2727272727272794 1.4288690168393643 0.00049390871515913139 8.4994334199161475e-05 1.0000000180025095e-35 0.080517747225843081 2.7999999999999976 -1.3110975401921932 -2.5000000000003881 0.65049467737097877 0.99152370294797509 0.61573228277647385 1.1430952139171602 1.1713240377788863 0.0065965840603315904 -0.65678452328440795 -1.2166008327404658 3.0655077783601721 -2.0570792027149163 -2008.9999999999998 0.030014514575168003 2.2413272381783496 -1.7973336427042206 3.2536409512283675 -1.2710830882413264 -0.63982879553597483 -2.7041270215547297 0.62380775606049588 -85.837499999906854
decision_type=2 2 2 2 2 2 2 2 2 2 2 2 2 2 2 2 2 2 2 2 2 2 2 2 2 2 2 2 2 2
left_child=-1 2 3 4 5 -2 -4 -3 -6 -5 -10 20 -8 17 24 16 -12 18 25 -19 -7 -22 -23 -21 -15 26 -11 -28 -25 -30
right_child=1 7 6 9 8 11 12 -9 10 13 15 -13 -14 14 -16 -17 -18 19 -20 23 21 22 -24 28 -26 -27 27 -29 29 -31
leaf_value=-0.03795869855416225 -0.060750606161707035 0.02685556143051835 0.0083711030972591464 -0.044807427165506952 0.014232079909696311 -0.055528231430667013 0.023904833091981617 0.071743758686001982 0.03012701994111959 -0.029302432703920175 0.089521838552171329 -0.022973944602092053 0.054869306973561932 0.044797961870373909 -0.0096848441650663822 0.0069429815392485555 0.04444766366254066 -0.017509284351588168 0.039803139115256007 -0.020244940959092184 0.021075287307101061 -0.0066609921915080951 0.083284055781869273 -0.0084621018423267601 -0.0036290131346029815 -0.022118081972425749 0.077598415808065549 0.0041814425684437847 -0.0095077111444813508 0.0086620576240748325
leaf_weight=257.43690128624439 46.31575682759285 153.05690431594849 227.27796246111393 31.824089407920837 97.993993207812309 11.831858500838278 162.90150363743305 40.240449234843254 234.13373567163944 29.159412831068039 41.095229759812355 89.440472990274429 62.571219429373741 73.257181748747826 186.86614015698433 18.025835394859314 97.387053906917572 280.94330351054668 14.764576554298399 134.39795358479023 102.18596565723419 209.44398300349712 6.2193011790513983 598.75290700793266 21.261705666780472 385.59436570107937 8.5736537128686887 55.019074618816376 341.1830118894577 553.11693528294563
leaf_count=1571 318 672 1058 189 437 61 730 161 1027 154 169 474 270 356 955 79 408 1457 75 701 502 1048 31 3136 106 1997 44 286 1769 2800
internal_value=-6.62919e-05 0.00219449 0.000599639 -0.00184216 0.0129257 -0.00912916 0.0203864 0.0362003 0.0339335 -0.00703226 0.0388756 -0.00342464 0.0324978 -0.00658417 0.00495707 0.0519634 0.0578236 -0.00793646 -0.0160208 -0.00584756 0.00187897 0.00401594 -0.00406716 -0.00383442 0.0339045 -0.0177438 0.000441168 0.0140796 -0.00235722 0.00173014
internal_weight=4572.27 4314.84 4121.54 3668.79 954.073 465.437 452.751 193.297 488.636 2714.71 390.642 419.122 225.473 2682.89 281.385 156.508 138.482 2401.51 493.111 1908.39 329.681 317.849 215.663 1627.45 94.5189 478.347 92.7521 63.5927 1493.05 894.3
internal_count=23041 21470 20637 18579 4554 2434 2058 833 2120 14025 1683 2116 1000 13836 1417 656 577 12419 2556 9863 1642 1581 1079 8406 462 2481 484 330 7705 4569
is_linear=0
shrinkage=0.05


Tree=10
num_leaves=31
num_cat=0
split_feature=19 19 15 15 15 15 9 19 21 3 30 20 30 28 27 21 7 1 8 0 22 15 15 8 9 9 23 7 4 7
split_gain=144.582 83.9104 71.6914 102.319 158.255 49.0314 27.6104 23.448 20.6112 20.428 17.6313 17.2502 16.8027 16.6749 15.4674 17.5592 15.1396 15 14.8428 14.7413 14.5371 16.3301 14.3049 14.062 13.8639 13.591 13.7251 14.3367 13.3126 13.1785
threshold=-0.7368421052631543 1.2727272727272794 1.3662601024700114 0.00049390871515913139 7.7523561462123033e-05 1.0000000180025095e-35 1.3106808440525415 2.7999999999999976 -0.22038821916179582 -1.8705315970046066 -3.6417525956710706 -1.0000000180025095e-35 0.61573228277647385 101443.00500000002 -0.006504117537982689 1.0000000180025095e-35 -0.021267546695474992 0.5550372894655683 232184.35999999943 0.20794600844471434 -973.49999999999989 5.2668782395488645e-05 0.43965200644301289 347206.43499999947 0.028108731165801652 0.37735100707204933 -280.49999999999994 -1.6847770941640958 0.059357953335131441 1.605356323474316
decision_type=2 2 2 2 2 2 2 2 2 2 2 2 2 2 2 2 2 2 2 2 2 2 2 2 2 2 2 2 2 2
left_child=-1 2 3 4 5 -2 8 -3 -4 18 -11 16 13 23 -13 -16 -5 29 -6 -17 -7 -22 25 -10 -14 -21 -27 -28 -19 -12
right_child=1 7 6 11 9 20 -8 -9 12 10 17 14 24 -15 15 19 -18 28 -20 22 21 -23 -24 -25 -26 26 27 -29 -30 -31
leaf_value=-0.036903488178024219 -0.060116941065399401 0.025308145816910623 0.058599901574775896 -0.041595859251318937 0.085714706140398486 -0.049243668511320476 -0.0061169793199394697 0.068168505807622806 0.014310999272311492 -0.020736190325258089 0.040770151458852211 -0.016334074253780272 0.058741928009439254 -0.041602201441304429 0.01071447817600275 -0.0090318003257139536 -0.012119505527850565 -0.00059406778461395648 0.0025421094313628316 -0.032010828472796321 -0.014124328743602161 0.0071628700410227564 0.0021994516441392999 0.080075097386267349 0.021381610705043387 0.062211654642135475 0.06546417001646071 -0.029771803600767456 0.027937189305017963 0.0079636933680614832
leaf_weight=251.70552191138268 44.509485304355621 154.26231908798218 40.362229615449905 60.300809383392334 26.144273117184639 17.443441331386566 88.999844431877136 40.233144015073776 218.21857306361198 17.915260717272758 257.25650642812252 295.82165890932083 44.636977136135101 12.937116801738737 182.08499737083912 1192.6205415725708 156.93012291193008 60.360332429409027 6.7487132698297492 63.016494020819664 165.21021899580956 198.14949467778206 706.53765214979649 8.4429544657468778 55.964786306023598 8.5129305273294431 4.9076321125030544 20.28852404654026 126.71253836154938 34.746325597167015
leaf_count=1571 318 672 176 335 107 94 428 161 986 83 1094 1577 192 61 904 6177 851 267 28 334 859 994 3597 39 247 45 26 108 556 154
internal_value=-6.88226e-05 0.0020822 0.000565656 -0.00180246 0.012256 -0.0104603 0.0189544 0.0341742 0.0248177 0.0304894 0.0279638 -0.00679262 0.0208097 0.0136094 -0.00560634 -0.00414925 -0.0203018 0.0297849 0.06865 -0.00550527 -0.00465633 -0.00251587 -0.000269355 0.0167607 0.0379584 -0.0183029 0.007323 -0.011222 0.0187314 0.0368664
internal_weight=4561.98 4310.28 4115.78 3646.22 955.197 425.313 469.562 194.495 380.563 529.884 496.991 2691.02 340.2 239.599 2473.79 2177.97 217.231 479.076 32.893 1995.88 380.803 363.36 803.263 226.662 100.602 96.7256 33.7091 25.1962 187.073 292.003
internal_count=23041 21470 20637 18508 4554 2265 2129 833 1701 2289 2154 13954 1525 1086 12768 11191 1186 2071 135 10287 1947 1853 4110 1025 439 513 179 134 823 1248
is_linear=0
shrinkage=0.05


Tree=11
num_leaves=31
num_cat=0
split_feature=19 19 15 15 15 15 3 19 5 20 1 30 21 28 15 0 5 5 6 13 21 8 6 6 30 15 4 23 10 7
split_gain=133.407 75.3102 64.3817 92.5838 138.257 49.2343 25.1127 21.5084 18.0881 16.154 15.7277 15.6787 15.9761 17.9394 14.4253 18.9273 15.7592 22.4126 15.7588 14.369 22.1542 16.5368 16.78 33.7774 18.6077 15.7288 14.931 14.3001 15.5096 17.0717
threshold=-0.7368421052631543 1.2727272727272794 1.3662601024700114 0.18545806888082925 8.4994334199161475e-05 1.0000000180025095e-35 -2.0344649424049246 2.7999999999999976 -137.93900000001301 -2.5000000000003881 0.99152370294797509 -4.1972984581927451 3.2389652453809048 101443.00500000002 0.62380775606049588 -0.42090385710009964 505.85950000002055 -197.98700000019741 1.8293327489054432 -0.48731645418998043 0.71397043255696357 73937.459999999075 2.1414859841592673 1.7082367033240946 0.69024790348181309 0.00015358385959500197 0.65046316784506641 -2008.9999999999998 0.030014514575168003 2.2413272381783496
decision_type=2 2 2 2 2 2 2 2 2 2 2 2 2 2 2 2 2 2 2 2 2 2 2 2 2 2 2 2 2 2
left_child=-1 2 3 4 5 -2 -4 -3 -6 -5 27 -8 13 -13 -11 18 17 -17 -16 20 -10 22 23 24 -21 -22 -26 -7 -29 -30
right_child=1 7 6 9 8 10 11 -9 19 14 -12 12 -14 -15 15 16 -18 -19 -20 21 25 -23 -24 -25 26 -27 -28 28 29 -31
leaf_value=-0.03587087555269413 -0.059526659666911577 0.0238683912921628 -0.0089818716052231067 -0.042888917357349947 0.046386429675864316 -0.053431459529650588 -0.01402755399798508 0.064929487465732877 0.0080719631453228715 -0.011198914460135432 -0.021938098577585084 0.033188745602556836 0.0020738864079128741 -0.016638986451109936 -0.011484024150758276 -0.013323033111197891 -0.013569197324769059 0.0084011745304377466 0.011365804612284695 0.0052236183246099979 0.033719106759965554 -0.010140832204744583 -0.022608991295661567 0.095313412060474126 0.021821678170157312 0.074071486230068928 0.067724592727300442 0.019741948014417542 -0.0063215816911019384 0.076328872099513195
leaf_weight=246.1468360722065 42.747903227806091 155.35986757278442 73.332835346460342 30.222907677292824 119.1772422939539 11.304075166583059 26.871309101581573 40.130460694432259 46.910206034779549 914.51724164187908 88.22038234770298 291.72888152301311 60.770975038409233 19.256020948290825 713.17224821448326 146.3688230663538 146.78171162307262 628.63883483409882 84.384861588478088 88.970032572746277 61.172456637024879 46.384529575705528 18.318053543567657 16.72141607105732 47.495614364743233 39.900330245494843 28.253453627228737 103.08201509714127 208.64301557838917 6.4406651258468619
leaf_count=1571 318 672 363 187 507 61 128 161 203 4849 474 1276 273 89 3709 761 748 3178 434 391 260 203 79 69 204 170 122 502 1048 31
internal_value=-7.03608e-05 0.00197647 0.000534193 -0.00171991 0.0114739 -0.00841878 0.0179086 0.0322975 0.0293178 -0.00654232 -0.00318822 0.0228555 0.0255214 0.0301034 -0.00612525 -0.00342657 0.00145317 0.00429832 -0.00906642 0.0241565 0.0364692 0.016754 0.022999 0.0276036 0.02073 0.0496489 0.0389429 0.00183234 0.0037958 -0.00384662
internal_weight=4551.43 4305.28 4109.79 3637.83 973.741 460.438 471.96 195.49 513.303 2664.09 417.69 398.627 371.756 310.985 2633.86 1719.35 921.789 775.008 797.557 394.126 147.983 246.143 199.759 181.441 164.719 101.073 75.7491 329.47 318.166 215.084
internal_count=23041 21470 20637 18508 4642 2434 2129 833 2208 13866 2116 1766 1638 1365 13679 8830 4687 3939 4143 1701 633 1068 865 786 717 430 326 1642 1581 1079
is_linear=0
shrinkage=0.05


Tree=12
num_leaves=31
num_cat=0
split_feature=19 19 15 15 15 15 3 15 15 1 19 6 30 30 0 0 20 0 21 7 6 30 6 6 3 13 3 14 6 2
split_gain=123.074 67.6644 58.6553 81.0202 90.9992 90.3892 35.7046 23.2845 31.196 21.9076 19.8047 18.4324 20.6014 16.0349 15.5909 16.4304 15.3275 14.9742 15.121 14.9669 16.8859 16.3531 14.3108 14.0839 15.4003 20.539 14.0408 14.8224 17.5906 14.7842
threshold=-0.7368421052631543 1.2727272727272794 1.0000000180025095e-35 0.00049390871515913139 8.4994334199161475e-05 1.1430952139171602 -1.4761247895122289 1.765778588345988 1.1713240377788863 -1.3560653266196516 2.7999999999999976 1.0000000180025095e-35 -1.2317894055266552 -4.7848503838858099 -1.0960207238549349 0.023409816511111629 -2.5000000000003881 -0.83009218989412037 0.69258677010154013 -1.2166008327404658 3.0655077783601721 -2.098802044465049 -1.2710830882413264 0.65049467737097877 0.97726674174336858 0.53610257005981998 -1.8705315970046066 96531.086149366558 -0.50669775396642946 -0.9006106429567865
decision_type=2 2 2 2 2 2 2 2 2 2 2 2 2 2 2 2 2 2 2 2 2 2 2 2 2 2 2 2 2 2
left_child=-1 2 -2 4 17 16 9 8 14 -7 -3 -11 -13 -6 -8 -16 -5 -4 23 20 22 -21 -18 -19 -25 -26 -15 28 -28 -30
right_child=1 10 3 5 13 6 7 -9 -10 11 -12 12 -14 26 15 -17 19 18 -20 21 -22 -23 -24 24 25 -27 27 -29 29 -31
leaf_value=-0.034859442721687922 -0.058976118000311106 0.022526139966765158 0.011335055021421982 -0.044270324600531263 -0.045185724832118059 0.035740282207747567 -0.010967582772381718 0.034561387955367694 0.0050035367502415419 -0.027616393405729481 0.061973554472181759 -0.026677346961648626 0.022986085156178802 0.062251148368540232 0.083623298365619089 0.030238226068503328 0.0012231136137163352 -0.0048720046552705315 -0.015313875762013719 -0.016388468283820172 0.037427735087260064 -0.0030739055316476357 -0.02075913780782997 -0.0038808394119143491 0.12291733108196377 -0.015708134584905799 0.019446691632078725 0.016976731317817753 0.072283185750133691 0.036970605379877612
leaf_weight=240.76283359527588 41.033010274171829 156.35971355438232 126.29034827649593 27.877722933888435 7.2522249966859809 28.360738769173622 11.650618404150007 171.35954706370831 293.09567730128765 89.385703399777412 39.946769803762436 33.266751378774643 56.088255435228348 31.050752744078636 24.553850933909416 34.896642223000526 92.006838977336884 41.422961622476578 227.14440394937992 268.83967511355877 14.996606841683386 1621.8905500918627 379.12757539749146 9.3825503736734408 8.7750321328639966 3.8417934179306021 106.79272177815437 193.45118698477745 39.309778437018394 120.49289911985397
leaf_count=1571 318 672 632 177 34 141 56 740 1389 444 161 164 268 126 118 167 484 211 1161 1416 75 8447 1997 49 43 20 462 832 162 504
internal_value=-7.16135e-05 0.00187623 0.000504396 0.00110516 0.0141994 -0.00270241 0.0125449 0.0193624 0.012211 -0.00508499 0.0305534 -0.0115627 0.00449645 0.0286191 0.0419221 0.052287 -0.00741124 -0.00303922 -0.00928678 -0.00697893 -0.0148037 -0.00496708 -0.0164663 0.012299 0.0446305 0.0807062 0.029709 0.0275126 0.0351578 0.0456571
internal_weight=4540.71 4299.94 4103.64 4062.6 915.207 3147.4 742.658 535.556 364.197 207.101 196.306 178.741 89.355 498.35 71.1011 59.4505 2404.74 416.857 290.567 2376.86 486.131 1890.73 471.134 63.4223 21.9994 12.6168 491.097 460.047 266.595 159.803
internal_count=23041 21470 20637 20319 4236 16083 3487 2470 1730 1017 833 876 432 2120 341 285 12596 2116 1484 12419 2556 9863 2481 323 112 63 2086 1960 1128 666
is_linear=0
shrinkage=0.05


Tree=13
num_leaves=31
num_cat=0
split_feature=19 19 15 15 15 15 3 15 15 1 19 6 30 18 15 1 4 20 7 6 30 6 7 0 0 6 1 14 30 8
split_gain=113.515 60.8531 55.2291 72.9863 81.5431 81.5346 31.957 20.7289 27.4622 19.6105 18.2931 16.8885 18.6009 15.1811 14.7289 14.5985 15.1763 14.3667 13.7004 15.2019 14.9634 14.233 14.062 13.604 13.8639 13.6031 13.4491 15.329 13.4376 15.5099
threshold=-0.7368421052631543 1.2727272727272794 1.0000000180025095e-35 0.00049390871515913139 1.1430952139171602 8.4994334199161475e-05 -1.4761247895122289 1.765778588345988 1.1713240377788863 -1.3560653266196516 2.7999999999999976 1.0000000180025095e-35 -1.2317894055266552 -0.015142245475397916 5.2668782395488645e-05 -0.70478287027286879 0.86619033736770434 -2.5000000000003881 -1.2166008327404658 3.0655077783601721 -2.0570792027149163 -1.7973336427042206 -2.7041270215547297 -1.0960207238549349 0.023409816511111629 1.076730362282716 -0.79574602454607468 111873.93333253903 -3.0882267921730047 162256.96999999907
decision_type=2 2 2 2 2 2 2 2 2 2 2 2 2 2 2 2 2 2 2 2 2 2 2 2 2 2 2 2 2 2
left_child=-1 2 -2 5 17 14 9 8 23 -6 -3 -11 -13 -7 -4 -15 25 -5 19 22 -20 -22 -19 -8 -25 -17 -10 -28 -9 -30
right_child=1 10 3 4 6 13 7 28 26 11 -12 12 -14 15 -16 16 -18 18 20 -21 21 -23 -24 24 -26 -27 27 -29 29 -31
leaf_value=-0.033867997881654219 -0.058462049761331007 0.021272555063703159 -0.014280153636910521 -0.043247392999683776 0.033428416913969895 0.034710698836093269 -0.01046742346614332 0.0013984338340525353 -0.013984938450393426 -0.026561480402498158 0.059258104999807215 -0.025644580162683457 0.021640451327069588 0.037117627002274771 0.0048755710804942697 -0.014217975965320845 0.030146425048321924 0.012269023293858107 -0.015522273636437057 0.034964149442456183 -0.018639281752841422 -0.0014907947344280914 -0.018457028481806921 0.076831993950357932 0.028377311250750183 0.026885225933446735 0.026863878827043816 4.2771581571842179e-05 0.046994791830655511 0.0059553213817316311
leaf_weight=235.55447427928448 39.366306200623512 157.27098941802979 168.87128798663616 27.129425451159477 28.794396162033081 282.21958059072495 11.598317384719847 28.836577370762825 72.262897446751595 88.316674783825874 39.694697737693787 32.886035859584808 56.583909943699837 64.55648572742939 247.30948843061924 72.090273007750511 54.028019636869431 40.798631221055984 274.47406814992428 15.243968799710272 131.7742392718792 1479.9276279062033 426.5311486274004 25.365690737962723 35.314649373292923 27.927174210548401 89.267155066132545 132.1140114068985 115.19085985422134 28.772549420595169
leaf_count=1571 318 672 890 177 141 1188 56 134 350 444 161 164 268 269 1226 314 232 214 1457 75 701 7705 2267 118 167 117 412 627 479 127
internal_value=-7.27951e-05 0.00178087 0.000475944 0.00104767 -0.00257529 0.0134581 0.0118686 0.0182799 0.01154 -0.00485097 0.0289278 -0.0110507 0.00426012 0.0270492 -0.00289714 0.0171581 0.00879352 -0.00706844 -0.00665408 -0.0141718 -0.00473069 -0.00289287 -0.0157746 0.0391489 0.0486324 -0.00274102 0.00474425 0.0108578 0.0325524 0.0387926
internal_weight=4530.07 4294.52 4097.55 4058.19 3141.18 917.002 745.304 538.723 365.923 206.581 196.966 177.787 89.4699 500.822 416.181 218.602 154.045 2395.88 2368.75 482.574 1886.18 1611.7 467.33 72.2787 60.6803 100.017 293.644 221.381 172.8 143.963
internal_count=23041 21470 20637 20319 16083 4236 3487 2470 1730 1017 833 876 432 2120 2116 932 663 12596 12419 2556 9863 8406 2481 341 285 431 1389 1039 740 606
is_linear=0
shrinkage=0.05


Tree=14
num_leaves=31
num_cat=0
split_feature=19 19 15 15 15 15 3 15 15 1 19 6 30 30 6 7 27 13 1 20 7 21 7 21 27 14 6 6 2 30
split_gain=104.675 54.7708 52.0324 65.7676 73.5958 73.0458 28.6506 18.5474 24.2552 17.5736 16.9399 15.4699 16.8021 14.8005 15.0423 14.784 14.4973 20.5632 14.2605 13.6062 15.072 15.2511 13.7418 14.7825 13.4611 14.7762 13.3315 13.2491 14.1912 16.4632
threshold=-0.7368421052631543 1.2727272727272794 1.0000000180025095e-35 0.00049390871515913139 1.1430952139171602 8.4994334199161475e-05 -1.4761247895122289 1.765778588345988 1.1713240377788863 -1.3560653266196516 2.7999999999999976 1.0000000180025095e-35 -1.2317894055266552 -1.3110975401921932 0.65049467737097877 -1.9726088609316335 0.0065965840603315904 -0.5086857577706928 0.99152370294797509 -1.0000000180025095e-35 -1.2166008327404658 0.37924828374962377 -0.2131249006775878 3.7160969806341653 -0.0093530915313895218 469276.13293340936 3.0655077783601721 -1.2710830882413264 -0.63982879553597483 -3.2393322159147346
decision_type=2 2 2 2 2 2 2 2 2 2 2 2 2 2 2 2 2 2 2 2 2 2 2 2 2 2 2 2 2 2
left_child=-1 2 -2 5 19 18 9 8 -8 -6 -3 -11 -13 -7 -15 -16 17 -17 -4 22 26 -22 23 -5 -23 -26 27 28 -21 -30
right_child=1 10 3 4 6 13 7 -9 -10 11 -12 12 -14 14 15 16 -18 -19 -20 20 21 24 -24 -25 25 -27 -28 -29 29 -31
leaf_value=-0.032895542722096487 -0.057981527805106452 0.020099897048324752 0.0020036794402913892 -0.05111996897699194 0.031312661620099581 0.0084297065049988382 0.036644070069565958 0.030737992998102977 0.0044986051993795078 -0.025542259699703682 0.056748604010669203 -0.024647294916453979 0.02038857322733767 0.021999861120354808 -0.020658243473896457 0.078997992557321456 0.0031068651524725761 0.037287191962602502 -0.020777220423128587 -0.027922447501763245 0.0091230994360009723 -0.022845416906247567 -0.011615537142110626 0.03576729253908658 -0.0052324231844092794 0.016292156731964928 0.033935809960151692 -0.019392603995063276 0.10211789227436706 0.0075923141635818696
leaf_weight=230.52168789505959 37.748852446675301 158.10194635391235 328.66797706484795 45.149233818054199 29.192340552806854 100.75176741182804 73.31331230700016 173.8125946521759 294.04174381494522 87.275772422552109 39.38534027338028 32.515466302633286 57.04308870434761 242.32731956243515 8.9594470262527448 44.189042687416077 17.834063127636909 89.18379083275795 86.848693504929543 27.547524705529213 211.99471575021744 100.84824877977371 151.59048235416412 5.4905536323785773 1322.701909378171 84.84659306704998 14.305807396769522 359.88084438443184 5.0040764063596717 57.952456504106522
leaf_count=1571 318 672 1642 264 141 437 341 740 1389 444 161 164 268 1027 38 178 76 364 474 150 1080 550 841 32 6911 444 69 1926 26 303
internal_value=-7.34919e-05 0.0016908 0.000449308 0.000993486 -0.0024547 0.0127575 0.0112399 0.017281 0.0109139 -0.00462815 0.0274088 -0.0105614 0.00403768 0.0255682 0.0298582 0.0417477 0.0454455 0.0511068 -0.00275784 -0.00674091 -0.00559257 -0.00343438 -0.0191487 -0.0416993 -0.00519924 -0.00393493 -0.0135827 -0.015092 0.0020088 0.0151056
internal_weight=4519.03 4288.51 4091.02 4053.27 3134.51 918.762 747.194 541.168 367.355 206.027 197.487 176.834 89.5586 503.245 402.494 160.166 151.207 133.373 415.517 2387.31 2185.08 1720.39 202.23 50.6398 1508.4 1407.55 464.691 450.385 90.5041 62.9565
internal_count=23041 21470 20637 20319 16083 4236 3487 2470 1730 1017 833 876 432 2120 1683 656 618 542 2116 12596 11459 8985 1137 296 7905 7355 2474 2405 479 329
is_linear=0
shrinkage=0.05


Tree=15
num_leaves=31
num_cat=0
split_feature=19 15 15 15 15 19 3 19 26 30 1 15 15 30 9 15 0 30 6 7 4 20 6 21 7 4 7 3 13 0
split_gain=96.508 51.0225 61.9493 72.6198 63.9103 29.7287 22.2591 17.8152 16.9265 16.4498 18.3476 15.0109 22.2553 15.9425 14.8864 14.4574 14.1841 13.8683 15.1793 13.7421 13.4401 13.2153 15.5932 15.1482 17.9927 13.5466 13.1479 22.4764 13.3712 13.004
threshold=-0.73684210526315796 1.0000000180025095e-35 0.00049390871515913139 1.1430952160215464 8.4994334199161475e-05 0.51851851851851882 -1.4761247895122289 1.400000000000001 0.00043330000000000012 -3.1664050533733836 -1.4561400474204615 1.8073922315325641 1.1430952175566116 -3.0882267921730047 0.044035730076034334 5.2668782395488645e-05 -1.0960207238549349 -1.1567694399730475 0.65049467737097877 -1.9726088609316335 -1.3543327208746423 -1.0000000180025095e-35 0.44240401721256212 -1.0078178827763378 0.35006378004613531 0.015662297029252592 1.7306770314496853 -0.82616036611368426 -0.5086857577706928 -0.71425430411501711
decision_type=2 2 2 2 2 2 2 2 2 2 2 2 2 2 2 2 2 2 2 2 2 2 2 2 2 2 2 2 2 2
left_child=-1 -2 4 5 7 21 9 15 11 -5 -11 12 16 -13 -12 -3 -8 -6 -19 -20 -15 22 25 24 -23 -4 28 -28 -21 -17
right_child=1 2 3 6 17 -7 8 -9 -10 10 14 13 -14 20 -16 29 -18 18 19 26 -22 23 -24 -25 -26 -27 27 -29 -30 -31
leaf_value=-0.032191162888741451 -0.05753190477291225 -0.014186604067288128 -0.027885520874703352 -0.036084154196802685 0.0098643756368996024 0.0099225452198268525 -0.015064298078585572 0.045793881904567658 -0.010901714977360845 0.062509635472587213 0.029796002321496453 -0.0024051050852435178 0.0096662238415995798 -0.0059821269057388597 -0.0070444051535941427 0.020463274659772955 0.061647509069912426 0.021661525456924326 -0.019598234069807759 0.070865520852700689 0.04494795407830228 0.0070217338476682538 -0.046165710121408979 -0.006561718295311653 0.11115635951188502 0.0033109538990915006 0.081782100195357921 -0.053820394150047149 0.038244581051954989 -0.0036062651112982211
leaf_weight=222.35981261730194 36.181324258446693 169.77666109800339 68.199667528271675 29.66227588057518 114.49434500932693 282.98502792418003 7.288828805088996 19.627122923731804 48.955471083521843 12.493222132325171 33.735766991972923 27.289733499288559 319.53585448861122 14.509337455034254 146.4889103025198 86.007842183113098 34.775362148880959 241.5117963552475 8.7085794657468778 47.92790013551712 120.8214155882597 14.478896960616114 43.822989329695702 2013.6112081706524 5.8136030733585349 71.052488058805466 4.8866199254989615 8.1565018594264966 91.169491097331047 161.45870018005371
leaf_count=1548 318 900 384 151 494 1401 34 83 223 59 159 124 1492 62 715 418 155 1018 37 194 499 73 257 10586 29 394 20 35 371 808
internal_value=-7.38673e-05 0.00159262 0.00209605 -0.0011517 0.0133184 -0.00533871 0.0120056 -0.00075998 0.0172151 -0.00142156 0.00391355 0.0198408 0.0141668 0.0324574 -0.00014835 -0.00294987 0.048355 0.0252181 0.029587 0.041487 0.0394875 -0.00728672 -0.0201538 -0.00612854 0.0368553 -0.0119677 0.0449836 -0.00301677 0.0494846 0.00475919
internal_weight=4507.79 4285.43 4249.25 3295.52 953.726 2499.96 795.556 436.87 573.176 222.38 192.718 524.221 361.6 162.62 180.225 417.243 42.0642 516.855 402.361 160.849 135.331 2216.98 183.075 2033.9 20.2925 139.252 152.141 13.0431 139.097 247.467
internal_count=23041 21493 21175 16797 4378 13124 3673 2209 2589 1084 933 2366 1681 685 874 2126 189 2169 1675 657 561 11723 1035 10688 102 778 620 55 565 1226
is_linear=0
shrinkage=0.05


Tree=16
num_leaves=31
num_cat=0
split_feature=19 15 15 15 15 19 30 9 21 7 10 3 4 19 22 1 5 7 13 15 21 9 13 15 6 13 14 27 21 30
split_gain=88.9827 48.0619 55.7204 65.953 57.574 29.8832 21.8121 16.4259 17.3463 16.2742 15.8225 15.3548 14.8645 17.7133 14.1487 16.387 20.1282 13.4299 17.1018 20.0575 14.8252 13.6842 15.4178 15.1734 14.7187 21.0992 19.8361 19.7617 18.5444 17.7659
threshold=-0.7368421052631543 1.0000000180025095e-35 0.00049390871515913139 1.3662601024700114 7.7523561462123033e-05 1.2727272727272698 -3.0240444469774226 1.3106808440525415 -0.22038821916179582 -1.4634390096863537 0.092442678528961389 -1.8090440832934727 1.8194360634580162 1.400000000000001 -280.49999999999994 0.5138265386284836 408.72599999979144 1.605356323474316 -0.017994372606782511 0.00016221689751333415 -1.1604907497884251 0.32694370283062751 -0.86026592013436298 0.00011510468196722464 -0.50669775396642946 0.51580631000011257 107051.18910352993 0.0013332020325775853 2.4320780469486833 -1.2068779076349914
decision_type=2 2 2 2 2 2 2 2 2 2 2 2 2 2 2 2 2 2 2 2 2 2 2 2 2 2 2 2 2 2
left_child=-1 -2 4 5 12 -4 10 8 -8 -10 -5 -6 13 -3 -11 -16 -17 20 19 -19 -13 24 23 -23 25 -22 28 -27 -26 -28
right_child=1 2 3 6 11 -7 7 -9 9 14 -12 17 -14 -15 15 16 -18 18 -20 -21 21 22 -24 -25 26 27 29 -29 -30 -31
leaf_value=-0.031010687427161995 -0.057110809354034967 -0.0019364481580968131 -0.0053612142878642927 -0.04586024391929297 0.052731502642142429 0.018011259055480729 0.056985751233578186 -0.00090347962319879465 -0.0040207425027016823 0.043712796624851412 0.005002723342730683 0.088497337467626891 -0.04349610761567272 0.051824463363908203 0.0066263238129677512 0.055257073850778965 0.0011904343143631689 0.049530206770918961 -0.023825035890301327 -0.059650311518160831 -0.0027916979231050309 -0.003036726675078226 -0.0096097920186639877 0.066582857235954362 0.058883138669276851 0.019715631851101253 -0.028930232729359365 0.091685342572883979 0.02172069772979901 0.0272256950864318
leaf_weight=221.00829981267452 34.664069920778275 360.9878446161747 2625.8016157895327 21.565126597881317 40.304247304797173 144.27355994284153 36.006772503256798 80.614356607198715 56.360075801610947 76.555540800094604 52.547751367092133 8.6559387147426587 20.379039347171783 16.00084924697876 117.5544445514679 49.448536932468414 26.407078787684441 22.131404310464863 35.556813701987267 5.1937468796968451 78.353871762752533 14.867561742663385 60.19996777176857 16.525531426072121 93.461759746074677 35.16615816950798 18.118309855461121 13.088010281324385 52.385207548737526 63.258083745837212
leaf_count=1571 318 1859 13855 106 163 628 149 380 244 328 246 35 109 67 518 208 112 95 155 23 332 63 258 69 384 152 79 55 216 264
internal_value=-7.37934e-05 0.00152504 0.00200422 -0.00108404 0.0126381 -0.00414391 0.0153088 0.0195095 0.0240511 0.0204171 -0.00979722 0.023007 -0.00190304 0.000345372 0.0255189 0.0183174 0.0364352 0.0206895 -0.00096654 0.028778 0.0236885 0.0224291 0.0052041 0.0336115 0.026888 0.0132263 0.0345002 0.039236 0.0455352 0.0147227
internal_weight=4497.44 4276.43 4241.77 3287.13 954.634 2770.08 517.06 442.947 362.332 326.326 74.1129 557.267 397.368 376.989 269.966 193.41 75.8556 516.962 62.882 27.3252 454.08 445.424 91.5931 31.3931 353.831 126.608 227.223 48.2542 145.847 81.3764
internal_count=23041 21470 21152 16774 4378 14483 2291 1939 1559 1410 352 2343 2035 1926 1166 838 320 2180 273 118 1907 1872 390 132 1482 539 943 207 600 343
is_linear=0
shrinkage=0.05


Tree=17
num_leaves=31
num_cat=0
split_feature=19 15 15 15 15 19 21 27 1 4 26 27 15 0 27 1 30 20 6 21 7 7 4 7 6 30 29 10 6 6
split_gain=82.032 45.2581 50.3497 60.5699 51.9316 25.1392 20.1775 16.3982 15.6665 14.8248 17.4813 15.7481 14.8165 13.0808 14.4061 12.7931 12.2067 12.1022 14.7772 13.5864 15.2243 12.8384 12.5137 12.3545 12.9365 15.0515 12.5199 12.2826 12.1082 13.75
threshold=-0.73684210526315796 1.0000000180025095e-35 0.00049390871515913139 1.1430952139171602 8.4994334199161475e-05 0.51851851851851882 3.2690950365640132 -0.010518501195454775 -1.2798674386293527 -1.305864063345634 0.00042408500000000004 0.0088791526669137495 5.2668782395488645e-05 -0.9618396116612149 0.0057820133925191594 -1.3924867950485844 -4.7848503838858099 -1.0000000180025095e-35 0.44240401721256212 -1.0078178827763378 0.35006378004613531 -1.6095103564899063 0.015662297029252592 -1.2166008327404658 -1.7476069983859348 -1.5639468738732429 12206.830000000002 1.0000000180025095e-35 2.5235807817986058 -1.2710830882413264
decision_type=2 2 2 2 2 2 2 2 2 2 2 2 2 2 2 2 2 2 2 2 2 2 2 2 2 2 2 2 2 2
left_child=-1 -2 4 5 12 17 7 -5 -8 11 13 -9 -3 -11 15 -15 -6 18 22 20 21 -19 -4 28 26 -26 27 -25 29 -21
right_child=1 2 3 6 16 -7 8 9 -10 10 -12 -13 -14 14 -16 -17 -18 19 -20 23 -22 -23 -24 24 25 -27 -28 -29 -30 -31
leaf_value=-0.030337556537119798 -0.056716085719801607 -0.01209756080089522 -0.026712340010890789 -0.019017086419722058 -0.040775989067320356 0.0090831330775748183 0.031174397655098024 -0.0072806276224379983 -0.0098390027970423864 0.0065670853923269351 -0.0086263643765646086 0.063696166275924532 0.0067462934698597019 0.10112209486900359 0.0057784415106087112 0.030690150514200262 0.02360879788973877 0.072239584167548845 -0.044910918861024822 0.0022569706735124468 0.10123168988041453 -0.026985096781474784 0.0034170835019722654 0.056184010764094551 -0.012901511476948766 7.5010198887998927e-05 0.006683823257629143 -0.028134976733539124 0.018615821718873628 -0.020935003953000086
leaf_weight=213.25905168056488 33.197148665785789 172.84882444143295 66.988459765911102 33.485566407442093 7.4690357595682135 282.81632828712463 27.331414997577667 88.097250640392303 157.2423150986433 91.882363423705101 46.987734705209732 8.5758876055479032 263.08969016373158 6.5924560427665702 62.098481029272079 292.76539373397827 511.63084897398949 4.9531177878379831 42.569394275546074 80.964365318417549 6.0747562199831 9.536626324057579 70.976132199168205 4.4794678837060919 278.52069802582264 1130.3906282186508 41.143199563026428 120.54698780179024 26.956492334604263 303.39777556061745
leaf_count=1548 318 919 384 160 35 1395 131 416 759 424 214 39 1290 29 276 1304 2134 25 257 431 29 48 394 24 1485 5909 223 652 138 1651
internal_value=-7.30475e-05 0.00143719 0.00189246 -0.00104507 0.0119977 -0.00494471 0.0107741 0.0150307 -0.0037658 0.0169404 0.0204038 -0.000984266 -0.00072526 0.0234127 0.0276949 0.0322412 0.0226824 -0.00675833 -0.0191583 -0.00564291 0.0347892 0.00693348 -0.0112122 -0.00606149 -0.00404644 -0.00249025 -0.0172409 -0.025114 -0.0137778 -0.0160497
internal_weight=4486.87 4273.61 4240.41 3285.37 955.038 2470.31 815.059 630.485 184.574 597 500.326 96.6731 435.939 453.339 361.456 299.358 519.1 2187.5 180.534 2006.96 20.5645 14.4897 137.965 1986.4 1575.08 1408.91 166.17 125.026 411.319 384.362
internal_count=23041 21493 21175 16797 4378 13045 3752 2862 890 2702 2247 455 2209 2033 1609 1333 2169 11650 1035 10615 102 73 778 10513 8293 7394 899 676 2220 2082
is_linear=0
shrinkage=0.05


Tree=18
num_leaves=31
num_cat=0
split_feature=19 15 15 15 15 19 30 5 7 7 10 19 8 6 13 0 21 6 3 4 22 30 15 7 3 21 20 27 15 5
split_gain=75.563 42.6539 45.3827 55.0003 46.639 25.4046 19.6709 15.4492 14.9878 16.0901 14.8096 14.3924 14.2522 13.437 14.805 18.1514 14.7694 14.028 14.1373 19.7541 13.7048 12.9774 15.9102 15.7816 12.9641 16.9207 12.166 12.158 12.1286 20.3767
threshold=-0.73684210526315796 1.0000000180025095e-35 0.00049390871515913139 1.3662601024700114 8.4994334199161475e-05 1.2727272727272698 -2.4294472009167518 -172.18849999993105 1.605356323474316 -1.7575779937787097 0.040159910468481393 1.400000000000001 657303.37999999919 -1.6613866863430711 1.7023621404739213 -0.73429871340463271 0.69258677010154013 0.65049467737097877 1.4403068245220101 1.1482257494843908 1001.0000000000001 3.317885278930444 4.7705882826487036e-05 0.70797792666719095 -0.57595982330848905 2.6702625358121166 -2.5000000000003881 -0.006504117537982689 0.62380775606049588 -85.837499999906854
decision_type=2 2 2 2 2 2 2 2 2 2 2 2 2 2 2 2 2 2 2 2 2 2 2 2 2 2 2 2 2 2
left_child=-1 -2 4 5 11 26 8 12 9 -5 -11 13 -8 24 15 20 17 -17 19 -19 21 22 -15 -23 -3 -26 -4 -28 -29 -30
right_child=1 2 3 6 -6 -7 7 -9 -10 10 -12 -13 -14 14 -16 16 -18 18 -20 -21 -22 23 -24 -25 25 -27 27 28 29 -31
leaf_value=-0.029431910717071831 -0.056345775309350865 -0.051900531450501934 -0.038378755990459479 -0.045661505510142759 0.021481237285618199 0.0165518322522667 0.0097663157544532996 0.024851189648619113 -0.047171107344022203 -0.029615621033584234 0.024383137158493558 0.04077142399565304 -0.044499527686659962 -0.017773930941616355 -0.030615608268387419 -0.00029409358345407969 -0.011743449476711231 -0.021095917816799804 0.12136696469431818 0.10615126606606658 -0.069129439140584753 0.11472392195913923 0.029096852831505673 0.00087300400562303538 -0.02241514331996107 0.094019859811066753 -0.014257119213784007 -0.0082863670180473806 -0.008317166219211523 0.0037980509879151692
leaf_weight=208.94155561923981 31.780378058552742 25.511069491505623 26.912302896380424 14.166937649250029 520.66801206767559 145.20805251598358 100.95986492931843 298.59504093229771 17.777290269732475 16.279084771871567 57.71056891977787 19.970731347799301 13.747108161449431 24.332011893391609 34.884295716881752 35.059399709105492 171.53091795742512 8.3412182927131671 5.4244577437639228 4.8081354647874823 4.1491697728633872 7.8666005432605726 70.752585902810097 4.9648563712835312 14.032150328159334 4.012502208352088 288.77769169211388 812.42792250216007 551.32316537201405 936.78834703564644
leaf_count=1548 318 134 187 66 2169 628 451 1278 86 79 264 83 67 129 179 180 887 43 26 24 21 40 345 25 72 21 1594 4397 2917 4783
internal_value=-7.33033e-05 0.0013637 0.00179656 -0.000997293 0.0113811 -0.00380457 0.0139326 0.0188596 -0.00529017 0.00315536 0.0125024 -0.00069046 0.0032628 -0.00268249 0.000393129 0.00360079 -0.00458289 0.0183182 0.0534502 0.0254327 0.0200436 0.0234722 0.0171027 0.0706718 -0.0289587 0.00347595 -0.00493441 -0.0045868 -0.00337293 -0.000690457
internal_weight=4477.7 4268.76 4236.98 3280.67 956.308 2761.44 519.236 413.302 105.934 88.1566 73.9897 435.64 114.707 415.669 372.114 337.229 225.164 53.6332 18.5738 13.1494 112.065 107.916 95.0846 12.8315 43.5557 18.0447 2616.23 2589.32 2300.54 1488.11
internal_count=23041 21493 21175 16797 4378 14506 2291 1796 495 409 343 2209 518 2126 1899 1720 1160 273 93 67 560 539 474 65 227 93 13878 13691 12097 7700
is_linear=0
shrinkage=0.05


Tree=19
num_leaves=31
num_cat=0
split_feature=19 15 15 15 15 19 3 3 19 1 22 8 15 27 26 19 4 14 6 30 5 6 21 16 8 30 13 6 13 13
split_gain=69.5862 40.2344 40.887 50.468 41.0438 21.2187 17.6906 15.3506 15.1636 15.1076 13.9172 14.5604 14.2087 13.4746 13.427 13.3283 14.14 15.3801 13.1036 18.8275 13.1013 12.8087 11.8252 13.828 11.7617 11.6475 11.6412 16.1349 22.4406 17.7806
threshold=-0.7368421052631543 1.0000000180025095e-35 0.18545806888082925 1.1430952139171602 7.7523561462123033e-05 0.51851851851851882 -1.4761247895122289 -1.8705315970046066 0.41270399586189738 -1.3560653266196516 -973.49999999999989 110256.47499999985 4.0205145218911798e-05 0.0062696451711203869 0.00042408500000000004 2.7999999999999976 -0.8097159832126366 167550.7404336358 0.043839795304419532 -1.1567694399730475 698.28950000018824 2.0225311222107956 4.7857378890821236 -0.17391850725895694 284100.80499999935 -4.1972984581927451 1.391711428435398 -0.90270157949158081 -0.32341880230876358 0.59746454482941425
decision_type=2 2 2 2 2 2 2 2 2 2 2 2 2 2 2 2 2 2 2 2 2 2 2 2 2 2 2 2 2 2
left_child=-1 -2 4 5 10 -4 9 24 20 -5 -3 12 -12 21 15 16 -8 -18 -11 -20 25 26 23 -7 -6 -9 27 28 -14 -29
right_child=1 2 3 6 7 22 14 8 -10 18 11 -13 13 -15 -16 -17 17 -19 19 -21 -22 -23 -24 -25 -26 -27 -28 29 -30 -31
leaf_value=-0.028311537686058909 -0.055998106340052659 -0.045617674797742924 -0.0062733238235463205 0.028898306916484196 0.06417229749323132 -0.0046528287837056042 0.0004007602890007515 -0.033737546421141774 0.069417856568303432 -0.020201413589226967 -0.015576548975591568 -0.019266234491600046 -0.034020626430436511 0.052249524827396976 -0.0099961389866844771 0.06273565081575895 0.027712280996357575 0.0076750178045270484 -0.02307682940711818 0.022902881805519078 -0.030696981949647553 -0.036677223658983099 0.089511302533141046 0.017640157352066973 -0.01782122910180179 0.018247193368152993 -0.019806450316904981 0.016039344250307504 0.025844063914458534 0.063430254010436241
leaf_weight=208.01233252882957 30.413364797830582 17.260762795805931 2153.2581722587347 33.567835822701454 28.883034631609917 133.08282333612442 121.71437491476536 11.009607195854185 13.529648840427397 98.687002062797546 64.650818392634392 76.047322690486908 32.287863910198212 18.160935714840889 51.724912971258163 15.259778812527655 244.18998070061207 157.56316776573658 35.458109572529793 59.83159114420414 14.720530077815054 15.308464154601095 4.4109522700309745 145.73409371078014 5.1541989892721167 505.89465902745724 27.059204190969467 89.198025062680244 30.386881589889526 25.436443209648132
leaf_count=1571 318 97 11540 156 117 656 562 51 57 499 349 394 164 89 236 64 1073 707 179 276 64 78 23 714 21 2122 137 446 154 127
internal_value=-7.35137e-05 0.00130536 0.00171742 -0.000973359 0.0106992 -0.00458106 0.00977255 0.0191796 0.0171457 -0.00207216 -0.00171076 0.000291344 0.00520823 0.0108581 0.0143372 0.0166735 0.0153307 0.0198539 -0.00743162 0.00579344 0.0158154 0.00743622 0.00828446 0.00699943 0.0517562 0.01714 0.0107406 0.0154024 -0.00499616 0.026555
internal_weight=4467.9 4259.88 4229.47 3254.48 974.988 2436.49 817.997 579.192 545.154 227.545 395.797 378.536 302.489 237.838 590.452 538.727 523.468 401.753 193.977 95.2897 531.625 219.677 283.228 278.817 34.0372 516.904 204.368 177.309 62.6747 114.634
internal_count=23041 21470 21152 16685 4467 12933 3752 2432 2294 1110 2035 1938 1544 1195 2642 2406 2342 1780 954 455 2237 1106 1393 1370 138 2173 1028 891 318 573
is_linear=0
shrinkage=0.05


Tree=20
num_leaves=31
num_cat=0
split_feature=19 15 15 15 15 19 30 7 1 8 10 19 19 5 7 14 22 23 15 6 13 3 20 18 14 10 0 6 13 6
split_gain=64.0928 37.9401 36.96 45.765 38.1651 21.4957 17.4617 14.6555 14.4228 15.0052 13.8967 13.6304 12.684 12.7634 12.5367 11.951 11.8974 12.26 14.3043 14.7935 11.5134 11.4894 11.4787 11.3177 11.3619 14.5685 13.9702 18.7123 13.3171 11.8927
threshold=-0.73684210526315796 1.0000000180025095e-35 0.00049390871515913139 1.3662601024700114 8.4994334199161475e-05 1.2727272727272698 -3.0240444469774226 -1.4441835791790827 0.31178024267153154 686144.83999999927 0.092442678528961389 2.7999999999999976 1.400000000000001 133.96299999998885 0.021672549330472576 184819.66394199294 -973.49999999999989 1682.5000000000002 4.7705882826487036e-05 -1.6613866863430711 1.4217412008145451 1.4403068245220101 -1.7500000000001108 -0.015142245475397916 96531.086149366558 0.67075449905893048 -0.28001876211105975 -1.4783466660429634 -0.42767487028346224 -1.1010563292884721
decision_type=2 2 2 2 2 2 2 2 2 2 2 2 2 2 2 2 2 2 2 2 2 2 2 2 2 2 2 2 2 2
left_child=-1 -2 4 5 12 22 10 -8 9 11 -5 -9 13 16 -11 -10 -3 18 21 -20 -21 -18 -4 24 25 26 -6 -28 -26 -29
right_child=1 2 3 6 23 -7 7 8 15 14 -12 -13 -14 -15 -16 -17 17 -19 19 20 -22 -23 -24 -25 28 -27 27 29 -30 -31
leaf_value=-0.027675831531689201 -0.055671451618787282 -0.043190728516148615 -0.02873443005504819 -0.044245153915133083 0.054793108331501972 0.015186644725868515 -0.0026094410179728893 0.012892915251114263 0.043147949966714783 0.027913525529419073 0.0038343536268257445 0.076643732464646508 0.038073513115738755 -0.017481746491711241 -0.061795990353095492 0.015783777831977926 -0.015915437212965105 -0.049955676982612197 -0.029594596452008917 0.023629212021884245 -0.012063039357502631 0.047917779538537653 -0.0040734511617543127 0.011090631653401045 0.035394367925867774 -0.0097018104442982214 -0.026447309622696914 0.086503909335320178 0.0006596861268225126 0.027331823622774021
leaf_weight=200.82677042484283 29.095535516738892 13.564621940255163 48.073220491409302 21.005297243595123 72.915576472878456 146.00696964561939 82.623238459229469 173.88993781805038 95.45091512799263 5.8011458814144161 52.823862865567207 8.8092523068189603 20.128748252987862 106.59185729920864 11.848886743187903 68.560000821948051 79.477375566959381 9.9137918055057508 17.664742678403854 153.04029402136803 26.507504731416702 7.7353864163160315 2556.1339019238949 230.84888383746147 44.50148132443428 17.207915470004082 14.652384623885153 9.8879553824663144 72.632594749331474 60.127125322818756
leaf_count=1548 318 77 315 106 298 628 360 764 395 28 246 37 83 588 60 295 424 49 89 732 127 40 13563 965 183 72 62 41 302 246
internal_value=-7.28956e-05 0.00122913 0.00162066 -0.000908351 0.0102612 -0.00348202 0.0126822 0.016403 0.0207144 0.0117137 -0.00984485 0.0159668 -0.000687331 -0.00256964 -0.0323106 0.0317092 0.00259272 0.00470265 0.0066078 0.0140644 0.0183598 -0.0102537 -0.00452869 0.0193637 0.0259058 0.0339808 0.0387509 0.0249354 0.0138561 0.0356885
internal_weight=4458.35 4257.52 4228.42 3271.03 957.398 2750.21 520.813 446.983 364.36 200.349 73.8292 182.699 434.624 414.496 17.65 164.011 307.904 294.339 284.425 197.213 179.548 87.2128 2604.21 522.774 291.925 174.791 157.583 84.6675 117.134 70.0151
internal_count=23041 21493 21175 16797 4378 14506 2291 1939 1579 889 352 801 2209 2126 88 690 1538 1461 1412 948 859 464 13878 2169 1204 719 647 349 485 287
is_linear=0
shrinkage=0.05


Tree=21
num_leaves=31
num_cat=0
split_feature=19 15 19 15 15 15 19 3 1 0 6 13 6 3 15 13 7 7 6 6 21 9 8 15 15 13 7 6 8 14
split_gain=58.9777 35.8056 34.3765 31.116 33.8751 32.5305 18.7481 16.3371 15.74 13.5488 16.9457 13.3865 13.3167 12.987 16.1406 14.2246 12.2854 12.6485 19.3543 17.5407 15.1082 13.7803 12.245 11.3836 16.9481 15.041 13.966 12.1816 17.1081 11.5431
threshold=-0.73684210526315796 1.0000000180025095e-35 2.7999999999999976 0.00049390871515913139 1.1430952139171602 5.2668782395488645e-05 0.51851851851851882 -2.0344649424049246 -1.2798674386293527 -0.52075282391237143 -0.42417743840829142 0.15459922821740249 2.0561867765193909 -0.96031456029930362 9.0553092960319765e-05 0.91983804099741617 -0.1501996550401461 -1.2487325953362725 2.0839836803208671 1.2016239570931073 2.4726825710775402 0.022838054536649801 92206.239999999278 1.1430952175566116 1.3662601024700114 -1.0000000180025095e-35 -2.0019335413369652 0.10004034130247612 30484.744999999653 1.0000000180025095e-35
decision_type=2 2 2 2 2 2 2 2 2 2 2 2 2 2 2 2 2 2 2 2 2 2 2 2 2 2 2 2 2 2
left_child=-1 -2 3 5 6 -3 -5 -6 -7 10 13 -12 -13 -10 -15 -16 17 19 21 -11 -21 -19 -18 -9 25 -25 -26 -27 -29 -28
right_child=1 2 -4 4 7 8 -8 23 9 16 11 12 -14 14 15 -17 22 18 -20 20 -22 -23 -24 24 26 27 29 28 -30 -31
leaf_value=-0.026817753591569616 -0.055364342401402936 -0.010732684723715066 0.048979072193128352 -0.0057168638262938701 -0.0096106266049191987 0.033253028273823954 0.0079557072481003469 0.030826511416350927 -0.013922133240351792 -0.012515544658892578 0.045982713323745192 0.024820677517484353 -0.031290843281357124 -0.015151705210320145 0.024850462865919548 0.10441569789759933 0.0029333561095348818 0.060709724953536326 -0.04670942734614264 0.057891773747255973 -0.019234550072133472 0.019776912098842265 -0.027376500757830931 -0.018553952340939702 -0.014583433412464304 -0.0058521074355475334 -0.054719298322776472 -0.0080145093595297336 0.05481121268983187 0.018137799944185181
leaf_weight=196.98906791210175 27.826165214180946 169.80905938148499 37.84588098526001 2162.2000987976789 115.70760305225849 88.676647752523422 283.61128357052803 63.756796702742577 50.782981887459755 66.306242242455482 72.118533283472061 73.892341285943985 12.339577689766882 17.818127810955048 22.111202493309978 7.530529484152793 195.2335794121027 31.278875663876534 8.1292464733123762 20.324981093406681 9.2345569729804975 60.009199202060699 40.179779827594757 90.213509887456894 38.261361509561539 56.943169042468071 5.5156124830245963 18.389534741640091 26.380670145153999 378.90764202177525
leaf_count=1548 318 919 161 11650 582 380 1391 287 227 293 312 319 54 87 91 31 865 134 36 87 41 266 186 451 167 286 27 90 131 1624
internal_value=-7.18585e-05 0.00116743 0.00153989 0.00111095 -0.00121826 0.00909 -0.00413142 0.00775449 0.0134279 0.01087 0.0199652 0.0300861 0.0167913 0.00365214 0.022457 0.0450641 0.00545138 0.0147232 0.0272188 0.00176463 0.0337971 0.0338021 -0.00223986 0.0107164 0.00863029 -0.00369141 0.0142252 0.00949075 0.0290053 0.0170925
internal_weight=4448.32 4251.33 4223.51 4185.66 3239.89 945.775 2445.81 794.076 775.966 687.29 256.593 158.35 86.2319 98.2428 47.4599 29.6417 430.696 195.283 99.4173 95.8658 29.5595 91.2881 235.413 678.368 614.611 191.927 422.685 101.713 44.7702 384.423
internal_count=23041 21493 21175 21014 16686 4328 13041 3645 3409 3029 1121 685 373 436 209 122 1908 857 436 421 128 400 1051 3063 2776 958 1818 507 221 1651
is_linear=0
shrinkage=0.05


Tree=22
num_leaves=31
num_cat=0
split_feature=19 15 19 20 27 15 15 15 19 13 15 7 21 21 4 9 7 5 13 18 14 21 4 16 7 8 9 7 21 5
split_gain=54.2488 33.8042 31.4526 28.3296 24.6649 23.7789 26.3223 19.8079 14.8965 15.9332 14.5179 14.4485 13.8443 13.7223 16.9473 13.7514 13.2904 12.6348 12.463 12.3945 12.2972 12.229 12.1883 14.0423 12.1846 11.954 14.3371 11.6666 14.663 18.8537
threshold=-0.73684210526315796 1.0000000180025095e-35 2.7999999999999976 -1.0000000180025095e-35 -0.0017514836997355452 0.28604669106342812 1.3662601024700114 8.4994334199161475e-05 0.90510127531882167 1.5033772965085166 5.9715122860217049e-05 2.2000064792239198 -0.37358282780046598 3.2690950365640132 -1.2416526920335038 0.71230825737534686 -0.021267546695474992 56.000499999849133 0.99332285611824001 -1.0550574643195936 130804.46449874454 2.8161265751790232 -0.82223973396905758 -1.4243065710401412 -2.4732775115990271 19929.539999999131 0.071897376874508617 -1.3577612495578271 0.44741379589562497 537.61400000029255
decision_type=2 2 2 2 2 2 2 2 2 2 2 2 2 2 2 2 2 2 2 2 2 2 2 2 2 2 2 2 2 2
left_child=-1 -2 3 16 10 7 8 12 9 18 -5 -9 20 -8 15 -15 21 25 27 -19 -6 -3 -12 -24 -20 26 -14 -7 29 -29
right_child=1 2 -4 4 5 6 13 11 -10 -11 22 -13 17 14 -16 -17 -18 19 24 -21 -22 -23 23 -25 -26 -27 -28 28 -30 -31
leaf_value=-0.025975295042029563 -0.055075422947459485 -0.050388633795233277 0.04712312326542098 -0.02736526461200707 0.021575175906058591 -0.013977032860227903 0.020422252049410679 0.021324815166698558 0.014891246675142009 -0.015031681403472878 -0.0096577760262159494 -0.025252018328718095 0.013414635158372702 0.039292106475021675 -0.03146960454341146 -0.035315518222102903 -0.0089810632242703844 0.061746476282433273 0.076525016392248513 -0.015749761521349975 0.11912665548119379 0.0014391360044921332 0.023037357868767035 -0.00093314702909707875 0.0090088990492414919 -0.005296632504847543 0.072642196816861293 0.023749376689674789 -0.0025640228227372442 -0.031907213391865051
leaf_weight=193.30438032746315 26.60440568625927 43.542874336242676 37.381531432271004 61.396746650338173 12.058635264635088 177.63326680660248 248.02425679564476 407.50985553860664 138.58678525686264 209.28796517848969 398.53547888994217 17.359627932310104 94.628718376159668 23.886118069291115 31.758018240332603 8.3300843685865384 156.29379084706306 5.4071086943149558 6.9238852113485327 112.66078634560108 4.412786439061164 15.409599944949148 66.334314867854118 773.92382298409939 191.63684439659119 85.723718658089638 11.454528570175169 107.80759538710117 753.33915644884109 17.716687142848969
leaf_count=1548 318 266 161 330 58 960 1049 1711 634 1097 2076 77 457 109 141 41 891 29 36 606 21 95 328 3912 1009 424 56 545 3966 90
internal_value=-7.07675e-05 0.00110869 0.00146298 0.0010548 0.00201352 0.00476696 0.00180943 0.012306 -0.000776842 -0.00225968 -0.00363264 0.0194217 0.00304211 0.0150967 -0.00555001 0.0200009 -0.0166115 0.000667799 -0.000129878 -0.0122007 0.0477098 -0.0368414 -0.00245641 0.000959208 0.0113632 0.00858908 0.0198098 -0.00228992 7.22459e-05 0.0158939
internal_weight=4438.87 4245.57 4218.96 4181.58 3966.34 2666.15 1914.93 751.216 1602.93 1464.35 1300.19 424.869 326.346 311.998 63.9742 32.2162 215.246 309.875 1255.06 118.068 16.4714 58.9525 1238.79 840.258 198.561 191.807 106.083 1056.5 878.863 125.524
internal_count=23041 21493 21175 21014 19762 13116 9677 3439 8337 7703 6646 1788 1651 1340 291 150 1252 1572 6606 635 79 361 6316 4240 1045 937 513 5561 4601 635
is_linear=0
shrinkage=0.05


Tree=23
num_leaves=31
num_cat=0
split_feature=19 15 19 20 30 15 15 15 27 5 5 0 2 15 0 30 19 7 21 0 15 9 7 13 30 6 14 15 13 16
split_gain=49.8759 31.9367 28.784 25.8159 22.562 18.878 24.596 24.16 22.6508 17.3125 16.8244 15.2573 12.8529 17.7474 20.8594 12.9264 12.6795 12.4836 13.9065 12.2011 14.255 12.4195 17.0601 19.9645 15.5768 14.5752 11.7405 11.8468 11.631 11.492
threshold=-0.7368421052631543 1.0000000180025095e-35 2.7999999999999976 -1.0000000180025095e-35 -0.6521857531018348 0.23814483661252078 1.3662601024700114 5.2668782395488645e-05 -0.0093530915313895218 -172.18849999993105 557.06050000013795 -0.98185407221017817 0.30613033975910114 1.1067971822573068 -0.97157014557069532 -4.5560933909781385 -0.4114623823097518 -0.27489841346840765 2.8161265751790232 0.20794600844471434 0.43965200644301289 1.7025996123593037 -1.2313065819885272 -0.12171676061783336 0.77668654584413488 2.2438063582917027 36916.749589278865 0.87823476163551106 1.0081793312534248 0.16344746433879864
decision_type=2 2 2 2 2 2 2 2 2 2 2 2 2 2 2 2 2 2 2 2 2 2 2 2 2 2 2 2 2 2
left_child=-1 -2 3 17 10 7 8 -6 16 29 12 -9 15 -14 -15 -5 -7 18 -3 21 -21 25 -23 -24 -25 -10 -27 -28 -26 -8
right_child=1 2 -4 4 5 6 9 11 19 -11 -12 -13 13 14 -16 -17 -18 -19 -20 20 -22 22 23 24 28 26 27 -29 -30 -31
leaf_value=-0.024934404264687949 -0.054803448349114096 -0.052996627024157167 0.045364549495610369 -0.030108566591323278 -0.0074264242553693993 0.067099810765202036 0.012217797697308689 0.031032753858986312 -0.0068271254262863169 0.02418639317100775 -0.019664631524472773 0.011680021541214594 -0.00027487488596348664 -0.023760924159381705 0.031932906473857152 -0.0036378633552473145 -0.031752968967927585 -0.0091024907225694274 0.0057254058927753253 -0.014750492364459931 0.0087933445779040578 -0.034319753983680784 -0.0039622658974887062 0.01970752963417011 0.12234479075018333 0.10106833637321933 -0.0026266329249124269 0.047018270494230623 0.041351340743234849 -0.029937357226725997
leaf_weight=192.90800455212593 25.429304480552673 37.842763878405094 36.901438489556313 49.187882408499718 133.90481393039227 3.3996669203042975 38.464945375919342 132.59488053619862 711.52438732981682 188.97919236123562 138.83640947937965 439.1310263723135 373.80360758304596 20.406852066516876 95.448048412799835 739.41620297729969 70.791877835988998 161.67881087213755 13.74397951364517 72.2459547072649 583.90026478469372 14.129564881324766 30.435960412025452 19.467329621315002 9.4666540473699587 4.0477940738201132 38.454332128167152 17.478984817862511 8.3355321288108808 27.889200150966644
leaf_count=1571 318 238 161 261 730 19 172 575 3753 790 699 1937 1896 95 428 3753 395 929 85 397 2969 78 160 103 50 20 202 87 45 125
internal_value=-7.02966e-05 0.00106166 0.00139895 0.00101035 0.00192257 0.00473838 0.00207072 0.0116908 -0.000251114 0.0164716 -0.00313368 0.0161683 -0.0013382 0.00502452 0.0221229 -0.00528893 -0.0272233 -0.0159357 -0.0373516 0.00107457 0.00620102 -0.00286723 0.0156536 0.0260827 0.0506187 -0.00483177 0.0188381 0.0128872 0.0844212 -0.00550037
internal_weight=4430.25 4237.34 4211.91 4175.01 3961.74 2544.64 1839.01 705.631 1583.68 255.333 1417.1 571.726 1278.26 489.659 115.855 788.604 74.1915 213.266 51.5867 1509.49 656.146 853.341 81.835 67.7055 37.2695 771.505 59.9811 55.9333 17.8022 66.3541
internal_count=23041 21470 21152 20991 19739 12607 9365 3242 8278 1087 7132 2512 6433 2419 523 4014 414 1252 323 7864 3366 4498 436 358 198 4062 309 289 95 297
is_linear=0
shrinkage=0.05


Tree=24
num_leaves=31
num_cat=0
split_feature=19 15 19 15 15 15 15 15 27 5 1 7 16 7 9 15 5 6 13 13 3 18 0 21 5 27 4 6 13 5
split_gain=45.8681 30.162 27.2346 23.802 30.2868 27.8123 18.9264 15.4588 15.1236 14.3155 13.2649 13.7138 12.9666 12.8307 13.8023 11.4531 11.3135 11.631 16.6697 15.5006 17.9304 13.6755 12.7258 14.2978 12.1599 11.9823 13.7723 20.268 13.221 14.2511
threshold=-0.73684210526315796 1.0000000180025095e-35 1.2727272727272794 0.18545806888082925 1.1430952160215464 8.4994334199161475e-05 1.1430952175566116 1.3662601024700114 -0.004126884077122083 -137.93900000001301 0.080517747225843081 -1.7575779937787097 1.0735154881923472 1.589020579895452 0.0013824039511266329 1.6733200542881865 257.60800000000751 -1.2233748741449662 1.3639695193188899 -0.32341880230876358 -0.73258017181366097 -0.20222951785620216 -1.0675905624139308 0.69258677010154013 -168.6195000002626 0.0064583850713981769 -0.77755179999635937 1.4850767820249222 0.66684401106614277 -108.36100000003351
decision_type=2 2 2 2 2 2 2 2 2 2 2 2 2 2 2 2 2 2 2 2 2 2 2 2 2 2 2 2 2 2
left_child=15 -2 3 5 -5 16 8 -8 -6 -7 12 -12 -9 14 -10 -1 17 19 21 -3 -21 25 -23 -24 -22 26 -19 28 29 -28
right_child=1 2 -4 4 6 9 7 10 13 -11 11 -13 -14 -15 -16 -17 -18 18 -20 20 24 22 23 -25 -26 -27 27 -29 -30 -31
leaf_value=-0.027405103803251209 -0.054547289801491511 -0.043594041766761675 0.019405475821206313 -0.0045111349131056562 -0.031807416697847535 0.02989301291098688 -0.006707545859941909 0.0062021441018019763 -0.0096050719451736665 0.01042988390301449 -0.010865259536766212 0.022757556322481758 -0.026514176359237834 -0.023843186557027031 0.068722063932937089 0.025836239119053323 -0.022941041307783502 -0.011287830721559748 -0.021156202127876979 -0.03018231627826469 0.10648209893559263 0.031006797116066832 0.026027891992782305 -0.019830707468240321 0.015101857367578093 0.080401481936282784 0.06771595979929082 -0.037982401690885528 0.08298322296496137 0.011483820754435383
leaf_weight=175.68927097320557 24.299823850393295 31.09130771458149 198.33193054795265 2328.7662797793746 7.2054925709962836 122.93490794301033 203.60582858324051 203.98238778114319 6.7305676639080039 408.11273463070393 35.459082275629044 209.54227477312088 35.566325172781944 5.7616999149322501 34.216964617371559 10.717165946960447 57.568850070238113 27.889337867498398 48.495377957820892 20.015134692192078 4.7550057768821743 24.988952144980431 22.188390374183655 72.642992496490479 15.532669067382811 8.5458515584468824 16.024669200181954 9.6826210618019086 13.821986094117163 37.952759340405471
leaf_count=1459 318 164 833 12604 34 507 1044 926 30 1701 154 886 163 26 151 89 325 139 249 106 23 120 110 371 80 42 77 50 67 193
internal_value=-6.99918e-05 0.000998269 0.00131877 0.000424896 -0.00170811 0.0073765 0.00708836 0.00485329 0.0356164 0.0149355 0.0097111 0.0178913 0.00134468 0.0460174 0.0558474 -0.0243441 -0.00238574 0.000960566 0.00552128 -0.0170687 0.00339411 0.0110563 -0.000736248 -0.00910084 0.0365195 0.0234599 0.0188418 0.0296868 0.0393508 0.0281779
internal_weight=4422.12 4235.71 4211.41 4013.08 3070.84 942.244 742.071 688.156 53.9147 531.048 484.55 245.001 239.549 46.7092 40.9475 186.406 411.196 353.627 282.233 71.3941 40.3028 233.738 119.82 94.8314 20.2877 113.917 105.371 77.482 67.7994 53.9774
internal_count=23041 21493 21175 20342 16018 4324 3414 3173 241 2208 2129 1040 1089 207 181 1548 2116 1791 1418 373 209 1169 601 481 103 568 526 387 337 270
is_linear=0
shrinkage=0.05


Tree=25
num_leaves=31
num_cat=0
split_feature=19 15 19 20 27 30 21 4 7 15 15 15 14 1 7 7 3 19 13 8 15 2 13 2 0 13 7 19 16 21
split_gain=42.1438 28.5056 25.43 22.8752 20.7847 18.9365 17.1456 18.7117 16.1 14.2383 21.6678 18.8397 13.3681 13.2565 14.3894 13.2269 13.0451 13.0294 13.3118 13.7591 12.8739 12.7698 12.5218 12.2664 13.1764 12.1562 11.7561 11.4501 12.644 11.4983
threshold=-0.73684210526315796 1.0000000180025095e-35 2.7999999999999976 -1.0000000180025095e-35 -0.0017514836997355452 -1.4784662006175522 -0.26812608769624274 -0.48360377158738638 -0.81940275911168825 0.28604669106342812 8.4994334199161475e-05 1.765778588345988 107051.18910352993 1.0000000180025095e-35 -0.33356376595284093 0.47356052517123232 -0.060820833775967309 0.87499999999998312 1.5033772965085166 493558.18499999942 5.9715122860217049e-05 -0.83198089801043162 1.3490969806059747 -0.67750568975695014 0.59746359065953092 -0.2271134930114854 -0.021267546695474992 -0.63636363636363924 -0.02131556316484589 1.8722546609091153
decision_type=2 2 2 2 2 2 2 2 2 2 2 2 2 2 2 2 2 2 2 2 2 2 2 2 2 2 2 2 2 2
left_child=-1 -2 3 26 20 12 7 8 25 10 13 17 16 -8 -15 23 22 18 -11 -20 -5 -10 -6 -13 -25 -7 -3 28 -22 -29
right_child=1 2 -4 4 5 6 9 -9 21 11 -12 15 -14 14 -16 -17 -18 -19 19 -21 27 -23 -24 24 -26 -27 -28 29 -30 -31
leaf_value=-0.02355055460441172 -0.054305888721421447 -0.034682988448015942 0.042983499278031738 -0.026032727078124287 0.00068576166316013185 0.040702114450949005 0.01181935589513195 0.01276121872513033 -0.0018139816607661637 0.0013466435306516056 0.019874993539941294 -0.028963472354929305 -0.012973380506387812 0.01039438204992783 -0.023114793372421442 0.047309792095004626 0.018990571567892519 0.016200150060385957 -0.016082837512356059 0.066619163555324754 0.00070620761830372954 0.074158561119844091 -0.042967627570212961 0.051760577103745292 -0.0045950087725172804 0.14284869601409264 -0.0080190859229263278 0.0031920116921281315 0.12551771522570207 -0.0066924248476230609
leaf_weight=183.15886273235083 23.214857339859009 56.442546494305134 36.191702336072922 60.186513766646385 102.199816852808 4.9071151912212372 138.45224030315876 113.43194955587387 13.252518653869627 1059.7868718355894 337.62645003199577 15.569528877735136 244.5186932682991 52.150290176272392 83.068461433053017 36.852841258049011 87.347619846463203 124.80110445618629 167.96815133094788 5.1844331771135321 4.5388907343149185 9.4931289404630679 19.573766827583313 20.380467087030411 21.12085323035717 7.1661932766437513 154.47958001494408 489.83024184405804 3.6697736233472806 736.74398143589497
leaf_count=1548 318 361 161 330 507 21 667 523 62 5507 1411 67 1236 276 444 152 423 571 875 27 26 45 99 85 85 33 891 2448 21 3821
internal_value=-6.94389e-05 0.000947256 0.00125216 0.000890032 0.00174464 0.00426985 0.00617893 0.0226029 0.0546647 0.00499866 0.0113999 0.00230311 -0.00503573 0.000944112 -0.0101912 0.0239599 0.00424552 0.000804962 -0.000753376 -0.0136066 -0.00345186 0.0298939 -0.00633104 0.00888206 0.0230801 0.101332 -0.0151543 -0.00235121 0.0565046 -0.00274509
internal_weight=4413.31 4230.15 4206.94 4170.74 3959.82 2664.85 2211.21 148.251 34.819 2062.96 611.297 1451.66 453.64 273.671 135.219 93.9237 209.121 1357.74 1232.94 173.153 1294.97 22.7456 121.774 57.0708 41.5013 12.0733 210.922 1234.78 8.20866 1226.57
internal_count=23041 21493 21175 21014 19762 13116 10851 684 161 10167 2798 7369 2265 1387 720 389 1029 6980 6409 902 6646 107 606 237 170 54 1252 6316 47 6269
is_linear=0
shrinkage=0.05


Tree=26
num_leaves=31
num_cat=0
split_feature=19 15 19 20 30 27 21 6 19 5 2 4 7 7 23 4 13 4 0 15 15 15 7 15 9 14 1 30 18 7
split_gain=38.7455 26.9579 23.2964 20.8344 19.0063 16.6147 24.9933 16.9439 15.5425 15.438 14.9342 15.4049 14.7923 14.1676 13.4737 12.5263 12.5214 19.6335 12.845 12.3578 15.029 17.3951 13.8654 12.8076 16.7354 12.0586 11.9901 11.8808 12.3562 11.6919
threshold=-0.7368421052631543 1.0000000180025095e-35 2.7999999999999976 -1.0000000180025095e-35 -0.6521857531018348 0.00046048470829074267 -1.4330583630232459 0.45770435774620916 -0.53846153846153333 557.06050000013795 0.16005430559048189 0.88183197804117885 -1.8053071154417204 1.1394901771622503 519.50000000000011 -0.49973322178534291 -1.0069558109612315 0.52110022562004665 0.20794600844471434 1.8073922315325641 0.32943192162535678 8.4994334199161475e-05 0.59566237546530953 0.43965200644301289 0.25733877581867964 278260.37185174477 -0.86913700479414635 1.3276490846936981 -0.12522641849718963 1.0372581721569822
decision_type=2 2 2 2 2 2 2 2 2 2 2 2 2 2 2 2 2 2 2 2 2 2 2 2 2 2 2 2 2 2
left_child=-1 -2 3 -3 9 7 -7 8 15 -5 13 12 -12 14 29 -6 17 25 -18 20 21 26 -21 24 -22 -9 -8 -26 -29 -10
right_child=1 2 -4 4 5 6 19 16 10 -11 11 -13 -14 -15 -16 -17 18 -19 -20 22 23 -23 -24 -25 27 -27 -28 28 -30 -31
leaf_value=-0.022581664784132659 -0.054078286508785912 -0.01452813886089035 0.041422043436462865 -0.0012678179165169969 0.11482466339913755 0.082912605670142303 0.025164729170203806 0.054640114447383661 -0.0019410926836524471 -0.018903345804416567 -0.042261073141352058 -0.0060372382413309616 0.018471338016617156 -0.024851145000835025 -0.022923336307956253 -0.0043772060077081889 -0.004714245532585367 -0.0043278811320259332 0.016648340161538516 0.011394661287748822 -0.034425381649169744 0.023924415716366831 0.062172933511993878 0.0044638576346884657 -0.015342900933020527 -0.013092100356106093 -0.0048581587634070828 0.12899036334061542 0.0024728810031673198 0.046059335516947048
leaf_weight=183.16683027148247 22.173243999481201 209.09094452112913 35.691082954406738 1274.5134122222662 4.942942887544632 11.072764471173285 44.622092545032501 44.697016373276711 224.77461433410645 137.48075711727142 10.746559947729109 217.02064578235149 149.5678493231535 128.83016936480999 80.222776666283607 3.9772992134094221 175.31227099895477 33.497284144163132 117.54832310974598 36.519888147711754 46.278970628976822 219.19230300188065 21.275450527667999 804.88010604679585 8.9126627147197741 7.7037852853536597 130.54364304244518 4.0918361842632294 3.6524910330772391 13.445185914635656
leaf_count=1571 318 1252 161 6433 26 49 209 219 1146 699 56 1073 750 659 406 21 877 162 580 150 256 932 87 4077 49 40 674 22 20 67
internal_value=-6.85364e-05 0.000908107 0.00119839 0.000853655 0.00166679 0.0042493 0.00810606 1.47404e-05 -0.00396996 -0.00298493 -0.00468008 0.0026458 0.0144002 -0.0108604 -0.00520033 0.0616757 0.00878379 0.0255701 0.00386026 0.00747853 0.00644328 0.0145369 0.030087 0.00276532 -0.018957 0.0446824 0.00278994 0.0240196 0.0693204 0.000768064
internal_weight=4405.45 4222.28 4200.11 4164.41 3955.32 2543.33 1331.04 1212.29 833.528 1411.99 824.608 377.335 160.314 447.273 318.443 8.92024 378.759 85.8981 292.861 1319.97 1262.17 394.358 57.7953 867.816 62.936 52.4008 175.166 16.657 7.74433 238.22
internal_count=23041 21470 21152 20991 19739 12607 6525 6082 4204 7132 4157 1879 806 2278 1619 47 1878 421 1457 6476 6239 1815 237 4424 347 259 883 91 42 1213
is_linear=0
shrinkage=0.05


Tree=27
num_leaves=31
num_cat=0
split_feature=19 15 19 15 15 15 9 3 15 5 27 6 5 27 19 6 22 9 27 27 1 0 8 0 27 2 15 5 21 8
split_gain=35.5541 25.4925 22.302 18.6356 24.5768 21.9049 20.5562 14.9444 12.1814 17.0256 18.1916 16.5877 14.9548 15.0771 12.2448 22.5089 11.5584 11.5285 15.6441 11.0822 13.7177 11.06 10.9634 10.9005 10.9697 11.1035 10.801 10.7598 10.7314 13.0093
threshold=-0.7368421052631543 1.0000000180025095e-35 1.2727272727272794 1.765778588345988 0.18545806888082925 7.7523561462123033e-05 1.3389024560391978 -1.8705315970046066 0.62380775606049588 -85.837499999906854 -0.0046805812510328218 -0.91788338668112968 431.04549999977468 -0.00129599299067068 -0.63636363636363924 0.19982003452612679 -973.49999999999989 0.43705581257832488 -0.00067233697313534558 0.0059197122429864866 -0.92477905389381576 -0.75516882516941009 422892.93499999918 1.3265548342312541 -0.004126884077122083 1.0015524492812691 1.6733200542881865 698.28950000018824 2.9653252365831748 77507.899999999107
decision_type=2 2 2 2 2 2 2 2 2 2 2 2 2 2 2 2 2 2 2 2 2 2 2 2 2 2 2 2 2 2
left_child=26 -2 3 4 5 16 22 -7 14 11 -11 -10 21 23 15 -6 -3 18 -16 -18 -21 -12 -5 24 -14 -26 -1 -9 29 -20
right_child=1 2 -4 6 8 7 -8 27 9 10 12 -13 13 -15 17 -17 19 -19 28 20 -22 -23 -24 -25 25 -27 -28 -29 -30 -31
leaf_value=-0.024875057430787818 -0.05386359946302826 -0.044914667908491565 0.017526596668377924 0.018282662091036017 0.10317843742095777 0.04493647856104941 -0.018350584892946126 0.011761635192072488 -0.018275490062778735 -0.010878650993055242 -0.0010530497821305705 -0.0017718668850670251 -0.060033174299104319 -0.014674885566316062 -0.025630256368938925 -0.052381971135351181 -0.0039100847792032647 -0.0002894856160771997 -0.0049273118351524968 0.083185480797667438 0.0077869666078577635 0.012256740153888036 0.08905954516516254 0.060057001570372838 -0.028481130945009647 0.034402687334522654 0.027240103523361828 -0.031637247640279129 -0.02084540853394385 0.042597997950181862
leaf_weight=169.59916856139898 21.173782601952553 15.753748223185537 197.78710475564003 197.67343252897263 6.4444297403097135 33.623870402574539 41.55833537876606 522.04805888235569 216.84912622720003 197.19369258731604 211.75923284143209 511.12008429318666 5.6406589746475211 147.15690298378468 162.25100643932819 3.6381835490465164 323.78603483736515 293.37779301404953 295.51401337236166 8.1053502261638659 23.587999030947685 593.63233563303947 5.6272126585245124 11.389603137969969 10.065551057457922 23.198728904128075 10.56118321418762 14.6836961209774 109.00957214832306 15.136953786015509
leaf_count=1482 318 94 833 837 34 138 201 2175 1179 1058 1089 2706 29 754 908 20 1693 1620 1656 36 124 2958 25 56 53 119 89 64 611 82
internal_value=-6.77388e-05 0.000861177 0.00113722 0.000326785 -0.000544732 0.00644745 0.0136917 0.0126001 -0.00288489 -0.000655366 0.00300417 -0.006688 0.00573401 -0.00659753 -0.00773996 0.0470464 -0.00300533 -0.00837106 -0.0124455 -0.00114804 0.0270696 0.00875724 0.0202417 0.017036 0.00444143 0.0153745 -0.02182 0.0105743 -0.00734793 -0.00261157
internal_weight=4398.95 4218.79 4197.61 3999.83 3754.97 941.589 244.859 570.356 2813.38 1928.01 1200.04 727.969 1002.84 197.451 885.372 10.0826 371.233 875.289 581.912 355.479 31.6933 805.392 203.301 50.2945 38.9049 33.2643 180.16 536.732 419.661 310.651
internal_count=23041 21470 21152 20319 19256 4324 1063 2377 14932 10001 6116 3885 5058 1011 4931 54 1947 4877 3257 1853 160 4047 862 257 201 172 1571 2239 2349 1738
is_linear=0
shrinkage=0.05


Tree=28
num_leaves=31
num_cat=0
split_feature=19 15 19 27 30 15 15 15 8 15 21 8 9 7 4 5 7 27 1 8 16 5 15 15 6 21 10 27 7 7
split_gain=32.8478 24.4071 20.2488 18.4911 17.6195 14.1076 17.8609 17.2395 13.9872 15.6746 14.7281 22.6399 18.6829 17.8566 18.4973 17.4371 27.6797 14.9591 18.4188 14.5298 14.9678 14.4098 13.3033 12.6555 12.6325 26.361 17.9324 15.4736 14.3555 17.1756
threshold=-0.057792091608510232 1.0000000180025095e-35 2.7999999999999976 -0.0017514836997355452 -1.6316153571763903 0.00025103231082877823 0.70258780966040446 8.4994334199161475e-05 4277.6799999989535 1.765778588345988 1.9469072900873146 634369.5199999992 4.9897839035869209 -2.1871068529413473 -0.12236992658757105 95.409500000067069 2.3253483996364932 -0.0075144880440590747 -0.20504093934641746 72312.214999999138 -1.5429242076720742 -362.29900000011543 0.68110595845601674 9.3631910275496187e-05 0.15972124378818564 0.027688577505110005 1.776071296005173 0.00097567029961931351 0.47356052517123232 -2.4732775115990271
decision_type=2 2 2 2 2 2 2 2 2 2 2 2 2 2 2 2 2 2 2 2 2 2 2 2 2 2 2 2 2 2
left_child=-1 -2 3 8 -5 7 -7 -6 9 -3 11 12 13 -10 17 19 -17 18 21 -16 -21 -15 -23 -12 25 27 28 -8 29 -26
right_child=1 2 -4 4 5 6 24 -9 10 -11 23 -13 -14 14 15 16 -18 -19 -20 20 -22 22 -24 -25 26 -27 -28 -29 -30 -31
leaf_value=-0.015528105151500585 -0.053660994986531055 -0.028489799974227445 0.03929883547820797 -0.0059022965902321058 0.0032717692001154328 -0.0032214594452577398 0.006634235743171131 0.020368459011037784 -0.046332467284752432 0.065477946783592991 -0.028981858664608395 -0.034234786858829837 0.086274478798531729 0.0030485053630218027 0.046719549988540714 -0.0020718826917290548 0.12370734515643345 -0.011303974145260208 -0.039094506348303776 0.10597901269780528 0.0090884279238993126 0.14670621116138152 0.031972404439867985 -0.0050604292966387604 0.054324574834083442 -0.0030216119044912952 -0.020896896276607027 0.063572271670448779 0.02531790617913984 0.0050704640246303258
leaf_weight=318.6122047752142 20.215248227119446 81.236863538622856 34.969347178936005 428.63755133002996 295.3041580915451 710.9718124344945 22.982140563428402 294.49091202020645 15.814521640539168 4.6943714171648017 60.50486446917057 35.6285500228405 7.3399726897478095 6.9178060889244124 59.929577276110649 121.42120784521103 4.5375136733055106 144.11575752496719 6.6664283424615851 4.2067416459321967 75.953380256891251 5.7642789036035538 4.4979512393474579 641.49361212551594 18.843772552907467 413.58668038994074 37.89269708096981 24.81774528324604 196.98649521172047 291.54949272423983
leaf_count=2369 318 430 161 2171 1490 3795 108 1204 80 19 316 186 37 37 290 605 22 735 36 21 378 31 24 3369 91 2051 184 114 948 1421
internal_value=-6.7255e-05 0.00114248 0.00141591 0.00108611 0.00340712 0.00513647 0.00284551 0.0118083 -0.00387236 -0.0233564 -0.00247103 0.00415469 0.00714652 0.00585536 0.00775698 0.0159586 0.00245916 -0.00523419 0.0314484 0.0280963 0.0141732 0.0588215 0.0964182 -0.0071222 0.00713043 0.00104141 0.0122827 0.0361965 0.0147607 0.00806065
internal_weight=4390.58 4071.97 4051.76 4016.79 2736.06 2307.43 1717.63 589.795 1280.72 85.9312 1194.79 492.794 457.165 449.825 434.011 266.048 125.959 167.962 23.8465 140.09 80.1601 17.18 10.2622 701.998 1006.66 461.387 545.272 47.7999 507.38 310.393
internal_count=23041 20672 20354 20193 13577 11406 8712 2694 6616 449 6167 2482 2296 2259 2179 1316 627 863 128 689 399 92 55 3685 4917 2273 2644 222 2460 1512
is_linear=0
shrinkage=0.05


Tree=29
num_leaves=31
num_cat=0
split_feature=19 15 19 30 27 21 6 19 13 4 13 0 4 7 3 22 15 26 23 15 14 18 15 19 14 16 22 30 2 23
split_gain=30.6562 22.8195 19.3519 16.6153 15.5635 21.6497 14.5618 14.9652 12.4245 13.7442 12.4153 13.637 13.4611 12.5517 11.9138 11.7954 10.7386 13.2018 10.7087 10.6911 10.5207 11.1323 10.1035 10.0519 9.85647 9.92257 9.81508 9.74539 11.0606 10.0803
threshold=-0.73684210526315796 1.0000000180025095e-35 1.2727272727272794 -0.6521857531018348 0.00084449137986042377 -1.4330583630232459 0.45770435774620916 -0.63636363636363169 -2.5708407223798164 -0.49973322178534291 -0.83028100156658879 0.20794600844471434 0.52110022562004665 1.9716340399945256 1.9728746288150425 -77.499999999999986 1.129486452232517 0.0002805000000000001 -153.49999999999997 1.1430952175566116 204118.42447577362 0.32622910531507582 1.6733200542881865 -0.047340018064776522 278260.37185174477 1.5406277403879074 628.50000000000011 1.3480121888592456 -0.035085579324931844 -40.499999999999993
decision_type=2 2 2 2 2 2 2 2 2 2 2 2 2 2 2 2 2 2 2 2 2 2 2 2 2 2 2 2 2 2
left_child=22 -2 3 8 6 14 7 -5 9 -3 12 -12 24 -14 -6 18 -10 19 -9 -18 21 -4 -1 -7 25 -8 -13 28 -17 -29
right_child=1 2 20 4 5 23 10 15 16 -11 11 26 13 -15 -16 27 17 -19 -20 -21 -22 -23 -24 -25 -26 -27 -28 29 -30 -31
leaf_value=-0.023849972567705623 -0.053469724082602102 -0.013497700676631705 0.032193438099459043 0.063582872722479908 0.13117167523291301 -0.023359845591067463 0.046244144436371204 -0.0023441143479702676 -0.0071946844921451248 0.060842379590091811 -0.0074086398323598007 0.009213985671768378 -0.010341721042857759 0.083466073522629733 0.025052606258871832 -0.013430404666535804 0.034537245803987121 -0.020039633209806021 0.01896664521256498 0.0037138956068494262 -0.00029283119129171301 -0.0022374201894570078 0.026427161829380333 0.0068950487719291222 -0.013688847557211751 -0.024741759956515383 0.053790505871358453 -0.047333776479254241 0.0036096282157007209 -0.014062151057540176
leaf_weight=161.60649761557579 19.296387523412704 10.527346611022951 102.74958591163158 8.0154830515384656 5.2811146974563581 28.113934643566608 59.650921367108822 280.77467972040176 1054.3232158571482 15.18693697452545 177.88849265873432 105.3980250582099 38.987457603216171 3.9248518198728553 5.2983400374650955 188.30978492647409 31.408710815012455 53.430495738983154 74.61519330739975 269.66963228583336 64.366266444325447 30.428604543209076 10.65104343742132 1168.5746321901679 9.6819287389516813 5.3657125532627097 13.987530484795569 26.344278238713741 192.6618495285511 167.55077352374792
leaf_count=1459 318 54 433 44 23 159 293 1458 5589 74 905 530 194 20 23 991 146 263 388 1271 271 129 89 5788 51 28 66 137 980 867
internal_value=-6.67032e-05 0.000778858 0.00102854 0.000273154 0.00268677 0.00681382 -0.000995323 -0.0044444 -0.00403475 0.0304078 0.00680485 0.00136447 0.020556 -0.00176186 0.0780257 -0.00503055 -0.00466341 0.00286472 0.00213014 0.00692941 0.0163048 0.0243267 -0.0207412 0.00618427 0.033377 0.0403858 0.0144367 -0.00945739 -0.00481306 -0.0185827
internal_weight=4384.07 4211.81 4192.52 3994.97 2560.42 1207.27 1353.16 938.272 1434.55 25.7143 414.885 297.274 117.611 42.9123 10.5795 930.257 1408.83 354.509 355.39 301.078 197.544 133.178 172.258 1196.69 74.6986 65.0166 119.386 574.867 380.972 193.895
internal_count=23041 21493 21175 20342 12945 5993 6952 4865 7397 128 2087 1501 586 214 46 4821 7269 1680 1846 1417 833 562 1548 5947 372 321 596 2975 1971 1004
is_linear=0
shrinkage=0.05


Tree=30
num_leaves=31
num_cat=0
split_feature=19 15 19 20 21 7 27 30 15 15 6 3 6 13 30 5 7 6 7 21 4 19 7 30 3 8 1 6 3 21
split_gain=28.1333 21.6029 18.2606 16.9279 14.5288 18.9847 14.4626 13.1823 11.9781 15.0474 12.2111 12.0437 12.839 15.7735 14.5023 11.8117 11.7282 11.5741 11.2529 14.0633 11.3644 11.1889 11.1324 11.0519 10.9603 12.0681 10.8828 10.6175 13.5818 17.7091
threshold=-0.7368421052631543 1.0000000180025095e-35 2.7999999999999976 -1.0000000180025095e-35 -1.1604907497884251 0.54113146197820283 -0.010979686128448405 -0.6521857531018348 1.1430952160215464 1.1430952175566116 -2.3201966648327601 -1.4903717419110638 -0.90270157949158081 0.067901757571718027 -5.0775175516651414 557.06050000013795 -0.96412459373648474 0.44240401721256212 -0.27489841346840765 2.8161265751790232 -0.10610409182325788 -0.097903294822424977 -1.8547732753536774 0.83584582267858998 -0.3263347461490142 203173.00999999905 -0.245067358353145 1.2346235865597557 -1.8898687899897431 0.088140565476602484
decision_type=2 2 2 2 2 2 2 2 2 2 2 2 2 2 2 2 2 2 2 2 2 2 2 2 2 2 2 2 2 2
left_child=-1 -2 3 18 5 -5 -6 8 15 -10 -11 -12 16 14 -14 -8 -13 -9 19 -3 26 -19 -15 -21 25 -24 -20 -23 -29 -30
right_child=1 2 -4 4 6 -7 7 17 9 10 11 12 13 22 -16 -17 -18 21 20 23 -22 27 24 -25 -26 -27 -28 28 29 -31
leaf_value=-0.019847960421986902 -0.053289068212538704 -0.050853630387165505 0.037339895454249594 0.009131946167151881 -0.013722512737256446 0.076679775526504512 -0.00349997830249856 0.00080461622551507718 0.045579618869309634 0.050968753182258186 -0.016122756620623024 0.031952599876653789 0.069104136958628423 -0.038427167234246246 -0.0082714412890077249 -0.023959914423209636 -0.026839074088131566 -0.027750204770386436 -0.00650814530632997 -0.016757993005038139 0.0054104020160132011 0.014429692721487126 -0.0011028397405995287 0.089054724802159993 0.054794533288111694 0.071609713354990986 -0.046945273282495363 0.027277852213120537 0.026703019795688968 -0.0013804853788992803
leaf_weight=172.64122572541237 18.415943585336208 35.239587172865868 34.255477637052536 38.142235100269318 158.71448959410191 14.3026987016201 909.16409781575203 1366.9958993494511 22.449833050370216 12.734700486063955 75.635291293263435 10.750500276684759 6.6359730660915366 5.3926764428615561 69.259951904416084 76.474986642599106 40.214643716812134 21.752019420266151 44.575305961072445 9.8513764739036542 86.03592374175787 437.44515573978424 25.555488675832748 3.2925293222069731 37.016889840364456 7.3468713611364356 26.548511371016502 57.889259368181229 63.373519092798233 491.47158142924309
leaf_count=1571 318 238 161 175 871 61 4706 6808 98 61 383 48 31 25 310 413 182 118 271 64 499 2145 116 21 164 33 159 286 298 2407
internal_value=-6.57338e-05 0.000746076 0.000983656 0.000683867 0.00141206 0.0275535 0.00106019 0.00168794 -0.00238144 0.00614 0.00309256 0.000897916 0.00726555 0.0145807 -0.00150609 -0.00508745 -0.0144377 0.00385472 -0.0133056 -0.0343906 -0.00681435 0.0077444 0.0307922 0.00974794 0.0361309 0.0151334 -0.0216022 0.00847959 0.00423167 0.00182717
internal_weight=4379.57 4206.93 4188.52 4154.26 3948.72 52.4449 3896.27 3737.56 1298.63 312.993 290.543 277.808 202.173 151.208 75.8959 985.639 50.9651 2438.93 205.543 48.3835 157.16 1071.93 75.3119 13.1439 69.9192 32.9024 71.1238 1050.18 612.734 554.845
internal_count=23041 21470 21152 20991 19739 236 19503 18632 6570 1451 1353 1292 909 679 341 5119 230 12062 1252 323 929 5254 338 85 313 149 430 5136 2991 2705
is_linear=0
shrinkage=0.05


Tree=31
num_leaves=31
num_cat=0
split_feature=19 15 19 15 15 15 9 1 0 6 3 13 7 7 14 3 3 13 6 6 21 7 6 15 21 4 6 15 2 15
split_gain=25.7769 20.4445 16.8034 15.803 20.2188 18.6655 17.8513 15.7404 13.1525 11.853 13.4823 11.5499 11.5402 11.2094 10.9936 10.7432 10.7184 12.9249 10.6367 14.7715 28.5478 17.4837 12.6629 12.1134 11.1758 17.675 12.5498 12.3874 10.4943 15.4317
threshold=-0.73684210526315796 1.0000000180025095e-35 1.272727272727274 1.765778588345988 0.18545806888082925 5.2668782395488645e-05 0.71230825737534686 -1.2798674386293527 -0.52075282391237143 -0.42417743840829142 -1.1552499155743112 0.49360526345168587 -0.1501996550401461 1.71129107616556 106051.90309316183 -0.15465735799988528 -0.96031456029930362 0.49360526345168587 2.3222890312053588 0.72757323678159935 2.3082068867394399 -1.2850275817171335 1.9969351778231441 0.00023066027901267626 0.7385404792115241 -1.1651382677615574 -0.11200496243327791 7.4346235588913811e-05 0.17694772455874605 0.55612068674944126
decision_type=2 2 2 2 2 2 2 2 2 2 2 2 2 2 2 2 2 2 2 2 2 2 2 2 2 2 2 2 2 2
left_child=-1 -2 3 4 5 -3 -5 -7 9 16 -11 -12 18 14 15 -13 -9 -18 19 21 22 -10 -21 -22 -23 -26 27 -27 -6 -30
right_child=1 2 -4 6 28 7 -8 8 12 10 11 13 -14 -15 -16 -17 17 -19 -20 20 23 24 -24 -25 25 26 -28 -29 29 -31
leaf_value=-0.019324709004770537 -0.053118388164372247 -0.0098272194330086618 0.015098434525461255 0.020694565710775492 -0.0055161180720454429 0.028381721510799231 -0.0097813170950741529 -0.014220827373064472 -0.019858148858244148 0.038170935481111938 0.025639877306031011 -0.016523153725063997 -0.0063893704998168946 -0.078320044266184219 -0.034485205562716718 0.064940882938057026 0.0013820234357061318 0.057859944223231853 -0.038408392119875581 0.060313730940715363 0.0041528204983509445 -0.018534245252016548 -0.024863795700360271 -0.083465603072643557 -0.048309641934822553 0.0012599686068048752 0.00091809576464152952 0.080387009624943329 -0.0089966228038016859 0.0037563112932734928
leaf_weight=167.09032379090786 17.572653584182262 159.55246628820896 199.19477990269661 179.22913087904453 1524.7055789157748 91.86348183453083 65.651409074664116 51.37185263633728 51.14801687002182 79.943734958767891 46.033807694911957 7.553117215633395 237.56728868186474 5.4594051092863074 13.044520929455755 8.7186812758445758 33.027451828122139 14.611651524901388 10.675461277365683 44.098946422338486 15.754778444767 14.398177921772001 4.8425221145153037 5.2622671425342551 5.9651108384132376 6.4173561930656424 11.882363453507425 21.575251296162605 314.443040817976 965.76557518541813
leaf_count=1548 318 890 843 753 8254 392 310 231 228 346 198 33 1066 24 57 36 145 64 47 187 71 65 22 22 26 33 51 90 1762 4929
internal_value=-6.4864e-05 0.000700023 0.000925748 0.000218298 -0.000586216 0.00575688 0.0125241 0.00893972 0.00634886 0.0152304 0.0236126 0.00921024 0.000978316 -0.0125382 -0.00028808 0.0271265 0.00162127 0.0187047 0.0100936 0.0129488 0.0309552 0.00163959 0.0518858 -0.0177852 0.0198932 0.0319631 0.0439716 0.062247 -0.00271369 0.000623954
internal_weight=4374.42 4207.33 4189.76 3990.56 3745.68 940.768 244.881 781.215 689.352 259.764 160.753 80.8095 429.588 34.7757 29.3163 16.2718 99.011 47.6391 192.02 181.345 69.9585 111.386 48.9415 21.017 60.2383 45.8401 39.875 27.9926 2804.91 1280.21
internal_count=23041 21493 21175 20332 19269 4324 1063 3434 3042 1134 694 348 1908 150 126 69 440 209 842 795 302 493 209 93 265 200 174 123 14945 6691
is_linear=0
shrinkage=0.05


Tree=32
num_leaves=31
num_cat=0
split_feature=19 15 19 20 21 15 5 7 10 7 7 2 8 6 6 15 1 7 6 21 27 30 16 27 15 28 19 7 10 8
split_gain=23.6126 19.3643 16.1826 14.9852 13.0757 15.8516 17.537 20.664 16.9059 16.6625 15.9117 13.9507 18.1822 17.0243 16.8392 17.9595 15.3661 15.3146 17.6319 17.0043 16.8702 15.182 13.0885 12.8595 12.7093 14.1826 12.7607 12.7212 12.5678 12.4559
threshold=-0.7368421052631543 1.0000000180025095e-35 2.7999999999999976 -1.0000000180025095e-35 0.027688577505110005 2.4098563091183349 537.61400000029255 1.7306770314496853 0.0027942542196464676 -0.76774275258882252 -2.2769119059143086 0.17694772455874605 401.39999999903961 1.9667873989403091 2.3654737179120837 0.81649658358327915 -1.3376251813633238 -1.4256081135564027 -1.6031360726138613 2.9116471557557984 -0.00011791414122647169 -1.8719639627390194 -0.35595918379838681 -0.0016098088282258114 0.8793040107491823 87369.845000000016 1.2727272727272698 -0.3527278377617647 7.119578614619237 179276.86999999903
decision_type=2 2 2 2 2 2 2 2 2 2 2 2 2 2 2 2 2 2 2 2 2 2 2 2 2 2 2 2 2 2
left_child=-1 -2 3 -3 5 6 8 23 9 -5 -10 12 14 17 -6 -16 28 18 19 20 -13 24 -18 -8 26 27 -19 -26 -14 -15
right_child=1 2 -4 4 11 -7 7 -9 10 -11 -12 13 16 29 15 -17 22 21 -20 -21 -22 -23 -24 -25 25 -27 -28 -29 -30 -31
leaf_value=-0.01846357841207439 -0.052957066157138181 -0.012624576297848106 0.035469763219395128 0.071935063217001216 0.0051459247204514655 0.05736214047424873 0.0053403061345447906 0.078341715979919388 -0.043532731603651717 0.016151450122765039 0.01001167663640422 -0.036790619409004598 0.0050041871508504539 -0.01768388073142502 0.014530971246989264 0.094942866519733354 -0.012696953236279708 -0.019384541020741757 -0.012593650599191042 0.06040993550787125 0.064453214094132641 0.010152405327757843 -0.0027846959184810068 -0.047887918916588529 0.041353172813637241 -0.052743212602959583 0.06468627075793669 0.00035255604123827562 0.08167695251397282 0.031493276483188989
leaf_weight=167.65793163329363 16.765258245170116 203.4923006221652 33.555161893367767 21.373428538441658 248.73780466616154 16.936157524585724 17.916373685002327 5.0008364617824546 14.726398825645445 35.822767838835716 239.95004750788212 13.971607491374018 262.8002867102623 127.3946977853775 18.250960603356365 11.20792607963085 531.13631688058376 109.02778846025467 191.00763200223446 17.756452277302742 5.832059994339942 1018.8829338401556 892.88090692460537 30.946070536971092 30.276857733726501 8.3431626707315427 4.7085261046886435 50.42990006506443 5.4555584490299216 14.323950558900831
leaf_count=1571 318 1252 161 96 1231 69 89 25 71 165 1137 70 1344 622 89 51 2732 579 960 92 29 5011 4569 149 146 42 20 247 31 73
internal_value=-6.31556e-05 0.000671553 0.000886538 0.000606818 0.00128931 0.0100721 0.00788225 -0.0184632 0.0124324 0.036997 0.00691553 0.000345867 -0.00246653 0.00382696 0.00937935 0.0451245 -0.0044139 0.0054433 -0.00643549 0.0248811 -0.00697492 0.00766575 -0.00648181 -0.0283707 -0.00482823 0.00931813 -0.0159041 0.0157338 0.00656349 -0.0127134
internal_weight=4366.57 4198.91 4182.14 4148.59 3945.1 382.672 365.736 53.8633 311.873 57.1962 254.676 3562.43 1970.47 1591.96 278.197 29.4589 1692.27 1450.24 228.568 37.5601 19.8037 1221.67 1424.02 48.8624 202.786 89.0499 113.736 80.7068 268.256 141.719
internal_count=23041 21470 21152 20991 19739 1801 1732 263 1469 261 1208 17938 10047 7891 1371 140 8676 7196 1151 191 99 6045 7301 238 1034 435 599 393 1375 695
is_linear=0
shrinkage=0.05


Tree=33
num_leaves=31
num_cat=0
split_feature=19 15 15 15 15 15 18 27 13 7 19 21 7 10 15 1 30 10 7 16 15 7 8 4 22 9 6 7 6 4
split_gain=21.6313 18.3348 15.2774 20.2005 19.6471 14.4405 13.169 12.1041 11.8051 12.9556 11.7697 12.064 11.1932 10.827 10.7435 13.9211 11.8915 12.2154 10.8742 10.6944 10.8181 9.92937 11.7649 14.2713 10.1197 9.9017 9.89959 10.2602 12.7384 18.7774
threshold=-0.73684210526315796 1.0000000180025095e-35 0.00025103231082877823 8.4994334199161475e-05 1.1430952160215464 1.1430952175566116 -0.015142245475397916 -0.0042099481150276166 -0.96207394604692353 -1.2850275817171335 0.51851851851851882 4.9133422854196986 1.589020579895452 0.075071742638244635 1.3662601024700114 -1.469100045267419 -3.0240444469774226 0.092442678528961389 -1.4441835791790827 -0.17391850725895694 0.95851447727502259 -1.1305221280621762 657303.37999999919 -0.36722431668195121 -757.49999999999989 0.0013824039511266329 3.6227565885701938 -1.2166008327404658 -1.4426711739680635 1.054894726098474
decision_type=2 2 2 2 2 2 2 2 2 2 2 2 2 2 2 2 2 2 2 2 2 2 2 2 2 2 2 2 2 2
left_child=-1 -2 3 -3 10 7 8 -6 -5 -10 26 19 25 -8 15 -7 17 -16 -18 -12 -21 -20 24 -24 -23 -9 27 28 29 -4
right_child=1 2 4 6 5 14 13 12 9 -11 11 -13 -14 -15 16 -17 18 -19 21 20 -22 22 23 -25 -26 -27 -28 -29 -30 -31
leaf_value=-0.017969158415889211 -0.052804539779739972 -0.0010957861748436969 -0.0050770933420393955 0.03827722780186181 -0.031040110832623348 0.073220151389572899 0.017522080071236464 -0.0063616811392808422 -0.013622436295952375 0.020943164723371391 -0.0048709898470454503 0.092544710543201569 -0.023227780887562249 -0.0059325162314811421 -0.043452076893270214 -0.0070024449294043712 -0.0052339167875022222 0.0021280034379084537 0.039389306186125038 0.019808855435808927 -0.019942463448876693 0.042865742180814854 -0.047811890391440182 0.024166145345695302 0.012000697270631577 0.057722992360634141 0.049062854683454747 -0.0026845794735125854 -0.015065736130213803 0.058659353155127894
leaf_weight=162.37471348792315 15.992507770657538 431.52794156968594 55.212980657815933 74.4158675968647 7.1153451204299918 5.5461512655019751 87.780817449092865 7.1813969761133185 33.163024753332138 148.4886928498745 134.30875323712826 4.0249618738889685 6.4093809127807608 111.95833364129066 20.363732501864433 216.75880527496338 82.267346113920212 52.844617515802383 37.145634651184082 129.81304976344109 19.714666917920113 29.455488801002502 16.943408712744716 11.602267771959303 269.84560105204582 37.514988869428635 8.7022460997104627 1767.4864162951708 361.30167898535728 14.614508539438246
leaf_count=1548 318 2209 307 307 34 28 364 32 137 612 663 21 29 470 106 1097 360 246 158 634 91 125 88 53 1155 162 42 9548 2021 76
internal_value=-6.25211e-05 0.000629843 0.00083411 0.00665762 -0.000733589 0.0060796 0.013998 0.0300588 0.0215041 0.0146327 -0.00292074 0.00658845 0.0385654 0.00437525 0.00420003 -0.00500102 0.00813003 -0.0105506 0.0111877 0.00536954 0.0145678 0.0148891 0.0121131 -0.0185567 0.0150383 0.0474265 -0.00416085 -0.00437151 -0.0112874 0.00826259
internal_weight=4361.88 4199.5 4183.51 887.335 3296.17 800.994 455.807 58.2211 256.068 181.652 2495.18 287.861 51.1058 199.739 742.773 222.305 520.468 73.2084 447.26 283.836 149.528 364.992 327.847 28.5457 299.301 44.6964 2207.32 2198.62 431.129 69.8275
internal_count=23041 21493 21175 4099 17076 3673 1890 257 1056 749 13403 1409 223 834 3416 1125 2291 352 1939 1388 725 1579 1421 141 1280 194 11994 11952 2404 383
is_linear=0
shrinkage=0.05


Tree=34
num_leaves=31
num_cat=0
split_feature=19 15 19 20 27 21 6 2 6 30 4 13 5 7 7 21 14 6 4 7 4 21 30 7 3 30 8 0 14 7
split_gain=19.7947 17.3687 14.3864 13.255 12.4377 12.8261 11.7798 11.1357 16.5382 16.3501 13.5758 11.5249 13.385 12.5227 22.6012 17.5862 14.6049 13.079 18.6192 21.8317 17.6568 14.2156 15.0663 14.8945 14.0981 13.8451 17.0956 13.4746 17.8155 12.8037
threshold=-0.73684210526315796 1.0000000180025095e-35 2.7999999999999976 -1.0000000180025095e-35 -0.010979686128448405 0.027688577505110005 -2.1301673028523882 0.17694772455874605 1.9667873989403091 1.6435813845114209 0.6801033304490739 -2.6833062186902503 1.0000000180025095e-35 -1.4256081135564027 -2.3973591749012755 3.207056261964031 84444.244408158571 0.44240401721256212 0.99591707812103969 -1.0449218102682065 1.3893217171551659 1.4241967150445138 -1.131145460745711 2.2413272381783496 -1.3089989730154448 -1.8719639627390194 3815.3299999990109 0.95858772254106916 59313.724586549375 -0.089045364104769084
decision_type=2 2 2 2 2 2 2 2 2 2 2 2 2 2 2 2 2 2 2 2 2 2 2 2 2 2 2 2 2 2
left_child=-1 -2 3 -3 -5 6 -6 9 11 -7 -11 12 -9 14 15 -13 -16 18 25 20 -20 23 29 -19 -24 -15 -27 -26 -29 -23
right_child=1 2 -4 4 5 7 -8 8 -10 10 -12 13 -14 17 16 -17 -18 21 19 -21 -22 22 24 -25 27 26 -28 28 -30 -31
leaf_value=-0.017312716382560114 -0.052660291013659558 -0.011972216465513167 0.033738880548307211 -0.012504419885246851 -0.033456424433770615 -0.0043048196589775102 0.012403321665544849 0.11023929695385944 -0.012394571538536577 0.0084527627666058491 -0.042818822101590409 0.0080644179009336237 0.013402218495598944 -0.011182505202038154 0.0069428640701501808 0.085144998729688073 -0.023614054483891603 0.023621602215532677 0.068094637475685893 -0.0086120582903120215 0.00039960937013845351 0.012801558383380702 0.042199202592972856 0.10178265156202569 -0.00097623741747442636 -0.007525016717537851 0.021545636214258399 0.076214515665987512 0.010571958148398402 -0.027951838649612738
leaf_weight=160.16233492642641 15.253161840140818 201.67139431834221 32.872267559170723 159.56475269049406 14.577774897217749 1457.0584670752287 355.00655473768711 5.6038152128458014 140.56140241026878 411.40376872569323 13.329085305333136 26.380067408084869 9.8244313001632673 57.850422985851765 58.563028857111931 10.284848436713217 117.68409812450409 134.38118121773005 17.540966376662254 341.19800465553999 21.364754855632782 33.279818892478943 38.432944059371948 6.3847463876008979 113.0538409948349 63.889012925326824 242.63597708940506 14.814078360795973 34.196452468633652 45.791373625397682
leaf_count=1548 318 1252 161 882 72 7445 1659 27 693 2060 66 131 46 297 291 52 600 644 85 1685 102 171 187 30 553 315 1200 71 166 232
internal_value=-6.12252e-05 0.000597511 0.000791891 0.000530685 0.0011699 0.00174636 0.0105944 0.000788923 0.00395131 -0.00178851 0.00684374 0.00560052 0.0485752 0.00511927 -0.00603047 0.0296862 -0.0134607 0.00715729 0.00317623 -0.00456568 0.0309205 0.0142084 0.00768371 0.0271668 0.014973 0.0112523 0.0154864 0.00851639 0.0304133 -0.0107994
internal_weight=4354.61 4194.45 4179.2 4146.33 3944.66 3785.09 369.584 3415.51 1533.72 1881.79 424.733 1393.15 15.4282 1377.73 212.912 36.6649 176.247 1164.81 744.479 380.104 38.9057 420.334 279.569 140.766 200.497 364.375 306.525 162.064 49.0105 79.0712
internal_count=23041 21493 21175 21014 19762 18880 1731 17149 7578 9571 2126 6885 73 6812 1074 183 891 5738 3684 1872 187 2054 1380 674 977 1812 1515 790 237 403
is_linear=0
shrinkage=0.05


Tree=35
num_leaves=31
num_cat=0
split_feature=19 15 15 15 15 18 20 19 21 1 21 1 3 7 27 2 8 13 7 8 8 3 27 8 16 0 22 6 3 6
split_gain=18.1074 16.6358 15.1838 17.5174 16.0763 11.8472 11.2664 12.1905 11.111 10.969 15.8232 13.4456 12.6943 11.4776 10.6855 12.3164 11.8714 10.6498 11.5507 10.6403 12.9406 12.8847 10.5769 16.1595 10.4191 10.0907 9.90103 9.89675 11.8211 13.7247
threshold=-0.7368421052631543 2.5923985357713201e-05 0.00025103231082877823 1.1430952139171602 8.4994334199161475e-05 -0.015142245475397916 -2.5000000000003881 0.51851851851851882 4.7857378890821236 -1.3560653266196516 3.2690950365640132 -0.91363045537763499 2.3330447468207303 -0.49205989089434243 -0.004880259375243722 -1.0271098190821712 75155.354999999239 -0.96207394604692353 -1.2850275817171335 18534.939999999046 118377.5499999991 0.34552467643385903 0.0031651783622285161 153448.99499999921 -0.17391850725895694 -0.9618396116612149 -973.49999999999989 -1.6613866863430711 -0.57595982330848905 -2.2153496284483287
decision_type=2 2 2 2 2 2 2 2 2 2 2 2 2 2 2 2 2 2 2 2 2 2 2 2 2 2 2 2 2 2
left_child=-1 -2 4 6 26 17 -4 -8 24 -5 11 13 14 19 -13 16 -16 -6 -19 21 -21 -11 25 -24 -9 -17 -3 28 -28 -30
right_child=1 2 3 9 5 -7 7 8 -10 10 -12 12 -14 -15 15 22 -18 18 -20 20 -22 -23 23 -25 -26 -27 27 -29 29 -31
leaf_value=-0.016515732904883555 -0.036401181558550121 -0.037062995960369848 -0.037749033539032251 0.024425838203053312 0.036257031082372368 0.0040642002232501367 -0.0037584250910453832 -0.0041468424264463162 0.086270141169505696 0.085951628509603084 -0.010105843369999716 -0.0042208134547812113 -0.017611246029368095 -0.024732615849938515 0.015719584531898742 0.001621225625135605 -0.035569426787410569 -0.012914575527830027 0.019744418561666754 -0.05276895365670814 0.024573590986211674 -0.016363351398681759 -0.00080756943734943938 0.055026939958743581 0.01529001055317443 0.03025238474549722 -0.047177392963465563 0.0038257010531106612 0.087803945017959184 -0.01668393984168268
leaf_weight=160.99726658314466 30.204724602401257 17.632727146148682 22.865049682557583 70.894741877913475 74.346709460020065 199.5425326526165 2166.6850758194923 131.29451857507229 4.3860508203506461 8.2108930945396406 159.73387666046619 74.70328588783741 36.321785807609558 53.932309560477734 24.358779534697533 36.532699272036552 21.016262501478195 33.107995420694351 148.53703592717648 9.6179478317499179 12.35644808411598 4.9213631004095069 94.250563412904739 15.024456188082693 145.19542974233627 195.22410868108273 21.78418056666851 359.21337278187275 4.121980860829356 13.229287043213843
leaf_count=1571 405 104 181 326 307 834 11760 645 21 36 786 354 158 261 111 165 100 137 612 45 59 23 412 67 694 849 124 1804 21 69
internal_value=-6.06579e-05 0.000571728 0.000840241 -0.000715244 0.00670783 0.0131972 -0.00281429 -0.00248793 0.00731272 0.00563102 0.00384538 0.0076452 0.0108482 -0.010249 0.01309 0.0164366 -0.00803584 0.0203163 0.0137917 0.0120012 -0.00927838 0.0476087 0.0196928 0.00686924 0.00606019 0.0257391 -0.000398551 0.00122438 -0.0226524 0.00813828
internal_weight=4350.24 4189.25 4159.04 3287.53 871.516 455.534 2470.43 2447.56 280.876 817.1 746.205 586.471 497.432 89.039 461.11 386.407 45.375 255.992 181.645 35.1067 21.9744 13.1323 341.032 109.275 276.49 231.757 415.982 398.349 39.1354 17.3513
internal_count=23041 21470 21065 17053 4012 1890 13301 13120 1360 3752 3426 2640 2216 424 2058 1704 211 1056 749 163 104 59 1493 479 1339 1014 2122 2018 214 90
is_linear=0
shrinkage=0.05


Tree=36
num_leaves=31
num_cat=0
split_feature=19 15 19 30 15 15 15 9 1 6 6 4 21 13 9 27 10 10 27 15 15 4 0 15 15 21 27 9 7 7
split_gain=16.5665 15.8495 13.0509 13.3054 14.76 14.7219 16.0103 13.4184 13.2916 14.4617 20.9407 14.622 11.5455 11.006 10.8689 12.0722 14.178 10.2855 10.2525 10.0438 9.95109 9.4251 10.4721 9.53579 13.9101 9.37104 10.6744 9.21294 9.09329 11.0488
threshold=-0.73684210526315796 1.0000000180025095e-35 1.272727272727274 -4.5560933909781385 1.765778588345988 0.18545806888082925 5.2668782395488645e-05 0.71230825737534686 -0.74105194925805751 2.588439280906353 0.60388516708477624 -0.036813522591401866 3.6935493483384643 2.2765439999915746 2.2709565401266518 -0.0010328323267789206 1.4331163025988887 0.95743442869753881 -0.0028758324476912396 1.6733200542881865 1.765778588345988 1.6077220765440636 -1.4206808690039316 0.00011395474693590915 0.00015193984226315082 1.7587069808226552 0.0035793810557963606 0.29840697817315703 -0.1501996550401461 -0.895945005370682
decision_type=2 2 2 2 2 2 2 2 2 2 2 2 2 2 2 2 2 2 2 2 2 2 2 2 2 2 2 2 2 2
left_child=19 -2 3 -3 5 6 -5 28 14 10 11 18 13 21 15 16 -8 -4 -10 -1 -19 22 -13 -23 -25 -20 -27 -12 29 -6
right_child=1 2 17 4 7 -7 8 -9 9 -11 27 12 -14 -15 -16 -17 -18 20 25 -21 -22 23 -24 24 -26 26 -28 -29 -30 -31
leaf_value=-0.019378591829598592 -0.052433609361630065 -0.018559371951964786 0.019014866794204111 -0.009364080300714301 0.020762965566812893 -0.00208638028698195 -0.0078991068438031345 -0.0072166165026799987 -0.050021340916144852 -0.039806946686882026 0.024847443300428106 0.071005529429960662 0.067614633066568688 0.077211170788800035 0.088170060808663353 0.023999528458076475 0.058160617415916854 -0.0002549528890917725 -0.029913497216977739 0.032361643132445952 -0.077662242030393944 -0.047438208878486487 0.004456542732298059 0.052526732871546938 -0.03405226317844675 0.0096559537860207278 -0.046267865891141922 -0.0011470722005961582 0.031257145270348369 -0.018822100114461157
leaf_weight=146.02726191282272 14.074339672923086 93.384313151240349 157.66235536336899 156.71152178943157 54.690888211131096 2724.1802208200097 68.111785098910332 61.205987319350243 18.748263478279114 18.435010448098183 141.77243481576443 6.1654641926288596 7.3107124716043463 4.9452119767665854 5.3675280064344397 161.61225233972073 9.2220836728811246 35.924843043088913 37.44157187640667 10.023354046046732 4.6944469660520545 17.729389801621437 143.44805745780468 8.2140669822692889 10.659782677888868 57.133325681090355 10.0308431237936 44.875101134181023 87.770253658294678 26.011415868997574
leaf_count=1459 318 505 670 879 226 14571 297 289 88 82 615 26 32 22 23 686 40 152 166 89 21 90 640 34 46 255 46 200 365 109
internal_value=-5.93633e-05 0.000536731 0.000715366 9.09044e-05 0.000539574 -0.000233615 0.00520564 0.012834 0.00816618 0.00369653 0.00527377 -0.00245359 0.00594852 0.00359019 0.0178059 0.0162252 -2.14678e-05 0.0132347 -0.0159723 -0.0160552 -0.00920106 0.0016351 0.00719898 -0.0211069 0.00362768 -0.0098698 0.00130384 0.0185977 0.0201184 0.00800418
internal_weight=4343.58 4187.53 4173.46 3975.18 3881.79 3652.11 927.934 229.679 771.223 526.909 508.474 321.827 198.473 191.162 244.314 238.946 77.3339 198.282 123.354 156.051 40.6193 186.217 149.614 36.6032 18.8738 104.606 67.1642 186.648 168.473 80.7023
internal_count=23041 21493 21175 20332 19827 18838 4267 989 3388 2342 2260 1445 890 858 1046 1023 337 843 555 1548 173 836 666 170 80 467 301 815 700 335
is_linear=0
shrinkage=0.05


Tree=37
num_leaves=31
num_cat=0
split_feature=19 15 19 30 27 21 6 19 22 24 13 2 0 7 4 8 9 9 5 8 26 19 18 5 20 30 0 23 14 23
split_gain=15.1479 15.0228 12.7161 11.7938 11.794 18.0192 11.1869 13.7635 10.3027 9.97461 10.0598 13.801 12.0245 9.97034 13.5485 15.4701 11.9531 17.2058 10.9101 9.86214 9.78111 11.1566 9.67754 9.55953 13.0042 9.55847 16.6737 9.77536 10.8334 9.43175
threshold=-0.73684210526315796 1.0000000180025095e-35 2.7999999999999976 -0.6521857531018348 0.00084449137986042377 -1.4330583630232459 0.45770435774620916 -0.63636363636363169 -66.499999999999986 0.014699887329473393 -0.83028100156658879 1.9965985382020432 0.22937218710963367 -2.4732775115990271 -0.73367320018645665 176.4149999993742 0.083820649511829645 0.64091202196544816 2146.6875000000005 52396.464999999363 0.00045050000000000011 -0.047340018064776522 0.38312118568933523 557.06050000013795 -1.250000000000022 1.5364134201326471 -1.3849850188840052 1237.5000000000002 795946.55891095707 -321.49999999999994
decision_type=2 2 2 2 2 2 2 2 2 2 2 2 2 2 2 2 2 2 2 2 2 2 2 2 2 2 2 2 2 2
left_child=-1 -2 3 23 6 -6 7 -5 29 10 11 -8 -12 14 -7 -16 -17 -18 19 20 21 -15 -4 24 -3 -21 -27 28 -28 -9
right_child=1 2 22 4 5 13 9 8 -10 -11 12 -13 -14 18 15 16 17 -19 -20 25 -22 -23 -24 -25 -26 26 27 -29 -30 -31
leaf_value=-0.015452436902206827 -0.052309290404107062 -0.034236898244333756 0.049348632463136859 0.0610988007588276 0.069538358606928294 -0.0073057842456250594 0.023189981095645615 -0.0036167587868161828 -0.0084078132211442436 -0.045889488686802059 -0.0058466272202991323 -0.057640226002283516 0.014449436367156352 -0.038333445628547007 0.1087960054287464 -0.034197971134200041 0.096185897208500293 -0.027078852676237955 -0.060285285549021399 0.0060443266016663114 -0.015545425410721929 0.004595407393244399 -0.011381890748930673 -0.015344871659129389 -0.001068337898116212 0.095672202800907796 0.010399535909963932 0.07767122336069085 0.077415031859573991 0.01284499555826068
leaf_weight=154.11242758482695 13.418939866125582 30.240375071763992 22.967585608363152 8.1286137551069242 11.038603842258452 15.783435225486754 113.29020501673222 248.56613145023584 584.9842437505722 9.0762898847460729 182.5704353377223 5.5390458703041068 121.56953720748425 15.42196588218212 8.0955704823136347 5.7118261605501202 8.1092426329851133 4.3493730127811423 6.4559618234634391 191.89715847373009 70.972252540290356 812.41336044669151 9.1824091076850873 145.04045316576958 1295.8817175552249 7.6746826320886603 87.130209118127823 6.6737474650144568 6.4789113402366629 133.87642340362072
leaf_count=1548 318 204 116 44 47 81 557 1287 3026 60 919 25 596 94 39 30 39 21 31 950 351 3977 45 764 6643 39 434 32 33 691
internal_value=-5.77772e-05 0.000509464 0.000679469 0.00043604 0.00241926 0.00593689 -0.000725022 -0.00369139 -0.00423577 0.005973 0.0070859 0.0194222 0.00226603 0.00537395 0.029307 0.0513078 0.0256948 0.0531535 0.00453887 0.00488802 0.00226845 0.00379567 0.0320033 -0.00315764 -0.0018247 0.0127401 0.024642 0.019206 0.0150378 0.00214578
internal_weight=4336.65 4182.54 4169.12 4136.97 2665.81 1258.21 1407.6 975.555 967.427 432.046 422.969 118.829 304.14 1247.17 42.0494 26.266 18.1704 12.4586 1205.12 1198.66 898.808 827.835 32.15 1471.16 1326.12 299.855 107.958 100.283 93.6091 382.443
internal_count=23041 21493 21175 21014 13403 6198 7205 5048 5004 2157 2097 582 1515 6151 210 129 90 60 5941 5910 4422 4071 161 7611 6847 1488 538 499 467 1978
is_linear=0
shrinkage=0.05


Tree=38
num_leaves=31
num_cat=0
split_feature=15 19 27 19 15 15 1 15 2 4 23 3 8 30 7 3 6 2 8 21 15 6 26 10 21 7 5 21 7 3
split_gain=13.9494 14.2199 14.1163 15.01 10.4463 11.7874 14.068 11.1066 13.097 14.1683 14.4613 11.998 11.5118 10.8618 11.1155 16.2415 10.5465 14.2255 13.1112 11.8209 11.5682 10.6741 10.3776 10.3018 10.2538 10.161 19.2741 12.5911 9.99064 10.5772
threshold=1.0000000180025095e-35 -0.057792091608510232 -0.010979686128448405 2.7999999999999976 1.3662601024700114 0.18545806888082925 0.5550372894655683 0.52602366891442653 1.0320183250171857 0.81376824888591293 768.50000000000011 -2.4632628909883887 401.39999999903961 -2.8844599820778476 1.9716340399945256 -0.88903703193401939 -1.5852453025149855 0.036305799809711187 21606.87499999948 -0.32340366887636779 0.00046139417834851435 -2.1769643297266907 -0.00063049999999999988 0.8054974123418418 2.3893796886934635 -2.069250131107057 240.84950000024403 0.99082915639428915 -0.74923486718956822 2.061900904111162
decision_type=2 2 2 2 2 2 2 2 2 2 2 2 2 2 2 2 2 2 2 2 2 2 2 2 2 2 2 2 2 2
left_child=-1 22 -3 4 5 6 16 11 -9 12 13 -7 -10 -11 -15 -16 17 21 -18 -20 -21 -4 -2 -12 -19 26 -13 -28 -27 -30
right_child=1 2 3 -5 -6 7 -8 8 9 10 23 25 -14 14 15 -17 18 24 19 20 -22 -23 -24 -25 -26 28 27 -29 29 -31
leaf_value=-0.052191601030424341 0.029223096173058429 -0.014003152420690106 0.018783810498592513 0.036726723258497053 0.0082614925104979448 0.080646995754749137 -0.0027808366548572952 -0.0021799352679087039 -0.013238123652713499 0.027076132769524835 0.038465548333018691 -0.0054259089930571748 0.030210352429316918 -0.0081056132165586992 -0.036049366255660728 0.064216514437599029 0.019841001478905679 -0.0063492582206422545 0.050151722007899462 -0.00069997428346319282 0.055236134514265935 -0.045122620060087625 -0.012800309595813283 -0.01154590596857469 0.057055361570066854 -0.023632007426612145 0.0031157093680749589 0.1202283955767042 -0.0076257293646353301 0.0750273452477212
leaf_weight=12.792547211050985 15.516795024275778 153.47015672922134 8.5547121316194517 29.935203909873962 459.09144937992096 3.7635335922241202 363.34862720966339 1485.9121181517839 18.248077571392059 28.922480061650276 41.288187555968761 27.200229831039906 92.644471034407616 240.52513179928064 5.9447440952062633 12.597818166017531 266.42610649764538 16.653056427836422 13.166188105940817 233.86019782721996 9.623501241207121 27.66286264359951 276.10376860946417 13.718440011143683 10.333076789975165 116.69629093259573 3.6694019436836225 6.1277495175600052 335.34299569576979 3.9159128516912451
leaf_count=318 125 857 44 153 1993 21 1723 7875 98 151 205 153 469 1222 30 63 1174 74 56 1072 42 129 2244 70 49 671 21 33 1884 22
internal_value=-5.68086e-05 9.75655e-05 0.000869343 0.00145835 0.00118378 0.000224189 0.00494953 -0.0016175 9.07461e-05 0.00752435 0.00250139 -0.00828865 0.0230606 -0.00198552 -0.00522998 0.0320713 0.00974045 -0.00955178 0.0120715 0.00400614 0.00151086 -0.0300277 -0.0105643 0.0259929 0.0179286 -0.00896765 0.0162329 0.0763653 -0.0110125 -0.0066717
internal_weight=4333.06 4320.26 4028.64 3875.17 3845.24 3386.15 949.628 2436.52 1939.8 453.889 342.997 496.716 110.893 287.99 259.068 18.5426 586.28 63.2037 523.076 256.65 243.484 36.2176 291.621 55.0066 26.9861 492.953 36.9974 9.79715 455.955 339.259
internal_count=23041 22723 20354 19497 19344 17351 4363 12988 10183 2308 1741 2805 567 1466 1315 93 2640 296 2344 1170 1114 173 2369 275 123 2784 207 54 2577 1906
is_linear=0
shrinkage=0.05


Tree=39
num_leaves=31
num_cat=0
split_feature=15 19 30 15 15 15 1 6 1 6 6 21 21 3 7 9 10 4 27 5 10 3 18 8 7 1 7 10 8 30
split_gain=13.2386 13.2866 11.5327 10.7654 14.7861 16.0285 10.8061 9.44867 11.913 10.5108 13.7559 13.1464 12.5516 14.2183 15.4986 14.693 11.0082 11.6974 16.6193 15.5258 10.3983 9.79586 9.37807 9.37632 9.36699 9.65967 11.244 11.493 11.0568 9.27751
threshold=1.0000000180025095e-35 -0.7368421052631543 -4.5560933909781385 1.3662601024700114 0.18545806888082925 5.2668782395488645e-05 -1.2798674386293527 2.588439280906353 0.080517747225843081 0.40747956911681832 0.14138909643624353 3.7608122715422305 2.4726825710775402 -1.2731726613437884 0.2398306703323185 0.33806153880074397 2.9123190817715638 -0.73367320018645665 -0.0017514836997355452 -147.81000000005585 3.9459850546450048 -0.78927384744634022 -0.10507708512819051 290985.38999999914 -1.4441835791790827 0.29428483423494706 -1.1653741436534661 1.4603835465707629 715249.46999999916 2.987927355725049
decision_type=2 2 2 2 2 2 2 2 2 2 2 2 2 2 2 2 2 2 2 2 2 2 2 2 2 2 2 2 2 2
left_child=-1 -2 -3 4 5 29 -7 9 -9 10 11 16 23 -14 -15 22 17 18 -8 -20 -18 -12 -16 -11 -5 26 -26 28 -28 -4
right_child=1 2 3 24 -6 6 7 8 -10 12 21 -13 13 14 15 -17 20 -19 19 -21 -22 -23 -24 -25 25 -27 27 -29 -30 -31
leaf_value=-0.052080147643719855 -0.014332430628927213 -0.016489643573589365 -0.014632781272390699 -0.0066223071349030375 -0.0018752063656662099 0.024393834099274824 -0.052045183618423876 0.023060245834316651 -0.055461248749202753 0.02073013360826817 0.0012604190279101506 0.049066955413833054 0.025913302555293879 -0.038274995679300032 0.069993145820868005 -0.048595787301515626 0.099989846944144575 0.0064996447642587836 0.036638137023714733 -0.019632567059831213 -0.002734573083054461 -0.050013741793210068 0.0071501302212083522 0.09212272268595767 0.043628877471399818 0.019843587016390916 0.0092934875000164098 -0.027373124111348748 -0.041124078858019726 0.01579355558513797
leaf_weight=12.194030374288557 153.97078021615744 96.160958424210548 132.50532881915569 90.068214654922485 2613.1711020767689 92.345629915595055 22.321823909878731 7.5874049365520504 13.293638974428175 174.22507245838642 17.030217841267586 16.16290844976902 36.295482590794563 31.749247416853905 8.8405665755271929 8.2168824970722181 5.5819240212440473 258.95052470266819 18.364820271730423 36.865186721086502 4.4097030162811279 20.561786532402039 18.073057293891907 4.7237225621938697 16.781872525811195 179.67016330361366 164.58741575479507 30.301786750555038 11.64372944831848 30.895307868719101
leaf_count=318 1571 521 743 397 14064 393 105 32 61 755 75 73 158 140 38 38 25 1156 78 162 20 92 78 20 74 758 727 142 62 165
internal_value=-5.60301e-05 9.0976e-05 0.00062464 0.00102947 7.35449e-05 0.00538368 0.00831313 0.00620154 -0.0269294 0.00721537 0.00200543 0.00498978 0.0146067 0.000717531 -0.0129562 0.00992579 0.00293372 0.00139802 -0.0156366 -0.000921699 0.0546535 -0.0267851 0.0277928 0.0226147 0.00795515 0.0112133 0.00426964 0.00107149 0.00596236 -0.00887986
internal_weight=4327.55 4315.36 4161.39 4065.22 3572.17 959 795.6 703.254 20.881 682.373 400.249 362.657 282.124 103.175 66.8798 35.1305 346.494 336.502 77.5518 55.23 9.99163 37.592 26.9136 178.949 493.053 402.985 223.315 206.533 176.231 163.401
internal_count=23041 22723 21152 20631 18471 4407 3499 3106 93 3013 1786 1619 1227 452 294 154 1546 1501 345 240 45 167 116 775 2160 1763 1005 931 789 908
is_linear=0
shrinkage=0.05


Tree=40
num_leaves=31
num_cat=0
split_feature=15 19 19 30 15 9 15 15 18 13 7 21 9 6 14 1 8 18 30 2 6 24 25 7 21 4 15 6 3 10
split_gain=12.5658 12.1251 10.9073 10.9798 11.9274 11.5062 10.7035 16.5596 10.8401 10.1996 10.6364 10.6538 10.5517 15.6964 10.7799 9.77268 12.352 10.8096 11.0045 9.90072 9.6418 17.16 14.7429 13.7953 17.0768 23.3831 18.6449 16.0096 14.1055 18.2191
threshold=1.0000000180025095e-35 -0.7368421052631543 1.272727272727274 -4.5560933909781385 1.765778588345988 1.3389024560391978 0.00025103231082877823 8.4994334199161475e-05 -0.015142245475397916 -0.96207394604692353 -1.4860346442851313 1.9615376245343796 0.049920061490979363 -0.20868313712680908 110855.01549330757 0.58373122282304402 975.64499999906877 1.0000000180025095e-35 0.87420628462057137 -0.49770454815780213 0.14138909643624353 -0.018687894507897106 0.096571152110431976 -0.29635472908063359 3.8167930402581383 -0.3045542939433219 1.022914545415248 0.92996834265358252 -1.7142342654218674 0.3025662631676112
decision_type=2 2 2 2 2 2 2 2 2 2 2 2 2 2 2 2 2 2 2 2 2 2 2 2 2 2 2 2 2 2
left_child=-1 -2 3 -3 6 -6 7 -5 9 12 11 -11 13 -9 -14 16 -10 18 -18 -20 -8 -22 23 24 26 28 -23 -27 -26 -30
right_child=1 2 -4 4 5 -7 20 8 15 10 -12 -13 14 -15 -16 -17 17 -19 19 -21 21 22 -24 -25 25 27 -28 -29 29 -31
leaf_value=-0.051974584936838965 -0.01377294498437092 -0.017079511351039613 0.012066483696607833 -0.0026328559823390156 0.016435582444036725 -0.013795125573051332 -0.0045574372041727717 -0.029922073587726607 0.043941426287023314 0.013136811992142708 0.016790992214457245 -0.051804661167564083 0.070388341321013279 0.046674030418797197 0.020988509680426658 -0.011698942845975103 -0.047396605886833913 0.015205976533805291 0.049397277606299347 -0.040362674147162589 -0.051671955034343992 -0.010994151767995274 -0.043689031019747714 0.0073150320772343612 -0.01801302740517325 0.15277270304146501 0.010339223645725919 0.030647073551319605 -0.019961518623954747 0.084147903919954345
leaf_weight=11.622284084558485 152.25870351493359 91.691166117787361 197.30852727591991 405.07789216935635 191.97059524059296 37.648698762059212 1466.0274150967598 13.063210174441339 23.402525961399078 13.080055803060533 152.57750198245049 12.211279675364493 25.44337797164917 13.706116646528242 19.512673124670982 74.748034730553627 17.259617775678638 61.912562608718872 7.7342460155487061 5.0965710878372175 15.100956119596956 408.15586447715759 17.472162641584873 699.02523543685675 23.543157339096066 5.2287196666002256 136.72834421694279 5.5129058808088303 7.1309458464384141 10.23215167224407
leaf_count=318 1571 505 843 2097 803 186 7922 53 96 54 628 51 105 58 80 314 72 255 32 21 104 2221 126 3602 128 28 646 29 38 55
internal_value=-5.45874e-05 8.54238e-05 0.000592942 2.13104e-05 0.000426623 0.0114789 -0.000270775 0.00466078 0.0113794 0.0182314 0.011813 -0.0182185 0.0341483 0.00929576 0.0489469 0.00238544 0.0115079 0.00325786 -0.021326 0.0137434 -0.00176185 0.00132399 0.00193349 0.00254877 -0.00303641 0.0244414 -0.00564095 0.0900944 0.00720149 0.0413906
internal_weight=4321.48 4309.86 4157.6 3960.29 3868.6 229.619 3638.98 844.826 439.748 249.594 177.869 25.2913 71.7254 26.7693 44.9561 190.154 115.406 92.003 30.0904 12.8308 2794.16 1328.13 1313.03 1295.56 596.532 51.6479 544.884 10.7416 40.9063 17.3631
internal_count=23041 22723 21152 20309 19804 989 18815 3916 1819 1029 733 105 296 111 185 790 476 380 125 53 14899 6977 6873 6747 3145 278 2867 57 221 93
is_linear=0
shrinkage=0.05


Tree=41
num_leaves=31
num_cat=0
split_feature=2 19 30 15 20 4 27 19 4 2 30 15 5 7 28 21 4 18 25 3 14 8 8 3 15 15 27 13 15 6
split_gain=11.9804 13.2716 12.2712 11.9446 10.6181 10.7938 10.5923 13.1626 9.78487 8.68266 13.2735 10.7511 11.2889 13.0136 11.1648 10.1388 10.1079 13.035 9.6774 10.0205 15.5687 15.0215 30.0119 13.1516 13.1142 12.7857 12.3705 14.7346 12.3335 11.9742
threshold=-2.3501683182346782 -0.73684210526315796 -5.4348129875936237 1.0000000180025095e-35 -2.5000000000003881 1.7128663224415974 -0.010979686128448405 2.7999999999999976 -1.1980320812123477 0.1907979307877761 1.6435813845114209 4.512962621474621e-05 505.85950000002055 2.3253483996364932 -112720.47999999998 0.66799620942882376 -0.08859874469542707 0.5588374455298396 0.14098169487091197 -0.21307660329313863 166137.48019589609 16867.29499999942 5192.5749999990549 0.30811698826331485 0.68901413989472837 0.28604669106342812 -0.002307762004893243 -0.34424584886978132 1.603184582296119 2.1127965134021598
decision_type=2 2 2 2 2 2 2 2 2 2 2 2 2 2 2 2 2 2 2 2 2 2 2 2 2 2 2 2 2 2
left_child=8 -2 -3 -4 5 -5 -6 9 -1 10 -8 15 18 14 -14 -11 17 -12 19 29 21 22 26 -24 25 -25 -21 -28 -26 -13
right_child=1 2 3 4 6 -7 7 -9 -10 11 16 12 13 -15 -16 -17 -18 -19 -20 20 -22 -23 23 24 28 -27 27 -29 -30 -31
leaf_value=0.013224214117948989 -0.015457932970549641 -0.025608688182434475 -0.051874579873163809 -0.045501593172710762 -0.012210313705178985 0.057273233726770803 -0.0034257837106712024 0.035382083916840688 0.07199774867924344 0.030286779504104546 0.01429296790822843 0.0039809397425964619 0.036049582997350567 0.046344529551033659 -0.0085371054233021014 -0.031486997376947289 -0.0069097636325238304 -0.014063050021007887 -0.024477708888672504 -0.036329241222141644 5.2508097595044641e-05 0.0065957846968858706 0.089441294640854083 0.040640051140948194 0.079181697280336361 -0.022546641555198019 -0.00055241625393658955 0.029057217819017857 -0.0030436934975690642 -0.021952407506656772
leaf_weight=75.152128875255585 141.84760918468237 45.898495763540268 10.902079250663517 20.761022917926315 152.15615559369326 2.9131785631179801 1575.0967678204179 28.023704290390015 7.81832156702876 8.079801529645918 299.47456122934818 610.80040564388037 14.751159824430941 12.164401918649672 291.39052321016788 37.33475387096405 110.54619612544775 46.871632531285286 25.521807961165905 12.084780395030974 240.17493896186352 245.38787873089314 16.19185183942318 22.714170038700104 23.991079688072208 12.363719604909418 75.066643394529819 95.428827255964279 5.6309296190738669 48.00975339859724
leaf_count=417 1487 253 313 169 858 21 8126 147 43 43 1502 3044 75 59 1464 217 551 239 155 60 1160 1193 78 101 114 66 358 466 23 239
internal_value=-5.35451e-05 -0.000422479 9.90085e-05 0.000390797 0.000532084 -0.0328549 0.00072923 0.00123967 0.0187625 0.000989797 -0.0012493 0.00352157 0.00414428 -0.00437348 -0.00638874 -0.0204967 0.00625393 0.0104555 0.00603581 0.00658897 0.0105451 0.0154974 0.023788 0.0491407 0.0390551 0.018369 0.0125556 0.0160205 0.0635512 0.00209109
internal_weight=4314.55 4231.58 4089.73 4043.83 4032.93 23.6742 4009.26 3857.1 82.9705 3829.08 2031.99 1797.09 1751.67 318.306 306.142 45.4146 456.892 346.346 1433.37 1407.84 749.035 508.86 263.472 80.8918 64.6999 35.0779 182.58 170.495 29.622 658.81
internal_count=23041 22581 21094 20841 20528 190 20338 19480 460 19333 10418 8915 8655 1598 1539 260 2292 1741 7057 6902 3619 2459 1266 382 304 167 884 824 137 3283
is_linear=0
shrinkage=0.05


Tree=42
num_leaves=31
num_cat=0
split_feature=15 2 19 27 19 2 21 30 16 6 13 13 15 4 18 5 21 5 14 16 6 13 7 13 18 18 3 3 8 18
split_gain=11.3356 10.6725 12.4399 11.9127 11.2235 10.7241 15.2237 13.087 11.1625 10.6703 10.3835 11.3639 12.4833 10.0178 11.7706 15.685 11.4258 11.9927 11.1729 10.7077 9.81411 13.5023 12.4976 11.6829 9.79184 9.64198 9.24151 11.1724 12.5438 14.7529
threshold=1.0000000180025095e-35 -2.3501683182346782 -1.0000000180025095e-35 -0.010518501195454775 2.7999999999999976 0.1907979307877761 -0.14468213636170615 4.0079263887411196 1.1291881652979801 0.080785403348986748 -2.2956370915040076 0.067901757571718027 4.512962621474621e-05 0.56094115804593525 -0.77755723432419532 888.28749999986042 -1.1604907497884251 557.06050000013795 158681.38858946392 -1.1091240639299993 -0.9488272354021231 1.4077504642725256 -2.3262418096348134 0.55791520123130389 -1.0000000180025095e-35 -0.77755723432419532 -2.5281031781035295 -0.57595982330848905 162256.96999999907 0.32622910531507582
decision_type=2 2 2 2 2 2 2 2 2 2 2 2 2 2 2 2 2 2 2 2 2 2 2 2 2 2 2 2 2 2
left_child=-1 -2 -3 -4 5 6 25 20 9 -9 -7 12 -12 -14 15 -15 18 19 -16 -18 22 -22 23 -8 -11 -5 -13 28 -28 -30
right_child=1 2 3 4 -6 10 7 8 -10 24 11 26 13 14 16 -17 17 -19 -20 -21 21 -23 -24 -25 -26 -27 27 -29 29 -31
leaf_value=-0.051781750851203956 0.01777812121669561 -0.010331240479803555 -0.012869533378279206 -0.019871284721963648 0.032704027488954839 0.023511274062370788 -0.0061815070658111579 -0.014264917537396136 0.074548611522450389 0.00092847649635984561 -0.042815528176639313 0.059736608090871238 0.0084573239246505654 0.0080841887677815579 0.0033383336670248145 0.094689136287635811 0.014138601935751111 -0.023993688071728716 0.097895236477182526 -0.0076396851237197742 0.00098041935976550402 -0.012210797118599298 -0.011134505778119919 0.085008825046308578 0.066456756242637721 0.022331166812523763 -0.0055445551392447456 0.01120392197655193 0.028414131763412898 -0.025867738599480425
leaf_weight=10.564654484391211 83.473661422729492 286.69639229029417 160.82706581056118 15.791640341281889 27.754877209663391 63.28657890111208 7.4768795967102033 20.71248497068882 8.4414039105176908 10.874246388673781 17.67058128118515 8.2095790803432447 232.4099356085062 71.821759954094887 8.2118494510650617 5.6384884864091864 67.546329513192177 92.418169990181923 5.0423116981983176 343.26884273439646 1106.9123604148626 235.21050351858139 458.61433150619268 6.6239239722490311 11.983343720436098 94.674308948218822 269.95842516422272 501.45387525856495 61.30261892080307 15.728881567716597
leaf_count=318 457 2366 913 76 148 297 42 103 42 54 103 40 1160 354 39 29 332 475 22 1686 5650 1190 2422 34 58 449 1347 2442 311 82
internal_value=-5.29768e-05 7.41144e-05 -0.000276365 0.000457171 0.00102583 0.000790823 -0.00173758 -0.0028048 0.0219241 0.0117284 0.00362503 0.00288502 -0.00123261 -0.000343417 -0.00378712 0.0143883 -0.00651299 -0.00771989 0.0393108 -0.00405889 -0.0035135 -0.00133138 -0.00970896 0.0366556 0.0352824 0.0162981 0.00694196 0.00643112 -0.000466323 0.0173304
internal_weight=4310.6 4300.04 4216.56 3929.87 3769.04 3741.28 1977.32 1866.85 52.0115 43.5701 1763.97 1700.68 844.028 826.358 593.948 77.4602 516.488 503.233 13.2542 410.815 1814.84 1342.12 472.715 14.1008 22.8576 110.466 856.653 848.444 346.99 77.0315
internal_count=23041 22723 22266 19900 18987 18839 10120 9595 257 215 8719 8422 4200 4097 2937 383 2554 2493 61 2018 9338 6840 2498 76 112 525 4222 4182 1740 393
is_linear=0
shrinkage=0.05


Tree=43
num_leaves=31
num_cat=0
split_feature=15 30 15 15 9 6 15 27 3 27 8 5 9 7 10 9 13 4 7 10 10 13 5 9 6 13 6 9 16 7
split_gain=10.7626 9.86975 9.54217 12.6442 13.2145 11.4568 11.3786 12.5725 11.2914 10.8541 10.601 13.5412 13.4974 14.4344 13.6178 12.9561 13.4887 12.5737 12.4301 12.1582 13.7153 14.3433 13.3106 12.1917 11.2568 10.1443 10.2328 10.0766 14.9542 11.6716
threshold=1.0000000180025095e-35 -0.6521857531018348 0.00025103231082877823 4.7705882826487036e-05 3.6958011768698253 3.2718888178080188 1.3662601024700114 -0.0093530915313895218 2.2506238123594984 0.0017965953026229944 100513.42999999919 -433.96050000004465 0.12326504641394126 -0.2131249006775878 0.39209583216114058 0.016060208298990058 1.391711428435398 -1.4054989280905226 -1.014923570482815 1.6385230592300875 0.10040747109355984 1.8097911532475293 -238.46000000019555 0.065937626300176314 1.2500156270299059 0.51580631000011257 1.781922123045389 1.7025996123593037 -1.2662353362823879 -1.3184496615094801
decision_type=2 2 2 2 2 2 2 2 2 2 2 2 2 2 2 2 2 2 2 2 2 2 2 2 2 2 2 2 2 2
left_child=-1 -2 3 -3 10 6 7 -4 9 -8 12 -12 13 15 -14 16 18 -13 -5 20 23 22 -22 -15 -18 -17 -27 -9 -29 -30
right_child=1 2 5 4 -6 -7 8 27 -10 -11 11 17 14 19 -16 25 24 -19 -20 -21 21 -23 -24 -25 -26 26 -28 28 29 -31
leaf_value=-0.051691833688803084 -0.0031733468265719164 -0.0091979997662086522 -0.021830309174749433 0.023201402124820969 0.092356064946443994 0.035885306015865377 0.0032823990177349785 -0.0018509768624108858 -0.031249129019933965 0.024190219515367539 0.047670523168533846 -0.06565127277812606 0.038800110781346285 5.5944909176156349e-05 0.001138793165315781 -0.013226385408150233 0.034890016381345756 -0.0053622806779074876 0.067096881269654629 0.070002907812408213 0.030883659339451586 0.044640850420045418 -0.042211756670379907 0.047547403755810159 -0.060395036561262688 0.040559430797354065 -0.034948578188941558 -0.029902400667356051 -0.016661685257618838 0.025675514653318344
leaf_weight=10.066449511796234 1518.1058594658971 100.93966357409954 73.676064871251583 36.774092733860016 4.8321501910686484 22.26111014932394 150.31596715003252 1613.6941447630525 16.102732688188553 105.74270644038916 10.641741640865801 9.7289805710315687 79.506238698959351 116.11217001825571 34.382404819130898 38.752590380609035 5.9927401244640333 77.851961016654968 28.726095616817474 5.8069594800472251 7.2165769189596167 6.8642564564943305 45.470663510262966 15.29355067014694 6.4203262776136398 23.211373299360279 5.562098652124404 18.224842481315136 19.468808062374592 99.357774160802364
leaf_count=318 8148 593 452 165 22 111 690 8876 72 459 53 46 367 522 160 178 28 367 126 27 33 30 209 69 30 104 27 98 113 548
internal_value=-5.222e-05 6.87535e-05 0.00183988 0.00708921 0.0100295 0.000204554 -0.000174298 -0.00159698 0.00936261 0.0119166 0.00931178 -0.00558819 0.0125206 0.00755849 0.0274303 0.0195028 0.0333958 -0.0120595 0.0424524 -0.00127019 -0.00343758 -0.0233428 -0.0321999 0.0055832 -0.0143936 0.00347267 0.0259632 -0.00074551 0.0122707 0.0187389
internal_weight=4307.1 4297.04 2778.93 660.087 559.147 2118.84 2096.58 1824.42 272.161 256.059 554.315 98.2227 456.092 342.203 113.889 145.439 77.9133 87.5809 65.5002 196.764 190.957 59.5515 52.6872 131.406 12.4131 67.5261 28.7735 1750.75 137.051 118.827
internal_count=23041 22723 14575 3156 2563 11419 11308 10087 1221 1149 2541 466 2075 1548 527 658 349 413 291 890 863 272 242 591 58 309 131 9635 759 661
is_linear=0
shrinkage=0.05


Tree=44
num_leaves=31
num_cat=0
split_feature=15 19 15 9 19 6 27 10 15 15 15 6 5 13 9 30 18 18 0 21 4 7 13 0 22 28 29 13 13 5
split_gain=10.2198 9.75205 11.363 10.9464 10.8518 10.5107 8.91884 8.80676 9.04956 8.75617 13.316 16.8295 16.1651 16.0457 16.843 10.8684 9.34351 8.74651 17.2805 12.4535 11.7648 20.3257 10.3599 8.62656 8.4034 14.2607 8.60931 8.22365 11.5772 21.3817
threshold=1.0000000180025095e-35 1.272727272727274 1.765778588345988 0.71230825737534686 -0.73684210526315796 -1.4062715068114759 -0.0075144880440590747 0.95743442869753881 1.765778588345988 0.00025103231082877823 0.00011676540520625341 -1.6398629488892225 270.13200000021612 -0.94697104301841695 0.081737871773970225 2.4094285203787762 -0.039091886889088975 1.0000000180025095e-35 -0.49302794436330472 1.7587069808226552 -0.6241823137154533 0.40271300908854996 -0.36784225388201158 0.55419006753550282 -280.49999999999994 4477.1050000000005 -76847.414999999994 1.3777607152700981 0.90683048242787578 34.792000000132255
decision_type=2 2 2 2 2 2 2 2 2 2 2 2 2 2 2 2 2 2 2 2 2 2 2 2 2 2 2 2 2 2
left_child=-1 2 4 6 -2 -5 -4 -3 -9 10 11 -6 16 14 -12 -14 27 19 -19 20 21 -18 -20 -17 25 26 -8 28 -13 -30
right_child=1 7 3 5 9 -7 24 8 -10 -11 13 12 15 -15 -16 23 17 18 22 -21 -22 -23 -24 -25 -26 -27 -28 -29 29 -31
leaf_value=-0.051606602279046759 -0.014999206110731137 0.016328654675910225 0.070632057240121462 0.025710219535278567 -0.024770539784227146 -0.019607428486604971 0.13163315106522316 -0.0013329971709373761 -0.075496998512091684 -0.0019499989419704033 0.0083236098197993925 0.011245510322723497 -0.027727887872766657 0.0052788345758612827 0.056719527259796447 0.064743104396018547 0.074508675912208 0.030528301033655666 -0.029757786996760949 -0.030975405986512595 -0.021980716429416732 -0.044733864884789115 0.0074189745556184575 -0.015668853967225657 0.0072080067233310343 -0.023146234182016306 0.038567888108365853 -0.0071644150889854487 0.018049815705807409 0.10541988288910252
leaf_weight=9.5909179709851724 136.09257373213768 156.07650922238827 7.1835763230919829 17.361368492245674 61.892604157328606 48.64462623745203 2.6665182411670676 35.627245143055916 4.650069683790206 2857.013865403831 34.432474240660667 194.29646646976471 61.645870447158813 163.78791071474552 37.620548367500305 6.2690025866031629 11.704002425074579 46.251477628946304 32.223315700888634 48.099598094820976 15.780075281858442 5.144620105624198 44.781981945037842 7.1272309124469757 130.72793333977461 9.5823359191417676 36.513495847582817 46.047997280955315 24.899169594049454 9.7425414472818357
leaf_count=318 1466 670 32 88 320 235 12 152 21 15304 144 917 322 679 157 32 53 215 156 235 76 26 214 36 574 41 163 221 116 46
internal_value=-5.08723e-05 6.42837e-05 -0.000457333 0.00981361 -0.00113233 -0.00768766 0.0160019 0.0109494 -0.00989533 -0.000623485 0.00382604 -4.25633e-05 0.00271997 0.013929 0.0335922 -0.0188576 0.00610059 -0.00200765 0.00637142 -0.0148009 0.00904276 0.0380987 -0.00813786 0.0219613 0.0138155 0.0315296 0.0449017 0.0121153 0.0159932 0.0426215
internal_weight=4303.48 4293.89 4097.53 252.68 3844.85 66.006 186.674 196.354 40.2773 3708.76 851.747 615.906 554.013 235.841 72.053 75.0421 478.971 203.985 123.257 80.7283 32.6287 16.8486 77.0053 13.3962 179.49 48.7624 39.18 274.986 228.938 34.6417
internal_count=23041 22723 21880 1145 20735 323 822 843 173 19269 3965 2985 2665 980 301 390 2275 975 585 390 155 79 370 68 790 216 175 1300 1079 162
is_linear=0
shrinkage=0.05


Tree=45
num_leaves=31
num_cat=0
split_feature=15 2 30 19 20 4 4 23 27 19 2 10 30 0 13 15 10 22 23 4 0 7 9 6 7 13 29 6 3 8
split_gain=9.70523 9.5047 10.9391 10.8637 9.71423 9.91275 8.7713 14.7931 8.14428 10.8261 8.17993 8.65605 7.95783 8.96059 9.15491 8.02823 7.92579 7.67391 7.6297 7.51434 7.48457 7.34859 13.0199 14.9898 12.5897 13.2972 10.8864 9.92326 17.5515 14.2949
threshold=1.0000000180025095e-35 -2.3501683182346782 -5.4348129875936237 -0.73684210526315796 -2.5000000000003881 1.7128663224415974 -1.337848911131758 178.50000000000003 -0.010979686128448405 2.7999999999999976 1.9192919026152881 0.40877347508183909 0.85361906880657734 -1.3481850005989904 -1.1037431234785029 1.0954451170349528 10.144416761187516 -318.49999999999994 -832.49999999999989 0.92490688750548455 -1.2716421106434959 -2.6231631963052862 2.2709565401266518 -2.5209709034781427 -1.2850275817171335 -1.2168195280047884 19954.165000000005 -1.2233748741449662 1.5120967019251157 2182.4149999990691
decision_type=2 2 2 2 2 2 2 2 2 2 2 2 2 2 2 2 2 2 2 2 2 2 2 2 2 2 2 2 2 2
left_child=-1 6 19 16 5 -5 12 -8 10 21 11 -6 15 14 -14 -2 -4 18 -13 20 -3 22 23 -10 25 -23 -25 28 29 -26
right_child=1 2 3 4 8 -7 7 -9 9 -11 -12 17 13 -15 -16 -17 -18 -19 -20 -21 -22 24 -24 26 27 -27 -28 -29 -30 -31
leaf_value=-0.051525795607967467 -0.019927928127646863 0.018266823861173554 -0.015444733363765707 -0.044590814179481249 -0.035109388739334238 0.052691629720538126 0.016012463403016649 0.13908606250733557 0.099685676683332572 0.03270603622707819 -0.061536159667772906 0.0055075804271553282 0.1354573461053544 0.0039621419435663385 0.03806999634494701 0.022189709711648065 0.080030267365652621 -0.0077845494577925946 0.076555252455643763 0.0022086172647992524 -0.050462698271066544 0.0077493813350073427 -0.03837940383584685 0.023938726046097758 -0.028737113440078212 -0.0095235113161183382 -0.034231250961955048 0.0033109363583454423 0.02359301393760441 -0.0035238697990872801
leaf_weight=9.1371100042015296 26.640037871897221 4.7091463506221798 133.90894796699286 20.053561039268974 24.536709293723106 3.0118624269962302 7.0102178677916509 3.7463805004954338 5.8146626353263846 26.902315810322762 7.542698770761489 11.823730453848841 3.1865137144923201 13.759264126420019 9.943415008485319 19.667442291975021 2.2095860391855231 99.991528555750847 5.5536298155784598 16.927853628993034 24.937688030302525 142.48786808550358 9.9176959842443448 59.583256870508194 63.214800052344799 511.04986615478992 9.2983641326427442 2460.1690949723125 53.664305806159973 507.79457566142082
leaf_count=318 154 28 1448 169 145 21 37 21 28 147 41 66 19 74 54 98 24 575 31 93 145 707 52 296 333 2638 48 12335 253 2643
internal_value=-4.95938e-05 6.00676e-05 -0.000272507 -2.62231e-06 0.000467493 -0.0318878 0.0167183 0.0588774 0.000654096 0.00109865 -0.0107979 -0.00810101 0.0105228 0.0321578 0.061705 -0.00203997 -0.0138949 -0.00245473 0.0282137 -0.0243698 -0.0395456 0.000876227 0.0154473 0.022594 0.000546428 -0.00575758 0.0160863 0.00188196 -0.00374581 -0.00631516
internal_weight=4298.19 4289.06 4205.1 4158.53 4022.41 23.0654 83.9533 10.7566 3999.35 3849.9 149.448 141.906 73.1967 26.8892 13.1299 46.3075 136.119 117.369 17.3774 46.5747 29.6468 3822.99 84.614 74.6963 3738.38 653.538 68.8816 3084.84 624.674 571.009
internal_count=23041 22723 22266 22000 20528 190 457 58 20338 19480 858 817 399 147 73 252 1472 672 97 266 173 19333 424 372 18909 3345 344 15564 3229 2976
is_linear=0
shrinkage=0.05


Tree=46
num_leaves=31
num_cat=0
split_feature=15 5 9 20 28 19 0 3 14 30 30 9 10 30 10 3 27 6 7 7 1 8 14 18 14 0 1 9 13 14
split_gain=9.21707 8.81527 13.2037 12.9567 11.5871 11.2385 10.7877 10.7786 10.5798 10.2536 10.2379 15.158 12.2583 11.5954 12.8315 10.8428 14.8252 11.9612 13.039 11.9329 12.6034 10.2386 10.0259 9.54429 19.7665 9.38933 10.5396 9.27131 9.24411 9.03919
threshold=1.0000000180025095e-35 597.51750000007462 0.85556693667869133 -2.5000000000003881 -112720.47999999998 1.272727272727274 1.4739435079826557 1.3934198100334279 120311.03831593685 -2.2540781186362877 0.43002876929591377 1.2214255422600884 1.2216392428899938 2.5910373038133439 0.10556350031780178 1.5932531887361556 0.0031651783622285161 -0.67027602960332644 0.57708372285544329 0.67110946361849078 -0.89058092487815232 22665.289999999321 160116.2903662067 -0.70329816673824652 81958.752174569483 0.89445388616468691 0.80181220214817639 0.0043371449535846542 -2.3548894497509028 143690.2990482462
decision_type=2 2 2 2 2 2 2 2 2 2 2 2 2 2 2 2 2 2 2 2 2 2 2 2 2 2 2 2 2 2
left_child=-1 3 4 -2 -3 7 23 -5 -7 -4 11 12 15 14 25 16 22 19 -19 20 -17 -15 -9 24 -6 -12 -27 -18 -20 -11
right_child=1 2 9 5 6 8 -8 10 -10 29 13 -13 -14 21 -16 17 27 18 28 -21 -22 -23 -24 -25 -26 26 -28 -29 -30 -31
leaf_value=-0.051449169585573766 -0.03812397944754739 0.050628839758481203 -0.02437345209990277 -0.00056140215309545929 0.088136837905892648 0.026847426694005552 0.026628647514905974 0.015626798329005789 0.0018399980681858812 -0.014372040062480378 0.063960647545046143 -0.039707310670920468 0.027465205916412935 -0.019764878486208295 0.0093760309956178508 0.11167341865274161 0.13893517408290179 -0.033936541457201617 0.092664537997439178 -0.028501100387318762 0.017485055124689213 0.033009539889286801 -0.049673496688212956 -0.020501763159388321 -0.017469178179893088 0.0022492136596773114 0.056839993310208108 0.039190571414946307 -0.0015229077949089162 0.028328711173230482
leaf_weight=8.7041059844195825 21.340659566223621 6.932249315083026 17.833523571491241 3342.6046221777797 6.3893543854355839 79.350489348173141 14.743803814053534 31.800802238285542 90.566432923078537 16.251435853540897 26.217949971556664 20.603038042783737 47.902499288320541 31.880495436489582 64.531511597335339 4.4031455218791988 3.3233020156621915 55.049194566905499 2.9540944844484356 10.610909566283224 18.366382792592049 12.912861987948416 7.2109182327985755 219.57219918817282 14.455736041069029 21.462856091558933 15.035048834979532 7.7922800555825233 22.048890694975853 52.209564320743084
leaf_count=318 183 35 102 17892 34 343 75 164 387 87 128 109 250 163 321 21 18 280 14 51 88 68 38 1183 82 106 74 38 107 282
internal_value=-4.90771e-05 5.52987e-05 -0.00756809 0.000729732 -0.0131534 0.000941435 -0.0148863 0.00037106 0.0135184 0.00939572 0.00808401 0.00123169 0.00522042 0.0173271 0.0250287 -0.0012945 0.0180712 -0.00985245 -0.020337 0.0152913 0.0356991 -0.00455127 0.00355671 -0.0174322 0.0149008 0.0411345 0.0247375 0.0690119 0.00960531 0.0181923
internal_weight=4295.06 4286.36 348.388 3937.97 262.093 3916.63 255.161 3746.71 169.917 86.2945 404.106 232.065 211.462 172.041 127.247 163.56 50.1273 113.433 80.0522 33.3804 22.7695 44.7934 39.0117 240.417 20.8451 62.7159 36.4979 11.1156 25.003 68.461
internal_count=23041 22723 1880 20843 1409 20660 1374 19930 730 471 2038 1178 1069 860 629 819 258 561 401 160 109 231 202 1299 116 308 180 56 121 369
is_linear=0
shrinkage=0.05


Tree=47
num_leaves=31
num_cat=0
split_feature=15 2 30 19 20 25 2 6 7 30 10 14 5 4 21 3 9 15 5 9 27 8 7 7 8 27 28 18 28 15
split_gain=8.75421 8.56796 9.8808 9.87545 8.23028 10.0494 7.92015 11.5615 15.1709 11.9136 14.8333 9.94738 10.579 9.65079 9.6186 9.51745 11.621 9.36371 10.6906 13.0885 10.4254 11.9602 9.90417 9.23184 11.2143 9.073 9.31008 8.88371 9.52589 9.99679
threshold=1.0000000180025095e-35 -2.3501683182346782 -5.4348129875936237 -0.73684210526315796 -2.5000000000003881 0.7237943750756094 -0.31154781140387161 -0.9488272354021231 0.88843227702447514 0.95908388825368907 4.3239984073329785 200011.85431316713 376.92849999992183 -0.64180648808930696 3.0314048269573401 -0.61688162802798185 0.099827725626969177 2.2941148552094188 505.85950000002055 0.83865106702794689 0.0044594088748365355 92206.239999999278 -0.83482580925683048 1.6724870652789101 10910.70999999907 -0.0052303427888948919 -112720.47999999998 0.25212589695946069 11555.275000000001 0.91770774248662013
decision_type=2 2 2 2 2 2 2 2 2 2 2 2 2 2 2 2 2 2 2 2 2 2 2 2 2 2 2 2 2 2
left_child=-1 -2 -3 -4 5 -5 7 8 11 -9 -11 13 -13 27 -12 -10 23 18 -8 25 21 -19 -23 24 -17 -20 -27 28 29 -6
right_child=1 2 3 4 6 -7 17 9 15 10 14 12 -14 -15 -16 16 -18 20 19 -21 -22 22 -24 -25 -26 26 -28 -29 -30 -31
leaf_value=-0.051376496743199974 0.015829299643566296 -0.023342395108407799 -0.013334495714516365 -0.043443775477920062 0.024253619479366814 0.055213654318914618 0.0034272070359629122 -0.00311974240038137 -0.030248955938336233 0.0057474368241558424 0.10083347591130017 0.019274079773825233 -0.049136528581411001 -0.022894182851158167 0.00067465435844551839 -0.021349323159832401 -0.020865319637635507 0.048825969623361207 -0.038857416564990567 0.011218403282397987 -0.016316379082958507 -0.045453808587601979 0.034130476557398037 0.086391562618987491 0.068469561990307723 0.059613623488356332 -0.0097727816023467015 -0.026179641498664169 -0.022374733668775536 -0.014500005433163899
leaf_weight=8.2910176534205657 84.344131395220757 45.880208656191826 134.57598307728767 19.022730842232708 63.320142701268196 2.98643485456705 1913.2210429534316 799.84307605028152 103.20455814152956 415.04262241721153 6.8547921478748304 69.231629118323326 6.1534539759159079 68.26164884865284 3.6859622299671173 11.037325054407125 41.162148386240005 34.010467022657394 27.116582587361336 83.626399338245392 14.267467156052588 7.5005514472722998 8.1649919599294645 4.7281331568956366 5.0722181946039191 4.9353729337453833 236.35431712120771 25.799933135509491 22.661607548594475 22.57322059571743
leaf_count=318 457 266 1472 166 338 24 9587 4141 569 2075 37 386 36 348 20 57 216 142 148 439 60 33 36 24 24 24 1216 139 124 119
internal_value=-4.84578e-05 5.08649e-05 -0.000265974 -1.11248e-05 0.000434914 -0.0300569 0.00060278 -0.00202656 -0.00894707 0.000476411 0.00723503 -0.00181592 0.0136899 -0.00758499 0.0658093 -0.0209472 -0.00546352 0.00248644 0.0019538 -0.00605384 0.0213555 0.0321753 -0.00397392 0.0249607 0.00693087 -0.0114353 -0.00835354 0.000193148 0.00646109 0.014069
internal_weight=4292.93 4284.64 4200.3 4154.41 4019.84 22.0092 3997.83 1668.63 443.206 1225.43 425.583 278.002 75.3851 202.617 10.5408 165.204 61.9998 2329.2 2265.25 352.033 63.9435 49.676 15.6655 20.8377 16.1095 268.406 241.29 134.355 108.555 85.8934
internal_count=23041 22723 22266 22000 20528 190 20338 8653 2380 6273 2132 1490 422 1068 57 890 321 11685 11414 1827 271 211 69 105 81 1388 1240 720 581 457
is_linear=0
shrinkage=0.05


Tree=48
num_leaves=31
num_cat=0
split_feature=15 30 27 14 3 4 13 15 15 16 7 27 26 13 18 2 15 27 13 6 18 27 21 3 14 6 21 4 18 3
split_gain=8.3152 8.10586 8.63992 11.5511 13.9592 15.5449 14.8129 11.4937 15.8744 9.58499 9.35419 10.4589 9.39381 9.32212 9.11531 9.21472 11.0039 9.16922 12.8745 8.97165 8.58504 8.50699 13.4606 17.0363 12.9889 12.7286 11.1869 11.1639 11.0042 10.9273
threshold=1.0000000180025095e-35 -0.6521857531018348 0.00079284648093147514 104046.7379351319 -0.083512483008120267 -0.38489541580430059 -0.83028100156658879 1.1430952160215464 1.1430952175566116 -0.29828308627294048 1.605356323474316 0.00014933387467808148 -0.00041049999999999989 1.0000000180025095e-35 -0.67821196760164271 -0.11013494169878556 1.3173521437249807 -0.010518501195454775 -1.8015955082544259 -1.322156593174574 -0.9736958788576302 0.0021051835022999348 -0.22038821916179582 1.5932531887361556 129624.58745849346 0.19982003452612679 -0.89376596540584963 1.2630799389905303 -0.30381885310064322 0.021299531852935923
decision_type=2 2 2 2 2 2 2 2 2 2 2 2 2 2 2 2 2 2 2 2 2 2 2 2 2 2 2 2 2 2
left_child=-1 2 7 4 13 6 9 -2 -9 -6 11 12 -10 19 15 -14 -17 18 -16 -4 -18 -3 23 26 28 -25 -23 -28 29 -24
right_child=1 21 3 -5 5 -7 -8 8 10 -11 -12 -13 14 -15 17 16 20 -19 -20 -21 -22 22 24 25 -26 -27 27 -29 -30 -31
leaf_value=-0.051307563515233114 -0.0034319167858958641 -0.00038209158891188186 -0.055916456943519544 -0.014342062125323058 -0.050658979040072431 0.0043949252335959551 0.097603951782088957 0.053706240137496308 -0.032002258450646096 0.057968006045657487 -0.017201694193038464 0.049012965563870803 0.0035167231617238511 -0.025861628413889965 0.066717301555590136 0.13437316568762939 -0.01771224371891561 0.0097792809634450542 -0.041278186600400529 0.017623229868858972 0.071258479070004141 0.10398275965910012 -0.023831502426766769 0.049127665170787468 0.0091257282154395096 -0.014842358540403174 0.019570257771116942 0.098411130836673494 0.0032993615621960781 0.0050597824921890279
leaf_weight=7.8969887103885403 800.6958067715168 1800.7128308713436 4.7699028328061095 300.51651586592197 3.7585507929325104 44.761830076575279 10.599462926387785 18.167497433722019 14.766598187386988 4.4175597280263919 38.960098303854465 15.498360462486742 12.213781096041204 45.644934192299843 3.2395468205213573 3.8901989907026282 4.4054954499006262 126.56566028296947 18.630820281803608 31.775311723351479 7.0507654324173918 7.8192504644393912 95.651054903864861 10.803932026028631 498.25051254034042 27.748416475951672 21.421462610363964 5.680808685719966 254.25343586504459 49.75089405477047
leaf_count=318 4480 9580 27 1604 18 222 55 82 78 23 201 70 63 240 17 20 20 623 105 167 33 34 503 50 2574 137 107 29 1306 255
internal_value=-4.79358e-05 4.65894e-05 -0.0029005 -0.0087402 0.00281184 0.0204123 0.0585986 -0.000451507 0.00860887 0.00803228 0.00526778 0.00951197 0.00630275 -0.0107943 0.00951665 0.0359244 0.0617168 0.00461349 -0.0252814 0.00802479 0.0370449 0.00165226 0.00542348 0.0259993 0.00373981 0.00308464 0.0512963 0.0360958 -0.00297483 -0.013946
internal_weight=4290.32 4282.42 1510.33 446.244 145.728 63.5374 18.7756 1064.08 263.389 8.17611 245.221 206.261 190.763 82.1901 175.996 27.5602 15.3465 148.436 21.8704 36.5452 11.4563 2772.09 971.38 73.4739 897.906 38.5523 34.9215 27.1023 399.655 145.402
internal_count=23041 22723 8148 2356 752 318 96 5792 1312 41 1230 1029 959 434 881 136 73 745 122 194 53 14575 4995 357 4638 187 170 136 2064 758
is_linear=0
shrinkage=0.05


Tree=49
num_leaves=31
num_cat=0
split_feature=15 15 27 9 6 19 5 28 18 20 30 19 6 21 14 28 9 27 1 3 7 3 2 18 10 27 6 0 1 10
split_gain=7.89884 7.75077 10.7912 9.25954 13.6587 9.00986 8.36154 14.0786 11.4027 11.1458 10.2137 9.00122 10.6281 8.72287 8.71413 12.0371 8.70751 9.72354 8.66819 8.42671 16.7306 9.36233 15.999 9.60594 9.25564 15.4569 10.9485 10.6709 12.0731 9.23974
threshold=1.0000000180025095e-35 2.2941148552094188 0.0062696451711203869 0.6963296064342247 -1.2392117047887059 -0.73684210526315796 557.06050000013795 -101778.99999999999 -0.9736958788576302 -2.2500000000001328 -2.0181584577351095 1.2727272727272794 -2.2153496284483287 2.8001528016542245 132168.09657376158 34738.685000000005 0.83865106702794689 -0.0052303427888948919 1.4197289890124327 1.4602690553658453 -1.5715079646068815 1.5932531887361556 -1.4858917066927064 -0.047381833516320915 0.36764653763830052 -0.0019011811055094638 1.3404432925479004 0.66870545432863893 -0.44400260338511915 0.030014514575168003
decision_type=2 2 2 2 2 2 2 2 2 2 2 2 2 2 2 2 2 2 2 2 2 2 2 2 2 2 2 2 2 2
left_child=-1 5 3 -3 -5 -2 9 18 -9 -7 -10 19 -13 14 15 -14 17 -12 -8 -11 -21 22 -22 -24 25 -23 27 28 -26 -25
right_child=1 2 -4 4 -6 6 7 8 10 11 16 12 13 -15 -16 -17 -18 -19 -20 20 21 24 23 29 26 -27 -28 -29 -30 -31
leaf_value=-0.051242170420975501 -0.012919962834391552 0.027971064850803168 -0.025432934516126961 0.045966908711283193 -0.03302249227943873 -0.026453596230046623 0.014528109191332697 0.033635186175057633 -0.032432017390382463 -0.00023415496496542585 -0.050303845344649926 -0.06549155558566086 0.041263179691610447 -0.0032534785028823926 0.005750222564791109 -0.033416773272630991 0.010645673055382554 -0.0094811885045430339 0.089553684650647655 -0.021923132148911589 -0.068337547449111496 -0.045763447944607245 0.057205836105712199 0.065525969607344081 0.040057378425901714 0.0058360187474143415 -0.023423514271380896 0.036056610769496754 -0.040502579350050021 -0.0048186384150223499
leaf_weight=7.521192478016018 136.9894145950675 73.555408276617527 15.827393688261507 8.1164612323045748 16.802658148109913 37.09848614782095 20.030643433332447 14.19728973507881 51.804647244513035 3159.8106998801231 15.821083791553972 4.2369259893894187 58.26441316306591 47.033667504787445 45.527554199099541 5.9464677125215522 49.918437764048576 186.98489475995302 4.7659165710210791 40.46203176677227 3.803015559911727 16.538438722491264 28.889136165380478 6.4013530462980297 8.0459700077772158 118.53843757510185 12.720063224434851 64.658032864332199 11.02106463909149 17.240231141448021
leaf_count=318 1513 330 69 41 86 292 104 73 290 16297 90 18 250 198 194 25 262 972 24 203 20 85 137 32 41 562 61 314 55 85
internal_value=-4.72107e-05 4.27315e-05 0.0128879 0.019047 -0.00729468 -0.000309636 0.000119046 -0.00734179 -0.0101651 0.000814326 -0.0122071 0.00109154 0.0126499 0.0147618 0.0224831 0.0343472 -0.00806129 -0.0126658 0.0289481 0.000558017 0.00818208 0.0124138 0.0306942 0.0378637 0.00796579 -0.000481677 0.019797 0.0263633 -0.00650762 0.0142283
internal_weight=4288.57 4281.05 114.302 98.4745 24.9191 4166.75 4029.76 343.523 318.726 3686.24 304.529 3649.14 161.009 156.772 109.738 64.2109 252.724 202.806 24.7966 3488.13 328.318 287.856 56.3337 52.5307 231.522 135.077 96.4451 83.7251 19.067 23.6416
internal_count=23041 22723 526 457 127 22197 20684 1815 1687 18869 1614 18577 685 667 469 275 1324 1062 128 17892 1595 1392 274 254 1118 647 471 410 96 117
is_linear=0
shrinkage=0.05


Tree=50
num_leaves=31
num_cat=0
split_feature=2 30 19 4 23 15 15 15 5 7 7 3 9 10 6 27 3 21 6 5 7 6 13 3 2 6 7 8 15 4
split_gain=7.80125 8.84009 8.15897 7.64137 12.5203 7.5919 10.0297 10.7997 16.5968 11.4127 12.8468 19.8227 14.4776 11.8758 14.6884 12.6934 11.7575 22.1563 12.9363 10.6455 13.1432 13.2511 10.8961 10.5869 10.3915 10.3711 10.2166 10.7176 12.1353 10.3036
threshold=-2.3501683182346782 -5.4348129875936237 -0.7368421052631543 -1.337848911131758 178.50000000000003 4.0205145218911798e-05 0.00025103231082877823 0.62380775606049588 -156.12149999989194 -2.3262418096348134 -1.0000000180025095e-35 -2.0873508534228429 0.015247414833384541 7.119578614619237 -0.092762338660338783 -0.0082748439831114556 -1.1552499155743112 1.7421359732980946 -2.1769643297266907 505.85950000002055 -1.6569644109741581 -1.8208278794792379 2.5387204498748215 -0.81294264237262059 -1.5423364808144731 1.4666585106078358 -1.3363469513716206 63598.149999999194 0.8032854364266403 -2.3804077146744009
decision_type=2 2 2 2 2 2 2 2 2 2 2 2 2 2 2 2 2 2 2 2 2 2 2 2 2 2 2 2 2 2
left_child=3 -2 -3 -1 -5 -4 -7 9 25 16 11 -11 -13 -14 -15 -16 -8 -18 -19 20 -10 -22 24 -20 -23 -9 -27 -28 -29 -30
right_child=1 2 5 4 -6 6 7 8 19 10 -12 12 13 14 15 -17 17 18 23 -21 21 22 -24 -25 -26 26 27 28 29 -31
leaf_value=0.0091682845578408556 -0.022340649585614394 -0.0122116326315371 -0.015121988215093722 0.014255077448787977 0.1256442442416304 0.0056240493781698105 -0.013581872159470564 -0.0087539699913395923 -0.0086562737230305737 0.056778486628763829 -0.0012764849695873211 -0.032465993352384481 -0.012062435676566348 -0.029832234187935892 -0.0052558480000512563 0.11493362828139203 -0.015255421811756723 0.0068677164674844629 0.054098772545563792 -0.0050238045291311796 -0.011265416215335519 -0.026934619914313382 -0.027148263043632825 0.15108745545373703 0.010378272844698092 -0.022846582649756357 0.00040733304973233572 0.079066478160855089 0.090419526254745586 0.0048483093161436524
leaf_weight=73.814989876002073 45.206872787326574 134.7691438794136 78.294483641162515 7.1039047576487047 3.9118843898177147 793.83348087966442 16.117218494415283 506.53956641256809 140.36636044085026 9.7940771356224996 519.50528454780579 91.932709619402885 258.09058870375156 5.7391820102930078 3.4421223402023307 6.0718594044446919 10.647719644010069 4.5631763786077491 5.2002843320369712 274.09012873470783 86.863480620086193 18.996653899550438 20.427048690617085 6.1306696832180014 1051.6001693233848 21.601079784333706 51.387983337044716 11.214940086007116 4.1277884989976874 23.805823847651485
leaf_count=401 268 1495 722 38 21 3618 91 2711 719 57 2879 543 1436 33 21 34 59 23 28 1392 459 100 104 30 5187 114 260 59 20 119
internal_value=-4.63945e-05 -0.000349575 -0.000110318 0.0149654 0.0538112 0.000295336 0.000601542 -0.000664885 0.00124176 -0.00516283 -0.00636769 -0.0134194 -0.0153016 -0.00952882 0.0333411 0.0714495 0.0201035 0.0405586 0.0779492 0.00394198 0.00580614 0.00752959 0.00902599 0.106575 0.00971619 -0.00570804 0.0080508 0.0154226 0.0351322 0.0174933
internal_weight=4285.19 4200.36 4155.15 84.8308 11.0158 4020.38 3942.09 3148.26 2211.02 937.235 894.576 375.071 365.276 273.344 15.2532 9.51398 42.6591 26.5419 15.8941 1592.34 1318.25 1177.89 1091.02 11.331 1070.6 618.677 112.138 90.5365 39.1486 27.9336
internal_count=23041 22581 22313 460 59 20818 20096 16478 11244 5234 5003 2124 2067 1524 88 55 231 140 81 7961 6569 5850 5391 58 5287 3283 572 458 198 139
is_linear=0
shrinkage=0.05


Tree=51
num_leaves=31
num_cat=0
split_feature=15 15 15 15 15 7 0 6 27 7 26 10 20 30 21 27 7 5 30 3 4 10 9 6 3 0 4 13 15 7
split_gain=7.44807 11.8207 10.1766 13.2927 9.98035 11.3571 9.63182 9.46967 13.2907 9.75177 9.35345 12.8543 9.93858 9.33461 8.80349 10.1677 11.8286 9.72245 8.74853 9.0476 19.8615 18.4693 13.2194 12.6696 10.046 11.5617 10.407 11.8043 11.2777 13.8596
threshold=1.1430952139171602 1.1713240377788863 0.18545806888082925 5.2668782395488645e-05 1.2701057932454949 -2.1412458779165457 0.62915712942770585 -0.26514297660676905 0.0059197122429864866 -2.0362966884177385 0.00053434000000000012 0.1272784670796763 -1.0000000180025095e-35 1.7443297279919241 1.274473139259422 0.00022614072397986187 -1.186069160688467 -372.48650000011543 3.6944921762762486 0.14375735097075185 -0.055466340949574984 0.097713155862493267 3.6958011768698253 1.076730362282716 -1.8090440832934727 -0.893840278656019 1.1661902746987665 -0.69741469324604599 0.00011510468196722464 1.589020579895452
decision_type=2 2 2 2 2 2 2 2 2 2 2 2 2 2 2 2 2 2 2 2 2 2 2 2 2 2 2 2 2 2
left_child=2 -2 3 7 5 -3 18 8 -1 -9 12 13 -6 -12 15 -11 -17 -16 19 22 21 23 24 -21 25 -5 27 28 29 -26
right_child=1 4 -4 6 10 -7 -8 9 -10 14 11 -13 -14 -15 17 16 -18 -19 -20 20 -22 -23 -24 -25 26 -27 -28 -29 -30 -31
leaf_value=-0.0015316342399260389 0.019380554534482983 0.04718672514715197 -0.0028028580966424394 0.038837030683427039 -0.038000960391262967 -0.015848363118711083 -0.0016486527941458268 0.051477012155394068 0.08368512260784404 -0.033655732783824603 0.070672272045997062 -0.042272541032464278 0.0068396598745874898 -0.02553829895260791 0.03849444087795361 -0.055673271821699039 0.042622775910584471 -0.039708750928347386 0.035942416231174459 -0.0024445109634104768 0.031184256439329525 -0.03910632439464596 0.086027829414421927 0.085839757229840039 -0.011893296507648088 -0.013793430561736901 -0.024883920597083237 -0.0036998135914967779 0.041332847545638311 0.053116517860526825
leaf_weight=73.174622483551502 110.93554899096489 7.6550564020872107 2452.851590372622 36.061037890613079 12.631921112537382 107.38584028184414 277.52424293756485 4.6125652864575377 4.8806571252644053 14.46422936208546 5.359011195600031 22.864322423934937 568.26581102609634 4.760763481259346 4.273397170007228 3.8618107400834552 14.751367749646308 56.794989177957177 30.264199517667294 11.691699311137201 99.185957446694374 23.567432396113873 4.858125999569892 6.2288961037993422 35.356175325810909 14.683854736387728 38.046895533800125 190.71167390793562 33.444363437592983 10.673473484814165
leaf_count=513 535 41 14009 169 73 575 1254 27 27 133 24 110 2676 21 29 25 123 441 134 52 435 107 22 29 170 66 172 859 140 50
internal_value=-4.63076e-05 0.0041753 -0.0010764 0.00320495 0.00186119 -0.0116539 0.00590925 -0.00921882 0.00379682 -0.0195059 0.0043939 -0.0215068 0.00586458 0.0254108 -0.0229837 -0.00220875 0.0222286 -0.0342363 0.00983147 0.00826514 0.0190334 -0.0100156 0.00410166 0.0282416 0.00299294 0.0236076 -0.000400887 0.00304675 0.0192363 0.00318135
internal_weight=4281.82 839.858 3441.96 989.112 728.923 115.041 812.298 176.814 78.0553 98.7584 613.882 32.9841 580.898 10.1198 94.1458 33.0774 18.6132 61.0684 534.774 504.51 140.674 41.488 363.836 17.9206 358.977 50.7449 308.233 270.186 79.474 46.0296
internal_count=23041 4055 18986 4977 3520 616 3659 1318 540 778 2904 155 2749 45 751 281 148 470 2405 2271 623 188 1648 81 1626 235 1391 1219 360 220
is_linear=0
shrinkage=0.05


Tree=52
num_leaves=31
num_cat=0
split_feature=15 30 27 14 21 7 21 5 15 7 14 13 8 4 6 1 20 27 2 27 13 27 16 22 13 13 4 21 21 22
split_gain=7.29644 7.08042 7.98739 10.3311 12.8034 12.2053 12.8303 11.9533 9.77086 10.511 11.0487 13.0985 12.8541 9.90397 9.70119 13.6728 10.9028 10.5879 10.0745 9.54976 9.40587 9.19799 10.486 9.38335 8.74893 8.51948 8.09564 9.59618 8.94468 7.96339
threshold=1.0000000180025095e-35 -0.6521857531018348 0.00079284648093147514 104046.7379351319 0.54043112662707793 -0.3157207183050344 -0.10360982717497479 476.68800000008201 1.058822240817213 1.589020579895452 192016.63946973733 -2.0140367006866637 511546.73499999911 -1.6312401222150554 -1.1469879981110946 0.69455927674243445 -1.0000000180025095e-35 -0.0053593850683545932 -0.81660446961100719 -0.0044719254921466991 0.17426711091294564 0.0029713387729477518 -0.70608278911348421 344.50000000000006 1.2161626331767768 0.47760547219429078 -0.60959028612710475 4.6886460630772868 1.1646678784418967 -77.499999999999986
decision_type=2 2 2 2 2 2 2 2 2 2 2 2 2 2 2 2 2 2 2 2 2 2 2 2 2 2 2 2 2 2
left_child=-1 2 8 4 5 25 -7 21 -2 10 13 12 -12 24 15 17 -16 -15 20 -20 -18 -6 -23 -24 -10 -4 27 -11 -28 -3
right_child=1 29 3 -5 7 6 -8 -9 9 26 11 -13 -14 14 16 -17 18 -19 19 -21 -22 22 23 -25 -26 -27 28 -29 -30 -31
leaf_value=-0.051148677030190687 -0.0033846319721030308 0.0048841409636113508 -0.025521542919889895 -0.013689840615262287 -0.010037801375983431 0.0053595626213524704 0.11302330498084819 -0.056649258409717879 0.0054764646736758689 -0.048339018410464542 0.00033548754171996227 -0.0092270895628013914 0.1183267434793667 0.042197508038288513 -0.025315260442636794 0.040647460553964322 0.10697535147505632 -0.035818239841449488 -0.0030202639460931726 0.039971040904575816 0.033359389578176378 -0.021045583629491701 0.052416776379521662 -0.019580147578213483 -0.065773529542959688 0.056655709842727921 0.05130494227863143 0.040407477394970387 -0.015918167417653423 -0.000612063985383656
leaf_weight=6.9733740463852874 759.80751870572567 1082.8775793164968 9.104530945420267 298.01283840835094 71.958221979439259 4.4613433703780174 7.2870040610432607 9.9959011450409871 21.842731110751632 20.233318105340008 5.139552488923071 81.243960283696651 4.1900400966405869 5.5774904713034621 7.3547798767685881 15.793088369071482 9.1675752028822917 19.74394224584103 16.980706281960011 53.980159737169743 8.2382528185844404 10.879649356007574 21.262277059257034 5.7492229267954817 5.367168851196765 4.8255360126495352 7.5252048671245602 3.585880145430564 14.451390065252779 1683.8080250024796
leaf_count=318 4265 5682 44 1604 372 24 35 55 112 111 24 431 23 31 44 73 44 100 84 252 39 57 111 30 31 24 36 21 71 8893
internal_value=-4.52755e-05 3.81732e-05 -0.00272338 -0.00835739 0.00256276 0.0346028 0.0721388 -0.00430223 -0.000366438 0.00726715 0.0112336 -0.00278367 0.0533269 0.0189728 0.0244512 0.00413751 0.0331764 -0.0186339 0.0380447 0.0296834 0.0721326 0.000461163 0.0203995 0.0370927 -0.00857764 0.00294561 -0.0147857 -0.0349786 0.00710031 0.00153914
internal_weight=4277.42 4270.44 1503.76 443.537 145.524 25.6784 11.7483 119.845 1060.22 300.415 254.619 90.5736 9.32959 164.046 136.836 41.1145 95.7215 25.3214 88.3667 70.9609 17.4058 109.849 37.8911 27.0115 27.2099 13.9301 45.7958 23.8192 21.9766 2766.69
internal_count=23041 22723 8148 2356 752 127 59 625 5792 1527 1288 478 47 810 667 204 463 131 419 336 83 570 198 141 143 68 239 132 107 14575
is_linear=0
shrinkage=0.05


Tree=53
num_leaves=31
num_cat=0
split_feature=15 2 30 19 4 16 10 0 26 2 15 18 2 16 28 1 19 9 0 4 4 26 2 30 9 4 9 21 13 8
split_gain=6.93225 6.86406 8.00807 7.55632 7.23696 7.22123 25.3261 19.4643 8.80268 9.0597 7.53454 8.38189 10.2329 10.7866 12.2992 8.12562 9.31902 7.9006 7.12506 6.97706 6.79615 8.02005 6.77405 10.3424 9.22118 11.061 12.9243 13.0346 12.878 12.9496
threshold=1.0000000180025095e-35 -2.3501683182346782 -5.4348129875936237 -0.73684210526315796 0.92490688750548455 1.023702554289047 2.0422433037302072 0.6816951635492553 -0.00063049999999999988 0.53241002581033503 0.88543774600601322 -1.0000000180025095e-35 1.5918242160135696 -0.083194131017193612 3969.3900000000008 0.89412280385523857 -1.7500000000000011 0.39257015031368458 -1.2716421106434959 -1.1980320812123477 1.5457626200433963 -0.00011378999999999997 0.17694772455874605 1.6435813845114209 0.0089901562029499737 0.44505409046026634 0.013854353295143012 1.4018540324843016 -1.0879251631695908 44959.099999999009
decision_type=2 2 2 2 2 2 2 2 2 2 2 2 2 2 2 2 2 2 2 2 2 2 2 2 2 2 2 2 2 2
left_child=-1 19 4 5 18 8 7 -7 9 -4 -10 -12 13 14 15 16 -13 -18 -3 -2 21 -6 23 -5 -24 28 27 -27 29 -26
right_child=1 2 3 22 20 6 -8 -9 10 -11 11 12 -14 -15 -16 -17 17 -19 -20 -21 -22 -23 24 -25 25 26 -28 -29 -30 -31
leaf_value=-0.05109140528801194 0.0094059853790531781 0.019792478715682932 0.0013252387755922084 -0.0034542168153105209 -0.026269038453352059 -0.023679028408897212 0.16373399034796501 0.12614911279650229 -0.031176461037383692 0.13323290419229675 -0.032248435020773035 -0.055996465467894441 -0.055592298697438605 -0.018999997662296406 0.16453371201060912 0.12849223460195264 0.0078953488498763342 0.13921996761743249 -0.047994752238764822 0.057831304726326707 -0.034957249886572554 0.066068817548841516 -0.0038074242987178849 0.0049849802011333426 0.052533613279926145 0.061862205615823056 0.00072565272682633092 0.0054312030672291033 0.0069082498242362192 0.012521767922800103
leaf_weight=6.640526730567216 76.89568318426609 4.6451975032687214 4.3861235305666915 1643.045085541904 3.7990413159132013 17.310531355440624 2.508162632584571 2.477954074740409 64.08075188845396 1.851066820323467 14.946833126246927 3.0141429975628862 4.1209029257297507 6.8140980005264309 2.2704483568668357 1.8961552008986471 3.1597928851842889 1.7963632792234419 23.423095852136612 8.2347460240125638 6.4565436020493499 6.1719191968441018 441.15432507544756 466.01069585978985 34.546480536460876 17.570504799485207 1031.314699664712 24.503930330276489 301.98105999827385 48.768249794840813
leaf_count=318 415 28 48 8651 22 196 28 28 733 20 165 32 46 75 25 20 36 20 145 42 39 32 2278 2349 168 80 5121 118 1514 249
internal_value=-4.4626e-05 3.47756e-05 -0.000251204 -2.44156e-05 -0.0213498 -0.0118585 0.0140544 -0.00491725 -0.0171916 0.0404727 -0.0207143 -0.00308027 0.015816 0.0313437 0.0596085 0.0354633 0.0133315 0.0554941 -0.0367762 0.0140902 0.00500814 0.0308871 0.000361209 -0.00158952 0.00252675 0.00444242 0.00183383 0.0289971 0.0117096 0.0291127
internal_weight=4275.8 4269.15 4184.02 4139.53 44.4958 130.633 22.2966 19.7885 108.337 6.23719 102.099 38.0187 23.0719 18.951 12.1369 9.86645 7.9703 4.95616 28.0683 85.1304 16.4275 9.97096 4008.9 2109.06 1899.84 1458.68 1073.39 42.0744 385.296 83.3147
internal_count=23041 22723 22266 22000 266 1472 252 224 1220 68 1152 419 254 208 133 108 88 56 173 457 93 54 20528 11000 9528 7250 5319 198 1931 417
is_linear=0
shrinkage=0.05


Tree=54
num_leaves=31
num_cat=0
split_feature=19 15 6 9 14 27 2 7 14 0 4 21 4 7 13 16 23 4 3 3 7 3 18 14 15 19 9 19 21 14
split_gain=6.79548 8.66612 9.02518 11.1904 11.6295 14.7512 14.3859 11.868 10.3155 12.6718 9.77299 12.2191 11.6819 11.9855 8.69524 8.61269 8.20824 7.71457 7.3734 8.37865 8.82546 7.27149 7.16096 10.494 9.0049 8.02561 6.87305 6.84059 7.5518 15.9676
threshold=1.272727272727274 1.765778588345988 -1.6398629488892225 0.71230825737534686 153386.75461342625 0.0065965840603315904 -1.994543943989642 0.97676609279340842 213377.94175585211 -0.79101609261226657 -1.1829694665343815 3.1377123977694561 0.16602942703692489 0.88843227702447514 -2.7909219075719318 0.60204188884192666 -457.49999999999994 1.9137535844349853 1.8479915361818906 0.24416963671321454 0.82639279443394953 -0.46520888384269349 0.32622910531507582 79664.87215574515 1.765778588345988 2.8000000000000038 0.12068250022023345 -0.73684210526315796 -0.89376596540584963 457046.05359559279
decision_type=2 2 2 2 2 2 2 2 2 2 2 2 2 2 2 2 2 2 2 2 2 2 2 2 2 2 2 2 2 2
left_child=1 14 8 4 10 6 -6 17 9 -3 -4 12 -12 16 15 -1 -14 -7 19 20 -8 -18 23 -2 -24 -25 -23 -16 29 -29
right_child=22 2 3 -5 5 7 18 -9 -10 -11 11 -13 13 -15 27 -17 21 -19 -20 -21 -22 26 24 25 -26 -27 -28 28 -30 -31
leaf_value=0.0031819466587492753 0.034873501350208357 -0.0068246346214385321 -0.038839476409871621 -0.015470800659318946 0.15180940168591234 -0.0070703460401383162 0.047622829476566458 0.051467546266441934 0.00044338678086547632 0.090594496262348764 0.041274774780423788 -0.042130019272105551 0.029742754478996394 0.050098314256808087 -0.012738692842591801 0.05164076452641142 0.013225831044408146 -0.080404192454204257 -0.0034355779666174618 0.077558967510273122 -0.014908487731068086 -0.060179900653556162 -4.1419523391002939e-05 0.0013875729333602445 -0.068708367037338569 0.049799795737872708 0.007591455185809769 0.025015792727104635 -0.0012324756533280481 -0.04415364146523771
leaf_weight=22.781044378876686 44.245387032628059 4.7515812143683442 14.102740205824373 50.827324703335762 2.7630699872970572 13.206906288862234 18.261721245944504 6.566923312842845 12.123937293887137 11.220510073006153 25.166373163461685 11.259779036045073 8.236729994416228 9.0922134742140752 126.58544251322746 15.345866426825522 7.9960351884365037 4.9231159389019004 10.140130214393137 12.821624115109442 8.1657462269067747 14.943651832640187 42.09784771502018 94.224029004573822 5.3852048665285102 9.4161722809076291 4.9904081746935836 59.957617312669754 3592.8200679831207 9.6923361495137197
leaf_count=122 191 23 65 250 13 57 81 29 60 48 111 50 37 39 1448 81 36 21 45 56 36 67 180 393 26 53 21 293 19062 47
internal_value=-4.50328e-05 -0.000481369 0.00850817 0.00515006 0.0112212 0.0257095 0.0407842 -0.00612356 0.0352172 0.061613 -0.000402583 0.00623345 0.0139659 -0.00121923 -0.00107225 0.0226863 -0.0141203 -0.0269838 0.0345729 0.0443926 0.0283015 -0.0270557 0.00906443 0.0144886 -0.00782916 0.00578604 -0.0432136 -0.00131132 -0.000916356 0.0153903
internal_weight=4274.11 4078.74 251.561 223.464 172.637 76.8492 52.1523 24.6969 28.096 15.9721 95.7879 81.6852 70.4254 45.259 3827.18 38.1269 36.1668 18.13 49.3892 39.2491 26.4275 27.9301 195.369 147.886 47.4831 103.64 19.9341 3789.06 3662.47 69.65
internal_count=23041 22198 1145 1014 764 338 231 107 131 71 426 361 311 200 21053 203 161 78 218 173 117 124 843 637 206 446 88 20850 19402 340
is_linear=0
shrinkage=0.05


Tree=55
num_leaves=31
num_cat=0
split_feature=15 7 6 3 8 15 10 13 6 21 14 9 10 10 2 21 30 21 26 21 9 4 13 6 21 30 18 15 7 2
split_gain=6.58087 6.58962 10.849 12.963 15.0631 11.1021 10.842 10.2967 10.401 21.4329 15.1973 13.1013 10.5479 20.7163 15.022 10.2454 9.81929 13.0649 11.1312 9.75463 13.0504 10.2038 11.5826 22.0355 11.4976 11.3521 11.1696 10.9837 10.7623 12.9093
threshold=1.0000000180025095e-35 -1.2850275817171335 -1.2233748741449662 1.5120967019251157 2182.4149999990691 2.2941148552094188 0.13370736433442948 -2.5708407223798164 -1.6398629488892225 2.9531039506415198 393943.98069658928 0.56791077329141892 1.0938162838511922 0.55508245665269718 1.1125636807557762 3.7608122715422305 -2.098802044465049 2.59335054704307 -6.8849999999999952e-05 -0.10360982717497479 1.4733487636564753 -0.33485461631829766 -0.87367901171531104 1.8293327489054432 0.42937820085102457 -0.59521037290803103 -0.25459276625149291 0.33996184337837082 -2.3973591749012755 0.30613033975910114
decision_type=2 2 2 2 2 2 2 2 2 2 2 2 2 2 2 2 2 2 2 2 2 2 2 2 2 2 2 2 2 2
left_child=-1 7 3 4 -3 -6 -7 -2 9 11 15 12 13 14 -9 -11 17 -4 -19 20 -10 22 23 25 -24 -21 27 -27 -23 -30
right_child=1 2 16 -5 5 6 -8 8 19 10 -12 -13 -14 -15 -16 -17 -18 18 -20 21 -22 28 24 -25 -26 26 -28 -29 29 -31
leaf_value=-0.051036101577531391 0.037228685764916628 -0.028676794382985867 0.0025612072075349478 0.016999758346383523 -0.0049364806032170215 -0.015305998528672439 0.080347193539544712 -0.022691608869022935 0.016743665523655304 0.061594614089004102 -0.043932317355226361 -0.042395858182574096 -0.046215159806684454 0.10068289800645341 0.081596569789278484 -0.006579181785886918 0.0036186621442202086 -7.3303807463567634e-05 -0.028459613586911466 -0.0002540995237931178 -0.056148219951053069 0.0067662943648049484 -0.057682312140658012 -0.041943482391926586 -0.0053688705501742555 -0.055419654248303252 0.062261191621504813 0.036749793707357863 -0.034107353848788123 -0.0113800612345882
leaf_weight=6.3177353125065556 14.87768519669771 68.63041290640831 213.25857873260975 64.400048121809959 584.09846176952124 4.8747040927410108 7.5518043786287308 16.934247680008419 68.408382534980774 29.748117364943027 5.0061319544911376 19.781839661300182 7.0126717165112487 6.48063189536333 4.337443307042121 6.7641734778881064 2356.2954952940345 58.052853837609291 85.249617248773575 24.98872971534729 6.746049851179122 50.092680506408215 11.087624952197073 14.378936685621737 199.26271267235279 4.676537223160266 26.11348070949316 10.466714538633822 89.831927113234997 205.21280112117529
leaf_count=318 75 393 1150 320 3234 24 37 92 331 160 31 112 40 32 20 40 12338 327 481 142 34 265 59 86 1098 22 140 60 488 1092
internal_value=-4.32248e-05 3.23175e-05 0.000992867 -0.00441989 -0.00649373 -0.00394156 0.0428241 -0.0039893 -0.00474887 0.0106935 0.0377637 -0.00991104 0.00857334 0.0224177 -0.00142654 0.0489649 0.00244849 -0.00528444 -0.0169601 -0.00683455 0.0102007 -0.00884721 -0.00195032 0.014163 -0.00812633 0.0263412 0.0424497 0.00828604 -0.0146618 -0.0182998
internal_weight=4270.94 4264.62 3442.41 729.555 665.155 596.525 12.4265 822.21 807.332 96.0653 41.5184 54.5468 34.765 27.7523 21.2717 36.5123 2712.86 356.561 143.302 711.267 75.1544 636.112 290.975 80.6244 210.35 66.2455 41.2567 15.1433 345.137 295.045
internal_count=23041 22723 18304 4008 3688 3295 61 4419 4344 527 231 296 184 144 112 200 14296 1958 808 3817 365 3452 1607 450 1157 364 222 82 1845 1580
is_linear=0
shrinkage=0.05


Tree=56
num_leaves=31
num_cat=0
split_feature=19 10 18 15 20 14 5 9 27 21 27 9 6 14 6 6 10 7 13 1 29 27 15 3 9 28 13 2 14 7
split_gain=6.40424 9.02196 7.14274 6.21417 6.18875 8.22849 6.98514 12.2729 9.03317 13.294 13.1456 13.5453 14.0336 12.1395 13.4591 24.3567 12.3369 9.87663 9.82161 14.7632 11.2097 9.51307 9.13403 11.6629 9.06972 8.94166 8.6152 9.78693 9.68666 11.7723
threshold=2.7999999999999976 0.29631440140504473 0.045308940383385156 1.0000000180025095e-35 -1.7500000000001108 30214.928472779498 597.51750000007462 0.85556693667869133 -0.0013361534901205061 0.027688577505110005 -0.0010761997017936784 3.2160018660128613 3.0655077783601721 26332.939348634598 0.3529755796707767 1.2685336754693066 1.1673175503823428 1.7306770314496853 1.4388559730432653 1.4500024955023745 126410.10000000002 0.0035793810557963606 0.60162906015932049 -0.36406179028917901 0.018115216921561258 -112720.47999999998 0.69901822236710165 -2.4172946786225928 445503.92403196968 -2.6231631963052862
decision_type=2 2 2 2 2 2 2 2 2 2 2 2 2 2 2 2 2 2 2 2 2 2 2 2 2 2 2 2 2 2
left_child=3 -2 -3 -1 5 -5 8 25 -6 10 -10 12 13 -12 22 17 -17 -16 26 20 -20 -21 -15 -24 -25 -8 27 -11 29 -28
right_child=1 2 -4 4 6 -7 7 -9 9 18 11 -13 -14 14 15 16 -18 -19 19 21 -22 -23 23 24 -26 -27 28 -29 -30 -31
leaf_value=-0.050984550457602064 0.045060290295169704 0.02755426961759809 -0.055157770554199008 0.0016418382523795535 -0.0026660564998611525 -0.041947924935408581 0.043176920790062356 0.0094611153530642297 0.073936689175920639 0.034336755771754233 -0.023934617389839916 -0.07269503118960477 0.083816622833807253 0.010848857689789 -0.037134951235503762 0.028841950678284607 -0.052244712049882791 0.031521996187706063 -0.0093436542703921304 0.013313644921180118 0.069834871557620984 0.10757310348098495 -0.033929625282416449 0.081787772681264401 0.034987892205795436 -0.014137178279100441 0.078248973344218542 0.00036663427702706688 0.044118216171408348 0.0062755594448337115
leaf_weight=6.0155385974794617 17.994034141302112 5.276027783751486 5.1657758206129074 22.970658749341965 1332.5290804877877 20.478585630655289 7.0030851066112509 85.424354493618011 8.6836675181984884 21.511109031736851 22.544478669762611 4.7046605348587027 6.7908866927027693 42.553759403526783 35.889291904866695 57.020473711192608 5.1112821176648131 6.1333563178777686 336.94453603774309 6.904901519417761 4.530201479792594 4.3713922277092934 4.6481436342000952 14.733266964554785 34.81703244894743 240.71925702691078 5.7624326571822158 1479.1261676028371 18.664505735039711 404.25530321151018
leaf_count=318 105 30 26 163 7314 183 34 465 41 113 116 23 30 203 175 274 26 27 1752 36 25 22 24 68 164 1319 29 7749 95 2092
internal_value=-4.32233e-05 0.0236062 -0.0133651 -0.000201798 -0.000129661 -0.018903 6.49492e-05 -0.00688138 0.000664744 0.00242203 0.0135241 0.0112913 0.0130074 0.0108555 0.0147594 0.00228634 0.0221713 -0.0271142 0.00123679 -0.00643443 -0.00829323 0.0498545 0.0281867 0.0417995 0.0489034 -0.0125169 0.00263937 0.000853584 0.00889068 0.00728708
internal_weight=4269.28 28.4358 10.4418 4240.84 4234.83 43.4492 4191.38 333.147 3858.23 2525.7 243.63 234.947 230.242 223.451 200.907 104.154 62.1318 42.0226 2282.07 352.751 341.475 11.2763 96.7522 54.1984 49.5503 247.722 1929.32 1500.64 428.682 410.018
internal_count=23041 161 56 22880 22562 346 22216 1818 20398 13084 1171 1130 1107 1077 961 502 300 202 11913 1835 1777 58 459 256 232 1353 10078 7862 2216 2121
is_linear=0
shrinkage=0.05


Tree=57
num_leaves=31
num_cat=0
split_feature=15 15 15 18 15 15 23 15 7 7 10 13 4 10 15 6 16 18 5 26 10 30 20 22 4 1 4 21 6 7
split_gain=5.94195 6.05389 11.4926 9.62106 9.51359 10.644 9.19953 8.69591 10.1353 8.51855 9.29396 8.50465 9.52603 9.38707 8.44611 8.31571 8.21574 8.28138 8.30411 8.07599 11.491 8.34161 8.22187 8.03102 7.841 12.9345 8.96604 7.89279 7.77861 8.98814
threshold=1.0000000180025095e-35 0.00025103231082877823 8.4994334199161475e-05 -0.015142245475397916 1.1430952139171602 1.1713240377788863 -2008.9999999999998 1.2701057932454949 -2.1412458779165457 2.1634642441121641 0.075071742638244635 1.7617511523598366 1.8194360634580162 1.4331163025988887 0.00023446035576837304 1.3241257109897762 -0.62632654795777165 -1.3916216596796513 492.80799999972811 0.00053434000000000012 0.1272784670796763 1.7443297279919241 -1.0000000180025095e-35 428.50000000000006 0.32704500987834373 -0.35068079392452439 -0.83622121326648424 1.8722546609091153 3.6227565885701938 -1.2166008327404658
decision_type=2 2 2 2 2 2 2 2 2 2 2 2 2 2 2 2 2 2 2 2 2 2 2 2 2 2 2 2 2 2
left_child=-1 2 6 16 28 -6 -2 8 -7 10 15 12 -8 23 -12 24 -4 -18 -19 22 21 -21 -9 -13 25 26 27 -5 29 -3
right_child=1 4 3 9 5 7 11 19 -10 -11 14 13 -14 -15 -16 -17 17 18 -20 20 -22 -23 -24 -25 -26 -27 -28 -29 -30 -31
leaf_value=-0.050935615669331351 -0.041278109199707744 -0.0087104797502258989 -0.0036824619392850986 0.031521217229070586 0.018062518611859917 0.043815172081497329 0.0031027428832538194 -0.035507107046025409 -0.01522586153856029 -0.040005747251151615 -0.0092545628966569978 -0.046912423701457803 -0.033173208620805195 0.050143483506378254 0.056442451787691895 0.041462601848827302 -0.073195019837591843 0.023119693728415516 -0.024411517162385502 0.066445237513596628 -0.040338347245261225 -0.024527414312773128 0.0060600552981521392 0.01697680297096673 0.027898743714663912 -0.044245438472449689 0.057521267692591665 -0.059036246788178252 0.04047871716949647 -0.0011811084437334531
leaf_weight=5.7275162097066632 14.462643034756182 492.80218727141619 45.028351098299026 4.8148375302553159 111.4060732126236 7.8013944476842871 373.90044406056404 12.150891527533529 106.48946477472782 11.899432703852652 100.97359031438828 24.155585587024692 19.017808817327023 3.7309007793664923 5.1413108929991713 23.541416473686695 2.3642991185188285 197.97674629837275 9.636427089571951 5.3799607902765256 22.449967473745346 4.7397816777229309 567.65552771836519 6.1764545291662207 23.825927160680294 14.866137877106665 8.1559594497084635 4.8097477704286575 10.495975494384764 2025.3894468098879
leaf_count=318 89 2895 194 22 535 41 1973 73 575 52 432 135 108 20 22 100 10 839 41 24 110 21 2676 33 102 63 34 20 52 11432
internal_value=-4.24185e-05 2.59869e-05 0.00368228 0.00927685 -0.000945413 0.0036714 -0.00205919 0.00146509 -0.0111958 0.00100834 0.00363042 -0.00073077 0.00134693 -0.0246972 -0.00607152 0.0164972 0.0156979 0.0198539 0.0209135 0.00382805 -0.0203986 0.0238364 0.00518894 -0.0339028 0.00608996 -0.00982635 0.0189511 -0.0137336 -0.00247555 -0.00265458
internal_weight=4266.97 4261.24 894.478 453.034 3366.76 838.073 441.444 726.667 114.291 198.028 186.129 426.981 392.918 34.0629 106.115 80.014 255.006 209.977 207.613 612.376 32.5697 10.1197 579.806 30.332 56.4726 32.6467 17.7805 9.62459 2528.69 2518.19
internal_count=23041 22723 4289 1931 18434 4055 2358 3520 616 847 795 2269 2081 188 454 341 1084 890 880 2904 155 45 2749 168 241 139 76 42 14379 14327
is_linear=0
shrinkage=0.05


Tree=58
num_leaves=31
num_cat=0
split_feature=19 15 9 23 6 14 27 21 2 7 15 2 7 3 7 13 16 29 7 4 15 14 28 1 29 6 24 6 0 21
split_gain=5.96941 7.2216 7.8496 8.02417 7.80531 7.6267 13.2093 10.6158 12.678 12.6049 10.026 9.19883 8.92822 10.3139 8.37668 7.47507 7.38727 6.74231 6.72121 6.626 6.56548 6.94937 6.49505 6.41855 6.40147 6.39289 14.0299 12.3683 12.9966 12.6019
threshold=1.272727272727274 1.765778588345988 0.71230825737534686 1183.5000000000002 -1.4062715068114759 153386.75461342625 0.0067621561031694375 3.1377123977694561 -1.2707209460908089 0.47356052517123232 2.0869967806410976 -1.9207578531005949 -0.895945005370682 0.22419031366872696 0.38543794277997528 -2.7909219075719318 0.60204188884192666 -135685.52999999997 -0.23635545636628166 0.4123402968506536 2.5560386061441589 42539.576393727606 -153441.81999999998 1.4759897842771901 22678.940000000002 0.65049467737097877 0.097751506928563034 1.2346235865597557 -0.39023505523342122 0.19788042646290552
decision_type=2 2 2 2 2 2 2 2 2 2 2 2 2 2 2 2 2 2 2 2 2 2 2 2 2 2 2 2 2 2
left_child=1 15 5 4 22 7 11 8 -3 12 14 -7 -10 18 -8 16 -1 -2 -14 -18 21 -11 -4 -19 -6 -17 27 28 -27 -29
right_child=17 2 3 -5 24 6 10 -9 9 20 -12 -13 13 -15 -16 25 19 23 -20 -21 -22 -23 -24 -25 -26 26 -28 29 -30 -31
leaf_value=0.0027828497353555529 -0.037482323113284012 -0.039806797827253743 -0.040811971148307161 0.050026704129254855 -0.032831385298218212 0.12093050227961824 -0.018022401722489475 -0.035713205863006282 0.022063308607727736 0.082258522335705464 -0.038031820274679606 0.032496600804999914 -0.028082559575807815 -0.059588857898537295 0.068385136260552051 -0.0027843888044437768 0.02611775863068766 0.012492615266539627 0.042597860032595851 0.097107068282738712 0.076318241578285942 0.0093429440788858759 0.034231362297640115 -0.030642269858861166 0.0163940892070151 -0.00068142616654864754 -0.044263737311397405 0.014050085836685149 0.015054949959300085 -0.0040938621668738795
leaf_weight=22.841778971254826 7.6529632508754721 11.007199317216871 3.7437753304839161 5.6087500602006903 35.249359250068665 3.1062652319669715 5.3674059510231036 14.476421669125555 26.662936337292191 4.2501267418265405 12.42837058007717 55.13502411544323 6.5907820835709572 9.7267426922917348 5.8748765587806702 2386.9040043912828 10.988975942134855 177.78054836392403 6.8689035028219276 4.6898926869034758 10.135422997176645 14.136920824646948 12.545753434300421 9.0639124512672407 8.1272675320506078 237.50222016312182 16.56306941062212 110.04303978569806 293.16899929940701 734.25482427887619
leaf_count=122 33 52 21 27 175 14 23 66 116 19 54 242 30 44 26 13269 59 770 31 22 44 61 60 40 40 1333 137 560 1568 3983
internal_value=-4.12331e-05 -0.000450371 0.00776414 -0.00715116 -0.012526 0.0130051 0.0244127 0.00400776 0.0104412 0.0174985 -0.00708273 0.0372132 0.00233065 -0.0203607 0.0271316 -0.000990642 0.0209237 0.00851607 0.0079879 0.0473522 0.0440077 0.0261972 0.0169844 0.0104001 -0.0236082 -0.00121406 0.00147955 0.00203058 0.00801213 -0.00172904
internal_weight=4262.5 4068 251.042 65.2749 59.6662 185.767 81.9119 103.855 89.379 78.3718 23.6707 58.2413 49.8494 23.1864 11.2423 3816.96 38.5206 194.497 13.4597 15.6789 28.5225 18.387 16.2895 186.844 43.3766 3778.44 1391.53 1374.97 530.671 844.298
internal_count=23041 22198 1145 323 296 822 359 463 397 345 103 256 221 105 49 21053 203 843 61 81 124 80 81 810 215 20850 7581 7444 2901 4543
is_linear=0
shrinkage=0.05


Tree=59
num_leaves=31
num_cat=0
split_feature=2 30 4 0 21 19 5 10 26 23 1 6 10 16 30 30 23 22 23 30 29 2 4 3 21 9 6 28 18 22
split_gain=5.82572 7.07583 6.71333 6.72127 6.26534 6.23854 7.51855 7.97914 9.01366 8.44247 8.69149 8.34506 9.07609 8.93939 14.9015 7.1534 6.82729 6.25211 10.7691 9.67865 11.6474 12.0196 15.3986 11.7358 9.43713 8.99869 9.39383 8.55805 11.4681 8.74753
threshold=-2.3501683182346782 -5.4348129875936237 0.92490688750548455 -1.2716421106434959 1.2534622414682719 -0.7368421052631543 -575.94800000009116 10.144416761187516 -0.00058849999999999983 -783.49999999999989 -0.62193228861636951 2.0839836803208671 0.00083731547961707071 1.0545445473776205 0.25846518434200039 2.6369529650101557 48.500000000000007 -62.499999999999993 213.50000000000003 -1.0855004853179857 466.34500000000008 -0.25856476113578569 1.8502300345173754 1.9728746288150425 -0.47173143581940663 0.010321515998317064 2.2032609577699276 101443.00500000002 -0.71083922630424812 -81.499999999999986
decision_type=2 2 2 2 2 2 2 2 2 2 2 2 2 2 2 2 2 2 2 2 2 2 2 2 2 2 2 2 2 2
left_child=-1 2 3 -2 -4 6 -3 8 15 -10 11 12 -11 -14 -15 16 -8 19 -19 25 24 -22 23 -23 -21 -7 27 29 -29 -27
right_child=1 5 4 -5 -6 17 7 -9 9 10 -12 -13 13 14 -16 -17 -18 18 -20 20 21 22 -24 -25 -26 26 -28 28 -30 -31
leaf_value=0.012871951783091681 0.019184924231480036 -0.044981959304516116 -0.030902988108939756 -0.046699128335155347 0.031708144058031941 -0.021040414338519345 0.015208015001377147 0.09169599810258372 -0.043951309012555451 0.082725389529021878 -0.016928213209189687 0.1126848744242732 -0.018393371148051368 0.13018598262951062 -0.035407978173068212 -0.019282375509809761 0.13643897878562314 -0.0058013770149119804 0.0011955462182436888 0.025450120393047906 0.00081246727352074315 0.031087876105482116 -0.013189946511211454 -0.034434679598932698 0.0010653475349444853 0.00095179043881561556 -0.044869496115914759 0.031366480962063362 -0.039330178375255813 0.034362746361504513
leaf_weight=85.603875009343028 4.6671030893921879 14.349632591009138 6.9600568804889944 22.6957171484828 9.3809772059321386 63.680566137656569 2.0985226407647124 2.0274955108761779 17.388316102325916 3.6204326525330606 59.721364289522171 2.0787391141057006 18.916800357401375 2.9597367495298377 2.5112784877419472 2.745872899889946 2.6004737094044685 871.81301785074174 1489.4575913511217 41.597170941531658 110.90549138374627 143.91055870428681 26.736161896958947 7.1746347695589057 859.69715872965753 318.56165148690343 11.696163073182104 7.3773637078702441 25.788093857467175 20.874304823577404
leaf_count=460 28 165 41 146 53 357 22 21 199 42 685 23 218 33 29 30 28 4595 7722 195 581 717 137 35 4447 1672 64 40 143 113
internal_value=-3.99311e-05 -0.000304739 -0.0203178 -0.0354617 0.00504049 -9.2975e-05 -0.010829 -0.00662842 -0.00836734 -0.0120621 -0.00588786 0.0160268 0.00885292 -0.00211363 0.0541759 0.0448327 0.0822985 0.000258745 -0.00138781 0.00263235 0.0049905 0.0137302 0.0217869 0.0279764 0.00219077 -0.0036319 -0.0007472 0.000637824 -0.0236043 0.00300647
internal_weight=4259.6 4173.99 43.7039 27.3628 16.341 4130.29 131.019 116.669 114.642 107.197 89.8084 30.087 28.0082 24.3878 5.47102 7.44487 4.699 3999.27 2361.27 1638 1190.02 288.727 177.821 151.085 901.294 447.978 384.298 372.601 33.1655 339.436
internal_count=23041 22581 268 174 94 22313 1495 1330 1309 1229 1030 345 322 280 62 80 50 20818 12317 8501 6112 1470 889 752 4642 2389 2032 1968 183 1785
is_linear=0
shrinkage=0.05


Tree=60
num_leaves=31
num_cat=0
split_feature=15 7 6 3 8 15 10 13 6 21 3 6 30 14 10 13 4 21 18 6 15 7 21 27 30 21 26 21 7 7
split_gain=5.65165 5.69051 9.41927 11.5874 13.6556 9.30802 9.54018 8.99684 9.48699 19.2068 15.8859 13.6591 11.1857 11.1803 13.4696 14.901 12.7081 11.638 9.0808 8.46279 8.43345 12.3328 9.05251 8.95851 8.36909 11.6824 10.215 9.2449 15.0573 12.0246
threshold=1.0000000180025095e-35 -1.2850275817171335 -1.2233748741449662 1.5120967019251157 2182.4149999990691 2.2941148552094188 0.13370736433442948 -2.5708407223798164 -1.6398629488892225 2.8707031685817781 -0.4485835642938632 -2.1769643297266907 -3.2393322159147346 546491.58037857001 1.3766917882030649 -0.86026592013436298 -0.32125298302156702 3.4575105960647976 -0.31873885134234708 -3.1407553337068346 0.00025103231082877823 -0.56271743399218821 -0.79680774012529854 -0.0028111605234910626 -2.098802044465049 2.59335054704307 -6.8849999999999952e-05 4.0042667727254964 0.20199773554897235 1.9716340399945256
decision_type=2 2 2 2 2 2 2 2 2 2 2 2 2 2 2 2 2 2 2 2 2 2 2 2 2 2 2 2 2 2
left_child=-1 7 3 4 -3 -6 -7 -2 9 11 13 -9 -13 14 17 -16 -17 18 -11 -18 -5 23 -23 -22 25 -4 -27 -26 -29 -30
right_child=1 2 24 20 5 6 -8 8 -10 10 -12 12 -14 -15 15 16 19 -19 -20 -21 21 22 -24 -25 27 26 -28 28 29 -31
leaf_value=-0.050889999147322167 0.03463995409371861 -0.027446707496361123 0.0025091958875159866 0.052824188151663537 -0.0046146963229729988 -0.016147330666511122 0.073379877496841939 -0.04270203634942512 -0.0064459627793836821 -0.012401917368280571 0.12052884961955634 0.10532696447674968 0.00064621864781371104 -0.062361234834868801 0.15330107884497662 -0.047402478958070295 0.0098737097671551064 -0.0503294207972129 0.064117865803388061 0.1136724469422183 0.01489913250800521 0.044424448363492269 -0.016179301234355233 0.10772681970122083 0.002498828117090741 0.00012643898711779035 -0.027201531819390209 0.034762313521675109 -0.0056053782558171178 0.03671764929473486
leaf_weight=5.4573186039924613 15.000695966184137 67.377045519649982 212.88201505690813 12.576893985271452 581.33349085599184 4.8409186303615552 7.7228951528668404 20.216976419091225 706.28050888329744 6.998356677591798 4.7451647147536269 2.8123359978199032 27.55974169075489 3.4423128664493552 3.8385016098618516 3.0765960291028014 3.2892751246690732 6.3287951275706282 8.6935183927416837 4.8725548386573774 5.9583620131015778 7.5353049784898749 33.805760741233826 4.610011510550974 2193.3335249498487 57.847026892006397 83.632865183055401 59.959216304123402 80.782684206962585 21.183288380503654
leaf_count=318 75 393 1150 57 3234 24 37 116 3817 37 25 15 144 23 21 19 19 36 46 26 31 36 174 22 11462 327 481 329 437 110
internal_value=-4.01553e-05 2.51008e-05 0.000917145 -0.00414167 -0.00611459 -0.00369448 0.0388845 -0.00372512 -0.00444257 0.010316 0.0339696 -0.0108577 0.0103392 0.0238379 0.0318364 0.0682474 0.0391972 0.00690679 0.0299911 0.0718408 0.0160896 0.00718934 -0.00513295 0.0553913 0.00227213 -0.00489179 -0.0160279 0.00334998 0.0148791 0.00318717
internal_weight=4257.99 4252.54 3435.38 725.761 661.274 593.897 12.5638 817.155 802.155 95.8741 45.2851 50.5891 30.3721 40.5399 37.0976 15.0769 11.2384 22.0207 15.6919 8.16183 64.4863 51.9094 41.3411 10.5684 2709.62 354.362 141.48 2355.26 161.925 101.966
internal_count=23041 22723 18304 4008 3688 3295 61 4419 4344 527 252 275 159 227 204 85 64 119 83 45 320 263 210 53 14296 1958 808 12338 876 547
is_linear=0
shrinkage=0.05


Tree=61
num_leaves=31
num_cat=0
split_feature=19 10 18 20 25 5 9 4 28 7 28 27 21 27 14 9 6 6 6 10 3 5 3 18 1 15 13 1 5 29
split_gain=5.58541 8.26791 6.1349 5.38175 10.8265 5.83545 10.941 8.13016 8.02293 8.1126 7.77337 7.59168 10.2468 11.6294 12.8592 12.9307 10.7245 12.4775 21.7048 10.9695 9.80363 8.97818 11.5954 10.7617 10.2948 8.78924 8.2911 13.0535 10.7294 9.81051
threshold=2.7999999999999976 0.29631440140504473 0.38312118568933523 -2.5000000000003881 0.7237943750756094 597.51750000007462 0.85556693667869133 -1.1651382677615574 -112720.47999999998 2.5070019915691444 -363038.51999999996 -0.0013361534901205061 0.027688577505110005 -0.0010761997017936784 26332.939348634598 3.2160018660128613 3.0655077783601721 0.3529755796707767 1.2685336754693066 1.1673175503823428 -0.92619592814343787 73.279000000096872 1.5932531887361556 -0.77755723432419532 -0.58110480494652439 5.9715122860217049e-05 1.4388559730432653 1.4500024955023745 229.55799999972808 126410.10000000002
decision_type=2 2 2 2 2 2 2 2 2 2 2 2 2 2 2 2 2 2 2 2 2 2 2 2 2 2 2 2 2 2
left_child=3 -2 -3 4 -1 11 8 -8 -7 -10 -9 25 13 -13 -15 16 17 21 20 -20 -19 22 23 -16 -24 -5 -14 29 -29 -28
right_child=1 2 -4 5 -6 6 7 10 9 -11 -12 12 26 14 15 -17 -18 18 19 -21 -22 -23 24 -25 -26 -27 27 28 -30 -31
leaf_value=-0.039637274266140117 0.043461367081652727 0.018115689313627597 -0.060265290266821585 -0.020262603827608618 0.057871446732306757 0.04070609090738294 -0.043072835603501711 0.070312926688440885 -0.014564206430112603 0.05201040397476623 0.0092127885686649116 0.068059154984502421 0.0023303544042577169 -0.025260244280772559 -0.059105932589219312 -0.071352291629265152 0.076620687738325421 0.076293466401512869 0.026037662106991263 -0.051032482912232315 -0.032287119006004478 0.045599483086783028 0.080284068467850508 0.010101004858772245 0.011127387492522744 -0.0016363986602377441 -0.0087793858522597426 -0.026351801905141511 0.078608094067804779 0.064335017809975956
leaf_weight=18.719681598246101 17.348610602319244 6.3209204822778684 4.1260790228843689 66.671178196556866 3.3572291582822791 7.0862509831786147 6.8913667052984229 5.6045387461781493 236.02047953009605 4.6664394214749327 73.117086812853813 8.8517488893121463 1943.3444109223783 23.690751347690821 6.799032859504222 4.3905685395002356 6.906071923673152 2.1937100496143094 57.725036421790719 5.0183283463120452 39.703167704865336 36.829009301960468 10.176906907930972 32.316965634003282 11.4200497046113 1265.6315872296691 335.62050497811288 3.5093515515327436 7.9521824028342962 4.6516137495636931
leaf_count=178 105 36 20 473 28 34 42 29 1318 24 394 43 10339 127 34 22 30 11 278 26 202 175 46 159 53 6939 1791 20 40 25
internal_value=-4.0159e-05 0.0223 -0.0128412 -0.000186997 -0.0248092 -5.7782e-05 -0.00640531 0.00900393 -0.0117297 -0.0132735 0.0135628 0.000488553 0.00209137 0.011789 0.00968886 0.0135673 0.0153505 0.0132577 0.00126521 0.0198735 -0.0266019 0.0261228 0.0143081 -0.00192835 0.0437154 -0.00256849 0.00105183 -0.00601208 0.0464709 -0.00777989
internal_weight=4256.66 27.7956 10.447 4228.87 22.0769 4206.79 333.386 85.613 247.773 240.687 78.7216 3873.4 2541.1 246.021 237.17 213.479 209.088 202.182 104.64 62.7434 41.8969 97.542 60.713 39.116 21.597 1332.3 2295.08 351.734 11.4615 340.272
internal_count=23041 161 56 22880 206 22674 1841 465 1376 1342 423 20833 13421 1206 1163 1036 1014 984 517 304 213 467 292 193 99 7412 12215 1876 60 1816
is_linear=0
shrinkage=0.05


Tree=62
num_leaves=31
num_cat=0
split_feature=15 15 1 10 8 27 16 4 5 7 15 14 7 18 4 15 9 15 30 7 5 16 15 5 3 0 15 1 8 6
split_gain=5.34771 5.47556 10.3577 11.613 12.9098 16.5579 12.336 10.3915 9.50755 12.074 9.22793 9.74036 8.79152 10.1771 8.70267 13.9561 8.69406 14.6771 11.4553 8.97285 10.0967 8.27937 8.16532 11.4086 9.70782 12.7608 9.42608 10.0226 9.40186 12.0943
threshold=1.0000000180025095e-35 0.00025103231082877823 0.5550372894655683 0.33044416775369279 31995.279999999129 -0.0070677657539801588 0.87061734875527397 0.44505409046026634 -372.48650000011543 -0.63215742919159879 8.4994334199161475e-05 564498.21994837641 -0.3527278377617647 -0.23806087446165186 -0.33485461631829766 7.6227549989312841e-05 0.067991239684417462 0.00011510468196722464 0.14494202780147344 0.68947756346022693 224.21699999994601 -0.87374570087682923 0.62380775606049588 -156.12149999989194 2.1832066368987504 -0.42090385710009964 0.63840538605376562 0.81159430885284012 46925.159999999545 3.0655077783601721
decision_type=2 2 2 2 2 2 2 2 2 2 2 2 2 2 2 2 2 2 2 2 2 2 2 2 2 2 2 2 2 2
left_child=-1 2 3 10 6 -6 7 -5 9 -7 11 -2 -4 16 -10 -16 19 18 -18 -14 -21 -9 28 -24 25 26 27 -25 -3 -30
right_child=1 22 12 4 5 8 -8 21 14 -11 -12 -13 13 -15 15 -17 17 -19 -20 20 -22 -23 23 24 -26 -27 -28 -29 29 -31
leaf_value=-0.050842378442513152 0.0028123412708963239 -0.0090354557645747208 0.0062047874290156154 0.010448755593188683 0.041404010027747726 -0.035711749177917529 -0.037978264805343706 0.010434022772139964 -0.048181158366662535 0.051081530587580228 0.019664345625473884 0.078746329582869812 -0.050250953018291238 -0.020009633017799493 -0.043031965390408433 0.01582922995617177 -0.032724051149404118 0.065855737350066487 0.024835468343505626 -0.020750805926972905 0.046949780837800548 0.091217917206440291 -0.0046374650926424028 0.0071624626943111343 -0.013569897391169598 0.0073588855960526681 -0.0032886501192701534 0.071095387060690976 -0.00015434256064650423 0.07215767380203135
leaf_weight=5.1736962413415304 192.45281236618757 554.24125810712576 139.19479411095381 30.484739534556866 11.769693255424498 7.1491482555866268 8.817074202001093 4.9072967767715445 33.380571134388447 9.1168405786156637 203.50361181795597 4.3179631829261771 12.239304088056086 113.03509941697121 20.179140046238899 20.102476112544537 14.654606558382509 11.64890234172344 21.074821248650551 16.291754603385929 8.3195864558219892 8.9675320833921415 707.87373790889978 21.433165058493618 84.550356395542622 976.49085096269846 577.75774942338467 8.5857810303568822 420.64570051431656 5.8628770485520354
leaf_count=318 984 3252 672 144 57 36 41 23 172 46 873 20 63 565 112 90 77 49 110 77 38 40 3941 117 430 5064 3117 47 2437 29
internal_value=-3.93779e-05 2.24805e-05 0.0035055 0.00770092 -0.00392496 -0.0143636 0.0160385 0.0267751 -0.0216624 0.0129346 0.0121992 0.00447865 -0.00341684 -0.0102061 -0.0293021 -0.0136574 0.00295018 0.0171174 0.00122714 -0.0152643 0.00213461 0.062646 -0.000902476 0.000681487 0.00293766 0.00381865 -0.0018693 0.0254481 -0.00474096 0.000839674
internal_weight=4254.22 4249.05 891.608 555.149 154.875 101.698 53.1766 44.3596 89.9282 16.266 400.274 196.771 336.459 197.264 73.6622 40.2816 84.229 47.3783 35.7294 36.8506 24.6113 13.8748 3357.44 2376.69 1668.82 1584.27 607.777 30.0189 980.75 426.509
internal_count=23041 22723 4289 2638 761 513 248 207 456 82 1877 1004 1651 979 374 202 414 236 187 178 115 63 18434 12716 8775 8345 3281 164 5718 2466
is_linear=0
shrinkage=0.05


Tree=63
num_leaves=31
num_cat=0
split_feature=1 10 2 28 29 6 15 7 21 29 30 4 16 18 26 5 26 15 15 27 15 9 6 21 15 14 26 16 23 5
split_gain=5.38054 8.80877 8.1592 12.4289 8.20066 10.5519 8.74631 7.92972 8.04654 7.80862 7.47991 12.0953 7.8113 8.23507 8.36935 9.43353 7.86147 7.34517 11.6383 9.43498 10.6429 9.44489 8.78254 8.20854 7.79685 10.6959 10.1584 8.83979 7.36958 7.3341
threshold=-1.3376251813633238 11.454218502855424 -0.91285286094731 11555.275000000001 42356.74500000001 1.0093877361883508 5.2668782395488645e-05 3.0789935106988802 4.4414957394479755 -111850.37499999999 3.317885278930444 -1.7061698699226679 2.1017812544396235 -0.076013512912782202 0.0002805000000000001 9.4869999999646115 0.0002613850000000001 1.0954451170349528 0.58232323167302735 -0.00078430269365886696 0.55612068674944126 2.578495646876426 -0.52751388317946046 0.29673740336573923 0.68110595845601674 328149.71706339967 -0.00017941999999999999 -1.2466206409774645 -2108.4999999999995 -82.996000000042827
decision_type=2 2 2 2 2 2 2 2 2 2 2 2 2 2 2 2 2 2 2 2 2 2 2 2 2 2 2 2 2 2
left_child=1 7 3 4 5 6 -2 8 17 -7 12 -12 13 -8 16 -16 -15 18 19 21 -21 22 23 -1 27 29 -27 -20 -19 -26
right_child=2 -3 -4 -5 -6 9 10 -9 -10 -11 11 -13 -14 14 15 -17 -18 28 24 20 -22 -23 -24 -25 25 26 -28 -29 -30 -31
leaf_value=-0.0624959107513735 -0.042611665622511091 0.070579510772142279 0.00062351864209396794 -0.017354315271824388 0.021593213061552315 -0.049746042567224515 0.00022380046087812887 -0.068734639498676753 0.032008315304083067 0.0082325907917793831 0.066006493119164955 -0.0059888390123789964 -0.061609689811735591 -0.010552812230578603 -0.044565356031796455 0.02714265558967098 0.064085709008157923 0.096290072961310647 0.043375128452863773 0.014811887633841066 0.084414360697919563 0.069022268828443159 -0.032507655434143315 0.017557556349220155 -0.012791757245281508 0.09901159591553782 0.0085790525240499529 -0.038174836969969157 0.014626462813918118 0.04821309395835946
leaf_weight=3.6673749610781696 16.913739328272641 5.11954641342163 2974.2890697252005 162.50218013674021 34.963931213133037 5.9894082713872185 213.04804120212793 3.6549136796966186 26.253606371581554 191.05622130446136 9.2413111701607722 15.821154884994028 6.578062877058982 167.64829847961664 33.408587440848351 5.3163198977708808 3.6037494093179694 2.8813448920845977 3.6933929026126853 92.833025386556983 5.83763863146305 3.8857069537043563 26.344463017769158 25.244367661885917 90.904176354408264 4.4940756857395163 10.049718506634234 33.138572588562965 67.062535494565964 5.209039404988288
leaf_count=20 124 30 15958 906 205 34 1175 22 146 1023 47 82 38 931 187 29 21 13 22 503 35 24 144 144 539 27 58 199 326 29
internal_value=-3.86878e-05 0.0054039 -0.000620127 -0.004891 -0.00201245 -0.00324684 -0.00730706 0.00458034 0.00524773 0.00647027 -0.00599371 0.0205581 -0.00754271 -0.00670196 -0.013729 -0.034721 -0.00898215 0.00337546 2.7167e-05 0.00946471 0.0189298 -0.00632653 -0.0116252 0.00740299 -0.010071 -0.00343853 0.036523 -0.0299973 0.0179906 -0.00948548
internal_weight=4250.65 410.273 3840.38 866.091 703.589 668.625 471.579 405.154 401.499 197.046 454.666 25.0625 429.603 423.025 209.977 38.7249 171.252 375.245 305.302 157.813 98.6707 59.1419 55.2562 28.9117 147.489 110.657 14.5438 36.832 69.9439 96.1132
internal_count=23041 2281 20760 4802 3896 3691 2634 2251 2229 1057 2510 129 2381 2343 1168 216 952 2083 1744 870 538 332 308 164 874 653 85 221 339 568
is_linear=0
shrinkage=0.05


Tree=64
num_leaves=31
num_cat=0
split_feature=7 6 9 4 9 6 2 30 0 28 7 10 0 14 15 29 13 19 13 6 21 14 9 4 9 7 10 10 2 2
split_gain=5.32009 8.54693 11.0658 10.8376 10.2946 12.5062 9.62853 9.38735 12.1059 11.7021 10.0568 12.3002 11.4525 9.48152 8.73835 8.93309 8.27145 8.21205 8.09344 8.62496 17.3612 12.1471 11.3941 9.41288 9.66097 13.3576 9.10035 17.4825 13.0406 8.07907
threshold=-1.2850275817171335 -1.7476069983859348 0.029198113521608008 1.6355496907244289 0.00067148504815784835 -2.3201966648327601 -2.5881329067878385 -2.098802044465049 -1.3935744559666896 95443.060000000012 1.5501860728154224 3.9459850546450048 -0.68197763241508003 94073.34372631085 0.95257934750990658 -20922.389999999996 -1.6166207200087916 2.8000000000000038 -2.5708407223798164 -1.6398629488892225 2.9531039506415198 215479.26777434192 0.56791077329141892 -1.2112343529974383 0.545045064395414 -1.886052660141504 1.0938162838511922 0.55508245665269718 1.1125636807557762 0.46788945298955392
decision_type=2 2 2 2 2 2 2 2 2 2 2 2 2 2 2 2 2 2 2 2 2 2 2 2 2 2 2 2 2 2
left_child=18 2 3 4 5 -2 -4 8 9 -3 11 12 -10 -12 15 -15 -14 -9 -1 20 22 23 26 -22 25 -25 27 28 -20 -8
right_child=1 7 6 -5 -6 -7 29 17 10 -11 13 -13 16 14 -16 -17 -18 -19 19 -21 21 -23 -24 24 -26 -27 -28 -29 -30 -31
leaf_value=0.032542481008166334 0.053062287412788636 0.041142029632511665 0.075359571539953873 0.039180301522940185 -0.055151786033538888 -0.038991585498022764 -0.011012697779778374 0.0025275677444028238 -0.015254561471351985 -0.031175272256402615 -0.050145049671612853 -0.039243566546107722 0.035513953514941132 0.076208374050722602 -0.033340409313599065 -0.0046048875576274566 0.0021809914057664723 0.048557762753855045 -0.022042060828429289 -0.0062712344332003234 -0.012967643378380165 -0.002166693317777392 -0.04030420129335463 -0.010909655740439061 0.099200232873242922 0.099132417130337325 -0.044207284459179486 0.090722964067902562 0.074720684875339241 0.0069193967709555333
leaf_weight=15.143892765045164 5.8849502950906745 24.173942260444168 3.8637705892324439 5.2324533434584728 28.009308006614447 9.890681713819502 163.94682706613094 2693.5374563746154 97.250676441937685 7.2781224548816672 24.513938250020146 23.023211807012558 20.878340156748891 4.2588171809911755 22.20742854475975 17.353844344615936 171.39150264393538 9.7245806902647001 16.69573837239296 704.23511521983892 4.4448207840323475 15.235080122947691 19.018906012177467 6.7459219619631776 11.368121661245821 4.6645973846316346 6.748391091823577 6.7239553332328788 4.3994789868593207 101.82158762961626
leaf_count=75 39 133 20 30 168 62 965 14403 548 43 136 134 112 25 122 104 942 59 93 3847 25 92 112 33 57 24 40 32 20 546
internal_value=-3.84876e-05 0.000823554 -0.00697606 -0.0288293 -0.0369567 -0.00465176 -0.00300328 0.00162127 -0.00540611 0.0244075 -0.00786805 -0.00406904 -0.0012719 -0.0252438 -0.0113135 0.0113195 0.00580058 0.00269315 -0.00366907 -0.0043543 0.00970128 0.0335831 -0.00922115 0.0535898 0.0665772 0.0340753 0.00788059 0.0205161 -0.00186186 -0.00414253
internal_weight=4249.67 3434.24 318.65 49.0174 43.7849 15.7756 269.632 3115.59 412.33 31.4521 380.878 312.544 289.521 68.334 43.8201 21.6127 192.27 2703.26 815.424 800.28 96.045 42.4585 53.5865 27.2235 22.7786 11.4105 34.5676 27.8192 21.0952 265.768
internal_count=23041 18591 1830 299 269 101 1531 16761 2299 176 2123 1736 1602 387 251 129 1054 14462 4450 4375 528 231 297 139 114 57 185 145 113 1511
is_linear=0
shrinkage=0.05


Tree=65
num_leaves=31
num_cat=0
split_feature=19 18 15 30 30 22 21 22 15 15 27 3 10 15 30 4 7 9 0 15 15 13 21 3 4 23 1 26 26 28
split_gain=5.18734 9.55837 8.71622 8.24802 8.77517 8.30082 7.90373 7.82377 7.58625 13.2688 11.9902 11.1214 10.0234 9.8777 9.21695 9.05534 12.4493 8.92995 7.80305 7.65558 10.3329 8.79059 9.95415 8.64013 10.6549 8.40163 8.94491 10.1164 10.4697 8.6138
threshold=0.51851851851851882 0.35189914795868416 1.6733200542881865 -2.1373999633353669 -1.9483340387812234 577.50000000000011 3.938414521827355 458.50000000000006 1.1430952160215464 1.1713240377788863 0.003295900882307246 -1.0780340174673848 0.24808719737269461 1.2701057932454949 -5.0775175516651414 -0.1760605319707087 1.0087250186104877 0.0048628728315018273 0.10794368169054019 0.00049390871515913139 8.4994334199161475e-05 1.7617511523598366 2.7224261292414136 -1.8090440832934727 -1.0438806071222415 -2008.9999999999998 1.338522296567958 0.00029481500000000008 0.00027550000000000008 5019.5300000000007
decision_type=2 2 2 2 2 2 2 2 2 2 2 2 2 2 2 2 2 2 2 2 2 2 2 2 2 2 2 2 2 2
left_child=8 3 6 -2 -5 7 -3 -6 19 10 12 -12 17 14 -11 16 -14 -10 -13 20 21 25 -23 24 -22 -1 27 28 -27 -29
right_child=1 2 -4 4 5 -7 -8 -9 9 13 11 18 15 -15 -16 -17 -18 -19 -20 -21 23 22 -24 -25 -26 26 -28 29 -30 -31
leaf_value=-0.042720845158409723 -0.011829211941584351 -0.0095078589032746141 -0.06201212702302196 0.072576502729982798 0.010356132552016759 0.040152532054592543 0.038074143264923414 -0.040131569585374574 -0.0041843591817354031 0.077786639718885192 -0.064785639620949215 0.055167356258405735 0.082473942076871615 0.0040738945629208182 -0.015810402190812131 -0.012732803719616229 -0.013232289223498398 0.061191869599518028 -0.021593394115121522 -0.0032962380008611705 -0.01143962841165184 -0.050007322631384278 0.0067427943118773745 0.0050926479344348659 0.047772054666538812 0.0042288558524409929 -0.027922533136811041 -0.029522655383489652 0.068700961042156283 0.01621760978251385
leaf_weight=12.025662142783402 38.887928381562233 78.115866929292679 7.039643168449401 6.0051976293325415 229.78949525952339 22.959776602685452 9.8251393735408765 7.9384309202432624 6.309107393026351 2.7055732309818259 6.6322500109672573 6.2471064776182157 7.9321440160274523 553.45315569639206 94.525611557066441 17.317711383104324 5.9440692067146301 30.351858273148537 7.043619230389595 2186.1287367269397 10.771691046655176 20.433429357595742 12.425909656099973 472.52947028726339 25.782942742109299 281.1755103636533 27.065209376625717 40.41107259131968 6.4411946218460789 13.810493932105599
leaf_count=97 198 388 33 28 1126 107 48 38 30 14 32 29 39 2632 526 82 31 138 33 12786 48 138 73 2001 114 1679 194 246 35 78
internal_value=-3.8358e-05 0.00537668 -0.00847724 0.00968276 0.0128195 0.011443 -0.0041918 0.0086702 -0.00060212 0.00395345 0.0222014 -0.0119025 0.0322147 0.00149178 -0.013206 0.0113817 0.0414768 0.0499411 0.0144868 -0.00168418 0.00213452 -0.00373382 -0.028547 0.00690437 0.0303239 -0.00159341 -0.000252725 0.00193805 0.00567271 -0.0178724
internal_weight=4248.03 400.561 94.9806 305.581 266.693 260.688 87.941 237.728 3847.46 738.462 87.7779 19.923 67.8549 650.684 97.2312 31.1939 13.8762 36.661 13.2907 3109 922.873 413.788 32.8593 509.084 36.5546 380.929 368.903 341.838 287.617 54.2216
internal_count=23041 1966 469 1497 1299 1271 436 1164 21075 3586 414 94 320 3172 540 152 70 168 62 17489 4703 2540 211 2163 162 2329 2232 2038 1714 324
is_linear=0
shrinkage=0.05


Tree=66
num_leaves=31
num_cat=0
split_feature=15 5 18 14 13 30 28 23 20 0 27 8 0 7 0 19 0 27 21 8 14 14 14 7 6 21 7 7 30 10
split_gain=5.0331 5.07948 8.97409 12.3941 13.3436 9.25756 9.61187 10.6939 8.89814 8.70983 6.91028 7.55698 6.84983 6.83501 7.05989 6.74488 6.72783 6.48824 9.12608 10.6288 9.46527 8.67429 11.9163 7.85671 11.4817 10.063 9.15253 10.5994 10.7088 9.26439
threshold=1.0000000180025095e-35 597.51750000007462 -0.67821196760164271 29194.558503602926 -0.69741469324604599 -2.0181584577351095 -51002.714999999989 227.50000000000003 -2.5000000000003881 1.4606437779726718 0.0016657949643137384 40779.804999999549 -1.1265542148930241 -2.5504536877080231 -1.4356521366090911 2.7999999999999976 1.1716632280420207 -0.0013361534901205061 0.027688577505110005 240317.33499999947 9578.3266169574872 845021.21477649559 676845.98931101325 -2.1412458779165457 -2.5209709034781427 2.8982565662761757 -1.8547732753536774 -1.4860346442851313 -2.5780724564639548 0.4277697230326461
decision_type=2 2 2 2 2 2 2 2 2 2 2 2 2 2 2 2 2 2 2 2 2 2 2 2 2 2 2 2 2 2
left_child=-1 8 3 -3 -5 -4 7 -7 12 13 11 -11 -2 -8 -15 17 -17 23 19 20 -19 22 -22 24 25 -10 29 28 -28 -25
right_child=1 2 5 4 -6 6 9 -9 15 10 -12 -13 -14 14 -16 16 -18 18 -20 -21 21 -23 -24 26 -26 -27 27 -29 -30 -31
leaf_value=-0.050793187909299632 0.0049156456897195017 0.1040813820240073 -0.027239850001789606 0.045663073019333179 -0.017615802986309295 -0.0068741230356863612 0.033421403327600435 0.05528003357875208 -0.049283000704909888 0.080216320136924382 -0.020887500297203383 -0.0064004983188422826 -0.057542504678194606 0.054023014886350931 -0.014194517863618914 0.045328462526244048 -0.015807182723590482 -0.030661419401637108 0.0010393053464188078 -0.03093749457100263 0.016040824114171143 0.073260315107862739 -0.06763875457516226 0.050002001140850516 -0.031611864666676807 0.0511110684733522 0.029421110417446685 -0.0010562118438220934 -0.026987255434405961 0.0028107392885937258
leaf_weight=4.8787575969472519 7.0617737621068981 3.6868800222873679 55.248695142567158 13.873030826449392 20.854186274111271 14.327913582324983 8.3296374157071096 13.386088974773882 3.4800033569335929 7.1130446791648883 5.0918197706341735 3.8982092812657356 11.601614668965338 3.8698917850852004 190.09008395671844 16.004352472722534 6.2604790776967993 11.401360794901846 2287.8000945597887 14.113086253404616 209.02325635403395 6.4344554618000975 4.3428464084863654 16.893495723605156 46.277524672448635 8.8277400806546193 9.588640555739401 1144.5319988876581 68.670874774456024 27.05669204890728
leaf_count=318 65 19 328 75 117 78 42 68 23 38 28 21 118 22 1044 97 38 69 12004 71 994 29 20 90 265 46 51 6320 389 154
internal_value=-3.7633e-05 2.07807e-05 -0.00584257 0.0169172 0.00766321 -0.00874378 -0.00459158 0.0231468 0.00053168 -0.00811158 0.027279 0.0495522 -0.0339099 -0.0109288 -0.0128334 0.000697319 0.0281382 0.000538974 0.00202204 0.011187 0.0137584 0.0160625 0.0143376 -0.00229564 -0.0201967 0.0227247 -0.00146773 -0.00227349 -0.0200759 0.02095
internal_weight=4244.02 4239.14 339.769 38.4141 34.7272 301.355 246.107 27.714 3899.37 218.393 16.1031 11.0113 18.6634 202.29 193.96 3880.71 22.2648 3858.44 2533.12 245.315 231.202 219.801 213.366 1325.33 58.5853 12.3077 1266.74 1222.79 78.2595 43.9502
internal_count=23041 22723 1880 211 192 1669 1341 146 20843 1195 87 59 183 1108 1066 20660 135 20525 13187 1183 1112 1043 1014 7338 334 69 7004 6760 440 244
is_linear=0
shrinkage=0.05


Tree=67
num_leaves=31
num_cat=0
split_feature=30 26 10 2 8 6 18 6 15 27 23 8 0 23 29 26 7 5 13 7 6 24 25 7 3 3 6 21 7 1
split_gain=4.96333 10.2511 10.7357 9.85425 11.3062 9.64091 8.32055 8.22267 7.11764 7.46616 8.39949 7.68615 11.7448 6.57202 6.55692 6.09295 6.72522 6.067 7.14407 5.8507 5.41753 16.3323 13.5551 11.1475 14.7132 12.9199 8.52873 13.2475 15.806 17.5233
threshold=-4.1972984581927451 0.00039550000000000007 0.65901284474204014 1.0449299655911208 2704.9349999990109 0.51140193088266306 1.3679135606119146 -0.48722486699564144 2.2941148552094188 0.0062696451711203869 213.50000000000003 100513.42999999919 -1.2982016934037428 -129.49999999999997 7699.3900000000012 -0.00010699999999999997 -0.12647298161864762 2146.6875000000005 -2.0790478911231998 -1.7097130111846386 0.33444540814210583 -0.018687894507897106 0.096571152110431976 2.7585879914629485 -0.64369351589762436 0.5312752218047837 1.2346235865597557 0.14780588055113178 1.9136252874652298 0.080517747225843081
decision_type=2 2 2 2 2 2 2 2 2 2 2 2 2 2 2 2 2 2 2 2 2 2 2 2 2 2 2 2 2 2
left_child=1 2 3 6 -5 7 -1 15 17 11 -11 12 -10 -6 -9 16 -4 20 -19 -13 23 -22 26 -2 -25 -26 27 -23 29 -29
right_child=8 -3 5 4 13 -7 -8 14 9 10 -12 19 -14 -15 -16 -17 -18 18 -20 -21 21 22 -24 24 25 -27 -28 28 -30 -31
leaf_value=-0.035693657373922189 -0.0010929016403649651 -0.063316752577809304 0.082840691912379374 -0.058677724361966679 -0.00383044819982418 -0.018815811451330513 0.044165064604405418 0.032308880497505237 -0.027066501670545303 0.016533990971695132 -0.059532413442382852 -0.050960519228698202 0.0392461480664969 0.068151141554824102 0.11522293732752986 -0.010337269583437935 -0.0045520548041506279 0.048380886049889486 -0.032208208145144142 0.008297665436009195 -0.053067410480930034 -0.01086884156199891 -0.043693445498768947 -0.053825087292655609 0.063457957649736482 -0.037779029954173343 -0.00034648049463062685 0.0033605923526704006 -0.016353620729550707 0.019574753672084614
leaf_weight=46.756505534052849 2206.878673565574 8.3678999096155149 4.8383232727646828 4.0743526890873936 5.6092199273407468 16.90548674762249 3.5063256798312059 5.9212572351098043 7.7591176852583876 7.5422879159450513 6.9949871599674225 4.862667776644229 47.884215392172337 7.2950071915984127 3.9919298440217972 13.392986662685871 4.0391550930216908 3.0921663194894817 24.852138355374336 29.046553708612919 13.275627601891754 94.72729401383549 15.667127951979635 22.418968458659947 6.4102960973978025 6.1993702379986644 895.25508892349899 346.14562658965588 56.601067110896111 321.31725921668112
leaf_count=279 12082 55 27 26 31 99 21 34 36 34 29 24 213 38 21 81 24 14 139 142 100 498 130 130 33 40 4748 1894 296 1723
internal_value=-3.71861e-05 -0.00986477 -0.00601985 -0.018998 0.0139354 0.0117573 -0.0301227 0.0278168 0.000260483 0.0131689 -0.0200673 0.0185642 0.0299993 0.0368621 0.0656974 0.0109552 0.043078 -7.43507e-05 -0.0232907 -0.000200108 8.84549e-05 0.00217931 0.00260333 -0.0015371 -0.0295223 0.0136862 0.0030265 0.00671447 0.00901485 0.0111661
internal_weight=4241.63 124.698 116.331 67.2414 16.9786 49.0891 50.2628 32.1837 4116.93 104.09 14.5373 89.5526 55.6433 12.9042 9.91319 22.2705 8.87748 4012.84 27.9443 33.9092 3984.9 1742.99 1729.71 2241.91 35.0286 12.6097 1714.05 818.791 724.064 667.463
internal_count=23041 736 681 395 95 286 300 187 22305 478 63 415 249 69 55 132 51 21827 153 166 21674 9389 9289 12285 203 73 9159 4411 3913 3617
is_linear=0
shrinkage=0.05


Tree=68
num_leaves=31
num_cat=0
split_feature=2 30 4 23 30 30 21 27 1 4 0 19 4 26 17 23 6 13 13 27 21 15 10 7 30 7 21 14 23 28
split_gain=4.91521 6.02416 6.01877 10.4329 6.70911 7.41146 7.37435 7.40278 6.14854 5.93531 6.35203 5.63733 5.53789 6.69719 5.37987 5.33215 6.88157 7.30626 6.20038 12.7651 7.58806 11.2256 5.76149 5.25066 9.8321 9.74744 13.0175 9.21841 14.68 13.2025
threshold=-2.3501683182346782 -5.4348129875936237 -1.337848911131758 178.50000000000003 0.85361906880657734 -2.8249891890593144 2.6702625358121166 -0.00041530008259044177 -1.4873753386478479 0.92490688750548455 -1.2716421106434959 -1.0769230769230818 1.5457626200433963 -0.00011378999999999997 1.0000000180025095e-35 -783.49999999999989 2.6627344104726069 0.74701414682017586 -1.0879251631695908 -0.0063325546284129222 1.9790389465485714 1.058822240817213 0.032968208484888135 -2.3973591749012755 3.5069638816280766 -1.4634390096863537 -1.0078178827763378 110855.01549330757 1621.5000000000002 -47467.32499999999
decision_type=2 2 2 2 2 2 2 2 2 2 2 2 2 2 2 2 2 2 2 2 2 2 2 2 2 2 2 2 2 2
left_child=2 9 4 -4 5 -1 8 -8 -6 10 -2 15 13 -11 23 -3 17 18 -17 -20 21 -21 -22 24 -13 26 -25 28 -28 -29
right_child=1 11 3 -5 6 -7 7 -9 -10 12 -12 14 -14 -15 -16 16 -18 -19 19 20 22 -23 -24 25 -26 -27 27 29 -30 -31
leaf_value=0.037043307034427153 0.019273656302399272 -0.041010802927149523 0.0097545020150166112 0.10997403477370843 0.044039930810646832 -0.014317797972904554 0.0048682048773954828 0.08018683496453094 -0.025111001478654211 -0.025594668210079465 -0.04506023688811725 0.0075201069211528375 -0.032651629431464234 0.058829762433983204 -0.044768952295661357 -0.020212080313437901 0.092437636617785035 -0.032167365193730889 0.1364935336273603 0.0041525553064848744 0.03850486016821783 0.10945310304426586 -0.039267789601045419 0.046160463479092605 0.086075669635170882 0.00085001007549444306 -0.0027554799978185213 0.011882865059918949 0.074802245012996649 -0.019616128062926536
leaf_weight=8.6047992184758169 4.6629637852311161 14.032304875552652 7.2061495482921583 4.0597892850637436 5.0818022042512885 38.229428561404347 5.2285202741622916 8.6753604318946582 8.7482914328575152 3.7284583030268559 21.656400058418512 132.91042189393193 6.1368278861045829 6.3495017811656007 6.6458201110362998 18.430802598595616 1.6892851144075383 23.735718123614788 2.0780466273427001 8.4017438441515058 3.185534179210662 3.6221160367131224 9.4327969253063184 11.326627954840658 4.1062642782926551 3408.4451694423333 207.54559007938951 39.531674265861511 6.2859879266470662 209.89215391874313
leaf_count=46 28 166 38 21 25 207 30 45 48 23 146 707 39 32 33 211 19 276 23 97 36 38 112 53 20 18015 1102 212 31 1162
internal_value=-3.69629e-05 -0.000281689 0.0118063 0.0458696 0.00665989 -0.00488128 0.0261494 0.0518634 0.00029818 -0.0190021 -0.0336623 -8.80145e-05 0.00479399 0.027596 0.000180365 -0.0128608 -0.00726384 -0.00970878 0.00209761 0.0174861 0.00745039 0.0358737 -0.0196339 0.000254674 0.00987435 -8.47659e-05 -0.00679832 -0.00809317 -0.000475522 -0.0146238
internal_weight=4239.67 4153.83 85.8341 11.2659 74.5682 46.8342 27.734 13.9039 13.8301 42.5342 26.3194 4111.3 16.2148 10.078 4026.69 84.6083 70.576 68.8868 45.151 26.7202 24.6422 12.0239 12.6183 4020.04 137.017 3883.03 474.582 463.255 213.832 249.424
internal_count=23041 22581 460 59 401 253 148 75 73 268 174 22313 94 55 21335 978 812 793 517 306 283 135 148 21302 727 20575 2560 2507 1133 1374
is_linear=0
shrinkage=0.05


Tree=69
num_leaves=31
num_cat=0
split_feature=15 21 13 16 6 3 4 6 2 14 21 21 5 15 1 0 10 14 8 16 4 26 6 21 7 2 4 30 18 29
split_gain=4.80399 8.21616 9.41282 7.97258 7.59598 7.42573 9.969 8.03626 7.285 12.0225 12.8673 8.73108 7.11098 7.04231 8.74845 11.707 9.86374 12.8505 10.5536 12.1067 12.8413 9.6461 8.59948 18.4547 10.0282 9.41385 8.589 8.10641 8.01914 7.96917
threshold=4.0205145218911798e-05 0.69258677010154013 -1.8262925800471537 -0.72125619721149692 -0.34746894318508531 1.4864643287966923 0.98230413378643255 -1.4254808926912208 0.41820920772192599 102074.20355939608 2.7469166548803923 2.1472750376220855 -381.38100000028493 0.00025103231082877823 0.5550372894655683 -1.3708414315117616 0.33044416775369279 202272.04200225064 31995.279999999129 0.81343623579146018 0.44505409046026634 -0.00019892999999999997 -1.6031360726138613 2.351102345859772 -1.014923570482815 -0.18341358228829333 -0.59268985163342947 0.55661070637810173 2.4502761585630974 52163.000000000007
decision_type=2 2 2 2 2 2 2 2 2 2 2 2 2 2 2 2 2 2 2 2 2 2 2 2 2 2 2 2 2 2
left_child=1 2 -1 -4 8 6 7 -5 9 10 11 -3 -6 14 16 27 22 18 19 20 -18 -19 23 -2 -25 -26 -17 -16 -24 -28
right_child=13 4 3 5 12 -7 -8 -9 -10 -11 -12 -13 -14 -15 15 26 17 21 -20 -21 -22 -23 28 24 25 -27 29 -29 -30 -31
leaf_value=0.16328515793541343 -0.045140897435665517 0.04939039062061714 -0.064811048458357973 0.12350866703395968 0.041245674615899952 0.10384652885006607 0.084409545870446537 -0.047215821160726062 -0.033397757817150833 -0.022024931765446773 -0.015776305327007547 0.18044986902484692 -0.041738216808024822 -0.00081925500173177452 0.083162635537362403 -0.024561289959210988 0.0021257513629630901 0.068361166914758228 -0.023469938891146014 -0.048077359920328494 0.070895560174514025 0.0077032889923809291 0.016116600824885668 0.093335463725539469 -0.043408624305888821 0.054583770660917699 -0.0028882407987548594 0.00093237996855794608 -0.043680552841012271 0.035458231899098608
leaf_weight=1.0667389240115888 18.249455608427525 2.6509067416191154 2.9031724762171498 0.78255800064652881 2.7979836715385309 2.5182699691504249 2.9023204939439893 5.7834666781127426 10.264889812096952 8.3988966057077032 3.1961515359580517 2.4408828672021627 33.374531622044742 3345.7068870812654 6.6159711182117444 44.341448850929737 23.655326575040817 9.087905213236807 66.731594428420067 7.606783650815486 9.5200676023960096 23.5081906914711 328.65468414127827 4.420353591442109 5.2118795067071906 4.6264837905764553 235.79264714568853 5.47935451567173 5.7040001004934302 14.374825485050676
leaf_count=7 88 28 35 5 22 19 32 80 87 61 32 18 350 18434 30 215 108 44 333 36 42 111 1505 19 28 21 1129 27 27 68
internal_value=-3.68147e-05 -0.0122448 0.0198103 0.00953144 -0.0203477 0.0275373 0.00724151 -0.0268684 -0.000254031 0.0201343 0.0628579 0.112217 -0.0353193 0.000195297 0.00436746 -0.00229968 0.00839955 -0.00288584 -0.0112235 0.00881517 0.0218601 0.0246149 0.0127095 -0.011841 0.0307788 0.00267223 -0.00427968 0.0459112 0.0150965 -0.000684821
internal_weight=4238.37 79.0808 15.9565 14.8898 63.1242 11.9866 9.46835 6.56602 26.9517 16.6868 8.28794 5.09179 36.1725 4159.29 813.581 306.604 506.977 140.11 107.514 40.7822 33.1754 32.5961 366.867 32.5082 14.2587 9.83836 294.509 12.0953 334.359 250.167
internal_count=23041 776 178 171 598 136 117 85 226 139 78 46 372 22265 3831 1469 2362 674 519 186 150 155 1688 156 68 49 1412 57 1532 1197
is_linear=0
shrinkage=0.05


Tree=70
num_leaves=31
num_cat=0
split_feature=3 7 26 19 9 14 21 14 5 5 14 13 6 1 10 2 30 6 13 21 26 10 16 30 21 16 7 30 29 4
split_gain=4.7601 8.86959 12.7116 7.34007 7.20442 7.00513 6.23851 10.4673 5.77129 8.71682 8.01114 7.22922 6.41288 5.63447 9.88557 8.02955 9.7426 9.45115 11.5085 10.4255 10.9296 10.3993 10.3698 12.0179 13.2965 9.70356 9.64937 8.92803 11.8147 9.12786
threshold=2.3330447468207303 0.70797792666719095 1.0000000180025095e-35 2.8000000000000038 0.19972126418381228 608704.74369155243 -1.4330583630232459 36916.749589278865 80.707999999867766 -9.0654999997932446 179292.00429320399 -2.0790478911231998 -1.6804911692427509 -1.3376251813633238 11.454218502855424 0.17694772455874605 4.5388942392636347 -0.9488272354021231 1.4077504642725256 0.062452143538250023 -0.00020649999999999998 0.014192140825464968 -0.95591155026278485 2.4094285203787762 2.8161265751790232 -0.38104917801597077 0.79388153220024738 -1.7474436022833486 54570.275000000001 -0.54356038170093535
decision_type=2 2 2 2 2 2 2 2 2 2 2 2 2 2 2 2 2 2 2 2 2 2 2 2 2 2 2 2 2 2
left_child=3 5 4 6 -3 8 7 -1 9 10 -2 -10 -13 14 -8 17 -17 26 19 20 21 -19 -20 -24 -25 -21 27 28 -15 -29
right_child=1 2 -4 -5 -6 -7 13 -9 11 -11 -12 12 -14 15 -16 16 -18 18 22 25 -22 -23 23 24 -26 -27 -28 29 -30 -31
leaf_value=-0.054627350650564038 -0.061556560691761832 0.022019425505970028 -0.025434888541583101 0.033889072336077818 0.10280007041015436 -0.062202611152546487 0.0046674133989404376 0.037637757877427867 0.018573097281240871 0.055275066759058258 0.019117166544022901 0.040979088129696181 -0.043080693523006183 0.005693736779674061 0.076295754583303024 0.0021194098474725882 -0.026474006759609342 0.040874961396052255 -0.031910927322399092 -0.0065169336740812994 0.028291686373043298 -0.045851905075138227 -0.010596000356639924 -0.0057522516875670024 0.068622647668860892 0.0035179700302597388 -0.017424248456289131 -0.0003442547935460275 0.075334950896613684 -0.020990706161801344
leaf_weight=3.5744874104857471 5.4736400097608584 7.8854024261236209 10.200211556628345 16.113207660615444 4.2464724332094193 8.8287937194108945 398.86074650194496 21.952589564025402 7.4605891332030287 6.4743484482169142 7.0290827080607414 2.4676296412944785 28.174096278846267 63.513207977637649 4.875833883881568 1813.5988117894158 30.288366806693375 5.078687109053134 47.139475349336863 374.99601157288998 62.324422987177968 10.821522518992422 161.2869504597038 13.615482628345491 10.757034800946711 673.70452404860407 199.15898041147739 144.36786128394306 6.7360992655158034 85.081319960765541
leaf_count=22 27 40 52 98 21 47 2221 101 36 30 35 12 150 370 28 9695 162 26 265 2044 307 57 896 72 52 3680 1151 830 41 473
internal_value=-3.63116e-05 -0.0115277 0.0157051 0.000208154 0.0502948 -0.0207552 7.6803e-05 0.0247181 -0.0143443 0.00818397 -0.0162015 -0.0255646 -0.0363112 -7.63849e-05 0.00553245 -0.000688002 0.00164972 -0.00300725 -0.000847591 0.00124313 0.0188517 -0.0181505 -0.0109683 -0.00565088 0.0270738 -7.03269e-05 -0.00889376 -0.00322499 0.0123715 -0.0080001
internal_weight=4236.09 88.2403 22.3321 4147.85 12.1319 65.9082 4131.73 25.5271 57.0794 18.9771 12.5027 38.1023 30.6417 4106.21 403.737 3702.47 1843.89 1858.58 1359.72 1126.93 78.2246 15.9002 232.799 185.659 24.3725 1048.7 498.857 299.698 70.2493 229.449
internal_count=23041 450 113 22591 61 337 22493 123 290 92 62 198 162 22370 2249 20121 9857 10264 7399 6114 390 83 1285 1020 124 5724 2865 1714 411 1303
is_linear=0
shrinkage=0.05


Tree=71
num_leaves=31
num_cat=0
split_feature=15 7 7 22 8 6 2 2 21 3 7 15 3 21 21 13 8 3 4 8 6 9 16 19 16 27 13 9 8 9
split_gain=4.69047 4.64321 7.40592 9.75674 8.03706 7.70741 10.2948 9.55912 16.7652 23.0514 15.0214 12.3747 11.9206 9.30576 10.2205 9.2164 8.37545 8.33609 7.51506 10.1017 9.60874 10.5772 10.7989 9.84224 7.46542 7.54441 7.39747 7.39174 11.9323 15.7594
threshold=1.0000000180025095e-35 -1.2850275817171335 -1.0980292558486169 -522.49999999999989 44194.894999999844 -1.7697547600370311 -2.5881329067878385 0.46788945298955392 3.1562148718680385 -1.3669378747492213 2.0304242074370014 0.45184805771491759 0.14375735097075185 1.0996141305361402 -0.32340366887636779 0.53610257005981998 176323.49499999973 0.76362763555988655 -0.54356038170093535 422892.93499999918 -2.4456200680419271 4.3469435502557392 -1.5075059569735123 0.13354564755839629 -0.81164120279788854 -0.0096779144137213429 -1.0000000180025095e-35 8.078123669272026 564321.65999999945 1.9635313844949114
decision_type=2 2 2 2 2 2 2 2 2 2 2 2 2 2 2 2 2 2 2 2 2 2 2 2 2 2 2 2 2 2
left_child=-1 -2 3 4 -3 6 -4 18 10 -10 12 -11 -9 14 -14 -13 -15 -16 20 -20 -8 22 -22 -24 -21 -26 -6 28 29 -7
right_child=1 2 5 -5 26 27 7 8 9 11 -12 15 13 16 17 -17 -18 -19 19 24 21 -23 23 -25 25 -27 -28 -29 -30 -31
leaf_value=-0.05074117482227361 -0.0033862425834796429 0.016320912465799635 0.07596887067897562 0.005804572257122882 0.028283646108371158 0.00063831592928697872 -0.029656711303772482 -0.037873796528641285 -0.022876488391198085 0.13217689760810783 0.043335975167796935 -0.014441464570127908 0.035132805775087816 0.0084838262225793454 0.027300325173137047 0.079930891044864102 0.091286743544515367 -0.055719399128726671 -0.038515450908816702 -0.051050546157007021 0.083215812507017387 -0.062644975256924335 -0.0055786391177606405 0.051045315703736438 -0.012095412827351534 0.088021794799179029 0.11172790444638357 0.030067154036854882 -0.015334815282894602 0.018832489056689342
leaf_weight=4.5559755880385628 809.57516312599182 16.379654794931415 3.6403885632753363 158.38370820134878 5.0562985017895699 2692.912042081356 34.496933169662952 34.722705654799938 9.902409031987192 5.8322368413209942 12.168446034193037 4.3489306345581991 6.9134639352560034 9.5392083302140218 3.9135826528072419 6.3859858363866806 4.4919975250959387 13.29796180129051 53.341099113225937 3.0579183250665665 4.4610682204365721 5.7435420602560034 52.741423435509205 8.9810036271810514 3.5133223161101341 4.0517522841691953 5.5950069278478605 21.750907108187675 110.12234043329954 124.52206343412399
leaf_count=318 4419 82 18 834 27 14257 214 196 58 31 64 23 35 50 20 35 23 73 308 18 27 38 326 49 22 23 29 126 619 679
internal_value=-3.58482e-05 1.87667e-05 0.00082473 0.0105429 0.0383064 0.000267706 -0.00757597 -0.00865483 0.00272608 0.0374765 -0.00808941 0.0735503 -0.0166758 0.00261467 -0.0162165 0.0416988 0.0349926 -0.0368423 -0.0161035 -0.0296482 -0.00796273 0.00244192 0.0080903 0.0026605 0.0148771 0.041526 0.0721159 0.00102711 0.000811354 0.00144244
internal_weight=4234.4 4229.84 3420.27 185.415 27.031 3234.85 285.545 281.905 111.517 26.4696 85.0474 16.5672 72.8789 38.1562 24.125 10.7349 14.0312 17.2115 170.388 63.9641 106.424 71.927 66.1835 61.7224 10.623 7.56507 10.6513 2949.31 2927.56 2817.43
internal_count=23041 22723 18304 972 138 17332 1651 1633 608 147 461 89 397 201 128 58 73 93 1025 371 654 440 402 375 63 45 56 15681 15555 14936
is_linear=0
shrinkage=0.05


Tree=72
num_leaves=31
num_cat=0
split_feature=19 18 15 15 19 29 2 23 15 5 1 27 26 8 0 3 18 13 3 16 0 15 15 27 3 15 10 13 13 4
split_gain=4.62928 8.28456 7.98033 7.95535 11.0439 7.82583 7.69921 8.35972 7.68152 8.44005 13.4409 10.1496 7.89876 8.54344 7.61034 8.67035 9.11376 7.60546 8.97991 7.52701 6.76193 6.69773 11.9589 10.757 10.3039 8.79496 8.73104 8.3925 8.30101 8.23639
threshold=0.51851851851851882 0.35189914795868416 1.6733200542881865 0.90369611595004906 2.7999999999999976 1497.7650000000001 -1.4489718026282727 -70.499999999999986 0.8793040107491823 -82.996000000042827 1.2278870177203218 -0.0024042723574604903 0.00027550000000000008 232184.35999999943 -0.74559829283367896 -0.66854629651875619 -0.031784886985686399 -1.5520555122478294 0.54976528838742877 0.56860102491679854 -1.0868166387569391 1.1430952160215464 1.1713240377788863 0.003295900882307246 -1.0780340174673848 1.2701057932454949 0.24808719737269461 -2.5708407223798164 -0.81310816976191358 -0.1760605319707087
decision_type=2 2 2 2 2 2 2 2 2 2 2 2 2 2 2 2 2 2 2 2 2 2 2 2 2 2 2 2 2 2
left_child=21 3 17 8 5 6 7 -5 9 11 -11 12 13 -2 -12 16 -16 18 -3 -8 -19 -1 23 26 -25 27 -23 -24 -29 -28
right_child=1 2 -4 4 -6 -7 19 -9 -10 10 14 -13 -14 -15 15 -17 -18 20 -20 -21 -22 22 25 24 -26 -27 29 28 -30 -31
leaf_value=-0.0015893041855614639 0.053595741041137429 0.072455564401455758 -0.059317813615112826 -0.016022498114827997 0.042129251808688865 -0.035442272893003737 0.0048318477452556881 0.069182473444670683 0.064409518418505771 0.029524934519599214 -0.055754827133122277 -0.014945497428107518 0.080068715172967542 -0.034817909316384718 0.0016794848884333314 -0.013885543324302214 0.09767059782024097 0.037613395471619869 -0.008494290799049696 -0.03405257752971444 -0.014915559428844809 0.046832356185132144 0.0927182043855799 -0.063269318690619178 0.013670751205840152 0.0037992619638195779 0.039397093461694677 -0.036833719176128814 -0.0047457954062004194 -0.01224625562360975
leaf_weight=3096.9357790984213 5.1334131956100482 6.5983031615614873 6.9769924432039252 4.7287306785583496 12.241612680256365 20.711043789982796 37.255905166268349 7.3582724481821042 7.505731798708438 98.286825001239777 6.3113972917199126 44.607642009854317 5.4734343886375418 5.8416342437267303 5.8180938437581062 20.953841492533684 4.3004324585199374 6.7431268393993369 7.125723160803318 18.688391953706741 66.99781946092844 37.041927941143513 1.8562329337000836 6.4612701833248165 13.326552137732504 552.54787850379944 14.008268080651762 29.136530078947544 65.386240944266319 17.200449496507645
leaf_count=17489 28 32 33 23 79 97 172 34 34 482 33 219 27 31 30 103 21 33 36 84 335 168 10 32 62 2632 70 162 368 82
internal_value=-3.60189e-05 0.00508492 -0.00785649 0.00908934 -0.0023904 -0.00853169 -0.000339192 0.0358482 0.0147656 0.0128715 0.0198191 -0.00256644 0.0310051 0.00653624 -0.00569897 0.00446833 0.0424763 -0.00375147 0.0304252 -0.00815763 -0.0101121 -0.000569843 0.00371422 0.0210066 -0.0114523 0.0013682 0.0304174 -0.0125692 -0.0146369 0.0109343
internal_weight=4233.56 399.658 94.442 305.216 100.984 88.7423 68.0313 12.087 204.232 196.727 135.671 61.0561 16.4485 10.975 37.3838 31.0724 10.1185 87.465 13.724 55.9443 73.7409 3833.9 736.965 88.0385 19.7878 648.927 68.2506 96.379 94.5228 31.2087
internal_count=23041 1966 469 1497 489 410 313 57 1008 974 669 305 86 59 187 154 51 436 68 256 368 21075 3586 414 94 3172 320 540 530 152
is_linear=0
shrinkage=0.05


Tree=73
num_leaves=31
num_cat=0
split_feature=15 22 0 2 21 26 23 14 6 3 23 15 0 3 23 15 13 21 6 7 15 29 30 9 9 16 13 28 21 5
split_gain=4.45119 4.51156 10.3422 7.38039 13.5881 7.22788 6.72025 8.92034 7.40898 7.25915 7.623 9.43531 6.71831 9.12945 7.60833 7.41767 9.18652 7.22559 7.79154 7.18769 8.29617 6.96674 7.28236 8.95997 11.1347 11.779 7.84524 7.00017 6.97729 6.9682
threshold=1.0000000180025095e-35 -326.49999999999994 -0.59591614925307412 -2.0298283433968849 3.8774701338572748 6.8000000000000094e-05 -471.49999999999994 6754.7188729512645 -1.7973336427042206 -0.041223832914303891 166.50000000000003 0.51958873454845278 -1.3849850188840052 1.0562805683786205 213.50000000000003 0.40164271798585155 1.391711428435398 3.1377123977694561 -1.6211607453226975 -0.12647298161864762 0.00046139417834851435 1.0000000180025095e-35 -1.8417656419447341 0.96077812092515547 6.2645366798743716 -0.052017857293774651 0.8136566316927637 -3300.0349999999994 -1.0078178827763378 -1068.7124999999066
decision_type=2 2 2 2 2 2 2 2 2 2 2 2 2 2 2 2 2 2 2 2 2 2 2 2 2 2 2 2 2 2
left_child=-1 2 3 4 5 -2 -4 -8 -9 10 11 -10 13 15 -14 16 17 18 -3 -20 -21 22 26 27 -25 -26 -16 29 -23 -24
right_child=1 12 6 -5 -6 -7 7 8 9 -11 -12 -13 14 -15 21 -17 -18 -19 19 20 -22 28 23 24 25 -27 -28 -29 -30 -31
leaf_value=-0.050703391329913416 -0.021008013568735929 -0.046157428422054024 0.0052386139447268389 -0.0062144430127623398 0.072752322525144644 0.038710780150436386 0.09659972080994722 0.070801078681554191 0.0054402065255143538 -0.0027733471702297303 -0.020178482869618583 0.068578325412270477 -0.0040006371630026873 -0.056586154420483252 0.0011591288190969959 0.0035128237251734178 0.067230692725218463 -0.019052552225245659 0.0068988594635356398 0.034104282756175212 0.10994243331443954 0.042982794389400301 0.072267425506571073 -0.01157722073487031 0.1184899119770646 -0.0065544506504628952 -0.021573701972367933 0.0041045616784336136 -0.0054523516655371924 0.013492510439943151
leaf_weight=4.3301367927342644 15.10338786989451 3.4727415740489951 462.26264659315348 295.99785412475467 8.6198410615324956 7.6245570108294478 3.7396735697984687 5.9569166824221602 9.9920801594853454 35.545919857919216 5.9700027331709853 14.5093787163496 1517.1526735126972 5.5756297037005416 110.40705074369907 204.91419027000666 9.9913389533758146 12.038497343659399 15.530729636549944 14.965550974011427 4.7509316951036444 7.5727542638778678 5.1924713328480712 118.87435687333345 3.4849457591772079 4.0977764651179305 57.832188628613949 681.31008879467845 410.00926315784454 175.01469159126282
leaf_count=318 82 21 2422 1626 47 40 23 33 48 174 31 75 8245 29 621 1174 49 60 78 76 27 34 28 650 19 24 319 3564 2204 900
internal_value=-3.52431e-05 1.6655e-05 0.00323634 -0.00377121 0.0192988 -0.000974115 0.00750026 0.0213085 0.0173964 0.0125776 0.030485 0.0428296 -0.000811991 0.00673299 -0.00147409 0.00806191 0.0234063 0.0147799 0.0252988 0.0323391 0.0523784 0.000961533 0.00296076 0.00459825 -0.00783003 0.0509147 -0.00665528 0.00642252 -0.00457399 0.015186
internal_weight=4231.84 4227.51 865.322 327.346 31.3478 22.7279 537.977 75.714 71.9743 66.0174 30.4715 24.5015 3362.19 271.24 3090.95 265.664 60.7498 50.7585 38.72 35.2472 19.7165 1573.8 1156.21 987.974 126.457 7.58272 168.239 861.517 417.582 180.207
internal_count=23041 22723 4601 1795 169 122 2806 384 361 328 154 123 18122 1514 16608 1485 311 262 202 181 103 8363 6125 5185 693 43 940 4492 2238 928
is_linear=0
shrinkage=0.05


Tree=74
num_leaves=31
num_cat=0
split_feature=16 23 0 28 22 30 2 16 15 5 0 15 27 3 6 26 29 6 4 14 20 19 26 4 1 2 7 27 5 26
split_gain=4.42864 6.81576 6.57223 6.63674 5.50426 9.07092 11.9984 11.4542 9.68612 8.27949 8.12365 9.8129 7.47835 7.4536 7.42209 7.18049 10.6254 10.1203 7.22718 6.85027 6.74232 6.51254 5.9807 9.24485 11.2903 7.51548 7.42043 6.63305 5.8521 7.93685
threshold=2.1714325390276272 -300.49999999999994 -1.4417453628821992 48960.825000000004 -280.49999999999994 -1.0855004853179857 -2.289553636597216 -1.5902254454305285 5.0646005431739147e-05 1646.5130000000356 -0.59591614925307412 1.765778588345988 -0.0053593850683545932 2.3330447468207303 -0.46581194736277226 0.00018732500000000004 69168.125000000015 -1.9051910495428324 -0.3045542939433219 70979.60559064777 -2.5000000000003881 -0.7777777777777779 0.00010799999999999996 0.75354370345542654 -1.0096474558200796 -1.7469286311873009 0.16673337766329524 0.0013332020325775853 -18.969999999972057 -0.00041049999999999989
decision_type=2 2 2 2 2 2 2 2 2 2 2 2 2 2 2 2 2 2 2 2 2 2 2 2 2 2 2 2 2 2
left_child=4 -2 -3 -4 5 6 -1 12 -7 10 11 21 -8 15 -14 17 -17 18 -12 -16 -6 -10 25 24 -24 -19 -25 -26 -27 -30
right_child=1 2 3 -5 20 8 7 -9 9 -11 13 -13 14 -15 19 16 -18 22 -20 -21 -22 -23 23 26 27 28 -28 -29 29 -31
leaf_value=0.063283790243778462 -0.033726733335745621 0.049635350016538127 -0.018376460434255937 0.039847187804469053 -0.03582660165850262 -0.023896212643252715 0.080288850023100489 -0.0099418571767723556 -0.043649178439553273 -0.044585049510053078 0.0064659449513287505 0.042077571750371009 0.055702385740288532 -0.026462206727342077 0.033587764845567226 -0.00013077317494369258 0.069007010873996827 -0.033521781448286707 0.080464336172358514 -0.034079830625529176 -0.00067082729153749459 0.00027187259826757718 0.095177654559651881 0.033719046036839805 -0.031919816448356647 0.025831142565053429 0.11552859443434574 0.030054382004649952 0.034821697459679127 0.0038215445118157665
leaf_weight=6.3673963621258727 24.611094498075545 5.6561667993664733 28.816035160794854 5.8957487493753424 13.696492321789263 25.26573024969548 4.9051871672272709 223.96031501796097 8.7712807022035104 7.502761982381343 4.7920478656888017 13.754915595054625 6.7983330097049537 11.910331524908541 6.2479965677484826 111.99576212465763 5.8473337069153777 8.3842959478497487 10.594806686043736 9.3179656043648702 3202.2813562313095 223.49876359850168 3.7439034879207638 5.7936564981937391 8.5431346967816371 77.586304821074009 5.3142108246684074 8.7288239374756795 24.712274357676506 125.51685433834791
leaf_count=34 136 30 161 33 139 235 26 1248 107 43 30 67 35 59 34 558 30 45 51 51 17404 1151 19 33 47 398 26 42 128 641
internal_value=-3.4853e-05 -0.0129875 -0.000343389 -0.00848725 0.000167183 0.00351142 -0.00449854 -0.00621648 0.00649202 0.00764313 0.00823731 0.0010433 0.0243795 0.012518 0.0121169 0.0136742 0.00329982 0.0179833 0.0574184 -0.00691884 -0.000820552 -0.00138673 0.0157219 0.0359634 0.0164628 0.012969 0.0728583 -0.000599578 0.01468 0.00892098
internal_weight=4230.81 64.979 40.368 34.7118 4165.83 949.854 257.597 251.23 692.257 666.991 659.489 246.025 27.2695 413.464 22.3643 401.553 117.843 283.71 15.3869 15.566 3215.98 232.27 268.323 32.1237 21.0159 236.2 11.1079 17.272 227.815 150.229
internal_count=23041 360 224 194 22681 5138 1428 1394 3710 3475 3432 1325 146 2107 120 2048 588 1460 81 85 17543 1258 1379 167 108 1212 59 89 1167 769
is_linear=0
shrinkage=0.05


Tree=75
num_leaves=31
num_cat=0
split_feature=5 9 27 28 4 14 15 27 26 10 20 10 23 8 6 14 18 21 26 0 14 8 27 18 25 8 19 14 18 15
split_gain=4.23161 8.53996 9.29067 10.3621 8.0559 9.31595 8.72601 11.5034 12.467 8.50249 7.58191 7.49547 9.77164 11.2998 8.10508 8.54576 13.3838 7.8081 7.71458 6.60192 6.38681 7.93231 7.3528 8.41092 6.15492 5.94179 5.90015 7.58683 6.52642 7.45158
threshold=597.51750000007462 0.85556693667869133 -0.0052303427888948919 -112720.47999999998 -1.1651382677615574 106051.90309316183 0.87823476163551106 -0.0060218051118878782 -4.9939999999999952e-05 1.0333072056044788 -2.5000000000003881 0.99699814978188717 838.50000000000011 42387.794999999074 -2.1769643297266907 29194.558503602926 -0.67821196760164271 1.4018540324843016 -4.9939999999999952e-05 -1.1265542148930241 302951.43558322423 748601.77499999921 -0.0025648774909282075 -0.21477859780544545 0.34451497428333905 14434.704999999216 1.272727272727274 120311.03831593685 0.52451007461480115 0.90369611595004906
decision_type=2 2 2 2 2 2 2 2 2 2 2 2 2 2 2 2 2 2 2 2 2 2 2 2 2 2 2 2 2 2
left_child=10 2 -2 -4 -3 -6 7 8 -7 -9 19 14 13 17 -5 16 -16 -13 -19 24 22 -22 23 -8 -1 -18 -12 28 29 -28
right_child=1 4 3 11 5 6 20 9 -10 -11 26 12 -14 -15 15 -17 25 18 -20 -21 21 -23 -24 -25 -26 -27 27 -29 -30 -31
leaf_value=-0.025718656400125269 -0.037775661210550447 -0.043780385352333979 0.063123756025350655 0.054094321030126458 -0.027096728354648571 0.13392119917031933 0.066185450425514575 0.059478895852197435 0.031644722358272155 -0.012081854652376427 0.00016667317135755471 -0.0032762245900809571 0.079380265953976167 -0.024365835281026104 0.10104130622001027 -0.01944299210243931 -0.01761623061642523 0.0065188946594448294 0.090356427450652463 -0.056851928531833754 -0.037743847505081092 0.028470560309917171 0.07213231296530162 -0.026083262759038123 0.076014846929386815 0.055873546632496773 0.041158396023786653 -0.00017040743596053788 -0.0089949404162921482 0.0054154482278902507
leaf_weight=4.8210111930966404 27.017432853579521 6.8767145052552214 5.1851168274879447 4.3465002328157416 12.451645970344542 5.443696916103363 3.6070936769247064 6.6192788854241398 6.5823073536157626 11.130763396620749 3707.7499785143882 11.071017108857633 4.4785732701420775 21.173716709017754 3.6875152289867428 144.66371400654316 14.426312893629076 4.6702993363142005 6.6524743586778632 10.722141791135071 13.290749609470369 6.8564661890268317 5.7956234291195861 7.8340527415275583 2.1496655680239201 3.3983653038740149 40.150124713778496 89.105978086590767 14.529156059026716 22.8976019769907
leaf_count=48 166 43 24 23 68 30 18 36 37 63 20238 63 24 126 18 800 92 29 36 118 69 36 28 43 17 18 172 387 63 108
internal_value=-3.43099e-05 -0.00540704 -0.0100796 -0.00673542 0.00814097 0.0126258 0.0199905 0.0401849 0.0779412 0.0146043 0.000431247 -0.0083927 0.00905095 0.00182137 -0.0133076 -0.0150706 0.0143329 0.0265818 0.055776 -0.0322254 0.00390581 -0.0152099 0.0262492 0.00300664 0.00565463 -0.00360503 0.000580375 0.0097829 0.0212154 0.0281773
internal_weight=4229.39 337.259 250.771 223.754 86.4884 79.6117 67.16 29.776 12.026 17.75 3892.13 218.568 48.0461 43.5675 170.522 166.176 21.5122 22.3938 11.3228 17.6928 37.384 20.1472 17.2368 11.4411 6.97068 17.8247 3874.43 166.683 77.5769 63.0477
internal_count=23041 1890 1419 1253 471 428 360 166 67 99 21151 1229 278 254 951 928 128 128 65 183 194 105 89 61 65 110 20968 730 343 280
is_linear=0
shrinkage=0.05


Tree=76
num_leaves=31
num_cat=0
split_feature=15 13 4 7 13 21 15 15 21 7 9 21 10 13 1 13 26 3 2 9 26 29 23 6 5 5 13 29 5 5
split_gain=4.19966 4.11779 9.86759 13.0494 8.73151 11.9169 14.124 12.7371 11.348 10.49 15.737 14.2643 12.3481 9.91862 9.69333 14.012 9.45147 9.13802 11.1923 9.21658 10.0854 8.97849 8.90336 8.59306 11.8239 11.8792 9.99699 12.2013 9.9484 11.0867
threshold=1.0000000180025095e-35 1.4077504642725256 1.0684213375339613 1.3683467988702833 0.41873174311485478 2.1869744588199462 0.69710143774728917 0.63505289787980901 2.6836712680721404 0.77885528548316751 0.044035730076034334 1.8926002956077526 0.016667733092494277 0.61470517135694935 0.59885749775578101 0.8136566316927637 -0.00070390499999999979 -2.1523960353386902 -1.8636440859864354 0.77772288794463695 0.00034806000000000008 -8089.0199999999995 442.50000000000006 1.6105393258209129 168.72500000009316 37.547000000020496 0.55791520123130389 9837.4150000000027 161.09899999992925 -144.83850000007075
decision_type=2 2 2 2 2 2 2 2 2 2 2 2 2 2 2 2 2 2 2 2 2 2 2 2 2 2 2 2 2 2
left_child=-1 4 3 -3 -2 7 16 9 -8 -6 -11 12 -12 -9 22 -16 -7 18 -10 -19 21 -21 -14 26 25 -25 27 -18 29 -28
right_child=1 2 -4 -5 5 6 8 13 17 10 11 -13 14 -15 15 -17 23 19 -20 20 -22 -23 -24 24 -26 -27 28 -29 -30 -31
leaf_value=-0.050663764843465131 -0.00084225220641831813 -0.0029188737260329813 0.0069276994944046577 -0.022363268576566252 0.012073775789916644 0.055007511972965398 -0.0099370773496364525 0.023107757477560588 0.040347489724812266 0.0066013500693777238 0.12791859635163946 0.13122307365472716 0.029305678225509498 -0.0021256517533579091 0.017597690733917152 0.13292217315733873 -0.060328581526495145 0.012046796588417261 -0.034757587422531752 0.0039503935778517135 -0.021963470412353091 0.063881116686796899 -0.054675916668085148 0.0076997644175848387 -0.035713246224011723 0.076058353999259531 0.0015477746813826387 0.034109069663474607 0.0090309527247497343 -0.026221455905887203
leaf_weight=4.0918784141540518 2507.8806995414197 444.70274184271693 175.23288610577583 107.05872498452663 155.50383138284087 5.8047987818717948 61.819684997200966 48.210159964859486 6.9320675730705288 27.167949520051479 3.8778543099761 5.44517708569765 15.208638407289987 202.61533627659082 5.6366694644093496 4.9442051127552986 19.702521249651912 109.19371528178453 17.440805710852146 8.1433768421411497 5.6653589829802504 26.871549800038338 3.9822748452424994 23.970319539308548 10.261654265224932 8.6483640000224096 56.495199657976627 4.1386910900473586 52.648780763149261 98.803730547428131
leaf_count=318 13512 2437 918 590 812 31 325 244 36 130 21 29 78 1073 31 26 110 587 100 45 33 142 22 125 57 42 317 24 290 536
internal_value=-3.40345e-05 1.50115e-05 -0.0034089 -0.00669169 0.000726809 0.00470506 -0.000544404 0.0104427 0.0084677 0.0191724 0.0358313 0.0561439 0.0439946 0.00272436 0.0330632 0.0714862 -0.00812962 0.0149974 -0.0133964 0.0196149 0.039929 0.0499431 0.0118788 -0.00946395 0.0110976 0.025824 -0.0132678 -0.0439348 -0.00975181 -0.0161195
internal_weight=4228.1 4224.01 726.994 551.761 3497.01 989.133 516.541 472.592 236.067 221.767 66.2628 39.0948 33.6496 250.825 29.7718 10.5809 280.474 174.247 24.3729 149.874 40.6803 35.0149 19.1909 274.669 42.8803 32.6187 231.789 23.8412 207.948 155.299
internal_count=23041 22723 3945 3027 18778 5266 2800 2466 1268 1149 337 207 178 1317 157 57 1532 943 136 807 220 187 100 1501 224 167 1277 134 1143 853
is_linear=0
shrinkage=0.05


Tree=77
num_leaves=31
num_cat=0
split_feature=2 13 18 27 0 1 22 27 20 25 19 15 19 8 18 18 18 6 26 16 29 29 3 21 27 30 8 3 6 4
split_gain=4.12565 9.17904 8.61811 8.41999 8.82702 6.78803 6.31922 5.66385 5.26408 8.81611 5.75575 7.53594 8.36297 9.32117 7.25434 8.1642 13.5099 10.9702 8.73945 8.29687 7.64698 6.97196 7.64511 6.9175 7.87243 9.41059 9.06819 8.40089 9.73504 7.14742
threshold=2.2274810894817154 1.9117737509827566 -0.26556070389485242 -0.00067233697313534558 0.3598024929364349 1.4975222516674707 42.500000000000007 0.0023503866368472797 -2.5000000000003881 0.7237943750756094 0.51851851851851882 0.30123203848528907 0.82352941176470662 19929.539999999131 0.35189914795868416 -0.48099693600061894 -0.37111882826562131 2.588439280906353 0.00023450000000000006 -0.21943780078775554 -135685.52999999997 -80139.889999999985 0.46729057112971467 -1.0078178827763378 0.00088742201363567485 -1.131145460745711 1349.0099999991853 1.735225524289747 0.54656657349556759 0.76977370843196313
decision_type=2 2 2 2 2 2 2 2 2 2 2 2 2 2 2 2 2 2 2 2 2 2 2 2 2 2 2 2 2 2
left_child=8 2 3 -2 -5 -4 -3 -6 9 -1 23 12 -12 -14 15 -13 18 19 -17 21 -16 -18 -23 24 26 -26 -10 -27 -29 -28
right_child=1 6 5 4 7 -7 -8 -9 10 -11 11 14 13 -15 20 16 17 -19 -20 -21 -22 22 -24 -25 25 27 29 28 -30 -31
leaf_value=-0.041241432426452229 -0.032547409139807831 -0.0063746794636917294 -0.029344498765674687 -0.025994170100631722 0.097285504351719287 0.023531185839878368 0.067128984891667284 0.019299086781058745 -0.054992142963990021 0.050704070878583363 0.085519114814935793 -0.0052641830253455412 0.042430227599129511 -0.0084985988729537523 -0.074327613237458401 0.029340771160185509 0.047664734752662301 0.079435372931138892 0.10199780921663736 0.016358835245815617 -0.0058959133424313932 -0.0010339705076112737 -0.041777668706764415 -0.00054542797174474708 -0.01988810183019589 0.085644221975151535 -0.014185538400655824 0.078414336506189009 -0.016036780193790127 0.034941490553697808
leaf_weight=15.820192664861681 6.7321363510563996 5.671141801401971 61.287061208859086 4.0281738527119151 5.2109875157475454 6.7369800964370361 6.0364760980010033 4.2083917632699013 6.0478864908218375 3.1214991062879553 5.2243719696998587 82.064641579985619 18.593028381466866 17.384656466543674 4.3263832479715338 11.936105303466322 5.2665775641798964 5.35775202512741 6.3355446457862845 89.919417805969715 72.388845756649971 41.053938508033752 16.000713765621185 3669.8423611838371 5.7930323556065586 9.9001723527908343 13.803649917244913 4.6120745837688428 6.6786684989929199 15.96852298080921
leaf_count=171 39 32 328 24 27 38 29 23 35 27 28 397 94 83 21 58 27 24 29 430 356 203 81 20171 27 42 69 21 32 75
internal_value=-3.42588e-05 -0.0100738 -0.0155953 0.0130998 0.0359517 -0.0241078 0.031524 0.0624427 0.000208765 -0.0260893 0.000330009 0.00622767 0.0264051 0.0178211 0.00374342 0.00775818 0.0138347 0.00911609 0.054534 0.00664137 -0.00975514 -0.00737936 -0.0124604 -0.000263845 0.01619 0.0365858 0.000825391 0.0520242 0.0225449 0.0121641
internal_weight=4227.35 99.9113 88.2037 20.1797 13.4476 68.024 11.7076 9.41938 4127.44 18.9417 4108.5 375.852 41.2021 35.9777 334.65 257.935 175.87 157.598 18.2716 152.241 76.7152 62.3212 57.0547 3732.65 62.804 26.9839 35.8201 21.1909 11.2907 29.7722
internal_count=23041 540 479 113 74 366 61 50 22501 198 22303 1831 205 177 1626 1249 852 765 87 741 377 311 284 20472 301 122 179 95 53 144
is_linear=0
shrinkage=0.05


Tree=78
num_leaves=31
num_cat=0
split_feature=3 7 26 14 19 9 15 15 27 3 10 9 26 10 3 13 1 27 27 4 7 30 4 4 1 1 1 28 15 28
split_gain=4.07394 7.71674 11.0754 6.4975 6.30731 6.0305 5.22518 9.23639 8.14525 8.52656 7.58602 7.96964 7.30231 8.24686 7.51029 11.0745 9.56973 7.78254 15.624 7.10315 9.69568 8.46038 6.77768 7.97055 6.72173 13.26 12.8506 8.72478 8.47123 7.12095
threshold=2.3330447468207303 0.70797792666719095 1.0000000180025095e-35 608704.74369155243 2.8000000000000038 0.19972126418381228 1.1430952160215464 1.1713240377788863 0.003295900882307246 -1.0890030727849249 0.24808719737269461 0.0043371449535846542 0.00053434000000000012 0.1272784670796763 -1.8090440832934727 1.0000000180025095e-35 -0.67077132950651486 -0.00090815496783647187 0.0012906899785094519 -0.1760605319707087 1.0087250186104877 -1.0150662335025917 1.2630799389905303 0.12923977911995307 -0.79574602454607468 -0.77401864107640683 -1.3560653266196516 101443.00500000002 2.0869967806410976 -19997.294999999995
decision_type=2 2 2 2 2 2 2 2 2 2 2 2 2 2 2 2 2 2 2 2 2 2 2 2 2 2 2 2 2 2
left_child=4 3 5 -2 6 -3 -1 8 10 -10 11 -8 14 -14 15 16 17 -9 -19 20 -12 -21 23 -13 26 -26 29 -27 -28 -16
right_child=1 2 -4 -5 -6 -7 7 12 9 -11 19 22 13 -15 24 -17 -18 18 -20 21 -22 -23 -24 -25 25 27 28 -29 -30 -31
leaf_value=-0.00077705610843460931 -0.013282716353268368 0.020218411570593134 -0.024252762038394202 -0.060028584488214846 0.032100039825479668 0.093118599389504675 -0.0097697523209479952 -0.0018354887742773548 -0.055273935728659018 0.013216522431516484 0.069110802512965266 0.055778523454557874 0.013125905204671166 -0.037296221861336569 0.0866959297189005 -0.021744970925156117 -0.016138572651814925 0.1187052634338133 0.018991487129330908 0.026574923729194767 -0.012630483902489801 -0.043645667036701086 0.097866567808937877 -0.0081585270064625116 0.091809760537680155 0.0097987678118335413 -0.020586255912053292 -0.026548614094366929 0.022081748350140117 0.013470369436345806
leaf_weight=3357.5833859872073 56.45031950250268 7.9093230441212672 10.098603356629608 8.5609524846076948 15.430064789950846 4.4233966618776321 6.3674109354615203 17.613587126135826 6.7140140905976322 14.060664653778074 8.4790498763322812 20.08212981373072 12.302525617182253 23.792353354394436 3.688306212425231 67.64131823182106 26.443704433739185 5.1740241125226047 16.3184494972229 7.6214473396539679 6.340493991971015 9.8114412054419535 6.3233262598514548 6.4367880523204795 4.7921286821365348 353.70747849345207 77.447998940944672 17.31841928511858 13.688804656267164 33.258413106203079
leaf_count=18769 290 40 52 47 98 21 31 98 34 65 40 92 57 123 16 359 140 26 83 36 33 48 27 30 22 1668 388 85 65 158
internal_value=-3.34399e-05 -0.0107135 0.0145732 -0.0194384 0.000192224 0.0463656 7.28113e-05 0.00380081 0.0186392 -0.0089184 0.0266504 0.0414253 0.00176773 -0.0201104 0.00300725 -0.00755198 0.00709388 0.0228038 0.0429962 0.00868843 0.0341381 -0.0129461 0.0513509 0.0402594 0.00579826 0.00916955 -0.00409364 0.00810218 -0.0141775 0.0207803
internal_weight=4225.88 87.4426 22.4313 65.0113 4138.44 12.3327 4123.01 765.424 92.2368 20.7747 71.4621 39.2097 673.188 36.0949 637.093 133.191 65.5498 39.1061 21.4925 32.2524 14.8195 17.4329 32.8422 26.5189 503.902 375.818 128.084 371.026 91.1368 36.9467
internal_count=23041 450 113 337 22591 61 22493 3724 436 99 337 180 3288 180 3108 706 347 207 109 157 73 84 149 122 2402 1775 627 1753 453 174
is_linear=0
shrinkage=0.05


Tree=79
num_leaves=31
num_cat=0
split_feature=30 26 10 2 8 6 18 29 4 15 27 23 0 29 15 23 4 0 23 4 13 14 0 6 0 0 9 2 10 27
split_gain=4.03601 9.57446 9.7698 8.90044 10.0861 8.59728 8.31645 7.31784 13.4348 6.05573 6.49697 7.45874 7.20743 7.53089 6.44229 5.79418 5.52462 5.61025 5.38431 5.31474 7.45925 9.73447 6.64124 7.45829 5.26397 5.55423 5.87462 5.08327 7.36943 6.882
threshold=-4.1972984581927451 0.00039550000000000007 0.65901284474204014 1.0449299655911208 2704.9349999990109 0.51140193088266306 1.4224716291164412 24690.015000000003 -0.070932149762355276 2.2941148552094188 0.0062696451711203869 213.50000000000003 -0.80006590193323568 54570.275000000001 3.8340579091463396 -129.49999999999997 -0.8097159832126366 -0.0435168097789198 -383.49999999999994 2.7040400972782046 -1.2798408733701196 220005.32266988078 0.6816951635492553 -1.0000000180025095e-35 -1.4417453628821992 -1.2896013348161162 0.64091202196544816 -0.27749340309370757 2.55491136541779 -0.0061579132449033893
decision_type=2 2 2 2 2 2 2 2 2 2 2 2 2 2 2 2 2 2 2 2 2 2 2 2 2 2 2 2 2 2
left_child=1 2 3 6 -5 7 -1 27 -9 19 12 -12 14 16 24 -6 17 -14 -7 -2 -21 22 -22 -24 -11 -26 -27 28 -4 -29
right_child=9 -3 5 4 15 18 -8 8 -10 10 11 -13 13 -15 -16 -17 -18 -19 -20 20 21 -23 23 -25 25 26 -28 29 -30 -31
leaf_value=-0.034294381627936833 0.00014107902667054683 -0.062248714160179644 -0.047702233569978464 -0.057510813741761868 -0.004052823619202759 0.035707817256056242 0.04690296714569317 0.14554794507038057 0.017993530890521081 0.061808386539782129 0.015705226119897948 -0.056280148488557183 0.029886199868465531 -0.01959814421249682 -0.050913788549761613 0.063379501128864424 0.044410388962363503 -0.041010557622196318 -0.032785563302256106 -0.049285639278260213 -0.026711674616808258 -0.037773711116514772 -0.0046966694727023986 0.057225201141560426 -0.034020764698892196 0.043453822577895346 -0.022973271634954925 -0.010804703295657284 0.04556983292753914 0.060438812193593608
leaf_weight=45.577195619232953 3942.9957445878536 7.8897679708898059 6.2784534245729446 3.8629933372139957 5.5722933467477569 3.6865305081009891 3.3879221342504016 3.286281943321228 5.5518059730529767 3.9312639236450257 7.4763086065649969 6.937672346830368 8.2822738364338857 7.2965884357690802 5.5322954133152953 7.4376945495605442 37.36989938467741 4.2082368135452262 12.943055242300032 12.603240509517489 7.7849380532279637 15.033312178216873 9.2339468449354172 10.272794115357101 8.0783692374825531 8.6824260205030388 5.397418111562728 5.7521000206470463 3.1956129521131516 8.253562926314773
leaf_count=280 21519 55 40 26 31 22 20 19 31 20 34 29 41 34 26 38 169 20 77 69 47 85 50 57 40 37 28 33 20 44
internal_value=-3.2723e-05 -0.00896923 -0.00530707 -0.0178846 0.0134327 0.0116107 -0.0286763 0.0266423 0.0654223 0.000234591 0.0121936 -0.0189424 0.0172488 0.0278453 -0.00190467 0.0344976 0.0347882 0.00600004 -0.0176016 -7.40893e-05 -0.0155198 -0.0054653 0.0123314 0.0279131 0.00848775 -0.000972283 0.0179894 0.012045 -0.0162415 0.0311792
internal_weight=4223.79 122.675 114.786 65.8381 16.873 48.9474 48.9651 32.3178 8.83809 4101.12 103.193 14.414 88.7788 57.157 31.6218 13.01 49.8604 12.4905 16.6296 3997.92 54.9282 42.325 27.2917 19.5067 26.0895 22.1582 14.0798 23.4797 9.47407 14.0057
internal_count=23041 736 681 395 95 286 300 187 50 22305 478 63 415 264 151 69 230 61 99 21827 308 239 154 107 125 105 65 137 60 77
is_linear=0
shrinkage=0.05


Tree=80
num_leaves=31
num_cat=0
split_feature=16 23 0 28 26 18 22 30 2 16 15 5 0 15 3 14 27 7 29 30 26 9 5 5 1 19 1 23 14 23
split_gain=4.01509 6.30988 5.78044 5.89822 5.33135 6.90217 4.91656 7.9542 10.5087 10.2115 8.67017 7.27614 7.13959 8.78891 6.56023 6.54465 6.50245 7.14984 6.4246 9.31385 8.93806 6.99631 7.8245 6.53471 13.0168 6.07753 5.82896 5.67742 8.87671 8.39056
threshold=2.1714325390276272 -300.49999999999994 -1.4417453628821992 48960.825000000004 -0.00020649999999999998 -0.94586671663673549 -280.49999999999994 -1.0855004853179857 -2.289553636597216 -1.5902254454305285 5.0646005431739147e-05 1646.5130000000356 -0.59591614925307412 1.765778588345988 2.2506238123594984 101137.99889801943 -0.0053593850683545932 -0.44295765860337039 541.6350000000001 -0.67333161358346649 0.00018732500000000004 1.6208265749304906 -172.18849999993105 -117.60199999995528 -0.69632226017613419 -0.7777777777777779 -0.35068079392452439 -407.49999999999994 41713.329204334172 -153.49999999999997
decision_type=2 2 2 2 2 2 2 2 2 2 2 2 2 2 2 2 2 2 2 2 2 2 2 2 2 2 2 2 2 2
left_child=6 -2 -3 4 5 -4 7 8 -1 16 -9 12 13 25 18 -16 -10 -18 20 -20 27 22 -21 -24 -25 -12 -26 -14 -29 -30
right_child=1 2 3 -5 -6 -7 -8 10 9 -11 11 -13 14 -15 15 -17 17 -19 19 21 -22 -23 23 24 26 -27 -28 28 29 -31
leaf_value=0.058490796803909263 -0.032575870332758806 0.04606273612082163 0.066992664734556659 0.037030896939754636 -0.031607847946115229 -0.023850394467540368 -0.00077461770418217829 -0.022895346366207152 0.074172042685100859 -0.0093864253517286691 -0.042971868501791882 -0.042637869351166785 0.011677622903253575 0.039875065603984905 0.034017594240009247 -0.041773766306815882 0.047523236817200422 -0.010746209486987578 0.069892118915951137 -0.02203728194798063 -0.0034250658299782182 0.079768155931614973 0.086721478723180506 -0.062438830541503301 0.09879250569501917 0.00025118038562255054 0.021285607287018234 0.085192903451814961 0.056390612864446049 -0.0030468008645193083
leaf_weight=6.5144264772534362 24.224959906190634 5.7649286016821852 3.6991723403334618 6.0008716508746138 20.003957112319767 4.8094829842448252 3209.7022336563095 24.839249774813652 5.0550246685743359 222.35355735663325 8.4401647783815843 7.2469653189182273 179.82467138022184 13.711472302675245 3.8996401429176322 10.565070960670708 8.4867707779631072 13.865347757935519 10.022286601364611 11.82131766527891 93.953291203826666 4.4741857051849356 3.6915016099810591 4.631701372563831 2.5325904712080876 223.27572917193174 57.513453409075751 6.8165026605129269 9.9021029397845322 14.830314479768271
leaf_count=34 136 30 20 33 115 26 17543 235 26 1248 107 43 930 67 18 54 43 77 50 64 470 23 18 25 13 1151 287 33 50 72
internal_value=-3.2125e-05 -0.0124111 -0.000283195 -0.00802455 -0.0175071 0.015644 0.000159912 0.00332311 -0.00420178 -0.00583697 0.00610991 0.00718983 0.00773703 0.000978451 0.011739 -0.0213407 0.0229597 0.0113778 0.0129352 0.0243139 0.00940647 0.0189185 0.0155235 0.0220179 0.0183249 -0.0013232 0.0245547 0.0151099 0.0346737 0.0207501
internal_weight=4222.47 64.5034 40.2784 34.5135 28.5126 8.50866 4157.97 948.267 256.275 249.761 691.992 667.153 659.906 245.427 414.479 14.4647 27.4071 22.3521 400.014 94.687 305.327 84.6648 80.1906 68.3692 64.6777 231.716 60.046 211.374 31.5489 24.7324
internal_count=23041 360 224 194 161 46 22681 5138 1428 1394 3710 3475 3432 1325 2107 72 146 120 2035 480 1555 430 407 343 325 1258 300 1085 155 122
is_linear=0
shrinkage=0.05


Tree=81
num_leaves=31
num_cat=0
split_feature=7 13 10 7 8 30 3 8 9 15 0 14 23 21 14 2 4 30 16 0 18 18 8 26 6 8 27 26 3 4
split_gain=3.98698 7.35024 9.23412 9.17428 11.2748 12.7757 10.0754 9.76737 13.9831 11.5751 12.9621 10.7792 12.3517 8.92904 12.0472 10.7851 8.79638 9.04644 11.1994 8.71844 9.11449 13.8209 13.4192 9.27617 8.24027 8.08716 7.98747 7.70682 7.20098 12.3084
threshold=-1.2850275817171335 -1.2168195280047884 8.4183845156308408 -2.4732775115990271 110256.47499999985 3.0499780236753637 -1.0683853731021951 544351.9799999994 1.1161845107033777 0.40824829151909464 -1.1675357518845997 95681.462320898063 1621.5000000000002 1.7421359732980946 100340.685922772 -0.24070565976877792 -2.1597808307828452 -2.8249891890593144 -0.21943780078775554 -0.75516882516941009 0.10177588381245674 -0.015142245475397916 55414.929999999375 -0.00013149999999999997 -2.6916081207716811 4050.7499999991273 0.0044594088748365355 1.0045000000000018e-05 -0.68087926453801295 1.3705382089202722
decision_type=2 2 2 2 2 2 2 2 2 2 2 2 2 2 2 2 2 2 2 2 2 2 2 2 2 2 2 2 2 2
left_child=1 2 -1 4 5 6 -3 8 11 -9 -11 12 16 15 -15 -8 -5 18 -18 -19 21 26 23 -23 -6 -13 -21 -25 -27 -30
right_child=-2 3 -4 7 24 -7 13 9 -10 10 -12 25 -14 14 -16 -17 17 19 -20 20 -22 22 -24 27 -26 28 -28 -29 29 -31
leaf_value=0.0036264636845392607 0.00071487446621479095 -0.014942324735313432 0.06776109448857448 0.065927149404642074 0.034530101471846597 0.1029770832991615 -0.065692002986443093 0.10345166866056064 -0.033409676157894606 0.10202471248428838 -0.012409513846762617 -0.029347410201684729 0.07581124984426417 0.0088401696075720102 0.08199742442156549 0.023250110909067333 0.08034522193384537 -0.022834492718305371 -0.0088926886451678386 0.0061019941462566703 -0.0175708465876298 0.11410549210843279 -0.034988772746361106 -0.027558203910060627 -0.027057319817383359 0.0015826214568011822 -0.050894385295452184 0.064643570996839345 -0.028062017249246313 0.012027960099556968
leaf_weight=175.04655956383795 3415.1866987179965 20.067084014415741 5.7983295768499366 4.9069945067167273 6.7382222637534133 4.3383957371115676 4.3917873650789288 3.8367048054933575 55.879315353929996 2.9938211068511054 14.268148820847269 61.984539742581546 5.5115389525890341 10.160279184579851 12.613805354572831 15.221806578338144 7.172689788043499 49.213131018914282 6.896338075399397 51.441200396977365 39.156803662888706 6.2719660624861762 4.1057432293891898 3.1910955915227532 28.000576935708523 91.40510118752718 6.9810701310634604 7.8212940050289035 74.845520574599504 25.72667632624507
leaf_count=931 18591 113 32 27 38 20 27 19 324 19 86 365 30 54 66 76 39 273 41 278 207 32 23 19 157 511 40 38 426 139
internal_value=-3.16294e-05 -0.00319477 0.00568278 -0.00576292 0.00799235 0.0200085 0.0142451 -0.00843018 -0.00982948 0.0248971 0.00743733 -0.00687929 0.00203868 0.0280629 0.0493595 0.00333459 -0.000133809 -0.00191246 0.0366027 -0.00513438 0.0021875 0.0118812 0.0462675 0.0655692 -0.0151113 -0.013645 -0.000708692 0.037926 -0.00857506 -0.0178069
internal_weight=4221.17 805.987 180.845 625.142 101.532 66.7932 62.4548 523.61 502.511 21.0987 17.262 446.632 192.67 42.3877 22.7741 19.6136 187.158 182.251 14.069 168.182 118.969 79.8124 21.3901 17.2844 34.7388 253.962 58.4223 11.0124 191.977 100.572
internal_count=23041 4450 963 3487 551 356 336 2936 2812 124 105 2488 1047 223 120 103 1017 990 80 910 637 430 112 89 195 1441 318 57 1076 565
is_linear=0
shrinkage=0.05


Tree=82
num_leaves=31
num_cat=0
split_feature=25 18 6 25 23 19 22 13 3 21 20 5 9 27 28 10 23 8 6 4 14 15 27 26 10 21 26 26 8 8
split_gain=3.96386 15.1562 12.5348 10.8266 12.4974 10.7833 7.01104 8.17164 9.3724 6.22139 5.32815 4.82502 8.50848 7.66399 9.59407 7.72655 8.29802 10.1769 7.40958 7.36603 8.34681 7.33313 9.51681 10.0706 7.30888 6.70668 6.50045 6.45965 8.40318 8.01157
threshold=1.0000000180025095e-35 -0.1785799277866344 0.47528415870741453 0.74627680188865397 234.50000000000003 0.096211484489718807 58.500000000000007 -0.65678452328440795 -0.82616036611368426 2.8273166764678583 -2.5000000000003881 597.51750000007462 0.85556693667869133 -0.0052303427888948919 -112720.47999999998 0.99699814978188717 838.50000000000011 42387.794999999074 -2.1769643297266907 -1.1651382677615574 106051.90309316183 0.87823476163551106 -0.0060218051118878782 0.00015235000000000002 1.0333072056044788 1.4018540324843016 -4.9939999999999952e-05 0.00038750000000000009 137895.5599999991 72312.214999999138
decision_type=2 2 2 2 2 2 2 2 2 2 2 2 2 2 2 2 2 2 2 2 2 2 2 2 2 2 2 2 2 2
left_child=10 2 3 4 -2 -6 7 -3 9 -9 -1 -12 13 -13 -15 18 17 25 -16 -14 -21 22 23 -22 -24 -17 -27 28 29 -20
right_child=1 6 -4 -5 5 -7 -8 8 -10 -11 11 12 19 14 15 16 -18 -19 27 20 21 -23 24 -25 -26 26 -28 -29 -30 -31
leaf_value=-0.0366467525020489 -0.0254099359950847 0.060261058682459262 -0.044174952716742544 0.095005534447527615 0.017916333454730766 0.1274069374838166 -0.04473461798802373 -0.021207512673313604 -0.039204904212735196 0.056062419795251853 0.00078429521599672621 -0.035994122326897048 -0.042552873257564024 0.059603385237668616 0.049564859900144649 -0.0028717348612094483 0.072228866761386609 -0.023364622433315111 -0.013125527639259324 -0.025854788754826385 0.10152547738536935 0.0041066335669967171 0.054510519448401129 0.005500490946727883 -0.011393488134832194 0.0060229021613505303 0.082400936276099887 -0.043336351788750782 -0.049809529701540969 0.024776343459893092
leaf_weight=9.7900632880628091 9.3859198912978261 3.672542877495288 6.5043062381446353 5.597546584904193 6.6772486343979818 3.390618234872818 25.916563473641872 4.9491548240184802 19.532689563930035 5.4998425543308258 3794.2550356220454 26.113494986668229 6.6822570338845244 5.2281453162431708 4.417811967432498 11.013733960688116 4.62861344218254 20.871897414326668 106.20157085545361 12.261549673974512 8.4912143647670764 37.194881722331047 6.8044879660010364 4.0244937092065802 11.020491778850554 4.6654990985989562 6.9143598526716223 19.092988200485706 13.434785045683382 16.049357190728188
leaf_count=108 64 28 53 34 40 20 180 35 133 37 20488 164 43 24 23 63 24 126 597 68 45 194 36 22 63 29 36 99 77 88
internal_value=-3.18129e-05 -0.0103468 0.0176702 0.0337276 0.0160958 0.0547902 -0.0251878 -0.0101352 -0.0187582 0.0194636 0.000195828 0.000283388 -0.00556251 -0.0104319 -0.00729088 -0.00897804 0.00858476 0.00180734 -0.0142839 0.00787404 0.0120968 0.0189872 0.0372294 0.0706481 0.0137646 0.0250611 0.0516284 -0.0161063 -0.0122746 -0.00814969
internal_weight=4220.28 91.1264 31.5556 25.0513 19.4538 10.0679 59.5708 33.6542 29.9817 10.449 4129.16 4119.37 325.112 238.632 212.519 207.291 48.0941 43.4655 159.197 86.4794 79.7971 67.5356 30.3407 12.5157 17.825 22.5936 11.5799 154.779 135.686 122.251
internal_count=23041 624 211 158 124 60 413 233 205 72 22417 22309 1821 1350 1186 1162 278 254 884 471 428 360 166 67 99 128 65 861 762 685
is_linear=0
shrinkage=0.05


Tree=83
num_leaves=31
num_cat=0
split_feature=15 21 13 16 6 2 14 21 5 14 15 1 0 26 6 7 7 13 4 2 10 10 9 7 18 10 14 4 13 6
split_gain=3.89512 7.51031 7.85854 7.30402 7.15169 6.87795 10.972 9.28016 6.57842 6.51454 6.43903 8.09064 10.1589 8.53437 8.51426 8.28163 9.57659 10.0391 8.23675 8.13296 7.54417 12.1095 9.14568 7.74939 7.42062 7.2576 12.5571 8.19444 7.85763 7.58983
threshold=4.0205145218911798e-05 0.69258677010154013 -1.8262925800471537 -0.72125619721149692 -0.34746894318508531 0.41820920772192599 84444.244408158571 2.7469166548803923 -381.38100000028493 76584.497645456315 0.00025103231082877823 0.5550372894655683 -1.3708414315117616 0.00029481500000000008 2.588439280906353 -0.3527278377617647 1.8650488866142152 0.28300959987792468 -1.0593180457652571 2.2896892841038183 0.90568209676840328 0.25855714927533652 0.013854353295143012 -1.2166008327404658 -0.08297187834208393 0.33044416775369279 202272.04200225064 -0.33485461631829766 1.58130681544064 -1.6398629488892225
decision_type=2 2 2 2 2 2 2 2 2 2 2 2 2 2 2 2 2 2 2 2 2 2 2 2 2 2 2 2 2 2
left_child=1 2 -1 -4 5 6 7 -3 -6 -5 11 13 -13 25 15 18 -17 24 -14 20 21 22 23 -20 -18 29 27 -27 -29 -2
right_child=10 4 3 9 8 -7 -8 -9 -10 -11 -12 12 14 -15 -16 16 17 -19 19 -21 -22 -23 -24 -25 -26 26 -28 28 -30 -31
leaf_value=0.14685855560957517 -0.012332922004662766 0.11640166418467253 -0.064027713829667682 -0.01220597439116149 0.039040148586427313 -0.032302843442282944 -0.013204744997449667 -0.0044200932916973528 -0.040413465717249124 0.061900575408116401 -0.000796683541906737 0.042491327756416425 -0.056808190360020973 -0.0070385922993332411 -0.050712529846940059 -0.014354377852174771 0.095879685714264459 -0.018660093758707433 0.0059300655680946789 -0.056631376795092371 -0.021368625705067115 0.048459244228375595 -0.0045309862075858277 0.065220382135420585 0.016559537965319913 -0.026329281794188881 0.029208146414788222 -0.0027469193526953395 0.060415530761511294 0.01708204247029399
leaf_weight=1.1272334028035409 23.744931414723396 4.1049949992448154 2.722811439074575 5.6407017884775961 2.8358447020873419 9.9965241709724051 9.9184826426208001 2.593340870924294 32.025801398791373 6.2531846398487687 3332.1047376617789 12.177680045366285 4.7730684131383887 78.989997424185276 9.4860263988375646 144.35972652956843 5.3099376708269119 8.7527347207069379 11.544699326157572 4.3718296885490409 13.989706695079802 24.247813686728477 48.893241874873638 10.545025072991846 6.6304132267832774 38.815241038799286 28.125370115041733 42.957315750420094 5.5614274889230719 286.88230632990599
leaf_count=7 116 36 35 83 22 87 75 28 350 53 18434 57 24 373 45 710 24 44 58 20 67 113 227 49 31 193 133 207 25 1315
internal_value=-3.20537e-05 -0.0111585 0.0196542 0.00984423 -0.0190498 0.000468872 0.020184 0.0696241 -0.0339503 0.0267554 0.000175363 0.0041733 -0.00225575 0.00805664 -0.00411614 -0.00255656 -0.0097945 0.0220163 0.00753628 0.01024 0.0129167 0.0179533 0.00753247 0.0342336 0.0518336 0.0108551 0.000151645 -0.00920582 0.00449303 0.0148335
internal_weight=4219.48 77.2189 15.7439 14.6167 61.475 26.6133 16.6168 6.69834 34.8616 11.8939 4142.26 810.158 305.082 505.077 292.904 283.418 165.053 20.6931 118.365 113.592 109.22 95.2308 70.983 22.0897 11.9404 426.087 115.459 87.334 48.5187 310.627
internal_count=23041 776 178 171 598 226 139 64 372 136 22265 3831 1469 2362 1412 1367 809 99 558 534 514 447 334 107 55 1989 558 425 232 1431
is_linear=0
shrinkage=0.05


Tree=84
num_leaves=31
num_cat=0
split_feature=15 27 2 10 22 22 21 9 19 0 8 3 19 16 10 0 27 29 30 26 15 15 13 21 14 21 3 16 1 18
split_gain=3.89906 3.8592 6.93438 7.66702 8.80925 7.93956 7.56065 7.55931 5.23817 5.35055 8.43402 5.15794 4.91023 5.38285 17.0276 15.6334 7.89014 9.5189 8.2652 6.40421 5.45404 8.65806 8.30447 7.47062 7.17589 8.63121 14.9822 4.89145 4.75382 5.05512
threshold=1.0000000180025095e-35 -0.010979686128448405 1.9192919026152881 0.40877347508183909 -318.49999999999994 -1062.4999999999998 2.9791649061766017 2.1812678286842426 2.7999999999999976 1.1716632280420207 19929.539999999131 -2.3243764623339858 -0.73684210526315796 1.023702554289047 2.1451749448644173 0.6816951635492553 0.0031651783622285161 65938.270000000004 -2.0181584577351095 -0.00045909499999999997 0.95851447727502259 0.38400540777505066 -0.037648776902675506 3.2998152969573851 142502.43104079255 2.2635342535807905 1.1193179548094336 0.56860102491679854 -1.4494321134940453 -0.053922082981837309
decision_type=2 2 2 2 2 2 2 2 2 2 2 2 2 2 2 2 2 2 2 2 2 2 2 2 2 2 2 2 2 2
left_child=-1 2 3 6 5 -5 -2 -8 12 -10 -11 -9 13 16 15 -15 20 18 -18 -20 21 23 24 -3 25 26 -22 -7 -6 -30
right_child=1 8 -4 4 28 27 7 11 9 10 -12 -13 -14 14 -16 -17 17 -19 19 -21 22 -23 -24 -25 -26 -27 -28 -29 29 -31
leaf_value=-0.050619967310964444 -0.051721129031810933 -0.010736072531935684 -0.055299946344811016 -0.041066112758224804 0.052336725703616763 0.029948489112129269 -0.050242386983652812 -0.0067855663695484654 0.040600214690140593 0.039683925990793602 -0.06276526584355642 0.084077209313962051 0.00048946755871352395 -0.02071866373969157 0.13174435510122928 0.10774376755771123 0.088509849514637542 0.11190532388673874 0.050113210020812531 -0.021673314297912374 0.19755484718463626 -0.041131135026353294 -0.033131977790172511 0.095223741766502945 -0.012965767968329048 -0.012553452655863669 0.00083711108907336086 0.095929074150029103 0.0035533322283609423 -0.018863382735875525
leaf_weight=3.8054307848215094 15.795250140130522 10.096262656152247 7.2856159806251517 3.2941475361585644 3.3722408562898627 13.422889258712532 4.0011151582002622 3.1847697049379349 15.78523274511099 4.1850483790039998 3.8633952587842941 3.0649947971105576 3904.5836235620081 17.321543309837587 2.6479742601513854 2.7434313893318167 2.4071186855435434 2.0890640914440146 3.7622562274336877 17.834324114024636 2.1620612964034103 43.354111969470978 11.007806751877068 1.9916046559810627 5.8121254667639732 2.2999039962887764 1.7523949965834615 3.5523476153612128 48.736645348370075 51.964474961161613
leaf_count=318 101 120 44 20 20 78 27 20 104 27 22 20 20116 204 25 28 26 24 40 210 21 533 124 23 64 25 19 20 293 325
internal_value=-3.14733e-05 1.42172e-05 -0.00766039 -0.00535248 -0.000185499 0.0299709 -0.0300194 0.00342021 0.000312585 0.023684 -0.0094935 0.0377751 0.000174429 -0.0094899 0.0125727 -0.00315433 -0.014282 0.00953678 0.000627551 -0.00916766 -0.0222016 -0.0306979 -0.00175166 0.00672193 0.0269707 0.0643221 0.10949 0.043756 -0.00605877 -0.00801429
internal_weight=4217.18 4213.37 157.674 150.389 124.343 20.2694 26.0461 10.2509 4055.7 23.8337 8.04844 6.24976 4031.87 127.282 22.7129 20.065 104.569 26.0928 24.0037 21.5966 78.4763 55.442 23.0343 12.0879 12.0265 6.21436 3.91446 16.9752 104.073 100.701
internal_count=23041 22723 968 924 756 118 168 67 21755 153 49 40 21602 1486 257 232 1229 300 276 250 929 676 253 143 129 65 40 98 638 618
is_linear=0
shrinkage=0.05


Tree=85
num_leaves=31
num_cat=0
split_feature=30 0 4 4 19 29 29 0 16 16 0 6 6 18 3 2 19 15 8 4 13 21 19 4 0 5 23 26 13 16
split_gain=3.73833 4.67467 8.31532 6.98574 4.089 7.54409 7.42523 8.7852 6.43597 9.85255 10.8815 8.51566 7.28242 8.47235 6.67514 6.62678 6.84176 6.50905 8.02443 6.65187 12.7016 7.48674 9.32882 10.0804 6.85369 6.68042 6.23535 6.18359 6.75405 7.2142
threshold=-5.4348129875936237 -1.2716421106434959 1.1316538124433511 1.5457626200433963 0.51851851851851882 -135685.52999999997 -80139.889999999985 0.24951594170216465 0.18323717297858916 1.1522646965245416 -1.2799069492762374 -2.2673660540121259 2.5235807817986058 0.33983241373398482 -2.4632628909883887 0.79258354588705038 1.3999999999999886 0.30123203848528907 19929.539999999131 1.054894726098474 1.7176485300849926 1.1646678784418967 0.6363636363636368 0.37634386231328393 1.1350609479981992 84.300999999977662 285.50000000000006 -0.000122 -0.60093749235073046 -0.052017857293774651
decision_type=2 2 2 2 2 2 2 2 2 2 2 2 2 2 2 2 2 2 2 2 2 2 2 2 2 2 2 2 2 2
left_child=1 -1 -3 -4 -2 26 7 -7 12 11 -11 -10 14 -14 -8 -12 -17 18 -16 21 25 -19 -23 24 27 -21 -6 -24 -29 -30
right_child=4 2 3 -5 5 6 8 -9 9 10 15 -13 13 -15 17 16 -18 19 -20 20 -22 22 23 -25 -26 -27 -28 28 29 -31
leaf_value=0.02381574303439626 -0.00038708375685550577 -0.038766827022977138 0.047392887263734008 -0.029033050419526103 -0.045039908005321878 -0.010437294071255725 0.044975211085381821 0.076519810440092845 -0.047758685663356948 0.048204809881600801 -0.034414418217608246 0.025557848894873825 0.071889180980117554 -0.017675093799356442 0.044407329272609257 -0.024290476649822479 0.057796686079596232 -0.023330257816873954 -0.0095902257215697596 -0.065251900457616335 0.034925419266168121 0.062635012277873325 -0.026635724555797102 0.035218271406795384 -0.039008875508960823 -0.021085092132180849 0.022954304362975332 0.034852145634359961 -0.015546816448792043 0.047638007326931769
leaf_weight=6.6420289650559416 3778.1617164527997 24.106982663273811 6.4796767905354482 5.5518688634037971 12.853908590972425 4.6066942512989026 7.2993038594722739 7.8610156923532486 4.1382682621479026 7.2848818004131308 22.643063247203827 92.217851497232914 7.1964357048273069 4.1706857085227966 14.597693815827371 5.4232611134648305 4.7718890905380249 29.523626610636711 13.014226004481314 11.872247464954851 8.0948862582445127 6.6251291111111632 15.997627295553675 17.787500873208046 13.420769199728964 30.701759286224842 4.570730432868003 16.772422119975083 25.786356516182416 5.4770807325840236
leaf_count=40 20816 165 35 36 66 23 34 37 22 38 111 446 34 21 75 29 21 150 62 58 39 38 80 84 66 152 22 85 129 27
internal_value=-3.19485e-05 -0.0147371 -0.0218229 0.0121267 0.00011881 0.00496123 0.00644677 0.04439 0.00515004 0.0137401 -0.00707861 0.0224091 1.57129e-05 0.0390273 -0.00202811 -0.0193428 0.0141308 -0.00366444 0.0189569 -0.00709529 -0.0224856 -0.00116024 0.00526519 0.00127448 -0.00652077 -0.0334015 -0.0272041 0.000288411 0.00925509 -0.00447739
internal_weight=4215.65 42.7806 36.1385 12.0315 4172.87 394.709 377.285 12.4677 364.817 136.479 40.1231 96.3561 228.338 11.3671 216.971 32.8382 10.1952 209.671 27.6119 182.059 50.6689 131.391 101.867 95.2418 77.4543 42.574 17.4246 64.0335 48.0359 31.2634
internal_count=23041 276 236 71 22765 1949 1861 60 1801 667 199 468 1134 55 1079 161 50 1045 137 908 249 659 509 471 387 210 88 321 241 156
is_linear=0
shrinkage=0.05


Tree=86
num_leaves=31
num_cat=0
split_feature=16 14 10 7 22 16 30 29 2 2 3 21 7 27 9 2 28 1 22 18 18 28 1 26 2 13 16 29 29 26
split_gain=3.73839 5.97199 4.99899 7.36405 4.47979 8.14017 7.37848 9.02482 17.4746 12.8129 11.0833 10.0795 9.66908 8.23021 11.6481 11.5894 11.7653 8.67867 8.66911 8.13133 8.04916 7.25743 7.21619 8.39024 7.21393 11.5627 7.44885 7.84627 7.18461 8.2201
threshold=2.1714325390276272 564498.21994837641 0.79200345612670642 -0.45901050234225854 -73.499999999999986 -1.3590320465015771 -1.0855004853179857 1809.0150000000001 -0.31154781140387161 2.1648478940256219 1.9728746288150425 -0.47173143581940663 1.2725274787936198 0.00042254932607932455 0.0089901562029499737 -2.289553636597216 101443.00500000002 0.74609685968258421 -81.499999999999986 -0.71083922630424812 -0.75347961633218541 -164690.35999999996 1.204783286831508 -0.00011900000000000002 2.1648478940256219 1.9117737509827566 -0.02131556316484589 75604.390000000014 -4847.0099999999993 0.00023017500000000008
decision_type=2 2 2 2 2 2 2 2 2 2 2 2 2 2 2 2 2 2 2 2 2 2 2 2 2 2 2 2 2 2
left_child=4 2 -2 -4 6 21 13 11 -9 10 -10 12 -8 14 -1 -16 17 18 -17 -18 -19 -6 -23 -24 -7 26 27 -26 29 -22
right_child=1 -3 3 -5 5 24 7 8 9 -11 -12 -13 -14 -15 15 16 19 20 -20 -21 28 22 23 -25 25 -27 -28 -29 -30 -31
leaf_value=-0.030508407779363696 -0.025070407551361508 0.041228433677658216 0.052044985931739375 -0.018779292100030914 0.038818191140700613 -5.7367186159329401e-05 0.037808488367152962 -0.0036986985005210771 0.029412990557648594 -0.033283149039987685 -0.027867467816845071 0.00075514775619133433 -0.02089161067819429 -0.013315779977276255 0.061402295136510909 -0.0024219448062923754 0.022603488227563306 0.060196824122884796 0.068184943924695415 -0.043420297520088753 0.048930581970055329 -0.022235251045709503 -0.030275940022081695 0.029483729695528229 -0.052037881605385056 0.041575337152371473 -0.0028895192352106722 0.010393634726547144 0.0019233298908312324 -0.031079180829415073
leaf_weight=26.434508264064789 43.648729172535241 4.8680461198091498 5.885325327515603 9.7514310330152476 6.3320816382765761 2318.1463168952614 33.834071278572083 103.64746629167348 144.58921403344721 9.6660334318876249 8.9688001275062543 875.68948428984731 8.8504071701318008 139.96588436793536 8.5821850225329381 167.21520722378045 5.9817928280681398 10.463864837773142 4.4633485376834861 21.158316344022751 19.588112273253504 97.75333244446665 9.2429053932428378 16.112210541032255 26.658797201700509 7.3720772117376319 22.45538167282939 6.2037814855575553 46.997712491080165 3.8394125849008551
leaf_count=168 244 26 35 55 35 12694 163 573 757 55 47 4736 44 771 43 950 34 55 25 126 106 538 50 82 151 38 121 34 264 21
internal_value=-3.12618e-05 -0.0120089 -0.0163803 0.00787738 0.000153887 -0.00117386 0.0021863 0.00426357 0.0123572 0.0225527 0.0260674 0.00191163 0.0256373 -0.00322855 0.00125749 0.00417024 0.0024142 0.00577573 -0.000586287 -0.0288684 0.0192784 -0.013385 -0.0160701 0.00769905 -0.000509973 -0.0172464 -0.0250854 -0.0402521 0.0131987 0.0358182
internal_weight=4214.37 64.1535 59.2855 15.6368 4150.21 2510.28 1639.94 1185.25 266.872 163.224 153.558 918.374 42.6845 454.69 314.724 288.29 279.708 252.568 171.679 27.1401 80.8891 129.441 123.108 25.3551 2380.84 62.69 55.318 32.8626 70.4252 23.4275
internal_count=23041 360 334 90 22681 13743 8938 6375 1432 859 804 4943 207 2563 1792 1624 1581 1421 975 160 446 705 670 132 13038 344 306 185 391 127
is_linear=0
shrinkage=0.05


Tree=87
num_leaves=31
num_cat=0
split_feature=1 9 26 18 1 27 6 27 0 0 21 14 14 22 2 6 15 15 13 5 18 18 10 9 8 3 13 27 10 6
split_gain=3.75442 9.06057 10.3308 9.92213 10.2441 9.97474 8.79812 15.0253 9.09725 7.71386 9.49125 8.22713 11.0417 7.75901 7.39693 9.35572 7.5849 16.6197 10.0133 10.5096 11.5572 8.62863 9.6251 9.9552 8.37006 8.19895 8.14165 7.93235 7.26429 6.99456
threshold=-1.2891393860936042 3.5244216935094879 -0.00022663499999999996 -1.0198497572071017 -1.4300051652298278 -0.012563397957176146 2.2032609577699276 0.0048970989348665625 -0.95078888775745718 -0.84725228482735859 2.990400485760154 126936.91244223931 60788.615156250446 46.500000000000007 -1.0271098190821712 1.0428333878161424 0.80494340462027092 0.76547491450745941 1.6004159114595475 -159.68149999994782 -0.71083922630424812 0.74805495551932111 0.0062407498421100079 0.16008460869036498 73937.459999999075 -0.70772375080140149 -2.2956370915040076 0.0062696451711203869 2.55491136541779 0.75803767710874548
decision_type=2 2 2 2 2 2 2 2 2 2 2 2 2 2 2 2 2 2 2 2 2 2 2 2 2 2 2 2 2 2
left_child=1 2 9 -3 -5 -6 -4 8 -8 10 11 12 -1 -14 15 29 17 18 19 26 -21 22 23 27 -24 -22 -17 -18 -11 -2
right_child=14 3 6 4 5 -7 7 -9 -10 28 -12 -13 13 -15 -16 16 21 -19 -20 20 25 -23 24 -25 -26 -27 -28 -29 -30 -31
leaf_value=-0.024146375538068365 -0.0069249257993613872 0.11067162935217854 -0.0036271479509286299 -0.0094170640895545488 -0.027948713880432609 0.079558214249570769 0.13373854904270002 -0.0087511991355802548 0.035723478116840492 0.026608456487168392 0.030820663712966968 -0.035860481270753544 0.0031007058080733774 0.086302593560123556 0.00048796538164229029 0.12048460288987402 0.077128884552874283 0.095910373830527709 -0.037485884390773945 0.090727851740297238 -0.0063610529522953457 0.035609676412719324 -0.046796244348388999 -0.035658196163598686 -0.0066028913284171932 0.045990848135590824 -0.0043253379873220829 0.0044546161099415817 0.098996274908010717 -0.027147401529605888
leaf_weight=11.53104490786791 451.82479231897742 3.46073950827122 335.89977026730776 13.496297538280491 2.8254922330379495 9.127450235188002 3.9324715733528137 11.85725402086973 5.9481962546706217 35.978399732150137 23.245186567306519 16.887159176170826 5.4938589036464673 5.7189678475260735 3036.6902728304267 1.3428225405514229 6.8888771384954479 5.7546522766351691 10.569602225907145 7.2659483086317769 14.614296523854138 10.491748064756392 23.286285147070885 6.7063258141279212 29.188333198428154 15.317530979402362 48.483968390151858 8.2530004084110242 3.8352361619472495 47.229020616039634
leaf_count=67 2592 19 1878 76 18 50 21 65 31 199 133 95 31 33 16437 8 34 32 63 40 79 53 121 34 157 81 273 41 20 260
internal_value=-3.11237e-05 0.00408679 0.00238158 0.0312385 0.0204367 0.0541452 -0.00163213 0.0291954 0.0747331 0.0163601 0.00545539 -0.00942236 0.0102077 0.0455368 -0.000572125 -0.00525648 0.00424449 0.0133386 0.00846974 0.0140513 0.0341614 -0.00683692 -0.0128289 0.0150566 -0.0244392 0.0204299 -0.000961734 0.0375182 0.0335816 -0.00883872
internal_weight=4213.15 489.238 460.328 28.91 25.4492 11.9529 357.638 21.7379 9.88067 102.69 62.8762 39.631 22.7439 11.2128 3723.91 687.217 188.163 103.349 97.5942 87.0246 37.1978 84.8146 74.3228 21.8482 52.4746 29.9318 49.8268 15.1419 39.8136 499.054
internal_count=23041 2736 2573 163 144 68 1995 117 52 578 359 226 131 64 20305 3868 1016 576 544 481 200 440 387 109 278 160 281 75 219 2852
is_linear=0
shrinkage=0.05


Tree=88
num_leaves=31
num_cat=0
split_feature=7 13 6 21 3 6 4 13 10 21 10 4 13 16 2 4 0 6 14 15 3 5 27 18 10 6 5 21 30 4
split_gain=3.74731 7.14775 7.18091 14.5896 11.9694 11.1968 8.84721 9.80745 8.53972 11.0818 9.01485 9.773 8.97714 12.5312 8.18365 8.06168 9.9544 9.68165 9.77815 10.3947 17.5265 11.3726 8.67243 8.35234 10.6874 15.2603 11.4456 8.29222 8.62813 8.40795
threshold=-1.2850275817171335 -2.5708407223798164 -1.6398629488892225 2.8707031685817781 -0.4485835642938632 -2.1769643297266907 -0.19961218689694124 -1.6166207200087916 1.3766917882030649 3.1073837972296059 0.3025662631676112 0.094216038791163068 1.391711428435398 0.46259093699021342 -0.072403333167909492 -0.33485461631829766 -1.4911257484047569 1.1489713896534786 44064.873997417693 0.35633257666142154 -0.43195499170365009 -92.030500000109882 0.014928981918404307 -0.27047760019244699 0.34546895637900693 1.9969351778231441 -758.93699999991793 -0.22038821916179582 -2.746681373992323 -2.1597808307828452
decision_type=2 2 2 2 2 2 2 2 2 2 2 2 2 2 2 2 2 2 2 2 2 2 2 2 2 2 2 2 2 2
left_child=1 -1 3 5 8 -3 -7 -8 9 -5 11 -11 13 14 -10 16 -4 -17 -19 20 -20 -22 -21 -18 25 26 -25 -28 -29 -30
right_child=-2 2 15 4 -6 6 7 -9 12 10 -12 -13 -14 -15 -16 17 23 18 19 22 21 -23 -24 24 -26 -27 27 28 29 -31
leaf_value=0.031023125871581143 0.00069257187198622358 -0.040006250976385799 0.080070075496808404 0.055478123795662297 0.10145726167204452 -0.028744143785162376 -0.042743295599622193 0.04587198520039909 -0.024083087674929175 -0.036037318476143346 -0.066653422388456257 0.062086284329734134 -0.017493456478587081 0.13340138830984727 0.073451724201778507 -0.016093001221052085 -0.011546763713293388 0.041003125303750956 -0.021951246547210437 -0.018679640291060663 -0.021596345711506551 0.06432453271768078 0.031449468715292743 -0.035061094825002546 -0.0098207630476485723 -0.024795461062689029 0.081005964409641681 0.08022661243038326 0.077492997380114129 0.014615093003808961
leaf_weight=15.055380575358866 3409.5747905233875 18.915785692632198 3.8977174237370482 6.5989173576235798 5.1132719293236724 10.202030740678312 3.8811508938670203 15.969793638214465 3.7683539167046547 5.6089111045002955 6.57794515043497 4.6341923028230667 4.1556904837489119 4.6080980151891699 5.0097670406103152 252.34577613323927 106.45511273853481 13.311863343231378 16.37849174067378 80.726598389446735 4.9067001705989268 17.904585390351713 9.6602825447916967 7.8087942451238623 68.049244981259108 20.034556269645691 6.8284871764481059 6.257715016603469 5.7364205941557875 72.645537009462714
leaf_count=75 18591 116 23 37 25 60 19 81 24 32 39 21 26 24 24 1376 613 73 87 463 26 85 52 42 404 119 31 34 29 390
internal_value=-3.11539e-05 -0.00310395 -0.00375598 0.00913207 0.0293276 -0.00987008 0.00909808 0.0285464 0.0203236 0.000565443 -0.0209769 0.00835583 0.0467025 0.0666319 0.0315811 -0.00552369 0.000690157 -0.0102043 0.000195285 -0.00399705 0.0175099 0.045843 -0.013322 -0.000362885 0.0059916 0.0150102 0.0230431 0.0280036 0.0237275 0.0192168
internal_weight=4212.62 803.047 787.992 95.0439 46.0751 48.9688 30.053 19.8509 40.9619 23.42 16.821 10.2431 17.5419 13.3862 8.77812 692.948 297.714 395.234 142.889 129.577 39.1898 22.8113 90.3869 293.816 187.361 119.312 99.277 91.4682 84.6397 78.382
internal_count=23041 4450 4375 528 252 276 160 100 227 129 92 53 98 72 48 3847 1685 2162 786 713 198 111 515 1662 1049 645 526 484 453 419
is_linear=0
shrinkage=0.05


Tree=89
num_leaves=31
num_cat=0
split_feature=15 25 18 6 25 23 19 22 21 20 22 7 25 25 28 3 3 28 3 27 13 13 21 26 3 9 7 22 13 6
split_gain=3.71318 3.55837 13.8696 11.388 9.19629 10.9185 8.73196 6.63593 8.62475 4.92857 4.89235 4.86333 5.03715 6.84326 4.51587 9.33449 7.96355 10.3495 9.99326 15.0663 12.1849 9.3246 8.35028 7.72229 7.68108 7.52146 7.2884 7.10974 10.3482 7.11729
threshold=1.0000000180025095e-35 1.0000000180025095e-35 -0.1785799277866344 0.47528415870741453 0.74627680188865397 234.50000000000003 0.083416169648764929 58.500000000000007 4.0042667727254964 -2.5000000000003881 -202.49999999999997 0.82639279443394953 0.61366418864481986 0.84073973172689198 1.0000000180025095e-35 2.2506238123594984 1.3934198100334279 -145706.28999999998 1.5932531887361556 0.0020481295086902667 -2.2956370915040076 -0.40865272557433929 1.485516022506993 0.00019100000000000009 1.4602690553658453 0.086014071790458377 0.70797792666719095 879.50000000000011 0.045714745141371867 -1.2710830882413264
decision_type=2 2 2 2 2 2 2 2 2 2 2 2 2 2 2 2 2 2 2 2 2 2 2 2 2 2 2 2 2 2
left_child=-1 9 3 4 5 10 -7 8 11 -2 -3 12 -4 -14 15 16 -11 -18 19 21 25 22 -19 -21 -23 -20 -17 29 -29 -22
right_child=1 2 7 -5 -6 6 -8 -9 -10 14 -12 -13 13 -15 -16 26 17 18 20 23 27 24 -24 -25 -26 -27 -28 28 -30 -31
leaf_value=-0.050590824731755392 -0.035749978589737746 0.011606922786839972 -0.042431216201644202 -0.043319293231458382 0.086749393617623072 0.01407945197350912 0.10831453279812345 -0.0436520571557895 0.072143377994026703 0.00095131302988395042 -0.061291919376700789 0.044992716293998175 0.044223890968048324 -0.032451712596896873 -0.0022779578252621955 -0.025171746016016929 -0.039745675171602365 0.0058029410045033532 0.017133026510280213 0.066904644018655424 0.022488409682933877 -0.002432729489413464 -0.056057880634042836 0.0098700953872777435 0.048718682505728056 0.09701325441967236 0.0096635451396080638 0.091276061125198038 -0.0088084324508098857 -0.0056420035428920226
leaf_weight=3.6282913479953995 9.4970684610307199 4.6685163304209762 15.770257145166402 6.3092595860362044 5.8477484211325637 6.3639326244592649 4.0054911524057388 25.127925671637058 2.9401215091347686 2551.0827257856727 4.5394110381603276 2.8217809200286856 5.1269091963767988 6.7296270877122879 1194.5564846135676 56.108815118670464 10.182477273046969 20.03311222046614 6.3927281573414785 24.052796415984634 26.946355916559696 11.960114598274233 7.4965713322162619 7.8789260089397422 18.995532296597958 5.4670757502317429 20.501746699213982 5.2231807634234411 5.1088133528828621 135.82662980258465
leaf_count=318 108 31 113 53 34 38 22 180 18 13720 33 21 33 48 6428 288 54 104 32 120 135 64 39 40 96 27 102 26 27 689
internal_value=-3.10764e-05 1.25226e-05 -0.0098086 0.0168079 0.0317285 0.0152938 0.0504805 -0.0242431 -0.00963612 0.0002278 -0.0243314 -0.0175328 -0.0239191 0.000703743 0.000310979 0.00137255 0.00183767 0.00975596 0.0115863 0.0252094 0.0049269 0.0101282 -0.0110423 0.0528318 0.0289557 0.0539558 -0.0158495 0.00156782 0.0417877 -0.000985137
internal_weight=4211.19 4207.56 90.251 31.7344 25.4251 19.5774 10.3694 58.5166 33.3887 4117.31 9.20793 30.4486 27.6268 11.8565 4107.81 2913.26 2836.65 285.564 275.382 90.4171 184.965 58.4853 27.5297 31.9317 30.9556 11.8598 76.6106 173.105 10.332 162.773
internal_count=23041 22723 624 211 158 124 60 413 233 22099 64 215 194 81 21991 15563 15173 1453 1399 463 936 303 143 160 160 59 390 877 53 824
is_linear=0
shrinkage=0.05


Tree=90
num_leaves=31
num_cat=0
split_feature=15 0 28 13 21 10 4 0 6 14 18 10 21 7 14 22 6 30 6 13 18 21 6 6 30 0 16 30 15 15
split_gain=3.55809 6.16478 10.0936 9.09064 8.95834 16.6861 15.8024 10.3481 9.93529 9.22533 8.67909 10.5038 10.5248 12.2882 8.43825 7.95996 7.86675 7.76832 7.61837 12.2097 8.69345 7.51202 7.20386 8.69005 6.97056 6.40544 5.84236 5.71484 5.63012 7.25585
threshold=1.3662601024700114 -0.86647038961599387 87369.845000000016 -0.65678452328440795 3.2690950365640132 1.1414450521070929 -1.6114629718705478 0.42879300749654459 -1.4954236276734927 184819.66394199294 -0.28153043395898436 1.8184550553832548 1.7761568363189217 -0.64659869605252152 74807.142306282025 -783.49999999999989 -0.13201878102844566 -1.6316153571763903 0.45770435774620916 -1.7576125393249289 0.28675437204028159 0.85238202459017876 0.061789000482812946 1.0885704460690417 -1.3646218336275033 -0.4485874791236874 -0.485270615321376 -0.039271683067322573 1.4288690212235224 1.917028954822803
decision_type=2 2 2 2 2 2 2 2 2 2 2 2 2 2 2 2 2 2 2 2 2 2 2 2 2 2 2 2 2 2
left_child=-1 3 4 18 7 6 16 10 9 -9 14 12 13 -12 -3 -5 -6 25 20 -20 -2 24 -8 -24 -17 -14 -16 -7 -23 -30
right_child=1 2 -4 15 5 27 22 8 -10 -11 11 -13 17 -15 26 21 -18 -19 19 -21 -22 28 23 -25 -26 -27 -28 -29 29 -31
leaf_value=-0.00057855858293860967 -0.018554554429876587 0.041450704718071163 -0.025299642912225202 0.033126443845134232 0.070519303461307303 0.056479619295531559 -0.061520979045978544 0.064695125168161824 0.00069178655191832236 -0.0009617619648482795 0.05550187424379141 -0.018685377391499124 -0.020585289933291066 -0.0072715951313918658 0.033718067315927046 -0.023367952651245402 -0.012119345060820743 0.077799700831951035 -0.012427155046539481 0.057528973004647668 0.049297770410899756 0.014037058050185609 0.027156173703032457 -0.045375783409034295 0.05448415718621108 0.063059934855058591 -0.018908172225584604 -0.010915526310463882 -0.039263343876612747 -0.003980683500779003
leaf_weight=3686.8266131430864 24.856227248907093 12.617174953222273 22.249150931835175 8.2633717879652959 5.6123529598116875 11.044374629855154 17.933843448758125 12.58671159297228 147.58311209082603 9.3054591417312604 14.450884722173216 7.9566174224019042 4.3510881364345551 16.929091393947601 6.7863633111119297 5.2404661700129509 5.9149729982018453 23.05925527960062 10.061311326920988 16.410705387592316 5.8273870199918738 8.7386192977428419 6.9061503782868412 10.27134834975004 6.3702258169651014 4.8289687186479551 23.661730900406837 4.3980596512556067 48.049124799668789 20.914009883999825
leaf_count=20577 125 57 109 39 28 55 86 57 666 42 62 40 20 82 34 26 31 105 49 78 28 43 32 47 28 21 110 20 239 105
internal_value=-3.0994e-05 0.00382768 0.00734496 -0.00454765 0.00944293 -0.00776347 -0.0226795 0.0132026 0.00535444 0.0367871 0.0248047 0.035476 0.0422497 0.0216364 0.00706866 -0.0138231 0.0281152 0.0623136 0.0112874 0.0309405 -0.00566814 -0.018167 -0.0393558 -0.0162146 0.0193457 0.0234145 -0.00717868 0.0372852 -0.0237724 -0.0285634
internal_weight=4210 523.178 368.447 154.731 346.198 62.0811 46.6387 284.116 169.475 21.8922 114.641 71.5759 63.6193 31.38 43.0653 97.5758 11.5273 32.2393 57.1556 26.472 30.6836 89.3124 35.1113 17.1775 11.6107 9.18006 30.4481 15.4424 77.7018 68.9631
internal_count=23041 2464 1704 760 1595 299 224 1296 765 99 531 330 290 144 201 480 59 146 280 127 153 441 165 79 54 41 144 75 387 344
is_linear=0
shrinkage=0.05


Tree=91
num_leaves=31
num_cat=0
split_feature=15 15 1 10 8 27 16 5 7 13 30 4 29 29 6 4 15 15 14 15 7 7 1 5 9 4 7 7 7 7
split_gain=3.52794 3.49725 8.32877 8.0658 10.5715 14.0487 9.96296 8.44405 10.3922 8.40007 15.713 10.024 7.65226 9.85372 8.31788 7.57134 12.3516 7.46435 8.18213 6.93004 14.0884 10.7138 11.7794 9.59099 9.40968 10.3436 9.26294 9.41585 10.0153 9.21526
threshold=1.0000000180025095e-35 0.00025103231082877823 0.5550372894655683 0.33044416775369279 31995.279999999129 -0.0070677657539801588 0.87061734875527397 -372.48650000011543 -0.63215742919159879 -0.87367901171531104 -0.17860988142974329 0.42946708994312716 52163.000000000007 126410.10000000002 -0.57935132488683905 -0.33485461631829766 7.6227549989312841e-05 8.4994334199161475e-05 564498.21994837641 0.52602366891442653 -2.0362966884177385 -0.25643806124602592 -1.0747976477791472 -156.12149999989194 0.0089901562029499737 -0.85157412933629895 -1.5910314748966166 -2.5504536877080231 -2.1871068529413473 2.0621560713530083
decision_type=2 2 2 2 2 2 2 2 2 2 2 2 2 2 2 2 2 2 2 2 2 2 2 2 2 2 2 2 2 2
left_child=-1 2 3 17 6 -6 9 8 -7 10 -5 -11 -4 14 -14 -9 -17 18 -2 20 -3 24 29 -21 25 -22 27 -25 -29 -23
right_child=1 19 12 4 5 7 -8 15 -10 11 -12 -13 13 -15 -16 16 -18 -19 -20 23 21 22 -24 26 -26 -27 -28 28 -30 -31
leaf_value=-0.050561361353300804 0.0018600818892402394 0.020823355397611681 -0.0053733214148420768 0.053686370460846566 0.038414505597169801 -0.033263882795796201 -0.034384762977431975 -0.04516902451062111 0.047823443267126738 0.017681815083735231 -0.057266363803645373 0.076988126961773443 0.098759177858351213 -0.019342865921629183 0.017255667187860115 -0.040869075042806034 0.015199561520374081 0.017107179520543341 0.070928606156040006 -0.0042004029062296623 -0.00098583777607004768 0.020963038138467206 -0.0066107794730527695 0.01186290799339223 -0.010460013636637497 -0.04961141982107875 0.0037041411952786125 -0.033010130433585215 -0.0056924979746351186 -0.046643676577398971
leaf_weight=3.4513233127072445 192.01860503107309 47.687773641198874 311.68454853817821 5.6138013899326324 11.786915518343447 6.9334813132882145 8.6082741394638997 32.02289617806673 9.1867757067084295 20.377704016864303 7.3936151638627035 10.955287016928194 5.5987922400236139 7.4176988527178755 7.1003552824258813 19.35611791908741 19.942703761160374 201.07064542919397 4.3858525976538649 795.65702601149678 15.639734029769896 66.042676590383053 325.33125586807728 52.868118900805712 157.52568782866001 36.367884367704391 1632.2885784730315 43.649234768003225 145.03871192038059 5.4569117277860633
leaf_count=318 984 274 1552 25 57 36 41 172 46 96 37 49 26 39 34 112 90 873 20 4522 100 388 1881 289 934 238 8714 252 810 32
internal_value=-3.01308e-05 1.13435e-05 0.0028113 0.00658751 -0.00320129 -0.0128278 0.0148394 -0.0197352 0.012947 0.0243958 -0.00938087 0.0384177 -0.00344425 0.0264442 0.0531889 -0.027122 -0.0124163 0.0103352 0.00340243 -0.000731245 -0.00534384 -0.00740177 -0.0025723 0.000398882 -0.0165482 -0.0349887 0.00235179 -0.00678654 -0.0120119 0.0158032
internal_weight=4208.46 4205.01 881.454 549.653 152.178 99.2289 52.9487 87.442 16.1203 44.3404 13.0074 31.333 331.801 20.1168 12.6991 71.3217 39.2988 397.475 196.404 3323.55 654.052 606.364 396.831 2669.5 209.533 52.0076 1873.84 241.556 188.688 71.4996
internal_count=23041 22723 4289 2638 761 513 248 456 82 207 62 145 1651 99 60 374 202 1877 1004 18434 3847 3573 2301 14587 1272 338 10065 1351 1062 420
is_linear=0
shrinkage=0.05


Tree=92
num_leaves=31
num_cat=0
split_feature=19 29 29 0 23 15 23 23 18 22 4 13 16 21 4 0 8 22 29 10 29 6 28 2 28 10 26 14 14 4
split_gain=3.57614 6.84425 6.26458 8.17511 5.79426 5.65651 6.71111 7.87705 6.72135 6.22286 6.14786 10.0198 7.5286 7.10114 7.44015 8.26006 7.73315 7.3114 7.18094 7.14911 9.97312 8.11643 6.90912 6.64982 6.22456 7.6206 6.0026 8.85967 8.66438 10.0527
threshold=0.51851851851851882 -135685.52999999997 -80139.889999999985 0.24951594170216465 285.50000000000006 0.31752644899667437 -206.49999999999997 77.500000000000014 -0.11831242893111434 231.50000000000003 0.94182331786282103 1.7820583240240058 -0.52255869328776094 1.1646678784418967 0.37634386231328393 -1.0675905624139308 45880.159999999079 -35.499999999999993 -1.0000000180025095e-35 0.064222284239823138 -1.0000000180025095e-35 -0.70843490706761103 167237.43500000003 0.45137616982280776 -4443.3599999999997 0.2739154261921265 -0.00011900000000000002 147865.63462068507 91694.346821521263 -0.27267524668916737
decision_type=2 2 2 2 2 2 2 2 2 2 2 2 2 2 2 2 2 2 2 2 2 2 2 2 2 2 2 2 2 2
left_child=-1 4 3 -3 -2 6 -4 -8 -9 -10 13 12 -12 17 15 16 -15 18 -7 -16 -21 -22 26 -19 25 -14 27 -17 29 -28
right_child=1 2 5 -5 -6 10 7 8 9 -11 11 -13 24 14 19 22 -18 23 -20 20 21 -23 -24 -25 -26 -27 28 -29 -30 -31
leaf_value=-0.00050027185547738538 -0.043589761874793097 -0.011581081058077661 0.049279601897329266 0.071303918806617142 0.02195207376851142 0.02371560678086633 -0.032941660907691121 0.066703540357535271 0.031028644851687555 -0.040758152077023296 -0.033737986567632862 0.035940411504676625 0.079329788883208852 -0.0019123968255843043 -0.0059069480544144421 -0.045285479646769433 0.046065721115517301 -0.0062912937998922157 -0.042790274597080714 -0.0053879861871999413 0.021699665914368532 0.10170520057875741 -0.049412097984808896 0.052041942359091833 -0.011950787106109277 -0.0035101154101414137 0.05042691774798716 0.011639775476385991 -0.00091956405621616941 -0.020450434838447568
leaf_weight=3809.108985863626 12.73913509398699 4.7445521652698499 14.628817602992056 7.9763578027486801 4.5860482156276694 5.1125535890460041 8.4178291112184542 6.4435447379946735 8.0666268467903119 4.824274130165576 31.178931206464767 11.255350306630133 4.6343354508280736 13.3888928219676 7.4710893556475666 13.568638458848001 22.533786296844482 18.372057992964987 19.69310849532485 5.5087606012821242 4.8473363220691725 9.1613263934850604 6.4784870073199263 6.655447080731391 40.020183928310871 6.9240398854017258 20.83500008285046 13.773462094366549 55.770551398396492 6.5835522934794417
leaf_count=21075 67 24 74 37 22 25 44 31 40 27 156 54 21 68 36 69 111 96 97 27 22 43 34 31 197 34 101 70 278 30
internal_value=-3.00303e-05 0.00449099 0.0058963 0.0403901 -0.0262406 0.0046979 0.0218749 0.00742923 0.0250059 0.00416325 0.00244944 -0.00832151 -0.0143413 0.00685679 0.011483 0.00721166 0.0281836 -0.00984581 -0.0290831 0.0356866 0.0516082 0.0740213 0.000773148 0.00922099 -0.00261613 0.0297046 0.00371462 -0.0166096 0.0103947 0.0334083
internal_weight=4205.3 396.194 378.869 12.7209 17.3252 366.148 42.3811 27.7523 19.3344 12.8909 323.767 94.0128 82.7575 229.754 179.921 152.932 35.9227 49.8332 24.8057 26.9885 19.5174 14.0087 117.01 25.0275 51.5786 11.5584 110.531 27.3421 83.1891 27.4186
internal_count=23041 1966 1877 61 89 1816 216 142 98 67 1600 462 408 1138 889 761 179 249 122 128 92 65 582 127 252 55 548 139 409 131
is_linear=0
shrinkage=0.05


Tree=93
num_leaves=31
num_cat=0
split_feature=13 29 4 7 9 7 3 6 6 7 15 14 6 21 7 21 7 21 13 21 15 6 4 21 5 26 6 5 24 10
split_gain=3.49408 8.52561 8.06009 11.3899 9.58696 12.5316 9.12519 11.6072 17.3987 14.8863 12.2343 9.0774 8.86873 8.49484 10.8728 10.3186 8.6697 8.0857 8.05393 10.3192 12.9711 11.2936 11.6326 10.1981 9.48817 8.88326 8.94513 13.0512 8.72871 8.8017
threshold=1.4077504642725256 79137.185000000027 1.0684213375339613 1.3683467988702833 1.8082086183610782 -0.29635472908063359 0.16282477218799171 -0.70843490706761103 -1.2392117047887059 -0.69738112358920901 0.00013352079264796073 74807.142306282025 -0.87467774032860113 2.5157926704981524 -1.6569644109741581 3.9682939879267871 1.3842744691017359 4.7857378890821236 0.41873174311485478 2.1869744588199462 0.63505289818353094 -1.9051910495428324 1.6572419522753143 2.6836712680721404 1804.1950000002983 -0.00070390499999999979 1.6105393258209129 219.39700000011365 1.0000000180025095e-35 0.02009006263621119
decision_type=2 2 2 2 2 2 2 2 2 2 2 2 2 2 2 2 2 2 2 2 2 2 2 2 2 2 2 2 2 2
left_child=18 2 3 6 13 -6 -2 8 -8 -9 -11 -12 -10 16 -15 -16 -4 -5 -1 21 25 22 -20 -22 28 -21 -27 -28 29 -23
right_child=1 -3 4 17 5 -7 7 9 12 10 11 -13 -14 14 15 -17 -18 -19 19 20 23 24 -24 -25 -26 26 27 -29 -30 -31
leaf_value=-0.00088456658049134807 -0.0083833492984499089 0.016370788968133522 -0.013585677184058162 -0.026000774850221894 0.089253111699404752 -0.012387175837895628 1.9362920531856672e-05 -0.024804968717208969 0.10936221449126787 -0.044837573496754296 0.070588442855524638 0.014201190719985466 0.022770585003373478 -0.047146278587810946 0.03927512036281415 -0.032768274621078251 0.024404750711773993 0.042217932862281642 -0.033212531350489398 0.055641677918503586 -0.0094937692740508992 0.025414665024446826 0.048977010981481467 0.013062449444595376 -0.051616109444527103 -0.014136201879875413 0.026071548559545483 -0.046747469203878331 -0.060187495042430574 0.0091345106183872513
leaf_weight=2496.1363907624036 309.14017153996974 51.685348395258188 81.274597526527941 95.329197098501027 7.330782376229763 5.1722882539033872 15.312700466252865 35.891015816479921 8.3694760575890523 6.2059180643409482 10.322573333978651 23.130975116044283 4.572468113154172 5.3704243302345267 33.762100629508495 5.8281701579689971 18.421190779656172 4.5509710609912863 25.70435059256852 5.2695533558726302 67.311209641396999 112.18722661584616 5.1711852326989165 196.08931053802371 5.814592331647872 206.14945189654827 31.624033158645034 7.639700135216116 4.0714617222547522 319.34234603866935
leaf_count=13645 1732 290 431 538 37 29 87 207 41 40 52 127 24 30 180 33 98 26 149 28 357 579 26 1067 31 1184 166 48 32 1727
internal_value=-2.92182e-05 -0.00319567 -0.0047051 -0.00774104 0.00520143 0.0472064 -0.00407634 0.00875031 0.0360903 -0.00147441 0.0196393 0.0316003 0.0787689 0.00157083 0.0196135 0.0286695 -0.00656603 -0.0228924 0.000626956 0.00445204 -0.000449816 0.00978765 -0.019447 0.00729828 0.0118325 -0.00859099 -0.0099702 0.0119029 0.0126795 0.013367
internal_weight=4204.18 721.67 669.985 512.825 157.16 12.5031 412.945 103.805 28.2546 75.5505 39.6595 33.4535 12.9419 144.656 44.9607 39.5903 99.6958 99.8802 3482.51 986.374 514.083 472.291 30.8755 263.401 441.416 250.683 245.413 39.2637 435.601 431.53
internal_count=23041 4002 3712 2874 838 66 2310 578 152 426 219 179 65 772 243 213 529 564 19039 5394 2850 2544 175 1424 2369 1426 1398 214 2338 2306
is_linear=0
shrinkage=0.05


Tree=94
num_leaves=31
num_cat=0
split_feature=30 29 0 28 15 6 27 21 21 6 9 6 13 15 9 6 26 15 0 14 3 6 21 7 9 27 2 26 5 6
split_gain=3.448 4.26819 4.87899 4.41586 3.82517 8.65281 15.6509 14.0846 8.678 6.60825 6.68374 8.84408 7.15207 11.8655 6.98841 6.34303 6.04968 6.00386 8.55177 8.48009 10.3081 10.2435 11.9501 11.6659 9.17519 9.60503 12.6011 11.9612 11.3504 9.0924
threshold=-5.4348129875936237 93600.810000000012 -1.2716421106434959 5418.5850000000009 4.7705882826487036e-05 -0.54569584856148823 0.0059197122429864866 0.44741379589562497 0.27636167684591501 -0.67027602960332644 0.3857904980818111 -2.2153496284483287 0.97969856862239679 3.6973111298343568e-05 0.092983920038916104 1.7541385289758138 -0.00049228999999999994 0.18545806888082925 0.62915712942770585 104046.7379351319 -0.46520888384269349 -1.1785460621403347 2.4585856198111968 1.0221799813528163 3.8660213116146971 -0.0011571844598333156 -2.3501683182346782 0.00032111000000000005 110.28750000009315 2.0225311222107956
decision_type=2 2 2 2 2 2 2 2 2 2 2 2 2 2 2 2 2 2 2 2 2 2 2 2 2 2 2 2 2 2
left_child=1 2 -1 -4 5 6 9 8 15 10 11 -2 -13 14 -14 -7 -9 18 19 20 21 22 -6 -24 25 27 -27 28 -21 -23
right_child=4 -3 3 -5 17 7 -8 16 -10 -11 -12 12 13 -15 -16 -17 -18 -19 -20 24 -22 29 23 -25 -26 26 -28 -29 -30 -31
leaf_value=0.021632097704676629 0.096698449281918966 0.037588402497561624 -0.014842671996782329 -0.055169045042165479 -0.042105173669367502 -0.018437685374374593 0.10964058090526652 0.046945456946345318 0.09698571118513119 0.061399916676186564 -0.041659767857015119 -0.020237849473291873 0.02525475272104967 -0.045238328229959095 0.14968056114588751 0.087409429231592145 -0.031250942124778525 -0.00061059861018038762 -0.0029685273813408689 0.0062120282703924026 0.023120374796708077 0.015352323688659533 -0.020054257175431106 0.060724156735287665 0.067596414817107417 0.12657323993903957 0.0044362456163542395 -0.061586240118683994 -0.041170667051862002 -0.028589693606776503
leaf_weight=6.170888900756835 2.4668142339214674 3.6303034499287596 22.756027449853718 9.6747013330459577 21.884531799703836 6.7922736899927241 3.5507613793015471 2.5764930611476293 3.5055040260776869 3.9738761698827139 9.8643774418160302 17.086527071893222 2.2206083014607421 2.6221843063831329 2.2945575769990683 1.7879863828420637 61.830460951663554 3200.2535430565476 281.3909200206399 45.334781616926193 140.87574339285493 131.06607654690742 11.121660754084589 7.4727367982268325 4.9777031987905493 2.1417191401123992 151.19120147824287 11.941260278224943 17.524679452180862 12.933933474123476
leaf_count=36 19 22 153 65 112 88 18 19 25 30 75 137 23 17 20 9 560 17826 1305 220 635 598 55 36 22 11 695 60 89 61
internal_value=-2.93717e-05 -0.0142441 -0.0191188 -0.0268728 0.000114912 -0.00866087 0.00898387 -0.0188288 0.0307003 0.000165286 -0.00649149 0.00650605 -0.00267861 0.0393575 0.0884866 0.00361913 -0.0281228 0.000376815 0.00413933 0.00772072 0.012936 0.00515874 -0.0170635 0.0124091 0.000441769 -0.00102349 0.00614223 -0.0157124 -0.00699786 0.0114055
internal_weight=4202.91 42.2319 38.6016 32.4307 4160.68 120.572 44.0797 76.4927 12.0858 40.5289 36.5551 26.6907 24.2239 7.13735 4.51517 8.58026 64.407 4040.11 839.857 558.466 325.355 184.479 40.4789 18.5944 233.111 228.134 153.333 74.8007 62.8595 144
internal_count=23041 276 254 218 22765 1040 339 701 122 321 291 216 197 60 43 97 579 21725 3899 2594 1497 862 203 91 1097 1075 706 369 309 659
is_linear=0
shrinkage=0.05


Tree=95
num_leaves=31
num_cat=0
split_feature=17 14 1 9 26 18 1 27 6 27 0 10 0 21 1 29 10 14 2 15 22 21 1 29 7 0 15 2 4 15
split_gain=3.47311 8.78857 3.51214 8.28834 9.69389 8.31385 9.25899 8.79376 7.92351 12.935 7.91879 6.85054 6.84987 7.87002 7.04649 7.21659 8.47235 6.9769 6.73509 8.53472 9.84743 9.16655 10.2655 9.8901 9.91723 8.73286 8.67174 8.99503 12.3925 7.74908
threshold=-0.2987802587935609 169296.18773342823 -1.2891393860936042 3.5244216935094879 -0.00022663499999999996 -1.0198497572071017 -1.4300051652298278 -0.012563397957176146 2.2032609577699276 0.0048970989348665625 -0.95078888775745718 0.834693371901855 -1.487142102535987 3.0771644349976168 -1.4793758460785986 8724.9450000000015 0.53835688465033216 24106.900604745333 -1.0271098190821712 0.81649658343822629 675.50000000000011 2.247015948803313 -0.29786189288279047 -32980.364999999998 -0.74923486718956822 -1.4066973743327855 8.4994334199161475e-05 -1.1122840953031636 -1.9212166242918347 1.1430952168879014
decision_type=2 2 2 2 2 2 2 2 2 2 2 2 2 2 2 2 2 2 2 2 2 2 2 2 2 2 2 2 2 2
left_child=1 -1 3 4 12 -5 -7 -8 -6 10 -10 -9 -2 14 -14 17 -17 -16 19 21 29 26 25 -24 -25 -23 -4 28 -28 -21
right_child=2 -3 18 5 8 6 7 11 9 -11 -12 -13 13 -15 15 16 -18 -19 -20 20 -22 22 23 24 -26 -27 27 -29 -30 -31
leaf_value=-0.067798445046632058 -0.035466710312786184 0.030821738844939214 -0.015628459843473105 0.10100036281756342 -0.0034329806469584954 -0.0087829682201387444 -0.026666676916049792 0.11780373445592579 0.12312340652676459 -0.0080133113823343659 0.032823529444158166 0.031852327322591821 -0.027577801244094396 0.041608191129810755 0.064564040430089106 0.11260050858066606 0.013644920955370288 0.0030138658268785649 0.0005271006397680665 -0.023593140880048321 0.017092840009051761 0.026434524334376309 -0.043969378855896038 0.020080669832541517 0.13163754357003984 -0.013189656700899034 -0.013802012413547754 -0.021594130856096919 0.024310890732632092 -0.0063573110652170167
leaf_weight=5.9126533418893796 6.089295767247676 3.655850738286972 32.542549140751362 3.6060050129890469 332.82186712976545 13.361253209412101 2.7599096074700364 4.6552610918879456 4.0623617097735405 11.749527573585508 6.0341830402612704 4.6178625151515007 10.511772455647586 27.866836764849722 5.1440604254603377 3.9820926412940008 4.7350902482867241 43.861402765847743 3023.9817329798825 123.27438468486071 27.278372071683407 15.075188800692557 2.6517275273799887 4.7198320776224127 3.447324125096201 179.15949086006731 26.387894708663225 16.954740934073925 111.23197603970766 138.45299711823463
leaf_count=30 32 21 201 19 1868 76 18 24 21 65 31 25 63 158 29 22 30 240 16414 730 145 85 17 29 21 1040 149 96 604 738
internal_value=-2.92177e-05 -0.0301185 3.94791e-05 0.00403658 0.00239122 0.0299568 0.0198686 0.0516827 -0.00151829 0.0276518 0.0691558 0.0750014 0.0159598 0.0192183 0.0100744 0.0169311 0.0588488 0.00947473 -0.000484662 -0.00497623 -0.0114958 -0.000171704 -0.00747398 0.0399283 0.0671684 -0.0101143 0.00783055 0.0127694 0.0170029 -0.0144754
internal_weight=4200.59 9.5685 4191.02 485.859 456.858 29.0003 25.3943 12.033 354.668 21.8461 10.0965 9.27312 102.191 96.1013 68.2344 57.7226 8.71718 49.0055 3705.16 681.176 289.006 392.171 205.054 10.8189 8.16716 194.235 187.117 154.575 137.62 261.727
internal_count=23041 51 22990 2721 2559 162 143 67 1985 117 52 49 574 542 384 321 52 269 20269 3855 1613 2242 1192 67 50 1125 1050 849 753 1468
is_linear=0
shrinkage=0.05


Tree=96
num_leaves=31
num_cat=0
split_feature=16 23 13 14 21 21 22 0 30 16 22 5 13 2 5 19 0 5 18 2 8 29 6 30 2 0 5 9 10 15
split_gain=3.46197 5.73037 5.25602 7.06902 6.19443 4.81837 4.04217 6.42018 7.32139 7.85552 6.8542 11.394 6.37633 6.15107 6.00563 5.84327 5.59253 5.32409 12.1065 11.1252 10.3632 10.1348 7.05753 6.65084 7.17173 6.79423 6.22498 6.53474 5.87814 5.83116
threshold=2.1714325390276272 -300.49999999999994 1.3490969806059747 196139.33422946467 2.8412857956581972 2.5285221823456383 -280.49999999999994 -0.55724752615125372 -1.9830319902403426 -1.5677197427789527 -294.49999999999994 -272.06299999984907 -1.9067034471404443 -2.4172946786225928 1804.1950000002983 -1.4000000000000046 0.88234327283026737 34.792000000132255 -0.7291146624889745 -0.71666815118997296 45880.159999999079 8724.9450000000015 1.8826534771993646 -0.282518263170216 0.14492115765344224 -1.0209951254320577 398.24350000009878 0.47098953445658437 0.014973146773166466 1.533623162985746
decision_type=2 2 2 2 2 2 2 2 2 2 2 2 2 2 2 2 2 2 2 2 2 2 2 2 2 2 2 2 2 2
left_child=6 -2 3 -3 -5 -4 7 10 9 16 13 -12 -11 -1 -10 -15 -9 21 26 20 -20 -17 29 25 -25 -23 27 28 -19 -21
right_child=1 2 5 4 -6 -7 -8 8 14 12 11 -13 -14 15 -16 17 -18 18 19 22 -22 23 -24 24 -26 -27 -28 -29 -30 -31
leaf_value=0.029246933153388811 -0.031085352785579886 -0.005646032399627768 -0.072157841253346719 0.084834494486586809 0.0018328011595996248 0.0017480973313137129 -0.00070096391827683703 0.063911424513124523 0.0092241814597088558 0.036583567461444477 0.11196285288739048 0.0062392732825048017 -0.017611209668144705 -0.054878658143829522 -0.039248739903638911 -0.01281370957815978 -0.008674704348575972 -0.022401690192071513 0.099789205405066833 -0.020925580845851787 -0.0013075814994823092 -0.029436820163287077 0.032704416916395918 0.017712053122861025 0.086070348560388227 0.034159514622189358 -0.020500399841422278 0.09809779164781525 0.056440396063189784 0.038810978419963296
leaf_weight=13.735995672643183 23.69094945024699 22.10972269624472 4.2836828809231502 4.9060078710317594 4.148728258907795 4.5455662682652473 3192.2854795702733 6.1186016872525197 490.31269887462258 5.903518170118331 3.3958065733313552 10.2125027179718 67.304020981304348 5.7458411231636992 6.474369838833808 193.52968105487525 4.6859123948961496 3.4830746054649406 4.7296878946945053 54.891438511200249 5.4625819027423859 11.775277689099314 8.3163717463612539 15.453688477165999 5.1042016297578803 6.5278457030653945 3.429082863032817 5.4815270900726309 7.3587251780554652 4.4136957228183737
leaf_count=71 136 126 24 25 23 26 17543 32 2571 30 18 56 384 74 41 1084 27 20 25 306 31 70 43 81 28 36 20 32 38 20
internal_value=-2.917e-05 -0.0115982 -5.4632e-05 0.00959331 0.0468045 -0.0341088 0.00014896 0.00302358 0.00628391 -0.0073672 -0.00219226 0.0326215 -0.0132409 -0.00354802 0.00859246 -0.0048899 0.0324309 -0.0040194 0.00578281 -0.00309102 0.045606 -0.00813473 -0.0104309 0.0151668 0.0346843 -0.00675506 0.0407409 0.053606 0.0311113 -0.0164798
internal_weight=4199.82 63.6847 39.9937 31.1645 9.05474 8.82925 4136.13 943.846 580.799 84.0121 363.047 13.6083 73.2075 349.439 496.787 335.703 10.8045 329.957 97.5662 77.8138 10.1923 232.391 67.6215 38.861 20.5579 18.3031 19.7524 16.3233 10.8418 59.3051
internal_count=23041 360 224 174 48 50 22681 5138 3085 473 2053 74 414 1979 2612 1908 59 1834 535 425 56 1299 369 215 109 106 110 90 58 326
is_linear=0
shrinkage=0.05


Tree=97
num_leaves=31
num_cat=0
split_feature=7 9 28 30 14 4 6 13 10 15 7 2 0 13 28 0 0 4 29 29 21 29 27 21 6 6 13 18 6 29
split_gain=3.38616 15.0051 15.2633 8.42075 10.2198 11.4051 6.14116 7.47139 5.10435 3.88171 6.42003 7.83038 5.49786 10.4156 8.44066 8.01016 9.56019 10.773 8.21163 9.07629 8.65204 9.869 7.99663 9.58893 9.67457 7.80208 11.6377 7.68619 7.45634 7.14801
threshold=2.7585879914629485 0.48127971017980981 -19098.719999999998 -2.0181584577351095 81958.752174569483 0.18481216803963976 0.022258249919550045 -0.26792797982741101 0.037074014304593936 1.3662601024700114 2.4334522746847953 0.073751736635175494 -0.86647038961599387 -0.65678452328440795 87369.845000000016 0.42879300749654459 0.20794600844471434 1.3705382089202722 -35620.354999999989 -18425.264999999996 3.2690950365640132 10224.940000000001 -0.0016098088282258114 3.2690950365640132 -1.4954236276734927 0.45770435774620916 -2.0140367006866637 0.28675437204028159 0.49171614221041621 -100687.82999999999
decision_type=2 2 2 2 2 2 2 2 2 2 2 2 2 2 2 2 2 2 2 2 2 2 2 2 2 2 2 2 2 2
left_child=9 2 -2 -4 -5 -6 -3 -8 -7 -1 12 -12 13 25 15 16 17 18 -14 -20 -21 -22 -17 24 -24 27 -27 -11 -25 -26
right_child=1 6 3 4 5 8 7 -9 -10 10 11 -13 14 -15 -16 22 -18 -19 19 20 21 -23 23 28 29 26 -28 -29 -30 -31
leaf_value=-0.00043300751680757906 0.12686950603450817 -0.054238184724133325 -0.066383520482258596 -0.035194311031357089 0.077915304681056285 -0.063684874140522027 0.043324804988248894 -0.040928087156294667 0.021325294569586095 -0.01716791669976294 -0.0047164301979176117 0.085763579885377556 0.056589537408987436 -0.014913821215011128 -0.023913965288026317 0.017864022224418498 0.052193210708931376 -0.023124556460681109 -0.058009634981012637 0.026538883363078931 -0.02090797938450412 0.053957517833604612 0.056034298549849884 -0.077483052723072945 0.070839196761144183 -0.022094336754947999 0.054780600550389885 0.04947974367413388 0.0028052171574761411 -0.0062232159091881196
leaf_weight=3627.5107780983672 2.6849771291017559 18.874244250357155 3.8712013177573743 7.4480915432795873 8.0059394836425799 2.6209243787452561 4.3895172700285912 6.5692855641245824 5.4120013518258929 23.414190560579303 4.3845871090888959 5.2596522867679596 12.570823706686495 92.232788406312466 21.060948960483074 54.897560931742191 17.417346343398094 18.031987808644772 4.2242841497063628 67.922316372394562 22.732887327671055 5.4590938389301291 7.1104761362075797 7.6021486893296224 3.0942389518022528 6.8060654401779201 17.794836789369583 5.3063313513994208 4.6670302003622055 109.39055542647839
leaf_count=20281 13 118 25 47 38 16 24 35 32 118 21 22 60 458 104 251 77 88 20 316 112 27 32 36 13 35 83 25 21 493
internal_value=-2.88724e-05 -0.0118342 0.0131082 0.00194348 0.0132054 0.0356811 -0.0369522 -0.00718083 -0.0064112 0.000141912 0.00422014 0.0446284 0.00344343 -0.0047441 0.00678927 0.00871884 0.017392 0.0127629 0.0184942 0.0137215 0.0168741 -0.00641103 0.00182911 -0.00484651 -0.000527923 0.012847 0.0335124 -0.00485426 -0.0469425 -0.00410338
internal_weight=4198.77 59.8762 30.0431 27.3582 23.487 16.0389 29.833 10.9588 8.03293 4138.89 511.38 9.64424 501.736 145.554 356.182 335.121 148.359 130.941 112.909 100.339 96.1143 28.192 186.762 131.864 119.595 53.3214 24.6009 28.7205 12.2692 112.485
internal_count=23041 348 171 158 133 86 177 59 48 22693 2412 43 2369 719 1650 1546 700 623 535 475 455 139 846 595 538 261 118 143 57 506
is_linear=0
shrinkage=0.05


Tree=98
num_leaves=31
num_cat=0
split_feature=19 29 29 0 23 15 8 18 15 4 13 16 21 13 0 4 18 5 13 28 29 23 26 0 14 14 22 26 18 10
split_gain=3.42226 6.26982 5.61515 7.11324 5.33319 5.21447 6.67253 6.84847 5.96038 5.68368 8.97972 6.85165 6.4596 6.75248 8.43229 8.45066 9.59944 8.03658 9.65889 7.72076 6.71268 12.22 6.65683 6.23746 7.28959 9.04274 9.6282 7.21046 6.87728 6.60285
threshold=0.51851851851851882 -135685.52999999997 -80139.889999999985 0.24951594170216465 285.50000000000006 0.31752644899667437 19929.539999999131 -0.29858608333302289 6.313459600829523e-05 0.94182331786282103 1.7820583240240058 -0.52255869328776094 1.1646678784418967 1.7617511523598366 -1.1675357518845997 0.69703853566378138 -0.63811436127309606 -291.72250000014895 1.9617854106578476 158880.28500000006 -1.0000000180025095e-35 271.50000000000006 2.5999999999999998e-05 1.3167170543789195 334659.28287525423 91694.346821521263 -509.49999999999994 -0.00011900000000000002 0.045308940383385156 0.0041096413276425353
decision_type=2 2 2 2 2 2 2 2 2 2 2 2 2 2 2 2 2 2 2 2 2 2 2 2 2 2 2 2 2 2
left_child=-1 4 3 -3 -2 6 -4 -8 -9 12 11 -11 20 14 -14 16 -16 -15 -19 23 -7 -22 -20 24 25 27 -27 -18 -26 -29
right_child=1 2 5 -5 -6 9 7 8 -10 10 -12 -13 13 17 15 -17 19 18 22 -21 21 -23 -24 -25 28 26 -28 29 -30 -31
leaf_value=-0.00048864833580018004 -0.042216025804351749 -0.010558614046712227 0.040919227282422997 0.066806949082761719 0.020704694225522607 0.021094604002297405 0.045726663174705362 -0.051843534258116157 0.011536932741273447 -0.032316268326570752 0.03387484477292619 -0.0025122739142438076 0.039794607877731092 -0.053725601059703143 -0.02436201972496508 0.05539210837781821 -0.018429974236268559 -0.054594877951938764 -0.0055529936951290706 -0.043628924652508116 -0.038237878870631396 0.026715094090902454 0.080396682602219383 -0.018663709202121813 0.085615129859880845 0.073200474168234567 -0.0059282323418584342 0.0017005172475762734 0.0064975806371517083 0.06768764854843333
leaf_weight=3801.9829546003602 12.472612380981447 4.7020738869905463 21.199517622590065 8.0705443322658521 4.613427370786666 13.308014430105684 6.1310651227831867 6.7480172067880622 8.2376444861292821 30.846702411770821 11.286224856972693 51.441923126578331 27.533121168613434 8.3125760704278964 21.622931607067585 9.2616593241691572 4.509741976857188 4.0906119793653479 4.4411214441061002 5.7965331450104705 26.380691539496183 9.9808909744024259 4.5719060599803925 11.507720708847044 7.5619233995676023 4.2352395989000717 41.646739512681968 5.0305691659450558 4.3134670704603195 15.385018728673456
leaf_count=21075 67 24 112 37 22 65 30 32 42 156 54 252 136 43 107 43 24 21 23 31 133 51 24 56 36 21 205 27 22 70
internal_value=-2.83166e-05 0.00439981 0.00573842 0.0383258 -0.0252267 0.00459926 0.0211034 0.00120991 -0.0170032 0.00243749 -0.00794837 -0.0136846 0.00667233 0.0110811 0.0146437 0.00935237 0.00584604 -0.0152697 0.00912556 0.0123788 -0.00928886 -0.0204089 0.0380454 0.0158255 0.0206257 0.0145458 0.00137592 0.0387885 0.0568775 0.0514279
internal_weight=4197.22 395.24 378.154 12.7726 17.086 365.382 42.3162 21.1167 14.9857 323.065 93.5749 82.2886 229.49 179.821 158.405 130.872 121.61 21.4162 13.1036 99.987 49.6696 36.3616 9.01303 94.1904 82.6827 70.8073 45.882 24.9253 11.8754 20.4156
internal_count=23041 1966 1877 61 89 1816 216 104 74 1600 462 408 1138 889 778 642 599 111 68 492 249 184 47 461 405 347 226 121 58 97
is_linear=0
shrinkage=0.05


Tree=99
num_leaves=31
num_cat=0
split_feature=27 2 10 22 21 2 22 26 30 29 19 16 13 27 29 26 18 2 2 0 10 15 15 13 21 23 16 10 0 3
split_gain=3.2819 6.44199 7.0265 7.46129 7.26942 7.17903 6.92609 4.83208 7.84932 4.78469 4.59435 4.95317 14.6099 7.16625 7.57194 6.83521 8.90334 12.0332 18.1487 6.18236 6.53329 5.03735 8.21189 7.45633 6.88965 8.94445 7.53593 5.84502 9.56004 4.73484
threshold=-0.010979686128448405 1.9192919026152881 0.40877347508183909 -318.49999999999994 2.9791649061766017 -1.2110320002514803 -1062.4999999999998 -0.00017160499999999997 -0.4822017554250872 -27958.534999999996 -0.73684210526315796 1.023702554289047 1.6004159114595475 0.0031651783622285161 65938.270000000004 -7.7999999999999971e-05 -0.209174142177075 0.073751736635175494 -0.76380669689603564 0.59746359065953092 2.1451749448644173 0.95851447727502259 0.38400540777505066 -0.037648776902675506 1.8539959586152166 -223.49999999999997 -0.11401705525558632 0.11009935055383274 1.2155116855247194 -2.606238954096741
decision_type=2 2 2 2 2 2 2 2 2 2 2 2 2 2 2 2 2 2 2 2 2 2 2 2 2 2 2 2 2 2
left_child=1 2 4 6 -1 -6 -4 8 -8 -9 11 13 19 21 15 16 -15 18 -18 20 -13 22 24 27 -2 -26 -27 -23 -29 -12
right_child=10 -3 3 -5 5 -7 7 9 -10 -11 29 12 -14 14 -16 -17 17 -19 -20 -21 -22 23 -24 -25 25 26 -28 28 -30 -31
leaf_value=-0.050713682557306773 -0.036337975811105379 -0.053843757757338809 -0.039958464315360973 -0.005494747867445607 0.036993157429495396 -0.04961621357732051 0.11983611808298855 -0.026537670590624285 0.01741368084874706 0.04496044271672936 0.012761451603815466 -0.027676493123034242 0.11727488222193611 -0.042192649629829229 0.095199125649705091 -0.030759941633133815 0.025484068383486793 -0.0064407728116588226 0.22007255947897253 0.056953575207051688 0.069525765521334382 0.082561008157468363 -0.040400772391345735 -0.032437177862136006 -0.054879561757779506 0.14144211610819477 0.018045450560805316 -0.021720798696464247 0.10560558918371801 0.0003021437357140306
leaf_weight=15.244965665042402 5.3184381984174234 7.0510357543826094 3.2079624533653286 103.00455151125789 6.2658851519227028 3.8706426918506605 3.8658759221434593 3.8463885560631788 3.6243287920951888 5.9745319709181715 77.799532260745764 14.508754067122945 2.8762842044234267 3.7830103486776379 2.3085194602608672 10.160740297287701 3.0161646157503128 5.0817013531923294 1.9880881421268002 3.5145123973488799 1.9625328630208958 3.2133183777332333 41.757812082767487 10.722982533276079 1.832688011229038 2.2735122218728065 2.7146400511264801 7.2610640749335271 1.8497851826250551 3836.0809030598029
leaf_count=101 65 44 20 638 40 27 20 23 22 33 406 175 31 44 24 121 31 59 21 34 17 31 533 124 23 24 31 79 19 20181
internal_value=-2.76398e-05 -0.0071448 -0.00493349 -1.005e-05 -0.0288943 0.00392129 0.0275228 0.0400279 0.0702764 0.016958 0.000247102 -0.00914493 0.0119138 -0.0138064 0.00870475 0.00039529 0.0232204 0.0477553 0.10279 -0.00324935 -0.016095 -0.021512 -0.0298778 -0.00194805 0.00631989 0.0395817 0.0742875 0.0245799 0.00413041 0.000549808
internal_weight=4195.98 155.956 148.905 123.524 25.3815 10.1365 20.5191 17.3111 7.4902 9.82092 4040.02 126.145 22.8621 103.282 26.3382 24.0297 13.869 10.086 5.00425 19.9858 16.4713 76.9442 53.8971 23.0472 12.1393 6.82084 4.98815 12.3242 9.11085 3913.88
internal_count=23041 968 924 756 168 67 118 98 42 56 22073 1486 257 1229 300 276 155 111 52 226 192 929 676 253 143 78 55 129 98 20587
is_linear=0
shrinkage=0.05


Tree=100
num_leaves=31
num_cat=0
split_feature=15 30 8 3 14 0 6 22 30 4 5 15 0 14 30 9 8 15 9 27 26 2 7 5 8 7 13 23 14 16
split_gain=3.2717 6.15229 10.7417 8.04953 7.85102 6.55802 5.53956 8.38604 8.16774 5.2077 5.09882 4.58988 6.84546 9.65084 9.17775 10.9836 15.4253 9.27895 7.8547 10.7304 10.8807 8.52636 8.58905 7.80942 8.6034 7.8011 7.73373 7.04665 6.90777 8.03683
threshold=4.0205145218911798e-05 2.5000065758231282 45880.159999999079 1.4864643287966923 85882.172334431481 0.023409816511111629 -0.26514297660676905 -109.49999999999999 -0.32237001135220844 -0.27267524668916737 -381.38100000028493 0.00025103231082877823 0.62915712942770585 104046.7379351319 3.317885278930444 0.065937626300176314 76468.824999999459 6.313459600829523e-05 3.8660213116146971 -0.0011571844598333156 0.00032111000000000005 -2.3501683182346782 -2.1038245216361342 -88.80149999982676 26210.689999999133 1.2544922921485606 1.0081793312534248 350.50000000000006 72464.872958066509 0.74552151090509966
decision_type=2 2 2 2 2 2 2 2 2 2 2 2 2 2 2 2 2 2 2 2 2 2 2 2 2 2 2 2 2 2
left_child=1 3 4 6 5 -3 7 8 -1 -5 -8 12 13 14 15 -2 23 -18 19 20 -15 -21 -23 -17 -25 -16 -24 -19 -26 -30
right_child=11 2 -4 9 -6 -7 10 -9 -10 -11 -12 -13 -14 18 25 16 17 27 -20 21 -22 22 26 24 28 -27 -28 -29 29 -31
leaf_value=0.11962017979438436 -0.00057557036580884629 0.050719247881391642 0.071266206218899078 0.094333307804468094 -0.045959161124081938 -0.025971437155140022 0.036065274060290843 -0.029026703837294061 -0.00080785132659765479 -0.0097264958878435434 -0.048390838958653357 -0.00066251149018815045 -0.0029480980960145571 -0.0096927378049807625 0.056624493779155641 0.014717754288760741 -0.037447612598901732 0.026594814594209017 0.062966404626654718 0.10617908336775959 -0.062637412974207649 0.044587340675645223 0.0086691920499816031 0.071815218597630626 0.012211991499421563 -0.0051885746657515767 -0.016812583972292846 -0.015869373891788035 0.085035877248210628 0.0062841242863262555
leaf_weight=2.1636111345142126 131.99873591214418 6.6985975867137366 5.5535429129376999 2.3501648642122746 7.9027760280296198 4.7744286293163896 1.9310721326619411 13.482960710301994 4.0312269199639585 2.46169539541006 23.968987729866058 3314.3148077204823 269.85719475150108 61.946159224957228 19.744055323302749 40.11419203877449 13.742846742272375 25.027110662311316 4.7015870139002791 2.0677630007266989 11.506578542292116 11.941980518400667 91.245767362415791 18.221433863043785 22.068034823983908 6.883941523730754 44.199992462992668 16.025231122970581 9.096319913864134 5.0317907035350791
leaf_count=26 611 42 34 20 58 35 19 130 38 24 350 18434 1283 315 90 188 80 118 21 11 61 53 426 82 101 34 216 76 41 24
internal_value=-2.8596e-05 -0.0103555 0.00996111 -0.0204068 -0.00761031 0.0188049 -0.0269 -0.00690174 0.0412529 0.0410974 -0.0420939 0.000160206 0.0035457 0.00681776 0.0125881 0.00993249 0.0192212 -0.00188622 -0.000989425 -0.00233838 -0.0179867 0.00535226 0.00393772 0.031456 0.0437948 0.0406444 0.000353728 0.0100185 0.029689 0.0569881
internal_weight=4195.05 75.3191 24.9293 50.3897 19.3758 11.473 45.5779 19.6778 6.19484 4.81186 25.9001 4119.74 805.421 535.564 307.954 281.326 149.327 54.7952 227.61 222.908 73.4527 149.456 147.388 94.5318 54.4176 26.628 135.446 41.0523 36.1961 14.1281
internal_count=23041 776 169 607 135 77 563 194 64 44 369 22265 3831 2548 1445 1321 710 274 1103 1082 376 706 695 436 248 124 642 194 166 65
is_linear=0
shrinkage=0.05


Tree=101
num_leaves=31
num_cat=0
split_feature=17 14 15 13 29 13 21 15 15 7 9 27 21 10 21 13 13 1 4 13 15 8 7 6 15 6 15 4 6 6
split_gain=3.21983 8.13638 3.22852 3.20339 7.67017 7.52887 9.24911 12.3916 10.2948 8.8705 13.7876 13.1336 13.5841 8.97832 8.49231 8.23623 8.15442 7.85648 7.71948 12.2846 11.3883 9.97105 9.7215 9.56551 11.5365 13.8156 14.1257 9.51046 8.65551 18.914
threshold=-0.2987802587935609 169296.18773342823 1.0000000180025095e-35 1.4077504642725256 79137.185000000027 0.41873174311485478 2.1869744588199462 0.70258780966040446 0.63505289787980901 0.77885528548316751 0.044035730076034334 -0.006504117537982689 1.8926002956077526 0.044993733732790413 2.6836712680721404 1.3639695193188899 0.61470517135694935 1.4500024955023745 0.16602942703692489 0.51580631000011257 9.9148410437472332e-05 89110.524999999252 -1.6569644109741581 -1.2392117047887059 0.28604669106342812 1.5255208257921191 4.97422984601995e-05 -1.1980320812123477 1.0093877361883508 -0.52751388317946046
decision_type=2 2 2 2 2 2 2 2 2 2 2 2 2 2 2 2 2 2 2 2 2 2 2 2 2 2 2 2 2 2
left_child=1 -1 -2 5 -5 -4 8 15 9 18 -11 -12 13 -13 -9 -8 -10 -18 19 -7 27 22 -20 -24 25 26 -25 -21 29 -22
right_child=2 -3 3 4 -6 6 7 14 16 10 11 12 -14 -15 -16 -17 17 -19 21 20 28 -23 23 24 -26 -27 -28 -29 -30 -31
leaf_value=-0.066226674900496926 -0.050516258934115911 0.028819612172338183 -0.00075998450232090894 -0.0044153687093922206 0.01554458289406143 -0.042759811564968928 -0.0093325338524322277 -0.0079514310888499154 0.020880687336156899 0.0049512130383687174 -0.042288893566689779 0.099810166531202504 0.13623497428678527 0.034069454208338922 0.014045449636200353 0.028670493153042782 -0.00010313482352198543 -0.054933293243644502 0.054079647923634226 -0.0078599979056832633 0.051066951291264241 -0.034736386552735234 -0.039285526395953368 -0.025562197711257152 -0.019986110467463007 -0.045516892738522247 0.071097406279615846 0.082140390719207965 0.043520246724129907 -0.030937007189611426
leaf_weight=5.7734111100435239 3.155763230752199 3.691247321665287 2483.2954253964126 664.07903214171529 51.892176069319248 6.5427818149328223 265.74369179084897 59.124987334012985 48.57462652772665 27.077282413840294 3.4362403452396384 6.5604199245572117 5.0325030982494345 24.92744517326355 170.14597475156188 15.065381377935408 194.08721980080009 6.7608209401369086 10.081171303987501 3.7114929258823421 11.273549973964693 16.345917321741581 11.779645591974257 4.8825472220778527 17.499658703804016 4.6764546781778327 16.733850963413715 14.03568224981427 18.356280520558357 18.687279537320137
leaf_count=30 318 21 13482 3646 290 34 1478 315 244 130 19 33 25 130 915 82 1036 36 52 18 64 88 63 30 105 23 74 68 90 102
internal_value=-2.81507e-05 -0.0291583 3.77518e-05 7.59146e-05 -0.00296871 0.000705126 0.00441335 -0.000251885 0.00946501 0.0173062 0.0324972 0.0511642 0.0599573 0.0477664 0.00837284 -0.00729367 0.00249721 -0.00194879 0.0107197 0.0225929 0.0290652 0.000206532 0.00890638 0.00071164 0.0114704 0.0324068 0.0492647 0.0633185 0.0164838 -8.08614e-05
internal_weight=4193.03 9.46466 4183.57 4180.41 715.971 3464.44 981.143 510.08 471.063 221.64 67.0339 39.9566 36.5204 31.4879 229.271 280.809 249.423 200.848 154.606 72.6071 66.0643 81.9992 65.6533 55.5722 43.7925 26.2929 21.6164 17.7472 48.3171 29.9608
internal_count=23041 51 22990 22672 3936 18736 5254 2790 2464 1148 337 207 188 163 1230 1560 1316 1072 811 376 342 435 347 295 232 127 104 86 256 166
is_linear=0
shrinkage=0.05


Tree=102
num_leaves=31
num_cat=0
split_feature=19 29 29 15 9 22 18 6 9 5 29 13 13 16 1 9 6 26 0 21 14 14 23 13 16 22 6 7 13 21
split_gain=3.2027 5.6457 5.27086 5.17905 5.73479 9.31577 7.42458 5.68273 5.47053 5.42151 6.52755 5.73755 5.98201 7.04363 5.76029 8.16525 9.65884 9.7735 7.4236 6.59102 7.44529 10.07 7.13529 6.26666 6.05514 6.02997 5.61514 5.60103 6.50834 5.49942
threshold=0.51851851851851882 -135685.52999999997 305399.6700000001 1.765778588345988 0.040940053848016522 -207.49999999999997 1.2439083385375829 2.3222890312053588 0.051673394079166823 -1866.4549999998414 82463.275000000009 -2.7909219075719318 -3.0092224383590231 0.60204188884192666 -1.2978593980410069 2.578495646876426 2.2438063582917027 -0.00022663499999999996 -0.70276153037282441 2.990400485760154 126936.91244223931 60788.615156250446 390.50000000000006 -0.99553081370831831 1.0902437083168712 -46.499999999999993 -1.165739464237131 -0.80070446468817902 -0.32341880230876358 -1.1604907497884251
decision_type=2 2 2 2 2 2 2 2 2 2 2 2 2 2 2 2 2 2 2 2 2 2 2 2 2 2 2 2 2 2
left_child=3 -2 -3 9 5 -5 -7 8 -6 10 -1 12 13 -11 15 16 17 18 19 20 21 -13 26 25 -25 -17 -21 28 -18 -16
right_child=1 2 -4 4 7 6 -8 -9 -10 11 -12 14 -14 -15 29 23 27 -19 -20 22 -22 -23 -24 24 -26 -27 -28 -29 -30 -31
leaf_value=-0.029886576344189127 -0.024061825298414559 0.0061588822673551728 -0.049457836405423804 0.044621390855654308 -0.05440601746923867 -6.7257376061027489e-05 0.062871062338847386 -0.050922861606389772 0.0045402488530580428 -0.019418404512396958 0.03592769921091319 -0.025237651099213838 0.048242024175596587 0.035611282083632928 0.018108381227262254 0.047399447760697627 -0.051295914223828315 -0.0035707685685278019 0.038302288862269267 0.064074664706490245 -0.038683409271703752 0.047192532357209938 0.079157843484280316 0.034094193473148897 0.10690101495552895 -0.042597189871144595 -0.014787182753912196 0.057006464213224396 0.036220184302307744 -0.0019158163724270945
leaf_weight=28.486713130027056 16.843947879970074 373.23420092836022 4.3091956228017798 22.970381990075111 4.0349078997969618 46.177827075123787 5.2149491235613814 5.0170683413743964 160.5984298363328 13.267586238682272 4.3416734486818305 9.5249659717083031 11.843212909996508 10.351931117475031 34.676585711538792 3.2481005266308784 3.2500170804560184 268.36629442498088 26.272714517079294 3.1835138350725183 12.212796129286287 9.6713285855948907 5.2307270914316168 12.364778690040113 3.7133859917521468 4.3591289818286922 7.7572309523820886 12.516885250806807 6.1337440460920352 3062.618462279439
leaf_count=177 89 1855 22 105 18 210 24 23 754 70 26 57 62 53 173 18 21 1531 142 16 73 57 32 70 21 27 45 63 33 17174
internal_value=-2.8052e-05 0.0042605 0.00552409 -0.000473448 0.00657293 0.0181506 0.00631925 0.00149808 0.00309557 -0.000957327 -0.0211824 -0.000768733 0.0192413 0.00469993 -0.000972346 0.00477237 0.00292197 0.000861883 0.0169691 0.00518956 -0.00816343 0.0112536 0.0311244 0.0332189 0.0509095 -0.00417083 0.00815986 0.0351129 0.00590944 -0.00169163
internal_weight=4191.79 394.387 377.543 3797.41 244.014 74.3632 51.3928 169.65 164.633 3553.39 32.8284 3520.56 35.4627 23.6195 3485.1 387.806 364.12 342.22 73.8533 47.5806 31.4091 19.1963 16.1715 23.6854 16.0782 7.60723 10.9407 21.9006 9.38376 3097.3
internal_count=23041 1966 1877 21075 1134 339 234 795 772 19941 203 19738 185 123 19553 2206 2070 1953 422 280 187 114 93 136 91 45 61 117 54 17347
is_linear=0
shrinkage=0.05


Tree=103
num_leaves=31
num_cat=0
split_feature=16 23 13 14 21 21 13 22 4 22 26 22 16 16 29 6 29 18 30 30 29 0 26 8 1 21 10 30 5 7
split_gain=3.1891 5.24201 4.66133 6.25148 5.17968 4.54685 3.88337 5.26407 3.88665 3.77262 4.29024 3.59489 7.9224 7.08756 10.0217 9.16212 5.99849 10.7161 8.82254 15.5561 11.8921 8.56513 10.8771 10.9258 8.92145 10.9266 8.19198 7.95959 13.072 7.70104
threshold=2.1714325390276272 -300.49999999999994 1.3490969806059747 196139.33422946467 2.8412857956581972 2.5285221823456383 0.49360526345168587 -14.499999999999998 -0.13998740197102552 -548.49999999999989 -3.0999999999999974e-05 -62.499999999999993 -1.1594029988626018 -1.0910279029558649 389.14500000000004 -1.1010563292884721 1809.0150000000001 -0.31873885134234708 -2.6295565084341668 -0.8777689235116003 2345.4949999999967 0.72754465658353307 2.2000000000000003e-05 54087.579999999078 0.22087869764242313 2.1869744588199462 0.27804273844737909 -1.7810206794536019 -257.44099999987515 1.2389821038960078
decision_type=2 2 2 2 2 2 2 2 2 2 2 2 2 2 2 2 2 2 2 2 2 2 2 2 2 2 2 2 2 2
left_child=11 9 3 6 -5 -4 7 8 -3 10 -2 16 -13 14 15 -14 -1 27 29 26 -21 -22 24 -24 25 -23 -20 -18 -29 -19
right_child=1 2 5 4 -6 -7 -8 -9 -10 -11 -12 12 13 -15 -16 -17 17 18 19 20 21 22 23 -25 -26 -27 -28 28 -30 -31
leaf_value=0.00019660298954919358 0.027243654940211665 -0.025378506172175713 -0.07051089828682662 0.077464404717713514 0.0020200941452718836 0.0019413837401212461 0.033475512990596638 -0.048399434306754474 0.038142444145354081 -0.049241142796785764 -0.035504110510513262 -0.010410192184156328 0.079008957945170266 -0.0005258183872284283 0.078601986103199017 -0.007734361688965752 -0.0048097267025618172 0.040203726757780375 -0.045407791821351615 0.081261035363735232 -0.0057332850842127811 0.099355653541244468 0.013608020558685216 0.078908031783455707 -0.017872594078992304 -0.013997817329134932 -0.0097930874316485006 -0.008110780799104593 0.030612226781948155 -0.018355254397709974
leaf_weight=1263.3195101409219 4.7161499233916402 4.6486593335866964 4.1354389856569451 5.0517126098275167 4.1390920355916023 4.545727327466011 4.9351778626441947 7.4632028043270155 4.9964369758963585 12.175722204148768 6.4493531370535511 208.23227765318006 3.7146653085947099 2206.5427192235366 6.6317143067717543 16.864173464477062 33.359252199530602 23.044116165488962 24.498345511034131 5.1073943320661774 92.172254106029868 4.2287223339080828 14.312521727755668 11.595331876538692 22.16535534709692 4.2753734141588211 47.359694756567478 27.545366905629635 104.38910403009504 7.4228729708120218
leaf_count=6920 28 27 24 25 23 26 26 44 29 70 38 1160 20 12145 38 91 189 129 133 27 508 21 75 59 116 23 272 156 552 47
internal_value=-2.75964e-05 -0.0111692 -0.000162497 0.00884549 0.043488 -0.0325726 -0.00559834 -0.0168699 0.00752717 -0.0299916 -0.00900035 0.000143186 -0.00108258 -0.000213057 0.0251492 0.00792359 0.00191985 0.00708505 0.000680995 -0.00272801 0.00624256 0.00366676 0.0189807 0.0428337 -0.00116894 0.042368 -0.0219351 0.0170104 0.0225276 0.0259366
internal_weight=4190.04 63.2567 39.9154 31.2343 9.1908 8.68117 22.0435 17.1083 9.6451 23.3412 11.1655 4126.78 2441.99 2233.75 27.2106 20.5788 1684.8 421.476 256.182 225.715 153.857 148.75 56.5773 25.9079 30.6695 8.5041 71.858 165.294 131.934 30.467
internal_count=23041 360 224 174 48 50 126 100 56 136 66 22681 13454 12294 149 111 9227 2307 1410 1234 829 802 294 134 160 44 405 897 708 176
is_linear=0
shrinkage=0.05


Tree=104
num_leaves=31
num_cat=0
split_feature=28 3 7 9 23 2 1 26 27 15 15 6 21 27 15 5 10 14 3 18 27 9 5 4 0 30 3 23 13 26
split_gain=3.34957 7.71862 7.80873 7.10414 7.666 7.44877 7.64316 8.84717 7.36293 12.0549 9.76751 10.0131 7.90774 6.76072 6.476 8.85713 8.8914 8.22379 8.55415 8.60817 8.32915 7.97425 9.17831 8.76441 12.8266 13.2107 8.10494 9.2246 9.89434 9.46982
threshold=1.0000000180025095e-35 2.2506238123594984 0.70797792666719095 1.5077467306607895 725.50000000000011 -0.88685544325910293 -1.2978593980410069 7.8000000000000026e-05 -0.0015723786592439224 0.81649658343822629 0.63505289834734724 -0.48722486699564144 0.62500434224643353 -0.026081014903846508 0.72295689161029431 -77.087499999906854 10.144416761187516 1073252.5673766511 -2.0344649424049246 -0.65177379609679265 0.0043570942767264817 3.2160018660128613 642.28400000021804 -1.4054989280905226 0.76530095147010446 -2.2540781186362877 -1.4656287361036857 1161.0000000000002 1.7176485300849926 -0.00032249999999999987
decision_type=2 2 2 2 2 2 2 2 2 2 2 2 2 2 2 2 2 2 2 2 2 2 2 2 2 2 2 2 2 2
left_child=1 14 -3 5 13 6 -2 8 -8 10 12 -12 -10 -5 -1 -16 17 18 19 -17 21 23 -23 24 25 -20 27 28 29 -25
right_child=3 2 -4 4 -6 -7 7 -9 9 -11 11 -13 -14 -15 15 16 -18 -19 20 -21 -22 22 -24 26 -26 -27 -28 -29 -30 -31
leaf_value=-0.00081663919600698123 0.00062391727567169758 -0.024245033557605034 0.011402193191262441 -0.062991490439974721 -0.026087557321034068 -0.0013741278897499874 -0.024260836119482751 -0.029616036396000286 -0.045022151435971242 -0.025878253550029269 -0.0039630379902355689 0.10951908051207948 0.020497060698726175 0.010603829093470497 -0.001371026961073465 0.044767940943125313 -0.032799509578949296 0.055157110504899923 -0.037057338047603014 -0.023906214984831524 -0.0022971552144913769 -0.029701752183402444 0.046925610811263209 0.052948419204450897 -0.01501761803732765 0.069910242724291749 0.012990179317824483 -0.066201462967580366 0.047232177078293025 -0.018689699939238909
leaf_weight=1631.2526462459937 90.81663029268384 57.076942555606365 21.020622126758099 3.1759212091565123 16.685806833207607 723.88437257194892 37.816743866540492 79.261589794419706 5.7592964870855239 21.371793769299984 3.0408504009246826 5.3879637718200666 22.983111375942826 179.02586710173637 490.06566620990634 5.239487186074256 13.680902950465677 9.0836958140134794 3.3349128663539913 35.349625818431377 143.02770211920142 21.510925441980365 4.7753471210598937 5.2464892342686644 8.7060471475124341 21.463886599987745 476.17023665085435 5.8674505278468123 9.1240807324647886 38.211707405745983
leaf_count=9197 493 303 107 22 100 3879 228 438 32 116 17 33 123 1020 2738 29 79 45 19 202 731 120 24 28 46 112 2469 30 51 210
internal_value=-2.74597e-05 0.000862645 -0.0146503 -0.00227307 0.00635038 -0.00400493 -0.0111525 -0.0172423 -0.00706422 0.0040442 0.0212483 0.0685783 0.00736857 0.009321 0.00127725 0.00392329 0.00716329 0.00785788 0.00730565 -0.0150413 0.00853565 0.0111422 -0.0157811 0.0123879 0.0371952 0.0555254 0.0108333 -0.00673837 -0.000103111 -0.0100412
internal_weight=4189.42 3000.21 78.0976 1189.21 198.888 990.322 266.438 175.621 96.3598 58.543 37.1712 8.42881 28.7424 182.202 2922.11 1290.86 800.792 787.112 778.028 40.5891 737.439 594.411 26.2863 568.125 33.5048 24.7988 534.62 58.4497 52.5823 43.4582
internal_count=23041 16540 410 6501 1142 5359 1480 987 549 321 205 50 155 1042 16130 6933 4195 4116 4071 231 3840 3109 144 2965 177 131 2788 319 289 238
is_linear=0
shrinkage=0.05


Tree=105
num_leaves=31
num_cat=0
split_feature=7 13 10 7 9 7 8 9 15 0 14 23 30 26 10 9 2 15 18 0 3 14 5 10 8 27 18 27 10 3
split_gain=3.12205 6.46902 7.78678 7.68163 10.3715 9.3028 8.58942 12.8804 9.1298 9.37018 8.23299 10.6827 9.59812 8.98199 7.98929 7.70914 7.4764 7.40682 7.39505 7.30551 7.59212 7.27014 12.7308 8.69917 8.29783 8.54769 6.76109 11.9424 7.0307 6.71639
threshold=-1.2850275817171335 -1.2168195280047884 8.4183845156308408 -2.4732775115990271 0.0022113988667492074 -3.1593983312523721 544351.9799999994 1.2214255422600884 0.40824829151909464 -1.1587980470420243 111873.93333253903 1621.5000000000002 -2.8249891890593144 2.5999999999999998e-05 0.25855714927533652 0.0057499158645900666 -1.9207578531005949 0.73786478826938817 -1.0965864071217986 -0.74559829283367896 -1.6207154287908951 198168.51803524527 888.28749999986042 0.0013868115564113364 11651.354999999099 -0.0014737189012306582 0.10177588381245674 0.0046615049819720431 1.0000000180025095e-35 -0.57595982330848905
decision_type=2 2 2 2 2 2 2 2 2 2 2 2 2 2 2 2 2 2 2 2 2 2 2 2 2 2 2 2 2 2
left_child=1 2 -1 4 5 -3 7 10 -8 -10 11 12 13 14 -5 -12 -9 -7 -6 -14 -21 22 24 -23 25 -17 27 -22 -28 -25
right_child=-2 3 -4 6 18 17 8 16 9 -11 15 -13 19 -15 -16 21 -18 -19 -20 20 26 23 -24 29 -26 -27 28 -29 -30 -31
leaf_value=0.0035757329895784312 0.00063326987056026363 -0.022917975653128891 0.061738126057133635 0.12147468327784411 0.071619125929328162 0.026009741687917549 0.091926956100935639 0.035544854349232199 0.082981363839580227 -0.010479486197299137 -0.032988562277526695 0.060200059924100824 -0.018826230522493836 -0.012880096652237744 0.030665364442202237 0.079771595523430536 -0.03897402324149566 0.10632976777749359 -0.0024678573151942617 0.0665783755504709 0.013942145788753926 -0.061234931120601577 0.053511104806872517 0.018657892723828503 -0.032894900220694724 -0.010928950990337787 0.02532082177161555 -0.043516130782398965 -0.025656839379715531 -0.009062131326616792
leaf_weight=173.6233827015385 3393.2462325100787 3.7644129991531363 5.9518437534570685 3.7252355366945284 3.5120370090007773 5.5375801324844343 3.9589125365018871 3.6360567584633818 3.3285210281610533 13.802914239466187 40.667125516105443 7.1955660153180352 63.264315435662866 6.3017270714044562 6.9237833842635155 3.2481451481580761 45.300118088722229 5.9589878171682358 82.237753444351256 4.3622883409261695 80.085084720980376 5.3246150687336913 5.580580409616231 43.063644014298916 62.590394989587367 12.969188634771852 8.2905426658689958 10.194457583129404 36.723499748390168 44.363114174455404
leaf_count=931 18591 20 32 19 17 31 19 19 20 85 250 37 360 38 40 18 272 30 453 21 434 29 31 246 360 73 47 58 199 261
internal_value=-2.76631e-05 -0.00284696 0.00550347 -0.00528161 0.0073255 0.0453035 -0.00775482 -0.00908942 0.0234936 0.00767932 -0.00641117 0.000250602 -0.00171132 0.0344336 0.0624322 -0.0133562 -0.0334371 0.0676418 0.000566508 -0.00473066 0.00165466 -0.00884901 -0.0194685 0.000812926 -0.0246363 0.00723732 -0.000438683 0.0074539 -0.0162679 0.00459187
internal_weight=4188.73 795.486 179.575 615.911 101.011 15.261 514.9 493.809 21.0903 17.1314 444.873 227.067 219.871 16.9507 10.649 217.807 48.9362 11.4966 85.7498 202.92 139.656 177.14 84.3883 92.7514 78.8077 16.2173 135.294 90.2795 45.014 87.4268
internal_count=23041 4450 963 3487 551 81 2936 2812 124 105 2521 1253 1216 97 59 1268 291 61 470 1119 759 1018 482 536 451 91 738 492 246 507
is_linear=0
shrinkage=0.05


Tree=106
num_leaves=31
num_cat=0
split_feature=30 26 10 7 22 23 22 8 14 21 10 21 26 4 15 21 3 23 0 18 7 14 5 26 7 23 9 30 4 28
split_gain=3.1184 8.75096 8.68406 6.71207 6.65394 8.41937 9.9337 7.70484 6.51184 9.14414 5.54685 8.83255 5.31781 6.73026 4.6894 5.75287 8.45661 6.00773 6.06485 6.67102 6.31745 5.68197 6.20552 5.64109 5.1982 4.82103 4.68867 4.50312 4.79222 4.47006
threshold=-4.1972984581927451 0.00039550000000000007 0.22436619259989521 1.9716340399945256 286.50000000000006 -144.49999999999997 -114.49999999999999 511546.73499999911 94073.34372631085 1.8926002956077526 1.0938162838511922 2.2635342535807905 1.0000000180025095e-35 -0.1760605319707087 2.2941148552094188 0.027688577505110005 1.6530372102878985 -1507.4999999999998 -0.79101609261226657 0.17234403415533209 -1.7575779937787097 116962.48258278744 67.748499999986976 7.2000000000000002e-05 0.47356052517123232 -290.49999999999994 0.29296013699836515 -2.0181584577351095 -0.25524114760471611 4762.755000000001
decision_type=2 2 2 2 2 2 2 2 2 2 2 2 2 2 2 2 2 2 2 2 2 2 2 2 2 2 2 2 2 2
left_child=1 2 29 4 5 6 7 10 9 -7 -4 -12 13 -10 -2 -16 17 -17 19 27 -20 24 -23 -24 -22 -18 -6 -19 -29 -1
right_child=14 -3 3 -5 26 8 -8 -9 12 -11 11 -13 -14 -15 15 16 25 18 20 -21 21 22 23 -25 -26 -27 -28 28 -30 -31
leaf_value=-0.01380424833721771 -6.5269655508593262e-05 -0.061083191759302928 -0.039050121882821559 -0.046225798319617151 -0.067840806433837816 0.0039345559195441684 -0.064372162845618086 0.078719814005066682 0.093265462625045259 0.10062196500775854 0.084221886335551957 -0.021952902774167164 -0.010659359060767839 0.011148595424711125 0.035638046644347249 0.054380319951138172 0.0042774139487650005 0.0098989632731087771 -0.032077165151866573 0.037224578842268922 0.023817912324342251 0.040891999627779327 0.020208324854678578 -0.059511488805308557 0.085146127238161687 -0.063686627364869575 0.00031873166459282781 -0.06249820882835181 -0.0068856455373257595 -0.0531477301373263
leaf_weight=33.810118684079498 3966.3790504164062 7.2857498340308657 6.1047652587294632 5.5769734531640998 3.9851823374629003 3.7580211460590416 5.3257493227720216 3.6070893593132487 4.0003663897514325 7.0008371993899345 3.4701437735930085 4.4973654225468636 8.70414289832115 6.6316958032548463 18.977684535086155 7.2790565192699423 4.3923531547188759 7.2178392410278365 4.9789438769221261 5.8040257692337027 7.4315390586853081 8.0841318964958209 4.4369330108165723 4.4393333494663239 6.4575343355536461 6.4276360347866994 6.8772873356938362 8.7294155135750788 6.9641408026218388 9.1796548953279835
leaf_count=215 21827 55 38 38 23 20 33 20 23 38 19 28 54 37 85 35 20 35 24 27 33 40 20 20 31 30 39 44 34 56
internal_value=-2.77006e-05 -0.00797788 -0.00453956 0.0063815 0.0109684 0.0182623 -0.00450946 0.0135236 0.0356694 0.0668495 -0.00318783 0.0242901 0.0183205 0.0420455 0.000206457 0.0108123 0.00511142 0.0113194 0.00646307 -0.0106571 0.0201844 0.0286192 0.00920073 -0.0196624 0.0523316 -0.0360968 -0.0246874 -0.0227868 -0.0378197 -0.0222053
internal_weight=4187.81 119.815 112.529 69.5396 63.9626 53.1002 23.0051 17.6794 30.0951 10.7589 14.0723 7.96751 19.3362 10.6321 4068 101.621 82.6429 71.8229 64.5438 28.7154 35.8284 30.8495 16.9604 8.87627 13.8891 10.82 10.8625 22.9114 15.6936 42.9898
internal_count=23041 736 681 410 372 310 138 105 172 58 85 47 114 60 22305 478 393 343 308 140 168 144 80 40 64 50 62 113 78 271
is_linear=0
shrinkage=0.05


Tree=107
num_leaves=31
num_cat=0
split_feature=5 30 7 9 16 26 26 0 0 3 2 21 14 15 21 10 18 20 0 23 26 7 28 16 14 23 21 9 18 7
split_gain=3.13076 7.19394 8.16836 8.48358 7.35682 12.4238 7.15277 8.89518 7.10978 13.9974 6.99417 9.90231 6.75147 9.44936 8.15489 6.21758 6.7067 5.76529 6.36605 5.31211 5.95974 5.52299 5.89694 5.27885 5.1668 7.27307 4.94101 4.89465 4.69721 6.56144
threshold=597.51750000007462 -2.0181584577351095 -2.6231631963052862 0.83865106702794689 -1.4367336845969481 9.7000000000000013e-05 0.00038750000000000009 1.4606437779726718 -0.24427369105428579 -0.76134561250216326 0.77853345665262752 2.3645014490472129 107957.18501009826 0.48197126156366055 3.207056261964031 0.69364459877524065 -0.31371009586391768 -2.5000000000003881 -1.1265542148930241 234.50000000000003 0.00030450000000000008 1.71129107616556 -64000.109999999993 1.5723887158886247 45658.568921439299 538.50000000000011 -1.0078178827763378 0.042583380028925102 1.7387117169020885 0.74774271830118078
decision_type=2 2 2 2 2 2 2 2 2 2 2 2 2 2 2 2 2 2 2 2 2 2 2 2 2 2 2 2 2 2
left_child=17 8 -3 4 5 -4 7 19 -2 -10 11 -5 -12 -14 15 -15 -17 18 -1 20 23 22 -21 -6 25 -24 -26 -9 29 -11
right_child=1 2 3 10 6 -7 -8 27 9 28 12 -13 13 14 -16 16 -18 -19 -20 21 -22 -23 24 -25 26 -27 -28 -29 -30 -31
leaf_value=0.0079896208892140629 -0.050711343319209706 0.04222260175134631 -0.013145352558690518 0.040495522453168377 -0.026602742025835371 0.067627968305996197 -0.035170638931950708 0.070830963553855639 0.049910098480565622 -0.045742321155552566 -0.019845328555991179 -0.032250292716184757 0.093324489914491604 0.047739274015273482 0.068829000864767356 0.03833771337225049 -0.032320735361243823 0.00049842742871114641 -0.055990486883676929 0.050347608993178722 0.036453030616997083 0.054278510395454005 0.088590124675938645 0.028220160271632818 0.057572925868705098 -0.0062982887120347653 -0.018184265885811273 0.0028314837163268373 0.02400275306593988 0.0056513711954933729
leaf_weight=6.6270057074725655 14.746661782264708 10.364553533494471 11.246092058718206 6.7375390678644207 66.549863377120346 8.2549921870231611 26.69187980517745 5.3347086459398252 7.842573180794715 21.708207082003359 7.0569490045309058 15.303542345762251 5.5946466922760001 6.6929058134555879 7.1587377339601508 4.9171750694513348 10.593189530074591 3839.475872896146 9.406667083501814 4.6332978159189215 4.482578717172145 4.3618333907797924 3.0991338882595283 4.7010885551571837 2.2567972727119914 5.7965842513367534 46.494643770158291 5.2514206990599632 4.4423232525587073 8.6990843191742879
leaf_count=65 98 52 61 36 397 43 143 30 43 139 40 86 28 32 35 25 59 20968 118 25 25 25 18 26 12 35 270 29 26 52
internal_value=-2.71536e-05 -0.0046936 -0.00131609 -0.00303054 -0.00812137 0.0210468 -0.0112875 -0.00711991 -0.0207802 -0.0104415 0.0127976 -0.0100133 0.0247645 0.0337702 0.0224227 0.00746052 -0.00992023 0.000373482 -0.0295464 -0.0104077 -0.0194675 -0.000112048 -0.00392131 -0.0229856 -0.00828309 0.0267594 -0.0146773 0.0370987 -0.0240231 -0.0310393
internal_weight=4186.52 331.013 273.574 263.21 199.155 19.5011 179.654 152.962 57.4388 42.6922 64.0547 22.0411 42.0136 34.9567 29.362 22.2033 15.5104 3855.51 16.0337 142.376 75.7335 66.6423 62.2805 71.251 57.6472 8.89572 48.7514 10.5861 34.8496 30.4073
internal_count=23041 1890 1532 1480 1139 104 1035 892 358 260 341 122 219 179 151 116 84 21151 183 833 448 385 360 423 335 53 282 59 217 191
is_linear=0
shrinkage=0.05


Tree=108
num_leaves=31
num_cat=0
split_feature=28 3 7 9 23 2 1 26 27 15 15 21 15 21 26 7 7 3 0 19 22 10 18 16 23 27 22 23 27 13
split_gain=3.04777 6.8936 6.95267 6.36275 6.88732 6.85196 7.05636 8.1413 6.72631 10.8813 9.60241 7.18725 6.38329 7.07672 8.33849 7.24326 6.91102 7.85841 6.56203 8.32611 8.19345 8.40102 7.71943 6.81597 6.20287 7.34128 6.86539 6.37954 6.18253 5.88386
threshold=1.0000000180025095e-35 2.2506238123594984 0.70797792666719095 1.5077467306607895 725.50000000000011 -0.88685544325910293 -1.2978593980410069 7.8000000000000026e-05 -0.0015723786592439224 0.80968759583423611 0.63505289834734724 0.51778893915109581 0.55339859103694089 2.4320780469486833 -0.00027771999999999991 -1.6569644109741581 -0.1722838861354746 0.20208197274068368 -1.2078688667857838 -0.43524484536082492 62.500000000000007 0.35341184667580267 -0.49823745821883086 -1.5677197427789527 1478.5000000000002 0.0042720132465730041 315.50000000000006 154.50000000000003 -0.0058745741788249197 0.7808202948888564
decision_type=2 2 2 2 2 2 2 2 2 2 2 2 2 2 2 2 2 2 2 2 2 2 2 2 2 2 2 2 2 2
left_child=1 -1 -3 5 12 6 24 8 -8 10 11 -10 13 14 -5 -15 -16 -18 19 -14 22 -22 28 -20 25 26 -2 -27 -21 -23
right_child=3 2 -4 4 -6 -7 7 -9 9 -11 -12 -13 18 15 16 -17 17 -19 23 20 21 29 -24 -25 -26 27 -28 -29 -30 -31
leaf_value=0.0012125499261238851 -0.0009471698693281921 -0.023035321220087199 0.010619509181037436 -0.033558798581344966 -0.025028005853253262 -0.0012936049432991884 -0.023407505801787971 -0.028558548476504242 -0.048710351204166787 -0.024111584595329361 0.069052106104237926 0.018160853982922838 0.088590359073717678 0.058440938975831115 0.030583287478615953 -0.0095923627382752726 0.13995990063612204 0.041663905334915076 -0.067686384051246204 -0.0037339832140560951 0.096460082169442074 -0.020003261794015736 -0.022379201223194489 -0.0012082015528996114 0.060557187091661614 -0.0046643170587855913 -0.04263373691359857 0.080029836667318097 0.069596431997072217 0.063304008205374712
leaf_weight=2920.7328520007432 66.139840825460851 56.481254182755947 21.071117866784334 2.7738193720579174 16.433446858078241 722.73811869136989 37.385067684575915 78.20013471506536 4.8275671582669046 21.966314785182476 7.9409273341298094 23.964716662652791 3.9161053374409667 5.0875403583049801 9.4373790174722707 16.935888145118952 4.2949597304686868 3.861325865611434 4.0304334461688986 6.2913212850689888 4.963621921837329 5.0520958900451642 18.320792213082317 88.964909806847572 4.1193692758679381 4.1533655375242216 11.61054061912 4.7849631905555725 5.2922040298581106 3.6513859480619431
leaf_count=16130 357 303 107 17 100 3879 228 438 28 121 45 127 29 26 52 101 23 21 23 37 24 28 102 512 23 21 68 24 27 20
internal_value=-2.71149e-05 0.000821882 -0.0138912 -0.00217138 0.00597795 -0.0038156 -0.0106915 -0.0165798 -0.00683074 0.00372682 0.0203741 0.00694864 0.00876421 0.0257698 0.0470132 0.00612373 0.0597162 0.0934249 0.00363275 0.0187551 0.0124784 0.0445508 -0.00217955 -0.00408938 0.000609838 -0.00223881 -0.00717227 0.0406751 0.0297687 0.0149468
internal_weight=4185.42 2998.29 77.5524 1187.14 199.307 987.831 265.093 174.285 96.0846 58.6995 36.7332 28.7923 182.874 42.3909 20.3675 22.0234 17.5937 8.15629 140.483 47.4875 43.5714 13.6671 29.9043 92.9953 90.8081 86.6887 77.7504 8.93833 11.5835 8.70348
internal_count=23041 16540 410 6501 1142 5359 1480 987 549 321 200 155 1042 240 113 127 96 44 802 267 238 72 166 535 493 470 425 45 64 48
is_linear=0
shrinkage=0.05


Tree=109
num_leaves=31
num_cat=0
split_feature=16 14 10 7 14 28 3 30 19 29 15 3 27 16 29 9 4 28 28 10 7 14 9 13 15 28 10 2 18 14
split_gain=3.08613 5.18555 5.14731 7.27973 4.17217 5.37628 5.05462 4.37576 3.64043 6.01821 5.19315 5.68572 4.3147 6.26348 12.3086 6.48987 10.6465 9.19798 8.19209 7.50727 9.00996 10.0428 7.48952 7.92421 7.18748 7.20784 6.45752 6.31768 7.58196 7.55034
threshold=2.1017812544396235 564498.21994837641 1.1917533965324225 -0.45901050234225854 57500.141154450153 -8716.5849999999973 0.62725317109720369 0.062256535841781653 -0.7368421052631543 435635.64000000007 1.6733200542881865 -0.58987280942614562 -0.010518501195454775 -1.4243065710401412 2345.4949999999967 2.0327015609270229 1.317207289809698 12097.365000000002 -3087.2550000000001 0.40877347508183909 1.4969955197239782 278260.37185174477 2.3494886062926907 -1.8771179814402568 0.9813067630887754 -1.0000000180025095e-35 0.79200345612670642 -0.80515867895224569 -0.13758789961885112 316289.98798913526
decision_type=2 2 2 2 2 2 2 2 2 2 2 2 2 2 2 2 2 2 2 2 2 2 2 2 2 2 2 2 2 2
left_child=8 2 4 -4 6 -6 7 -2 9 10 -1 -12 13 14 -10 19 17 22 -18 -15 26 -22 -17 -24 25 -25 -21 28 29 -19
right_child=1 -3 3 -5 5 -7 -8 -9 12 -11 11 -13 -14 15 -16 16 18 27 -20 20 21 -23 23 24 -26 -27 -28 -29 -30 -31
leaf_value=-0.012268289298608518 0.025484353831456225 0.034751390546555759 0.061437286972186235 -0.013616399063874449 0.018728518669678389 -0.034377598998678628 0.054002078367212436 -0.037173657219007943 -0.017568177999144646 0.083009111095770666 0.068670218409499426 -0.0072688179900919012 0.0007677773211585985 -0.055433441462109323 0.086141047614748473 0.07718534996525056 -0.0050146792740149047 -0.031486165252870617 0.075944850208637213 0.023802555243438564 0.084229920565897232 -0.020919316956842838 0.052629686997741579 -0.0076205640101224773 -0.037293122968321213 0.065061637076598913 -0.030701725043105105 -0.058201798649980464 -0.045164255748653952 0.0703752143651378
leaf_weight=118.33694134280086 4.4884685948491079 6.0336885899305335 5.100229285657405 8.8144242241978628 5.441715069115161 38.366493945941329 3.6341520417481652 7.3477882193401456 6.554333031177519 1.788982044905423 4.2982907667756081 5.7786987721919996 3816.0117800049484 13.39043130725622 5.0771525576710701 3.3988912701606742 5.4912530332803726 3.2099042311310768 7.2500473111867887 6.3453905507922164 4.5541922152042371 4.5291318595409393 5.9660431668162337 13.680278062820429 13.838998816907404 4.544083356857306 37.848198890686035 12.134687617421148 7.4602003023028391 4.1990710496902466
leaf_count=1431 25 32 29 50 30 221 22 41 38 19 36 49 20091 93 28 18 31 22 38 36 26 29 34 83 85 26 232 75 48 23
internal_value=-2.7017e-05 -0.00980142 -0.0134741 0.0138935 -0.0198982 -0.0277809 0.00242355 -0.0134129 0.000161598 -0.00806533 -0.00933412 0.0251226 0.000431042 -0.00762668 0.027701 -0.0104061 -0.000912306 -0.00872575 0.0410529 -0.0219657 -0.013554 0.0318004 0.00607387 -0.000281741 -0.010127 0.0105021 -0.0228759 -0.0314308 -0.00958301 0.0262442
internal_weight=4184.91 79.227 73.1933 13.9147 59.2786 43.8082 15.4704 11.8363 4105.69 130.203 128.414 10.077 3975.48 159.472 11.6315 147.841 81.1735 68.4322 12.7413 66.6673 53.2769 9.08332 41.4283 38.0294 32.0634 18.2244 44.1936 27.0039 14.8692 7.40898
internal_count=23041 450 418 79 339 251 88 66 22591 1535 1516 85 21056 965 66 899 483 414 69 416 323 55 246 228 194 109 268 168 93 45
is_linear=0
shrinkage=0.05


Tree=110
num_leaves=31
num_cat=0
split_feature=7 9 28 30 14 4 6 13 10 7 21 15 4 8 8 27 16 26 5 9 28 0 1 2 9 12 27 23 8 5
split_gain=3.02385 13.4845 13.1844 7.76171 9.20476 9.94278 5.88395 6.61219 4.66917 3.58253 16.3207 9.16892 9.95301 6.69491 9.5443 6.2806 5.22953 5.0069 4.34773 8.89975 5.78193 6.42271 5.79043 7.33083 5.50123 5.30751 6.65098 5.21231 7.31134 6.32793
threshold=2.7585879914629485 0.48127971017980981 -19098.719999999998 -2.0181584577351095 81958.752174569483 0.18481216803963976 0.022258249919550045 -0.26792797982741101 0.037074014304593936 2.5070019915691444 0.14780588055113178 0.57154760857718612 -0.68781784657722045 171681.79999999906 13210.519999999071 0.00034573104978730124 0.061718303681896472 -5.5000000000000009e-05 698.28950000018824 0.83865106702794689 75767.610000000015 1.4305870331794659 1.4759897842771901 2.5545990065304736 0.90383321855814625 1.0000000180025095e-35 -0.012021386956528433 1035.5000000000002 76468.824999999459 729.49400000018079
decision_type=2 2 2 2 2 2 2 2 2 2 2 2 2 2 2 2 2 2 2 2 2 2 2 2 2 2 2 2 2 2
left_child=9 2 -2 -4 -5 -6 -3 -8 -7 18 -11 15 17 14 -14 -12 -15 -13 -1 20 21 27 -23 -24 -21 26 -26 29 -29 -20
right_child=1 6 3 4 5 8 7 -9 -10 10 11 12 13 16 -16 -17 -18 -19 19 24 -22 22 23 -25 25 -27 -28 28 -30 -31
leaf_value=0.00039576702370272044 0.11562233352800094 -0.052914077241794436 -0.065600653296643816 -0.034161421474622623 0.071905850042939048 -0.062349586618548704 0.040365061376963281 -0.039018371196437744 0.01973148423164876 0.12239881406587633 0.01591669128037574 -0.055240265672156244 0.08000015363524994 0.033334802963575688 -0.019203890353065852 -0.050240809131818456 0.1094394718514919 0.01359527560795102 -0.054902028015338222 0.067755847611984263 -0.056706493090015402 0.038257996619155257 -0.066953660572889498 0.022432227585904435 0.054882128245419784 -0.036929819877259719 0.0041460378004292897 -0.0077688118910240207 0.061715111956751084 -0.013826092759664106
leaf_weight=3818.8446575612761 2.7961974740028408 18.207195233553652 3.710052374750382 7.3566060401499263 8.2115004658699053 2.5460011903196564 4.4548864886164665 6.3797397240996343 5.4229590352624655 3.2190507501363745 5.7186325015500179 4.7535299956798553 3.7540176734328323 4.1814019083976728 6.8459427803754807 9.6260796021670085 4.9052746742963791 5.9462249577045423 10.079456973820923 3.8412811085581771 6.8867562711238852 12.221146333962681 3.853906703181563 5.6663296967744827 7.4913502484560004 6.4216827228665343 46.89100818708539 13.971532091498377 5.1930674118921152 134.38305686507374
leaf_count=20952 13 118 25 47 38 16 24 35 32 15 34 28 19 22 34 52 24 33 58 21 42 70 24 30 41 38 255 74 28 799
internal_value=-2.71861e-05 -0.0112583 0.0122265 0.00161565 0.0122107 0.0332942 -0.0355529 -0.00637819 -0.00649258 0.000133696 0.0135798 0.00591991 0.0218297 0.0429261 0.0159296 -0.0255854 0.0744185 -0.016986 -2.77925e-05 -0.00632403 -0.0117205 -0.0100491 0.0154835 -0.0137523 0.00972492 0.00605883 0.0111351 -0.0134417 0.0110594 -0.016692
internal_weight=4183.78 59.0851 30.0433 27.2471 23.5371 16.1805 29.0418 10.8346 7.96896 4124.7 48.9502 45.7311 30.3864 19.6866 10.6 15.3447 9.08668 10.6998 4075.75 256.901 192.255 185.368 21.7414 9.52024 64.6453 60.804 54.3824 163.627 19.1646 144.463
internal_count=23041 348 171 158 133 86 177 59 48 22693 261 246 160 99 53 86 46 61 22432 1480 1125 1083 124 54 355 334 296 959 102 857
is_linear=0
shrinkage=0.05


Tree=111
num_leaves=31
num_cat=0
split_feature=17 14 24 6 18 0 5 18 16 22 6 25 10 3 7 6 27 15 21 16 26 4 18 6 18 10 13 13 10 26
split_gain=2.96788 7.39989 2.96851 10.4435 11.2856 9.53313 6.13402 9.05169 12.8538 3.6789 3.43111 10.8951 8.80147 8.73736 11.776 11.3399 12.9398 13.9377 19.6705 11.0378 7.86268 7.76145 8.60267 8.25734 10.5001 10.2636 7.66976 10.4075 7.75272 7.43134
threshold=-0.2987802587935609 169296.18773342823 -0.051713214310494221 0.29618201013168394 -0.3972505279869965 -1.2530431226293819 -306.89649999979878 -0.59258240634864034 1.3962012870055915 -207.49999999999997 0.3175927811202795 0.096571152110431976 13.723451267956895 -1.212205030632415 2.7585879914629485 0.043839795304419532 -0.0052303427888948919 0.95807428627259072 3.4403271743329822 -0.7795575605542594 0.00014100000000000007 1.5876637072000768 -0.82342195151712116 -1.0000000180025095e-35 -0.26556070389485242 0.083021621347743685 0.55791520123130389 1.54932511003727 1.0000000180025095e-35 -3.0999999999999974e-05
decision_type=2 2 2 2 2 2 2 2 2 2 2 2 2 2 2 2 2 2 2 2 2 2 2 2 2 2 2 2 2 2
left_child=1 -1 3 4 6 -6 -2 8 9 -8 13 12 -12 14 21 -15 19 18 -18 -17 29 23 -23 25 -25 26 -4 28 -28 -21
right_child=2 -3 10 -5 5 -7 7 -9 -10 -11 11 -13 -14 15 -16 16 17 -19 -20 20 -22 22 -24 24 -26 -27 27 -29 -30 -31
leaf_value=-0.064305871047054458 -0.033418529427667105 0.026337054069880895 -0.02771525616046034 -0.055008122980121005 0.051336702494720103 -0.046410087072000082 -0.063133645538073366 0.10940049268598094 0.087133807522075279 0.0057952141837917664 0.0024667494405128301 -0.039765987355321789 -0.03774131578607412 0.0022555433273638453 -0.048136825833799281 0.081744401289326821 -0.03083334320771863 0.010160268398226468 0.067415543440834821 -0.0062898272014736082 -0.05719970790957999 0.04390028556516648 -0.036675204154282333 0.032227330044185563 -0.004019916238115622 -0.0015108856190730248 0.044925854119950696 -0.029807456777631854 -0.0025861393595058312 0.083489540113994509
leaf_weight=5.6385910063981992 3.7154959067702285 3.7485014572739601 78.593756998889148 11.037250883877276 3.0149810314178493 14.447315126657488 2.7763308733701715 3.4846088215708724 4.6289221420884124 6.3938602432608613 1793.8565494352952 15.628112174570559 13.714392386376856 1470.461845674552 16.122016299515963 6.1325096711516407 102.0338791180402 35.631605617702007 5.362204165197908 6.6029225215315819 4.0720735266804686 3.7131037935614577 30.710225453600287 34.408287435770035 47.644742357544601 383.61389195173979 11.502899524755774 26.86467195674777 33.858199009671807 3.5409708246588689
leaf_count=30 28 21 457 92 20 93 18 23 30 41 9680 143 79 7998 105 32 554 174 30 39 24 18 176 190 271 2240 65 162 189 19
internal_value=-2.71076e-05 -0.0281099 3.60555e-05 -0.0121356 0.000167416 -0.0295335 0.0248657 0.0373952 0.0192121 -0.0150734 0.000182145 0.00180229 0.00216168 -0.00110165 -0.00592385 0.000867067 -0.0116299 -0.0169374 -0.0259279 0.0256766 0.00148997 -0.0048783 -0.0279839 -0.00358813 0.0111801 -0.00585554 -0.0169063 -0.00514431 0.0094622 0.0250498
internal_weight=4182.95 9.38709 4173.57 49.4988 38.4615 17.4623 20.9992 17.2837 13.7991 9.17019 4124.07 1823.2 1807.57 2300.87 667.032 1633.84 163.376 143.028 107.396 20.3485 14.216 650.91 34.4233 616.486 82.053 534.433 150.82 72.2258 45.3611 10.1439
internal_count=23041 51 22990 345 253 113 140 112 89 59 22645 9902 9759 12743 3873 8870 872 758 584 114 82 3768 194 3574 461 3113 873 416 254 58
is_linear=0
shrinkage=0.05


Tree=112
num_leaves=31
num_cat=0
split_feature=19 18 21 8 16 5 15 19 29 22 18 9 1 1 15 21 26 30 18 0 3 18 15 4 9 30 0 3 18 19
split_gain=2.97261 5.38253 6.6206 7.52916 10.0169 6.84216 6.05644 8.61972 6.00163 6.48609 5.88188 10.0238 5.86852 10.5202 9.83944 9.17393 8.80626 7.40571 12.0257 6.63686 8.15891 6.68339 6.12289 6.74674 6.51585 5.88595 9.70373 5.85068 7.49828 5.91089
threshold=0.51851851851851882 0.35189914795868416 3.938414521827355 19929.539999999131 -1.5677197427789527 22.717999999877069 0.90369611595004906 2.7999999999999976 1497.7650000000001 -46.499999999999993 0.87890319916340121 0.0063051405238598729 1.2589409800554068 -0.18987370158988395 0.87823476163551106 0.83182605487884442 0.00045050000000000011 0.085516927764478071 0.016020877381273745 -0.74559829283367896 -0.66854629651875619 -0.031784886985686399 0.28604669106342812 0.99591707812103969 1.2521454485478836 1.1397148764778466 1.3487898815345731 -0.56211661430130333 -0.32411548494476233 1.0569800569800389
decision_type=2 2 2 2 2 2 2 2 2 2 2 2 2 2 2 2 2 2 2 2 2 2 2 2 2 2 2 2 2 2
left_child=-1 6 3 10 -5 -4 12 8 9 -8 -3 -12 13 14 15 -2 27 18 22 -14 21 -21 -15 24 -24 -19 -27 29 -29 -17
right_child=1 2 5 4 -6 -7 7 -9 -10 -11 11 -13 19 17 -16 16 -18 25 -20 20 -22 -23 23 -25 -26 26 -28 28 -30 -31
leaf_value=-0.00045744249786381963 -0.036237658863707077 -0.020480250813638957 0.063878763012804804 0.046909889233028357 -0.028850322176149541 -0.018281034623554886 -0.019148230621981972 0.038768776820358598 -0.032234621440473545 0.012323023400926659 -0.0092419443021526815 0.066391689248696248 -0.055227138969809741 0.085114738250263389 0.07238834922279036 0.0087673382165275072 0.05282212183880091 -0.0050972528247533741 0.10862363521506298 0.0037916435879332662 -0.015081464317262537 0.08648708533359839 0.063886009234305527 -0.012094449099263146 -0.0043960139076495257 0.038534588739276135 -0.04162613013635233 0.052781655782391829 -0.011749289047432152 -0.036181710477656691
leaf_weight=3788.1357024293393 15.449391353875397 10.079955480992796 6.2996454238891584 4.7873048037290564 49.23564749956131 4.2393270507454872 28.371569346636534 11.031929202377794 19.934011302888393 38.708188183605671 9.0301996022462863 8.5081689506769163 5.7759982720017424 4.600500755012038 4.7243265509605399 13.783027037978171 8.9236212968826276 20.492021009325981 6.2069363147020331 5.5143671333789825 19.96364476531744 4.3871057480573672 10.845607187598945 9.0677693262696248 5.1541638299822798 30.633136108517647 4.3060239627957335 9.1721742451190966 8.840291019529106 15.583091869950293
leaf_count=21075 83 52 30 23 247 21 137 79 97 176 55 41 31 21 21 75 42 99 30 28 100 21 53 46 27 151 20 43 46 71
internal_value=-2.77081e-05 0.00410768 -0.00646563 -0.01128 -0.0221367 0.0308298 0.00734068 -0.00286738 -0.00814617 -0.000987831 0.00995626 0.0274493 0.0122608 0.0161749 0.00249456 -0.00210744 0.00725793 0.0276332 0.0453337 -0.00616525 0.00332346 0.040432 0.0320926 0.0223618 0.0418896 0.0161775 0.0286553 -0.00132395 0.0211107 -0.0150848
internal_weight=4181.78 393.649 92.1802 81.6413 54.023 10.539 301.469 98.0457 87.0138 67.0798 27.6183 17.5384 203.423 167.782 76.4759 71.7516 56.3022 91.3062 35.875 35.6411 29.8651 9.90147 29.668 25.0675 15.9998 55.4312 34.9392 47.3786 18.0125 29.3661
internal_count=23041 1966 469 418 270 51 1497 489 410 313 148 96 1008 828 381 360 277 447 177 180 149 49 147 126 80 270 171 235 89 146
is_linear=0
shrinkage=0.05


Tree=113
num_leaves=31
num_cat=0
split_feature=15 7 13 5 6 21 14 9 4 2 30 13 0 5 0 21 18 1 28 10 21 13 1 7 16 18 6 15 3 22
split_gain=3.05968 2.95393 6.25725 6.31987 6.31246 12.8144 10.0678 9.08891 7.1872 9.49182 16.5891 8.87187 9.52825 15.3488 8.65848 8.10909 8.76246 9.6482 9.38029 8.06569 7.96258 7.71185 7.32093 8.42066 11.0715 7.42813 7.24357 11.0591 11.2103 8.01829
threshold=1.0000000180025095e-35 -1.2850275817171335 -2.5708407223798164 1.0000000180025095e-35 -1.6398629488892225 2.9531039506415198 393943.98069658928 0.56791077329141892 -0.33485461631829766 0.17694772455874605 3.4112761660623296 -1.4681268243145293 -1.2619415990130531 -172.18849999993105 -1.4911257484047569 4.6886460630772868 -0.27047760019244699 1.2168888736017163 101443.00500000002 0.1474808600250623 0.66799620942882376 -1.2026990733324423 0.70877132001902421 -1.5715079646068815 -0.34246630958821517 1.8871671133703736 1.1489713896534786 0.28604669106342812 -0.21307660329313863 104.50000000000001
decision_type=2 2 2 2 2 2 2 2 2 2 2 2 2 2 2 2 2 2 2 2 2 2 2 2 2 2 2 2 2 2
left_child=-1 2 3 -2 5 7 -7 -4 14 10 11 20 13 -13 -6 16 19 18 22 -16 -10 -21 25 -24 -25 -18 -11 28 29 -28
right_child=1 -3 4 -5 8 6 -8 -9 9 26 -12 12 -14 -15 15 -17 17 -19 -20 21 -22 -23 23 24 -26 -27 27 -29 -30 -31
leaf_value=-0.050491507224020987 0.063402906892678954 0.00065245645009364707 0.0072112151833865837 -0.0015866420004203166 0.073649025252484943 0.037387072984777524 -0.041016757120645717 -0.037050674014306111 0.05738864887693839 -0.011029313059475247 0.074868345316978585 0.070663870766856152 -0.041999836023758792 -0.038732423815769482 -0.023241979738415047 -0.04190618077337354 0.013427318412424144 -0.031659376836150548 -0.043722336676023141 0.047442892929352748 -0.017848645698293881 -0.0045813277970947501 0.065146174919071417 -0.066744818344213377 0.052244904215934841 -0.029851257453834559 0.033854394099178751 -0.0045381677468772355 0.055045970544983086 -0.050679449746047892
leaf_weight=3.0014615491963914 7.1173356845974904 3385.3206948898733 33.605185654014349 7.88503547757864 4.03049462288618 38.213882826268673 4.585857141762971 17.710797719657421 5.2297186218202105 182.00477709621191 4.1573623940348616 5.2802739143371573 65.119012773036957 8.1633494421839696 54.578063011169434 11.17538297921419 123.01069948077202 13.929403152316807 7.292795203626155 8.7048720121383649 10.735626973211764 39.209344923496246 13.644739381968977 3.4636670425534248 4.4878827631473532 10.783716581761835 5.6333924010396021 78.605900317430496 18.591711573302746 5.5875164568424225
leaf_count=318 36 18304 184 39 23 200 31 112 26 1000 21 28 373 48 310 64 690 83 43 50 59 234 70 22 22 64 29 448 83 27
internal_value=-2.70828e-05 9.17188e-06 -0.00273861 0.0292453 -0.00335574 0.00878435 0.0289863 -0.00806499 -0.00502758 -0.00948696 -0.0228837 -0.0271828 -0.0340881 0.00423534 0.000868154 -0.000142395 0.00152983 0.00827874 0.0116983 -0.0100998 0.0067966 0.00487023 0.0142994 0.0413122 0.000413401 0.0099391 -0.00493477 0.00529628 0.0312264 -0.00823972
internal_weight=4180.86 4177.86 792.538 15.0024 777.535 94.1157 42.7997 51.316 683.42 389.109 98.6853 94.528 78.5626 13.4436 294.311 290.281 279.105 176.613 162.684 102.492 15.9653 47.9142 155.391 21.5963 7.95155 133.794 290.423 108.419 29.8126 11.2209
internal_count=23041 22723 4419 75 4344 527 231 296 3817 2142 555 534 449 76 1675 1652 1588 994 911 594 85 284 868 114 44 754 1587 587 139 56
is_linear=0
shrinkage=0.05


Tree=114
num_leaves=31
num_cat=0
split_feature=15 4 6 6 3 13 10 15 27 30 27 10 2 1 9 21 13 13 15 6 1 7 3 9 7 4 13 21 4 13
split_gain=2.93744 7.91944 7.58069 8.30573 9.38292 9.50099 9.83501 9.32467 7.47132 6.25429 6.0024 5.83068 5.67104 10.3959 8.12798 8.47576 9.74633 6.51553 5.65114 8.91809 8.81071 6.85626 11.4165 10.0667 13.8068 11.6705 15.9669 10.9815 11.2025 14.9735
threshold=5.2668782395488645e-05 1.8194360634580162 -0.24681827477125232 0.61895646097714607 1.4403068245220101 0.8136566316927637 0.0070290729154191085 3.6973111298343568e-05 0.0059197122429864866 2.9329923735459471 0.003835795212309923 0.035760368368159517 -0.91285286094731 0.68276588867439336 0.34899347454987489 3.1759114173698868 -0.44724209231093626 -1.4001595410517156 0.00025103231082877823 2.588439280906353 -0.37969736985334857 -0.1501996550401461 -1.7505684125910987 0.022838054536649801 -1.2850275817171335 -1.2756439519373797 0.90683048242787578 0.83182605487884442 -1.0270456473199825 -0.94697104301841695
decision_type=2 2 2 2 2 2 2 2 2 2 2 2 2 2 2 2 2 2 2 2 2 2 2 2 2 2 2 2 2 2
left_child=1 2 8 -4 5 9 10 -8 12 -5 -7 -11 17 14 15 16 -14 -1 19 21 -21 23 -23 24 -2 26 -26 -25 -29 -30
right_child=18 -3 3 4 -6 6 7 -9 -10 11 -12 -13 13 -15 -16 -17 -18 -19 -20 20 -22 22 -24 27 25 -27 -28 28 29 -31
leaf_value=0.069036071608000293 0.001294723280152385 -0.0615433864723001 -0.036116488560770675 -0.038410048856551839 0.062729297534026937 0.028943521946988588 -0.052997082079110774 0.027964324799556347 0.064239618861583289 -0.032781278197632581 0.13179473512400208 0.062538821211946025 -0.02676627065211782 -0.017656465177829032 -0.0063446511136743232 0.11888153088206921 0.057050778575051031 -0.031064975296796905 -0.00062883792018625373 0.019620913156439355 -0.047804330864472999 0.031724382343303499 -0.001659320595642834 -0.013080237109834093 0.055245625130423776 0.049961713304003827 -0.073848852631047068 -0.011137679342483761 0.048702631900339188 0.0084560078154832449
leaf_weight=1.8061738098040248 39.044222086668015 6.2987573775462797 29.21504073170945 24.719395307358358 4.9143927972763768 3.4114380259998169 5.9940468785352996 8.7453339770436269 5.3640430942177764 3.0751614468172184 2.4282973883673549 3.3542216503992677 4.8457459118217292 18.84066117554903 10.502828627824782 3.4770708065479985 12.201163754798474 16.259552615694702 3302.6824795976281 7.0558466240763691 15.464041277766226 27.626263946294785 350.82131032645702 61.472510103136301 4.703107610344885 47.717468291521072 4.8810915797948837 39.098892584443092 32.282359719276428 81.33851595968008
leaf_count=14 183 84 234 216 29 34 91 52 27 23 14 19 37 146 72 21 73 132 18434 32 73 136 1624 287 21 214 21 182 144 372
internal_value=-2.71909e-05 -0.00655618 -0.00437999 -0.0144625 -0.00329382 -0.00956632 0.0167969 -0.00496016 0.00743028 -0.0269838 0.0717114 0.0169474 0.00294459 0.0116398 0.0294296 0.0477365 0.033225 -0.0210571 0.000241915 0.0042838 -0.0266789 0.00529583 0.000777654 0.0108021 0.0242248 0.0398489 -0.0105003 0.00476436 0.0119471 0.019891
internal_weight=4179.64 165.453 159.155 85.8573 56.6423 51.7279 20.5791 14.7394 73.2972 31.1488 5.83974 6.42938 67.9332 49.8675 31.0268 20.524 17.0469 18.0657 4014.19 711.506 22.5199 688.986 378.448 310.538 96.3459 57.3017 9.5842 214.192 152.72 113.621
internal_count=23041 1318 1234 712 478 449 191 143 522 258 48 42 495 349 203 131 110 146 21723 3289 105 3184 1760 1424 439 256 42 985 698 516
is_linear=0
shrinkage=0.05


Tree=115
num_leaves=31
num_cat=0
split_feature=15 15 21 16 26 10 26 10 13 15 7 13 13 30 0 21 6 26 29 13 0 1 22 22 19 21 16 16 18 27
split_gain=2.94491 7.6863 6.84868 6.61753 5.63597 7.5687 6.17066 5.89956 7.59281 5.31737 6.4566 6.13711 6.82963 6.66602 6.72945 7.60831 7.66048 7.84376 7.07949 7.97261 5.40151 6.13154 5.05886 8.3937 5.0268 8.57151 5.47768 7.94725 7.94791 8.3569
threshold=1.1430952139171602 1.1713240377788863 0.40714042791898519 -0.23799884878717048 0.00053434000000000012 0.1272784670796763 0.00063250000000000014 2.2232331145163884 0.51580631000011257 1.2701057932454949 -2.1412458779165457 -0.81310816976191358 -0.76284981068634339 2.4556310816488991 0.71127551844425374 0.75957142819418744 -0.59797867931572901 1.0045000000000018e-05 -73770.02499999998 1.3777607152700981 -0.8763728004162924 -0.97627513120191534 -1239.4999999999998 -973.49999999999989 0.51851851851851882 4.9133422854196986 -0.17391850725895694 1.0902437083168712 -0.08297187834208393 -0.00015784896309273264
decision_type=2 2 2 2 2 2 2 2 2 2 2 2 2 2 2 2 2 2 2 2 2 2 2 2 2 2 2 2 2 2
left_child=24 2 3 -2 9 6 -6 -7 -9 10 -3 -12 -13 14 18 -16 -17 -18 -14 20 21 -20 -4 -24 -1 26 -26 28 -28 -30
right_child=1 4 22 -5 5 7 -8 8 -10 -11 11 12 13 -15 15 16 17 -19 19 -21 -22 -23 23 -25 25 -27 27 -29 29 -31
leaf_value=-0.0013075876122558912 0.083509266444541833 0.037265693761595539 0.072641914031636612 0.020968968683529456 -0.025193897473204163 -0.05208741319869345 0.044997416965835695 -0.053819904635972471 0.040349899762364846 0.0037027158429876863 -0.030848822894643843 0.091427145648027758 0.053402752706627067 -0.059012738957780246 -0.028474896673478096 -0.005699584639465129 0.12349466551368689 0.02506744246012358 -0.011704642467785475 -0.051323862975492879 -0.024199414833272349 0.060099593584103383 -0.078750577380709397 0.0098617044490609054 -0.0025733450552622755 0.072791766721702178 0.028630222033666872 -0.0093419604578676273 -0.016689470933895733 0.021291410767514951
leaf_weight=3040.5864149881527 6.4364846646785763 7.1476858034729949 3.0472305566072455 12.337243072688578 5.7026436105370504 16.117167934775356 6.9437886998057365 3.8147814795374853 4.8771384656429291 566.6359493508935 29.822394274175167 1.8394315093755711 3.7298452630639067 5.4861656799912444 4.9290750473737743 4.7673699036240587 4.040831252932545 4.0556265339255333 6.3687355704605579 12.603273909538983 13.683366931974893 5.5762334614992088 2.7574134171009055 86.706440716981888 150.26109147071838 4.6364964097738257 66.229998633265495 37.982910871505737 27.530251730233431 30.559203043580055
leaf_count=17406 32 38 13 56 27 83 33 23 26 2749 165 9 22 32 28 26 19 21 37 75 78 29 13 421 766 22 316 189 139 148
internal_value=-2.69062e-05 0.0026605 0.0148761 0.0424106 0.000740812 -0.0181346 0.0133461 -0.0341819 -0.00098012 0.00179494 -0.00859444 -0.0119772 -0.00358721 -0.0062661 -0.00142333 0.0243444 0.0445834 0.0741911 -0.0123496 -0.0187644 -0.00275257 0.0218155 0.00928842 0.00713054 -0.000682736 0.00530691 0.00430586 0.0106747 0.0167903 0.00329119
internal_weight=4177.21 819.426 111.285 18.7737 708.142 37.4555 12.6464 24.8091 8.69192 670.686 104.05 96.9023 67.08 65.2405 59.7544 17.7929 12.8638 8.09646 41.9615 38.2316 25.6283 11.945 92.5111 89.4639 3357.79 317.2 312.563 162.302 124.319 58.0895
internal_count=23041 4055 535 88 3520 192 60 132 49 3328 579 541 376 367 335 94 66 40 241 219 144 66 447 434 18986 1580 1558 792 603 287
is_linear=0
shrinkage=0.05


Tree=116
num_leaves=31
num_cat=0
split_feature=27 30 14 3 27 16 4 30 16 3 3 6 4 26 21 29 16 14 16 22 23 14 10 7 14 28 15 7 5 4
split_gain=2.87465 8.84056 13.0535 11.1745 17.1491 12.1482 10.3571 8.85227 9.15909 8.16126 13.5642 12.5435 13.9516 11.1984 10.1338 7.77941 7.66024 7.6418 8.53457 7.44404 7.26977 7.20228 13.3554 17.2556 11.2126 9.94932 9.61891 8.75759 11.9401 11.4357
threshold=0.0023503866368472797 -1.1567694399730475 222578.29398175926 -2.1523960353386902 0.0098755150448884849 -0.84434568533837695 -2.1182172747900512 2.5910373038133439 -1.4893196517380809 1.3700303641414664 1.5932531887361556 -0.934547278002266 0.83264431088362223 -0.00032249999999999987 -0.64145500165338598 -230928.00999999998 -2.0120135475442491 110855.01549330757 -1.4085225228828016 336.50000000000006 646.50000000000011 106051.90309316183 0.16897032656138997 -2.6231631963052862 200011.85431316713 187341.87000000002 0.80328543636095839 1.7534740490387757 252.08449999988082 -1.0270456473199825
decision_type=2 2 2 2 2 2 2 2 2 2 2 2 2 2 2 2 2 2 2 2 2 2 2 2 2 2 2 2 2 2
left_child=21 17 9 4 5 -4 -6 8 -5 14 13 -12 -13 -11 -3 -10 -16 18 -2 -20 -9 27 23 -23 25 -25 -26 -1 29 -29
right_child=1 2 3 7 6 -7 -8 20 15 10 11 12 -14 -15 16 -17 -18 -19 19 -21 -22 22 -24 24 26 -27 -28 28 -30 -31
leaf_value=0.0026737527536384326 -0.060344555156299162 0.057045300337246842 -0.0066118405076250305 0.048079243745313617 0.057997445375072898 0.099256295135349615 -0.030480927103955741 -0.019576198347317636 -0.072958734576685474 0.12379188922980167 0.056039093492877196 0.022193724968850297 -0.028224975910405539 0.030733686874777066 -0.076518833498755767 0.011049555567420271 -0.0027866675863352235 -0.013143391943402701 0.025557639061298001 -0.032950478985974758 0.039264168220574429 0.069145901501051252 -0.00045513251308784046 -0.0076087597925737953 -0.036531501946880478 0.063070133765530917 -0.0104597161164302 0.0094337778559541712 0.023635483443838423 -0.026777527142367231
leaf_weight=1416.471707474906 3.9304203167557707 7.0548844002187243 3.4548229053616568 16.964541677385569 5.1536597460508338 12.56368150562048 9.2332694903016073 38.480783529579639 2.7869919389486304 3.7971001863479641 9.1144359260797483 23.553115085698664 32.868207582272589 21.755863605067134 3.5457763695158055 245.96590516250581 539.93941463530064 149.28427278250456 35.847107317298651 6.4083294468000522 6.0786290094256392 6.5616606622934333 1055.2145183356479 239.43918193876743 72.558076008222997 5.0848756134510031 69.038509182631969 29.613458872772753 21.262950098142028 82.664634379092604
leaf_count=7814 21 34 18 85 25 63 49 206 15 20 42 119 163 109 21 1284 2906 848 193 36 30 33 5976 1316 447 25 390 174 118 461
internal_value=-2.65726e-05 0.00206646 0.00399884 0.0119088 0.0408362 0.076423 0.00121364 0.00907411 0.0125326 -0.000201086 0.0136623 0.00161426 -0.00717766 0.0445619 -0.00249483 0.0101083 -0.00326771 -0.0076445 0.0101293 0.0166845 -0.0115494 -0.000848856 -0.00338454 -0.0112564 -0.0126228 -0.00613899 -0.0238196 0.00151977 -0.0107205 -0.0172268
internal_weight=4175.69 1177.78 982.311 340.682 30.4054 16.0185 14.3869 310.277 265.717 641.629 91.0887 65.5358 56.4213 25.553 550.54 248.753 543.485 195.47 46.1859 42.2554 44.5594 2997.91 1447.9 392.682 386.121 244.524 141.597 1550.01 133.541 112.278
internal_count=23041 6287 5189 1775 155 81 74 1620 1384 3414 453 324 282 129 2961 1299 2927 1098 250 229 236 16754 8187 2211 2178 1341 837 8567 753 635
is_linear=0
shrinkage=0.05


Tree=117
num_leaves=31
num_cat=0
split_feature=19 28 7 2 29 29 14 13 3 15 27 7 14 21 17 5 21 27 15 8 6 27 29 21 21 0 18 26 18 30
split_gain=2.85267 4.79587 4.69765 7.15746 6.65697 7.16488 7.54462 11.0982 5.2949 6.9276 5.09915 4.39329 4.70473 9.57025 4.01219 3.9586 7.04695 8.18044 3.23449 7.72571 7.95405 9.58876 7.93303 6.59092 7.92839 7.51133 7.16884 8.77811 8.4647 6.12517
threshold=-1.2727272727272718 -34977.569999999992 1.2389821038960078 -2.1728034139838583 -158.29999999999998 -1867.0349999999996 104983.26400575633 -0.076998560129768176 0.30811698826331485 0.81649658156018601 0.011716075453211962 1.0811122410077683 34062.914730833589 2.1616148148116259 1.0000000180025095e-35 -179.76700000022535 1.9964930657339623 -4.2675872641839689e-05 4.512962621474621e-05 236604.31499999925 -0.52751388317946046 0.0059197122429864866 16441.455000000002 0.44741379589562497 0.27636167684591501 -1.378388978537638 -0.23806087446165186 6.4180000000000012e-05 -0.33380077949606562 -0.50186344475342959
decision_type=2 2 2 2 2 2 2 2 2 2 2 2 2 2 2 2 2 2 2 2 2 2 2 2 2 2 2 2 2 2
left_child=1 -1 3 -3 5 6 7 -5 -4 -10 11 12 13 -6 18 16 -14 -18 19 20 21 22 -2 24 -22 -25 27 28 29 -27
right_child=14 2 8 4 10 -7 -8 -9 9 -11 -12 -13 15 -15 -16 -17 17 -19 -20 -21 23 -23 -24 25 -26 26 -28 -29 -30 -31
leaf_value=-0.048241302685099602 -0.0034585361958755136 0.061620577948278625 -0.050237306689205521 0.14923751568649377 0.097923233820978436 0.12863076885570954 -0.032580377922564928 -0.01243811929524335 -0.054884572558238046 0.062224861172046543 0.062403679610812945 0.060091486867957816 -0.05534431719769059 -0.054584615275505316 -0.037626738109425906 -0.038367392892181704 0.11880728055854964 -0.016233740405268243 0.00044167303639875213 -0.055962528764993205 -0.0083572899213768346 0.099797955216698916 0.072929579994572821 0.047808305453409514 0.084114387776535113 0.07602502073907641 -0.046326506464133818 -0.049684214401745024 0.10157423256547721 -0.018106526369011704
leaf_weight=7.2614684365689746 25.629038450773809 4.5270115211606017 10.416442226618527 1.9422089383006094 2.2588378936052314 1.6104444824159134 4.3554380685091019 2.340726509690283 2.2196054235100737 2.9295226037502289 2.0965130291879168 1.7281190864741791 3.0838874764740423 1.8888684064149854 7.0158537253737441 23.533625524491079 1.9846570193767545 2.5784709081053734 3988.5918092504144 7.9326096917502573 7.5207823207601887 3.0493980050086966 3.9184633987024418 3.5080173104070118 3.3506743903271854 2.1055619595572361 25.044694450218234 7.8308186032809308 2.4134163074195358 9.6420626593753678
leaf_count=90 225 39 131 21 23 18 52 29 28 29 22 20 38 25 37 284 20 32 21164 59 93 14 27 41 23 20 249 80 23 85
internal_value=-2.67971e-05 -0.00957695 -0.00553691 0.00144715 -0.00406694 0.0318073 0.0137566 0.0608779 -0.029734 0.0117432 -0.0134575 -0.0177494 -0.0215571 0.0284711 0.000152097 -0.0282119 0.00304143 0.0425001 0.000216893 -0.00857755 -0.0045793 0.0153836 0.00667173 -0.0151747 0.0201433 -0.0227711 -0.028035 -0.0072043 0.0162864 -0.00123505
internal_weight=4174.31 76.7558 69.4944 53.9288 49.4018 10.2488 8.63837 4.28294 15.5656 5.14913 39.153 37.0565 35.3283 4.14771 4097.55 31.1806 7.64702 4.56313 4090.54 101.946 94.0129 32.5969 29.5475 61.416 10.8715 50.5446 47.0366 21.9919 14.161 11.7476
internal_count=23041 901 811 623 584 120 102 50 188 57 464 442 422 48 22140 374 90 52 22103 939 880 266 252 614 116 498 457 208 128 105
is_linear=0
shrinkage=0.05


Tree=118
num_leaves=31
num_cat=0
split_feature=16 23 13 15 28 21 13 23 14 7 13 7 22 22 0 3 23 16 29 16 30 15 26 8 8 9 15 5 30 29
split_gain=2.84333 4.59345 3.93877 5.99948 5.31881 4.33818 4.29425 3.788 4.46384 3.49688 3.32141 4.76845 4.01957 3.16636 5.46863 7.97718 8.76996 6.17497 6.19747 8.12916 5.90049 8.128 6.96919 5.79308 5.84201 7.66309 8.47162 9.42876 10.5672 10.1751
threshold=2.1714325390276272 -300.49999999999994 1.3490969806059747 0.38103173866505974 48960.825000000004 2.5285221823456383 0.49360526345168587 -136.49999999999997 57500.141154450153 1.3035456709437589 -0.34424584886978132 -0.95074085899746097 -548.49999999999989 -280.49999999999994 -1.0960207238549349 -1.4132334542448757 -136.49999999999997 -0.58425602395479326 -3294.1099999999992 -0.31095976271433773 -0.32237001135220844 1.445913784726867 -0.0010314999999999999 686144.83999999927 153448.99499999921 0.41449113220317285 0.91770774248662013 -381.38100000028493 -0.50186344475342959 14380.065000000002
decision_type=2 2 2 2 2 2 2 2 2 2 2 2 2 2 2 2 2 2 2 2 2 2 2 2 2 2 2 2 2 2
left_child=13 9 3 -3 6 -4 7 -5 -9 10 -2 -12 -13 14 15 16 17 -1 -19 -20 -17 22 -22 24 -16 -26 27 28 -27 -29
right_child=1 2 5 4 -6 -7 -8 8 -10 -11 11 12 -14 -15 23 20 -18 18 19 -21 21 -23 -24 -25 25 26 -28 29 -30 -31
leaf_value=-0.021046489208755105 -0.044981971121397263 0.056774919686151504 -0.068848243898030001 0.015636427686628953 0.036366658427525879 0.0029225903874524565 0.032446797605742247 0.0038438443603074032 -0.062647729359435175 -0.065207698832989117 -0.047203220353345773 0.06023897735292038 -0.015064319513885566 -0.00062135861033293255 0.0031479221026318852 -0.030973683720006008 0.061168199839759685 -0.026875672814587782 0.081766244382875414 0.010851046395476814 0.21597394450416388 0.066929507853190018 -0.011404832845436062 -0.02008761874403589 -0.016883011679986671 0.027842487797633115 0.0027750065713062658 0.010896536056984868 0.13793871276181779 0.054972248229320987
leaf_weight=22.041070467792451 6.947635702788836 5.2186701074242619 3.952354609500615 3.9002789780497613 6.7096279785037032 4.5057887434959412 3.7814017608761779 3.7152750641107541 7.8731854110956192 5.0566874220967284 3.6304055973887479 3.608594997785989 3.4821122661232859 3172.5674156462774 592.25243470352143 35.995533626060933 6.6558491420000783 9.3960423395037633 4.467788726091384 42.321073028258979 0.33901369571685691 3.6488466039299956 56.575085546355695 23.1241190508008 17.15011499542743 4.7779304087162018 49.733949970453978 47.980006863363087 4.0075788721442205 18.00913515035063
leaf_count=129 41 26 24 22 34 26 21 21 50 30 22 23 20 17543 3182 213 38 56 25 240 2 17 333 135 97 27 262 263 20 99
internal_value=-2.74129e-05 -0.010622 -0.000351095 0.00785363 -0.00197341 -0.0306148 -0.015323 -0.0269854 -0.0413304 -0.028545 -0.0180524 -0.000601096 0.023259 0.000133352 0.00268469 -0.00511162 0.00607028 0.00138228 0.010181 0.0176226 -0.0149413 -0.00541248 -0.0100504 0.00455325 0.00532964 0.014451 0.0187671 0.0294037 0.0780637 0.0229253
internal_weight=4173.43 62.382 39.6566 31.1984 25.9798 8.45814 19.2701 15.4887 11.5885 22.7254 17.6687 10.7211 7.09071 4111.04 938.476 181.44 84.8818 78.226 56.1849 46.7889 96.5585 60.5629 56.9141 757.035 733.911 141.659 124.509 74.7747 8.78551 65.9891
internal_count=23041 360 224 174 148 50 114 93 71 136 106 65 43 22681 5138 1053 488 450 321 265 565 352 335 4085 3950 768 671 409 47 362
is_linear=0
shrinkage=0.05


Tree=119
num_leaves=31
num_cat=0
split_feature=30 10 21 15 23 26 6 7 22 29 15 13 3 23 7 4 6 7 29 26 27 16 3 0 4 15 26 2 26 7
split_gain=2.82098 3.8899 4.30917 5.48956 5.39059 5.12312 4.20188 3.44453 3.01076 8.81764 8.22728 8.36862 10.5859 7.80471 8.32819 7.38884 9.54952 8.5216 7.27379 10.3812 7.75292 7.66773 6.95692 9.14803 8.98103 7.03417 6.95332 6.93545 6.56366 6.46422
threshold=-5.4348129875936237 0.19458663917539124 1.4436029774729133 1.4288690212235224 202.50000000000003 5.5000000000000002e-05 1.0596893251841741 0.65396187035991837 826.50000000000011 54570.275000000001 7.4346235588913811e-05 -0.037648776902675506 1.7697188890762099 1114.5000000000002 -0.85139385033297932 1.198210610761145 -1.3037054438060478 -1.1305221280621762 -7420.0199999999995 0.00033150000000000009 -0.0022538197184082116 0.39634763833745318 1.735225524289747 1.3698334789755033 0.94182331786282103 0.00010150533442640531 -0.00042949999999999992 1.3484964217893254 -3.3584999999999971e-05 -0.12647298161864762
decision_type=2 2 2 2 2 2 2 2 2 2 2 2 2 2 2 2 2 2 2 2 2 2 2 2 2 2 2 2 2 2
left_child=1 6 7 4 5 -4 -1 -3 -2 10 13 12 15 14 -10 18 -17 -18 -12 20 -20 -21 23 24 25 -13 -22 -26 -29 -28
right_child=8 2 3 -5 -6 -7 -8 -9 9 -11 11 22 -14 -15 -16 16 17 -19 19 21 26 -23 -24 -25 27 -27 29 28 -30 -31
leaf_value=-0.048326067600284892 -0.00025171822716985574 -0.065962232922309419 0.045976743170239746 0.048346533484837743 -0.052196949177820251 -0.034758190730545681 0.018391130781396203 0.0017542056327936395 -0.036441066498341633 -0.03452622846728836 0.054614197656648211 0.040146437309213891 0.079100530100501151 -0.042225551190579379 0.078394332248683404 0.058011561384325894 0.023321609130725535 -0.058865736347198487 0.049527841309016031 0.091441642284454699 0.067658593885177309 0.0060796436989357088 -0.038040981959128299 0.056132810895097952 0.051874247931788145 -0.010733185304455635 0.014001193147383026 0.04110294412201082 -0.029493654085215384 -0.028170456782639349
leaf_weight=11.190533644519745 3865.2963794544339 3.9735827296972301 5.215699281543495 6.4326229318976393 4.5212196484208098 3.1526816785335541 2.9906835928559294 3.5607902929186821 2.9980520317330956 13.24327451828867 14.898777298629282 7.4279847741127005 7.2674758136272422 14.900073274970053 3.3352771154604879 3.7986064702272442 4.7474218979477891 9.3963168263435328 8.2900476008653623 6.9227989614009839 3.1544669046997944 4.2432040125131607 10.11497990041971 8.1949057430028898 13.551718682050707 79.471764370799065 16.18010634183883 5.8175364062190056 7.585427485406397 20.727793768048301
leaf_count=81 21335 26 33 36 32 26 19 23 17 76 74 33 35 111 24 17 24 46 45 34 18 21 51 41 65 433 86 28 39 112
internal_value=-2.703e-05 -0.0130717 -0.00188555 0.010621 -0.00820619 0.0155609 -0.034256 -0.033959 0.000102539 0.00524514 0.00732676 0.0100556 0.0209981 -0.0224622 0.0240339 0.0164262 -0.0123752 -0.0312791 0.0233704 0.0155494 0.0055146 0.0590031 0.00180701 0.00510946 0.00143695 -0.00638412 -0.00359299 0.0266514 0.00114869 -0.00968277
internal_weight=4172.6 41.0378 26.8566 19.3222 12.8896 8.36838 14.1812 7.53437 4131.56 266.268 253.025 231.791 99.627 21.2334 6.33333 92.3595 17.9423 14.1437 74.4172 59.5184 48.3524 11.166 132.164 122.049 113.854 86.8997 40.0624 26.9547 13.403 36.9079
internal_count=23041 276 176 127 91 59 100 49 22765 1430 1354 1202 512 152 41 477 87 70 390 316 261 55 690 639 598 466 216 132 67 198
is_linear=0
shrinkage=0.05


end of trees

feature_importances:
poc_stability=429
z_ls=245
z_oi=237
cvd_divergence=201
whale_z=175
poc_offset_atr=172
regime_score=165
oi_velocity=149
z_cvd_20=148
z_btc_20=144
oi_diff_std_3=130
abs_ratio_short=129
z_cvd_4=128
abs_ratio_long=124
btc_cvd_mom=121
avg_trade_size_ask_z=103
z_btc_10=100
z_btc_4=98
liq_long_5=95
funding_accel=93
depth_imbalance_z=84
trade_accel=73
liq_velocity_short=69
trade_velocity=64
liq_velocity_long=53
poc_location=45
delta_intensity_roc=14
delta_intensity=6
avg_trade_size_bid_z=5
absorption_flag_short=1

parameters:
[boosting: gbdt]
[objective: binary]
[metric: binary_logloss]
[tree_learner: serial]
[device_type: cpu]
[data_sample_strategy: bagging]
[data: ]
[valid: ]
[num_iterations: 120]
[learning_rate: 0.05]
[num_leaves: 31]
[num_threads: 1]
[seed: 0]
[deterministic: 0]
[force_col_wise: 0]
[force_row_wise: 0]
[histogram_pool_size: -1]
[max_depth: -1]
[min_data_in_leaf: 20]
[min_sum_hessian_in_leaf: 0.001]
[bagging_fraction: 1]
[pos_bagging_fraction: 1]
[neg_bagging_fraction: 1]
[bagging_freq: 0]
[bagging_seed: 3]
[bagging_by_query: 0]
[feature_fraction: 1]
[feature_fraction_bynode: 1]
[feature_fraction_seed: 2]
[extra_trees: 0]
[extra_seed: 6]
[early_stopping_round: 0]
[early_stopping_min_delta: 0]
[first_metric_only: 0]
[max_delta_step: 0]
[lambda_l1: 0]
[lambda_l2: 0]
[linear_lambda: 0]
[min_gain_to_split: 0]
[drop_rate: 0.1]
[max_drop: 50]
[skip_drop: 0.5]
[xgboost_dart_mode: 0]
[uniform_drop: 0]
[drop_seed: 4]
[top_rate: 0.2]
[other_rate: 0.1]
[min_data_per_group: 100]
[max_cat_threshold: 32]
[cat_l2: 10]
[cat_smooth: 10]
[max_cat_to_onehot: 4]
[top_k: 20]
[monotone_constraints: ]
[monotone_constraints_method: basic]
[monotone_penalty: 0]
[feature_contri: ]
[forcedsplits_filename: ]
[refit_decay_rate: 0.9]
[cegb_tradeoff: 1]
[cegb_penalty_split: 0]
[cegb_penalty_feature_lazy: ]
[cegb_penalty_feature_coupled: ]
[path_smooth: 0]
[interaction_constraints: ]
[verbosity: -1]
[saved_feature_importance_type: 0]
[use_quantized_grad: 0]
[num_grad_quant_bins: 4]
[quant_train_renew_leaf: 0]
[stochastic_rounding: 1]
[linear_tree: 0]
[max_bin: 255]
[max_bin_by_feature: ]
[min_data_in_bin: 3]
[bin_construct_sample_cnt: 200000]
[data_random_seed: 1]
[is_enable_sparse: 1]
[enable_bundle: 1]
[use_missing: 1]
[zero_as_missing: 0]
[feature_pre_filter: 1]
[pre_partition: 0]
[two_round: 0]
[header: 0]
[label_column: ]
[weight_column: ]
[group_column: ]
[ignore_column: ]
[categorical_feature: ]
[forcedbins_filename: ]
[precise_float_parser: 0]
[parser_config_file: ]
[objective_seed: 5]
[num_class: 1]
[is_unbalance: 0]
[scale_pos_weight: 1]
[sigmoid: 1]
[boost_from_average: 1]
[reg_sqrt: 0]
[alpha: 0.9]
[fair_c: 1]
[poisson_max_delta_step: 0.7]
[tweedie_variance_power: 1.5]
[lambdarank_truncation_level: 30]
[lambdarank_norm: 1]
[label_gain: ]
[lambdarank_position_bias_regularization: 0]
[eval_at: ]
[multi_error_top_k: 1]
[auc_mu_weights: ]
[num_machines: 1]
[local_listen_port: 12400]
[time_out: 120]
[machine_list_filename: ]
[machines: ]
[gpu_platform_id: -1]
[gpu_device_id: -1]
[gpu_use_dp: 0]
[num_gpu: 1]

end of parameters

pandas_categorical:[]
