tree
version=v4
num_class=1
num_tree_per_iteration=1
label_index=0
max_feature_idx=16
objective=binary sigmoid:1
feature_names=macro pull_ema8 pull_ema21 pull_ema50 rsi stoch_k z_cvd_4 z_btc_4 z_btc_10 z_cvd_20 z_btc_20 cvd_delta btc_cvd_mom vol_regime z_oi z_ls funding
feature_infos=[-1:1] [-2305860.1540559828:1917468.7305631433] [-23963172.663148124:21869521.668110847] [-57043450.658602059:58506249.425671898] [0:99.999986000001954] [0:100.00000000000001] [-1.499884413459657:1.4997831901836995] [-1.4995610306667331:1.4999982479558152] [-2.8069872894229353:2.8244507390192499] [-4.2204234603754811:4.1330226874787934] [-4.0903847011144414:4.1486972799377284] [-46973086:22569904] [-7267.9040000000969:4246.195000000298] [-2.3525231905464969:9.8999999960576179] [-3.4829968905508149:9.8915796667157885] [-4.117004501241877:9.8999999994886387] [-0.001575:0.00088500000000000004]
tree_sizes=3287 3364 3365 3370 3369 3388 3367 3380 3365 3395 3381 3389 3371 3392 3379 3387 3392 3382 3395 3393 3384 3387 3393 3396 3393 3392 3396 3381 3411 3391 3424 3398 3400 3403 3397 3413 3405 3405 3401 3398 3416 3396 3384 3420 3394 3419 3417 3417 3405 3400 3404 3416 3402 3394 3394 3406 3408 3397 3406 3403 3416 3412 3415 3402 3424 3410 3420 3413 3417 3415 3425 3416 3436 3421 3420 3413 3429 3436 3426 3446 3445 3432 3444 3436 3438 3455 3459 3439 3434 3442 3441 3453 3440 3462 3472 3449 3448 3462 3465 3441 3473 3458 3459 3468 3462 3465 3453 3467 3484 3476 3468 3469 3453 3499 3472 3458 3470 3475 3477 3454

Tree=0
num_leaves=31
num_cat=0
split_feature=5 13 11 5 15 9 15 3 5 14 3 0 13 15 14 2 9 7 0 14 13 9 1 9 4 3 7 6 13 1
split_gain=585.112 106.623 86.2311 84.0276 47.9408 58.1684 43.9922 82.2503 47.6446 70.393 37.8372 29.8073 35.0756 88.8819 26.8353 35.7416 26.7938 18.8024 23.566 17.3032 14.6646 10.6274 10.0516 9.45949 9.14586 6.87253 5.03637 4.84722 2.07857 1.86525
threshold=98.851739277271221 1.4169452639388258 -2131287.4999999995 12.132043734230477 -1.1227760240494475 0.63254970861018689 0.2597262319242532 1.2124235782394699 44.862772695285322 -1.0239196303937736 -1.1410095063876005 1.0000000180025095e-35 -0.39292802975557434 1.627326525741905 1.0964527040757572 0.91934272569187359 1.3169452433347584 -0.67190432295468028 1.0000000180025095e-35 1.0000000180025095e-35 -0.49096647493580375 -1.5527176768474036 0.88512311338094818 -1.6369449735296817 14.108090185676149 -2.0552199124724631 1.0728538399890348 0.49163849499605633 -1.055827164442644 -0.59953368766197468
decision_type=2 2 2 2 2 2 2 2 2 2 2 2 2 2 2 2 2 2 2 2 2 2 2 2 2 2 2 2 2 2
left_child=3 4 -3 11 -2 -6 14 8 17 27 -11 28 23 24 25 20 19 18 -8 -12 -16 -19 -4 -13 -14 -5 -23 -10 -1 -27
right_child=1 2 22 6 5 -7 7 -9 9 10 16 12 13 -15 15 -17 -18 21 -20 -21 -22 26 -24 -25 -26 29 -28 -29 -30 -31
leaf_value=-2.1543899292396618 -1.6879985244416669 -1.7868538454782428 -2.1926749379648096 -2.1058955848544749 -1.7363176339610478 -2.1058955848544749 -2.1449312800252138 -2.2042667878288129 -2.100790917024455 -2.0591027964126272 -1.8729951151098252 -2.0963243326731877 -2.0739914109168516 -1.8006364486192958 -2.0516584891605154 -1.9697711093872823 -1.975726555188972 -2.0471919048092482 -1.9548824948830581 -1.6719988193027993 -2.2002209686700565 -2.2003319397098395 -2.0471919048092482 -2.207988941454869 -2.207988941454869 -2.1543899292396618 -2.1105361919726744 -2.207988941454869 -2.2075731228961786 -2.2061082743595986
leaf_weight=1.8657059967517842 6.2501150891184816 2.6119883954524994 3.2649854943156233 1.958991296589377 2.3321324959397325 1.9589912965893743 3.1717001944780376 13.433083176612852 1.8657059967517842 3.3582707941532126 2.2388471961021414 2.2388471961021414 1.8657059967517833 2.3321324959397316 2.2388471961021414 3.3582707941532126 2.7985589951276779 1.8657059967517859 3.3582707941532135 2.0522765964269638 6.4366856887936583 6.5299709886312485 1.8657059967517851 12.406944878399374 4.0112678930163383 1.8657059967517877 2.0522765964269638 2.4254177957773209 120.24475149065256 26.58631045371294
leaf_count=20 67 28 35 21 25 21 34 144 20 36 24 24 20 25 24 36 30 20 36 22 69 70 20 133 43 20 22 26 1289 285
internal_value=-2.15218 -1.87983 -2.02072 -2.17359 -1.77635 -1.90504 -2.13493 -2.10057 -2.05665 -1.99088 -1.92085 -2.19695 -2.14455 -2.06181 -2.17147 -2.10827 -1.85536 -2.11375 -2.04719 -1.77687 -2.16188 -2.15535 -2.13977 -2.19092 -2.16545 -2.19648 -2.17886 -2.16138 -2.20676 -2.20272
internal_weight=250.844 18.2839 7.74268 232.56 10.5412 4.29112 87.5949 45.1501 31.717 14.7391 10.448 144.965 22.8549 8.20911 42.4448 12.0338 7.08968 16.9779 6.52997 4.29112 8.67553 10.448 5.13069 14.6458 5.87697 30.411 8.58225 4.29112 122.11 28.452
internal_count=2689 196 83 2493 113 46 939 484 340 158 112 1554 245 88 455 129 76 182 70 46 93 112 55 157 63 326 92 46 1309 305
is_linear=0
shrinkage=1


Tree=1
num_leaves=31
num_cat=0
split_feature=5 5 4 3 15 3 5 13 10 15 0 13 4 14 2 8 3 1 13 15 14 9 3 7 13 11 15 13 1 3
split_gain=427.116 78.3552 55.0406 83.03 37.6741 68.2355 34.7353 42.2731 32.3477 32.0624 28.7537 29.7767 68.4041 24.494 27.1005 18.3543 19.9242 16.4677 15.0501 15.0359 14.1973 8.81869 6.45711 5.87758 8.24479 4.54179 2.89877 2.05605 1.83675 1.48437
threshold=98.851739277271221 12.132043734230477 49.742268041237146 1.6293323874327645 0.2597262319242532 1.2124235782394699 38.165266106442971 0.97119637253803592 -0.99108743168350377 -1.2554193238977274 1.0000000180025095e-35 -0.39292802975557434 14.108090185676149 1.0964527040757572 1.1014659794633879 0.7679371991244166 -1.0191479117700091 0.18755815523885125 -0.49096647493580375 -0.8235796130538825 0.82367156779140749 -1.6369449735296817 -2.0552199124724631 -0.60381917005034691 -0.71633862863656861 3376637.0000000005 -1.6161216564678631 -1.055827164442644 -0.59953368766197468 -1.2428259718070862
decision_type=2 2 2 2 2 2 2 2 2 2 2 2 2 2 2 2 2 2 2 2 2 2 2 2 2 2 2 2 2 2
left_child=1 10 26 19 13 6 20 8 -8 -5 27 21 -13 22 18 17 -17 -10 -15 -4 23 -12 -3 24 -6 -9 -2 -1 -24 -25
right_child=2 4 3 9 5 -7 7 25 15 -11 11 12 -14 14 -16 16 -18 -19 -20 -21 -22 -23 28 29 -26 -27 -28 -29 -30 -31
leaf_value=-0.0021056849307067613 0.27507267559185222 0.042353105847649071 -0.056150723999322583 0.31286974180448052 0.11058293814270558 -0.051636729572799148 0.040369409592435901 -0.05588429839773093 0.33088040927646573 0.12050315557480987 0.050720428404968355 0.22201495165613161 -0.055937859966202354 0.10169142082688594 0.1677140778548134 0.014572345424139783 0.21053874031088662 0.17294827941639679 -0.041053686137346924 0.11164668508372344 0.12099640294293575 -0.055496074030047353 -0.0021056849307067574 -0.055844436736295237 -0.020540916830254094 0.045416848747336591 0.34088828703776519 -0.055063776597360996 -0.053543184116460009 -0.0017117548287884689
leaf_weight=1.8624398112297047 2.5456942617893219 2.031695835292342 3.739537887275219 6.0501420646905899 2.0913385227322578 12.887134552001951 4.1083421260118511 2.5320284590125075 3.6031106263399142 3.3740968257188779 2.339382827281951 4.2954970300197584 4.5668197423219681 2.5293916314840308 3.115424081683158 2.1124251037836075 3.3603357598185539 3.0458502769470215 6.8396970927715293 2.076317533850669 2.8218817934393874 11.867239341139795 1.8624398112297083 4.0149788558483115 2.8090908527374259 1.9652600362896917 4.8802233114838627 115.05242908000946 25.468172952532768 1.8498504385352132
leaf_count=20 20 21 39 47 20 144 39 27 32 31 24 39 49 25 29 21 31 29 75 20 29 133 20 43 29 20 39 1289 285 20
internal_value=-0.000338716 -0.0208287 0.206706 0.152317 0.0158388 0.0464606 0.083302 0.124031 0.161619 0.243998 -0.0441542 0.00686099 0.0787837 -0.0187015 0.0399634 0.202714 0.134898 0.258533 -0.0025165 0.0037546 0.0211687 -0.0380056 -0.0436451 -0.00499901 0.0354183 -0.0116169 0.318326 -0.0542202 -0.050038 -0.0387702
internal_weight=251.698 229.032 22.666 15.2401 89.0484 47.2016 34.3145 20.7274 16.2301 9.42424 139.984 23.0689 8.86232 41.8468 12.4845 12.1217 5.47276 6.64896 9.36909 5.81586 13.5871 14.2066 29.3623 10.7653 4.90043 4.49729 7.42592 116.915 27.3306 5.86483
internal_count=2689 2493 196 137 939 484 340 199 152 78 1554 245 88 455 129 113 52 61 100 59 141 157 326 112 49 47 59 1309 305 63
is_linear=0
shrinkage=0.05


Tree=2
num_leaves=31
num_cat=0
split_feature=5 5 13 11 15 3 5 13 0 13 15 14 4 10 13 4 3 8 14 3 15 9 1 7 14 14 11 13 3 14
split_gain=337.026 73.7052 34.6068 37.0118 30.1693 51.593 35.5858 30.9092 28.8122 50.0243 47.9174 21.7488 23.6297 21.3836 14.103 13.4127 17.3997 12.255 11.2481 9.99745 9.78911 20.5519 7.96306 5.78898 5.32794 4.20534 3.97298 3.69797 9.77411 1.95315
threshold=98.851739277271221 4.4994944388272105 1.4169452639388258 -2131287.4999999995 0.2597262319242532 1.2124235782394699 38.165266106442971 0.97119637253803592 1.0000000180025095e-35 -0.39292802975557434 1.5551782014739166 1.2397425868390577 64.536545528787357 -0.99108743168350377 -0.50865757143819024 55.271514766592581 -0.029941850042629708 0.92612920899002249 1.5243092680538686 -2.1916001191654257 -1.1227760240494475 0.63254970861018689 0.95678544282938638 -1.0866511066921334 -0.31995907614397134 -1.3858229933339539 -1081879.9999999998 -0.38452804546770331 -2.6478550493283017 0.96183117241880223
decision_type=2 2 2 2 2 2 2 2 2 2 2 2 2 2 2 2 2 2 2 2 2 2 2 2 2 2 2 2 2 2
left_child=1 8 20 -4 11 6 18 13 -1 -10 -11 19 14 -8 -13 17 -17 24 23 -3 -2 -22 -5 26 -15 -9 -6 28 -25 -21
right_child=2 4 3 22 5 -7 7 25 9 10 -12 12 -14 15 -16 16 -18 -19 -20 29 21 -23 -24 27 -26 -27 -28 -29 -30 -31
leaf_value=-0.054756960556860759 0.24175039500726503 0.052189762566859227 0.20694662367746297 -0.040611163469412327 -0.0073789633266827378 -0.051194260475983994 0.037175551061822208 -0.055574327481749897 -0.05087462463350223 -0.0011644212695888958 0.26846243466653963 0.10867372902137296 0.15388090176108521 0.19141655799387911 -0.040070443481848475 0.01519571195861095 0.19272666942479477 0.1088508963421788 0.11427586356993587 -0.051537969655549201 0.23185186811003766 0.037354176040529902 0.083400955620643702 -0.055775825294898974 0.28502237772427574 0.041951729825521838 0.087329655214437238 -0.055739761340512811 0.073356642620054022 -0.010842238333733184
leaf_weight=110.08209725469351 10.682493135333063 2.7717851698398581 4.1061183512210846 3.3011598512530309 2.0294059738516808 12.361903309822081 4.2348138168454197 2.4286585673689842 11.145948871970178 3.5922442302107802 3.0442485734820366 2.1137620359659186 3.3039530813693991 2.8021403700113305 6.4753482416272155 2.7391982823610306 2.7818170934915534 2.3974121958017349 2.3360870257019988 26.741390921175483 3.75065600126982 2.1292533054947853 2.1295008361339569 3.2107003107666969 3.3228224292397508 2.0286395922303191 2.4371415823698053 4.8555818423628807 2.6956754848361015 3.3136821761727324
leaf_count=1288 67 29 28 36 20 144 39 27 128 35 22 20 28 23 73 24 22 21 22 310 25 21 19 35 23 20 25 53 27 35
internal_value=-0.000548671 -0.020257 0.169542 0.0936675 0.0125167 0.0381625 0.0655723 0.10687 -0.0452176 0.013836 0.122517 -0.0176836 0.0402466 0.135659 -0.00346481 0.165357 0.104646 0.204687 0.0121173 -0.0386716 0.213232 0.16142 0.00801716 -0.00355405 0.242198 -0.0111875 0.0442982 -0.0234142 0.00316035 -0.0470511
internal_weight=251.346 225.246 26.0992 9.53678 97.3819 52.662 40.3001 22.7355 127.865 17.7824 6.63649 44.7199 11.8931 18.2782 8.58911 14.0434 5.52102 8.52237 17.5646 32.8269 16.5624 5.87991 5.43066 15.2285 6.12496 4.4573 4.46655 10.762 5.90638 30.0551
internal_count=2689 2493 196 83 1020 525 381 199 1473 185 57 495 121 152 93 113 46 67 182 374 113 46 55 160 46 47 45 115 62 345
is_linear=0
shrinkage=0.05


Tree=3
num_leaves=31
num_cat=0
split_feature=5 5 0 13 15 15 3 5 13 11 13 14 4 9 13 10 11 3 14 15 10 7 15 7 5 2 5 14 7 3
split_gain=277.553 69.3223 27.6877 42.5675 33.4314 26.518 44.8286 28.1815 23.8411 28.9464 23.7246 19.85 18.5324 15.8044 12.1175 10.8961 10.1018 9.28539 9.23529 7.54361 19.2213 6.34105 5.36529 5.25732 9.1858 10.2653 4.58092 1.93192 2.24763 1.88461
threshold=98.851739277271221 4.4994944388272105 1.0000000180025095e-35 -0.39292802975557434 1.5551782014739166 0.2597262319242532 1.2124235782394699 38.165266106442971 1.5661024557159584 -2131287.4999999995 0.97119637253803592 1.2397425868390577 64.536545528787357 0.93047526741863951 -0.50865757143819024 -0.17055721928992665 2808306.5000000005 -2.1916001191654257 1.5243092680538686 -1.1227760240494475 -1.0000000180025095e-35 0.19094942829842279 -0.92987642193280551 -0.60381917005034691 14.670014347202217 -0.91220221890776976 57.735042735042917 0.96183117241880223 -1.4190320246816135 -1.990982750343554
decision_type=2 2 2 2 2 2 2 2 2 2 2 2 2 2 2 2 2 2 2 2 2 2 2 2 2 2 2 2 2 2
left_child=1 2 -1 -4 -5 11 7 18 19 -10 13 17 14 15 -13 -9 -15 -3 23 -2 -21 -17 -11 24 -7 -26 -12 28 -19 -25
right_child=8 5 3 4 -6 6 -8 10 9 22 26 12 -14 16 -16 21 -18 27 -20 20 -22 -23 -24 29 25 -27 -28 -29 -30 -31
leaf_value=-0.054458539154047018 0.20101891532954894 0.047552203249469162 -0.050420088781343401 -0.0011072071709479583 0.21450717021175311 -0.055547568761626503 -0.050760552004295384 0.091301074052861558 0.17269370857063962 -0.040286629288537476 -0.055535079471619633 0.094994638570230008 0.13074771012709258 0.0043467367853486814 -0.039348039808414031 0.23849150199273172 0.12622268958239105 0.0051082689841334163 0.09948650425778173 0.2255066452669397 0.054677880077934796 0.14855062316707007 0.063338941164377674 -0.055477730959421871 0.12066372027174638 -0.01628932988830871 0.047150765346288995 -0.010390369084744007 -0.055010347527687346 -0.00305058264605823
leaf_weight=105.27262473106384 12.366701349616052 2.8868571147322681 10.695528447628023 3.5890651643276206 3.6021308749914169 2.4868715107440948 11.856947422027586 4.9610419422388103 4.6580380499362946 3.1256397813558578 2.4916349723935118 2.2921726927161208 3.683041848242282 3.9854342490434638 6.2697742953896514 3.3190502077341097 2.9651820659637451 1.662479467689997 2.5432945489883414 3.1030741184949875 3.5083481520414379 4.7848209366202354 2.0805655717849714 4.3101331144571304 3.0940209329128265 2.4530812650918961 1.9253796413540838 3.2856345400214186 23.980969652533531 2.8460106104612359
leaf_count=1288 68 29 128 35 22 28 144 39 28 33 28 20 28 34 73 21 23 20 22 18 29 35 20 49 29 23 19 35 290 31
internal_value=-0.000691053 -0.0197097 -0.0446864 0.0128274 0.106896 0.0116525 0.0351315 0.0592841 0.145196 0.0821425 0.0941084 -0.0171349 0.0369612 0.117254 -0.00338232 0.149661 0.0563399 -0.0379549 0.0113042 0.17797 0.134856 0.185387 0.00112545 -0.00346021 0.0243015 0.0600993 -0.0107743 -0.0464878 -0.0511128 -0.0346274
internal_weight=250.086 221.243 123.159 17.8867 7.1912 98.0838 54.0229 42.166 28.8424 9.86424 24.4325 44.0609 12.245 20.0155 8.56195 13.0649 6.95062 31.8159 17.7334 18.9781 6.61142 8.10387 5.20621 15.1901 8.03397 5.5471 4.41701 28.9291 25.6434 7.15614
internal_count=2689 2493 1473 185 57 1020 525 381 196 81 199 495 121 152 93 95 57 374 182 115 47 56 53 160 80 52 47 345 310 80
is_linear=0
shrinkage=0.05


Tree=4
num_leaves=31
num_cat=0
split_feature=5 5 0 13 15 15 3 5 14 14 13 9 13 3 4 10 4 8 14 8 3 4 15 8 9 15 15 7 14 7
split_gain=234.473 65.2996 26.6299 36.9629 25.1002 23.4483 39.3358 22.8387 20.7185 18.1775 17.9075 23.4013 15.8598 15.2579 14.9166 13.6562 12.3937 11.2097 10.8193 8.84007 8.65114 7.54134 5.85548 10.3175 8.22449 4.88818 15.124 4.76214 1.91075 2.20909
threshold=98.851739277271221 4.4994944388272105 1.0000000180025095e-35 -0.39292802975557434 1.5551782014739166 0.2597262319242532 1.2124235782394699 38.165266106442971 -1.0239196303937736 1.2397425868390577 1.7234265338006429 -0.87821622938647526 -0.41608094275923052 -0.76268922205713852 64.536545528787357 -0.35848496281035391 55.271514766592581 -0.818011559410181 1.5447508685387057 0.84155382820692737 -2.1916001191654257 85.270009643201647 -1.3649064841221084 0.35802447404050336 0.82331011447242664 0.43948499865942486 0.69716227708322809 -1.250977373088364 0.96183117241880223 -1.4190320246816135
decision_type=2 2 2 2 2 2 2 2 2 2 2 2 2 2 2 2 2 2 2 2 2 2 2 2 2 2 2 2 2 2
left_child=1 2 -1 -4 -5 9 7 18 12 20 22 -12 -9 15 17 -10 -15 -11 25 -17 -3 -13 -2 -24 -25 -7 -27 -28 29 -22
right_child=10 5 3 4 -6 6 -8 8 13 14 11 21 -14 16 -16 19 -18 -19 -20 -21 28 -23 23 24 -26 26 27 -29 -30 -31
leaf_value=-0.054175241255385143 0.17919635612499132 0.043509031104713165 -0.049972651479322866 -0.0010527555977628987 0.18056592828278381 -0.055688768816488224 -0.05033428445970755 0.10701912305981419 -0.024415289899320139 0.072432571772838059 0.16419879003964855 -0.041930437915090463 -0.056188869618038928 0.20699494188425827 0.11354240781189329 0.15838674307213543 0.093585678415041298 -0.046690918483655926 0.11002588780305673 0.045643617031836364 0.0048321291910419983 0.077155835425330652 0.17938081241638357 0.13547885840170051 0.016439876491046928 0.13190521641775485 0.045184166569926562 -0.035511581607800005 -0.0099539275107196103 -0.054742238558639293
leaf_weight=100.64883407950401 10.657983571290972 2.9944407418370274 10.262701496481897 3.5860439240932456 4.0518690198659897 3.602232642471793 11.371788382530211 2.3909638226032257 2.9461621865630159 3.1066130250692359 3.9112088456749916 3.3955341801047307 3.9437105432152775 5.1635569557547552 4.0194527730345717 3.6043783947825441 4.5159570053219795 5.4209711551666251 2.3710887581109992 3.3589274063706398 1.669426865875727 2.1848475486040115 5.0651754364371318 3.2272222265601158 2.636358805000782 2.1186848729848853 2.4335917681455603 7.3502749651670447 3.2589103430509558 22.920300230383873
leaf_count=1288 53 29 128 35 22 40 144 18 25 33 22 35 42 32 28 23 31 60 19 28 20 17 28 19 22 21 22 80 35 290
internal_value=-0.000791472 -0.0191786 -0.0441814 0.0120108 0.0952949 0.0108947 0.0325224 0.0540347 0.0840164 -0.0166053 0.127659 0.0704216 0.00541247 0.109435 0.0341346 0.0658227 0.154084 -0.00329403 0.0105552 0.104002 -0.0372465 0.00469457 0.152827 0.12711 0.081957 -0.00465652 0.0107881 -0.0154397 -0.0459297 -0.0506977
internal_weight=248.189 217.111 118.549 17.9006 7.63791 98.5614 55.1713 43.7995 25.9237 43.3901 31.0783 9.49159 6.33467 19.589 12.547 9.90947 9.67951 8.52758 17.8759 6.96331 30.8431 5.58038 21.5867 10.9288 5.86358 15.5048 11.9026 9.78387 27.8486 24.5897
internal_count=2689 2493 1473 185 57 1020 525 381 199 495 196 74 60 139 121 76 63 93 182 51 374 52 122 69 41 163 123 102 345 310
is_linear=0
shrinkage=0.05


Tree=5
num_leaves=31
num_cat=0
split_feature=5 5 0 13 15 3 15 5 14 14 4 3 2 13 3 10 15 13 14 4 3 15 8 15 15 16 7 14 16 13
split_gain=201.606 61.5497 25.62 32.5428 20.8232 34.793 19.7596 18.8916 16.7343 16.5963 14.2417 31.1633 14.0696 13.8327 11.3943 11.2681 10.6279 10.3224 8.99004 8.81514 8.62482 8.26456 6.72957 4.58847 12.3643 4.523 1.91536 1.39983 1.37343 0.601628
threshold=98.851739277271221 4.4994944388272105 1.0000000180025095e-35 -0.39292802975557434 0.2597262319242532 1.2124235782394699 1.5551782014739166 38.165266106442971 1.0964527040757572 -1.0239196303937736 49.742268041237146 1.6293323874327645 0.91934272569187359 -0.41608094275923052 -0.76268922205713852 -0.35848496281035391 -0.77788107931369388 -0.49096647493580375 1.5447508685387057 55.271514766592581 -2.1916001191654257 -1.2554193238977274 0.84155382820692737 0.43948499865942486 0.69716227708322809 -0.00061700999999999998 -1.4190320246816135 -0.28987393688892232 -0.00032391999999999995 -0.99917969736415091
decision_type=2 2 2 2 2 2 2 2 2 2 2 2 2 2 2 2 2 2 2 2 2 2 2 2 2 2 2 2 2 2
left_child=1 2 29 -4 8 7 -5 18 20 13 27 16 17 -9 15 -11 -12 -10 23 -16 -3 -13 -17 -6 -25 -26 -22 -2 -27 -1
right_child=10 4 3 6 5 -7 -8 9 12 14 11 21 -14 -15 19 22 -18 -19 -20 -21 26 -23 -24 24 25 28 -28 -29 -30 -31
leaf_value=-0.023456179731935659 0.16913118221796714 0.039953858107213885 -0.04953106498563823 -0.0010009393849223071 -0.055381972017252645 -0.049914227984107169 0.15702928377020894 0.094674265078305689 0.062225377265135245 -0.023615921496797865 -0.056626238363880636 0.15531185167222286 0.093443371033541944 -0.055854744004784046 0.17559709134677826 0.13748003252472094 0.075431312951568574 -0.046938637291936675 0.096675594192408468 0.083787057154765018 0.0017533425465533433 0.073166465310417816 0.041953418956782999 0.11326918981693578 0.042569908513392901 -0.012181473185076994 -0.052363866006027243 0.1334332985890761 -0.056117373425837294 -0.054419363336001447
leaf_weight=1.595286726951598 8.0981867462396604 3.0951161384582546 9.8470278829336184 3.5831729024648658 3.4450509250164059 10.90592300891876 4.4156689196825027 2.562756285071373 3.3222840204834929 2.8949182331562051 3.7788161933422089 9.8741892129182798 5.1773751974105826 3.7732460722327259 5.7647104263305646 3.9353330731391916 2.5528350695967701 6.2194191962480536 2.5582993105053893 4.7843982353806496 1.7591996788978601 4.4381597414612761 3.4686807096004486 2.3375962451100341 2.5291094556450835 3.3874487727880469 23.159837514162064 4.1553162634372702 3.7453810200095177 94.611066341400146
leaf_count=20 39 29 128 35 40 144 22 18 28 25 40 47 36 42 32 23 19 76 19 31 21 31 28 21 27 35 305 20 40 1268
internal_value=-0.000870963 -0.0186729 -0.0436995 0.011323 0.0102095 0.0302421 0.0862378 0.0495879 -0.0160859 0.0758974 0.114325 0.0889792 0.0270799 0.00503052 0.0974347 0.0600243 -0.00338244 -0.0089293 0.00986108 0.133958 -0.0387658 0.129839 0.0927271 -0.0045192 0.0100834 -0.0148812 -0.0485434 0.157026 -0.0352518 -0.0539059
internal_weight=245.776 212.878 114.052 17.8459 98.8261 56.0929 7.99884 45.1869 42.7332 27.184 32.8975 20.644 14.7191 6.336 20.848 10.2989 6.33165 9.5417 18.0029 10.5491 28.0142 14.3123 7.40401 15.4446 11.9995 9.66194 24.919 12.2535 7.13283 96.2064
internal_count=2689 2493 1473 185 1020 525 57 381 495 199 196 137 140 60 139 76 59 104 182 63 355 78 51 163 123 102 326 59 75 1288
is_linear=0
shrinkage=0.05


Tree=6
num_leaves=31
num_cat=0
split_feature=5 5 0 13 15 3 13 5 14 14 6 13 9 13 4 8 14 3 10 3 4 4 14 7 13 7 10 15 8 11
split_gain=175.73 58.0749 24.65 28.9419 18.5812 30.998 17.2364 15.8975 15.5059 13.5896 13.2306 12.4448 16.2284 10.8743 19.759 10.3214 9.82954 8.87049 9.44384 7.57635 7.41452 6.73836 6.03918 4.67844 7.13754 3.88025 3.75346 9.07758 3.23423 2.16663
threshold=98.851739277271221 4.4994944388272105 1.0000000180025095e-35 -0.39292802975557434 0.2597262319242532 1.2124235782394699 0.69051276170018827 38.165266106442971 1.2397425868390577 -1.0239196303937736 -0.095248039722772487 1.7234265338006429 -0.63049764867113856 1.052878195260343 64.536545528787357 -0.818011559410181 1.6316062089972891 -0.76268922205713852 -0.35848496281035391 -2.1916001191654257 85.270009643201647 55.271514766592581 -0.30311657558628213 -0.31441690245669468 -0.73634581995204684 -1.1590979463149276 0.70877728574635868 -1.1227760240494475 1.2610586889759392 6790300.0000000009
decision_type=2 2 2 2 2 2 2 2 2 2 2 2 2 2 2 2 2 2 2 2 2 2 2 2 2 2 2 2 2 2
left_child=1 2 -1 -4 8 7 -5 16 19 10 -9 26 -13 14 15 -10 23 18 -11 -3 -14 -19 -20 24 -6 -26 -2 -28 -15 -21
right_child=11 4 3 6 5 -7 -8 9 13 17 -12 12 20 28 -16 -17 -18 21 22 29 -22 -23 -24 -25 25 -27 27 -29 -30 -31
leaf_value=-0.053650001241467418 0.13927353706200288 0.036804613535905313 -0.049094125735331784 0.12934975587299685 0.074903083169837889 -0.049499193624486848 -0.024166180779636143 0.090046969771756205 0.091342437454709643 -0.022832380904826685 -0.056560232493347053 0.12334034402566217 -0.05665090177310457 -0.057320522676413327 0.19673727559085641 -0.041048921156672115 0.10226379729977593 0.15340854499472889 0.040158273478344393 -0.048368294723831473 0.061810449224060676 0.075660580746636258 0.12822006431888994 -0.039319821754617262 0.024085580548269581 -0.055557946150328164 0.13448671316630109 0.031197484933835395 0.028203910266499529 0.015034469698697359
leaf_weight=91.940417028963566 14.699325837194921 3.1894057020545032 9.4480507820844668 5.5659019798040372 3.3843670338392258 10.45882987976074 2.722930982708931 2.6432225033640862 2.6891545355319968 2.8458217382431039 3.6833391711115864 4.8994083404541016 2.9027292504906637 3.2854999452829352 2.1177304536104202 3.2530654296278945 2.4543718844652167 6.254425957798956 3.9468012526631364 24.435272641479973 2.423907607793808 5.0266599506139755 3.8421889394521713 6.1536994576454171 3.0697586610913277 3.0476062744855881 6.162294939160347 3.2485098764300329 1.6659479364752767 1.4260723963379849
leaf_count=1288 69 29 128 34 30 144 23 21 26 25 39 26 31 35 13 35 17 32 28 327 17 31 23 71 29 35 28 25 12 18
internal_value=-0.000929993 -0.0181869 -0.0432387 0.0107291 0.00960244 0.0282532 0.0789189 0.0457971 -0.0155882 0.0692451 0.00469191 0.103884 0.0576641 0.0297735 0.0656004 0.0188649 0.00922974 0.0878799 0.0551176 -0.035905 -0.00274459 0.118765 0.0835978 -0.00535563 0.0166409 -0.015592 0.123488 0.0988324 -0.0285453 -0.0448721
internal_weight=242.887 208.551 109.677 17.7369 98.8732 56.8111 8.28883 46.3523 42.0621 28.2425 6.32656 34.3362 10.226 13.0114 8.05995 5.94222 18.1098 21.9159 10.6348 29.0508 5.32664 11.2811 7.78899 15.6554 9.50173 6.11736 24.1101 9.4108 4.95145 25.8613
internal_count=2689 2493 1473 185 1020 525 57 381 495 199 60 196 74 121 74 61 182 139 76 374 48 63 51 165 94 64 122 53 47 345
is_linear=0
shrinkage=0.05


Tree=7
num_leaves=31
num_cat=0
split_feature=5 5 0 13 15 3 15 16 3 13 2 13 10 4 3 16 15 15 3 12 8 5 8 1 6 11 10 4 3 3
split_gain=155.048 53.3059 23.7502 25.7787 17.7582 25.8793 14.9598 14.6289 13.5895 14.4486 12.9242 15.7939 12.1904 10.9058 19.7665 10.5767 10.3621 8.73307 8.36144 8.21479 9.0825 13.061 8.44355 7.54317 6.88285 5.10127 4.02989 2.16623 1.98395 1.84823
threshold=96.225071225071147 4.4994944388272105 1.0000000180025095e-35 -0.39292802975557434 0.2597262319242532 1.2124235782394699 1.5551782014739166 -5.0499999999999994e-05 -3.3979406402213441 0.56484116058557043 0.91934272569187359 -0.82208951955513887 -1.0223136386694456 49.742268041237146 1.6293323874327645 -0.00043757499999999994 -0.77788107931369388 -1.2554193238977274 4.0356950408938195 -46.348499999847256 -0.19638527369919259 41.042780748662608 -0.63503170145615673 0.17418996624463759 0.12499391064719018 1686934.0000000002 0.38372872942737773 53.846153846153776 -0.82186001510103956 -2.1390761775279814
decision_type=2 2 2 2 2 2 2 2 2 2 2 2 2 2 2 2 2 2 2 2 2 2 2 2 2 2 2 2 2 2
left_child=1 2 -1 -4 7 8 -5 29 -6 12 11 -9 15 -2 16 28 -15 -16 -19 22 -21 -22 -14 -11 -17 -23 -24 -13 -10 -3
right_child=13 4 3 6 5 -7 -8 10 9 23 -12 27 19 14 17 24 -18 18 -20 20 21 25 26 -25 -26 -27 -28 -29 -30 -31
leaf_value=-0.053405595943527208 0.12897296255823762 -0.00468567835946048 -0.048660730569200096 -0.0033730011430417577 -0.056562909672920658 -0.048794852699633823 0.12982602362717702 0.084403966211809289 -0.056503181024190635 -0.047528640910389663 0.095617500697054075 -0.054755510669137503 0.041603220454120605 -0.056624340118648836 0.12846024763667543 0.12337690443602108 0.068208323367834944 -0.0011285823888635218 0.11702602158679482 0.12510987588031416 -0.043665787180270386 0.036574669969829339 0.18286020113266543 0.058477757872277873 0.0059177311118515461 0.11889790828440915 0.11023902406579972 -0.0025612607697111885 0.0040784077331278224 -0.047640992076282467
leaf_weight=87.846561081707478 13.489363163709639 2.8513833731412914 9.0652965605258959 3.7141971066594106 3.2705745995044699 9.4727508425712568 4.8743983805179596 3.529777094721795 3.173714742064476 5.1911154687404624 4.1141223460435858 6.7387202754616737 2.9084843620657921 3.6644479036331177 10.787851423025133 2.7205724120140022 3.0427290126681354 3.2494911178946486 2.7769154533743858 3.6882027983665422 3.6134448796510803 4.4282433912158012 3.3484568819403613 2.4797963798046112 2.3029283359646797 3.2724357396364212 4.4478732645511627 2.8197390213608742 2.3536238819360733 20.56428001075983
leaf_count=1288 59 26 128 35 35 136 22 36 32 54 30 88 23 40 47 22 22 24 20 27 37 28 18 20 20 20 25 34 19 274
internal_value=-0.000977517 -0.0181533 -0.0427707 0.0101491 0.00854141 0.026626 0.0722232 -0.0166911 0.0417627 0.0490832 0.0183176 -0.00598071 0.0622727 0.0931328 0.0725788 0.0170184 6.33649e-06 0.101528 0.053316 0.0808462 0.0569708 0.0347586 0.114307 -0.0132597 0.06953 0.0715583 0.141429 -0.0393582 -0.0307066 -0.0424102
internal_weight=239.801 202.791 105.5 17.6539 97.2902 56.6722 8.5886 40.618 47.1995 43.9289 17.2024 13.0882 36.258 37.0108 23.5214 10.5508 6.70718 16.8143 6.02641 25.7071 15.0023 11.3141 10.7048 7.67091 5.0235 7.70068 7.79633 9.55846 5.52734 23.4157
internal_count=2689 2477 1473 185 1004 516 57 488 380 345 188 158 271 212 153 93 62 91 44 178 112 85 66 74 42 48 43 122 51 300
is_linear=0
shrinkage=0.05


Tree=8
num_leaves=31
num_cat=0
split_feature=5 5 0 3 3 13 11 15 14 3 3 9 5 14 4 3 15 2 14 15 14 15 3 15 15 8 6 11 9 3
split_gain=137.609 50.3822 22.8502 23.9721 19.3441 16.3091 17.8184 17.1347 16.0333 12.4109 12.2819 9.90039 10.02 11.3474 9.19897 16.8796 9.34081 7.9874 7.73368 7.70174 7.40458 10.4963 6.81044 5.86109 6.92302 5.56735 5.17656 3.8398 3.82005 2.74844
threshold=96.225071225071147 4.4994944388272105 1.0000000180025095e-35 -7.176252769025079 -1.1056742962424584 1.052878195260343 7910034.5000000009 0.2597262319242532 1.2397425868390577 1.8839881585310023 -3.3979406402213441 0.93047526741863951 38.165266106442971 1.6316062089972891 49.742268041237146 1.6293323874327645 -0.77788107931369388 0.68925690827545749 1.5447508685387057 -1.2554193238977274 -0.66513727561387304 -0.68815068442550387 4.0356950408938195 0.43948499865942486 1.5194824013503456 -0.7543522425221082 1.1449103417757824 -1841537.4999999998 -0.01908728725705185 -0.39793920914991121
decision_type=2 2 2 2 2 2 2 2 2 2 2 2 2 2 2 2 2 2 2 2 2 2 2 2 2 2 2 2 2 2
left_child=1 2 -1 -4 -5 6 7 8 20 10 -9 12 13 23 -2 16 -16 18 -10 -17 21 -3 -21 -12 27 -14 -13 -25 -27 -7
right_child=14 5 3 4 -6 29 -8 9 17 -11 11 26 25 -15 15 19 -18 -19 -20 22 -22 -23 -24 24 -26 28 -28 -29 -30 -31
leaf_value=-0.05317226595497361 0.11858583486244156 0.11490012968536273 -0.054827392135536439 0.10501065613518851 -0.056930998173432647 -0.0011909779698373822 0.10987191478331165 -0.056211036267390116 0.085141446806850166 -0.053879172636756172 -0.055055136626995793 -0.031059933434701027 0.02754591962831417 0.13758290290969286 -0.056275311850561074 0.11848245232046908 0.062179802159173819 0.12192834843478265 -0.039960650012616811 -0.0010729100472028834 -0.051779333496107305 -0.030924358620568072 0.10367110447960881 0.020248486232589027 -0.027330174638085448 0.070823616682306093 0.055912948051005711 0.10545783151592601 0.12436065550211524 -0.051635013018408088
leaf_weight=83.919669315218925 13.925111100077627 1.7558927237987516 7.8945526182651546 7.0838978290557861 2.4930073320865613 3.5270947143435487 4.8409385681152335 3.1300483644008628 2.1003065630793563 3.9420249983668318 2.7571503445506123 5.3359483256936064 3.3076533749699619 1.9985941573977459 3.5068023130297661 11.102646291255953 3.1674287840724018 2.4156567230820656 2.9998224526643753 3.2472539991140357 18.738825134932998 4.1517014205455771 2.972396582365036 2.5568744987249343 3.374480202794075 6.121994100511075 2.518291212618351 2.7378362566232695 7.3111326023936245 11.518872946500775
leaf_count=1288 59 20 106 48 31 36 35 35 21 59 34 46 25 13 40 47 22 15 32 24 260 54 20 23 34 38 18 24 37 145
internal_value=-0.00101691 -0.0176874 -0.0423418 0.00967965 0.0628549 0.00804569 0.0168164 0.0109853 -0.0168967 0.0308724 0.0389912 0.0468289 0.0598482 0.0276687 0.0862584 0.0674989 -5.93774e-05 0.0470324 0.0115582 0.093529 -0.0363915 0.0124185 0.0489847 0.00844353 0.0286387 0.0856538 -0.00317397 0.0643093 0.0999618 -0.0398099
internal_weight=236.454 198.532 101.391 17.4715 9.57691 97.1411 82.0952 77.2542 32.1622 45.092 41.15 38.02 30.1657 13.4249 37.9216 23.9965 6.67423 7.51579 5.10013 17.3223 24.6464 5.90759 6.21965 11.4263 8.66919 16.7408 7.85424 5.29471 13.4331 15.046
internal_count=2689 2477 1473 185 79 1004 823 788 402 386 327 292 228 128 212 153 62 68 53 91 334 74 44 115 81 100 64 47 75 181
is_linear=0
shrinkage=0.05


Tree=9
num_leaves=31
num_cat=0
split_feature=5 5 0 3 3 13 15 14 16 3 9 10 6 13 9 14 12 2 1 14 4 3 15 8 2 10 15 15 9 15
split_gain=123.178 48.7607 22.0083 21.7131 16.6479 14.4341 17.0986 14.7534 12.4272 11.0477 9.93556 9.58873 9.31877 9.0439 10.9214 7.16051 7.20552 6.76037 6.75619 6.46109 5.94235 5.87403 5.97987 4.45741 7.40036 3.94173 4.96293 9.51869 3.37146 2.79736
threshold=98.851739277271221 4.4994944388272105 1.0000000180025095e-35 -7.176252769025079 -1.1056742962424584 -0.21588632132121502 0.38924116716057378 0.83816587047223157 -1.0000000180025095e-35 -2.8219010266663571 -0.3061971351016825 -1.0223136386694456 0.05623751747751074 1.7234265338006429 -0.63049764867113856 -0.65217846391738732 -18.724000000162047 0.47295625841732586 -1.0000000180025095e-35 0.96183117241880223 85.270009643201647 0.5368881764469754 0.052048995091544821 -0.19638527369919259 -0.16898548777749081 1.1968044824855937 0.429023457850919 0.2597262319242532 -1.0000000180025095e-35 -0.27205543435881391
decision_type=2 2 2 2 2 2 2 2 2 2 2 2 2 2 2 2 2 2 2 2 2 2 2 2 2 2 2 2 2 2
left_child=1 2 -1 -4 -5 6 8 25 15 28 -9 12 -11 -2 -15 16 -3 23 -12 29 -16 -20 -23 -13 -25 -7 27 -27 -8 -10
right_child=13 5 3 4 -6 7 9 10 19 11 18 17 -14 14 20 -17 -18 -19 21 -21 -22 22 -24 24 -26 26 -28 -29 -30 -31
leaf_value=-0.052949161102471533 0.098746069831098404 0.0715334731712165 -0.054574689599159953 0.095286987660851447 -0.056594281574038036 -0.052110521663875975 -0.055598640423285321 -0.044431653041997282 0.042579867122299643 0.067013959520288921 -0.01239107209489336 0.13731489692166737 -0.043976226569081928 0.094452351939444248 -0.056877985432305538 -0.050764261886722728 -0.038315037610556692 0.036506291828333197 0.11330682217648778 0.093448213950174636 0.047594906471075456 0.068741806353122201 -0.034726591806763206 0.019307129629581705 0.1284744623059306 -0.054059973370483461 -0.05531343023214115 0.090347603979672786 0.022208758048414063 -0.054447412564014953
leaf_weight=80.154719024896622 26.01545150578022 2.9791051894426346 7.5434230044484165 7.4074834734201431 2.3851742967963201 17.055135991424326 2.5494738630950451 4.5038872957229641 1.5345579609274866 4.2999762929976049 4.1895256936550167 5.8054695129394593 3.3759271577000618 5.4645634442567825 2.772888280451296 11.73862075060606 2.9923354983329817 4.9754924401640883 3.6922381371259636 3.9001489505171776 2.6733429506421089 4.1275258362293243 2.1104146763682365 2.9682049006223741 3.2546336501836635 2.1027358248829824 3.4073895215988159 2.4953252002596855 3.0672470480203655 1.4398520439863194
leaf_count=1288 122 27 106 48 31 232 30 57 20 36 39 36 29 26 31 157 39 38 19 31 17 29 23 22 18 31 45 15 27 20
internal_value=-0.00105056 -0.0168286 -0.0419009 0.00918141 0.0582936 0.00797044 0.0250412 -0.0134758 -0.00594034 0.0501818 0.020231 0.0645857 0.0181995 0.0827213 0.0445121 -0.0280884 0.0164875 0.0855255 0.040857 0.051117 -0.00559631 0.0633223 0.0337365 0.105802 0.0764032 -0.0385248 -0.00958117 0.0243087 -0.0131086 -0.00438909
internal_weight=232.982 196.056 97.4908 17.3361 9.79266 98.5652 54.881 43.6842 24.5846 30.2964 18.6236 24.6797 7.6759 36.9262 10.9108 17.7101 5.97144 17.0038 14.1197 6.87456 5.44623 9.93018 6.23794 12.0283 6.22284 25.0606 8.00545 4.59806 5.61672 2.97441
internal_count=2689 2493 1473 185 79 1020 530 490 294 236 167 179 65 196 74 223 66 114 110 71 48 71 52 76 40 323 91 46 57 40
is_linear=0
shrinkage=0.05


Tree=10
num_leaves=31
num_cat=0
split_feature=5 5 0 13 13 15 3 3 3 3 4 12 14 13 11 1 16 3 14 0 3 9 11 11 14 13 12 15 5 14
split_gain=113.248 39.2998 20.2067 23.281 13.4057 14.1064 18.155 17.6397 11.5349 19.962 27.7827 12.614 11.3505 7.8813 9.66379 8.05376 7.34543 7.02811 6.73231 4.65502 7.50462 6.70371 3.35139 9.82676 3.32664 3.09762 2.81303 2.29262 1.17763 2.32276
threshold=29.62962962962952 98.851739277271221 1.0000000180025095e-35 -1.302527594513385 1.052878195260343 0.17113793732566482 1.6796348742759728 1.3124043977913793 -0.94137409861323185 -7.176252769025079 1.0000000180025095e-35 -480.78050000010984 1.3669763452158887 1.4169452639388258 -1193140.4999999998 1.1016008714646668 -0.00071270499999999989 -0.69142102648939907 1.6316062089972891 1.0000000180025095e-35 -0.78842567194533664 0.67024489365080508 2928918.0000000005 5087554.5000000009 -0.58989159083011933 -0.4618893375443483 -168.61499999999066 -1.0440072316923954 8.1356867071152035 0.033153737892828043
decision_type=2 2 2 2 2 2 2 2 2 2 2 2 2 2 2 2 2 2 2 2 2 2 2 2 2 2 2 2 2 2
left_child=2 4 3 -1 5 6 24 16 9 -4 -11 -12 -8 27 -15 -16 17 -7 26 20 -18 25 -6 -24 -2 -21 -13 -3 -5 -30
right_child=1 13 8 28 22 7 12 -9 -10 10 11 18 -14 14 15 -17 19 -19 -20 21 -22 -23 23 -25 -26 -27 -28 -29 29 -31
leaf_value=0.12520252536540261 0.012131949807722255 0.10287803121228262 -0.054311890751544703 -0.053395828772820279 -0.054952007718159571 -0.044289560393029878 -0.019201134963792044 -0.044060309984162035 -0.050810739203993177 0.136836033896369 0.10658426312366898 0.0092410679002631769 0.11291125910809437 0.083963517472643107 -0.056262216167471527 0.066271070053422948 -0.011120419442357943 0.057818007760281814 0.062098287439039203 0.13284313395634872 0.076528499872899239 0.040093055591862076 0.067097262713331079 -0.057562012122999218 -0.054504874521337468 0.078315518495629011 -0.055438807496111922 0.069279722648304023 -0.054185276426489903 0.010248863817959551
leaf_weight=1.901805780827998 2.2544481270015249 18.014006868004799 7.6026553846895686 76.935710407793522 6.9697302207350713 3.2119486033916473 2.7912301421165457 5.1112930923700324 9.2822774648666364 5.4478203207254472 2.396323166787627 2.2559861317276955 3.8938512355089188 6.9436855316162109 3.189595051109789 2.3137998729944229 4.0870723761618137 3.5454912036657289 2.0252776369452468 5.7177173793315879 6.068028382956987 5.5567198395729056 2.7331579439342022 3.749829575419426 11.066828764975071 4.7836369574070003 6.5960116721689648 7.0700863003730801 3.7904817536473265 2.2165565341711044
leaf_count=18 32 76 112 1293 97 29 38 78 116 24 20 22 24 32 36 15 35 21 16 34 37 35 25 43 161 27 79 37 55 22
internal_value=-0.001077 0.0358309 -0.0344983 -0.0477651 0.0140926 0.0245085 -0.009486 0.0423676 -0.00288562 0.0140135 0.0417601 0.00273847 0.0577502 0.077268 0.0447415 -0.00474538 0.0557661 0.0092842 -0.0201393 0.0677486 0.0412529 0.0845044 -0.0308831 -0.005007 -0.0432275 0.108004 -0.0389547 0.0934082 -0.0517311 -0.0304095
internal_weight=229.523 109.072 120.451 84.8446 71.541 58.0883 20.0064 38.0819 35.6064 26.3241 18.7214 13.2736 6.68508 37.5312 12.4471 5.50339 32.9706 6.75744 10.8773 26.2132 10.1551 16.0581 13.4527 6.48299 13.3213 10.5014 8.852 25.0841 82.9427 6.00704
internal_count=2689 912 1777 1388 716 551 255 296 389 273 161 137 62 196 83 51 218 50 117 168 72 96 165 68 193 61 101 113 1370 77
is_linear=0
shrinkage=0.05


Tree=11
num_leaves=31
num_cat=0
split_feature=5 5 0 13 13 15 3 3 3 3 4 10 3 13 0 13 14 10 16 12 8 12 13 8 11 11 11 14 10 15
split_gain=103.918 34.8291 19.424 25.0054 12.1575 12.4381 16.4836 15.5798 10.7717 18.3004 24.2321 11.6872 12.8537 12.1131 9.66271 6.95407 9.49915 6.68138 6.65089 6.23746 6.07642 7.53284 5.47987 4.94933 3.35755 3.2553 8.87689 3.23324 2.73116 6.26264
threshold=29.62962962962952 98.851739277271221 1.0000000180025095e-35 -1.4087730427939589 1.052878195260343 0.17113793732566482 1.6796348742759728 1.3124043977913793 -0.94137409861323185 -7.176252769025079 1.0000000180025095e-35 -0.5727033006754233 -3.0707971990533776 -0.53198847130844229 -1.0000000180025095e-35 1.7234265338006429 -1.527525302664428 -0.99108743168350377 -0.00043757499999999994 -37.406999999890097 -0.21343255183952364 442.9424999998883 5.758083415567139 0.91178956937239453 3638628.5000000005 2928918.0000000005 5087554.5000000009 -0.58989159083011933 0.70877728574635868 -1.1227760240494475
decision_type=2 2 2 2 2 2 2 2 2 2 2 2 2 2 2 2 2 2 2 2 2 2 2 2 2 2 2 2 2 2
left_child=2 4 3 -1 5 6 27 17 9 -4 -11 12 -12 -14 -8 28 -17 18 -7 -19 -21 23 -18 -22 -16 -6 -27 -2 -3 -30
right_child=1 15 8 -5 25 7 14 -9 -10 10 11 -13 13 -15 24 16 22 19 -20 20 21 -23 -24 -25 -26 26 -28 -29 29 -31
leaf_value=0.13942975264347704 0.011405664849401803 0.099165829028396324 -0.054087749542531482 -0.051508284230301529 -0.05469789563971144 -0.033561755687728297 0.10948727085100132 -0.043517089458294654 -0.05030292316406796 0.12668994769431438 -0.055966269123279691 -0.055542618622846096 0.14861099363345867 0.00082770771778947988 -0.054620714054492384 0.1042976061615057 -0.027362293063867234 0.094464389179474778 0.05955985136203204 0.11316133802453238 0.03796740221684658 0.082026946026349523 0.061677279937519119 -0.037952439679037331 0.04784706915935312 0.060953953052195135 -0.057174287430037246 -0.054273754897756633 0.09521868600327027 0.014611034545274161
leaf_weight=1.7524574548006047 2.2774933911859998 16.337004281580452 7.261080350726842 79.595289494842291 6.6598339043557626 4.0288474820554256 3.6208569630980492 4.9211793504655352 8.9164670407772046 5.5859862416982713 2.4137840047478685 5.2391228713095144 3.0787497758865365 2.5227410867810249 1.8096696883440011 3.7279901579022408 4.5695534050464612 10.134372815489767 3.6586800739169076 2.6651904210448238 4.6434202268719726 4.6096259653568277 2.7788278609514236 3.9925189390778542 1.4320876486599443 2.8548522368073463 3.5905249454081059 10.57078830525279 6.7600374668836594 3.7442141100764257
leaf_count=15 32 69 112 1373 97 38 20 78 116 24 27 62 23 25 25 18 44 53 27 16 29 27 12 28 17 25 43 161 28 25
internal_value=-0.00110157 0.0338871 -0.033992 -0.0473949 0.0133368 0.0231087 -0.00921453 0.0395914 -0.00285661 0.0133514 0.0393425 0.00253041 0.0404894 0.0820539 0.053349 0.0726216 0.0392888 0.0517159 0.0107571 0.0638054 0.0442771 0.0304167 0.00630848 0.00286857 -0.00935426 -0.0301827 -0.00485172 -0.0426314 0.0863768 0.0664863
internal_weight=225.753 109.388 116.366 81.3477 71.4699 58.3647 19.7109 38.6538 35.0179 26.1015 18.8404 13.2544 8.01527 5.60149 6.86261 37.9176 11.0764 33.7327 7.68753 26.0451 15.9108 13.2456 7.34838 8.63594 3.24176 13.1052 6.44538 12.8483 26.8413 10.5043
internal_count=2689 912 1777 1388 716 551 255 296 389 273 161 137 75 48 62 196 74 218 65 153 100 84 56 57 42 165 68 193 122 53
is_linear=0
shrinkage=0.05


Tree=12
num_leaves=31
num_cat=0
split_feature=5 5 0 13 13 15 3 3 3 3 4 10 3 14 13 14 10 4 6 1 8 9 11 2 16 9 11 14 15 6
split_gain=95.5984 31.1347 18.629 22.1281 11.052 11.0244 15.0194 14.0465 10.0612 16.8268 21.4085 10.6924 10.6227 8.43862 6.33308 7.94582 6.24666 8.04946 6.49732 5.7115 5.44833 5.80157 4.75531 4.4171 3.35044 3.16125 7.22815 3.14407 2.06196 1.761
threshold=29.62962962962952 98.851739277271221 1.0000000180025095e-35 -1.4087730427939589 1.052878195260343 0.17113793732566482 1.6796348742759728 1.8839881585310023 -0.94137409861323185 -7.176252769025079 1.0000000180025095e-35 -0.5727033006754233 -2.6478550493283017 1.3669763452158887 1.4169452639388258 -1.6680496355663694 -0.30147261560169969 41.666666666666863 0.12499391064719018 1.1016008714646668 0.7679371991244166 0.82331011447242664 -3593819.9999999995 0.04431831377982675 -0.00034291999999999998 1.281053383112049 5087554.5000000009 -0.58989159083011933 -1.0440072316923954 -0.49535296300843062
decision_type=2 2 2 2 2 2 2 2 2 2 2 2 2 2 2 2 2 2 2 2 2 2 2 2 2 2 2 2 2 2
left_child=2 4 3 -1 5 6 27 16 9 -4 -11 12 -12 -8 28 -16 18 -18 24 22 29 -22 -17 -20 -7 -6 -27 -2 -3 -19
right_child=1 14 8 -5 25 7 13 -9 -10 10 11 -13 -14 -15 15 19 17 20 23 -21 21 -23 -24 -25 -26 26 -28 -29 -30 -31
leaf_value=0.12066426713691114 0.010729780768670148 0.091983347296141965 -0.053875969505802104 -0.051252292176334292 -0.054476190605593861 0.029668444668621865 -0.018673168280106425 -0.05341816395179947 -0.049801266611614173 0.11842497788539541 -0.028650714539961705 -0.055246537849823397 0.086487729522455578 0.093696101519526176 0.097589720481714173 0.036203707024048459 -0.0047109242126801808 0.083297093178221704 -0.046086691074190722 0.069126977470478287 0.081954149532064244 -0.0018481059787693287 -0.056510003607123729 0.026507498034019635 0.10426800207783755 0.049370426561305386 -0.056851582485611743 -0.054055173050556918 0.060505883936967091 0.12999288934595463
leaf_weight=1.9189646542072285 2.29932875186205 18.202475517988205 6.933417320251464 76.082042939960957 6.3580796979367715 3.5745413154363632 2.7515568919479838 3.8587696664035311 8.5648920945823175 5.6745027601718965 3.487815350294114 5.0096401348710016 4.7063526920974263 4.2535815611481667 4.0288931131362906 2.4147048443555823 3.463108189404017 3.7349987179040909 3.8316108807921392 2.9296162649989128 5.7918230220675451 3.2098171338438988 3.2370701842010012 4.6244464814662933 2.599803507328029 3.1454291418194771 3.2628931477665901 10.094877239316702 7.284726835787299 4.3946628421545046
leaf_count=15 32 76 112 1373 95 29 38 65 116 24 37 62 38 24 18 10 29 20 35 17 32 21 38 29 16 29 41 161 37 20
internal_value=-0.00112256 0.0321607 -0.0335081 -0.0470228 0.0126511 0.0218518 -0.0089614 0.0371461 -0.0028431 0.0127386 0.0372041 0.00229843 0.0374795 0.0495584 0.0686471 0.0396651 0.0470671 0.064814 0.0220858 0.01247 0.0788686 0.0520718 -0.0168983 -0.0063864 0.0610797 -0.0294972 -0.0047141 -0.0420365 0.0829865 0.10854
internal_weight=221.724 109.347 112.378 78.001 71.2493 58.4829 19.3993 39.0836 34.3766 25.8117 18.8783 13.2038 8.19417 7.00514 38.0975 12.6103 35.2248 20.5944 14.6304 8.58139 17.1313 9.00164 5.65178 8.45606 6.17434 12.7664 6.40832 12.3942 25.4872 8.12966
internal_count=2689 912 1777 1388 716 551 255 296 389 273 161 137 75 62 196 83 231 122 109 65 93 53 48 64 45 165 70 193 113 40
is_linear=0
shrinkage=0.05


Tree=13
num_leaves=31
num_cat=0
split_feature=5 5 0 13 13 9 15 3 14 3 3 4 10 3 9 0 3 4 3 15 14 15 14 11 11 14 6 5 14 15
split_gain=88.0349 27.8638 17.8772 22.5616 10.0644 10.0857 13.0533 10.2895 9.83097 9.40905 15.5116 19.1058 9.8122 9.02638 7.35401 5.95628 14.1519 5.82065 13.6242 6.41062 4.94659 4.20047 4.01553 3.17386 7.65861 3.11966 1.89424 1.24301 2.01598 1.1636
threshold=29.62962962962952 98.851739277271221 1.0000000180025095e-35 -1.5082435669244876 1.052878195260343 2.2143180322606519 0.092560846337422509 1.8839881585310023 1.3669763452158887 -0.94137409861323185 -7.176252769025079 1.0000000180025095e-35 -0.5727033006754233 -2.6478550493283017 1.0333009864892027 1.0000000180025095e-35 -0.78842567194533664 49.742268041237146 1.6293323874327645 -0.77788107931369388 -0.67922874694845137 -1.2554193238977274 -0.12754980754201301 2928918.0000000005 5087554.5000000009 -0.30311657558628213 -1.017301314418765 8.1356867071152035 0.033153737892828043 -1.6161216564678631
decision_type=2 2 2 2 2 2 2 2 2 2 2 2 2 2 2 2 2 2 2 2 2 2 2 2 2 2 2 2 2 2
left_child=2 4 3 -1 5 6 8 14 26 10 -4 -12 13 -13 15 16 -8 29 19 -19 -17 -20 -22 -6 -25 -16 -2 -5 -29 -3
right_child=1 17 9 27 23 -7 7 -9 -10 -11 11 12 -14 -15 25 20 -18 18 21 -21 22 -23 -24 24 -26 -27 -28 28 -30 -31
leaf_value=0.12609345161921934 0.001603802297623148 0.070168658701537462 -0.053675792329469479 -0.052913584712499365 -0.05431613631657644 0.10348876595442283 -0.03925124639720267 -0.053220674185416816 0.040042034657364216 -0.049304604340949507 0.11155997771772011 -0.027829822172713087 -0.054967583988320169 0.077803911934358899 -0.034453438491205433 0.10620504202745279 0.076291752993820891 -0.057529244856097922 0.090740046561756771 0.040807732817250718 0.0058281632043866794 0.037734944564225652 0.072100175359380417 0.054089180782943537 -0.056460919027879947 0.027705861325729966 -0.053857566504974155 -0.053580848835918217 0.0070586691573322549 0.099962697697602729
leaf_weight=1.8434679657220829 1.8143291026353843 4.9698953479528418 6.6192450746893874 67.291216801851988 6.1596613898873311 3.4619425982236853 4.9268210530281067 3.2744360081851474 4.6736977063119403 8.2271819487214071 5.7211127132177415 3.4130881316959867 4.7888884879648641 4.9629424363374719 3.9129215702414513 6.1821478009223929 5.7349950596690196 3.5044727921485901 11.428989827632906 3.1443156674504307 3.4692383781075451 5.5540658161044112 6.7000738382339522 2.9916169419884682 3.2890691198408604 4.1693435311317426 10.165430951863527 3.3136569149792185 2.3374292217195034 9.6210020184516889
leaf_count=13 31 20 112 1296 97 26 47 58 35 116 24 37 62 38 31 36 31 40 47 19 26 31 38 25 43 26 166 55 24 39
internal_value=-0.00113626 0.0305699 -0.0330266 -0.0466562 0.0120244 0.0207111 0.0155029 0.0315469 -0.0214629 -0.00280937 0.0121885 0.0352729 0.00212057 0.03476 0.0394558 0.0519752 0.0228994 0.0649829 0.0496513 -0.0110242 0.0709338 0.0734055 0.0494916 -0.0288142 -0.00380369 -0.00238774 -0.045458 -0.0510221 -0.0284988 0.0898144
internal_weight=217.667 109.148 108.518 74.7858 70.9257 58.4854 55.0234 38.37 16.6535 33.7325 25.5053 18.886 13.1649 8.37603 35.0955 27.0133 10.6618 38.2227 23.6318 6.64879 16.3515 16.9831 10.1693 12.4403 6.28069 8.08227 11.9798 72.9423 5.65109 14.5909
internal_count=2689 912 1777 1388 716 551 525 293 232 389 273 161 137 75 235 178 78 196 137 59 100 78 64 165 68 57 197 1375 79 59
is_linear=0
shrinkage=0.05


Tree=14
num_leaves=31
num_cat=0
split_feature=5 5 0 13 13 11 15 1 3 3 4 10 3 13 14 13 14 12 3 13 9 11 13 7 1 9 9 14 11 9
split_gain=81.1979 25.2395 17.1582 22.4302 9.16663 9.13653 11.4432 9.60012 8.80475 14.3328 17.1926 9.02926 9.14887 9.30176 7.76951 5.53978 6.97829 5.52048 4.97191 9.66207 9.47098 5.63525 4.3124 4.21696 4.11198 4.1116 3.95871 3.11302 5.1938 2.97224
threshold=29.62962962962952 98.851739277271221 1.0000000180025095e-35 -1.5806959713258524 1.052878195260343 5942965.5000000009 0.092560846337422509 0.58853876185473608 -0.94137409861323185 -7.176252769025079 1.0000000180025095e-35 -0.5727033006754233 -3.0707971990533776 -0.53198847130844229 2.0052913651405562 1.7234265338006429 -1.527525302664428 294.98149999976164 -0.78842567194533664 -0.98950303657614136 -0.67422530853240881 535154.50000000012 5.758083415567139 -1.0228243143948654 0.30913167409234849 0.76916021706065252 -0.84162150770518951 1.3530601604400176 2928918.0000000005 2.2143180322606519
decision_type=2 2 2 2 2 2 2 2 2 2 2 2 2 2 2 2 2 2 2 2 2 2 2 2 2 2 2 2 2 2
left_child=2 4 3 -1 5 6 14 18 9 -4 -11 12 -12 -14 23 -3 -17 -9 20 -20 -8 -22 -18 25 26 -2 -21 -6 -29 -7
right_child=1 15 8 -5 27 29 7 17 -10 10 11 -13 13 -15 -16 16 22 -19 19 24 21 -23 -24 -25 -26 -27 -28 28 -30 -31
leaf_value=0.12727368964792349 0.068498069833867095 0.074204843273770305 -0.053486520740809923 -0.05081787933957848 -0.053583887214309227 0.045190189721446228 -0.057081580552055422 -0.060053074256506071 -0.048811835278940431 0.10576578322394142 -0.055340081966243931 -0.054704628345786634 0.11634534507796984 -0.0058146952995362699 0.060828123603919718 0.086580172610091544 -0.027177591342840188 0.025217945139947497 0.13675919217121832 0.072552423537895039 0.090207410712803734 0.0091250571082098133 0.051436376196547465 -0.054298839506843402 0.088573116953274147 -0.053468485601598698 0.0048173639810828667 -0.055346662293469212 0.037811162632646458 0.11218214309314595
leaf_weight=1.8139193952083577 1.575970005244016 26.913800530135632 6.3181384764611748 69.865012351423502 6.0390236005187017 3.7954944372177115 3.2250054143369189 4.2613966315984717 7.9029555022716513 5.7323707342147854 2.2065082453191298 4.5766742341220334 3.5610246285796183 2.770749092102049 2.2882300391793242 3.8785480782389641 4.4518525563180429 3.4224968403577805 3.1832158565521231 3.0498603135347331 3.6863493248820252 5.118023406714201 2.8684531152248383 10.051186539232729 3.3160067349672309 1.23049845919013 7.3689216971397524 2.6577705554664135 3.4233721159398556 2.9367843493819237
leaf_count=12 20 122 112 1376 103 29 36 46 116 24 27 62 23 25 16 18 44 32 15 21 23 38 12 164 24 21 49 37 25 17
internal_value=-0.00114783 0.0291162 -0.0325661 -0.0463111 0.0114211 0.0196194 0.0124948 0.0276093 -0.00277244 0.0116858 0.0335333 0.00196142 0.0323355 0.0628888 -0.0240607 0.0619084 0.0323567 -0.0220724 0.040797 0.0582703 0.0162228 0.0430739 0.0036272 -0.0391681 0.0400794 0.0150217 0.0246453 -0.0281557 -0.00290357 0.0744137
internal_weight=213.49 108.742 104.747 71.6789 70.6296 58.5094 51.7772 36.6313 33.0684 25.1655 18.8473 13.115 8.53828 6.33177 15.1459 38.1127 11.1989 7.68389 28.9474 16.918 12.0294 8.80437 7.32031 12.8577 13.7348 2.80647 10.4188 12.1202 6.08114 6.73228
internal_count=2689 912 1777 1388 716 551 505 284 389 273 161 137 75 48 221 196 74 78 206 109 97 61 56 205 94 41 70 165 62 46
is_linear=0
shrinkage=0.05


Tree=15
num_leaves=31
num_cat=0
split_feature=5 5 0 13 13 3 3 4 10 11 15 3 14 3 1 3 9 11 4 4 3 15 13 2 15 14 11 14 5 14
split_gain=74.8881 22.7439 16.4312 20.1453 8.34795 8.24111 13.2763 15.5732 8.33321 7.94146 9.19239 9.24953 8.90832 6.99766 5.75244 7.36524 8.61463 5.32977 5.26878 5.18013 12.0874 5.7449 4.98015 4.72314 4.05602 3.01787 4.79038 1.88559 1.34322 2.03793
threshold=29.62962962962952 98.851739277271221 1.0000000180025095e-35 -1.5806959713258524 1.052878195260343 -0.94137409861323185 -7.176252769025079 1.0000000180025095e-35 -0.5727033006754233 7910034.5000000009 0.092560846337422509 1.3124043977913793 1.3669763452158887 -2.6478550493283017 0.58853876185473608 -0.78842567194533664 -0.67422530853240881 380804.50000000006 45.945945945945951 49.742268041237146 1.6293323874327645 -0.77788107931369388 -0.97417620898726809 0.09781615809807262 -1.2554193238977274 1.3530601604400176 2928918.0000000005 -0.7662235524395099 8.1356867071152035 0.033153737892828043
decision_type=2 2 2 2 2 2 2 2 2 2 2 2 2 2 2 2 2 2 2 2 2 2 2 2 2 2 2 2 2 2
left_child=2 4 3 -1 9 6 -4 -8 13 10 12 14 27 -9 15 16 -12 -18 -19 -3 21 -21 -17 -24 -22 -6 -27 -2 -5 -30
right_child=1 19 5 28 25 -7 7 8 -10 -11 11 -13 -14 -15 -16 22 17 18 -20 20 24 -23 23 -25 -26 26 -28 -29 29 -31
leaf_value=0.11293368656474466 0.0034208939547625324 0.082371635154941544 -0.053307499445178042 -0.052652612311838966 -0.053398982079903901 -0.048321920622823922 0.10080929129906253 -0.026986738777560412 -0.054456634324542535 0.075476291802110504 -0.056711216120144139 -0.042091409134877959 0.0381395773138202 0.065585540642748102 -0.011020668052786406 0.11832099867739583 0.090718645254720426 0.052825052771171291 -0.044394177516085806 -0.057647370911112376 0.08426437742466919 0.035092061197091441 0.010778693015513985 0.076367566250829064 0.032565587376263992 -0.055071339702579616 0.035142267552958531 -0.053379209926297883 -0.05322773897937997 0.0095217467662476966
leaf_weight=1.9385170489549626 1.7374748066067685 14.463274136185644 6.0296724848449257 61.484959207475185 5.7638856284320337 7.5918242372572413 5.7138659358024624 3.3024277985095996 4.3727912083268121 5.5505721829831591 3.0872471258044181 4.3935407176613799 4.6737685874104491 5.3461949229240417 5.6048556305468074 3.6736665517091742 3.2938162833452225 3.2215104103088379 2.4561598747968674 3.4348856285214424 11.243399858474733 3.2498810067772892 4.4133616760373169 7.2600124180316925 5.7259400337934485 2.5404690206050873 3.4972077757120132 9.1866723932325822 3.0250110290944567 2.2610903382301331
leaf_count=12 26 59 112 1297 103 116 24 37 62 34 36 75 34 38 38 17 19 22 20 40 47 19 26 36 31 37 25 168 55 24
internal_value=-0.00115827 0.0276947 -0.0321253 -0.0459602 0.0108423 -0.00274699 0.0112242 0.0319928 0.0017958 0.0185747 0.0126157 0.0260623 -0.0196294 0.0302373 0.0351332 0.0445723 0.0153305 0.0401213 0.010768 0.0587995 0.0443864 -0.012561 0.0675486 0.0515703 0.0668197 -0.0275212 -0.00281685 -0.0443452 -0.0505732 -0.0263871
internal_weight=209.538 108.472 101.066 68.7096 70.3542 32.3568 24.765 18.7353 13.0214 58.5527 53.0021 37.4042 15.5979 8.64862 33.0106 27.4058 12.0587 8.97149 5.67767 38.1174 23.6541 6.68477 15.347 11.6734 16.9693 11.8016 6.03768 10.9241 66.7711 5.2861
internal_count=2689 912 1777 1388 716 389 273 161 137 551 517 289 228 75 214 176 97 61 42 196 137 59 79 62 78 165 62 194 1376 79
is_linear=0
shrinkage=0.05


Tree=16
num_leaves=31
num_cat=0
split_feature=5 5 0 13 3 3 4 12 13 10 3 9 15 14 12 7 14 13 11 1 3 3 8 12 10 14 11 4 15 8
split_gain=69.2378 20.7362 15.7583 18.2795 7.71871 12.3125 14.1944 7.89084 7.62308 7.22612 5.72491 8.63137 9.6881 7.55841 5.37193 5.73878 5.23011 4.98889 5.86436 5.54821 4.55682 6.97882 3.11811 4.34859 4.2292 2.92497 4.42708 2.71845 2.41662 2.08774
threshold=29.62962962962952 98.851739277271221 1.0000000180025095e-35 -1.5806959713258524 -0.94137409861323185 -7.176252769025079 1.0000000180025095e-35 -480.78050000010984 1.052878195260343 -0.99108743168350377 2.8497323650210045 2.2143180322606519 0.092560846337422509 1.3669763452158887 -37.406999999890097 1.3269144284388041 0.83816587047223157 1.4169452639388258 -1193140.4999999998 1.1016008714646668 -0.32364077049044526 -0.78842567194533664 0.71303725633373938 322.10399999958469 1.0000000180025095e-35 1.3530601604400176 2928918.0000000005 49.742268041237146 -0.94707107637593901 0.35802447404050336
decision_type=2 2 2 2 2 2 2 2 2 2 2 2 2 2 2 2 2 2 2 2 2 2 2 2 2 2 2 2 2 2
left_child=2 8 3 -1 5 -4 -7 -8 9 20 11 12 13 28 27 22 -9 29 -19 -20 21 -2 24 -24 -16 -10 -27 -14 -11 -3
right_child=1 17 4 -5 -6 6 7 16 25 10 -12 -13 14 -15 15 -17 -18 18 19 -21 -22 -23 23 -25 -26 26 -28 -29 -30 -31
leaf_value=0.10143546911889217 -0.042935150005520256 0.084242543727836419 -0.053138121553078448 -0.050346228830945396 -0.04783388219414083 0.096520675761786329 0.07504052045312104 -0.041973915658374779 -0.053224123660258464 0.020165003320492023 -0.038446494744914059 0.11140541319211805 0.091106673269085642 0.044535747133237935 -0.0057616953400632283 0.083202249871023384 0.037488536826046928 0.060582137363061034 -0.056054053693931585 0.04414756405772545 -0.054969927911002185 0.052028337845913111 -0.060511973840023547 0.024023133664557435 0.070232172199688317 -0.054810964141450341 0.032725187969757888 0.041915269696006313 -0.053380259154913727 0.055390215828203283
leaf_weight=2.0473058074712744 3.6495944336056709 12.02101953327656 5.7534221746027532 63.797364920377731 7.2933946885168544 5.6703848987817791 2.856250733137137 7.1898440755903632 5.5003351047635061 1.3466443456709383 3.1314909011125556 3.1386954300105563 5.9679629690945095 3.8601421117782593 3.8024052083492368 3.2196314297616473 2.9083951003849506 7.1749903783202171 2.8757734745740873 2.6586499139666557 4.6997249722480756 4.1172845289111137 2.9957626760005951 3.0909178890287876 3.5308609381318092 2.4277583062648773 3.5658919252455235 5.305215023458004 6.5488694719970209 13.104964062571524
leaf_count=12 43 50 112 1376 116 24 20 92 103 22 53 17 32 24 29 20 25 32 36 15 70 28 26 18 18 37 25 30 121 63
internal_value=-0.00116319 0.0264655 -0.0316869 -0.0456269 -0.00270614 0.010795 0.0305446 0.00166584 0.0103267 0.0176518 0.0268136 0.0315876 0.0252722 -0.0128033 0.0413079 0.0232534 -0.0190879 0.0562811 0.0307528 -0.00791877 -0.016109 0.00740575 0.00887081 -0.0175836 0.0308282 -0.0268944 -0.00273177 0.0679569 -0.0408365 0.069194
internal_weight=205.251 107.735 97.5164 65.8447 31.6717 24.3783 18.6249 12.9545 69.8992 58.4052 45.9386 42.8071 39.6684 11.7557 27.9128 16.6396 10.0982 37.8354 12.7094 5.53442 12.4666 7.76688 13.4199 6.08668 7.33327 11.494 5.99365 11.2732 7.89551 25.126
internal_count=2689 912 1777 1388 389 273 161 137 716 551 410 357 340 167 173 111 117 196 83 51 141 71 91 44 47 165 62 62 143 113
is_linear=0
shrinkage=0.05


Tree=17
num_leaves=31
num_cat=0
split_feature=5 5 0 3 4 15 3 3 16 14 12 13 4 3 15 14 15 13 2 5 11 11 2 13 15 3 1 3 3 5
split_gain=64.5438 23.0662 14.3621 8.25896 11.309 7.65106 14.2517 6.91334 7.37087 6.71946 8.1085 5.16937 4.69665 10.3598 5.22449 4.68969 6.65051 5.88385 4.38853 4.36914 5.6512 6.34579 4.40838 4.10011 3.96409 3.65371 3.30623 3.29379 3.2142 2.03375
threshold=12.132043734230477 98.851739277271221 1.0000000180025095e-35 -7.176252769025079 1.0000000180025095e-35 0.33582402597381633 1.2124235782394699 1.6796348742759728 -0.00023964999999999997 -0.66513727561387304 -18.724000000162047 -0.82871674096451298 49.742268041237146 1.6293323874327645 -0.77788107931369388 0.74721529131356756 1.6425899716174259 0.3906859985434889 -0.31533118942767119 29.62962962962952 -186827.49999999997 3967732.0000000005 0.31943227151629522 -1.5806959713258524 -1.2554193238977274 -0.43484149010431078 0.20898554188137658 -1.1410095063876005 2.3796811021745436 4.7619047619052344
decision_type=2 2 2 2 2 2 2 2 2 2 2 2 2 2 2 2 2 2 2 2 2 2 2 2 2 2 2 2 2 2
left_child=2 5 29 -4 18 7 15 9 -9 10 -2 -6 -3 14 -14 17 -17 19 -5 -7 25 22 27 -11 -15 -21 -10 -22 -28 -1
right_child=1 12 3 4 11 6 -8 8 26 23 -12 -13 13 24 -16 16 -18 -19 -20 20 21 -23 -24 -25 -26 -27 28 -29 -30 -31
leaf_value=-0.051492172515853321 0.063811345145400877 0.076457996080259161 -0.052977680543070643 0.095559630948063218 0.031475823014243197 -0.015471317933858423 -0.045989291413166995 -0.054948290081215094 -0.0038951260261409662 0.020271935398963145 -0.034819152847166877 -0.05593098210810446 -0.057609729282977744 0.078570947456086532 0.031407890029587764 0.089872316409943268 0.013933267834144031 -0.043621817059983248 0.012358395499864151 0.033404036401964793 -0.0021712122879900581 0.084943967806451637 -0.040554681450719256 -0.050797882155357493 0.027695959938314488 0.10255132121513444 0.099923772240683162 0.063030056744361962 0.027951189666328757 0.0068210064282780139
leaf_weight=55.570135861635208 4.0313861072063446 14.191367253661154 5.3828326314687756 4.415234699845314 2.6788086481392392 4.789641007781035 7.060654502362012 2.3941111713647834 2.5482145734131318 2.3343378491699722 4.3133814260363597 4.5898871794342986 3.2982130721211433 10.96501472592354 3.2949250414967564 6.7686569020152074 5.0224776901304722 3.2108503840863696 2.4723737090826017 3.4430533051490784 4.8058364652097243 2.9380240291357032 3.9188516885042182 15.534634053707121 5.8833260536193839 4.2916476726532045 3.0863151140511036 3.2447659820318151 3.1188150718808174 1.5365601554512966
leaf_count=1288 36 59 110 19 26 58 136 38 27 25 58 58 40 47 19 33 33 46 32 25 36 14 24 271 31 19 19 17 24 21
internal_value=-0.00116556 0.021059 -0.0372629 -0.000260831 0.0197844 0.00689203 0.0197853 -0.0101884 0.0227938 -0.0242142 0.0128296 -0.023718 0.0537562 0.0400126 -0.0131231 0.0307297 0.0575258 0.0204187 0.0656937 0.0279145 0.0370922 0.0190993 0.0029371 -0.0415136 0.0608057 0.0717708 0.0440569 0.0241079 0.063749 -0.0499231
internal_weight=201.134 124.489 76.6458 19.5391 14.1563 86.8557 49.4945 37.3612 11.1475 26.2137 8.34477 7.2687 37.6328 23.4415 6.59314 42.4338 11.7911 30.6427 6.88761 27.4318 22.6422 14.9075 11.9695 17.869 16.8483 7.7347 8.75334 8.0506 6.20513 57.1067
internal_count=2689 1135 1554 245 135 939 441 498 108 390 94 84 196 137 59 305 66 239 51 193 135 91 77 296 78 44 70 53 43 1309
is_linear=0
shrinkage=0.05


Tree=18
num_leaves=31
num_cat=0
split_feature=5 5 0 13 3 4 14 15 13 5 5 13 16 5 4 2 6 15 14 15 2 14 2 3 3 13 15 8 3 13
split_gain=60.0553 21.1254 13.8172 8.27617 7.75567 10.2977 7.66207 11.6854 5.86571 5.64653 10.4624 4.85782 4.64999 4.68317 4.61888 8.32984 9.212 4.44114 5.80687 4.41106 4.083 3.97506 4.85406 4.12398 3.64736 3.38105 3.37244 5.74386 3.13107 2.91339
threshold=12.132043734230477 96.225071225071147 1.0000000180025095e-35 1.052878195260343 -7.176252769025079 1.0000000180025095e-35 0.8112322795882404 0.092560846337422509 -0.21588632132121502 19.399641577060514 48.07407407407397 -0.82871674096451298 -0.00071270499999999989 30.602006688963332 49.742268041237146 0.98939718780083363 -0.68335759291713305 -0.89411303720323221 1.0000000180025095e-35 0.51009753632938992 -0.31533118942767119 -0.67409162478336115 -0.29832889347876207 -0.88669261202728789 -0.30873825469830307 -0.96207516652219516 -1.2554193238977274 0.97461590563593326 -0.71977912636540531 -1.0871548213505959
decision_type=2 2 2 2 2 2 2 2 2 2 2 2 2 2 2 2 2 2 2 2 2 2 2 2 2 2 2 2 2 2
left_child=2 3 29 6 -4 20 7 17 12 -8 28 -7 25 -14 -3 16 -16 18 -2 24 -6 23 -23 -15 -10 -9 -17 -28 -11 -1
right_child=1 14 4 -5 5 11 9 8 19 10 -12 -13 13 21 15 26 -18 -19 -20 -21 -22 22 -24 -25 -26 -27 27 -29 -30 -31
leaf_value=0.032112712188471643 0.093623077415504921 0.073661489960871268 -0.052825975948499061 -0.034133976792190247 0.092015902996020776 0.029284511321238983 0.097585020889394664 0.027786328462054456 -0.027714259421995305 0.02118369407902234 0.058034231660777237 -0.055620704234910549 -0.0097311445744976272 0.12471799179611157 0.057893635168228541 0.074966497450867906 -0.06094207562347026 -0.053394780473624226 -0.053202238899676159 -0.05513083125887637 0.011686779969578169 -0.020598890203477896 0.052966299882475101 0.049437066280125952 0.055424937763148587 -0.046907934567346807 -0.020815591986434463 0.064721360888551349 -0.04298157372305194 -0.051325672690724758
leaf_weight=1.0670461989939202 1.3162773512303823 13.998475834727286 5.1346417032182243 11.082012448459862 4.3574443161487579 2.7338204942643651 3.259548686444762 2.8728524148464203 2.708094447851181 3.1615636944770813 10.931798372417687 4.3897751346230498 4.2149166464805665 2.7327056154608727 2.8509274087846279 9.9014240279793757 3.8104870431125191 10.572233367711304 1.3788185082376001 4.3689071238040924 2.4834406897425634 3.4296798929572105 6.4770558625459653 5.4422691762447375 2.5721650533378142 3.2053965181112245 3.1948255971074087 5.088616244494915 4.7691925056278732 53.500853154808283
leaf_count=10 18 59 110 177 19 26 24 18 28 25 76 58 52 14 17 44 39 201 27 66 32 29 38 35 18 29 23 30 48 1299
internal_value=-0.00116239 0.0201724 -0.0368831 0.00614204 -0.000281094 0.0190393 0.0122218 0.00161353 0.0157107 0.0368178 0.0263169 -0.0230367 0.0271627 0.0377308 0.0506914 0.03775 -0.0100832 -0.0387888 0.0185068 -0.0179655 0.0628541 0.0487944 0.0274983 0.0746017 0.0127852 -0.0116041 0.0552721 0.0317308 -0.0174024 -0.0496941
internal_weight=197.007 123.34 73.667 84.4955 19.0991 13.9645 73.4135 51.2914 38.024 22.1221 18.8626 7.1236 28.3749 22.2966 38.8448 24.8463 6.66141 13.2673 2.6951 9.64917 6.84089 18.0817 9.90674 8.17497 5.28026 6.07825 18.1849 8.28344 7.93076 54.5679
internal_count=2689 1135 1554 923 245 135 746 573 327 173 149 84 215 168 212 153 56 246 45 112 51 116 67 49 46 47 97 53 73 1309
is_linear=0
shrinkage=0.05


Tree=19
num_leaves=31
num_cat=0
split_feature=5 5 0 3 4 15 3 3 16 14 12 13 15 14 13 13 11 16 3 4 13 15 5 1 13 2 12 15 10 13
split_gain=55.8681 19.4345 13.2931 7.28777 9.395 6.58556 12.571 6.18271 6.39698 6.18186 7.00446 4.57145 4.54819 4.98093 5.07295 4.54391 6.2893 4.49976 5.19998 7.52421 4.32948 5.79869 4.3208 4.26774 3.93252 3.81961 3.03258 3.02874 7.89891 2.93749
threshold=12.132043734230477 98.851739277271221 1.0000000180025095e-35 -7.176252769025079 1.0000000180025095e-35 0.33582402597381633 1.8357764770410256 1.6796348742759728 -0.00023964999999999997 -0.66513727561387304 -18.724000000162047 -0.82871674096451298 1.8978170093819877 0.8112322795882404 0.3906859985434889 1.8055065347821584 808175.50000000012 -0.00072679999999999989 0.25547887683089793 54.34782608695658 -0.73634581995204684 0.52112294103040868 44.862772695285322 0.28493098141522238 -1.5806959713258524 -0.31533118942767119 442.9424999998883 -1.2554193238977274 -1.0000000180025095e-35 -1.1422995312779205
decision_type=2 2 2 2 2 2 2 2 2 2 2 2 2 2 2 2 2 2 2 2 2 2 2 2 2 2 2 2 2 2
left_child=2 5 29 -4 25 7 12 9 -9 10 -2 -6 13 14 17 27 -17 23 19 20 -19 -22 -14 -7 -11 -5 -10 -3 -29 -1
right_child=1 15 3 4 11 6 -8 8 26 24 -12 -13 22 -15 -16 16 -18 18 -20 -21 21 -23 -24 -25 -26 -27 -28 28 -30 -31
leaf_value=0.03364356610818902 0.05766677984060592 0.07505394823133163 -0.052682324087925253 0.088874442495370076 0.027290823733370995 0.02943791610783611 -0.052673200482872676 -0.054589069764638301 0.018833489530687628 0.019532225261716739 -0.034092714003461491 -0.055327760554297716 -0.045897180785966725 0.067105228574817363 -0.041321876059474329 0.04980847573601814 -0.032653739908296918 0.07503705018931299 0.09941130664830887 -0.035495505777565335 0.054080118756570476 -0.041585140566387138 0.034755623476912488 -0.062633708752008632 -0.050437187712581599 0.01105436743935403 0.080156388167737 0.090092383602980775 0.0050343933576336916 -0.051169116737130663
leaf_weight=1.0417424626648415 4.1577273681759834 15.332554608583449 4.8972041346132782 4.2876432240009308 2.7854751646518716 2.8511917106807223 5.5555314421653739 2.2252306230366221 5.7812341116368753 2.3271534182131317 4.1613067761063594 4.1972327902913085 3.7905237376689902 8.7219211310148221 2.6987033039331427 6.7131214551627618 3.5270921289920807 6.8574602380394989 3.2371315807104102 3.4649179652333251 4.2869404368102622 2.5123284496366978 2.9552964866161346 2.253238670527935 14.649119302630423 2.493962995707987 3.0955886207520962 4.7144528776407242 6.4826060160994547 51.092464782297611
leaf_count=9 36 69 110 19 26 24 119 38 53 25 58 58 38 47 41 36 33 40 16 23 29 28 20 16 271 32 17 20 38 1300
internal_value=-0.00116016 0.0192951 -0.0365118 -0.000298507 0.0183391 0.00623324 0.0181646 -0.00989013 0.0212158 -0.0235424 0.0117673 -0.0223703 0.0271847 0.0340887 0.0238632 0.0496967 0.0214056 0.0307718 0.0412964 0.0303088 0.0470044 0.0187318 -0.0105638 -0.0112051 -0.0408456 0.0602558 0.0402184 0.0606168 0.0408475 -0.0494744
internal_weight=193.148 122.352 70.7957 18.6615 13.7643 85.5825 49.1852 36.3974 11.1021 25.2953 8.31903 6.98271 43.6297 36.8838 28.1619 36.7698 10.2402 25.4632 20.3588 17.1216 13.6567 6.79927 6.74582 5.10443 16.9763 6.78161 8.87682 26.5296 11.1971 52.1342
internal_count=2689 1135 1554 245 135 939 441 498 108 390 94 84 322 264 217 196 69 176 136 120 97 57 58 40 296 51 70 127 58 1309
is_linear=0
shrinkage=0.05


Tree=20
num_leaves=31
num_cat=0
split_feature=5 5 0 3 4 15 3 14 14 12 16 12 7 2 13 13 14 15 14 5 6 1 11 9 13 13 13 1 8 15
split_gain=52.0265 17.8412 12.7866 6.85205 8.58558 5.9779 11.5857 5.99549 7.76758 6.28335 5.80621 6.18408 5.46885 8.17469 4.30739 4.23541 5.55332 4.05841 4.34209 3.9826 3.75853 4.97395 4.74809 4.08747 3.72379 3.25372 2.82046 2.75064 2.20777 3.9796
threshold=12.132043734230477 98.851739277271221 1.0000000180025095e-35 -7.176252769025079 1.0000000180025095e-35 0.33582402597381633 1.8357764770410256 0.96183117241880223 -0.66513727561387304 -18.724000000162047 -0.00023964999999999997 -229.7700000000186 -0.1984399149046884 0.68925690827545749 -0.82871674096451298 1.7234265338006429 -1.527525302664428 1.8978170093819877 0.8112322795882404 44.862772695285322 0.21186347911313227 -0.3221995881146798 -1660178.4999999998 1.9353710904967338 0.1225819257936118 -0.34931427299357615 -1.1422995312779205 1.1016008714646668 0.35802447404050336 -1.1227760240494475
decision_type=2 2 2 2 2 2 2 2 2 2 2 2 2 2 2 2 2 2 2 2 2 2 2 2 2 2 2 2 2 2
left_child=2 5 26 -4 24 7 17 8 9 -2 -9 -12 -13 -14 -6 28 -17 18 20 -19 21 22 -7 -22 -5 -23 -1 -18 -3 -30
right_child=1 15 3 4 14 6 -8 10 -10 -11 11 12 13 -15 -16 16 27 19 -20 -21 23 25 -24 -25 -26 -27 -28 -29 29 -31
leaf_value=0.031274866098067969 0.051375560507192747 0.074551052411422736 -0.052546263736680601 0.0142993284049558 0.025470608069704866 -0.042805579772524971 -0.052536581041017209 -0.05516501758521121 -0.053130142147516525 -0.034154773946355292 -0.043710129115553491 0.09571441961482044 -0.054894134047330949 0.059687034010656941 -0.055051067930038847 0.071180577140124712 -0.027278582767185845 -0.045092465844302737 0.062753035426245482 0.032698383496500637 -0.012644708363008676 0.082954217311117642 0.050320197333937736 0.059153016193081553 0.089701174538104056 0.026277285444475391 -0.051014935570058532 0.03653531051981506 0.067713832183039765 0.011915517565153725
leaf_weight=1.0640119947493065 4.3481422513723373 12.068787276744844 4.6701221317052868 2.8341714069247228 2.8340093381702909 2.9595476090908051 5.2979801557958117 2.5172904618084422 12.011479780077936 4.2423193827271444 2.4338420480489722 3.496822599321602 2.4227239899337292 4.3543498851358891 4.0120905525982371 3.7665466517210007 4.5641204155981523 3.6683786921203128 8.8568323999643308 2.9834187217056751 9.8110575638711435 6.0042888931930021 2.5463932417333082 2.4842587374150744 3.8777945041656494 4.3791029825806715 48.743850633502007 2.6803688406944275 7.8437462598085386 5.392262265086174
leaf_count=9 38 55 110 34 26 30 119 38 251 61 24 25 35 26 58 18 42 38 47 20 88 32 22 15 17 30 1300 14 36 31
internal_value=-0.00115604 0.0184953 -0.0361441 -0.000313467 0.0176783 0.00593929 0.0172906 -0.00958293 -0.0271663 0.0091372 0.0142102 0.0279529 0.0449295 0.0187256 -0.0217183 0.0478208 0.0219353 0.0257574 0.0322149 -0.0102022 0.0226185 0.0386802 0.000263326 0.00186196 0.0578623 0.0590512 -0.049257 -0.00366825 0.0590846 0.044982
internal_weight=189.17 121.134 68.0361 18.2282 13.5581 84.8182 48.9913 35.827 20.6019 8.59046 15.225 12.7077 10.2739 6.77707 6.8461 36.3158 11.011 43.6933 37.0415 6.6518 28.1846 15.8893 5.50594 12.2953 6.71197 10.3834 49.8079 7.24449 25.3048 13.236
internal_count=2689 1135 1554 245 135 939 441 498 350 99 148 110 86 61 84 196 74 322 264 58 217 114 52 103 51 62 1309 56 122 67
is_linear=0
shrinkage=0.05


Tree=21
num_leaves=31
num_cat=0
split_feature=5 5 0 13 13 14 9 15 16 11 1 16 15 3 9 12 2 4 15 10 14 10 12 12 14 3 14 13 14 12
split_gain=48.5932 17.5139 12.798 8.68747 6.62907 7.2469 6.09088 6.00466 6.67046 4.51095 5.70448 4.35722 4.30587 7.53993 4.11005 5.2562 4.03348 7.0354 7.82137 7.73297 3.82817 3.59984 3.54091 5.02865 3.34423 4.45486 3.36626 3.24531 2.89377 2.59147
threshold=4.4994944388272105 98.851739277271221 1.0000000180025095e-35 -0.39292802975557434 -0.22085052101617236 0.97807448940327746 -0.3061971351016825 0.429023457850919 -6.2419999999999989e-05 6103790.0000000009 0.28493098141522238 -0.00043274999999999992 0.60662304898865127 -2.6478550493283017 0.16209665234187831 178.14599999994974 5.1958015389559042 49.742268041237146 -1.2554193238977274 0.273146773324559 -0.65217846391738732 2.2453482239358622 -229.7700000000186 -16.16749999998137 0.9891241151737048 -0.78842567194533664 -1.8280799841673969 0.25768623171376975 -0.78734461969441749 521.03599999984738
decision_type=2 2 2 2 2 2 2 2 2 2 2 2 2 2 2 2 2 2 2 2 2 2 2 2 2 2 2 2 2 2
left_child=2 4 -1 -4 7 21 -7 8 20 10 12 -12 -9 -14 -10 -16 17 -3 -19 -20 28 -6 -8 -24 25 -15 -27 -5 -2 -25
right_child=1 16 3 27 5 6 22 9 14 -11 11 -13 13 24 15 -17 -18 18 19 -21 -22 -23 23 29 -26 26 -28 -29 -30 -31
leaf_value=-0.050886893838173998 -0.021212703026266058 0.067700610117042814 -0.04364595878700938 0.072584232649984801 -0.037449217898122167 -0.053504230330835713 -0.027181646013925601 0.082403923382645627 0.063946341548312191 0.083181553958300805 -0.061069844917063992 0.026094444514705623 -0.041445533241719394 -0.017954585986434124 -0.041373208303553372 0.066039911376415836 0.093013855348976604 0.054452363982915544 0.051966562136355303 -0.042071190638683302 -0.049390197871474181 0.051942530934537816 0.08708242291844126 -0.011928499511202737 0.087314846055424958 0.012447352396389284 0.081882371987507516 0.0080789133073156504 0.053368016657491052 0.04511824602181095
leaf_weight=46.119345217943192 3.7460285164415836 13.323512941598894 5.4471123442053795 3.7006129622459394 18.73255537822843 2.9105437882244614 2.5663975849747667 3.9723544158041575 4.4153817296028119 3.5830970406532279 3.0895934589207172 2.6751842126250258 3.4481876939535239 3.5208464898169121 3.1446626260876656 1.7856559008359907 4.0391540378332129 8.7496013417840022 3.2875888906419259 6.5253426767885685 7.6198644116520899 1.1982749588787545 3.5685759112238884 4.1152074225246871 3.063109014183282 3.1525996513664802 3.9109910503029575 4.121509026736021 1.9923706315457819 3.8563457950949669
leaf_count=1288 44 59 128 19 321 54 20 21 40 15 25 24 48 33 40 15 18 51 21 47 140 14 23 42 16 21 21 38 21 22
internal_value=-0.00115083 0.0164245 -0.0384369 0.00483517 0.00465103 -0.0116136 0.012351 0.015964 -0.00349339 0.030488 0.0234516 -0.0206207 0.035511 0.0246149 0.0289082 -0.00247047 0.0459416 0.0399787 0.0200809 -0.0105661 -0.0261622 -0.0320748 0.0259387 0.0377521 0.0413058 0.0279909 0.0508924 0.0385961 0.0046817 0.0156686
internal_weight=185.382 125.993 59.3886 13.2692 90.0678 36.9479 17.0171 53.1199 22.704 30.416 26.8329 5.76478 21.0681 17.0957 9.3457 4.93032 35.9252 31.886 18.5625 9.81293 13.3583 19.9308 14.1065 11.5401 13.6475 10.5844 7.06359 7.82212 5.7384 7.97155
internal_count=2689 1216 1473 185 1020 496 161 524 300 224 209 49 160 139 95 55 196 178 119 68 205 335 107 87 91 75 42 57 65 64
is_linear=0
shrinkage=0.05


Tree=22
num_leaves=31
num_cat=0
split_feature=5 5 0 13 13 14 15 16 1 14 3 13 14 4 15 10 9 13 8 1 14 13 13 14 15 10 7 14 10 11
split_gain=45.3555 16.1172 12.3456 8.01129 6.06933 7.60802 5.81721 6.36156 4.90716 4.70335 4.17511 4.1628 5.44227 3.89982 5.52441 4.71481 3.65102 3.61576 3.51549 3.33683 5.2463 3.25362 2.98064 2.69379 2.67788 6.57566 2.59802 2.3598 2.00181 3.15923
threshold=4.4994944388272105 98.851739277271221 1.0000000180025095e-35 -0.39292802975557434 -0.13896653710141424 0.83816587047223157 0.429023457850919 -6.2419999999999989e-05 0.067262926198520548 -0.67409162478336115 -2.8219010266663571 1.8055065347821584 -1.527525302664428 55.440163581575611 1.6425899716174259 0.64330530798820151 -0.50299199273972384 5.758083415567139 -1.3290272387793134 -0.65733284556073723 1.0964527040757572 1.052878195260343 0.25768623171376975 1.1078977541756598 -1.2554193238977274 -1.0000000180025095e-35 -0.7633575328562946 -0.31995907614397134 1.2184648547532879 -959194.49999999988
decision_type=2 2 2 2 2 2 2 2 2 2 2 2 2 2 2 2 2 2 2 2 2 2 2 2 2 2 2 2 2 2
left_child=2 4 -1 -4 6 28 7 9 23 16 26 24 -13 14 18 -15 -2 -14 -12 -9 -21 -10 -5 -7 -3 -26 -8 -20 -6 -30
right_child=1 11 3 22 5 8 10 19 21 -11 13 12 17 15 -16 -17 -18 -19 27 20 -22 -23 -24 -25 25 -27 -28 -29 29 -31
leaf_value=-0.050737332832765047 -0.032577395939102381 0.06934986161077504 -0.043164020297441201 0.069591548942715992 -0.053134800320051627 0.036819118304367869 0.029710576747502677 0.087321512828375636 0.060522008477339677 -0.049445666064344349 0.018435246720208662 0.065267785653958785 -0.04508399691271097 -0.02938273836722052 -0.0003550900221856464 0.049180524686653404 0.03715686900089997 0.030414652258464611 0.04458744031323944 -0.031760036035752968 0.050150121379328866 0.0017945499262762418 0.0076578551096149168 -0.036422198125554049 0.08275516865247376 0.0039737758398024296 -0.042595563095269524 0.092698493951279132 0.026823243140483944 -0.053225027976294192
leaf_weight=43.996149029582739 3.4691091664135456 14.354822605848311 5.2378546372056007 3.6676040627062303 9.579323425889017 1.5961557514965559 2.1003940999507904 1.9047312065958975 5.1022532172501069 8.248943682760002 3.413441717624667 3.7228166460990906 3.4892433397471887 4.2326960377395144 4.5006542876362792 3.4796391502022743 4.0898153297603121 2.9071225523948669 3.8656962066888827 3.5296757631003839 4.3815309479832649 4.3856210447847843 4.1304820440709591 5.8810970634222031 4.5112932920455933 6.4152544811368006 3.0409184247255316 7.4814071394503117 2.4211633875966072 2.5108127333223811
leaf_count=1288 41 69 128 19 207 12 19 14 34 159 24 18 39 36 37 23 37 12 22 57 28 41 38 75 20 38 38 37 28 51
internal_value=-0.00114303 0.0157592 -0.0380745 0.00466234 0.0044322 -0.0132307 0.0140612 -0.00370627 0.00950393 -0.023338 0.0282375 0.044305 0.017204 0.0361083 0.0481385 0.00606331 0.00515287 -0.0107702 0.0629248 0.0279093 0.013605 0.0333762 0.0367866 -0.0207875 0.0551525 0.0365006 -0.0130561 0.0763082 -0.0398097 -0.0139284
internal_weight=181.648 124.616 57.0321 13.0359 89.2151 31.4764 57.7387 25.6238 16.9651 15.8079 32.1148 35.4006 10.1192 26.9735 19.2612 7.71234 7.55892 6.39637 14.7605 9.81594 7.91121 9.48787 7.79809 7.47725 25.2814 10.9265 5.14131 11.3471 14.5113 4.93198
internal_count=2689 1216 1473 185 1020 448 572 336 162 237 236 196 69 179 120 59 78 51 83 99 85 75 57 87 127 58 57 59 286 79
is_linear=0
shrinkage=0.05


Tree=23
num_leaves=31
num_cat=0
split_feature=5 5 0 13 13 14 15 16 1 14 10 13 14 1 15 3 2 12 14 14 9 5 13 15 4 7 7 15 8 11
split_gain=42.3702 15.073 11.5403 9.74859 6.07752 6.83822 5.66958 6.04237 4.52978 4.43652 4.28416 3.90934 4.02094 4.76708 3.8464 3.7453 3.97336 7.35007 3.29749 3.38815 3.10816 4.86025 3.00196 2.82135 3.55465 2.8197 2.15782 1.8342 1.76463 1.62021
threshold=3.6165577342052289 98.851739277271221 1.0000000180025095e-35 -0.39292802975557434 -0.21588632132121502 0.83816587047223157 0.38924116716057378 -6.2419999999999989e-05 0.067262926198520548 1.0848866840632383 2.3671623291527841 1.4169452639388258 -1.6680496355663694 1.6888069903532614 1.5551782014739166 -2.8219010266663571 0.47295625841732586 396.73999999999074 -0.65217846391738732 -0.78734461969441749 0.16209665234187831 62.115563839702155 1.052878195260343 1.6425899716174259 50.735453168937944 -0.85242775144982352 1.4532802528082287 -1.0440072316923954 -1.3290272387793134 -3593819.9999999995
decision_type=2 2 2 2 2 2 2 2 2 2 2 2 2 2 2 2 2 2 2 2 2 2 2 2 2 2 2 2 2 2
left_child=2 4 -1 -4 6 10 7 18 9 -7 26 27 -13 29 -5 25 23 -18 19 -2 -9 -22 -10 24 28 -8 -6 -3 -17 -14
right_child=1 11 3 14 5 8 15 20 22 -11 -12 12 13 -15 -16 16 17 -19 -20 -21 21 -23 -24 -25 -26 -27 -28 -29 -30 -31
leaf_value=-0.050586720939292444 -0.030504417892674548 0.064827877744551551 -0.052154007779452505 -0.001238716850695607 -0.044664293070085709 0.053728246794748663 0.034468700024672255 0.053004001378735566 0.057198738090107781 -0.037496791652975377 0.06381128134604068 0.062515539743224643 0.008739973199720601 0.059148727995363228 0.072258837254780259 0.037478994083272571 -0.042506493596756997 0.065847858430195735 -0.053216550765145788 0.051261866979251274 -0.041485752797019729 0.061513252741629443 0.0017031078235357541 0.012927779634969234 0.012472272636260533 -0.042157665498704505 0.031527025920597126 0.034034206648544528 0.080493903670977168 -0.044439388805990902
leaf_weight=41.839663811028004 3.4409423246979713 15.473606668412684 4.5435525812208652 3.0863822288811189 15.698312643915418 1.6913078799843813 1.9884002581238744 4.7490646727383119 5.4772491157054883 6.2869375720620155 1.0534567981958378 3.8508247733116141 2.3778113275766364 2.4810474738478661 4.2059709280729294 3.2475337162613895 3.8875408060848704 2.6197913289070129 6.4602055586874503 2.0052629671990871 3.1199399083852768 1.8096694611012933 4.3899237364530563 4.9436858780682078 3.5909442380070677 3.0300966277718535 0.98774385824799615 7.0339897051453617 8.9694490432739276 3.6018054112792006
leaf_count=1284 44 76 122 32 308 11 19 42 37 81 10 18 10 12 20 23 37 14 137 20 40 15 41 39 21 39 11 37 46 43
internal_value=-0.0011322 0.0149029 -0.0382558 0.00533385 0.00403823 -0.0119964 0.0146317 -0.00520523 0.00985683 -0.018158 -0.0339801 0.0428134 0.0201606 0.000883001 0.0411521 0.0278974 0.0352053 0.00111596 -0.0290566 -0.00039852 0.0241361 -0.00367461 0.0325086 0.0458951 0.0562052 -0.0117972 -0.0401541 0.0552044 0.0690596 -0.0232925
internal_weight=177.942 124.267 53.6756 11.8359 89.4475 35.5849 53.8625 21.5851 17.8454 7.97825 17.7395 34.8191 12.3115 8.46066 7.29235 32.2774 27.2589 6.50733 11.9064 5.44621 9.67867 4.92961 9.86717 20.7516 15.8079 5.0185 16.6861 22.5076 12.217 5.97962
internal_count=2689 1231 1458 174 1035 499 536 298 170 92 329 196 83 65 52 238 180 51 201 64 97 55 78 129 90 58 319 113 69 53
is_linear=0
shrinkage=0.05


Tree=24
num_leaves=31
num_cat=0
split_feature=5 5 0 13 13 14 3 15 16 1 14 4 3 15 15 4 15 10 15 9 14 9 2 13 11 9 10 10 10 11
split_gain=39.642 13.8339 11.0598 9.10902 5.59549 6.55329 5.70651 6.16843 5.32469 4.4005 4.25912 3.67474 7.49061 4.13986 3.63444 3.51877 6.70889 3.69997 3.04571 2.94724 2.92532 2.76871 5.97311 2.58113 2.09033 2.70197 3.04617 2.69864 1.96207 2.85893
threshold=3.6165577342052289 98.851739277271221 1.0000000180025095e-35 -0.39292802975557434 -0.13896653710141424 0.83816587047223157 -3.3979406402213441 0.38924116716057378 -6.2419999999999989e-05 0.067262926198520548 -0.66513727561387304 49.742268041237146 1.6293323874327645 -0.77788107931369388 1.5551782014739166 55.440163581575611 1.8978170093819877 0.64330530798820151 -1.2554193238977274 -0.50299199273972384 1.0848866840632383 0.16209665234187831 0.68925690827545749 1.052878195260343 -2008660.4999999998 -1.1621884346750135 -0.99108743168350377 0.29585562215546962 1.2184648547532879 -959194.49999999988
decision_type=2 2 2 2 2 2 2 2 2 2 2 2 2 2 2 2 2 2 2 2 2 2 2 2 2 2 2 2 2 2
left_child=2 4 -1 -4 6 28 -2 8 10 20 19 -3 13 -13 -5 16 24 -17 -14 -8 -7 -10 -23 -11 -9 -26 -27 -28 -6 -30
right_child=1 11 3 14 5 9 7 15 21 23 -12 12 18 -15 -16 17 -18 -19 -20 -21 -22 22 -24 -25 25 26 27 -29 29 -31
leaf_value=-0.050441535844477352 -0.055370008908522721 0.062765137627005127 -0.052045513091216682 -0.0011776746550480064 -0.052850996466187454 0.042325351826666288 -0.030937146528079856 0.021690965701091927 0.052723951606310521 0.053700249358827334 -0.053049922893181424 -0.057915185332032562 0.065444449394156862 0.022363111558799952 0.07072648026356583 -0.029311677671380539 -0.029506344674445378 0.038643310629381873 0.019769945556434926 0.034026344196032544 -0.03650585582087091 -0.041626790498677915 0.068370358526538721 0.0016164086513822751 0.11872489400243316 0.014954929427945757 0.09336558786981497 0.041861092025522309 0.024116292706737482 -0.052976974359071484
leaf_weight=39.910797465592623 2.8957393597811452 12.557026401162146 4.3307429105043411 3.0840973071753961 8.9538512881845254 1.4592459201812769 3.2985962443053722 4.6868464611470761 4.7011734731495363 5.1864110119640809 6.3667118176817921 3.1133568696677685 9.425239369273184 3.3168510347604778 4.0853017568588257 4.2734975107014161 2.9599434509873381 3.7702630609273911 5.9565653502941123 3.7089864723384371 6.0809278711676598 3.2690905518829823 1.9827072061598299 4.3940078988671303 1.7276395261287749 3.9092238992452666 4.9454098194837464 5.2360060028731823 2.4797692708671093 2.3348691426217547
leaf_count=1284 43 59 122 32 211 10 41 35 40 34 144 40 47 19 20 37 29 25 31 34 80 45 14 41 9 26 25 32 29 51
internal_value=-0.00112225 0.01429 -0.0379929 0.00520961 0.00384706 -0.0133291 0.0130371 0.0166494 -0.00284038 0.00732379 -0.0234479 0.0412173 0.0288123 -0.0165058 0.0397951 0.0310786 0.0408615 0.00254011 0.0477571 0.00344685 -0.0212497 0.024851 -9.96506e-05 0.0298123 0.0510192 0.0597089 0.052473 0.0668783 -0.0390102 -0.0132703
internal_weight=174.401 122.99 51.4109 11.5001 88.6209 30.8891 57.7318 54.8361 23.3273 17.1206 13.3743 34.369 21.812 6.43021 7.1694 31.5088 23.4651 8.04376 15.3818 7.00758 7.54017 9.95297 5.2518 9.58042 20.5051 15.8183 14.0906 10.1814 13.7685 4.81464
internal_count=2689 1231 1458 174 1035 456 579 536 318 165 219 196 137 59 52 218 156 62 78 75 90 99 59 75 127 92 83 57 291 80
is_linear=0
shrinkage=0.05


Tree=25
num_leaves=31
num_cat=0
split_feature=5 5 0 13 13 14 3 15 8 8 1 4 13 2 4 15 10 15 14 4 15 10 16 7 14 15 3 13 3 9
split_gain=37.1194 12.7829 10.599 8.51681 5.10675 6.17123 5.30413 5.54521 4.46566 6.27973 3.98435 3.88265 7.63115 3.64643 6.06796 6.45057 6.45015 3.44143 3.12665 2.94433 4.96416 3.14861 2.77682 2.22831 2.22018 2.668 3.78073 2.15035 2.11986 2.24489
threshold=3.6165577342052289 98.851739277271221 1.0000000180025095e-35 -0.39292802975557434 -0.13896653710141424 0.83816587047223157 -3.3979406402213441 0.429023457850919 -1.3290272387793134 -1.0700253261002952 0.16065215483008169 52.247474747474641 -0.71633862863656861 5.1958015389559042 49.742268041237146 -1.2554193238977274 0.273146773324559 1.5551782014739166 1.0848866840632383 55.440163581575611 1.6425899716174259 0.64330530798820151 -0.00030175499999999996 -0.75525961986443113 0.74721529131356756 0.59282113379318557 -1.2867134590883194 -0.98950303657614136 3.6589641179602803 1.2982713489572555
decision_type=2 2 2 2 2 2 2 2 2 2 2 2 2 2 2 2 2 2 2 2 2 2 2 2 2 2 2 2 2 2
left_child=2 4 -1 -4 6 -6 -2 8 -8 -10 18 27 -13 14 -3 -16 -17 -5 -7 20 24 -21 -14 -22 25 -9 -27 -11 29 -12
right_child=1 13 3 17 5 10 7 19 9 11 28 12 22 -15 15 16 -18 -19 -20 21 23 -23 -24 -25 -26 26 -28 -29 -30 -31
leaf_value=-0.050298035479333772 -0.055095619077615413 0.06105097246065521 -0.051942658425743637 -0.0011195983413776764 -0.038499487301995317 0.044504453918423226 -0.057106620421495037 0.072986341898051851 0.070905598388333976 0.0014860648653786189 0.018442354919900036 -0.054015291260701793 0.0059683926150178373 0.086079585951085336 0.048402969697386306 0.044457058436025709 -0.041643406777867577 0.069328416913426935 -0.031079393887922264 -0.027065457696126113 0.027381164337571408 0.036238197137141291 0.074942230007696647 -0.039941779472778334 0.085705503091474858 -0.012514592633256008 0.052784740394322488 -0.04829893206522981 -0.0061594185624951579 0.081156714974887134
leaf_weight=38.069920407608151 2.7678836919367305 12.271401986479761 4.1274814996868372 3.0819258168339712 13.272021401673557 1.6962145380675808 3.19520643539727 4.7110900133848288 3.1931708008050945 3.628993578255181 2.9457681924104673 2.5648350864648819 2.3620698805898428 3.7903154343366614 8.0371852256357688 3.3047969900071603 6.3638384565711021 3.9624166190624237 7.0761790163815022 4.0454672127962104 2.5369924865663052 3.8181875944137573 3.8176186159253103 2.3841840364038935 3.7473857328295699 3.6857380568981224 5.5612830370664526 5.3911136705428335 2.5293614901602268 2.7674998864531517
leaf_count=1284 43 59 122 32 291 11 50 25 28 47 30 52 34 18 51 21 47 20 88 36 18 25 31 25 17 35 30 83 23 13
internal_value=-0.0011129 0.0137322 -0.0377317 0.00509005 0.00366728 -0.0129445 0.0124308 0.0158512 -0.00204478 0.0063499 0.00698879 -0.00525391 0.0184868 0.0398721 0.0340296 0.0153019 -0.0122138 0.0385072 -0.0164646 0.0300276 0.0391874 0.00367155 0.0485783 -0.00523508 0.0515344 0.0423604 0.0267573 -0.0282693 0.0319496 0.0488211
internal_weight=170.708 121.466 49.2417 11.1718 87.6983 30.287 57.4112 54.6433 24.153 20.9578 17.015 17.7646 8.74452 33.7675 29.9772 17.7058 9.66864 7.04434 8.77239 30.4903 22.6267 7.86365 6.17969 4.92118 17.7055 13.9581 9.24702 9.02011 8.24263 5.71327
internal_count=2689 1231 1458 174 1035 456 579 536 325 275 165 247 117 196 178 119 68 52 99 211 150 61 65 43 107 90 65 130 66 43
is_linear=0
shrinkage=0.05


Tree=26
num_leaves=31
num_cat=0
split_feature=5 5 0 13 13 14 3 15 16 14 13 15 1 15 2 4 15 15 12 3 3 15 9 9 2 9 10 14 13 5
split_gain=34.7641 11.8115 10.1573 7.96761 4.65423 5.77009 4.9353 5.04535 4.51528 4.09582 3.77931 4.45877 3.67429 3.26483 3.19437 2.84604 4.31702 3.21763 2.69198 2.50291 2.45216 2.40261 5.78959 2.39911 5.13372 2.38703 2.27347 2.17544 2.2522 2.48553
threshold=3.6165577342052289 98.851739277271221 1.0000000180025095e-35 -0.39292802975557434 -0.13896653710141424 0.83816587047223157 -3.3979406402213441 0.38924116716057378 -6.2419999999999989e-05 -0.66513727561387304 1.8055065347821584 -0.66807160004152688 0.067262926198520548 1.5551782014739166 -1.1779030054115411e-05 55.440163581575611 1.6425899716174259 1.2683207639442335 -18.724000000162047 -0.69142102648939907 0.5368881764469754 -1.2554193238977274 0.43362730389006948 0.16209665234187831 0.68925690827545749 1.281053383112049 2.2453482239358622 0.74721529131356756 -0.97417620898726809 53.614982578397075
decision_type=2 2 2 2 2 2 2 2 2 2 2 2 2 2 2 2 2 2 2 2 2 2 2 2 2 2 2 2 2 2
left_child=2 4 -1 -4 6 26 -2 8 9 18 21 14 19 -5 -12 16 27 -17 -8 -7 -14 -3 -23 -10 -25 -22 -6 28 -9 -30
right_child=1 10 3 13 5 12 7 15 23 -11 11 -13 20 -15 -16 17 -18 -19 -20 -21 25 22 -24 24 -26 -27 -28 -29 29 -31
leaf_value=-0.050155848068354762 -0.054835923580738924 0.063900140944372866 -0.051845126047732552 -0.001064351371792165 -0.043388649230155556 0.020915102833454217 0.033449804830856279 0.066746626830715527 0.047868383915863087 -0.052834593419992082 0.032503348046431499 0.054797407453188597 0.062082394814496844 0.068049169294632075 -0.043105157616852942 -0.02955071690816562 -0.0050241333622301288 0.033899063852656376 -0.029040924933896213 -0.041071630359703779 -0.034676484551956363 0.061806440917161247 -0.013974514363299745 -0.040982544524667097 0.061020256713990972 0.030419204289598337 0.040766723559327894 0.081949523163857549 0.010925708841580319 0.06812175407291407
leaf_weight=36.313316032290459 2.6450461316853753 12.912797212600706 3.9333813525736332 3.0798622407019121 12.00480124540627 2.4592565558850774 3.6295818947255611 4.9679675623774591 4.8060115016996843 5.9415015783160952 2.2417524755001068 3.7864348068833333 3.2753631733357889 3.8382099121809006 3.70699193328619 3.9833635315299025 4.8886558152735224 4.009097047150135 3.2814743891358367 4.8207941353321093 2.107566062361002 6.3478511497378367 4.1800650805234909 3.1605913992971182 2.0231133252382278 4.2445204295217991 0.86003100872039873 3.7237540259957305 7.4303694777190703 2.551759235560894
leaf_count=1284 43 69 122 32 280 19 30 27 40 144 10 20 19 20 39 30 43 32 45 71 27 31 27 45 14 29 11 17 57 12
internal_value=-0.00110197 0.0131939 -0.0374717 0.00497466 0.00349629 -0.0125284 0.0118601 0.0151032 -0.00279426 -0.0223928 0.0385706 0.012384 0.00667231 0.0372805 -0.0146125 0.028059 0.0368045 0.00227632 0.00377826 -0.020132 0.0269411 0.0494462 0.0317179 0.0224208 -0.00117256 0.00882103 -0.0377628 0.0477549 0.0392377 0.0255469
internal_weight=167.155 119.991 47.1648 10.8515 86.8146 29.7723 57.0423 54.3972 22.8423 12.8526 33.1759 9.73518 16.9075 6.91807 5.94874 31.555 23.5625 7.99246 6.91106 7.28005 9.62745 23.4407 10.5279 9.98972 5.1837 6.35209 12.8648 18.6739 14.9501 9.98213
internal_count=2689 1231 1458 174 1035 456 579 536 318 219 196 69 165 52 49 218 156 62 75 90 75 127 58 99 59 56 291 113 96 69
is_linear=0
shrinkage=0.05


Tree=27
num_leaves=31
num_cat=0
split_feature=5 5 0 13 13 3 15 3 14 14 15 9 11 15 13 14 11 3 10 15 5 13 9 8 5 4 9 5 1 4
split_gain=32.5695 10.9122 9.7341 7.45761 4.32603 4.27697 4.46534 5.98963 4.6273 5.84234 5.30481 3.75813 4.04746 3.74987 3.57274 3.60329 4.28616 3.49086 3.54739 3.17914 4.03852 3.11656 3.04332 3.72779 4.92221 3.56683 2.99213 2.95913 2.17131 2.12966
threshold=3.6165577342052289 98.851739277271221 1.0000000180025095e-35 -0.39292802975557434 0.93130527228782733 -3.3979406402213441 0.33582402597381633 1.8839881585310023 1.2397425868390577 -0.66513727561387304 -0.75046220659069729 1.281053383112049 5087554.5000000009 0.092560846337422509 1.4169452639388258 0.14272086323753866 -2131287.4999999995 1.9369878040248583 -0.47080272825133984 1.8978170093819877 44.862772695285322 0.69051276170018827 0.52549609582351986 -0.7543522425221082 23.52941176470615 54.34782608695658 2.320818520630223 52.586975914362078 0.95678544282938638 42.575843225928018
decision_type=2 2 2 2 2 2 2 2 2 2 2 2 2 2 2 2 2 2 2 2 2 2 2 2 2 2 2 2 2 2
left_child=2 4 -1 -4 5 -2 8 19 9 10 -7 -6 -13 -12 -3 16 -16 18 -10 22 -21 -5 23 24 -8 27 -11 -24 -18 -25
right_child=1 14 3 21 11 6 7 -9 17 26 13 12 -14 -15 15 -17 28 -19 -20 20 -22 -23 25 29 -26 -27 -28 -29 -30 -31
leaf_value=-0.050014609056273862 -0.05448254669887264 0.049867262403745935 -0.051752630481109431 0.05585952200247403 -0.053415586672032778 0.084430981422432869 0.061997010981678681 -0.052351590541782567 0.038853578676726216 -0.048549381062131775 -0.054261979790642748 0.043468428320548889 -0.036943417768508534 0.02021680243377948 0.070532393132105548 -0.026227899128006077 -0.037943461159628392 0.069560571703703958 -0.043066492848234876 -0.043344709149781793 0.039937558682409363 -0.021977000038039419 0.0025265579847053151 0.027837566513152529 -0.014539583466807365 -0.023633926017500917 0.049804229178491685 0.063466178350474883 0.033515130530645428 0.073565817857106183
leaf_weight=34.637397237122059 2.6513630822300902 20.694802977144718 3.7480663750320673 5.0680399015545827 5.8018778599798662 1.9871413744986055 3.6309928968548757 2.6392206139862529 2.95683279260993 10.637672182172539 2.7123663537204266 3.0669208895415068 3.1952446643263102 4.4837370775640011 4.0377117544412604 3.6077380925416938 2.0780117884278289 3.0098146237432957 2.3894110098481161 3.4479270726442328 2.5192209407687187 1.7233153395354746 4.1229359917342645 3.5661396980285671 4.9843590743839741 4.5171310007572174 0.83390578813850957 3.8543750569224358 2.1764657646417618 8.9018018767237646
leaf_count=1284 46 113 122 31 134 17 27 67 26 264 44 29 46 37 19 23 28 22 22 41 12 21 36 23 38 31 9 19 13 45
internal_value=-0.0010889 0.0126821 -0.0372121 0.00486295 0.00333643 0.00787139 0.0101935 0.0205778 -0.00490613 -0.0176073 0.0121139 -0.024423 0.00243861 -0.00785585 0.0373145 0.0154844 0.0336325 0.0264891 0.00224082 0.0254451 -0.00818446 0.0361084 0.0314215 0.0430095 0.0177172 0.0118678 -0.0413997 0.0319706 -0.00138734 0.0604864
internal_weight=163.682 118.505 45.1768 10.5394 85.9104 73.8463 71.195 42.1841 29.0109 20.6548 9.18324 12.064 6.26217 7.1961 32.5947 11.8999 8.29219 8.35606 5.34624 39.5449 5.96715 6.79136 33.5777 21.0833 8.61535 12.4944 11.4716 7.97731 4.25448 12.4679
internal_count=2689 1231 1458 174 1035 826 780 339 441 371 98 209 75 81 196 83 60 70 48 272 53 52 219 133 65 86 273 55 41 68
is_linear=0
shrinkage=0.05


Tree=28
num_leaves=31
num_cat=0
split_feature=5 4 0 4 13 15 3 3 9 13 2 15 7 3 6 2 14 5 0 3 15 13 16 8 13 13 12 15 1 16
split_gain=30.4831 10.3883 9.35184 7.60661 6.95507 4.5853 7.80265 6.64145 4.88302 5.12995 4.18598 4.03301 3.98482 4.12054 4.34004 4.99998 3.59031 3.55142 3.20277 3.15027 3.1223 2.95245 4.90043 3.79354 4.85238 3.14752 3.22996 2.49254 3.24277 2.32335
threshold=3.6165577342052289 1.0000000180025095e-35 1.0000000180025095e-35 97.906969744187066 -0.39292802975557434 0.33582402597381633 1.8357764770410256 1.6796348742759728 0.65708727992673122 -0.16023744485371508 3.1347979120951552 1.8978170093819877 0.27044536758581755 -0.23132584266920733 -0.93326081089698076 -0.96582728741198831 1.6316062089972891 44.862772695285322 -1.0000000180025095e-35 -3.2697196433189348 1.5551782014739166 0.63012913121328518 -0.0008179699999999999 -0.50366893196264739 -1.0759836979215354 -0.99917969736415091 -41.465500000165768 -0.51238376056961299 0.46208318749807492 -0.00034291999999999998
decision_type=2 2 2 2 2 2 2 2 2 2 2 2 2 2 2 2 2 2 2 2 2 2 2 2 2 2 2 2 2 2
left_child=2 -2 -1 5 -4 7 11 8 9 12 -5 16 13 14 -3 -16 19 -13 -9 -7 -6 23 -23 25 -25 -21 29 28 -20 -27
right_child=1 3 4 10 20 6 -8 18 -10 -11 -12 17 -14 -15 15 -17 -18 -19 27 21 -22 22 -24 24 -26 26 -28 -29 -30 -31
leaf_value=-0.049873950654184158 0.057368427652175924 -0.056362067426353427 -0.051664893712650373 0.018158449552969167 -0.0021845029749561289 -0.03649465055012454 -0.052115946042400697 0.040605703293853102 -0.055026311035046675 -0.049319026622462181 0.078560569943746106 -0.045426949925029624 -0.035116549332826638 0.068650570981168765 0.079230120831301612 -0.0313070657219418 0.073683866960982308 0.026547668312079744 -0.024856903626799459 0.046822747623155914 0.066204568480017156 0.076153022245667598 -0.039413709939615398 -0.030803666178253045 0.055416746839776078 -0.058492191044948343 0.042530072548095675 -0.035155155858904073 0.071838774225667951 0.0020914979959443082
leaf_weight=33.038706438615918 11.471358880400656 2.2049866449087823 3.5711727794259787 6.3332158252596837 3.095143295824526 2.3021402508020392 4.2631184738129368 7.5084139369428158 8.6309248041361553 5.7986227106303039 5.2428839653730392 4.2171779293566933 4.0214602332562199 3.3802583608776349 2.3180462457239592 1.83121952787042 3.4218329861760131 2.8873192816972733 1.7127732839435341 3.8919768482446644 3.6219331473112106 1.2091082874685524 3.8007465582340947 1.8361825197935129 14.662485875189306 2.9310735128819907 2.3755852393806016 3.635845856741069 1.7559428997337816 3.4395017549395561
leaf_count=1284 59 33 122 37 32 38 119 41 172 138 27 51 64 28 17 27 16 20 31 24 20 7 52 13 82 31 17 48 15 24
internal_value=-0.00108071 0.0121783 -0.0369112 0.00726992 0.00471634 0.00256188 0.0126526 -0.0095187 -0.0237009 -0.00987462 0.0455149 0.0185305 0.00675258 0.0240493 0.000322834 0.0304461 0.0247148 -0.0161759 0.0178359 0.0201176 0.0346918 0.0239343 -0.0115221 0.0300308 0.045821 0.00941718 -0.00722802 -0.00622814 0.0240926 -0.0257828
internal_weight=160.411 117.084 43.327 105.613 10.2882 94.0367 51.2382 42.7985 28.1855 19.5546 11.5761 46.9751 13.756 9.73451 6.35425 4.14927 39.8706 7.1045 14.613 36.4488 6.71708 34.1467 5.00985 29.1368 16.4987 12.6381 8.74616 7.10456 3.46872 6.37058
internal_count=2689 1231 1458 1172 174 1108 494 614 479 307 64 375 169 105 77 44 304 71 135 288 52 250 59 191 95 96 72 94 46 55
is_linear=0
shrinkage=0.05


Tree=29
num_leaves=31
num_cat=0
split_feature=5 4 0 4 13 15 3 3 9 13 2 12 15 5 11 15 6 14 15 10 14 1 3 13 16 8 13 13 7 7
split_gain=28.5727 9.68762 8.96226 6.9735 6.51652 4.19466 7.2627 6.13842 4.71389 4.83997 4.00808 3.68226 3.64998 4.54712 3.64871 5.00731 3.53813 3.25205 2.96947 2.92347 4.00992 2.56897 2.4477 2.56003 4.39666 3.40966 4.3431 2.9413 2.74094 2.14343
threshold=3.6165577342052289 1.0000000180025095e-35 1.0000000180025095e-35 97.906969744187066 -0.39292802975557434 0.33582402597381633 1.8357764770410256 1.6796348742759728 0.65708727992673122 -0.16023744485371508 3.1347979120951552 92.990499999839827 1.8978170093819877 48.610038610038586 470897.50000000006 -0.75046220659069729 -0.3883051067075135 1.6316062089972891 1.5551782014739166 1.0722440542958844 2.055273339166102 0.20898554188137658 -3.1647849707542988 0.63012913121328518 -0.0008179699999999999 -0.50366893196264739 -1.0759836979215354 -1.0871548213505959 -0.80799047057650208 -0.89911449964784262
decision_type=2 2 2 2 2 2 2 2 2 2 2 2 2 2 2 2 2 2 2 2 2 2 2 2 2 2 2 2 2 2
left_child=2 -2 -1 5 -4 7 12 8 9 11 -5 14 17 -14 15 -3 -17 22 -6 21 -21 -9 -7 25 -25 27 -27 -24 -29 -28
right_child=1 3 4 10 18 6 -8 19 -10 -11 -12 -13 13 -15 -16 16 -18 -19 -20 20 -22 -23 23 24 -26 26 29 28 -30 -31
leaf_value=-0.049733535572803168 0.055951926215814275 0.067357825656726808 -0.051581663196039663 0.017263342014540405 -0.0020780160597282469 -0.025224789013712997 -0.052009460830155063 -0.0021035816560456199 -0.054794878165565969 -0.048912027822482218 0.076842406867842328 -0.043470454476439609 -0.042647179056971463 0.04475232484873197 0.071004314022441575 -0.055604333669946195 0.022433282532187716 0.070211408480052639 0.065181433332251446 -0.059145429423138551 0.023475999153428156 0.056105647019338102 0.049748630252665009 0.071322611294046115 -0.038151547310510639 -0.02967016443685529 0.091009665490977845 -0.03252761821625455 0.023117842214501 0.04295790079683301
leaf_weight=31.513899344950914 11.181096851825712 2.2161486539989665 3.4023475591093302 6.3286342024803144 3.0911738649010641 2.8621378559619179 4.0632968042045823 2.8845230899751169 8.2437900230288488 5.5605700723826947 5.095840260386467 2.9086795821785918 4.8226530347019425 2.1523764356970787 2.6393626499921075 3.259866606444116 2.6196963284164738 3.4117518514394751 3.4979884773492813 2.4307785704731932 3.7098718546330929 5.5279634222388268 3.1730859279632559 1.2259872015565632 3.6407839618623248 1.8116516545414914 2.8857897371053687 4.7012092694640151 4.1812058128416529 11.852931197732692
leaf_count=1284 59 23 122 37 32 43 119 34 172 138 27 48 55 16 19 53 26 16 20 39 21 41 19 7 51 13 13 41 32 69
internal_value=-0.00107371 0.0117231 -0.036651 0.0069777 0.00461208 0.00243916 0.0121073 -0.00925081 -0.0231692 -0.00959334 0.0438383 0.00643116 0.0176834 -0.0156772 0.0199521 0.003308 -0.0208339 0.0235377 0.033628 0.0170002 -0.00922972 0.0361465 0.0191552 0.02295 -0.0105739 0.0286535 0.0433863 0.00842752 -0.00633371 0.0523663
internal_weight=156.897 115.392 41.5054 104.211 9.99151 92.7861 50.7849 42.0013 27.4481 19.2043 11.4245 13.6438 46.7216 6.97503 10.7351 8.09571 5.87956 39.7465 6.58916 14.5531 6.14065 8.41249 36.3348 33.4726 4.86677 28.6059 16.5504 12.0555 8.88242 14.7387
internal_count=2689 1231 1458 1172 174 1108 494 614 479 307 64 169 375 71 121 102 79 304 52 135 60 75 288 245 58 187 95 92 73 82
is_linear=0
shrinkage=0.05


Tree=30
num_leaves=31
num_cat=0
split_feature=5 4 0 4 13 6 9 5 13 9 16 2 1 1 14 2 16 15 16 15 15 16 8 15 11 11 8 4 12 6
split_gain=26.7881 9.03952 8.58914 6.39546 6.1079 3.92679 4.15892 4.3627 4.09652 4.25748 4.1435 4.09968 4.71645 4.04098 3.85458 3.84454 3.05973 3.09792 3.56065 2.82768 2.65805 3.11332 3.47355 2.46291 2.45663 2.31664 2.299 3.67636 2.28091 2.15092
threshold=3.6165577342052289 1.0000000180025095e-35 1.0000000180025095e-35 97.906969744187066 -0.39292802975557434 1.4530062656893687 0.82331011447242664 46.666666666666877 -0.22085052101617236 -0.12689750060615188 -0.00078558999999999996 -2.1413333269081849 -0.98288036874099671 -0.28337698768535952 0.4487950492035972 3.1347979120951552 -6.2419999999999989e-05 0.092560846337422509 -0.00029680999999999994 1.5551782014739166 1.462792560706333 -0.00043757499999999994 -0.69421262054907384 -0.12474364700511677 -717720.99999999988 -559132.49999999988 0.59713971476554195 53.597308488612882 -1.0000000180025095e-35 -1.2341199744741131
decision_type=2 2 2 2 2 2 2 2 2 2 2 2 2 2 2 2 2 2 2 2 2 2 2 2 2 2 2 2 2 2
left_child=2 -2 -1 5 -4 6 8 -8 11 10 -10 -3 -13 -11 26 -5 17 -14 20 -6 21 22 -19 -16 -15 -18 27 -9 -26 -12
right_child=1 3 4 15 19 -7 7 14 9 13 29 12 16 24 23 -17 25 18 -20 -21 -22 -23 -24 -25 28 -27 -28 -29 -30 -31
leaf_value=-0.049593010360042239 0.054599909108245741 -0.054331226646575907 -0.051502691486928154 0.016412279417481489 -0.0019765916046638049 0.046723588200059979 -0.056012315160017534 0.038268790238400352 0.033882584036819312 -0.054476180935985365 0.0071266761021203488 0.09178384313952126 -0.037906364129912266 0.067959474776509002 -0.02290218652709497 0.075257380022639084 0.018108832144611103 -0.021204780896165048 -0.024681887264522057 0.064236858874970396 -0.011908099761588058 0.07442033884631348 0.046366133159155339 0.026276810743365648 0.044136830556489773 0.071769812163501367 -0.049322542185935965 -0.040489658883274243 -0.025066353924104848 -0.052155709599837501
leaf_weight=30.059763940051198 10.892441868782042 1.8338332884013642 3.2412504833191633 6.3240856006741506 3.0874005965888482 4.7231511175632468 5.3678651489317444 2.6875415202230233 2.2171978168189517 1.6516697742044923 1.8674908205866767 2.2849913835525504 3.1658071000129011 2.907402291893959 3.5099564585834733 4.946792259812355 4.1957630924880505 3.1200062558054951 4.3270758390426609 3.3750692754983902 3.4602526575326928 3.9128106720745555 4.8716130554676056 9.2681743558496219 2.3881672546267509 3.8632260151207465 5.7971041612327099 3.302433293312788 2.3746107090264577 8.4685132801532763
leaf_count=1284 59 33 122 37 32 49 92 22 33 36 30 14 71 24 34 27 37 32 37 20 31 24 34 61 27 27 96 69 33 162
internal_value=-0.00106408 0.0112869 -0.0363898 0.00669921 0.00451046 0.00232459 -9.01297e-05 -0.0151774 0.00784532 -0.00913167 -0.0281401 0.0184452 0.0224649 0.0164658 -0.00625441 0.0422394 0.0173417 0.00800181 0.0153824 0.0326038 0.0266655 0.0378776 0.0199858 0.0127681 0.0317423 0.0438322 -0.0268763 -0.00515285 0.00963373 -0.0414447
internal_weight=153.493 113.73 39.7635 102.838 9.70372 91.5667 86.8435 29.9331 56.9104 21.8751 12.5532 35.0354 33.2015 9.32185 24.5652 11.2709 30.9166 22.8576 19.6918 6.46247 15.3647 11.9044 7.99162 12.7781 7.67018 8.05899 11.7871 5.98997 4.76278 10.336
internal_count=2689 1231 1458 1172 174 1108 1059 374 685 345 225 340 307 120 282 64 293 229 158 52 121 90 66 95 84 64 187 91 60 192
is_linear=0
shrinkage=0.05


Tree=31
num_leaves=31
num_cat=0
split_feature=5 4 0 4 3 2 15 15 3 3 9 13 2 4 8 6 15 5 3 14 0 5 15 11 13 16 8 13 3 10
split_gain=25.108 8.4459 8.23184 5.87075 5.73239 4.04276 5.39086 3.73092 6.6396 5.55036 4.36089 4.35976 3.69311 3.48897 4.4334 6.42193 3.13212 3.97908 2.82946 2.86817 2.63543 2.61243 2.34381 2.75927 2.17477 3.92336 3.00676 3.99735 2.59475 2.89334
threshold=3.6165577342052289 1.0000000180025095e-35 1.0000000180025095e-35 97.906969744187066 -7.176252769025079 -2.5184489683014677 1.627326525741905 0.33582402597381633 1.8357764770410256 1.6796348742759728 0.65708727992673122 -0.16023744485371508 3.1347979120951552 60.380747126436852 -0.17094984638793559 -0.93326081089698076 1.8978170093819877 48.610038610038586 -3.1647849707542988 1.6316062089972891 -1.0000000180025095e-35 17.595459236325912 -0.51238376056961299 3638628.5000000005 0.63012913121328518 -0.0008179699999999999 -0.50366893196264739 -1.0759836979215354 -1.6327450100474694 -1.3305149756198225
decision_type=2 2 2 2 2 2 2 2 2 2 2 2 2 2 2 2 2 2 2 2 2 2 2 2 2 2 2 2 2 2
left_child=2 -2 -1 7 -4 -6 -7 9 16 10 11 13 -5 14 15 -3 18 -18 -9 24 -11 -17 23 -22 26 -26 28 -28 -20 -30
right_child=1 3 4 12 5 6 -8 8 -10 20 -12 -13 -14 -15 -16 21 17 -19 19 -21 22 -23 -24 -25 25 -27 27 -29 29 -31
leaf_value=-0.049452045431647169 0.053304967495032309 -0.055668937086154918 -0.05212977025762161 0.015603043438386206 0.080640750698088001 -0.053792324581495965 0.064896243805653522 -0.025637408169020173 -0.051901556439585272 0.036837472626737783 -0.054428381453939627 -0.048502200263014904 0.073790755727229568 0.066735705090250799 -0.048861743633237253 0.086698095441330614 -0.041332519519232849 0.041124879180212043 0.041545398180779791 0.070800644092391715 -0.023513118458410205 0.016674193510136857 -0.034499390799697736 0.06624799420717524 0.066922667184544246 -0.036939356520899039 -0.029652434298528159 0.049176568340678899 0.01936090914350818 -0.040328040152523802
leaf_weight=28.673201568424702 10.606506258249281 2.1854640990495655 3.037890899926424 6.3195911794900876 2.5163244307041168 2.1415382996201502 1.7292192429304121 2.8837916310876599 3.8264740072190753 7.3771886471658945 7.6546253375709048 5.2074852455407443 4.7966683059930801 1.9759899396449316 3.8621619455516347 2.2736267112195492 4.5649747047573319 2.1531418673694134 3.8343406207859507 3.2287757545709601 1.6365594919770958 3.2159982565790415 3.5505875870585424 1.7954629026353357 1.2282839342951772 3.5006786175072184 1.8064049631357182 14.656856931746011 4.3782256543636313 3.7858030423521987
leaf_count=1284 59 36 105 37 14 45 10 44 119 41 172 138 27 17 66 13 55 16 33 15 31 37 48 15 7 51 13 82 31 28
internal_value=-0.0010522 0.0108465 -0.036127 0.00641833 0.00441118 0.0313038 -0.000769485 0.00220996 0.0113831 -0.00901522 -0.0226335 -0.00963299 0.0407111 0.00534571 -0.00516858 0.0168182 0.0166449 -0.0149051 0.0220378 0.0258129 0.0159981 0.0456758 -0.00601894 0.0234454 0.0214364 -0.0099626 0.0266535 0.0405272 0.007617 -0.0083179
internal_weight=150.404 112.306 38.0982 101.699 9.42497 6.38708 3.87076 90.5829 49.8478 40.7352 26.3754 18.7207 11.1163 13.5132 11.5373 7.67509 46.0213 6.71812 39.3032 36.4194 14.3598 5.48962 6.98261 3.43202 33.1906 4.72896 28.4616 16.4633 11.9984 8.16403
internal_count=2689 1231 1458 1172 174 69 55 1108 494 614 479 307 64 169 152 86 375 71 304 260 135 50 94 46 245 58 187 95 92 59
is_linear=0
shrinkage=0.05


Tree=32
num_leaves=31
num_cat=0
split_feature=5 4 0 3 4 2 15 3 6 2 3 13 9 2 11 16 4 0 1 11 15 16 15 2 15 16 13 6 2 14
split_gain=23.5983 7.88912 7.83537 5.41226 5.38843 3.74113 5.07904 3.56323 3.85976 3.552 2.71255 3.24993 4.3208 3.96551 3.74832 3.65205 4.45077 2.90372 3.18465 3.8012 2.71 2.66714 2.76756 2.69499 3.08708 3.57253 2.53041 2.28566 3.11641 2.15108
threshold=3.6165577342052289 1.0000000180025095e-35 1.0000000180025095e-35 -7.176252769025079 97.906969744187066 -2.5184489683014677 1.627326525741905 4.4383538965176657 1.4530062656893687 3.1347979120951552 -3.3979406402213441 -0.21588632132121502 0.91471677106989568 0.98939718780083363 6485727.5000000009 -0.00029249999999999995 51.515151515151665 1.0000000180025095e-35 -0.28337698768535952 -304759.49999999994 1.8769454445290494 -6.2419999999999989e-05 0.429023457850919 0.47295625841732586 0.38924116716057378 -0.00032790999999999994 -0.39292802975557434 -0.68335759291713305 0.73518353035526141 -0.64373172158168834
decision_type=2 2 2 2 2 2 2 2 2 2 2 2 2 2 2 2 2 2 2 2 2 2 2 2 2 2 2 2 2 2
left_child=2 -2 -1 -4 7 -5 -7 8 10 -6 -3 12 21 17 20 16 -15 27 -19 -20 26 23 -23 24 -12 29 -14 28 -13 -26
right_child=1 4 3 5 9 6 -8 -9 -10 -11 11 13 14 15 -16 -17 -18 18 19 -21 -22 22 -24 -25 25 -27 -28 -29 -30 -31
leaf_value=-0.049310296076841439 0.052060630506580233 -0.0538358248138886 -0.052024955641169018 0.078875561724087676 0.01483354466600759 -0.053604082297608685 0.063972533389673236 -0.058061808599811915 0.048780278347737023 0.072430033208666658 -0.013159202596887626 -0.052687871759462296 -0.053785176315915978 0.055125862769919931 0.033141787339764146 0.042220204248120917 -0.059082868903421529 -0.038153585659355026 0.050153390209528359 -0.016106975136941398 0.03945322446539197 0.027008613610749344 0.088782453759127133 -0.034482715999345152 0.072664705980162211 -0.0046780381390942524 0.015712893072865216 -0.056310648158728271 0.047012012508401473 0.027349579283124006
leaf_weight=27.351236637681723 10.324233040213583 2.172265648841857 2.895406186580658 2.4457998871803284 6.3151682391762716 2.0440672449767576 1.6680292785167692 2.3949364665895692 4.5138614084571591 4.6462618112564087 5.9138565789908197 1.6377567034214657 6.5733044445514652 1.2885148078203204 3.1903965249657622 5.9390641804784519 2.5241517629474401 4.7206152081489572 3.8340231496840707 4.9705954976379862 1.2368603721261013 6.8934738077223248 2.4602111242711544 2.7773481123149386 4.3462057299912003 5.2940744273364535 1.6356423925608403 7.0001606326550396 1.503208242356777 6.58926948159933
leaf_count=1284 59 44 105 14 37 45 10 48 42 27 102 44 111 7 21 54 48 77 39 62 9 59 12 34 23 40 20 146 17 49
internal_value=-0.00104334 0.0104413 -0.0359647 0.00435401 0.00616032 0.0308631 -0.000771071 0.00210395 0.00375991 0.0392472 0.00129671 0.00278762 0.011276 -0.009128 -0.0137155 0.017704 -0.0204853 -0.0201841 -0.0050188 0.0127465 -0.0295419 0.0204899 0.0432564 0.0119447 0.0177679 0.0290374 -0.0399376 -0.0404102 -0.00497333 0.0453597
internal_weight=147.1 110.695 36.4045 9.0533 100.371 6.1579 3.7121 89.4098 87.0149 10.9614 82.501 80.3287 46.9106 33.4181 12.6362 9.75173 3.81267 23.6664 13.5252 8.80462 9.44581 34.2744 9.35368 24.9208 22.1434 16.2295 8.20895 10.1411 3.14096 10.9355
internal_count=2689 1231 1458 174 1172 69 55 1108 1060 64 1018 974 480 494 161 109 55 385 178 101 140 319 71 248 214 112 131 207 61 72
is_linear=0
shrinkage=0.05


Tree=33
num_leaves=31
num_cat=0
split_feature=5 0 4 3 4 2 15 2 3 6 3 13 9 2 9 16 4 4 0 1 11 16 7 15 15 16 16 11 12 8
split_gain=22.1798 7.45598 7.37565 5.11199 4.94856 3.4662 4.7881 3.41974 3.35404 3.41308 2.56239 2.96515 3.9119 3.65207 3.6024 3.2858 4.15235 3.21061 2.78921 2.94753 3.41161 2.37413 2.58551 3.4568 2.5625 2.46206 2.49559 2.47223 2.29252 2.55024
threshold=3.6165577342052289 1.0000000180025095e-35 1.0000000180025095e-35 -7.176252769025079 97.906969744187066 -2.5184489683014677 1.627326525741905 3.1347979120951552 4.4383538965176657 1.4530062656893687 -3.3979406402213441 -0.21588632132121502 0.91471677106989568 0.98939718780083363 1.6405906445673899 -0.00029249999999999995 51.515151515151665 58.123821495914562 1.0000000180025095e-35 -0.28337698768535952 -304759.49999999994 -6.2419999999999989e-05 -1.4396134941526899 0.092560846337422509 0.429023457850919 -0.00032790999999999994 -0.00043757499999999994 1052233.5000000002 89.813000000081971 -1.2001122676096923
decision_type=2 2 2 2 2 2 2 2 2 2 2 2 2 2 2 2 2 2 2 2 2 2 2 2 2 2 2 2 2 2
left_child=1 -1 -2 -3 8 -5 -7 -6 9 10 -4 12 21 18 -14 16 -15 -16 -13 -20 -21 22 -12 -24 -23 26 27 28 29 -25
right_child=2 3 4 5 7 6 -8 -9 -10 -11 11 13 14 15 17 -17 -18 -19 19 20 -22 24 23 25 -26 -27 -28 -29 -30 -31
leaf_value=-0.049167441152035411 0.050861223229412292 -0.051925351176983471 -0.053643632654079232 0.077228187768580314 0.014101807145788462 -0.053425389392992517 0.063117666480265497 0.071164520038915574 -0.057688412468148931 0.045530217986908213 0.071088449230791287 -0.039995944585263371 -0.041250106910000035 0.052661844682969951 0.061987128078860247 0.039864543357710974 -0.05866696408362311 -0.012623184814879321 -0.0373152972171985 0.047349413934166938 -0.015415065312413892 0.02539856376946352 -0.040443974585719689 -0.024478282331506795 0.0849051669152181 -0.013096023966566625 0.060676766202455962 0.056257692850825429 -0.045069843664662414 0.043090394719177229
leaf_weight=26.091004807502031 10.046415627002714 2.7593454197049141 2.0735390763729802 2.3748765736818314 6.3108302503824216 1.9507160671055301 1.6076208651065824 4.4962500631809235 2.2925070635974398 4.5921686533838502 1.6893348656594742 9.7470772415399622 5.9759574811905605 1.2815423086285593 2.1809795312583447 5.9745689351111633 2.4176390264183283 4.2548206932842731 4.5887145102024087 3.8573928903788319 4.9349496848881236 6.9621121678501314 3.2915850002318647 2.3431705497205271 2.4443186447024345 5.6365838069468728 3.7941300198435775 2.539213739335537 2.110377699136734 3.4563552699983124
leaf_count=1284 59 105 44 14 37 45 10 27 48 42 13 207 102 7 19 54 48 40 77 39 62 59 75 21 12 48 26 16 20 29
internal_value=-0.00103115 -0.0358057 0.0100362 0.00430011 0.00590362 0.0304487 -0.000772408 0.0378426 0.00200074 0.00358917 0.00122755 0.00265906 0.0107547 -0.0088615 -0.0132959 0.0169351 -0.0200983 0.0126609 -0.0196514 -0.00483194 0.0121211 0.019466 0.0113706 0.00701678 0.0408617 0.0148751 0.0259443 0.0133327 -0.000446968 0.0157908
internal_weight=144.076 34.7836 109.293 8.69256 99.2461 5.93321 3.55834 10.8071 88.439 86.1465 81.5544 79.4808 46.6789 32.8019 12.4118 9.67375 3.69918 6.4358 23.1281 13.3811 8.79234 34.2672 24.8608 23.1714 9.40643 19.8798 14.2432 10.4491 7.9099 5.79953
internal_count=2689 1458 1231 174 1172 69 55 64 1108 1060 1018 974 480 494 161 109 55 59 385 178 101 319 248 235 71 160 112 86 70 50
is_linear=0
shrinkage=0.05


Tree=34
num_leaves=31
num_cat=0
split_feature=5 0 5 3 13 14 15 15 14 12 13 2 15 3 3 10 13 7 5 3 12 11 14 14 14 13 3 8 9 15
split_gain=20.851 7.09305 6.93255 4.83013 4.27235 3.50585 4.68258 4.9132 6.31819 4.11917 3.46695 3.21514 4.51631 3.1822 3.99805 5.52263 4.28876 3.09005 4.15873 2.57647 2.0435 2.02202 2.68857 3.33303 3.84641 2.95513 2.95311 3.82925 3.28092 2.75595
threshold=3.6165577342052289 1.0000000180025095e-35 96.225071225071147 -7.176252769025079 1.6127225334141562 0.96183117241880223 0.092560846337422509 -0.92987642193280551 -0.70154928994794974 -229.7700000000186 0.43976151747350162 -2.5184489683014677 1.627326525741905 -0.021110536283508247 3.6589641179602803 0.65666822526843516 1.8055065347821584 -0.15535252082536288 44.862772695285322 -3.3979406402213441 -75.864499999908716 7910034.5000000009 -0.67922874694845137 -0.24620409771290844 0.55793241651628767 -0.14838008398115146 -1.6685227360487056 -0.34695943172439786 -0.11041733516649389 1.5194824013503456
decision_type=2 2 2 2 2 2 2 2 2 2 2 2 2 2 2 2 2 2 2 2 2 2 2 2 2 2 2 2 2 2
left_child=1 -1 4 -3 5 6 7 8 -2 -7 19 -5 -13 -4 15 16 -15 20 -19 -8 -11 22 26 25 -25 -24 -21 -28 -29 -26
right_child=2 3 13 11 -6 9 10 -9 -10 17 -12 12 -14 14 -16 -17 -18 18 -20 21 -22 -23 23 24 29 -27 27 28 -30 -31
leaf_value=-0.049023141814586169 0.079690076242698082 -0.051830690843776707 0.065493675987537733 0.075687887683236393 -0.044981698234856378 -0.024003303403346356 -0.053383838785308474 -0.052560791418232347 -0.052205463897809404 0.034785811802017036 -0.052163583535468828 -0.053255738309800793 0.062325139894869722 0.051665400124125432 0.053146652138179762 -0.031332145013909359 -0.0109195455927725 -0.022459625623860998 0.040877278884093059 0.064820842662167741 0.089498228769806787 0.056893340392938807 -0.061964574601531888 0.034632567130714102 0.017893952619999102 0.011852417812204053 -0.027839443413299206 0.003888216551573777 0.067218516379255924 -0.057210729573939648
leaf_weight=24.889757877215743 1.9286656156182291 2.6294432859867811 5.2211219072341946 2.3038522377610207 4.600205320864915 4.0485081896185902 1.5633916184306134 7.9161881115287525 1.7156723998486993 4.0740713328123093 2.4313341826200476 1.8613403290510162 1.5481665283441541 7.5118134617805534 7.479561958461999 5.6244056746363631 4.3067843746393919 4.3796298988163418 6.3485800251364708 3.4703122042119494 2.9369323570281329 2.3626766651868811 3.7321718372404575 7.0254691280424719 2.2433766946196556 2.1293919496238187 3.965170318260788 4.6233635488897544 3.6672540847212005 2.6813929472118616
leaf_count=1284 15 105 31 14 104 39 37 232 53 35 75 45 10 47 48 50 36 50 50 22 20 11 35 54 15 29 44 40 27 32
internal_value=-0.00101648 -0.0356495 0.00964165 0.00424923 0.0017582 0.00469379 -0.00242442 -0.0304444 0.0175966 0.0215048 0.00569497 0.0300587 -0.000773531 0.0300001 0.0225644 0.00945067 0.028859 0.0318908 0.0150209 0.00944987 0.057705 0.0121861 0.00903661 -0.00426546 0.0108825 -0.0351483 0.0241029 0.0125733 0.0319016 -0.0229983
internal_weight=141.22 33.2326 107.987 8.3428 77.8438 73.2436 51.4558 11.5605 3.64434 21.7877 39.8953 5.71336 3.40951 30.1437 24.9226 17.443 11.8186 17.7392 10.7282 37.464 7.011 35.9006 33.5379 17.8118 11.9502 5.86156 15.7261 12.2558 8.29062 4.92477
internal_count=2689 1458 1231 174 1019 915 721 300 68 194 421 69 55 212 181 133 83 155 100 346 55 309 298 165 101 64 133 111 67 47
is_linear=0
shrinkage=0.05


Tree=35
num_leaves=31
num_cat=0
split_feature=5 0 4 3 4 7 3 2 15 6 4 16 15 14 13 16 9 5 4 3 3 3 15 9 13 14 16 14 14 12
split_gain=19.6073 6.74595 6.58767 4.56537 4.23965 3.32376 3.17944 2.98546 4.26212 2.97266 2.40768 5.07188 3.93775 3.79073 3.30975 4.18877 3.02974 3.43455 3.35159 3.13484 2.54822 2.49645 2.30784 2.55644 2.04722 1.95316 2.46265 2.64509 2.57667 2.83897
threshold=3.6165577342052289 1.0000000180025095e-35 1.0000000180025095e-35 -7.176252769025079 97.906969744187066 0.090130425772270803 4.4383538965176657 -2.5184489683014677 1.627326525741905 1.4530062656893687 69.183285849952455 -0.00023964999999999997 0.33582402597381633 -1.5719620917985024 -0.14838008398115146 -6.2419999999999989e-05 0.93047526741863951 52.941176470587521 54.34782608695658 1.052695841825068 2.2578435700217567 2.583372831434775 1.8769454445290494 -0.34884203824910565 -1.055827164442644 0.8112322795882404 -0.00032790999999999994 -0.67922874694845137 -0.33709262944817203 -97.953000000212327
decision_type=2 2 2 2 2 2 2 2 2 2 2 2 2 2 2 2 2 2 2 2 2 2 2 2 2 2 2 2 2 2
left_child=1 24 -2 -3 6 -6 9 -5 -9 10 12 -12 13 -4 15 -15 19 -18 -19 22 -13 -16 25 -24 -1 26 27 -14 -29 -30
right_child=2 3 4 7 5 -7 -8 8 -10 -11 11 20 16 14 21 -17 17 18 -20 -21 -22 -23 23 -25 -26 -27 -28 28 29 -31
leaf_value=0.054977189335328761 0.048890651659622079 -0.051740725629508523 0.048453207207606437 0.074245464396147098 0.010411481268386478 0.067180144837636943 -0.057616337123882255 -0.053094649032108754 0.061589235740267513 0.042266978219965723 -0.025897547516227044 0.10069764894911658 0.055158799908388283 -0.029700051484457854 -0.054136688733685351 0.017121125845634116 -0.056722216831688543 0.043736622392707161 -0.02819325143712147 -0.041074318442547914 0.024891814886784734 0.013103842510551786 -0.058121344258216238 0.024195628154799909 -0.050952526550552928 0.05206197603529919 -0.0068333672211598404 -0.032495173599158433 -0.0065279708672550049 0.069335343717555051
leaf_weight=0.46522351168096321 9.5507855117320997 2.5054430868476629 2.1871182993054346 2.2329817563295364 5.8492772951722127 4.6109753623604774 2.1991425175219765 1.7757979221642037 1.4898099452257154 4.6219105403870335 2.6504935342818499 2.1444804873317471 6.0680437702685666 10.127154735848313 8.3801192510873168 9.0417344793677277 3.3635249994695169 3.0474297590553761 3.4561216738075018 2.2300484627485266 2.2949986103922129 1.6526095680892456 1.8451797533780339 1.9294426850974549 23.279628429561853 5.5550117678940287 6.4589672852307602 2.3597090244293284 2.4908823762089085 2.4424419607966996
leaf_count=15 59 105 21 14 37 27 48 45 10 42 59 13 41 198 215 93 46 20 28 46 28 14 26 14 1269 32 57 26 22 19
internal_value=-0.00100645 -0.0354958 0.00926967 0.00420116 0.0053688 0.0354356 0.00173484 0.0296912 -0.000774469 0.00328227 0.00102221 0.0288336 -0.00169246 -0.0150377 -0.019793 -0.00761507 0.00846327 -0.0157029 0.0055116 0.0160621 0.0615097 -0.0430607 0.0204332 -0.0160441 -0.0488771 0.0258593 0.0185155 0.0307695 0.0104768 0.0310312
internal_weight=138.306 31.7489 106.558 8.00403 97.0068 10.4603 86.5466 5.49859 3.26561 84.3474 79.7255 7.08997 72.6355 31.3887 29.2016 19.1689 41.2468 9.86708 6.50355 31.3797 4.43948 10.0327 29.1497 3.77462 23.7449 25.3751 19.82 13.3611 7.29303 4.93332
internal_count=2689 1458 1231 174 1172 64 1108 69 55 1060 1018 100 918 541 520 291 377 94 48 283 41 229 237 40 1284 197 165 108 67 41
is_linear=0
shrinkage=0.05


Tree=36
num_leaves=31
num_cat=0
split_feature=5 0 4 3 4 7 2 3 7 2 15 14 10 8 15 14 12 14 5 13 14 14 11 5 11 12 2 16 6 14
split_gain=18.4475 6.41559 6.15984 4.31651 3.88214 4.0258 3.28019 2.88924 2.84303 2.77502 4.02412 2.65118 3.70448 4.82415 3.08229 4.88922 5.05342 4.4782 3.67901 3.71333 3.34638 3.82897 3.10373 2.81752 3.40996 3.72028 2.63268 2.30555 4.10891 2.24608
threshold=3.6165577342052289 1.0000000180025095e-35 1.0000000180025095e-35 -7.176252769025079 97.906969744187066 -1.4938249617652353 3.1347979120951552 4.4383538965176657 1.4430343206643317 -2.5184489683014677 1.627326525741905 0.82367156779140749 -1.493713112735005 -0.85051329191924296 0.092560846337422509 -1.5719620917985024 -267.84500000020483 -0.50073053881235141 29.62962962962952 -0.21588632132121502 -0.67922874694845137 -0.31995907614397134 109542.50000000001 48.07407407407397 -304759.49999999994 -18.724000000162047 -0.29832889347876207 -0.00069084499999999994 -1.1829792267181769 2.4266203235859609
decision_type=2 2 2 2 2 2 2 2 2 2 2 2 2 2 2 2 2 2 2 2 2 2 2 2 2 2 2 2 2 2
left_child=1 -1 -2 -3 5 -4 -6 8 11 -5 -11 14 -13 -14 15 -7 17 -17 -16 20 22 -22 -20 24 25 -15 -23 -21 -29 -25
right_child=2 3 4 9 6 7 -8 -9 -10 10 -12 12 13 23 18 16 -18 -19 19 27 21 26 -24 29 -26 -27 -28 28 -30 -31
leaf_value=-0.048735325598737146 0.047788619751079925 -0.051655214634331009 0.11267522766406486 0.072892968526324847 0.01087794292805176 0.05243156767453036 0.068273946761752413 -0.057262596522365372 0.041641067347071875 -0.052941673568246229 0.060904896658335553 -0.054947401417571234 0.061576470218736891 0.060854787035405034 -0.030648399962204222 0.061726584799617547 -0.05407781243263924 -0.054218136483646179 0.074378351587876396 0.02567657894936607 -0.047207853569503515 -0.018973398060311196 0.016690313185688085 0.035907782133170779 -0.056091444587690054 -0.031811432733867072 0.037558658797182544 0.065845862357705481 -0.051746900327419167 -0.013107015934285754
leaf_weight=22.653268249705437 9.2891723215579969 2.387096956372261 0.80877392552792926 2.1624845713376999 6.1543227508664113 1.7739191595464934 4.1800207793712616 2.1044853646308175 4.3015173748135558 1.693948928266763 1.4326693564653394 1.8670664858073021 5.0583279468119171 2.0467083211988211 7.2997034043073645 2.1074986662715678 9.9280706141144019 1.3768980111926783 4.1722935438156075 2.0910635925829411 2.9396360162645498 3.1186895370483319 5.2849722169339657 8.3398473244160396 3.2163757197558906 2.3005559239536524 6.0634411294013395 0.86508021131157864 5.257891846820721 3.2473624646663657
leaf_count=1284 59 105 8 14 37 18 27 48 46 45 10 31 31 17 127 17 259 40 21 27 25 30 35 70 48 29 39 7 98 37
internal_value=-0.000993563 -0.0353489 0.00891179 0.0041557 0.00514623 0.00165027 0.0340934 0.000590897 0.00206387 0.0293445 -0.00077525 -0.000108815 0.0129138 0.0181474 -0.00660433 -0.0255784 -0.0358959 0.0159097 0.00116395 0.00895841 0.0198491 0.00245745 0.0421407 0.00667642 -0.017061 0.0118162 0.0183577 -0.0196525 -0.0351329 0.0221712
internal_weight=135.523 30.3295 105.194 7.6762 95.9045 85.5702 10.3343 84.7614 82.6569 5.2891 3.12662 78.3554 26.0762 24.2092 52.2792 15.1864 13.4125 3.4844 37.0928 29.7931 21.579 12.1218 9.45727 19.1508 7.56364 4.34726 9.18213 8.21404 6.12297 11.5872
internal_count=2689 1458 1231 174 1172 1108 64 1100 1052 69 55 1006 263 232 743 334 316 57 409 282 150 94 56 201 94 46 69 132 105 107
is_linear=0
shrinkage=0.05


Tree=37
num_leaves=31
num_cat=0
split_feature=5 0 4 3 4 15 15 12 3 6 3 14 13 3 16 4 2 15 4 5 15 10 13 14 13 7 16 14 3 14
split_gain=17.3595 6.09823 5.75691 4.08244 3.61309 4.2229 3.55106 5.62173 4.83555 3.5432 3.44308 3.20025 2.99539 3.76764 3.18301 2.62179 2.58193 3.80109 2.45351 2.65066 4.11636 3.30285 2.97369 3.16837 2.12504 2.12231 2.03575 2.71483 2.17837 1.93891
threshold=3.6165577342052289 1.0000000180025095e-35 1.0000000180025095e-35 -7.176252769025079 69.183285849952455 0.33582402597381633 -1.2554193238977274 396.73999999999074 0.60702178002838536 1.1955706258773666 1.3124043977913793 -1.5719620917985024 -0.14838008398115146 2.583372831434775 -6.2419999999999989e-05 72.783119658119688 -2.5184489683014677 1.627326525741905 62.335890878090375 44.862772695285322 1.627326525741905 0.019280077220124158 -1.1987216653219888 0.8112322795882404 -1.0759836979215354 -0.85242775144982352 -0.00030895499999999992 -0.67409162478336115 -1.990982750343554 -0.66513727561387304
decision_type=2 2 2 2 2 2 2 2 2 2 2 2 2 2 2 2 2 2 2 2 2 2 2 2 2 2 2 2 2 2
left_child=1 24 -2 -3 5 11 -6 8 -8 -9 18 -4 14 -14 29 -10 -5 -18 19 20 22 -21 -7 26 -1 -22 27 -24 -29 -13
right_child=2 3 4 16 6 10 7 9 15 -11 -12 12 13 -15 -16 -17 17 -19 -20 21 25 -23 23 -25 -26 -27 -28 28 -30 -31
leaf_value=0.059323538710582581 0.046715709459923788 -0.051573939512288017 0.045601620183362036 0.071623441521819681 0.059359304784841117 0.073350165148068108 0.055278532729672661 0.015082378595926944 0.019551025374774062 0.091181439260236863 -0.052854628429775764 -0.0079749874399254409 -0.054350852652731707 0.023277483109493763 0.014944723384168038 -0.054614408473503233 -0.052796384186229894 0.060267634559650597 -0.03311608903855006 0.0075000799095990729 0.0092659718371864829 0.050463581646851531 0.052315432301675693 0.047722160212653533 -0.050862385713663395 -0.05639333631293824 -0.038078497406176526 -0.054861206016211389 0.023199397415756814 -0.052678189236723717
leaf_weight=0.44681472145021572 9.0339201018214208 2.274164941161871 2.1048915684223202 2.0925506725907326 5.2129109650850323 2.0631559938192359 1.855970710515974 3.6565830744802943 1.5808501522988079 2.6295951139181852 2.0689594093710175 6.0729805417358902 8.40905689075589 1.9198962002992619 9.0879983752965909 4.8395710289478302 1.6156563088297837 1.3768409416079519 2.6680541019886723 8.3655120953917521 1.8982670921832321 9.6144838258624059 2.359946766868231 3.7203065343201152 21.166850658133626 3.499678347259759 3.3460019659251019 1.8317288812249874 1.7452891208231474 4.0387152843177345
leaf_count=14 59 105 21 14 37 10 11 36 24 19 60 74 224 15 96 80 45 10 22 58 20 59 17 22 1270 51 38 34 16 128
internal_value=-0.000985025 -0.0351993 0.00858111 0.00411269 0.00493904 -8.5024e-05 0.0239462 0.0112695 -0.0158049 0.0469157 0.0100823 -0.0139639 -0.01821 -0.0399217 -0.00652961 -0.0363532 0.0290172 -0.000775895 0.0132496 0.0164674 0.0041611 0.0304741 0.0175837 0.00873555 -0.0485845 -0.0333033 -0.00688899 0.010689 -0.0167741 -0.0258299
internal_weight=132.597 28.9729 103.624 7.35921 94.5904 74.8149 19.7755 14.5626 8.27639 6.28618 43.1814 31.6335 29.5286 10.329 19.1997 6.42042 5.08505 2.9925 41.1124 38.4444 20.4644 17.98 15.0664 13.0033 21.6137 5.39795 9.28297 5.93696 3.57702 10.1117
internal_count=2689 1458 1231 174 1172 965 207 170 115 55 407 558 537 239 298 104 69 55 347 325 208 117 137 127 1284 71 105 67 50 202
is_linear=0
shrinkage=0.05


Tree=38
num_leaves=31
num_cat=0
split_feature=5 0 4 3 4 2 3 3 6 2 15 7 1 3 12 13 4 13 10 14 9 9 7 2 11 15 11 14 14 9
split_gain=16.3442 5.79659 5.3797 3.86217 3.33091 3.08601 2.79402 2.57367 2.66303 2.40451 3.59188 2.2251 4.34475 3.17718 4.2099 3.14886 2.8447 3.39825 2.77876 2.75572 2.67008 4.45701 2.59339 2.34102 2.27295 2.34968 2.28687 2.27354 2.46491 2.25987
threshold=3.6165577342052289 1.0000000180025095e-35 1.0000000180025095e-35 -7.176252769025079 97.906969744187066 3.1347979120951552 4.4383538965176657 -3.3979406402213441 1.4530062656893687 -2.5184489683014677 1.627326525741905 -0.3255856299620164 -0.22683965781442494 -1.6327450100474694 -75.864499999908716 -0.73634581995204684 37.884436160298065 -1.0136852711439759 -0.8802451747458403 0.96183117241880223 2.059481194535898 1.3747566745285937 -1.2662898919671635 0.12122200764965246 4927984.5000000009 0.33582402597381633 -186827.49999999997 2.2530142512203231 -1.5719620917985024 -0.067162039231490736
decision_type=2 2 2 2 2 2 2 2 2 2 2 2 2 2 2 2 2 2 2 2 2 2 2 2 2 2 2 2 2 2
left_child=1 -1 -2 -3 6 -6 7 -4 11 -5 -11 13 -13 15 16 -9 -15 -18 -19 23 21 24 -17 -16 25 27 -27 28 -14 -28
right_child=2 3 4 9 5 -7 -8 8 -10 10 -12 12 20 14 19 22 17 18 -20 -21 -22 -23 -24 -25 -26 26 29 -29 -30 -31
leaf_value=-0.048438756006825935 0.045668826720183131 -0.051496681756843132 -0.053491112444518013 0.070430739098158529 0.009617690313809827 0.066616276242775038 -0.057144498997665431 0.062354395466722293 0.041808626307082791 -0.052658379677402438 0.059673458942305871 -0.038700798606064464 0.038262959741864888 -0.057319511494900222 -0.032145706620671927 0.045235169151816919 0.036772899509116171 -0.04636976982336688 0.0032396759653996274 0.083533808228633322 0.042037251319822472 -0.051728885798201833 -0.036656764893934428 0.044871633760084115 0.055347555863764303 0.037406658694522109 -0.047672174868822706 0.033074109504572388 -0.039689321549851289 0.014845397896313227
leaf_weight=20.622398748993877 8.7853195592761022 2.1664161253720522 1.9736771825700987 2.0233452320098877 6.0213104039430601 3.9211252257227898 1.9840853679925192 5.1802210696041584 4.4683015514165154 1.5407858695834868 1.3224009871482847 8.0663649663329036 1.1828625872731162 2.6590672209858921 1.6538440790027333 1.8635814506560566 4.2729851100593867 4.47614580765367 7.6414116602390907 2.1650272123515606 3.7401494476944199 4.016180893406271 2.008979067206381 2.4457872584462166 2.0597700867801896 5.9543174747377634 2.1328467801213264 1.8251410983502854 7.1081339605152882 4.4854570981115085
leaf_count=1284 59 105 46 14 37 27 48 33 40 45 10 148 15 36 36 17 35 76 103 19 34 62 26 26 19 56 26 16 150 41
internal_value=-0.000975148 -0.0350566 0.00826373 0.00407197 0.00474184 0.032097 0.00147934 0.00290862 0.00431045 0.028708 -0.000776424 0.00207457 -0.0058551 0.0114358 0.00234441 0.0368579 -0.00934867 -0.00156628 -0.0150857 0.0379008 0.00229584 -0.00287156 0.00275186 0.0138018 0.00505699 0.000491424 0.0149247 -0.0174466 -0.028568 -0.00530182
internal_weight=129.767 27.6753 102.092 7.05295 93.3068 9.94244 83.3643 81.3803 79.4066 4.88653 2.86319 74.9383 40.5712 34.367 25.3143 9.05278 19.0496 16.3905 12.1176 6.26466 32.5049 28.7647 3.87256 4.09963 24.7485 22.6888 12.5726 10.1161 8.291 6.6183
internal_count=2689 1458 1231 174 1172 64 1108 1060 1014 69 55 974 567 407 331 76 250 214 179 81 419 385 43 62 323 304 123 181 165 67
is_linear=0
shrinkage=0.05


Tree=39
num_leaves=31
num_cat=0
split_feature=5 0 4 3 2 13 8 16 12 4 15 3 3 15 2 10 2 4 8 14 8 8 13 2 15 3 13 14 10 7
split_gain=15.3816 5.50668 5.03069 3.65477 3.08305 3.00536 3.14328 3.54021 2.61646 2.86029 2.80371 3.26283 2.74055 5.5045 2.60321 6.51826 3.7757 4.14156 3.13454 2.78391 2.40503 3.82864 2.95476 2.24129 3.39547 2.1931 2.69202 2.67245 2.4269 3.77121
threshold=3.6165577342052289 1.0000000180025095e-35 1.0000000180025095e-35 -7.176252769025079 5.1958015389559042 1.8055065347821584 1.6739861403912364 -0.00091966999999999993 1178.2915000002833 69.183285849952455 0.33582402597381633 1.9968988033668105 3.163181148789985 -1.1227760240494475 0.41865305419065496 1.0325216880663362 0.09781615809807262 53.95010395010403 1.0410607818903099 -1.5014011539687215 -0.49011980705392993 -1.3290272387793134 -0.82871674096451298 -2.5184489683014677 1.627326525741905 -1.2428259718070862 -0.34931427299357615 -0.68702660217318112 -0.99108743168350377 -1.3829835966183321
decision_type=2 2 2 2 2 2 2 2 2 2 2 2 2 2 2 2 2 2 2 2 2 2 2 2 2 2 2 2 2 2
left_child=1 -1 -2 -3 5 8 7 -7 9 10 11 20 -11 -14 16 -16 17 18 19 -12 21 -4 -23 -5 -25 27 -27 -21 29 -29
right_child=2 3 4 23 -6 6 -8 -9 -10 12 14 -13 13 -15 15 -17 -18 -19 -20 25 -22 22 -24 24 -26 26 -28 28 -30 -31
leaf_value=-0.048281925245950458 0.04464525178035008 -0.051423239850358626 -0.04951717584640427 0.069309370466822048 0.054706089540754746 0.048853234710254323 0.030393349907393442 -0.056892462794556536 -0.043220234328202829 0.046678664889464094 -0.037651032024969749 0.032336870261040374 0.061336851339414737 -0.058971166945593151 -0.059166950207747607 0.04976365968677833 0.051226489868738317 -0.059539537319417128 -0.043757192006727084 0.056094053131327183 -0.031862790167474751 0.045441776383987532 -0.01459863104035484 -0.052527283331413779 0.059118794468104065 0.078411735593966914 0.018854951962099565 0.036958069445270338 0.024335781498384702 -0.055799025394517171
leaf_weight=19.678762520663444 8.5435904636979085 2.0636276295408607 2.8441594857722512 1.9550123959779737 2.9643522184342137 0.921132056042551 1.9444218613207338 5.6234949789941302 2.6283698501065365 8.0430798642337304 1.9106713179498971 4.0683480203151694 1.7329876497387888 2.1063427394255987 3.6956187831237903 2.1854505026713014 6.61136420816183 2.0346389524638644 2.1002748273313037 2.8235373254865488 11.891562519595032 4.4442802658304563 3.8023115303367367 1.4692064095288508 1.2694088816642759 3.5692296549677849 4.0507507417350981 1.6583562046289499 5.3811347912996927 3.2301865499466662
leaf_count=1284 59 105 66 14 29 8 22 109 31 61 25 41 13 48 57 18 43 23 23 17 268 41 70 45 10 19 26 16 47 51
internal_value=-0.000962635 -0.0349097 0.00793954 0.00403341 0.00454069 0.00287546 -0.0254253 -0.0420091 0.00584835 0.00749792 0.00344932 -0.00893612 0.0300884 -0.00466683 0.011985 -0.0186875 0.0173906 0.00903068 0.0146736 0.020098 -0.0162423 0.00050607 0.0177585 0.0284158 -0.000776852 0.025425 0.0467516 0.0130133 0.00116873 -0.0243327
internal_weight=127.246 26.436 100.81 6.75726 92.2661 89.3017 8.48905 6.54463 80.8127 78.1843 66.3019 27.0507 11.8824 3.83933 39.2512 5.88107 33.3701 26.7588 24.7241 22.6239 22.9823 11.0908 8.24659 4.69363 2.73862 20.7132 7.61998 13.0932 10.2697 4.88854
internal_count=2689 1458 1231 174 1172 1143 139 117 1004 973 851 486 122 61 365 75 290 247 224 201 445 177 111 69 55 176 45 131 114 67
is_linear=0
shrinkage=0.05


Tree=40
num_leaves=31
num_cat=0
split_feature=5 0 4 3 2 13 10 16 3 12 4 15 3 9 2 10 5 8 8 6 16 4 3 15 13 2 15 8 4 15
split_gain=14.4846 5.22975 4.69931 3.45939 2.84637 2.77855 2.96602 3.15847 2.65706 2.5528 2.2867 2.9495 2.90094 3.93087 2.81693 6.08087 3.5367 2.62686 3.94734 2.65923 3.49268 2.46541 2.42969 5.19257 2.19423 2.09094 3.21095 2.00535 1.94585 2.96459
threshold=3.6165577342052289 1.0000000180025095e-35 1.0000000180025095e-35 -7.176252769025079 5.1958015389559042 1.8055065347821584 1.4750557599284468 -0.00091966999999999993 -3.3979406402213441 1178.2915000002833 69.183285849952455 0.33582402597381633 1.6796348742759728 0.45596813782955065 0.41865305419065496 1.0325216880663362 69.122426868905663 -0.24533152232160579 -1.3290272387793134 -0.51099903758684551 -5.0499999999999994e-05 61.383572567783126 3.163181148789985 -1.1227760240494475 -1.0759836979215354 -2.5184489683014677 1.627326525741905 1.0410607818903099 49.742268041237146 -0.89411303720323221
decision_type=2 2 2 2 2 2 2 2 2 2 2 2 2 2 2 2 2 2 2 2 2 2 2 2 2 2 2 2 2 2
left_child=1 24 -2 -3 5 8 7 -7 -4 10 11 12 13 17 16 -16 27 18 -10 20 -20 -19 -12 -24 -1 -5 -27 -13 -14 -30
right_child=2 3 4 25 -6 6 -8 -9 9 -11 22 14 28 -15 15 -17 -18 21 19 -21 -22 -23 23 -25 -26 26 -28 -29 29 -31
leaf_value=0.063268392566480286 0.043642584829695519 -0.051353424898857705 -0.053367614278750156 0.068254400830913081 0.053053159055427547 0.041379376936285496 0.028879979052803751 -0.056600548323695224 -0.056168356766564724 -0.04192338481402752 0.044426731287424637 0.019470403314472615 -0.022293721142913052 -0.053533272018560112 -0.058724694680284566 0.047464538680896312 0.076762622898075838 -0.047517464604907675 -0.054160775286749167 0.058665592179748642 0.058131418972053775 0.036371891847961101 0.060713543724082455 -0.058602685482140648 -0.050744060969914018 -0.052402738232744384 0.058600447732681783 -0.022974920700271389 0.077430767286065377 0.00099015754641041407
leaf_weight=0.43193974718452111 8.3088915273547155 1.9655846450477836 1.8648144397884596 1.8876777961850164 2.9053976796567431 0.97224145941436191 1.9614615868777034 5.3408496323972932 1.6012237723916767 2.5755559410899869 8.0286062825471145 25.987957148812718 2.0110045820474616 5.5329144913703194 3.5411857338622204 2.1769648529589176 2.5118299499154082 4.3313183998689153 1.5963514149188998 3.7927609356120175 1.2229704968631265 1.0978049598634241 1.6649628058075907 2.0158958854153743 18.347832251340151 1.4007900841534131 1.2179087772965429 3.1164297461509696 2.3266238551586866 2.7887122891843319
leaf_count=14 59 105 46 14 29 10 19 110 33 31 61 211 27 160 57 18 12 120 35 35 11 11 13 48 1270 45 10 30 17 28
internal_value=-0.000952248 -0.0347639 0.00764815 0.00399687 0.00436039 0.00275385 -0.0248252 -0.0415112 0.00561406 0.00702562 0.00869885 0.00496238 -0.00786255 -0.0179856 0.0139974 -0.0182972 0.0198383 -0.00356859 0.0142695 0.0313272 -0.00545047 -0.0305545 0.029005 -0.00463238 -0.0481217 0.0281395 -0.000777194 0.0149255 0.0193761 0.0357579
internal_weight=124.526 25.2517 99.2747 6.47196 90.9658 88.0604 8.27455 6.31309 79.7859 77.9211 75.3455 63.6361 26.3017 19.1753 37.3344 5.71815 31.6162 13.6424 8.21331 6.61208 2.81932 5.42912 11.7095 3.68086 18.7798 4.50638 2.6187 29.1044 7.12634 5.11534
internal_count=2689 1458 1231 174 1172 1143 139 120 1004 958 927 805 477 405 328 75 253 245 114 81 46 131 122 61 1284 69 55 241 72 45
is_linear=0
shrinkage=0.05


Tree=41
num_leaves=31
num_cat=0
split_feature=5 0 15 4 3 2 13 8 16 15 2 14 3 4 15 3 8 12 6 9 5 11 13 6 9 13 4 2 15 5
split_gain=13.6448 4.96695 4.51519 8.26361 3.27526 2.58289 2.64653 2.84575 3.16537 2.57056 5.52782 4.31521 4.02748 2.70539 3.40609 3.0335 2.99967 3.71431 2.14259 2.19116 2.6134 2.54715 3.75235 2.27519 4.2614 2.05576 1.95821 1.9523 3.03746 1.89023
threshold=3.6165577342052289 1.0000000180025095e-35 -2.4869132381863133 1.0000000180025095e-35 -7.176252769025079 5.1958015389559042 1.8055065347821584 1.6739861403912364 -0.00091966999999999993 -1.2554193238977274 0.45157252445330959 -0.91894766731255706 3.2565514854209323 69.183285849952455 0.17113793732566482 1.9968988033668105 -0.791510436485939 -142.42749999999066 1.4530062656893687 0.91471677106989568 52.941176470587521 -2366537.9999999995 -0.59316723400718041 0.14180334341514655 -0.11041733516649389 -1.0759836979215354 56.550343249427875 -2.5184489683014677 1.627326525741905 81.972222222222413
decision_type=2 2 2 2 2 2 2 2 2 2 2 2 2 2 2 2 2 2 2 2 2 2 2 2 2 2 2 2 2 2
left_child=1 25 -2 -4 -3 6 9 8 -8 10 11 -5 13 14 15 16 17 -11 19 21 -21 22 -16 -23 -25 -1 -22 -6 -29 -15
right_child=2 4 3 5 27 -7 7 -9 -10 12 -12 -13 -14 29 18 -17 -18 -19 -20 20 26 23 -24 24 -26 -27 -28 28 -30 -31
leaf_value=0.056675663736433346 -0.077036376910134277 -0.051287059555612795 0.06048327662642216 0.058560319662984854 0.067261355115460983 0.051423347729368574 0.044151815100230793 0.028142838748456345 -0.056262088796585674 -0.04018605282761456 0.06186124614122699 -0.05308080202817899 -0.057989923622569606 0.070608648152326522 0.018922266375666949 0.02804158222808293 -0.048814827596479607 0.045701127668226788 0.051367485354554626 -0.05090313011553687 0.032734502119533951 0.032459639334045408 -0.049512222566042957 -0.041321896076699005 0.028217016294334898 -0.050707244571424628 -0.02399189042542977 -0.052284409477274744 0.058115535416493405 0.014245432917461685
leaf_weight=0.45737172663212433 1.5593477282673109 1.8720803698524831 7.1413366943597785 1.3017142415046694 1.8214509338140485 2.8490642178803673 0.92489181086420913 1.963316388428211 5.1826900029554954 2.6322122765704989 5.6304772365838289 2.5832178788259608 2.6477884333580723 2.4351951405405989 4.4059738479554653 2.853932809084653 7.6221196185797444 2.4126034835353485 2.7583702094852915 3.3363143820315582 3.0201241672039032 14.74347421713175 3.6727891210466463 3.6371860923245549 5.587668336927889 17.465350080281496 3.0656195189803839 1.3354122489690774 1.167931869626045 3.8224112633615732
leaf_count=14 18 105 54 8 14 29 8 22 109 50 42 71 72 22 35 27 222 28 19 48 17 123 62 49 38 1270 26 45 10 32
internal_value=-0.000943216 -0.0346251 0.00736434 0.00873199 0.00396224 0.00458364 0.00303622 -0.0242228 -0.0410561 0.0058507 0.0302055 -0.0156735 0.00247512 0.00490064 0.00162471 -0.0185275 -0.0290198 0.000888135 0.00869677 0.00585848 -0.0153381 0.0120904 -0.0121896 0.0202742 0.000799135 -0.0479669 0.00415927 0.0278781 -0.000777462 0.0361796
internal_weight=121.909 24.1196 97.7898 96.2305 6.19688 89.0892 86.2401 8.0709 6.10758 78.1692 9.51541 3.88493 68.6538 66.006 59.7484 15.5209 12.6669 5.04482 44.2275 41.4691 9.42206 32.0471 8.07876 23.9683 9.22485 17.9227 6.08574 4.3248 2.50334 6.25761
internal_count=2689 1458 1231 1213 174 1159 1130 139 117 991 121 79 870 798 744 327 300 78 417 398 91 307 97 210 87 1284 43 69 55 54
is_linear=0
shrinkage=0.05


Tree=42
num_leaves=31
num_cat=0
split_feature=5 0 4 3 4 15 15 12 3 6 4 14 9 12 9 13 6 13 4 15 9 14 10 5 1 13 8 2 3 3
split_gain=12.8581 4.71606 4.1024 3.10163 2.42138 2.99447 2.95911 4.51521 3.99853 2.77692 2.51023 2.41254 2.645 3.1868 3.19634 4.02862 3.00689 2.50125 2.10986 2.05969 2.49272 1.95762 2.08596 2.6015 2.1923 1.93776 1.8795 2.9303 2.15191 3.61407
threshold=3.6165577342052289 1.0000000180025095e-35 1.0000000180025095e-35 -7.176252769025079 69.183285849952455 0.33582402597381633 -1.2554193238977274 396.73999999999074 0.60702178002838536 1.1955706258773666 62.335890878090375 -1.5719620917985024 0.41157329701900608 92.990499999839827 -0.19885537850640048 -0.82208951955513887 -0.59653800270557611 -0.26642384895997323 72.783119658119688 1.8978170093819877 0.095859679248531296 1.6316062089972891 -2.9627372061804622 29.62962962962952 -0.77040413132502772 -1.0759836979215354 0.27370539665430377 0.31943227151629522 -0.78842567194533664 -2.0552199124724631
decision_type=2 2 2 2 2 2 2 2 2 2 2 2 2 2 2 2 2 2 2 2 2 2 2 2 2 2 2 2 2 2
left_child=1 25 -2 -3 5 11 -6 8 -8 -9 19 -4 13 14 15 16 -13 -16 -10 21 -21 22 -7 24 -24 -1 27 28 29 -25
right_child=2 3 4 -5 6 10 7 9 18 -11 -12 12 -14 -15 17 -17 -18 -19 -20 20 -22 -23 23 26 -26 -27 -28 -29 -30 -31
leaf_value=0.051097493009216566 0.041776803375775468 -0.051223965118534144 0.042192707318424075 0.02763073280806216 0.05586254690163657 0.092892595930009675 0.04791336898687161 0.011801307273772085 0.014235691689984285 0.079659726491748073 -0.035097493607537826 -0.019098659858199706 -0.036362724909850118 -0.045093079603979708 0.0038504911380989777 -0.039194773105011238 0.066682408649635747 0.083270628491014506 -0.053983967678418447 -0.057380289377257233 0.012050502428126908 0.0551769707622628 0.015259886684418536 0.036290862140543494 -0.043040389010633888 -0.050672278512000547 0.03640750869286425 -0.042202375515076954 0.040515114491937926 -0.04355716302628334
leaf_weight=0.48127866536379471 7.8335723951458922 1.7829160820692775 1.8816043548285986 4.1488762982189646 4.4157605469226864 0.79049017280340095 1.841501135379074 3.5187697103247046 1.5260460805147884 2.6378254424780607 3.0636017341166726 1.873264994472265 10.254784133285282 3.6984186470508567 1.9175420850515368 4.965965686365962 2.2469793576747215 2.0525264451280245 4.4047115566208959 2.2187166754156342 3.0974858300760388 2.9921793490648261 2.8960999185219407 2.8361886795610207 3.6381628904491725 16.624730535782874 8.9568556444719416 2.4828415326774111 5.3926920257508755 2.8323202021420002
leaf_count=14 59 105 21 69 37 5 11 36 24 19 42 25 228 96 22 126 19 21 80 34 29 16 37 20 60 1270 72 34 34 24
internal_value=-0.000933065 -0.0344873 0.00709687 0.00392941 0.00402486 -0.000207901 0.0201968 0.00889 -0.0164466 0.0408756 0.00844679 -0.0125492 -0.0163627 -0.00412166 0.00748421 -0.00886869 0.0276821 0.0449107 -0.0364303 0.011945 -0.0169264 0.016622 0.012754 0.0105722 -0.0172007 -0.047809 0.0186375 0.00688595 0.0179045 -0.0036059
internal_weight=119.305 23.0378 96.2669 5.93179 88.4333 70.0887 18.3446 13.9289 7.77226 6.1566 41.1976 28.8911 27.0095 16.7547 13.0563 9.08621 4.12024 3.97007 5.93076 38.134 5.3162 32.8178 29.8257 29.0352 6.53426 17.106 22.5009 13.544 11.0612 5.66851
internal_count=2689 1458 1231 174 1172 965 207 170 115 55 407 558 537 309 213 170 44 43 104 365 63 302 286 281 97 1284 184 112 78 44
is_linear=0
shrinkage=0.05


Tree=43
num_leaves=31
num_cat=0
split_feature=5 0 15 4 13 3 2 13 10 16 12 7 15 2 12 3 15 9 9 4 8 14 13 15 6 14 15 13 14 14
split_gain=12.0495 4.5452 4.22797 7.56251 2.95839 2.39129 2.16454 2.57073 2.62264 2.79552 2.26528 2.26063 2.28088 4.43721 4.11229 2.96108 2.31401 3.55129 3.15824 3.50438 2.74405 2.71004 1.83589 1.47545 3.05743 2.10272 1.84873 1.83366 2.23284 2.46393
threshold=3.6165577342052289 1.0000000180025095e-35 -2.4869132381863133 1.0000000180025095e-35 -0.39292802975557434 -3.3979406402213441 5.1958015389559042 1.8055065347821584 1.4750557599284468 -0.00091966999999999993 1178.2915000002833 1.4430343206643317 -1.2554193238977274 0.45157252445330959 -304.15550000010984 3.2565514854209323 0.37127068101711364 -1.0830356700802672 0.43362730389006948 65.991345397324878 0.052324914495281351 -0.90617100679751983 -1.0759836979215354 1.8978170093819877 0.86087794494261827 0.8112322795882404 1.5074299050263928 -0.21190203351641729 -0.70154928994794974 -0.47215298930321425
decision_type=2 2 2 2 2 2 2 2 2 2 2 2 2 2 2 2 2 2 2 2 2 2 2 2 2 2 2 2 2 2
left_child=1 22 -2 -4 -3 -5 7 10 9 -9 11 12 13 14 -7 16 17 -14 20 -20 -19 -22 -1 25 -25 27 -27 28 -18 -30
right_child=2 4 3 5 -6 6 -8 8 -10 -11 -12 -13 15 -15 -16 -17 23 18 19 -21 21 -23 -24 24 -26 26 -28 -29 29 -31
leaf_value=0.046318319059192731 -0.075847618490483673 -0.050799698335103963 0.059508718972147545 -0.053257646423552879 0.027022926292341501 0.059310505585268139 0.049227885993921243 0.037185888530325034 0.026659416979308417 -0.055809193483856878 -0.040341726484466572 0.047095687581384722 -0.049279445026781638 0.060522398524260272 -0.05351884975011606 -0.056926738722666265 0.037307737485893798 0.038469286260302195 -0.053352029221264058 0.013375028798771929 0.033490378654754648 -0.057333147734230407 -0.050639061414025882 -0.042354436433023508 0.038147457822814715 0.061349694706699466 0.012368898777931665 -0.025715332613328392 -0.043019822103273736 0.013288617170977988
leaf_weight=0.50377440825105146 1.521148795261978 1.7412010263651607 6.6652586534619322 1.7714461376890529 4.0890233330428591 1.264928028918803 2.7312158402055493 0.97027549147605885 1.957113843411207 4.8359283776953808 2.4596824534237376 3.5959067838266483 4.1584444716572717 5.0559509992599487 2.2335051242262036 1.9949968140572298 7.1797816678881707 6.8503506919369261 4.1568132303655139 3.7361978208646178 1.4806890655308964 1.8444290449842808 15.824044030159712 3.1419421667233101 1.8883327413350341 4.3175243884325019 3.4786236211657524 3.1950838044285801 2.418240372091538 9.8809872828423888
leaf_count=14 18 122 54 46 52 15 29 10 19 110 31 35 87 40 59 64 42 66 130 37 20 59 1270 39 19 24 25 53 21 79
internal_value=-0.000920742 -0.0341156 0.0068393 0.00818794 0.00378114 0.00423791 0.00543859 0.00398178 -0.0233963 -0.0402688 0.00684117 0.0084559 0.00642087 0.0305676 -0.0127232 0.00296219 0.00503189 -0.00761952 0.00196847 -0.0217664 0.0203794 -0.016889 -0.0476476 0.012953 -0.0121345 0.0170946 0.0394946 0.00939271 0.0151514 0.00221741
internal_weight=116.943 22.158 94.7848 93.2636 5.83022 86.5984 84.8269 82.0957 7.76332 5.8062 74.3324 71.8727 68.2768 8.55438 3.49843 59.7224 57.7274 22.2269 18.0685 7.89301 10.1755 3.32512 16.3278 35.5005 5.03027 30.4702 7.79615 22.6741 19.479 12.2992
internal_count=2689 1458 1231 1213 174 1159 1113 1084 139 120 945 914 879 114 74 765 701 399 312 167 145 79 1284 302 58 244 49 195 142 100
is_linear=0
shrinkage=0.05


Tree=44
num_leaves=31
num_cat=0
split_feature=3 3 5 13 3 11 15 9 3 14 12 13 13 15 1 5 11 3 12 9 11 1 6 9 11 9 7 9 9 6
split_gain=11.3148 5.64971 3.40236 4.31734 2.65099 3.00175 2.69157 3.83799 3.62967 2.60778 3.56715 3.28722 3.04415 2.67075 3.04265 2.48869 3.99703 2.35569 1.57607 1.32708 2.22784 2.52074 2.16269 2.06642 1.79671 3.0789 1.64227 1.68816 1.4703 1.30013
threshold=-7.176252769025079 20209.238033030986 93.732142857142819 1.6127225334141562 -0.021110536283508247 -6467918.4999999991 -1.4949771659743918 0.43362730389006948 3.6589641179602803 0.96183117241880223 -229.7700000000186 0.43976151747350162 -1.361923835978059 0.092560846337422509 -0.56587997743475615 44.862772695285322 -3919952.4999999995 -0.69142102648939907 -304.15550000010984 0.91471677106989568 -2366537.9999999995 -1.164581093078771 -0.51099903758684551 1.6405906445673899 -838820.49999999988 -0.01908728725705185 0.46753732693259259 -1.4069805396341371 0.52549609582351986 0.080703223198358723
decision_type=2 2 2 2 2 2 2 2 2 2 2 2 2 2 2 2 2 2 2 2 2 2 2 2 2 2 2 2 2 2
left_child=-1 2 3 9 -4 -6 -7 -8 -9 11 -11 13 -12 14 18 16 -14 -18 -2 20 21 -15 -23 -21 26 29 27 -22 -27 -26
right_child=1 -3 4 -5 5 6 7 8 -10 10 12 -13 15 19 -16 -17 17 -19 -20 23 24 22 -24 -25 25 28 -28 -29 -30 -31
leaf_value=-0.050723285342873327 0.046513263179205934 -0.050634291553967814 0.057281509143970316 -0.042394666627358794 -0.055537424700877018 0.05884150211364917 0.036744549872414836 -0.038216869677540788 0.028569076934407703 -0.024864057590981925 0.083776232796032385 -0.051505319661394801 0.072365661798599351 0.042145722939393372 -0.044319050965578616 0.040665214969716673 0.010523848694871106 -0.055068508694120957 -0.019982329492831834 -0.036832031459194198 0.063315841679634347 -0.05302189151528669 0.015400291179815407 0.013671709484084929 0.0077381336625128045 0.05087117433004567 0.076216379041582613 -0.004545888193989509 0.0056496628225962764 -0.035507024099506866
leaf_weight=10.368236888200043 1.8367125643417241 4.5192454867064944 4.4508111253380802 5.3016780586913219 1.4141030311584533 3.620625523850328 7.7032205928116992 5.1723414249718171 3.3533636368811131 3.7308186963200596 2.2166331261396452 3.1259970944374791 1.4756651241332326 1.6299176830798385 5.858440703712402 7.6042512189596891 2.9112266134470737 2.5836473647504938 1.7308594435453413 3.8069235896691662 1.5529005695134404 3.3292487654834981 1.7682947665452915 4.3280575778335333 3.7301943227648691 4.6965435426682385 2.3870350513607264 2.2360193114727709 2.9118548752740026 3.2542781224474311
leaf_count=825 21 370 34 200 8 34 64 63 30 49 11 158 18 19 229 67 40 49 34 49 14 56 23 32 40 29 16 30 26 51
internal_value=-0.000909331 0.00404537 0.00652338 0.00107939 0.0221914 0.0148465 0.0198607 0.0111642 -0.0119484 0.00443407 0.0193601 -0.00192325 0.0291861 0.00151667 -0.022151 0.0208837 -0.000696189 -0.0203172 0.014252 0.0077778 0.0130264 -0.0119803 -0.0292868 -0.0099625 0.0211266 0.0115594 0.0437325 0.0232675 0.0335642 -0.0124111
internal_weight=114.609 104.241 99.7217 74.0072 25.7145 21.2637 19.8496 16.2289 8.52571 68.7055 20.5222 48.1833 16.7914 45.0573 9.42601 14.5748 6.97054 5.49487 3.56757 35.6313 27.4963 6.72746 5.09754 8.13498 20.7688 14.5929 6.17595 3.78892 7.6084 6.98447
internal_count=2689 1864 1494 1261 233 199 191 157 93 1061 234 827 185 669 284 174 107 89 55 385 304 98 79 81 206 146 60 44 55 91
is_linear=0
shrinkage=0.05


Tree=45
num_leaves=31
num_cat=0
split_feature=3 3 15 4 2 1 13 5 5 5 15 14 10 6 9 0 7 3 4 3 16 10 12 12 3 5 0 7 14 5
split_gain=10.7292 5.33349 3.88197 5.39346 2.27718 2.34618 3.01145 2.42107 2.11166 2.69156 2.5388 2.48253 1.94347 1.92901 2.20428 2.05164 2.6287 2.47489 2.36665 2.64927 2.17727 2.17424 2.02999 2.77287 2.50121 1.83232 5.26878 1.6289 1.6236 1.38741
threshold=-7.176252769025079 20209.238033030986 -2.4869132381863133 1.0000000180025095e-35 -2.1413333269081849 -0.98288036874099671 -0.86867752588238079 12.132043734230477 17.595459236325912 29.62962962962952 -1.5366266708635894 0.96183117241880223 -0.5727033006754233 1.4530062656893687 0.82331011447242664 1.0000000180025095e-35 -0.96216015219005502 -0.76268922205713852 41.666666666666863 -0.88669261202728789 -0.00089271999999999995 0.35568065276067234 396.73999999999074 -57.855500000063323 -0.20107808538921693 99.743589743589794 1.0000000180025095e-35 -1.1318716000535829 -1.9536632900803641 98.095065312046458
decision_type=2 2 2 2 2 2 2 2 2 2 2 2 2 2 2 2 2 2 2 2 2 2 2 2 2 2 2 2 2 2
left_child=-1 2 -2 25 -5 6 -6 -7 11 12 -11 -9 27 14 15 17 -17 -12 -18 -20 -19 -21 23 24 -16 26 -4 -10 -22 -24
right_child=1 -3 3 4 5 7 -8 8 9 10 13 -13 -14 -15 22 16 18 20 19 21 28 -23 29 -25 -26 -27 -28 -29 -30 -31
leaf_value=-0.050687805962894177 -0.070041600422513922 -0.050602989025279654 -0.050589830629652492 -0.053084986185933318 0.10298701798571053 -0.042067306718787868 0.0046565892924078879 -0.0061339288094835161 0.029600736058419026 0.045862407372245728 -0.040985203853744157 0.08101270077402252 -0.053955030109078816 0.035257096004338309 0.025132124503656723 0.058945137797802721 -0.028441275218757694 0.065465387025422012 0.067979599759806594 -0.046221702277258137 -0.059759753120370629 0.020262052464758398 0.023867271359925345 -0.045430457716751894 -0.028459249909633985 0.058619705669468572 0.059429556920780613 -0.029969683625334826 0.0052218958981937822 -0.020889303834155173
leaf_weight=9.8693013004958612 1.6384177478030313 4.3014314454048863 1.772738172672687 1.7488692561164487 1.3596496880054476 2.886062452569603 1.8221680372953404 1.4347356725484126 2.0444111740216613 3.7880974756553618 3.4441396566107771 1.8986673876643179 3.3068708470091215 4.5013738330453625 4.2026111083105198 3.6525385100394514 2.9541539363563052 1.4015012662857778 2.437244124710559 1.4791632667183856 1.050231045112002 7.2931406972929835 5.5078245615586621 6.6861151447519687 4.5175954187288871 6.1997036710381508 2.8181399926543236 2.6158707952126861 11.345672277733717 2.5254964269697666
leaf_count=825 30 370 154 45 7 96 37 28 20 52 52 13 87 44 39 28 36 10 17 31 21 86 59 124 85 54 25 48 143 23
internal_value=-0.000894162 0.00389397 0.00627786 0.00757103 0.00338582 0.00455936 0.046675 0.00290445 0.00456658 0.0028303 0.00610718 0.0435038 -0.024639 0.00371671 0.00128968 0.00922598 0.0211249 -0.0030696 0.0113719 0.0218642 0.00639498 0.00905173 -0.0105803 -0.0212056 -0.00263146 0.0408896 0.0169463 -0.00383684 -0.000283612 0.00979681
internal_weight=112.504 102.635 98.3332 96.6948 85.9042 84.1553 3.18182 80.9735 78.0875 74.7541 66.7869 3.3334 7.96715 62.9988 58.4974 35.0578 17.8162 17.2415 14.1637 11.2095 13.7974 8.7723 23.4396 15.4063 8.72021 10.7906 4.59088 4.66028 12.3959 8.03332
internal_count=2689 1864 1494 1464 1231 1186 44 1142 1046 1005 850 41 155 798 754 424 198 226 170 134 174 117 330 248 124 233 179 68 164 82
is_linear=0
shrinkage=0.05


Tree=46
num_leaves=31
num_cat=0
split_feature=3 3 15 4 2 1 13 5 15 5 14 5 7 7 5 0 4 12 13 12 9 14 13 10 4 16 9 12 1 1
split_gain=10.1761 5.03676 3.52999 5.13391 2.14786 2.11761 2.74613 2.25355 1.93236 2.09115 2.67489 2.33436 1.90604 1.77011 1.73172 4.96062 1.55269 2.66073 2.6076 2.86023 2.65658 2.41786 2.1184 1.98138 3.82249 2.41141 1.95251 1.88777 1.87256 1.78213
threshold=-7.176252769025079 20209.238033030986 -2.4869132381863133 1.0000000180025095e-35 -2.1413333269081849 -0.98288036874099671 -0.86867752588238079 12.132043734230477 -1.5972072573563747 18.301435406698996 0.96183117241880223 29.62962962962952 -1.3900427331985623 1.4430343206643317 99.743589743589794 1.0000000180025095e-35 54.438025210083993 200.79500000015835 -0.86867752588238079 396.73999999999074 0.63254970861018689 -1.0000000180025095e-35 -0.45019892899963704 -0.99108743168350377 42.388591800356444 -0.00055864999999999984 -0.70294081822334253 -203.30700000002977 0.10222936877597422 0.48383285644471397
decision_type=2 2 2 2 2 2 2 2 2 2 2 2 2 2 2 2 2 2 2 2 2 2 2 2 2 2 2 2 2 2
left_child=-1 2 -2 14 -5 6 -6 -7 -9 10 -10 12 -11 16 15 -4 17 23 28 20 21 26 -19 -13 25 -25 -20 -26 -18 -21
right_child=1 -3 3 4 5 7 -8 8 9 11 -12 13 -14 -15 -16 -17 18 22 19 29 -22 -23 -24 24 27 -27 -28 -29 -30 -31
leaf_value=-0.050654073630199692 -0.066941030457960959 -0.050573248925816709 -0.050560734125647266 -0.052931724476481049 0.098415780910771702 -0.041358614602857315 0.0044123410058113516 0.037477357898211987 -0.0069715571035023323 0.029523545880482623 0.081891978126936771 -0.0071997273129233586 -0.038632176520863447 0.036125976039340445 0.058148925020083647 0.058582146286776673 0.0078450892791203618 0.024308013275076475 -0.023924574488475819 0.055308997977252652 -0.032967624561527922 -0.042397101470974606 -0.042355416527237913 0.036116212399597676 0.0022194362073895326 -0.036486247592225726 0.040128147828513983 0.049687111526774477 -0.061147186760164944 0.0067882222106726469
leaf_weight=9.3940639859065396 1.6288466211408366 4.0939936712384215 1.6872266745194773 1.6682710582390416 1.351849749684334 2.7911660410463801 1.8267622059211124 4.1702730003744213 1.5772081650793688 1.2452062582597134 1.8286948129534719 6.384786236099905 5.8221796955913296 3.9413857720792285 5.9438751339912415 2.7184953689575195 1.3969342550262691 1.7288558743894098 1.6213241219520567 2.8905283724889141 7.963598657399416 1.8346862643957296 3.8356892867013803 1.7444286458194254 2.6416898099705639 3.3210608409717706 4.4696806371212006 10.113110154867163 3.32314283400774 5.4807326272130013
leaf_count=825 30 370 154 45 7 96 37 64 32 13 12 87 125 38 54 25 15 17 28 23 159 38 67 17 29 37 41 100 49 55
internal_value=-0.000877035 0.00375066 0.00604461 0.00729176 0.00324212 0.00436706 0.0443916 0.00277929 0.00437231 0.00248538 0.040741 0.00061759 -0.0266238 0.00368858 0.0405405 0.0167845 0.00151245 0.00953245 -0.0067259 -0.000110432 -0.0125717 0.00792172 -0.0216437 0.0166996 0.0252624 -0.0114838 0.0230784 0.0398559 -0.0407285 0.0235421
internal_weight=110.44 101.046 96.9517 95.3228 84.9732 83.305 3.17861 80.1264 77.3352 73.1649 3.4059 69.759 7.06739 62.6916 10.3496 4.40572 58.7502 29.7696 28.9806 24.2606 15.8893 7.92569 5.56455 24.2051 17.8203 5.06549 6.091 12.7548 4.72008 8.37126
internal_count=2689 1864 1494 1464 1231 1186 44 1142 1046 982 44 938 138 800 233 179 762 354 408 344 266 107 84 270 183 54 69 129 64 78
is_linear=0
shrinkage=0.05


Tree=47
num_leaves=31
num_cat=0
split_feature=3 3 15 4 3 13 10 16 15 2 3 15 15 9 11 13 9 14 10 10 7 1 7 3 14 8 12 5 0 7
split_gain=9.65271 4.75798 3.20768 4.88625 2.06037 2.01693 4.1696 2.32659 2.24314 4.52117 3.75884 1.94481 3.18603 3.06122 2.39048 3.0082 2.90723 3.02549 2.79357 2.21128 1.95814 4.18704 3.23349 2.97622 3.35431 1.93836 1.73426 1.63832 4.67094 1.46353
threshold=-7.176252769025079 20209.238033030986 -2.4869132381863133 1.0000000180025095e-35 -3.3979406402213441 1.8055065347821584 1.4750557599284468 -0.0010634999999999998 -1.2554193238977274 0.45157252445330959 -2.0552199124724631 -1.0000000180025095e-35 -0.68815068442550387 0.63254970861018689 -2366537.9999999995 -0.59316723400718041 -1.3722148370360892 -1.0239196303937736 -1.493713112735005 0.99317365796655421 -0.16910301648653142 -0.22683965781442494 -1.3829835966183321 1.0000000180025095e-35 1.2397425868390577 -2.0092978170102862 -147.03099999995899 99.743589743589794 1.0000000180025095e-35 1.4430343206643317
decision_type=2 2 2 2 2 2 2 2 2 2 2 2 2 2 2 2 2 2 2 2 2 2 2 2 2 2 2 2 2 2
left_child=-1 2 -2 27 -5 8 7 -7 9 10 -6 12 13 -10 15 -13 -16 19 25 -18 22 -22 -20 26 -25 -19 -24 28 -4 -23
right_child=1 -3 3 4 5 6 -8 -9 11 -11 -12 14 -14 -15 16 -17 17 18 20 -21 21 29 23 24 -26 -27 -28 -29 -30 -31
leaf_value=-0.050622004823678506 -0.063919114275766978 -0.050544987529686274 -0.050533087367452045 -0.053325330820860307 0.055472651614464019 0.060305462899845452 0.034711251613178375 -0.050347333357418728 0.034958714247746568 0.056867378251486092 -0.052955003481165809 0.011198826415834917 -0.055619444239310811 -0.037207969663225933 0.060575339167604297 -0.049076170244408371 -0.057243869377286941 0.015393707921034333 -0.028272833209899553 0.0095601936286566977 -0.045961880530146292 0.011422339235776105 0.032850732775403339 -0.05421291118573153 0.039638647389329193 -0.058090769341211171 0.078003408738351945 0.057706775954708849 0.057749964154757631 0.054492157594764973
leaf_weight=8.9414277579635364 1.6207765098661173 3.8964495696127406 1.6057955743744949 1.586948693729936 1.2300817091017964 0.51893645152449597 2.5856483895331621 5.6165901198983175 3.4926333297044039 5.812340660020709 2.2824224168434579 4.3399798553436995 3.4558272566646178 2.5367828104645014 2.8427968444302527 3.9576738337054689 2.8359152693301288 1.5164949903264644 1.9638624368235458 2.1994639365002513 3.1065844791009871 14.957827356644097 3.9022590760141584 1.4891775269061316 2.6395520977675915 2.1981762321665732 4.6735053509473632 5.6962114572525024 2.6222353652119637 2.2720066579058757
leaf_count=825 30 370 154 43 9 6 24 163 35 57 72 35 96 37 28 78 59 16 22 32 62 171 35 41 17 36 36 54 25 21
internal_value=-0.000860094 0.00361372 0.00582207 0.00702536 0.00310603 0.0041925 -0.018545 -0.0409884 0.00688291 0.0298024 -0.0149836 0.00356326 -0.0173429 0.00459571 0.0071756 -0.0175501 0.0115785 0.00839514 0.0131365 -0.0280637 0.0175116 0.00746815 0.0314359 0.0406657 0.00578765 -0.0280911 0.0574574 0.0402044 0.0166243 0.0171017
internal_weight=108.396 99.455 95.5585 93.9377 84.0135 82.4265 8.72117 6.13553 73.7054 9.32484 3.5125 64.3805 9.48524 6.02942 54.8953 8.29765 46.5976 43.7548 38.7194 5.03538 35.0048 20.3364 14.6684 12.7045 4.12873 3.71467 8.57576 9.92424 4.22803 17.2298
internal_count=2689 1864 1494 1464 1231 1188 193 169 995 138 81 857 168 72 689 113 576 548 457 91 405 254 151 129 58 52 71 233 179 192
is_linear=0
shrinkage=0.05


Tree=48
num_leaves=31
num_cat=0
split_feature=3 3 15 4 2 1 13 4 15 3 8 10 14 14 5 13 15 12 3 6 5 7 14 3 4 8 16 6 13 12
split_gain=9.15709 4.49745 2.91471 4.64685 1.98224 1.9264 2.45557 2.11503 2.33338 3.28743 2.94643 2.49611 2.27558 3.34529 2.88883 4.33078 2.2574 3.35059 3.13521 2.25225 2.16897 3.22196 2.15802 2.24766 2.13629 2.05335 2.04598 1.91669 1.77539 1.68711
threshold=-7.176252769025079 20209.238033030986 -2.4869132381863133 1.0000000180025095e-35 -2.1413333269081849 -0.98288036874099671 -0.86867752588238079 69.183285849952455 0.17113793732566482 1.6796348742759728 -0.68207310889594408 1.0722440542958844 -0.33709262944817203 -0.66513727561387304 29.62962962962952 -0.98950303657614136 -1.2554193238977274 396.73999999999074 0.60702178002838536 1.1955706258773666 46.666666666666877 -0.89911449964784262 -1.015272898649304 0.5368881764469754 55.440163581575611 -1.2883227300452136 -1.0000000180025095e-35 -0.88062412903701925 0.56484116058557043 43.018000000156469
decision_type=2 2 2 2 2 2 2 2 2 2 2 2 2 2 2 2 2 2 2 2 2 2 2 2 2 2 2 2 2 2
left_child=-1 2 -2 -4 -5 6 -6 8 9 10 25 28 13 14 -10 -16 -9 18 -18 -19 21 -14 23 -17 -22 -7 -20 -23 -11 -24
right_child=1 -3 3 4 5 7 -8 16 12 11 -12 -13 20 -15 15 22 17 19 26 -21 24 27 29 -25 -26 -27 -28 -29 -30 -31
leaf_value=-0.050591521182502902 -0.060993122042424922 -0.050518136460663922 0.039879931752207581 -0.052787999898902087 0.093604855270743512 -0.053235300740078574 0.0043265652192211144 0.053245550926842661 -0.054594845122826974 0.0040109631156492178 -0.052793849169915211 -0.041723197449575165 0.035417301599113958 -0.056750046415657708 0.075537495480953246 -0.04896384383130778 0.043731535462012278 0.0091820467665028448 -0.058528420974086282 0.070583417469407606 0.044836849660562686 0.022862670211899777 0.039178527767253155 0.015707939747084742 -0.0029108300631863464 0.01552017985329425 0.0047991140931044271 -0.037752580135700486 0.060903732215897649 -0.012849037656966794
leaf_weight=8.5103452075272781 1.6137883253395546 3.7083379644900551 9.5143378283828479 1.5631801690906275 1.3428061008453371 1.507859365083277 1.8061434496194113 3.6132469326257732 2.0257743410766187 3.5153409391641608 7.0750276083126744 1.7671148059889672 3.957564190030098 2.9318788992241016 2.098906151950362 3.5633625891059664 1.7314559668302516 3.4375413348898292 3.2501052599400286 2.6408241372555494 8.1314196772873384 1.7800105512142179 3.7649875888600866 2.1566380299627781 3.2905598375946274 3.8804046465083895 2.0992148099467154 4.8783783521503228 2.2482468374073505 2.6583592174574733
leaf_count=825 30 370 233 45 7 55 37 37 50 38 270 26 34 60 11 51 11 36 80 19 51 22 27 26 28 72 24 63 24 27
internal_value=-0.00085072 0.00348858 0.0056227 0.0067883 0.00298198 0.00405623 0.0423975 0.00250843 -0.00180059 -0.0158181 -0.0315779 0.0102642 0.00499576 -0.00758781 0.00127237 0.00921875 0.0182396 0.00862762 -0.0147484 0.0358587 0.0159588 -0.000311732 -0.00224405 -0.0245803 0.0310812 -0.00372045 -0.033677 -0.0215481 0.0262036 0.0176465
internal_weight=106.063 97.5528 93.8445 92.2307 82.7164 81.1532 3.14895 78.0042 61.2318 19.994 12.4633 7.5307 41.2378 19.1999 16.268 14.2423 16.7724 13.1591 7.08078 6.07837 22.0379 10.616 12.1433 5.72 11.422 5.38826 5.34932 6.65839 5.76359 6.42335
internal_count=2689 1864 1494 1464 1231 1186 44 1142 935 485 397 88 450 252 192 142 207 170 115 55 198 119 131 77 79 127 104 85 62 54
is_linear=0
shrinkage=0.05


Tree=49
num_leaves=31
num_cat=0
split_feature=3 3 15 4 2 13 10 15 2 3 16 14 5 5 5 12 9 9 2 3 1 13 3 14 5 0 11 5 6 6
split_gain=8.6868 4.25057 2.64648 4.27585 1.87211 1.83419 3.77265 2.14346 3.83435 3.8385 2.12359 1.95461 3.10141 4.78772 2.69421 4.25647 3.31101 4.56366 2.63528 3.33058 2.47047 2.45243 1.72283 1.78355 1.66223 4.41686 1.34094 1.25732 1.85304 1.80061
threshold=-7.176252769025079 20209.238033030986 -2.4869132381863133 1.0000000180025095e-35 -2.1413333269081849 1.8055065347821584 1.4750557599284468 -1.2554193238977274 0.45157252445330959 -2.0552199124724631 -0.0010634999999999998 1.0000000180025095e-35 20.227272727272982 46.666666666666877 29.62962962962952 -1332.7304999998303 0.67024489365080508 2.4548069516701925 -0.73719356081801102 -0.43484149010431078 0.60552284678555546 -0.98950303657614136 2.1042633216149969 -0.99729225271702704 99.743589743589794 1.0000000180025095e-35 -186827.49999999997 51.045751633986974 0.83791186668977358 0.10317421143708838
decision_type=2 2 2 2 2 2 2 2 2 2 2 2 2 2 2 2 2 2 2 2 2 2 2 2 2 2 2 2 2 2
left_child=-1 2 -2 24 -5 7 10 8 9 -6 -7 14 -13 -14 15 -9 18 -18 -16 21 27 -20 23 26 25 -4 -21 -15 29 -29
right_child=1 -3 3 4 5 6 -8 11 -10 -11 -12 12 13 20 16 -17 17 -19 19 22 -22 -23 -24 -25 -26 -27 -28 28 -30 -31
leaf_value=-0.050562535303124129 -0.058174479651330727 -0.050492618221656953 -0.05052744068087324 -0.052650051010811105 0.061622548626928321 0.056868455335441354 0.032106156014093133 0.074235611075287464 0.055318006565741887 -0.052870010481848563 -0.049785752268337292 0.049916203502678301 -0.0270207988275547 0.065395916653524316 0.06857973159692568 -0.053443247871878985 -0.037141789490880185 0.048715315341573785 0.032970093325344701 0.029477900241126804 -0.014212517047432822 -0.050071431058527106 -0.020589030787599855 0.050277250265363206 0.05701685289222002 0.05636235427219425 -0.022831907907040122 0.032556589862274408 0.050311065066807471 -0.024638838271450612
leaf_weight=8.0998141150921565 1.6075449101626862 3.5292178746312848 1.5891348076984266 1.4907405618578184 1.1180064491927626 0.51154989469796408 2.5861520422622561 0.75385782122611988 5.4622846022248268 2.1206314265727837 5.3255705591291171 4.7553506782278445 7.5762436725199249 2.3392272368073455 1.9733479153364815 4.8672685381025209 8.4049265813082439 1.8970966544002283 1.1993143111467359 3.0655313860624958 3.7060515601187936 3.4372086571529463 2.0608336497098199 5.1484379693866043 5.2949722334742546 2.4664723947644234 2.0406828206032515 2.9303480712696892 4.0221068328246474 2.5943337166681886
leaf_count=825 30 370 154 45 6 6 24 4 57 70 163 41 97 14 16 143 190 18 17 29 44 51 38 50 54 25 22 33 26 27
internal_value=-0.000840281 0.00336043 0.00541857 0.00654521 0.00286622 0.00390206 -0.0181658 0.00650281 0.02976 -0.0133462 -0.0404389 0.00327911 0.0131356 0.00558628 -0.00461877 -0.03632 0.00147815 -0.0213314 0.0138945 0.00752873 0.0214302 -0.0285914 0.0211272 0.0295107 0.038567 0.014479 0.00857245 0.0325436 0.0244938 0.00569821
internal_weight=103.974 95.8744 92.3452 90.7377 81.3871 79.8964 8.42327 71.4731 8.70092 3.23864 5.83712 62.7722 27.9237 23.1683 34.8485 5.62113 29.2274 10.302 18.9254 16.952 15.5921 4.63652 12.3155 10.2547 9.35058 4.05561 5.10621 11.886 9.54679 5.52468
internal_count=2689 1864 1494 1464 1231 1186 193 993 133 76 169 860 282 241 578 147 431 208 223 207 144 68 139 101 233 179 51 100 86 60
is_linear=0
shrinkage=0.05


Tree=50
num_leaves=31
num_cat=0
split_feature=3 3 5 13 3 3 14 14 14 14 10 13 8 4 15 1 3 9 8 7 12 8 14 11 11 15 15 12 7 15
split_gain=8.24364 4.02033 2.41836 3.57914 2.27024 2.18683 3.46399 2.39484 3.76436 2.02284 3.02249 2.72368 2.29819 2.40452 2.09004 2.54031 1.97808 1.53539 1.52213 1.37589 1.30479 1.23152 1.16147 1.05084 2.40279 1.81938 1.60173 1.36852 2.17328 1.58974
threshold=-7.176252769025079 20209.238033030986 93.732142857142819 1.6127225334141562 -0.021110536283508247 2.583372831434775 -1.5503027628202355 0.38868872676823202 -0.33709262944817203 0.96183117241880223 -1.493713112735005 0.43976151747350162 -0.85051329191924296 42.575843225928018 0.092560846337422509 -0.56587997743475615 -0.69142102648939907 0.080455512715724889 0.066408812351676796 -1.4871543713016433 -304.15550000010984 1.0892977347399302 1.6713452277134568 -2366537.9999999995 -838820.49999999988 0.53605522634019998 0.7998633750279337 -613.49999999999989 -1.3829835966183321 1.4240144252102043
decision_type=2 2 2 2 2 2 2 2 2 2 2 2 2 2 2 2 2 2 2 2 2 2 2 2 2 2 2 2 2 2
left_child=-1 2 3 9 -4 6 -6 8 -8 11 -11 14 -12 16 15 20 22 -10 -15 -17 -2 -20 -14 25 -25 -16 -27 -26 -29 -30
right_child=1 -3 4 -5 5 -7 7 -9 17 10 12 -13 13 18 23 19 -18 -19 21 -21 -22 -23 -24 24 27 26 -28 28 29 -31
leaf_value=-0.050534979733046839 0.042378939690765817 -0.050468374176688806 0.054554123060159922 -0.041721941770057641 0.042665767865187901 0.031507975789981532 -0.058359211626501442 -0.073792844883046299 0.060270349227170221 -0.054421296040243483 0.054123573168250144 -0.051308297764512102 -0.025403354452208711 -0.01017641859887034 -0.057789308461264483 0.038060565281599325 -0.054774366373762921 -0.003815409219252601 0.057907696399322077 -0.051606405468118066 -0.020666428982125912 0.012501276860972335 0.03620682971361297 0.039055210798371133 0.05678248320993573 0.047964927222430585 -0.016473575119397978 -0.060852987772136095 -0.0055619997492160995 0.025807319170106275
leaf_weight=7.7088771797716609 1.7552160378545525 3.3586679846048346 3.8116050362587002 4.6715062791481605 3.0127109736204174 8.2956924559548479 2.1745807062834528 1.6591878393664954 1.6571097671985593 1.3658136893063808 4.3946856968104884 2.6584565741941324 1.3407666832208636 1.905337312258778 1.6114253187552012 0.47112890426069487 1.9173732986673684 2.143644392490387 3.9573900299146771 4.6537490887567383 1.541386214084923 2.3982708696275949 1.78124632127583 5.8771295929327563 1.1167952949181188 1.4224520074203608 2.9945118511095643 1.3707852205261577 12.749585235491418 5.911493867635726
leaf_count=825 21 370 34 200 27 82 34 15 14 33 27 158 25 30 32 7 41 27 32 222 34 26 20 60 9 14 52 15 144 59
internal_value=-0.000828281 0.00324901 0.00523993 0.000510357 0.0193461 0.0122617 -0.00273383 -0.0206493 -0.00589274 0.00363226 0.0172443 -0.00224661 0.0227759 0.0124181 0.000898092 -0.0213386 -0.0148013 0.0241257 0.0290226 -0.0433633 0.0129009 0.0407739 0.00974798 0.00656351 0.010774 -0.0123127 0.00427839 0.00291483 -8.83471e-05 0.00437524
internal_weight=101.689 93.9797 90.621 67.8665 22.7545 18.9429 10.6472 7.63452 5.97533 63.195 19.0609 44.1341 17.6951 13.3004 41.4757 8.42148 5.03939 3.80075 8.261 5.12488 3.2966 6.35566 3.12201 33.0542 27.0258 6.02839 4.41696 21.1487 20.0319 18.6611
internal_count=2689 1864 1494 1261 233 199 117 90 75 1061 234 827 201 174 669 284 86 41 88 229 55 58 45 385 287 98 66 227 218 203
is_linear=0
shrinkage=0.05


Tree=51
num_leaves=31
num_cat=0
split_feature=3 3 15 4 3 6 13 8 4 13 16 7 2 8 15 1 4 9 13 14 14 4 4 3 4 16 16 1 5 0
split_gain=7.8212 3.79999 2.28834 3.95407 1.77621 1.66633 1.59387 2.55082 2.1897 1.99671 1.91188 1.86714 2.83775 3.61881 3.37318 2.49198 2.06047 2.05117 1.9219 1.66653 1.66298 1.65451 2.28708 1.59515 3.56651 1.86077 1.57237 1.50275 1.47059 4.07563
threshold=-7.176252769025079 20209.238033030986 -2.4869132381863133 1.0000000180025095e-35 -3.3979406402213441 -1.4683626029742769 1.4169452639388258 0.84155382820692737 69.183285849952455 2.9567835172952974 -0.00045554499999999996 -0.3255856299620164 0.47295625841732586 -1.3290272387793134 0.429023457850919 -0.22683965781442494 34.941860465116093 -2.1221936641399042 -1.1422995312779205 1.0000000180025095e-35 -1.0630840953400502 30.690737833595147 39.999999999999865 3.163181148789985 97.906969744187066 -0.00037149999999999992 -0.00043757499999999994 1.4737350601049837 99.743589743589794 1.0000000180025095e-35
decision_type=2 2 2 2 2 2 2 2 2 2 2 2 2 2 2 2 2 2 2 2 2 2 2 2 2 2 2 2 2 2
left_child=-1 2 -2 28 -5 -6 8 27 11 10 -9 12 13 14 -7 17 -17 -13 -18 -20 -15 -22 -23 25 -25 -10 -16 -8 29 -4
right_child=1 -3 3 4 5 6 7 9 23 -11 -12 15 -14 20 26 16 18 -19 19 -21 21 22 -24 24 -26 -27 -28 -29 -30 -31
leaf_value=-0.050508779507409132 -0.054451790522693277 -0.050445328437553442 -0.050487322859204757 -0.053104836740869049 -0.046939803781140738 -0.055490719799285507 -0.048240261445794498 0.044081356719351324 0.015361330087385867 0.047244319135050852 -0.040290531465808826 0.031173541933056471 -0.024731660458868834 -0.0082109295269114056 -0.017817224750507381 -0.057813641919176373 -0.043572211293294444 -0.049126297793852886 -0.0017786111439896243 0.029193826087522346 0.076487850970288096 -0.027365323030681721 0.04287965452009912 -0.054607069139616507 0.040626974461043047 0.070246528454835006 0.030265306716153902 0.017089550079209662 0.056325190630766769 0.055723318485236942
leaf_weight=7.3366184774786225 1.5877363644540299 3.1962865330278865 1.4675414934754356 1.4057451551780094 1.5970731498673547 2.386905000545088 4.6755520561709982 0.97346452157944474 2.8808211116120219 2.2963181845843792 2.1641224501654506 0.95912434719502915 4.2859223904088131 1.8493055766448403 2.6614788062870502 1.3432865394279598 1.7655828446149779 4.6549372207373301 10.436983888968834 7.4384628804400554 2.7862021625041828 1.3592884344980101 7.8544542221352458 1.5742955058813093 2.617919459939003 3.3285129666328412 4.7079399069771171 1.0843967786058781 4.8747249096632004 2.3489390201866627
leaf_count=825 30 370 154 43 29 64 148 14 29 25 40 15 63 24 28 25 36 119 174 69 20 26 93 50 27 25 36 9 54 25
internal_value=-0.000815741 0.00312296 0.00503887 0.00611493 0.00259705 0.00360504 0.004666 -0.0127581 0.00767168 0.0118158 -0.0141134 0.00365877 0.0126972 0.0194929 -0.00383177 -0.00581905 0.00209696 -0.0354076 0.00619435 0.0111099 0.0359243 0.042726 0.0325165 0.0286938 0.00486389 0.0447825 0.0129002 -0.0359409 0.0381268 0.0148824
internal_weight=99.8999 92.5633 89.367 87.7793 79.0881 77.6824 76.0853 11.1939 64.8914 5.43391 3.13759 54.4899 27.8915 23.6056 9.75632 26.5984 20.9843 5.61406 19.641 17.8754 13.8493 11.9999 9.21374 10.4015 4.19221 6.20933 7.36942 5.75995 8.69121 3.81648
internal_count=2689 1864 1494 1464 1231 1188 1159 236 923 79 54 792 354 291 128 438 304 134 279 243 163 139 119 131 77 54 64 157 233 179
is_linear=0
shrinkage=0.05


Tree=52
num_leaves=31
num_cat=0
split_feature=3 3 5 13 3 3 15 15 3 14 10 13 8 4 15 14 7 3 8 10 8 3 5 14 9 9 8 8 10 8
split_gain=7.42198 3.59336 2.13655 3.18718 2.06759 2.03908 6.17563 2.52281 2.22106 1.77635 2.75458 2.50587 2.05954 2.03531 1.93408 2.3675 2.72998 1.82627 1.35422 1.16159 1.15468 1.15168 1.04047 1.00179 0.971264 1.64409 1.7397 2.4274 2.31059 1.72344
threshold=-7.176252769025079 20209.238033030986 93.732142857142819 1.6127225334141562 -0.021110536283508247 1.5516452763562152 -0.80665971904217149 -1.2554193238977274 2.7319989764125547 0.96183117241880223 -1.493713112735005 0.43976151747350162 -0.85051329191924296 42.575843225928018 0.092560846337422509 -0.41162452068060268 -0.98041711906971452 -0.69142102648939907 0.066408812351676796 1.4750557599284468 1.0892977347399302 -2.1916001191654257 90.278374430792965 1.6713452277134568 0.91471677106989568 -0.01908728725705185 0.85417461365443259 -0.7543522425221082 -1.9761569454159811 -0.18118752161723553
decision_type=2 2 2 2 2 2 2 2 2 2 2 2 2 2 2 2 2 2 2 2 2 2 2 2 2 2 2 2 2 2
left_child=-1 2 3 9 -4 6 -6 -7 -9 11 -11 14 -12 17 15 16 -2 23 -15 -10 -20 -18 -5 -14 25 26 27 28 -16 -29
right_child=1 -3 4 22 5 7 -8 8 19 10 12 -13 13 18 24 -17 21 -19 20 -21 -22 -23 -24 -25 -26 -27 -28 29 -30 -31
leaf_value=-0.050483864572552967 0.057435970549252015 -0.050423429664133962 0.052956709665005909 -0.049584247976338959 -0.073366999118176901 0.051151593713822156 0.027763828076814025 -0.039331756514537859 -0.0047516953699376927 -0.05424070486916327 0.051313577792031398 -0.051211508793903293 -0.023710564686060955 -0.010479871570215672 0.026311458224239144 -0.051572718706507786 0.010729442292920917 -0.054424768119510109 0.05479551920458247 0.043760866304395685 0.010562159459825396 -0.052049891930398745 0.027147584673625338 0.034788960759320871 -0.0097405423878886635 0.028604513997906013 -0.03466815846471407 0.058597205336727513 -0.033734054551429152 0.0081265282289490898
leaf_weight=6.9821644136682144 1.5206177961081264 3.0416890084743491 3.6093236580491093 3.8817215561866751 2.4599463706836104 4.9295709952712095 3.9073725147172835 2.0481276549398846 2.1990955835208297 1.2898898106068397 4.3380606677383229 2.4662051470950237 1.2889866475015881 1.8824573522433619 2.5094290878623688 3.5769980987533909 1.2867922680452464 1.7864423552527995 3.8616949273273349 2.8113812636584044 2.3875339943915606 1.6899176333099606 0.49853442609310139 1.6931139044463632 7.4482445986941448 8.5656336098909431 2.7531145801767698 2.9701917143538594 4.4313452839851379 3.9287720490247029
leaf_count=825 19 370 34 193 44 53 39 18 26 33 27 158 25 30 29 182 16 41 32 19 26 67 7 20 81 71 48 28 74 54
internal_value=-0.000802606 0.00300669 0.00485305 0.00036102 0.0183621 0.0115596 -0.011307 0.0237049 0.00453667 0.00328795 0.016237 -0.00227261 0.0215107 0.0114886 0.000694213 -0.0212143 0.00293167 -0.0144463 0.0266972 0.0224687 0.0378961 -0.0249112 -0.0408511 0.00950306 0.00611935 0.0108147 0.0016312 0.00885217 -0.0120247 0.0298555
internal_weight=98.0444 91.0622 88.0205 66.0557 21.9648 18.3555 6.36732 11.9882 7.0586 61.6754 18.5282 43.1473 17.2383 12.9002 40.6811 8.07433 4.49733 4.76854 8.13169 5.01048 6.24923 2.97671 4.38026 2.9821 32.6067 25.1585 16.5929 13.8397 6.94077 6.89896
internal_count=2689 1864 1494 1261 233 199 83 116 63 1061 234 827 201 174 669 284 102 86 88 45 58 83 200 45 385 304 233 185 103 82
is_linear=0
shrinkage=0.05


Tree=53
num_leaves=31
num_cat=0
split_feature=3 3 5 13 3 3 15 15 9 8 14 3 15 1 14 14 9 10 9 13 5 1 10 8 7 8 4 9 4 2
split_gain=7.04337 3.39837 1.97334 2.98103 1.93903 1.89286 4.34281 2.48312 2.70901 2.91131 1.65368 1.7333 1.41959 2.94196 2.69818 1.92577 2.16819 2.99728 1.83933 1.18871 1.88688 2.85093 1.4637 1.42984 2.77379 2.11933 1.3732 1.79273 1.12243 1.34283
threshold=-7.176252769025079 20209.238033030986 93.732142857142819 1.6127225334141562 -0.021110536283508247 0.5368881764469754 -0.70349564050513946 -1.2554193238977274 0.283665965368394 1.7211841232297134 1.9716149373565668 2.7319989764125547 0.2597262319242532 -0.043226849405224685 1.2259488086939181 -0.38936718906176654 -0.50299199273972384 -1.6592328921732766 2.059481194535898 -1.4087730427939589 44.862772695285322 -0.77040413132502772 -0.99108743168350377 -0.88119062952365745 -0.98041711906971452 -0.27992130067942422 59.221466364323341 0.72518143250673095 34.724637681159344 -1.848801161949537
decision_type=2 2 2 2 2 2 2 2 2 2 2 2 2 2 2 2 2 2 2 2 2 2 2 2 2 2 2 2 2 2
left_child=-1 2 3 10 -4 6 -6 -7 -9 -10 11 12 13 14 15 16 17 -2 -15 -14 21 28 -22 -23 -25 -26 -24 -28 29 -21
right_child=1 -3 4 -5 5 7 -8 8 9 -11 -12 -13 19 18 -16 -17 -18 -19 -20 20 22 23 26 24 25 -27 27 -29 -30 -31
leaf_value=-0.050460177827996312 0.050482770851376729 -0.05040261252826464 0.051800458225762541 -0.040278656614349588 -0.079592738911556979 0.048603401102332369 0.027989833462142722 0.039250944618484392 -0.047146803412780172 0.023756288127697457 0.028855094172942547 -0.051719794797291066 0.046990168291060418 -0.04862414017769056 0.061075485693599732 -0.039969755142864813 0.053419822289104496 -0.052975566272376554 0.031778571747538058 0.012701758556128437 -0.012562043350005971 -0.04427363031953551 0.032983411117158461 0.052541560661724412 0.027939471048571335 -0.037852667752927317 0.03182618751106283 -0.025128356278131356 -0.0073549646611592613 0.080616028426525183
leaf_weight=6.6446796501986674 1.116395237855613 2.8945088367909184 3.5079920515418079 4.2254808763973406 1.6996149066835644 4.8463072879239943 2.0934906601905849 3.5192498713731712 3.3172026323154569 2.5689729359000921 5.6740933433175078 1.5440617939457286 1.7902216985821713 5.2783266762271568 1.839775721542537 2.7386386366561064 1.9442688049748458 1.8772075753659012 0.82209382019937027 1.5166692165657876 3.7092917487025288 3.9798350855708131 10.43422590382397 1.5475970618426789 1.619201629422603 5.0153146684169778 2.6539269834756842 2.8820654824376106 1.5506464252248404 1.3994275489822041
leaf_count=825 9 370 34 200 24 58 20 27 53 17 63 80 11 203 30 128 32 68 12 31 31 72 73 16 29 99 19 23 20 12
internal_value=-0.000790681 0.00289253 0.00467156 0.000333479 0.0177865 0.0111741 -0.0202158 0.0195285 0.00454712 -0.0162017 0.00314977 0.00051031 0.00201168 -0.0106842 0.00669143 -0.00634242 0.012308 -0.0143932 -0.0377891 0.00721577 0.00525464 -0.00714526 0.0157322 -0.0196919 -0.00773519 -0.0217956 0.022304 0.00217537 0.0270165 0.0452936
internal_weight=96.2508 89.6061 86.7116 65.1588 21.5528 18.0448 3.79311 14.2517 9.40543 5.88618 60.9333 55.2592 53.7151 15.6167 9.51629 7.67651 4.93787 2.9936 6.10042 38.0984 36.3082 16.6287 19.6795 12.1619 8.18211 6.63452 15.9702 5.53599 4.46674 2.9161
internal_count=2689 1864 1494 1261 233 199 44 155 97 70 1061 998 918 482 267 237 109 77 215 436 425 279 146 216 144 128 115 42 63 43
is_linear=0
shrinkage=0.05


Tree=54
num_leaves=31
num_cat=0
split_feature=3 3 4 15 2 2 13 8 16 12 11 10 8 1 6 6 6 9 5 14 13 2 14 6 7 12 15 6 13 7
split_gain=6.68473 3.21485 1.90624 3.22477 1.66529 1.45467 1.94853 2.23205 2.15115 1.7527 1.50878 2.33097 3.21773 1.5733 2.11103 1.68729 1.9984 2.46706 2.86154 2.61297 2.12043 2.36937 2.01726 1.94233 1.6989 1.67464 2.02787 1.65082 1.56714 2.30699
threshold=-7.176252769025079 20209.238033030986 1.0000000180025095e-35 -2.4869132381863133 -2.1413333269081849 5.1958015389559042 1.8055065347821584 1.6739861403912364 -0.0010796799999999997 1178.2915000002833 5942965.5000000009 2.3671623291527841 1.2610586889759392 0.58853876185473608 1.4563618060324 -1.4683626029742769 0.14180334341514655 0.24829331741084987 44.862772695285322 0.4487950492035972 -1.5082435669244876 0.98939718780083363 1.2259488086939181 0.83791186668977358 0.7582149487598937 322.10399999958469 -1.350023040883374 -0.9729263131000927 -0.59682325749384635 0.31826579717410364
decision_type=2 2 2 2 2 2 2 2 2 2 2 2 2 2 2 2 2 2 2 2 2 2 2 2 2 2 2 2 2 2
left_child=-1 2 3 -2 -4 6 9 8 -8 10 11 12 13 14 15 -6 17 22 -19 27 -18 23 24 -22 -17 26 -15 -20 -12 -30
right_child=1 -3 4 -5 5 -7 7 -9 -10 -11 28 -13 -14 25 -16 16 20 18 19 -21 21 -23 -24 -25 -26 -27 -28 -29 29 -31
leaf_value=-0.050437655303246634 -0.049169505504322572 -0.050382828652428026 -0.052507882182327881 0.037755215130871635 -0.055902050652957717 0.042630498422108136 0.069974056592115128 0.023723968527297429 -0.04957574205984458 -0.039247523121130071 0.060965736463127133 0.067678276861678877 -0.041488247127412843 0.038127643660117394 0.057721720598668085 0.010020826085272841 0.067503993126714248 -0.046222402157862767 0.031309624977264666 0.061872849671826075 -0.041855060347339254 0.049422373817283011 0.058703893364349551 -0.001297243583966907 0.052126746263797277 0.030991690565972924 -0.054144577320233922 -0.038360303372032001 0.045147364252208652 -0.032306030910173492
leaf_weight=6.3233661190606645 1.2329619340598581 2.7543959058821192 1.3804459734819818 7.9252530685625953 1.0840972438454475 2.2364783100783816 0.40846771746873844 1.857457499951124 4.7754131630063048 2.2245133463293305 2.3968764450401068 1.3742622574791301 3.9922341811470679 0.73187269270420108 2.0404182486236087 14.485451445914828 0.86693922709673543 3.108105175662784 1.3957152962684629 1.8660466223955152 5.5752633390948159 1.3546827184036363 3.4781883079558602 6.2738533727824688 2.8703523622825733 1.1797114517539737 3.1941470997408024 2.1756220087409024 2.0899791987612839 1.7803948223590849
leaf_count=825 17 370 45 233 18 29 3 23 164 31 18 12 86 10 20 187 8 63 17 12 112 12 39 114 38 16 72 44 24 27
internal_value=-0.000779852 0.00278394 0.00449962 0.0260526 0.00190914 0.00291319 0.00168935 -0.0233047 -0.0401557 0.00437465 0.00590729 0.00334897 0.00176103 0.00510196 0.00799042 0.0057119 0.00724918 0.01467 -0.00795328 0.013922 -0.00824535 -0.0132189 0.0239494 -0.0203806 0.0169844 -0.0212467 -0.0369436 -0.0111326 0.0291941 0.00951835
internal_weight=94.433 88.1096 85.3552 9.15822 76.197 74.8165 72.5801 7.04134 5.18388 65.5387 63.3142 57.047 55.6727 51.6805 46.5747 44.5343 43.4502 29.3795 8.54549 5.43738 14.0707 13.2038 20.834 11.8491 17.3558 5.10573 3.92602 3.57134 6.26725 3.87037
internal_count=2689 1864 1494 250 1244 1199 1170 190 167 980 949 880 868 782 684 664 646 400 136 73 246 238 264 226 225 98 82 61 69 51
is_linear=0
shrinkage=0.05


Tree=55
num_leaves=31
num_cat=0
split_feature=3 3 5 13 3 3 15 15 9 8 14 7 8 2 15 10 15 3 14 13 1 11 16 8 16 10 6 2 15 6
split_gain=6.34499 3.04135 1.81207 2.73164 1.76967 1.69339 3.87946 2.28423 2.37173 2.63882 1.45613 1.4701 3.0136 2.77116 2.76254 2.05888 1.77154 2.0983 2.06846 1.65174 1.58585 1.4273 1.37962 1.32642 2.17762 1.65031 1.32093 1.28319 2.03458 1.24193
threshold=-7.176252769025079 20209.238033030986 93.732142857142819 0.9017082574041746 -0.021110536283508247 0.5368881764469754 -0.70349564050513946 -1.2554193238977274 0.283665965368394 1.7211841232297134 1.9716149373565668 -0.3255856299620164 -1.3290272387793134 0.51022577297323946 0.429023457850919 -1.3305149756198225 0.17113793732566482 -1.7023839570248789 -0.66513727561387304 -1.1320495569886837 -0.98288036874099671 5172789.0000000009 -0.00043757499999999994 -0.50366893196264739 -1.0000000180025095e-35 -0.32571047957315102 1.4656096402353547 -1.0000000180025095e-35 0.82484948935904467 0.95923773551155977
decision_type=2 2 2 2 2 2 2 2 2 2 2 2 2 2 2 2 2 2 2 2 2 2 2 2 2 2 2 2 2 2
left_child=-1 2 3 10 -4 6 -6 -7 -9 -10 11 12 14 20 -2 19 21 18 -18 -16 -14 -13 -21 24 25 -22 -5 28 -25 -19
right_child=1 -3 4 26 5 7 -8 8 9 -11 -12 16 13 -15 15 -17 17 29 -20 22 23 -23 -24 27 -26 -27 -28 -29 -30 -31
leaf_value=-0.050416239822497558 -0.054752340851087926 -0.050364023058965417 0.050531005710340172 -0.032694299866503865 -0.076557213468029711 0.047632956834044865 0.027024149599298254 0.03728269962295707 -0.046066038004740899 0.022328512811772505 0.030100942399463732 -0.046235802596483369 0.072398282415082157 -0.02828917156728615 0.052270992702930487 -0.038188042179633216 0.038358619163253421 0.00054181725451662999 -0.046433084516541823 -0.043301931645392394 -0.040901216744493894 0.012140685492199087 0.022165102134808608 -0.029753883462803301 0.050705317796785533 0.022646937816992022 0.039226079421770921 0.066710319649953054 0.053527873241493801 0.034330823374008716
leaf_weight=6.0174625017680219 2.7038038112223166 2.6210160180926314 3.3358156643807915 7.5835567899048311 1.640372581779957 4.5822537560015943 2.0135810449719456 3.4199004564434237 3.1437018727883697 2.5576777858659625 4.925776991993188 4.2645926461555126 2.0242638746276524 2.2524765189737073 2.2962002046406269 2.1237870361655951 0.90005698520690192 9.5792131870985049 3.5804426074028006 1.2923832172527911 2.2809931719675678 1.3878243276849387 2.1327408761717379 1.2418260481208565 2.0394196659326553 1.8504406968131659 0.6971223447471856 2.7234665546566177 1.7910649776458738 3.797589572146534
leaf_count=825 91 370 34 324 24 58 20 27 53 17 49 203 24 39 15 28 14 105 79 26 48 27 23 39 21 20 10 26 17 33
internal_value=-0.000766032 0.00267666 0.00432847 0.000139258 0.0171773 0.0107673 -0.0194767 0.0188317 0.00436281 -0.0153838 0.00415726 0.00161476 0.00963078 0.0231709 -0.0111678 0.0038535 -0.00750707 0.000214955 -0.0293999 0.0194595 0.0314791 -0.0319028 -0.00253721 0.0245344 0.00843009 -0.0124384 -0.0266396 0.0417983 0.0194279 0.0101343
internal_weight=92.8008 86.7834 84.1623 63.469 20.6933 17.3575 3.65395 13.7035 9.12128 5.70138 55.1884 50.2626 26.7529 16.204 10.5489 7.84511 23.5097 17.8573 4.4805 5.72132 13.9515 5.65242 3.42512 11.9272 6.17085 4.13143 8.28068 5.75636 3.03289 13.3768
internal_count=2689 1864 1494 1261 233 199 44 155 97 70 927 878 417 234 183 92 461 231 93 64 195 230 49 171 89 68 334 82 56 138
is_linear=0
shrinkage=0.05


Tree=56
num_leaves=31
num_cat=0
split_feature=3 3 4 15 1 1 3 5 4 15 12 3 15 2 8 2 4 11 3 9 9 12 4 11 6 10 13 16 5 0
split_gain=6.02322 2.87804 1.72804 2.82387 1.59956 1.48476 1.87159 1.71397 1.35535 1.71855 2.49117 2.46752 1.71406 1.85937 2.19597 2.17358 2.72981 1.83046 1.82226 2.06838 2.2066 1.81461 1.68041 1.57759 1.53237 1.32124 1.86337 1.32113 1.28484 3.53904
threshold=-7.176252769025079 20209.238033030986 1.0000000180025095e-35 -2.4869132381863133 -1.2387304790734739 -0.98288036874099671 -2.1390761775279814 12.132043734230477 69.183285849952455 -1.2554193238977274 396.73999999999074 0.60702178002838536 0.33582402597381633 0.41865305419065496 0.53829441306807724 0.09781615809807262 52.127766599597663 -1841537.4999999998 1.6796348742759728 0.43362730389006948 -1.0830356700802672 92.990499999839827 72.783119658119688 -925035.99999999988 1.1955706258773666 1.008832486873064 0.56484116058557043 -0.00039447999999999995 99.743589743589794 1.0000000180025095e-35
decision_type=2 2 2 2 2 2 2 2 2 2 2 2 2 2 2 2 2 2 2 2 2 2 2 2 2 2 2 2 2 2
left_child=-1 2 3 -2 -4 6 -6 -7 12 -10 11 -11 18 15 -15 16 17 -14 19 20 -9 27 -13 -19 -12 26 -20 -22 29 -5
right_child=1 -3 4 28 5 7 -8 8 9 10 24 22 13 14 -16 -17 -18 23 25 -21 21 -23 -24 -25 -26 -27 -28 -29 -30 -31
leaf_value=-0.050395871096190661 -0.045023553726870155 -0.05034614846040783 -0.053293030461817673 -0.050440061135908536 -0.0022652220288707117 -0.041118808359941791 0.078853335079568279 -0.045453814281635148 0.051466305708359833 0.038995799281847557 0.0084932666503428639 0.016427724683400601 -0.021247137226858372 -0.048115102310495594 0.0098225744589900618 0.038778463167605866 -0.045100672383130702 0.053655646073170409 -0.0023392865358589873 -0.052583274911755157 -0.019684783810645357 -0.037463830696196472 -0.051551496815969877 0.011048696073492254 0.060476075124691824 -0.026217142722136207 0.061213923232043346 0.038805134761059824 0.055246762938736982 0.05353107293728393
leaf_weight=5.726242472883313 1.2368542351759968 2.4940504375845185 1.3003962482325722 1.320394854061304 1.4301688158884647 2.3120072563178828 1.4141825214028347 3.0214334363117734 2.7828924246132365 1.6123430505394916 3.1977017242461443 1.2517480459064243 3.5007580351084533 3.1192589197307816 3.4381701638922095 5.8864169837906948 2.4609141880646339 2.6820354983210626 2.9186962116509667 4.1145500713028005 1.3467786572873532 1.7373285442590711 3.3208489608950913 11.437107250094408 2.5468314783647656 1.9252299610525367 1.9068929776549337 3.4096208009869016 4.1398950479924679 2.1530843265354633
leaf_count=825 17 370 42 154 25 99 18 90 37 11 36 24 39 54 39 50 36 19 35 176 36 58 80 117 19 30 18 56 54 25
internal_value=-0.000752683 0.00257527 0.00416694 0.0250484 0.00167207 0.00265424 0.0380661 0.00121388 0.00266133 0.0160851 0.00783141 -0.0141888 -0.00107167 0.00605251 -0.0177374 0.0120601 0.00422799 0.0111176 -0.0124409 -0.022963 -0.0101546 0.00626955 -0.0329422 0.0191422 0.0315398 0.00880289 0.0227746 0.0222437 0.0364322 0.0140079
internal_weight=91.1448 85.4186 82.9245 8.85023 74.0743 72.7739 2.84435 69.9296 67.6176 14.7124 11.9295 6.18494 52.9052 32.5247 6.55743 25.9672 20.0808 17.6199 20.3805 13.6297 9.51516 6.49373 4.5726 14.1191 5.74453 6.75082 4.82559 4.7564 7.61337 3.47348
internal_count=2689 1864 1494 250 1244 1202 43 1159 1060 207 170 115 853 354 93 261 211 175 499 416 240 150 104 136 55 83 53 92 233 179
is_linear=0
shrinkage=0.05


Tree=57
num_leaves=31
num_cat=0
split_feature=3 3 4 15 3 4 0 4 5 10 4 10 4 15 12 8 3 8 12 10 1 11 16 8 10 4 15 12 2 0
split_gain=5.71857 2.72438 1.63387 2.07395 2.32533 2.05383 2.52752 2.57546 1.98441 1.81248 1.82636 2.15615 2.00206 2.5705 1.91894 2.74946 2.52978 2.89167 2.44468 1.59781 1.55615 2.34534 1.54941 2.45336 1.47953 1.42353 1.41476 1.53822 1.26768 1.24485
threshold=-7.176252769025079 20209.238033030986 30.690737833595147 -2.4869132381863133 -0.43484149010431078 26.516544117647197 1.0000000180025095e-35 1.0000000180025095e-35 12.132043734230477 -1.0223136386694456 41.666666666666664 0.22414444481012089 46.052631578947363 -1.2554193238977274 521.03599999984738 1.1723889258997577 2.1042633216149969 0.96245148024445915 1047.4510000001176 -1.5960453135821657 -0.31277963118117263 -797467.49999999988 -0.00027849999999999994 -0.94281073691369532 -3.440858285073578 40.540540540540412 0.2597262319242532 -13.720500000054015 1.1014659794633879 1.0000000180025095e-35
decision_type=2 2 2 2 2 2 2 2 2 2 2 2 2 2 2 2 2 2 2 2 2 2 2 2 2 2 2 2 2 2
left_child=-1 2 3 -2 5 6 -5 -8 24 25 11 -11 22 -14 15 16 20 -18 29 -9 -15 -22 -12 -24 -4 -10 28 -28 -23 -16
right_child=1 -3 8 4 -6 -7 7 19 9 10 12 -13 13 14 18 -17 17 -19 -20 -21 21 26 23 -25 -26 -27 27 -29 -30 -31
leaf_value=-0.050376504105752257 -0.04276217419086243 -0.050329156352214091 0.079260006282129647 -0.052817315429892764 0.052568677487095476 0.0434190602617536 0.057817159623240577 0.035402166589154342 0.015753784563112719 0.0047075638503567283 0.055350729920355606 -0.055923125869819984 0.038839574958150741 -0.030178047346662358 0.014038328699900139 -0.045541470281547314 -0.057176674956047072 0.042327746364391183 -0.0096952723034521987 -0.043624758232671791 0.042108167265188116 -0.054316907382935167 0.065921777769848894 -0.03162136792331105 -0.052527957021534705 -0.027057516161088552 0.028326059697848124 -0.019380834124618343 0.031097000580042757 0.061829122908510059
leaf_weight=5.4490113775245836 1.2764781415462483 2.373195005580782 0.23288215696811709 1.9925853959284703 4.7248170105740419 3.1412900304421782 1.9845795258879659 0.97481788881123055 2.5691271852701814 3.6634521093219581 3.8738653156906366 2.4449543193913996 4.9925020076334397 2.2242742106318447 2.4087753938510996 3.8782703857868901 3.22528924467042 0.94378835149109352 4.1424223859794438 1.8600306264124813 5.1027058651670787 1.7813149290159542 1.0511944200843575 1.6666944455355395 2.4903901908546677 7.9513609139248729 4.6693539088591933 2.6477756146341562 0.57450334541499604 3.1373077360913157
leaf_count=825 19 370 1 148 86 36 24 11 36 58 37 57 80 48 31 80 92 13 46 45 57 67 7 34 121 156 38 28 13 25
internal_value=-0.000739379 0.00248054 0.00401592 0.0183678 0.023684 0.00997246 -0.0054511 0.0141324 0.00052922 0.002337 0.00613756 -0.0195605 0.00952646 0.00529223 0.000470543 -0.00683849 0.000252094 -0.034651 0.0193663 -0.0164498 0.00881177 0.0146812 0.035046 0.00610527 -0.041258 -0.0166029 0.00021277 0.0110628 -0.0334874 0.0410726
internal_weight=89.449 84 81.6268 15.9546 14.6781 9.9533 6.81201 4.81943 65.6722 62.9489 52.4284 6.10841 46.32 39.7283 34.7358 25.0473 21.169 4.16908 9.68851 2.83485 16.9999 14.7757 6.59175 2.71789 2.72327 10.5205 9.67295 7.31713 2.35582 5.54608
internal_count=2689 1864 1494 369 350 264 228 80 1125 1003 811 115 696 618 538 436 356 105 102 56 251 203 78 41 122 192 146 66 80 56
is_linear=0
shrinkage=0.05


Tree=58
num_leaves=31
num_cat=0
split_feature=3 3 4 15 3 6 4 3 7 4 16 13 16 3 8 12 12 10 10 6 4 14 15 3 5 9 1 3 13 14
split_gain=5.4298 2.57956 1.52232 2.44489 1.4793 1.34562 1.25385 2.1 1.84643 1.41171 3.34235 1.79203 1.91391 1.52429 1.31448 1.7904 1.45551 1.23637 1.89217 1.3175 1.35539 2.5357 1.80775 1.786 1.76994 3.20959 3.12071 1.80269 2.0613 2.38821
threshold=-7.176252769025079 20209.238033030986 1.0000000180025095e-35 -2.4869132381863133 -3.3979406402213441 -1.4683626029742769 97.906969744187066 4.4383538965176657 0.090130425772270803 69.183285849952455 -0.00023964999999999997 1.7234265338006429 -0.00091966999999999993 0.16671652783874666 1.1723889258997577 541.75499999988835 1110.7090000000319 -3.1412669593403879 -2.4426423745613532 -1.4152217632752724 53.95010395010403 -1.8280799841673969 1.2683207639442335 1.8357764770410256 44.862772695285322 0.41157329701900608 -0.043226849405224685 -2.6478550493283017 -0.36047914255607966 0.83816587047223157
decision_type=2 2 2 2 2 2 2 2 2 2 2 2 2 2 2 2 2 2 2 2 2 2 2 2 2 2 2 2 2 2
left_child=-1 2 3 -2 -4 -6 7 9 -8 11 13 14 -13 -11 17 -16 -17 -7 -19 -20 21 -21 23 -22 25 26 27 -23 -29 -30
right_child=1 -3 4 -5 5 6 8 -9 -10 10 -12 12 -14 -15 15 16 -18 18 19 20 22 24 -24 -25 -26 -27 -28 28 29 -31
leaf_value=-0.050358092270187151 -0.040223999080262238 -0.050313003839906868 -0.052739273352155773 0.035722987846913766 -0.046776572703254832 0.072163055509683535 0.00021526289641877498 -0.056361089870604689 0.056136342723222966 0.026393489578825258 0.053170315991422912 0.03425560786027352 -0.05426237002423373 -0.053034324804882377 -0.043867999297414251 0.035323372121620032 -0.024963906071277103 -0.054647009007748971 0.060908458710848823 -0.047554728653189084 -0.044584330400052441 -0.024402196713828501 0.01781622023920381 0.021278646460773952 0.028382903146530043 -0.036983594747950196 -0.046161663119864957 0.045731376515913941 -0.039072009486482519 0.038397278737530433
leaf_weight=5.1851074476726344 1.2487898524850605 2.2581593673676243 1.2335842363536347 6.9979150630533677 1.3594036009162653 0.69119201228021054 3.2812563031911841 1.5358070447109629 2.6831875406205654 1.0226277709007265 4.0057366099208584 0.78772455453872714 2.7167082717642179 1.4756791451945899 3.3652444784529498 2.0309495008550584 1.9744876166805623 1.3003697763196971 1.0874575907364334 1.8139715604483928 4.3554860753938538 1.7512000035494413 3.2254089340567589 1.3478049328550694 11.893496314994989 3.8485860209912053 1.8735826164484777 7.3857961790636022 1.9179296977818174 2.0670149940997362
leaf_count=825 17 370 43 233 29 5 33 48 27 5 44 15 121 59 82 22 26 27 11 27 103 33 30 18 136 106 37 71 62 24
internal_value=-0.000727115 0.0023908 0.00387331 0.0242224 0.0015436 0.00248942 0.0034539 0.00139433 0.0253721 0.00282641 0.0248638 0.000240795 -0.0343653 -0.0205223 0.00257615 -0.0169832 0.00560465 0.00581151 0.00476607 0.00658103 0.00515677 0.00989036 -0.0121006 -0.0290196 0.0132805 0.00374853 0.0142024 0.0228213 0.0300942 0.00111178
internal_weight=87.7217 82.5366 80.2784 8.2467 72.0317 70.7981 69.4387 63.4743 5.96444 61.9385 6.50404 55.4344 3.50443 2.49831 51.93 7.37068 4.00544 44.5593 43.8681 42.5677 41.4803 32.5516 8.9287 5.70329 30.7376 18.8441 14.9955 13.1219 11.3707 3.98494
internal_count=2689 1864 1494 250 1244 1201 1172 1112 60 1064 108 956 136 64 820 130 48 690 685 658 647 496 151 121 469 333 227 190 157 86
is_linear=0
shrinkage=0.05


Tree=59
num_leaves=31
num_cat=0
split_feature=3 3 5 13 2 10 15 9 10 4 14 14 10 3 4 15 1 1 1 8 16 10 16 10 5 8 13 12 3 11
split_gain=5.15487 2.44197 1.50125 2.35531 1.64018 1.49134 1.61505 1.45062 2.52411 1.8021 1.31724 1.23467 2.09333 1.62784 1.41963 1.523 2.35507 1.46212 1.64972 2.50768 1.7134 1.48834 2.34943 1.85638 2.4572 1.41756 1.90656 1.30133 1.68003 1.1852
threshold=-7.176252769025079 20209.238033030986 93.732142857142819 0.9017082574041746 -2.2508260760778515e-05 -1.2995586178320151 -1.4949771659743918 0.43362730389006948 1.4750557599284468 55.137227304715076 -0.64373172158168834 0.96183117241880223 -1.493713112735005 1.8357764770410256 69.183285849952455 0.092560846337422509 -0.56587997743475615 0.58853876185473608 0.34465336193964252 0.9946632620283985 -0.00026726499999999998 -1.0223136386694456 -0.00043757499999999994 -0.63481223535179676 30.602006688963332 -0.85051329191924296 0.47879524539694146 442.9424999998883 -0.69142102648939907 3376637.0000000005
decision_type=2 2 2 2 2 2 2 2 2 2 2 2 2 2 2 2 2 2 2 2 2 2 2 2 2 2 2 2 2 2
left_child=-1 2 3 11 -4 -6 -7 10 9 -9 -8 13 -13 14 15 16 -2 18 19 20 21 22 -17 -23 -25 -14 27 28 -27 -5
right_child=1 -3 4 29 5 6 7 8 -10 -11 -12 12 25 -15 -16 17 -18 -19 -20 -21 -22 23 -24 24 -26 26 -28 -29 -30 -31
leaf_value=-0.050340578915657054 0.0096563554188361621 -0.050297648089785367 0.058232005190820758 -0.043407098640931042 -0.035474927198206288 0.055433171169507446 0.0019259640068662227 0.02155907501761143 0.023725299011352882 -0.055286081329521702 0.050328049991928782 -0.053672424547304844 0.046472065631492893 -0.05148208880968045 0.047214498099742791 -0.029080900174087577 -0.05134654250108453 -0.027211053915191793 0.048279209031502623 -0.047739100341571201 -0.015993261389375547 0.067392881463013907 0.038852131043583538 -0.032627999190338659 0.032357435409866631 0.025278871689927186 0.048562683524844885 0.043999969384819322 -0.033256177445666613 -0.0039112413372567054
leaf_weight=4.9338993337005368 2.9431093097664416 2.1486668027937403 2.0475780479609993 4.3019750779494634 1.5754346828907788 2.1839772537350681 2.5924903461709619 1.0554143283516171 3.7692407118156552 2.7529951622709632 3.0704544903710396 0.99369056709110637 3.9859528085216871 1.53397303726524 1.5957123162224878 3.4266609605401754 3.4213695963844648 3.3389171045273534 2.3090990409255019 2.129712692461907 5.1033698823303046 2.3602479901164779 2.0248041511513302 1.9061082610860483 6.1411157604306936 1.8531406875699734 2.4385321289300919 1.202635616995394 3.6211003670468931 3.4011826100759208
leaf_count=825 64 370 28 256 16 34 28 19 34 44 30 28 27 73 11 68 217 35 17 36 76 19 21 48 44 34 30 13 66 78
internal_value=-0.00071802 0.0022961 0.00372511 -0.000155416 0.0159554 0.0108634 0.0155963 0.00902534 -0.00528161 -0.0339902 0.0281696 0.00364441 0.0162937 -0.00101876 0.00109047 -0.00100614 -0.0231371 0.00389476 0.00798355 0.00395416 0.00920606 0.0173151 -0.00384895 0.028401 0.0169646 0.0216004 0.0107246 -0.00309467 -0.0134409 -0.0259685
internal_weight=86.1626 81.2287 79.08 60.0324 19.0476 17 15.4246 13.2406 7.57765 3.80841 5.66294 52.3293 14.0951 38.2342 36.7002 35.1045 6.36448 28.74 25.4011 23.092 20.9623 15.8589 5.45147 10.4075 8.04722 13.1014 9.11541 6.67688 5.47424 7.70316
internal_count=2689 1864 1494 1261 233 205 189 155 97 63 58 927 198 729 656 645 281 364 329 312 276 200 89 111 92 170 143 113 100 334
is_linear=0
shrinkage=0.05


Tree=60
num_leaves=31
num_cat=0
split_feature=3 3 5 13 2 14 12 12 8 10 10 4 1 16 13 4 14 3 4 15 1 13 15 1 10 5 11 15 8 8
split_gain=4.89539 2.31278 1.38639 2.17975 1.57418 1.40559 1.35634 1.64637 3.36357 1.39984 2.66029 2.29355 1.65695 1.72161 1.70682 1.47498 2.42739 2.85106 1.49196 2.15627 1.91801 1.46593 1.37437 1.34554 2.78822 1.27816 1.21523 1.24023 1.1745 1.18112
threshold=-7.176252769025079 20209.238033030986 93.732142857142819 1.6127225334141562 -2.2508260760778515e-05 0.48784827153185323 1178.2915000002833 521.03599999984738 1.1723889258997577 -1.0223136386694456 -0.93685127913508914 40.540540540540412 -1.2045358588537454 -0.00043757499999999994 -1.2450141252345903 41.666666666666863 -0.49035820078091941 -1.5656766924256298 46.052631578947363 -0.92987642193280551 -0.31277963118117263 -1.0136852711439759 -1.0000000180025095e-35 1.4217439676626775 0.65666822526843516 45.643939393939007 -1251603.4999999998 -1.2661158500640279 -0.83849363057785575 -0.21343255183952364
decision_type=2 2 2 2 2 2 2 2 2 2 2 2 2 2 2 2 2 2 2 2 2 2 2 2 2 2 2 2 2 2
left_child=-1 2 3 6 -4 23 7 8 9 11 -11 12 -2 14 -14 16 -12 -18 25 -20 -21 -19 -22 24 26 -17 -6 -28 -24 -30
right_child=1 -3 4 -5 5 -7 -8 -9 -10 10 15 -13 13 -15 -16 18 17 21 19 20 22 -23 28 -25 -26 -27 27 -29 29 -31
leaf_value=-0.050323925556181363 -0.044325013457704253 -0.050283051149926719 0.057857804771144272 -0.038064205479460309 0.051765403327764747 -0.014708839172556007 -0.047341700289036615 0.032541775214025813 -0.045926393644881935 0.063009829848929055 -0.04581981492373513 -0.029595828068002879 0.066969274253930636 0.040519098036046433 -0.032502159492969293 0.014206964019374416 0.037005206398660527 0.020794107297739457 0.068673144505242797 -0.046859743341586407 -0.051879785215748132 -0.056956338662518896 -0.03150093940236965 0.04407953612495949 -0.029730402652489125 0.065021817396419046 0.038942068346488105 -0.027241629147961577 0.055498836739763635 0.010434013341951372
leaf_weight=4.6947843655943862 1.1829528906382618 2.0444535156711927 1.9599952697753931 3.5642848103307179 2.8929257132113007 4.1567833349108687 1.344296175520866 4.477306716144084 3.5623339088633648 2.2335208496078804 3.1355317640118301 6.7784531190991402 0.54532924667000759 4.0032305349595765 2.0615266431123014 2.65979793109 3.6216077161952853 0.91405304707586799 1.2658302290365089 1.8514532893896074 0.89018253749236187 1.8002867801115074 1.3202443202026142 3.7165008988231412 3.1278988514095545 2.314215362071991 1.4087788909673715 1.4226759793236818 1.7848607050254877 7.8431934691034373
leaf_count=825 33 370 28 200 31 39 30 64 98 31 89 140 4 47 75 38 59 14 20 46 42 53 17 38 48 20 22 27 20 121
internal_value=-0.000704107 0.00221203 0.00359081 -0.000159536 0.0154636 0.0104956 0.0022708 0.00350028 0.000887631 0.00449682 0.0104033 -0.00832618 0.0101744 0.0199277 -0.0116937 0.00640695 -0.00983816 0.00796842 0.0141273 0.00623787 0.000464841 -0.0307739 0.00786607 0.0188313 0.00823116 0.0378491 0.028974 0.0056878 0.0127239 0.0187882
internal_weight=84.5793 79.8845 77.8401 59.1545 18.6856 16.7256 55.5902 54.2459 49.7686 46.2063 31.6348 14.5715 7.79304 6.61009 2.60686 29.4013 9.47148 6.33595 19.9298 14.9558 13.6899 2.71434 11.8385 12.5688 8.85228 4.97401 5.72438 2.83145 10.9483 9.62805
internal_count=2689 1864 1494 1261 233 205 1061 1031 967 869 570 299 159 126 79 539 215 126 324 266 246 67 200 166 128 58 80 49 158 141
is_linear=0
shrinkage=0.05


Tree=61
num_leaves=31
num_cat=0
split_feature=3 3 5 13 2 13 15 4 11 13 9 14 2 4 9 6 9 6 9 16 16 16 5 15 15 6 6 5 5 3
split_gain=4.64922 2.19066 1.27789 2.08151 1.51222 1.42127 1.43694 1.48883 1.61346 2.27811 1.88598 1.14484 1.21635 1.53159 1.35344 1.72689 1.51416 2.56257 1.84781 1.75421 2.2634 1.35852 1.79512 1.30388 1.16825 1.1609 1.1361 2.02363 1.72145 1.53438
threshold=-7.176252769025079 20209.238033030986 93.732142857142819 0.9017082574041746 -2.2508260760778515e-05 4.3458374785928315 -1.4120226594202385 49.742268041237146 4927984.5000000009 0.1726642681271795 0.43362730389006948 1.9716149373565668 -3.5166159237214489 19.433516915814135 0.91471677106989568 0.84691674218228796 -0.01908728725705185 0.14180334341514655 0.13586800945359648 -6.2419999999999989e-05 -0.00025949999999999991 -0.00030895499999999992 65.821566110397924 0.29826427750708023 0.49411903909419858 -0.51099903758684551 0.9058152010581364 44.862772695285322 58.974358974359241 -2.1916001191654257
decision_type=2 2 2 2 2 2 2 2 2 2 2 2 2 2 2 2 2 2 2 2 2 2 2 2 2 2 2 2 2 2
left_child=-1 2 3 11 -4 6 -6 -8 9 -9 -11 12 -2 -14 16 -16 17 19 -18 20 23 22 -17 25 -23 -15 27 29 -29 -20
right_child=1 -3 4 -5 5 -7 7 8 -10 10 -12 -13 13 14 15 21 18 -19 26 -21 -22 24 -24 -25 -26 -27 -28 28 -30 -31
leaf_value=-0.050308088777088235 0.055890373047215308 -0.050269174727548153 0.05749987269844118 -0.024944917743576784 0.051758276505277846 -0.022583494261034908 0.054999715021095609 -0.060995568167729053 0.029123164358683881 0.038505574080183014 -0.026397580813349437 0.027538287071959829 -0.041720000689650441 -0.052884209478691796 -0.038214802272106795 0.018393301047124902 0.054181204593713617 -0.034674822170650675 0.011573083108929469 0.037678350989824194 -0.0422960751912759 -0.007453532683456921 -0.058178035133281653 0.019923978915728738 0.054893531555130638 0.022876112133997636 0.038840403810004101 0.060181835291043331 -0.0088539100859615638 -0.058472488177877979
leaf_weight=4.46718721743673 0.99146170821040769 1.9452676353976119 1.875717762857678 7.3985401107929638 2.4106972683221128 2.7650609631091347 1.536436516791581 1.7817849148996154 3.5228888997808099 2.2246480062603951 2.2527198968455195 4.4927726755850008 2.1070442404597989 1.3387654884718361 4.268052982632069 1.516531110275537 3.0930374814197483 4.5204194933176032 1.3282891102135175 3.7892622519284513 2.6356702484190473 1.3620417192578318 1.5454295598901806 7.4445563149638474 1.6757764443755148 0.81254960503428453 2.4416030794382095 1.7624720768071713 1.8517182786017654 1.9004110791720439
leaf_count=825 14 370 28 334 41 21 21 22 33 26 41 49 128 49 105 25 30 105 17 48 50 45 31 83 13 23 26 20 25 41
internal_value=-0.000690194 0.00213011 0.00345999 -0.000164761 0.0149591 0.0101214 0.0167081 0.00924287 0.00205598 -0.0131785 0.00585053 0.00343871 0.00110447 -9.21301e-05 0.00193417 -0.0138198 0.00689593 -0.00142818 0.0207103 0.00795268 -0.00125617 0.0032495 -0.0202537 0.0100161 0.0269395 -0.0242696 0.00955974 -0.000887857 0.0248116 -0.0296557
internal_weight=83.0588 78.5916 76.6464 58.2764 18.37 16.4942 13.7292 11.3185 9.78204 6.25915 4.47737 50.8779 46.3851 45.3936 43.2866 10.3678 32.9188 20.5412 12.3775 16.0208 12.2315 6.09978 3.06196 9.59587 3.03782 2.15132 9.28449 6.84289 3.61419 3.2287
internal_count=2689 1864 1494 1261 233 205 184 143 122 89 67 927 878 864 736 219 517 358 159 253 205 114 56 155 58 72 129 103 45 58
is_linear=0
shrinkage=0.05


Tree=62
num_leaves=31
num_cat=0
split_feature=3 3 15 4 2 16 13 8 4 15 15 8 3 14 11 3 4 1 1 5 11 13 11 9 15 5 10 0 12 6
split_gain=4.41566 2.0751 1.28396 2.44992 1.32866 1.13176 1.23259 2.76391 1.88028 1.37422 2.36015 1.51127 1.39541 2.27064 1.2975 2.1887 2.00841 2.37158 1.30923 1.75762 1.65467 1.32478 1.30332 2.39026 1.95154 1.62755 1.69192 2.38995 1.93578 1.27841
threshold=-7.176252769025079 20209.238033030986 -2.4869132381863133 1.0000000180025095e-35 -2.1413333269081849 -0.0010290849999999997 1.4169452639388258 0.96245148024445915 79.578552515445651 -0.97949432916507029 -1.0000000180025095e-35 -1.4213738906025866 1.6293323874327645 -0.70154928994794974 10043683.000000002 2.1775527008565052 69.183285849952455 0.58853876185473608 0.34465336193964252 64.705882352940591 1511669.0000000002 -1.1422995312779205 -2366537.9999999995 -1.3409240146133128 0.53605522634019998 43.881044073598609 0.056000140974049671 1.0000000180025095e-35 -142.42749999999066 0.12499391064719018
decision_type=2 2 2 2 2 2 2 2 2 2 2 2 2 2 2 2 2 2 2 2 2 2 2 2 2 2 2 2 2 2
left_child=-1 2 -2 -4 -5 -6 9 -8 -9 12 11 -11 13 -7 15 16 17 18 19 20 22 -22 24 -24 -12 26 27 28 -25 -27
right_child=1 -3 3 4 5 6 7 8 -10 10 14 -13 -14 -15 -16 -17 -18 -19 -20 -21 21 -23 23 25 -26 29 -28 -29 -30 -31
leaf_value=-0.050293030718030908 -0.042078040654485276 -0.050255976638918821 0.034001731274050144 -0.052028573853547228 0.039269855653131874 0.031375661167685108 -0.041745210495716153 -0.015416347072213028 0.054570428888126833 0.029662698073683637 -0.055894408784800891 -0.051453468047030687 0.040059838827882006 -0.052450930974283598 0.041010045651981825 -0.05428996197842928 0.047925603274252063 -0.035788668935605748 0.034146632574722148 -0.042545949488597121 0.03823658058915258 -0.039024750735762254 0.063234872516381657 -0.059004110934943454 0.0089098929708279744 0.045999690930253218 -0.037528692150722728 0.038993245802622291 0.016219144714608474 0.0014502726317414353
leaf_weight=4.250560292042791 1.5252847657538939 1.8508694730699051 6.3343095569871357 1.1404165630228806 2.0183494919911018 2.0404624044895177 4.7848898679949325 2.2131151654757564 1.6944852117449043 0.70150308497250113 1.6829259744845249 3.1642332505434672 4.8421020749956369 1.3372804094105868 2.249314645305275 1.6567996074445535 2.4808753253892055 3.833116326481103 3.61560234427452 2.0367535161785773 0.67571514006704125 3.1012692889198652 2.4008557712659195 1.6499828742817011 3.7513177758082747 4.1111475368961683 2.6439031600020826 3.4386429218575358 1.7756189974025334 2.6473538493737578
leaf_count=825 30 370 233 45 33 18 168 53 13 13 42 108 69 66 18 77 19 55 40 29 7 75 18 22 39 49 59 32 30 34
internal_value=-0.000675498 0.00204939 0.00333084 0.00426652 0.00148387 0.00240091 0.00124772 -0.0162664 0.0149326 0.00397426 0.000715229 -0.0367336 0.0228536 -0.00181208 0.0040241 0.00201954 0.00436095 0.00146838 0.00572743 0.00229267 0.00556848 -0.0252024 0.0103906 0.0166639 -0.0111593 0.00979032 -0.00354382 0.00954615 -0.0200131 0.0285494
internal_weight=81.6491 77.3985 75.5476 74.0223 67.688 66.5476 64.5293 8.69249 3.9076 55.8368 47.6169 3.86574 8.21984 3.37774 43.7512 41.5019 39.8451 37.3642 33.5311 29.9155 27.8787 3.77698 24.1017 18.6675 5.43424 16.2666 9.50815 6.86424 3.4256 6.7585
internal_count=2689 1864 1494 1464 1231 1186 1153 234 66 919 766 121 153 84 645 627 550 531 476 436 407 82 325 244 81 226 143 84 52 83
is_linear=0
shrinkage=0.05


Tree=63
num_leaves=31
num_cat=0
split_feature=3 3 7 4 14 3 1 9 5 0 12 1 13 10 10 4 4 15 10 8 9 4 11 3 8 4 12 9 9 4
split_gain=4.19328 1.96573 1.19907 1.19124 1.85492 2.38224 2.31213 2.46984 1.52086 1.35965 1.18327 1.14256 1.35587 2.0279 1.41038 1.61728 1.77327 2.28434 1.58404 1.40271 1.45452 1.26108 1.19559 1.6298 1.43318 1.70264 1.33586 1.30469 1.74989 1.43575
threshold=-7.176252769025079 20209.238033030986 1.4323046474251557 30.690737833595147 1.688811118975472 -0.43484149010431078 -0.23553925781677734 -0.67422530853240881 12.132043734230477 1.0000000180025095e-35 -2047.481500000227 2.231649743741515 1.6127225334141562 1.7260990325892978 -1.0223136386694456 41.666666666666664 46.052631578947363 -1.2454312246180439 0.22414444481012089 -1.6783159667933809 -0.90502435947579019 43.472306755934248 10043683.000000002 2.1775527008565052 1.2610586889759392 69.183285849952455 730.66399999987345 0.50371424557627564 -0.42657158985406607 51.925925925925704
decision_type=2 2 2 2 2 2 2 2 2 2 2 2 2 2 2 2 2 2 2 2 2 2 2 2 2 2 2 2 2 2
left_child=-1 2 3 4 5 6 7 9 10 -2 -5 12 14 -14 19 18 21 -18 -16 -10 -21 -17 23 24 25 27 -26 28 29 -19
right_child=1 -3 -4 8 -6 -7 -8 -9 11 -11 -12 -13 13 -15 15 16 17 22 -20 20 -22 -23 -24 -25 26 -27 -28 -29 -30 -31
leaf_value=-0.050278705687157969 -0.054518353699494364 -0.050243435091658177 0.029642605282602121 0.069636941158863708 -0.032294284035559694 0.051719014595292927 -0.051763901802458462 0.059731361546608755 0.0086184228961672885 0.011785850737388373 -0.052271300435708969 0.029771224797696207 -0.041056086413011283 0.032193938000241291 0.0015288961570318381 0.0021116974327724022 0.046919278254766834 -0.048388566791138281 -0.055423917501179767 0.0021505327100771994 -0.05095448221206228 0.051267631755998057 0.036143066293415328 -0.04498973390768074 -0.059875614058391424 0.050968555113370367 0.0026607137742222821 -0.018750103907401852 0.036614561348760115 0.014408341620199211
leaf_weight=4.0443808203563085 1.0357892578467716 1.7610299568623293 4.0548309208825222 0.21952114766463671 1.8210720210336138 4.3011095440015188 1.4428604785352943 2.3022959786467254 3.4553009471856058 3.0496942149475217 2.1342062428593627 3.0716961668804279 4.3151407158002248 1.2097626002505419 3.185091312043375 1.9661871073767567 2.7832021964713887 1.5229676906019451 1.9797493554651735 2.011657387483865 3.5913208564743311 3.8786070351488888 1.9679552698507894 2.2323055239394298 1.7275584391318255 1.9140017321333278 1.6887232307344673 5.2651212909258902 3.9847086002119045 2.2622676021419466
leaf_count=825 43 370 57 2 37 86 108 32 51 55 119 36 139 11 55 22 42 26 52 37 89 44 17 71 38 19 19 105 45 37
internal_value=-0.000667263 0.00196813 0.00320439 0.00167989 0.01476 0.0218232 0.00540248 0.0183151 -0.0015579 -0.0050242 -0.0409015 0.000156565 -0.00162915 -0.0250169 0.00121594 0.0056139 0.00990487 0.00418045 -0.0203018 -0.0164367 -0.031888 0.0347316 -0.00109088 -0.00464831 0.000255186 0.00693234 -0.0289629 0.000466287 0.0134878 -0.0108576
internal_weight=80.1801 76.1357 74.3747 70.3199 13.9528 12.1317 7.83064 6.38778 56.3671 4.08548 2.35373 54.0133 50.9416 5.5249 45.4167 36.3584 31.1936 25.3488 5.16484 9.05828 5.60298 5.84479 22.5656 20.5977 18.3653 14.9491 3.41628 13.0351 7.76994 3.78524
internal_count=2689 1864 1494 1437 361 324 238 130 1076 98 121 955 919 150 769 592 485 419 107 177 126 66 377 360 289 232 57 213 108 63
is_linear=0
shrinkage=0.05


Tree=64
num_leaves=31
num_cat=0
split_feature=3 3 15 4 3 5 0 16 6 13 8 13 15 15 8 4 14 7 13 14 11 3 4 7 3 10 8 6 10 15
split_gain=3.9827 1.86247 1.15617 2.15361 1.31118 1.13373 2.87494 0.987432 1.11483 1.1036 2.43734 1.62237 1.10795 2.16631 1.38531 1.22636 2.53712 1.16158 1.21209 1.28318 1.60744 1.38483 2.17955 1.54924 1.70685 1.58446 1.30209 1.2877 1.66035 1.25635
threshold=-7.176252769025079 20209.238033030986 -2.4869132381863133 1.0000000180025095e-35 -3.3979406402213441 99.743589743589794 1.0000000180025095e-35 -0.0010290849999999997 -1.4683626029742769 1.4169452639388258 0.96245148024445915 2.9567835172952974 -0.97949432916507029 -1.0000000180025095e-35 -1.4213738906025866 49.742268041237146 -0.91894766731255706 1.4430343206643317 -1.4087730427939589 -1.0239196303937736 -2366537.9999999995 0.3574552361039503 65.991345397324878 -0.48903893879984645 -1.7023839570248789 -1.493713112735005 -0.19638527369919259 -0.095248039722772487 0.64330530798820151 0.38924116716057378
decision_type=2 2 2 2 2 2 2 2 2 2 2 2 2 2 2 2 2 2 2 2 2 2 2 2 2 2 2 2 2 2
left_child=-1 2 -2 5 -5 6 -4 -6 -9 12 -11 -12 15 14 -14 16 -10 18 -15 27 -21 23 -23 25 26 -22 -25 28 -20 -26
right_child=1 -3 3 4 7 -7 -8 8 9 10 11 -13 13 17 -16 -17 -18 -19 19 20 21 22 -24 24 29 -27 -28 -29 -30 -31
leaf_value=-0.050265079682568298 -0.040330069593115379 -0.050231507326237837 -0.050393030275845477 -0.052606074622038639 0.036929401205710442 0.053774151791048747 0.050257443103364254 -0.046789284309929506 0.056156468098960757 -0.040033194575587988 -0.015591745642572123 0.050002899937724943 0.028242826584266495 0.030741938736507036 -0.050936151551267496 0.034781038216128463 -0.052117707182009802 0.037818442688604868 -0.034442687435758429 -0.029188609055162375 -0.0029187826936610626 -0.042011532991584381 0.021025777948456895 0.012094947533922266 -0.019537814203807596 0.041695977778652055 -0.056092710788179283 -0.054592369259930579 0.035276434399086565 0.023742366258800864
leaf_weight=3.8481504884548476 1.5021498422138382 1.6755312578752626 1.1730668768286696 1.1064406116493035 1.9936214750632562 3.0825939141213894 1.7952415384352207 1.1879946021363057 0.90000962000340257 4.4464250891469401 2.0537838400341575 1.7423813804052768 0.68397199548780951 3.5393627835437504 2.8721044254489163 5.5518580581992865 1.3565176669508137 2.524763284251093 1.953807983081788 3.2421500734053437 2.807627578265965 3.1051136129535726 2.4556747125461698 1.111465794965625 2.2466955175624186 6.8340559694915939 1.8916959548368968 1.9688820722512748 1.5169964125379918 6.6098152985796332
leaf_count=825 30 370 154 43 31 54 25 28 7 164 43 21 13 35 105 85 63 28 37 68 32 83 48 14 65 69 34 49 16 50
internal_value=-0.000656331 0.00189134 0.00308351 0.00399236 0.00136362 0.0325363 0.0104807 0.00228804 0.00118487 0.00211287 -0.0149107 0.0145152 0.00475179 0.00175739 -0.035707 0.0221483 -0.00893285 0.004944 0.00283114 6.74133e-05 0.00408113 0.00806697 -0.0141739 0.013819 0.00171758 0.0287043 -0.0308566 -0.0222928 -0.00397031 0.0127632
internal_weight=78.7799 74.9318 73.2563 71.7541 65.7032 6.0509 2.96831 64.5968 62.6032 61.4152 8.24259 3.79617 53.1726 45.3642 3.55608 7.80839 2.25653 41.8081 39.2833 35.744 30.3043 27.0621 5.56079 21.5014 11.8597 9.64168 3.00316 5.43969 3.4708 8.85651
internal_count=2689 1864 1494 1464 1231 233 179 1188 1157 1129 228 64 901 746 118 155 70 628 600 565 463 395 131 264 163 101 48 102 53 115
is_linear=0
shrinkage=0.05


Tree=65
num_leaves=31
num_cat=0
split_feature=3 3 15 4 3 5 0 2 3 11 5 13 1 4 14 8 12 6 6 15 9 5 6 14 16 16 6 12 16 5
split_gain=3.78299 1.76503 1.05092 2.04694 1.2408 1.0808 2.70952 0.973793 1.18041 1.27845 1.73534 1.49218 1.50373 1.33254 1.63435 1.27982 2.2428 1.91906 1.35495 1.27684 1.38181 2.02325 1.51529 1.5655 1.87371 1.8721 1.32876 1.27854 1.25253 1.07966
threshold=-7.176252769025079 20209.238033030986 -2.4869132381863133 1.0000000180025095e-35 -3.3979406402213441 99.743589743589794 1.0000000180025095e-35 5.1958015389559042 4.7574880103886334 4927984.5000000009 72.727272727272208 1.6127225334141562 0.58853876185473608 69.183285849952455 -0.59915304368645661 1.0892977347399302 521.03599999984738 1.3456434595162676 -1.4683626029742769 1.8978170093819877 0.24829331741084987 46.666666666666877 0.14180334341514655 1.2259488086939181 -0.00033529999999999996 -5.8884999999999996e-05 0.69718420688679072 -795.71200000005763 -0.0010796799999999997 55.409356725146132
decision_type=2 2 2 2 2 2 2 2 2 2 2 2 2 2 2 2 2 2 2 2 2 2 2 2 2 2 2 2 2 2
left_child=-1 2 -2 5 -5 6 -4 8 9 11 -11 12 15 -14 -15 17 -17 18 -6 20 22 27 23 24 -20 -26 -21 -22 -13 -23
right_child=1 -3 3 4 7 -7 -8 -9 -10 10 -12 28 13 14 -16 16 -18 -19 19 26 21 29 -24 -25 25 -27 -28 -29 -30 -31
leaf_value=-0.050252127287938035 -0.038529337054579373 -0.050220168389751366 -0.050373720054546649 -0.05248008833274688 -0.054924320273242136 0.053581484437819973 0.049514907320568013 0.038627126029809805 -0.045290782625385224 -0.016037887045592541 0.034642930449514324 0.060309003695086398 -0.036881081904342215 0.068202180457858919 -0.031155405409928769 -0.049053630074773286 0.029229237679956267 0.049585049326417843 0.029413918501096994 -0.058488720539886199 0.038777206452116242 0.039644881494832945 -0.014858352633914405 0.055454696686387944 -0.037538237046748378 0.022149417934981951 0.014777956934275166 -0.045331584509074589 -0.035417583110421307 -0.0023075737479498213
leaf_weight=3.6613938319496802 1.4939508670940984 1.5941654397174705 1.1162726907059541 1.0549417394213367 0.91794846393166452 2.9425312839448452 1.732652060687542 1.7826426634564985 1.3390214997343708 2.352562681771813 5.9884901102632284 0.37138484884053458 4.1848678933456531 0.78875256702303886 0.87086114473640897 2.6086631338112047 1.4092080923728643 2.5943697728216639 9.2754786051809699 1.4636113396845751 0.52208413183689151 2.2357012303546071 3.1688838689588001 3.0215143878012887 2.6504883915185928 2.604744190350206 1.0721468431875107 3.3575861011631769 4.277180195786058 4.8834720221348107
leaf_count=825 30 370 154 43 19 54 25 29 35 48 75 4 77 10 34 70 23 31 126 27 7 27 65 36 50 34 17 94 163 87
internal_value=-0.000646297 0.0018189 0.0029698 0.0038481 0.00130259 0.0323281 0.0103763 0.00219271 0.00114444 0.00217014 0.0203486 -0.000730214 0.00190876 -0.0218462 0.0160656 0.0052313 -0.0215971 0.00808538 0.00502441 0.00663085 0.0093602 -0.00496367 0.0169634 0.0227085 0.0158992 -0.00795419 -0.0275108 -0.0340131 -0.0277698 0.0108672
internal_weight=77.3376 73.6762 72.082 70.5881 64.7966 5.79146 2.84892 63.7417 61.959 60.62 8.34105 52.2789 47.6304 5.84448 1.65961 41.7859 4.01787 37.768 35.1737 34.2557 31.72 10.9988 20.7211 17.5522 14.5307 5.25523 2.53576 3.87967 4.64857 7.11917
internal_count=2689 1864 1494 1464 1231 233 179 1188 1159 1124 123 1001 834 121 44 713 93 620 589 570 526 215 311 246 210 84 44 101 167 114
is_linear=0
shrinkage=0.05


Tree=66
num_leaves=31
num_cat=0
split_feature=3 3 13 15 4 3 6 7 5 0 7 13 15 15 3 10 14 13 9 15 3 4 13 3 9 14 11 6 6 6
split_gain=3.59362 1.67282 1.02686 2.257 1.81308 1.16335 1.01884 1.13591 0.934793 2.49836 0.878626 0.978478 1.15606 1.01325 1.81106 2.28992 1.49138 1.8595 1.71039 1.51304 1.99505 1.78644 1.73467 1.42878 1.64017 1.42574 1.28412 1.33588 1.37924 2.00392
threshold=-7.176252769025079 20209.238033030986 6.6580277419213134 -2.2195419551487654 1.0000000180025095e-35 -3.3979406402213441 -1.4683626029742769 -1.4938249617652353 99.743589743589794 1.0000000180025095e-35 1.4323046474251557 -1.5806959713258524 2.3632105257219824 -1.2554193238977274 1.6293323874327645 -1.6238872250006016 -1.0403293224291106 -1.1987216653219888 0.095859679248531296 0.38924116716057378 1.4732357134821485 51.925925925925704 -0.51317814362518621 0.5368881764469754 -1.5783875161409073 -0.58989159083011933 -1081879.9999999998 -0.8289996033770014 0.66105963597578232 -1.0000000180025095e-35
decision_type=2 2 2 2 2 2 2 2 2 2 2 2 2 2 2 2 2 2 2 2 2 2 2 2 2 2 2 2 2 2
left_child=-1 2 3 -2 8 -6 -7 -8 9 -5 11 -9 13 14 15 -13 18 -18 23 21 26 -19 -23 24 -15 -24 -21 -28 29 -29
right_child=1 -3 -4 4 5 6 7 10 -10 -11 -12 12 -14 16 -16 -17 17 19 -20 20 -22 22 25 -25 -26 -27 27 28 -30 -31
leaf_value=-0.050239812276762497 -0.060588880502774958 -0.05020938270760214 0.047080239029918078 -0.050354668820364802 -0.052360153011204717 -0.045441060684015988 0.065598071735525926 0.028358067529328165 0.053346454778234645 0.048761018279265433 0.026613174634385086 0.046639671708042611 -0.053929757345640018 0.012570363101853554 0.041058999449358563 -0.052931381937159787 -0.05583951163359735 -0.032234414906679658 -0.0544986476760463 -0.0070562767054720187 -0.042212312992708938 -0.055648381789123562 0.042011295487714678 0.028987354113939275 -0.056494257606796251 -0.0013046178130742294 0.05728284528399559 0.029540641325166019 0.030536543897215503 -0.032463512874505461
leaf_weight=3.4836578823160371 1.4094339264556754 1.5167344752699126 1.2888971166685212 1.0255047893151632 1.0057322052307416 1.1184264086186804 0.70983543153851414 2.9855729546397773 2.542364090681076 1.672991368919611 3.4137166840955606 0.9412481198087338 1.0140675730071951 1.5847535771317778 3.7075265841558576 1.4938396615907468 1.3620477761141803 5.1538837742992305 2.7060837713070214 4.4394603692926511 1.5538358488120128 1.1091403649188389 2.601353207137417 1.9082632716745136 1.8787819151766512 7.0430862363428224 2.4549161437898919 2.499894667416811 7.6681576296687126 2.7219677036628074
leaf_count=825 43 370 16 149 43 29 6 38 50 25 45 16 29 19 57 73 29 192 91 63 77 42 24 21 57 130 18 21 62 29
internal_value=-0.000634135 0.0017484 0.00285812 0.00204066 0.00333277 0.000984838 0.0018492 0.00271695 0.031591 0.0110943 0.00197601 0.00049603 -0.00104893 -3.38515e-05 0.0190564 -0.0144436 -0.00254563 0.00154212 -0.0220828 0.00364052 0.0123417 -0.00803124 0.00356865 -0.005753 -0.0248935 0.0103788 0.0166263 0.0234779 0.0170398 -0.00277988
internal_weight=76.0152 72.5315 71.0148 69.7259 68.3165 63.0756 62.0699 60.9514 5.24086 2.6985 60.2416 56.8279 53.8423 52.8282 6.14261 2.43509 46.6856 38.6077 8.07788 37.2457 21.3382 15.9075 10.7536 5.3718 3.46354 9.64444 19.7844 15.3449 12.89 5.22186
internal_count=2689 1864 1494 1478 1435 1211 1168 1139 224 174 1133 1088 1050 1021 146 89 875 687 188 658 270 388 196 97 76 154 193 130 112 50
is_linear=0
shrinkage=0.05


Tree=67
num_leaves=31
num_cat=0
split_feature=3 3 5 13 2 15 15 9 10 4 13 12 14 10 13 14 15 14 14 5 10 5 5 7 15 2 1 1 13 15
split_gain=3.41378 1.58573 0.967439 2.16056 1.35152 2.90447 1.34128 1.33293 2.28765 1.61985 1.17889 1.09486 0.975645 2.11434 1.51545 1.36966 1.97769 1.97689 2.11866 1.75318 2.8679 1.36413 2.8977 1.34518 1.31267 1.23566 1.2019 1.15676 1.26876 1.10399
threshold=-7.176252769025079 20209.238033030986 87.841832963784086 1.6127225334141562 -2.2508260760778515e-05 -2.4869132381863133 -1.4949771659743918 0.50371424557627564 1.4750557599284468 55.137227304715076 1.1795212593171576 1178.2915000002833 0.82367156779140749 -1.493713112735005 0.43976151747350162 -0.67922874694845137 0.37127068101711364 -0.30311657558628213 0.55793241651628767 29.62962962962952 -1.6592328921732766 18.7867647058827 48.07407407407397 -0.39315759782832033 0.46713352249482776 -4.8428818053124365 0.16065215483008169 0.16065215483008169 -0.63906716718572587 1.462792560706333
decision_type=2 2 2 2 2 2 2 2 2 2 2 2 2 2 2 2 2 2 2 2 2 2 2 2 2 2 2 2 2 2
left_child=-1 2 3 11 -4 -6 -7 -8 9 -9 -10 12 14 -14 15 19 25 24 -19 20 -2 23 -23 -15 -18 -17 -24 -21 -29 -20
right_child=1 -3 4 -5 5 6 7 8 10 -11 -12 -13 13 21 -16 16 17 18 29 27 -22 22 26 -25 -26 -27 -28 28 -30 -31
leaf_value=-0.050228092798921486 0.036247595069223489 -0.050199133501872564 0.057414681356604637 -0.047281575758790169 -0.088737021825564547 0.054142688631261954 0.024136720159427527 0.020653094462609625 -0.0068015081261913234 -0.053327910787523816 0.044109839735634815 -0.045917294216467959 -0.053018131984513155 0.06371128227298388 -0.050924497091184052 0.057070725069273846 0.01213125628639505 0.027658078054215291 0.0054002801092812962 0.039446667982426721 -0.053264030959828318 -0.023381765499001731 0.00053391456518523132 0.00098256656139485751 -0.056308914326448856 -0.051495849026375343 0.045031288647931517 -0.031812112690309417 0.023710255798622272 -0.055066662979012339
leaf_weight=3.3145114223007104 1.4943994581699374 1.4430496683344234 1.5272178910672689 2.390246140304952 0.73762081563473003 1.7444638833403647 6.9022124526090876 1.0017138854600474 2.2930559376254678 2.8309559724293649 2.2555111832916737 1.1912526139058162 1.1376820700243104 2.6109104854986076 1.5384903992526222 0.28494624746963326 1.0318506760522717 6.2973211621865612 1.5938407704234125 5.0832164241000992 2.2303725481033316 4.2863011159934086 2.3440202875062823 1.2705524088814844 2.1824360070750117 3.2671736613847422 4.3039715057238936 1.5601608799770463 3.0217920541763315 1.4340546904131768
leaf_count=825 26 370 28 189 3 34 91 20 27 68 20 25 39 31 138 3 13 77 16 50 78 68 25 44 40 213 43 26 33 26
internal_value=-0.000624859 0.00168134 0.00275318 -0.000881952 0.0122787 0.00839862 0.0126064 0.00786539 -0.00553456 -0.0339921 0.018444 0.0014207 0.00262119 0.0126693 -0.00254648 -2.18854e-05 -0.00985273 -0.000523352 0.0111322 0.0117925 -0.0173515 0.0177133 0.00867396 0.0431778 -0.0343382 -0.0427868 0.0293419 0.0230241 0.00480482 -0.0232377
internal_weight=74.6053 71.2908 69.8477 50.555 19.2928 17.7655 17.0279 15.2834 8.38124 3.83267 4.54857 48.1647 46.9735 15.9534 31.0201 29.4816 16.0916 12.5395 9.32522 13.3899 3.72477 14.8158 10.9343 3.88146 3.21429 3.55212 6.64799 9.66517 4.58195 3.0279
internal_count=2689 1864 1494 1203 291 263 260 226 135 88 47 1014 989 250 739 601 388 172 119 213 104 211 136 75 53 216 68 109 59 42
is_linear=0
shrinkage=0.05


Tree=68
num_leaves=31
num_cat=0
split_feature=3 3 16 15 16 13 8 5 13 14 4 11 14 14 4 15 4 15 3 7 12 8 9 9 2 15 1 10 3 3
split_gain=3.24281 1.50325 0.935783 1.20308 1.05242 0.982409 1.72221 1.44995 1.41702 1.24275 1.10594 0.998218 0.918214 1.35989 2.36217 2.38115 1.58652 1.84574 2.03162 1.49973 1.33683 1.64797 1.18621 3.08195 2.33708 1.75747 1.51653 3.75919 1.40619 1.07471
threshold=-7.176252769025079 20209.238033030986 -0.0010290849999999997 2.7473432627408108 -0.0011434999999999998 1.4169452639388258 0.96245148024445915 90.278374430792965 6.6580277419213134 -0.13947630780128936 1.0000000180025095e-35 10043683.000000002 0.82367156779140749 -0.66513727561387304 74.868421052631589 1.7707465023640212 47.559523809523746 0.429023457850919 -1.2428259718070862 -0.93223958728726475 -203.30700000002977 1.1723889258997577 0.72518143250673095 -0.14801670767505856 0.47295625841732586 -1.2454312246180439 -0.17611282497907152 -1.6592328921732766 -1.4461301691476576 -0.30873825469830307
decision_type=2 2 2 2 2 2 2 2 2 2 2 2 2 2 2 2 2 2 2 2 2 2 2 2 2 2 2 2 2 2
left_child=-1 2 4 5 -2 10 8 -8 9 -7 -4 12 13 22 15 16 17 -15 19 -19 -14 -22 23 24 26 -24 27 -12 -27 -28
right_child=1 -3 3 -5 -6 6 7 -9 -10 -11 11 -13 20 14 -16 -17 -18 18 -20 -21 21 -23 25 -25 -26 28 29 -29 -30 -31
leaf_value=-0.050216947842252863 -0.0074642518657031158 -0.050189382024912514 0.031708906515003563 -0.053647502660684146 0.056559563485432757 -0.01081823048961056 -0.028438241715511788 0.036577448303786543 0.039542921997043678 -0.05934866052973628 0.046959232232340803 0.031039539525089994 -0.017738496198859432 -0.051920780287689407 0.044736529128017441 0.029983482487646703 -0.051104617374530925 0.015316345368894145 0.046829427200718511 -0.055521798439831273 0.02936238489863149 -0.022902985236019073 0.053366525396385624 0.041609054470776966 -0.059836826095689535 0.02860632790534158 0.0028846526359799477 -0.05075210847891886 -0.044242935334910055 0.058798822125574607
leaf_weight=3.1535428329370907 1.053974961396307 1.3729312438517798 3.5929920412600032 0.97539399424567719 1.6416096426546563 2.3929370760452002 1.3109663384966554 2.4794172309339046 0.67064190190285433 2.9397399136796576 1.582513306289911 2.9941476397216311 2.9090729001909486 2.1781660555861979 1.5307877780869592 1.9806626914069045 4.8752878080122173 1.4483002931810913 1.7309953793883321 1.5433958033099773 8.8820252027362567 1.8166912309825409 0.76838343590497959 5.684120550286015 1.6142449332401154 0.83561701327562321 1.7092292392626407 2.6041343668475747 3.1959340483881524 1.7284055538475511
leaf_count=825 42 370 160 35 30 113 42 28 6 86 12 32 44 131 29 19 177 19 12 29 116 32 14 60 24 6 25 62 93 16
internal_value=-0.000618471 0.00161461 0.00265034 0.00147052 0.0315262 0.00229764 -0.0122965 0.0140907 -0.028957 -0.0375716 0.00488673 0.0030195 0.00129388 -0.00299003 -0.0141828 -0.020739 -0.0292702 -0.0138447 0.00371654 -0.0212286 0.0123155 0.0204875 0.00568582 0.0126403 -0.0051831 -0.0159351 0.00638841 -0.0138181 -0.0291435 0.0309977
internal_weight=73.1963 70.0427 68.6698 65.9742 2.69558 64.9988 9.7937 3.79038 6.00332 5.33268 55.2051 51.6121 48.618 35.0102 15.2876 13.7568 11.7761 6.90086 4.72269 2.9917 13.6078 10.6987 19.7226 14.9226 9.23853 4.79993 7.62428 4.18665 4.03155 3.43763
internal_count=2689 1864 1494 1422 72 1387 275 70 205 199 1112 952 920 728 416 387 368 191 60 48 192 148 312 199 139 113 115 74 99 41
is_linear=0
shrinkage=0.05


Tree=69
num_leaves=31
num_cat=0
split_feature=3 3 5 13 2 15 15 4 7 12 10 4 10 4 10 15 1 4 10 6 0 12 8 10 16 16 4 14 3 13
split_gain=3.08057 1.42529 0.85785 1.94375 1.26254 1.67929 1.16558 1.28275 1.15344 1.00108 0.938589 1.93605 1.8948 1.5658 2.1923 1.46715 1.39094 1.47767 1.31735 1.49278 1.3152 1.48634 1.15148 1.14073 1.07093 0.955027 2.01526 0.803486 0.740379 0.724124
threshold=-7.176252769025079 20209.238033030986 87.841832963784086 1.6127225334141562 -2.2508260760778515e-05 -2.2195419551487654 -1.5366266708635894 49.742268041237146 -1.1093115046116924 1178.2915000002833 -1.0223136386694456 40.540540540540412 -0.93685127913508914 42.388591800356444 -0.5727033006754233 1.0062070794862574 -0.33566388980065381 46.052631578947363 0.37344810006889806 0.60952771339414291 -1.0000000180025095e-35 -292.98899999982672 -1.6783159667933809 0.4504552710758139 -0.00048949999999999981 -0.00020777499999999997 62.335890878090375 0.5354872154024507 1.7761132101541042 0.15665248145397057
decision_type=2 2 2 2 2 2 2 2 2 2 2 2 2 2 2 2 2 2 2 2 2 2 2 2 2 2 2 2 2 2
left_child=-1 2 3 9 -4 -6 -7 -8 -9 10 11 20 -12 14 -14 -16 23 -18 19 -19 21 -2 -13 -15 -17 26 29 -21 -27 -20
right_child=1 -3 4 -5 5 6 7 8 -10 -11 12 22 13 16 15 24 17 18 25 27 -22 -23 -24 -25 -26 28 -28 -29 -30 -31
leaf_value=-0.050206351900254777 -0.054456551993712014 -0.050180114840274931 0.056856239436760284 -0.046395692104469581 -0.059686161770155489 0.055101766231503473 0.053498321689829577 -0.044424034641061712 0.0072880399589477299 -0.044951875439150454 0.052310722876380923 -0.0021345162394253232 0.025415574233854529 0.0075384240259996132 -0.0499988938590262 0.026395240799989984 0.048687612507268448 -0.045393363857025436 0.010088716733999685 0.028379826567609658 0.029940048684001099 0.013327369612440468 -0.049443050673956691 -0.055321867801630932 -0.028623060842260229 0.019411772240129608 -0.042165167454669084 -0.019985665151565201 0.063080714487253262 0.052311167593809417
leaf_weight=3.0003598893526933 1.3523128232918682 1.306207763031124 1.4284396972507263 2.2425386216491452 0.87156699225306766 1.4038861058652461 1.3727077729999972 1.1815288560465038 12.345309639815232 1.1431560604833055 2.139352282974861 2.0689347134903073 2.7251780228689313 1.6058287238702136 3.566906583495447 1.5621067327447238 2.9783556656912067 1.8895417931489635 2.7904773191548848 2.1962386509403591 3.4745531771332008 2.0119461142458022 3.3999202037230134 1.3108899281360207 2.0389495664276183 2.0163644817657791 1.4714864855632184 1.4100142223760483 1.8715069275349376 1.5964087173342703
leaf_count=825 55 370 28 189 6 29 25 21 182 25 34 38 51 31 158 29 36 57 45 35 55 51 98 41 39 34 45 20 17 20
internal_value=-0.00061265 0.00155099 0.00255255 -0.000926329 0.01169 0.00793354 0.0115484 0.00744468 0.00277115 0.00126084 0.00242248 -0.00936966 0.00679799 0.00366016 -0.0127571 -0.02727 0.0113442 0.016476 0.0101817 -0.00939334 0.00836402 -0.0139194 -0.0315457 -0.0207135 -0.0047566 0.0212199 0.00846939 0.00946933 0.0404327 0.0254537
internal_weight=71.773 68.7726 67.4664 48.863 18.6034 17.175 16.3034 14.8995 13.5268 46.6204 45.4773 12.3077 33.1696 31.0303 9.89314 7.16796 21.1371 18.2204 15.242 5.49579 6.83881 3.36426 5.46885 2.91672 3.60106 9.74624 5.85837 3.60625 3.88787 4.38689
internal_count=2689 1864 1494 1203 291 263 257 228 203 1014 989 297 692 658 277 226 381 309 273 112 161 106 136 72 68 161 110 55 51 65
is_linear=0
shrinkage=0.05


Tree=70
num_leaves=31
num_cat=0
split_feature=3 3 16 15 16 7 13 6 5 8 5 13 3 14 10 1 13 14 15 14 11 1 1 11 15 9 13 5 2 10
split_gain=2.92695 1.35142 0.842579 1.11537 0.942847 0.874889 0.872163 1.62371 1.30707 1.05914 0.968251 1.60661 1.21191 1.02724 1.52336 1.32457 1.30243 1.55218 1.83237 1.29705 1.45727 1.96876 1.13527 2.39399 1.11131 1.39576 0.989333 0.98023 0.881339 1.1977
threshold=-7.176252769025079 20209.238033030986 -0.0010290849999999997 2.7473432627408108 -0.0011434999999999998 1.4323046474251557 1.4169452639388258 1.4351420238698582 90.278374430792965 0.96245148024445915 99.743589743589794 -0.16023744485371508 3.2565514854209323 0.72442758316999056 -1.3996647137999989 -0.72281711301457774 -0.21588632132121502 -0.67922874694845137 1.7707465023640212 -1.0630840953400502 194865.50000000003 -0.3221995881146798 0.23978123302389467 1563639.0000000002 0.38924116716057378 -0.37205104000807426 -0.59682325749384635 30.602006688963332 -2.5184489683014677 1.1968044824855937
decision_type=2 2 2 2 2 2 2 2 2 2 2 2 2 2 2 2 2 2 2 2 2 2 2 2 2 2 2 2 2 2
left_child=-1 2 4 5 -2 6 10 8 -8 -10 12 -12 13 16 -15 -16 17 19 24 20 21 -4 23 26 -19 -26 -17 -21 -18 -30
right_child=1 -3 3 -5 -6 -7 7 -9 9 -11 11 -13 -14 14 15 22 28 18 -20 27 -22 -23 -24 -25 25 -27 -28 -29 29 -31
leaf_value=-0.050196274214519679 -0.0071611135369207997 -0.050171303744482171 -0.028238971735870567 -0.053485495267706164 0.054354964238588571 0.025929346627660711 -0.049020129473942547 0.057563575659102376 -0.020835430336657308 0.025586498508921193 -0.024342051249761142 0.037012003195719068 -0.053203631719992706 -0.036831729043550011 0.056140880667786455 -0.019034015687061805 0.038528520402464156 -0.051608878385891579 0.032487827407852929 -0.001500966241239183 -0.043369593417211534 0.049996036530138607 0.030191132067473959 -0.054423356005110793 0.021126279441272128 -0.025483862967982798 0.02803969039747687 0.044005591063803091 -0.05214314320398971 -0.0044917151016230618
leaf_weight=2.854589255526661 1.0235561979934575 1.2427159780636419 1.442889029625803 0.91518665291368861 1.5911872386932362 3.6333800107240668 2.6310161782894248 0.73733955528587181 3.9715493191033602 1.7791096800938246 1.4025361016392706 4.4600820615887633 1.0183004508726288 1.420950777363031 1.9139289190061379 1.565033482387659 0.50329660577699531 2.1502186213619989 2.0163637176156053 1.6411830876022504 1.5624719369225202 1.8164864159189167 4.7641977765597403 1.6357487491331992 2.3448828519321978 5.0984310861676931 3.8915548929944643 4.2421632297337055 2.9292137501761415 2.3983652140013874
leaf_count=825 42 370 20 35 30 54 181 10 56 22 17 82 65 38 21 19 16 134 19 31 31 23 53 34 31 62 68 44 202 54
internal_value=-0.000600696 0.00148918 0.00245457 0.00131596 0.0302741 0.00211242 0.000654049 -0.0135713 -0.019829 -0.00647365 0.00323719 0.022334 0.000713102 0.00197999 0.0124581 0.0175442 -0.00367544 0.00182258 -0.0108401 0.0155554 -0.00366921 0.0153623 0.0113138 -0.0013668 -0.0199467 -0.0108002 0.0145382 0.0313114 -0.0247167 -0.0306915
internal_weight=70.5979 67.7433 66.5006 63.8859 2.61474 62.9707 59.3373 9.11901 8.38168 5.75066 50.2183 5.86262 44.3557 43.3374 15.1914 13.7705 28.146 22.3151 11.6099 10.7052 4.82185 3.25938 11.8565 7.09234 9.59353 7.44331 5.45659 5.88335 5.83088 5.32758
internal_count=2689 1864 1494 1422 72 1387 1333 269 259 78 1064 99 965 900 233 195 667 395 246 149 74 43 174 121 227 93 87 75 272 256
is_linear=0
shrinkage=0.05


Tree=71
num_leaves=31
num_cat=0
split_feature=3 3 13 15 4 3 6 13 1 9 11 9 5 8 10 6 9 6 9 14 14 10 5 2 3 2 4 5 6 2
split_gain=2.78086 1.28137 0.811822 1.70358 1.4935 1.05977 0.824021 0.991736 1.26715 1.04543 1.02021 1.26813 1.22965 1.41263 1.45411 0.869788 0.869469 2.09488 1.76792 1.42629 1.643 2.07945 2.04404 1.44649 1.58437 1.31472 1.13067 1.70737 1.75008 1.22227
threshold=-7.176252769025079 20209.238033030986 6.6580277419213134 -2.2195419551487654 1.0000000180025095e-35 -3.3979406402213441 1.4530062656893687 1.4169452639388258 0.17418996624463759 1.3747566745285937 7910034.5000000009 1.0333009864892027 52.941176470587521 0.22025818693331842 -0.79225186876098552 1.4773342270658614 -0.01908728725705185 0.14180334341514655 0.13586800945359648 1.2259488086939181 0.20385529819768652 -1.6592328921732766 24.695121951219033 -0.66165617570079471 -0.65746490465822827 0.47295625841732586 27.71867612293131 44.862772695285322 0.31319153286259743 0.23532675644561976
decision_type=2 2 2 2 2 2 2 2 2 2 2 2 2 2 2 2 2 2 2 2 2 2 2 2 2 2 2 2 2 2
left_child=-1 2 3 -2 -5 -6 7 10 -9 -10 11 16 -13 14 -14 -8 17 19 -18 20 21 -7 -23 -24 -25 -26 -20 28 -28 -29
right_child=1 -3 -4 4 5 6 15 8 9 -11 -12 12 13 -15 -16 -17 18 -19 26 -21 -22 22 23 24 25 -27 27 29 -30 -31
leaf_value=-0.050186687966057797 -0.05478943645132664 -0.050162917958743836 0.043434636549521066 0.030264804799076252 -0.052368127477888174 0.048024805421595235 0.047573154468292723 -0.054283762643198924 0.0079005675571912556 -0.043398446681924302 0.026691039898591132 -0.053306475009439275 -0.01991545004684761 -0.035487044102234029 0.04196005245409247 -0.0014207021025822682 0.048020311129153656 -0.033033880320980639 0.060903060478216475 0.040154994602452171 -0.03626326918024083 -0.053024038015825281 0.063717716819232384 -0.054354040850938791 0.029221864740376465 -0.027130892602321068 -0.049271203637070278 0.041737151388256843 0.028270006602596945 -0.0020488562737513501
leaf_weight=2.7158748931251457 1.3119464656338085 1.1823005825281132 1.1811189139261831 4.5823599002324036 0.92852274398319323 2.5157702062278888 1.9249256066977971 1.7650551369879384 3.8708510054275393 1.335918271448463 3.9993598144501439 1.8451205780729631 1.8177193426527085 2.5857991827651858 1.9879257832653818 1.7111588078550992 3.0103467535227635 4.3190420707687727 0.83133533410727878 2.5906024081632486 2.5784266982227555 1.6857486381195519 1.0085007222369204 1.1288617630489053 3.2876496724784596 1.5105454097501931 2.5880029913969325 2.6357038919813931 1.012292922940105 4.0319028813391924
leaf_count=825 43 370 16 224 43 21 25 111 67 47 50 74 34 76 35 27 33 114 7 35 53 60 9 26 46 34 60 33 23 68
internal_value=-0.000590694 0.00142678 0.00235683 0.00160346 0.00277615 0.000623201 0.00147775 -7.52112e-05 -0.0176724 -0.00526139 0.00253672 0.00028867 -0.0173503 -0.00697019 0.012406 0.0245164 0.00447135 -0.0020716 0.0140357 0.00612946 -0.00029733 0.00802941 -0.00364159 0.00836126 -0.00105776 0.0114812 0.00481838 0.000277514 -0.027469 0.0152597
internal_weight=69.4807 66.7648 65.5825 64.4014 63.0894 58.5071 57.5786 53.9425 6.97182 5.20677 46.9707 42.9713 8.23656 6.39144 3.80565 3.63608 34.7347 20.6251 14.1096 16.3061 13.7155 11.1371 8.62131 6.93556 5.92706 4.7982 11.0992 10.2679 3.6003 6.66761
internal_count=2689 1864 1494 1478 1435 1211 1168 1116 225 114 891 841 219 145 69 52 622 398 224 284 249 196 175 115 106 80 191 184 83 101
is_linear=0
shrinkage=0.05


Tree=72
num_leaves=31
num_cat=0
split_feature=3 3 7 7 16 6 9 7 14 7 15 2 1 10 9 2 9 1 13 3 11 3 7 6 14 9 1 2 3 1
split_gain=2.64224 1.21522 0.794777 0.848333 0.977571 0.929288 1.07648 1.04619 1.15039 1.49691 1.84861 1.00503 0.910638 1.29615 1.17208 1.68961 1.3042 1.68633 1.47965 1.26215 1.20363 1.59135 1.15389 0.910185 0.889825 0.800609 0.874354 0.788174 0.768778 0.879118
threshold=-7.176252769025079 20209.238033030986 -1.4938249617652353 -1.3003488770947695 -0.0010244999999999998 1.3456434595162676 -0.035057224868171442 -0.98041711906971452 1.2259488086939181 -1.0228243143948654 1.2804148298273292 -1.5904634820495223 -0.3221995881146798 -0.49782417189644762 0.82331011447242664 0.8062362943803717 -0.14801670767505856 0.20898554188137658 -1.0391845030280673 1.3780502032642719 4927984.5000000009 3.8161662360319473 -0.50884180299095982 -1.3995389297830509 -0.33709262944817203 0.26462002043342403 0.067262926198520548 0.37544227109302802 -0.76268922205713852 -0.067520890726158619
decision_type=2 2 2 2 2 2 2 2 2 2 2 2 2 2 2 2 2 2 2 2 2 2 2 2 2 2 2 2 2 2
left_child=-1 2 -2 -4 -5 7 -7 8 9 10 11 -6 13 -9 16 22 17 19 -18 23 -17 -22 -16 -14 -19 -20 -27 -28 29 -25
right_child=1 -3 3 4 5 6 -8 12 -10 -11 -12 -13 14 -15 15 20 18 24 25 -21 21 -23 -24 28 -26 26 27 -29 -30 -31
leaf_value=-0.050177567435873198 0.055574897000874292 -0.050154947125316457 -0.015093554404625521 0.035497712043362543 0.021548905009306583 -0.024807281189005354 0.02952242182805534 -0.0034447457449799921 0.054498704818968083 0.057074466817987883 0.052733756336491494 -0.040628893465519927 -0.045560585934570949 -0.047826027783116343 0.0071077407196118081 -0.021342296400555807 -0.034832636358993439 -0.056149944917516063 0.042355802683244757 -0.044495765483488492 0.040067704518605293 -0.021541182628700636 -0.048777433409144352 -0.052368211658083641 -0.0071486864015688854 -0.022613216954658108 0.05535603150120727 0.0069096594631755538 0.033424176000001804 0.024083301833367231
leaf_weight=2.583877772325649 0.69169208337552746 1.1248133108019818 6.7358661510515949 2.3144553583115259 0.87885997886769418 1.1004870124161241 5.3157876883633426 4.598382098833099 1.6300610157195476 1.1657642615027652 1.0081076947972176 2.4946503604296595 0.53069070097989346 2.5615097493864516 1.2338948096148667 3.1029511098749936 1.0888400212861604 1.877866078168154 4.3550928260665653 0.95084480522200454 3.047260504681617 1.5976802180521188 3.6736011679749918 0.64078521332703531 1.8286565230228005 1.2812153697013853 1.3660734454169872 2.1781346146017313 4.4088741838932153 0.91006574034689947
leaf_count=825 10 370 168 60 14 27 83 113 23 15 16 75 14 131 27 83 14 45 56 33 40 36 104 39 45 39 14 39 89 42
internal_value=-0.000582022 0.0013687 0.00226627 0.00168902 0.00366738 0.00232368 0.0202041 -4.6193e-05 0.0175712 0.00672033 -0.00667678 -0.0244305 -0.00311291 -0.0193225 0.000293328 -0.0117706 0.00742192 -0.00442044 0.0202773 0.0093044 0.00276936 0.0188766 -0.0347262 0.0171861 -0.0319746 0.0268135 0.0127861 0.0255827 0.0227735 -0.00750516
internal_weight=68.2768 65.693 64.5682 63.8765 57.1406 54.8261 6.41627 48.4099 7.17744 5.54738 4.38162 3.37351 41.2324 7.15989 34.0725 12.6554 21.4171 11.1478 10.2694 7.44126 7.74789 4.64494 4.9075 6.49042 3.70652 9.18052 4.82542 3.54421 5.95973 1.55085
internal_count=2689 1864 1494 1484 1316 1256 110 1146 143 120 105 89 1003 244 759 290 469 307 162 217 159 76 131 184 90 148 92 53 170 81
is_linear=0
shrinkage=0.05


Tree=73
num_leaves=31
num_cat=0
split_feature=3 3 2 3 7 11 4 14 3 1 9 5 0 12 11 1 6 6 1 6 12 12 6 11 11 15 16 13 5 4
split_gain=2.5109 1.15257 0.747934 1.02013 1.02963 0.75808 0.749096 1.14151 1.82316 1.69439 1.78516 1.08998 1.06146 0.914261 0.788775 1.15157 1.23792 1.1112 1.62098 1.57804 1.47443 1.83606 1.21386 1.14759 1.96452 1.40732 1.14369 1.08895 0.975413 0.914548
threshold=-7.176252769025079 20209.238033030986 5.1958015389559042 4.7574880103886334 1.4430343206643317 3257428.5000000005 30.690737833595147 1.688811118975472 -0.43484149010431078 -0.23553925781677734 -0.67422530853240881 12.132043734230477 1.0000000180025095e-35 -2047.481500000227 6103790.0000000009 0.58853876185473608 1.4563618060324 -0.34990382081445154 0.27414362515455082 -0.53063391396991733 -147.03099999995899 -57.855500000063323 -0.70608474656344988 -1081879.9999999998 -760197.49999999988 -0.51238376056961299 -0.00054288999999999997 -0.55837133573900399 45.643939393939007 50.826502732240527
decision_type=2 2 2 2 2 2 2 2 2 2 2 2 2 2 2 2 2 2 2 2 2 2 2 2 2 2 2 2 2 2
left_child=-1 2 3 4 6 -6 7 8 9 10 12 13 -2 -8 15 16 17 19 20 22 -19 -22 23 25 -25 -13 -27 -20 -26 -17
right_child=1 -3 -4 -5 5 -7 11 -9 -10 -11 -12 14 -14 -15 -16 29 -18 18 27 -21 21 -23 -24 24 28 26 -28 -29 -30 -31
leaf_value=-0.050168896628014582 -0.054240189163902275 -0.050147371159831859 0.036632576824100024 -0.042176723925292731 0.009655320294566401 0.057822093173109448 0.063974966683082543 -0.026896290232462056 0.049257461726923052 -0.051370178553642176 0.05372236504003413 0.028552426364884614 0.0097375118719664339 -0.051853288913598999 0.016582578903444906 0.0040044721289512076 0.041562552151383811 -0.054467770371372619 -0.02957625032340316 0.043016690448643945 0.026727644164199867 -0.029606111076196179 -0.037369446273528194 0.070153069686972117 -0.037009802349202696 0.0081403930614969665 -0.041686947602711272 0.024724179820891031 0.021081307324417695 -0.036512207636556229
leaf_weight=2.458274600096046 0.86596363829448719 1.0701130987144996 1.5370296565815795 1.3190503995865572 2.0329559771344061 1.3656151094473896 0.19000864308327425 1.6058125449344505 3.2402584301307789 1.1616264397744087 1.929929113481194 1.9679902405478058 2.5794298737309873 1.6479259566403914 5.8135001813061526 2.101173077709972 1.7467750404030074 2.8008364476263425 1.2274082326330242 2.5921183880418459 2.1519855600781641 4.4114826256409572 1.8355919783934957 1.6033223355188964 1.0522877085022631 1.9250702890567475 2.8663527555763726 3.7264557038433841 2.3065672074444592 4.1310396431945264
leaf_count=825 43 370 29 41 39 13 2 37 81 108 33 27 55 119 88 29 22 70 27 40 40 145 39 12 31 44 76 57 35 112
internal_value=-0.000568526 0.00131297 0.00217698 0.00132552 0.00226807 0.0290097 0.000686963 0.0121735 0.0185903 0.00338913 0.0152228 -0.00214942 -0.00634261 -0.0398788 -0.000582677 -0.00317824 0.000627896 -0.00171899 -0.01186 0.00727214 -0.0240963 -0.0111358 0.000437823 0.00635841 0.0246179 -0.00704614 -0.0216676 0.0112703 0.00288208 -0.0228521
internal_weight=67.264 64.8057 63.7356 62.1985 60.8795 3.39857 57.4809 11.383 9.77721 6.53695 5.37532 46.0979 3.44539 1.83793 44.26 38.4465 32.2142 30.4675 14.3182 16.1493 9.3643 6.56347 13.5572 11.7216 4.96218 6.75941 4.79142 4.95386 3.35885 6.23221
internal_count=2689 1864 1494 1465 1424 52 1372 357 320 239 131 1015 98 121 894 806 665 643 339 304 255 185 264 225 78 147 120 84 66 141
is_linear=0
shrinkage=0.05


Tree=74
num_leaves=31
num_cat=0
split_feature=3 3 13 15 4 1 1 5 0 15 3 3 14 9 3 11 9 3 12 15 10 3 13 14 15 9 15 5 7 10
split_gain=2.38674 1.09562 0.685269 1.50451 1.3178 1.01312 1.18118 0.792129 2.04732 0.677601 1.67323 1.52377 1.05653 1.93138 1.74679 1.45225 1.31604 1.0899 1.57977 1.46757 1.44697 1.33974 1.12702 1.83275 1.18177 2.28361 1.00803 1.00492 1.15726 0.987804
threshold=-6.3108295249341992 20209.238033030986 6.6580277419213134 -2.2195419551487654 1.0000000180025095e-35 -1.2387304790734739 -1.164581093078771 99.743589743589794 1.0000000180025095e-35 -1.2554193238977274 1.6293323874327645 -2.0552199124724631 -1.0403293224291106 0.095859679248531296 0.5368881764469754 -2366537.9999999995 -1.5783875161409073 0.56974918619148995 442.9424999998883 0.092560846337422509 -0.60857795509854851 -0.82186001510103956 -0.92514194453860543 -0.19738201662881466 0.44484481068653031 0.38503752108567696 -0.56764631134067034 16.997303543913706 -1.4832435511434239 2.5203036465382946
decision_type=2 2 2 2 2 2 2 2 2 2 2 2 2 2 2 2 2 2 2 2 2 2 2 2 2 2 2 2 2 2
left_child=-1 2 3 -2 7 -6 -7 8 -5 10 11 -8 13 14 16 26 -11 19 20 27 -19 22 23 -21 -24 -26 -14 -17 -29 -20
right_child=1 -3 -4 4 5 6 9 -9 -10 12 -12 -13 15 -15 -16 17 -18 18 29 21 -22 -23 24 -25 25 -27 -28 28 -30 -31
leaf_value=-0.048751987109424175 -0.052665551323947672 -0.050140165475524412 0.041126519696693266 -0.05032291231778218 -0.052737066972210145 0.053629076186975259 0.042396110027055317 0.052549505387921858 0.04668209634621371 0.0082770133262735236 0.037856290283902014 -0.052162162383120582 0.016983358166567875 -0.053871469738571466 0.032388201022340149 0.038608478603472232 -0.055203707698025489 0.018477988096866831 0.027553903899202987 0.017545670793560255 -0.039252542250696645 0.030895231625214594 -0.023122614030978969 -0.055447299668393783 0.051681688791309723 -0.0030445490419532687 -0.035093250843598219 0.065889092197125798 -0.052046496967821598 -0.017445935093031922
leaf_weight=2.472922481596469 1.2582369665615249 1.0180657072924066 1.1077093267813314 0.88379551889374774 0.87847564253023946 1.0610382431186653 0.64152664877474297 1.9761570487171409 1.4144023507833481 1.5696258097887041 3.4745327364653349 1.2684654425829567 1.2127002622000871 2.5634055128321052 2.2640062579885125 0.51860724529256019 1.7014431278221218 1.4325561258010564 3.5566888661123812 1.7165011707693341 4.4789345266763103 8.681792234070608 1.7106497343629596 1.723375266417851 3.6181660341098905 4.0287004197016358 3.9754116602707503 0.23379183933138903 1.8862038461957122 1.8558580554090438
leaf_count=836 43 370 16 144 40 13 6 50 24 26 62 79 14 95 27 17 60 39 50 24 169 72 39 27 29 47 126 2 123 20
internal_value=-0.000557432 0.00131323 0.00214878 0.0014477 0.00257634 0.000535646 0.00138385 0.0293373 0.00937783 0.000359434 0.017191 -0.020402 -0.00150046 -0.0179912 -0.00137434 0.00178652 -0.0247424 0.00540324 -0.00739271 0.0114113 -0.0252625 0.0157343 0.00544903 -0.0190237 0.0144454 0.0228495 -0.0229206 -0.023779 -0.0390406 0.0121243
internal_weight=66.1837 63.7108 62.6928 61.585 60.3268 56.0525 55.174 4.27435 2.2982 54.1129 5.38452 1.90999 48.7284 8.09848 5.53508 40.6299 3.27107 35.4418 11.324 24.1178 5.91149 21.4792 12.7974 3.43988 9.35752 7.64687 5.18811 2.6386 2.12 5.41255
internal_count=2689 1853 1483 1467 1424 1206 1166 218 168 1153 147 85 1006 208 113 798 86 658 278 380 208 238 166 51 115 76 140 142 125 70
is_linear=0
shrinkage=0.05


Tree=75
num_leaves=31
num_cat=0
split_feature=3 3 2 3 7 11 11 8 9 8 4 14 3 1 9 0 5 12 5 8 10 12 7 14 10 10 7 3 3 12
split_gain=2.2708 1.03742 0.693427 0.926255 0.922441 0.848868 0.734364 0.720471 1.31516 1.07715 0.718223 1.05836 1.77012 1.39912 1.63877 0.947693 0.939549 0.882883 0.887595 0.846542 1.05747 1.27191 1.43616 1.1284 1.41178 1.14623 0.932724 1.02871 1.59824 0.83621
threshold=-7.176252769025079 20209.238033030986 5.1958015389559042 4.7574880103886334 1.4430343206643317 3376637.0000000005 -1048886.9999999998 1.7368704182598285 2.4548069516701925 2.0057345730229259 30.690737833595147 1.688811118975472 -0.43484149010431078 -0.23553925781677734 -0.67422530853240881 1.0000000180025095e-35 12.132043734230477 -418.27600000007072 19.836065573770281 -1.8827517459334 -1.0223136386694456 -35.643500000238411 0.64747271038055676 1.6587865462040428 0.69688450615558717 -0.10253250457199904 -1.0228243143948654 -0.76268922205713852 -0.37614448061349676 92.990499999839827
decision_type=2 2 2 2 2 2 2 2 2 2 2 2 2 2 2 2 2 2 2 2 2 2 2 2 2 2 2 2 2 2
left_child=-1 2 3 4 7 6 -6 8 10 -9 11 12 13 14 15 -2 -12 18 -18 -19 26 -22 29 24 25 -24 -21 -28 -29 -23
right_child=1 -3 -4 -5 5 -7 -8 9 -10 -11 16 -13 -14 -15 -16 -17 17 19 -20 20 21 22 23 -25 -26 -27 27 28 -30 -31
leaf_value=-0.050153020460784598 -0.053866177352561141 -0.050133310394425402 0.035816673097134759 -0.041132115085134771 0.039721465906762371 0.059615439301812172 -0.020398717339452616 -0.052035524206406336 0.051264674668164346 0.0052156961215230439 -0.039344027265678115 -0.025306431991308664 0.052841202235032372 -0.05109950724680256 0.052377358984305636 0.0086261242609279986 0.028726304524604274 0.050451465487801578 -0.033634686512496459 -0.057617199917088718 0.016230420481035353 -0.0099646244702205622 -0.013112036423933779 0.045954890872754305 -0.030127497810386802 0.031201115225889975 -0.053084479712033276 0.039799072440482357 -0.033943519028175849 -0.048688748257674892
leaf_weight=2.228152042720466 0.79826451977714796 0.96854309551417728 1.4811657993122924 1.2658006767742325 0.95288731483742628 1.2800020971335468 1.0877826474606984 1.5721230930648737 1.3202819782309223 1.7208851231262086 1.6411134512163688 1.5765491800848384 2.7069636615924528 0.96111710113473225 1.8456544992513957 2.5277010281570256 0.6888002618215826 0.87276340834794908 3.3249781248159707 1.260846411809325 12.615533388219765 3.7146671507508087 2.4749759379774221 1.5316107268445183 2.7656947234645486 3.556027635931978 0.96316786808893118 1.6218964564614 1.3433105987496556 2.2316034138202667
leaf_count=825 43 370 29 41 14 12 26 42 16 32 116 37 72 103 32 55 8 7 94 27 225 94 48 19 76 61 28 17 52 68
internal_value=-0.000550855 0.00121261 0.00201856 0.00118731 0.0020959 0.0276958 0.0076743 0.00056797 0.0019951 -0.0221167 0.000720195 0.012433 0.0191638 0.00429868 0.0145941 -0.00637264 -0.0022843 -0.000723463 -0.022933 0.001827 0.000581741 0.00431455 -0.00492226 0.00634776 -0.00054832 0.0130161 -0.0202 -0.00819066 0.00639189 -0.0244976
internal_weight=64.9009 62.6727 61.7042 60.223 58.9572 3.32067 2.04067 55.6365 52.3435 3.29301 51.0232 10.4162 8.8397 6.13274 5.17162 3.32597 40.607 38.9659 4.01378 34.9521 34.0793 28.8901 16.2746 10.3283 8.7967 6.031 5.18922 3.92837 2.96521 5.94627
internal_count=2689 1864 1494 1465 1424 52 40 1372 1298 74 1282 342 305 233 130 98 940 824 102 722 715 591 366 204 185 109 124 97 69 162
is_linear=0
shrinkage=0.05


Tree=76
num_leaves=31
num_cat=0
split_feature=3 3 15 4 5 0 3 6 4 3 7 4 16 15 8 8 2 5 8 13 2 5 9 5 8 14 12 16 8 13
split_gain=2.15813 0.984209 0.641172 1.28621 0.812931 2.00876 0.80493 0.772894 0.671801 1.58942 1.23795 0.891803 2.12328 1.06017 1.33902 1.46894 1.17397 1.46179 1.42554 1.17278 1.1649 1.66236 1.15153 1.15365 1.07398 1.03359 1.30992 1.5138 0.997273 1.09534
threshold=-7.176252769025079 20209.238033030986 -2.4869132381863133 1.0000000180025095e-35 99.743589743589794 1.0000000180025095e-35 -3.2697196433189348 -1.4683626029742769 97.906969744187066 4.4383538965176657 0.090130425772270803 69.183285849952455 -0.00023964999999999997 0.33582402597381633 0.34408890467609216 -1.5564010687577063 0.41865305419065496 69.122426868905663 0.53829441306807724 0.83941982210991195 0.68925690827545749 95.798022598870304 0.43362730389006948 71.428571428571701 0.86713364820672711 1.5243092680538686 3.762500000186265 -0.00029943999999999994 -0.88119062952365745 -1.1320495569886837
decision_type=2 2 2 2 2 2 2 2 2 2 2 2 2 2 2 2 2 2 2 2 2 2 2 2 2 2 2 2 2 2
left_child=-1 2 -2 4 5 -4 -5 -8 9 11 -10 13 -13 14 15 -9 17 19 -18 24 -16 -22 25 -24 28 26 27 -17 29 -15
right_child=1 -3 3 6 -6 -7 7 8 10 -11 -12 12 -14 16 20 22 18 -19 -20 -21 21 -23 23 -25 -26 -27 -28 -29 -30 -31
leaf_value=-0.05014555202205806 -0.033279910567614944 -0.050126792559325908 -0.050303925035639109 -0.038841353567495213 0.052354914283562426 0.046202169838951646 -0.044183533391429934 -0.047452878929859908 -0.0026597745900205833 -0.05574584962076095 0.051466640720126494 -0.0205126733929249 0.045636927956045466 0.028434322856908296 -0.051989342744876488 -0.0050172440977920936 -0.045375983654434307 0.056136407453052373 0.0090203227794611162 -0.030736482441767566 0.019850156921487887 -0.048861193565571975 -0.053046695431448791 0.026781536451626592 -0.022546390392687118 -0.021297801106291842 -0.017282435779669685 0.058384393122456218 0.028717575382557321 -0.011537757319125933
leaf_weight=2.1197915028315029 1.2655191784724582 0.92142350133508344 0.88292234856635254 1.2611478266771872 2.0013316553086042 1.3851240146905184 0.90766492462716897 1.3622870245017029 2.3822429608553639 1.216752978041767 1.898088691756129 1.9063243633136151 3.3358516162261358 2.6932709282264202 2.8233821252360931 1.339780857320864 2.2270322870463124 1.676254192367195 2.6229952950961888 1.8200923590920854 2.0881602275185287 1.521738979034126 1.3066065241582689 0.69243395514786232 2.042579596862196 1.3863407266326246 1.3090898510999975 3.1667744610458808 7.6747145410627171 4.7129375101067117
leaf_count=825 30 370 154 50 54 25 29 49 33 48 27 64 44 23 166 45 44 14 34 68 47 22 84 19 28 30 64 42 90 67
internal_value=-0.000538578 0.00116213 0.00193802 0.00268527 0.0291286 0.00863354 0.000646492 0.00156678 0.00234726 0.000685446 0.0213423 0.00212466 0.0215815 -0.000277149 -0.00994803 0.00100411 0.00617644 0.0113826 -0.0159573 0.00742244 -0.0279312 -0.00911485 0.00817857 -0.0253955 0.0114784 0.0174977 0.0267458 0.0395353 0.0160868 0.00299811
internal_weight=63.9507 61.8309 60.9094 59.6439 4.26938 2.26805 55.3745 54.1134 53.2057 48.9254 4.28033 47.7086 5.24218 42.4665 16.9966 10.5633 25.4699 20.6198 4.85003 18.9436 6.43328 3.6099 9.20103 1.99904 17.1235 7.20199 5.81565 4.50656 15.0809 7.40621
internal_count=2689 1864 1494 1464 233 179 1231 1181 1152 1092 60 1044 108 936 568 333 368 290 78 276 235 69 284 103 208 181 151 87 180 90
is_linear=0
shrinkage=0.05


Tree=77
num_leaves=31
num_cat=0
split_feature=3 3 16 15 16 13 8 15 8 7 13 6 14 5 13 3 14 10 3 1 13 1 11 14 5 10 13 16 10 8
split_gain=2.05127 0.934047 0.639775 0.936252 0.793459 0.668718 1.32428 1.21395 1.09005 1.11024 1.08037 1.16832 0.838539 0.837067 1.44621 1.04163 0.926242 1.23446 1.07593 1.00104 0.998697 0.892606 1.95857 0.860037 0.960156 2.16686 1.06478 1.62777 0.980229 1.05829
threshold=-7.176252769025079 20209.238033030986 -0.0010290849999999997 2.7473432627408108 -0.0011434999999999998 1.4169452639388258 0.96245148024445915 -3.5581181165325524 2.2771669098401897 1.4430343206643317 2.9567835172952974 1.0975431247904228 -0.13947630780128936 99.743589743589794 -0.16023744485371508 3.2565514854209323 0.72442758316999056 -1.3996647137999989 1.2124235782394699 -0.72281711301457774 0.43976151747350162 0.23978123302389467 1563639.0000000002 0.55793241651628767 29.62962962962952 -1.6592328921732766 -1.0136852711439759 -0.00072679999999999989 -0.672623150908502 0.24232278479428213
decision_type=2 2 2 2 2 2 2 2 2 2 2 2 2 2 2 2 2 2 2 2 2 2 2 2 2 2 2 2 2 2
left_child=-1 2 4 5 -2 8 7 -7 9 13 11 -8 -9 15 -15 16 18 -18 20 -19 23 22 -21 24 25 -4 -26 -28 -29 -30
right_child=1 -3 3 -5 -6 6 10 12 -10 -11 -12 -13 -14 14 -16 -17 17 19 -20 21 -22 -23 -24 -25 26 -27 27 28 29 -31
leaf_value=-0.050138444102045127 -0.0096323110610280985 -0.050120589525766084 0.023992874284059554 -0.05296539791136165 0.050615450107496344 0.061779553234420137 -0.05349439111809582 -0.009648709427463183 -0.051644288611581018 0.037712212544346257 0.042372589439562645 0.027346166334654351 -0.051859049159741336 -0.024559817070454799 0.037633876656053084 -0.052796984758166104 -0.035656293625229547 0.051986012147204254 -0.051777243870044634 0.013893623060622629 -0.050833320628830538 0.028857097006855577 -0.053755508709165872 -0.030467456932465883 0.035516475766097455 -0.03824926999411863 -0.040252335114665999 -0.018774582514997938 0.03782529504284262 0.0015486527182573206
leaf_weight=2.0166866863146415 0.88350881217047605 0.87659083725884457 2.309858319349587 0.79754385724663635 1.4326494680717576 0.3565183407627045 0.91330751613713823 2.0527788603212684 0.86810057470574875 2.4442255790345362 1.6267071263864634 0.87523970939218998 2.7565783697646093 1.2401319202035663 3.7953433301299802 0.8901982253883024 1.2176916880998749 1.764066960196941 1.115359161980449 4.9984771711751801 0.98598763369955023 4.3241533860564232 1.3613163945265112 2.038797046756371 3.2514486149884734 3.5432781316340103 1.823034941218787 2.1719668402802155 3.8898360859602779 4.1610733275301754
leaf_count=825 42 370 46 35 30 5 34 113 23 32 25 11 87 17 81 64 38 21 66 87 106 52 33 46 62 161 35 38 42 62
internal_value=-0.000528053 0.00111841 0.00186839 0.000831855 0.0276337 0.00158756 -0.0112723 -0.0272431 0.0038773 0.00489573 0.012885 -0.0139344 -0.0338424 0.00310858 0.0223169 0.00068119 0.00190323 0.0123916 -0.00376411 0.0170917 -0.00154896 0.0113302 -0.000586701 0.000546564 0.00353615 -0.0136863 0.0101259 0.0032724 0.0110341 0.0190759
internal_weight=62.7825 60.7658 59.8892 57.573 2.31616 56.7755 8.58113 5.16588 48.1943 47.3262 3.41525 1.78855 4.80936 44.882 5.03548 39.8465 38.9563 13.6657 25.2906 12.448 24.1753 10.6839 6.35979 23.1893 21.1505 5.85314 15.2974 12.0459 10.2229 8.05091
internal_count=2689 1864 1494 1422 72 1387 275 205 1112 1089 70 45 200 1057 98 959 895 231 664 193 598 172 120 492 446 207 239 177 142 104
is_linear=0
shrinkage=0.05


Tree=78
num_leaves=31
num_cat=0
split_feature=3 3 2 3 3 12 11 13 9 4 1 1 16 6 12 8 12 10 10 5 3 3 9 13 16 6 14 5 13 4
split_gain=1.94946 0.886284 0.621331 0.772133 0.803833 1.10663 0.877081 1.3038 1.13209 1.11907 0.848233 1.19737 1.28235 0.874944 0.914503 1.76491 0.932459 0.860026 1.77651 1.34497 1.82465 1.38031 1.24332 1.19897 1.00076 1.29503 1.02446 1.34573 0.994759 0.68652
threshold=-7.176252769025079 20209.238033030986 5.1958015389559042 4.7574880103886334 4.0356950408938195 1178.2915000002833 4927984.5000000009 -0.59682325749384635 1.4120197234505654 69.669913419913499 0.58853876185473608 1.4737350601049837 -0.00021988499999999999 1.4563618060324 442.9424999998883 0.85417461365443259 -87.93299999996087 -1.0223136386694456 -0.5727033006754233 29.62962962962952 0.73609978734280124 2.3796811021745436 0.739800857126371 0.07148972660965229 -0.00043757499999999994 0.12499391064719018 0.20385529819768652 46.666666666666877 -1.1633677454364684 59.658438576349077
decision_type=2 2 2 2 2 2 2 2 2 2 2 2 2 2 2 2 2 2 2 2 2 2 2 2 2 2 2 2 2 2
left_child=-1 2 3 4 5 6 10 -8 -9 -10 13 12 -12 14 15 17 -17 24 -19 21 22 -20 29 -22 28 26 -26 -28 -2 -21
right_child=1 -3 -4 -5 -6 -7 7 8 9 -11 11 -13 -14 -15 -16 16 -18 18 19 20 23 -23 -24 -25 25 -27 27 -29 -30 -31
leaf_value=-0.050131682011869273 0.019819244187919246 -0.050114699081895357 0.035052299684606679 -0.039039103281910993 0.040017932090599707 -0.03603889280536917 0.051379212277542531 0.040899995662460754 -0.056490802310583246 0.011260728960173908 -0.053130328908707482 0.026155372347411318 0.00020695783748607118 0.037121105576557359 0.02648080576507239 0.0097468038451696808 -0.046419932191982066 0.03260059840067131 -0.04164780166621361 0.020567256685588904 -0.058279373664473791 0.064310414567612648 -0.016833084761098443 0.0047745159237968342 0.038811968347727703 -0.033204063553916509 -0.042957522514406619 0.029969854908268031 -0.036491981626143449 0.059396306511671042
leaf_weight=1.9185838636476535 0.97767556132748712 0.83393458789214392 1.3716439548879851 1.1793332609813649 1.3457769132219244 1.9549780865199853 2.1581576438620687 1.2837964282371097 1.0408722646534445 1.4705511848442254 2.5616339878179128 1.2160552428103981 2.0120067354291673 1.7469316320493806 3.2261520342435679 0.97880812222138081 3.0153889094945034 5.6555140342097632 2.734047245001443 5.5369910926092398 1.4854301479645067 0.34628833644092072 1.9262056364677844 1.5309269982390104 2.6010693751741076 1.7340145958587525 1.2439051584806295 1.2871654434129594 3.9646374988369644 1.4329670439474282
leaf_count=825 18 370 29 41 32 43 22 27 36 27 74 20 38 24 78 20 135 121 172 91 33 7 33 46 48 40 45 14 165 15
internal_value=-0.000519887 0.00107042 0.00179366 0.00100232 0.00183858 0.000906454 0.00226495 0.02035 0.00270525 -0.0168192 -1.54731e-05 -0.0179418 -0.0296665 0.00249003 0.000965268 -0.00129302 -0.0326558 0.00256654 0.00872152 -0.000285998 0.00732919 -0.0297361 0.0187238 -0.0262769 -0.00819609 0.00415332 0.0167754 -0.00587061 -0.0253526 0.0285502
internal_weight=61.7714 59.8529 59.0189 57.6473 56.4679 55.1222 53.1672 5.95338 3.79522 2.51142 47.2138 5.7897 4.57364 41.4241 39.6772 36.451 3.9942 32.4568 20.6484 14.9929 11.9125 3.08034 8.89616 3.01636 11.8085 6.86615 5.13214 2.53107 4.94231 6.96996
internal_count=2689 1864 1494 1465 1424 1392 1349 112 90 63 1237 132 112 1105 1081 1003 155 848 518 397 218 179 139 79 330 147 107 59 183 106
is_linear=0
shrinkage=0.05


Tree=79
num_leaves=31
num_cat=0
split_feature=3 3 16 15 16 7 11 12 10 1 4 13 15 6 13 13 3 8 6 6 4 14 4 4 15 9 0 8 15 9
split_gain=1.85275 0.841027 0.594065 0.75427 0.703418 0.595461 0.611897 0.977303 1.19942 1.0125 1.34306 0.840627 1.26846 0.829376 0.970611 1.33467 0.998344 0.962137 1.4609 1.34822 1.0653 0.899086 0.879064 0.872506 0.984275 0.769907 1.50006 0.76191 0.906106 0.741899
threshold=-7.176252769025079 20209.238033030986 -0.0010290849999999997 2.3632105257219824 -0.0011434999999999998 -1.4938249617652353 4927984.5000000009 1582.0859999998941 2.3671623291527841 0.58853876185473608 97.906969744187066 -0.59682325749384635 0.17113793732566482 1.3170866635019349 1.3119094853576547 6.6580277419213134 -2.8219010266663571 -1.3290272387793134 -0.39746490244547311 -0.93326081089698076 30.210618692408925 -0.16175981784640167 1.0000000180025095e-35 38.757124471410243 1.0994538506905862 1.4786254295523005 -1.0000000180025095e-35 1.0892977347399302 1.0994538506905862 -0.01908728725705185
decision_type=2 2 2 2 2 2 2 2 2 2 2 2 2 2 2 2 2 2 2 2 2 2 2 2 2 2 2 2 2 2
left_child=-1 2 4 5 -2 -4 7 8 9 13 -11 -8 25 14 16 21 22 18 19 -18 -19 -16 -7 24 -22 -13 -27 -25 -29 -15
right_child=1 -3 3 -5 -6 6 11 -9 -10 10 -12 12 -14 29 15 -17 17 20 -20 -21 23 -23 -24 27 -26 26 -28 28 -30 -31
leaf_value=-0.05012525724413839 -0.0083328077352898041 -0.050109091163509638 0.050783410323400759 -0.040754238392145446 0.048913593775888095 0.022859729573407685 0.037335219581918141 -0.054908972247382871 0.048935643595933775 -0.031297989527918284 0.041426821914116119 0.043017583161605505 -0.036762793980752162 -0.012814968361014471 -0.00081574335357412404 0.056130637531359731 -0.028294409045397741 0.033884235161936185 -0.051100292874904786 0.031167753757178219 -0.053608282498913362 -0.054491443416935903 -0.045177881119761849 0.01259490294953087 0.0064611408719176715 0.028711462089209456 -0.044716717405448199 -0.048973711960371709 0.024261131482373785 0.041268134678916352
leaf_weight=1.8252415070310224 0.87369034928269718 0.79334963113069434 0.6065628663636663 1.075967090204357 1.3908466654829599 0.63311305968089771 2.5387305449694395 0.8361497581936409 1.2012714692391444 4.8041769813280544 0.73151393979787815 1.6867690049111823 1.5044320714659987 0.88566097524017129 1.2113476342055953 0.45122424792498339 1.7807191046886144 3.6621303712018216 1.7971165580674959 2.0515312713105236 1.2827774805482506 2.1917555585969231 1.8979381048120556 14.625178987625988 1.45595241850242 1.8204640792682765 1.1255984567105772 1.1381377265788604 0.67158403433859337 2.232516622869297
leaf_count=825 42 370 9 47 30 42 25 18 14 134 14 27 57 25 94 7 47 119 54 33 57 84 70 283 21 27 25 44 8 37
internal_value=-0.000512061 0.00102388 0.00172131 0.000704269 0.0268271 0.00151792 0.000966763 -0.00135166 -0.000349953 -0.00171086 -0.0216878 0.0131366 0.00312659 0.0012017 -0.00100874 -0.0246716 0.0019337 0.00460948 -0.0139049 0.00353767 0.00917357 -0.0353854 -0.0281591 0.00445387 -0.0216744 0.01608 0.000656849 0.00880792 -0.0217964 0.0259068
internal_weight=60.7834 58.9582 58.1649 55.9003 2.26454 54.8244 54.2178 45.5418 44.7056 43.5044 5.53569 8.67599 6.13726 37.9687 34.8505 3.85433 30.9962 28.4651 5.62937 3.83225 22.8358 3.4031 2.53105 19.1736 2.73873 4.63283 2.94606 16.4349 1.80972 3.11818
internal_count=2689 1864 1494 1422 72 1375 1366 1205 1187 1173 148 161 136 1025 963 185 778 666 134 80 532 178 112 413 78 79 52 335 52 62
is_linear=0
shrinkage=0.05


Tree=80
num_leaves=31
num_cat=0
split_feature=3 3 2 3 7 11 11 2 8 9 2 14 14 4 1 13 16 5 0 2 8 3 10 10 4 4 15 4 9 9
split_gain=1.76093 0.798127 0.556378 0.699579 0.730937 0.695384 0.629306 0.621562 0.974388 1.06947 0.827193 0.745728 1.5075 1.35548 1.06105 0.912651 1.35026 0.896263 1.41076 0.879369 0.863911 0.825825 0.625145 1.7051 1.59241 1.58254 1.45488 1.44401 1.34829 2.14976
threshold=-7.176252769025079 20209.238033030986 5.1958015389559042 4.7574880103886334 1.4430343206643317 3376637.0000000005 -1048886.9999999998 2.7084806330699616 1.7368704182598285 2.4548069516701925 1.1496107060714447 1.9716149373565668 1.688811118975472 1.0000000180025095e-35 -0.024140598233460282 1.8055065347821584 -0.00093068999999999986 99.743589743589794 1.0000000180025095e-35 -0.82343445732118925 1.2610586889759392 -3.1647849707542988 -1.0223136386694456 -0.93685127913508914 40.540540540540412 43.472306755934248 1.0062070794862574 46.052631578947363 -0.28401330684893594 0.72518143250673095
decision_type=2 2 2 2 2 2 2 2 2 2 2 2 2 2 2 2 2 2 2 2 2 2 2 2 2 2 2 2 2 2
left_child=-1 2 3 4 7 6 -6 8 9 11 -10 12 13 17 19 20 -17 18 -2 -13 21 -15 24 -24 -23 26 -25 -27 -29 -30
right_child=1 -3 -4 -5 5 -7 -8 -9 10 -11 -12 14 -14 15 -16 16 -18 -19 -20 -21 -22 22 23 25 -26 27 -28 28 29 -31
leaf_value=-0.050119142513858767 -0.050273778473648723 -0.050103758626253617 0.033793382111241638 -0.037975679178812484 0.037206790405023858 0.055767447708335985 -0.020250038080767231 0.039942354209271655 -0.0054820842886623387 0.048436739359576653 -0.060025557975092209 0.034323854430626542 -0.044992389090651307 -0.038272620039419343 0.038662773548156996 0.035913556756785057 -0.053207302866615638 0.053913518426880518 0.054033453123843306 -0.042013162905406409 -0.032815105504918958 0.012811220143112232 0.054527145651110109 -0.045620229014366853 -0.028565987799239058 0.049382505173604159 0.0064384215176148786 -0.021513764901041163 0.037246159729480165 -0.0096601436467444891
leaf_weight=1.7364298477768887 0.6760847514960906 0.754735819529741 1.3154341615736473 1.1340373430866737 0.90054069878533471 1.1676566763781009 1.0122242802754038 0.96996428584679861 1.6160884934943163 1.16998278396204 1.2197826928459106 0.61317052203230538 1.9433998975437123 1.2630688021890666 2.7405848777852944 0.55361368902958963 1.8295815952587862 1.8520941473543644 0.62276104278862476 0.98056193767115474 1.9563570744357992 4.6329621830955023 1.7722266959026338 2.7208152257372147 4.668251184746623 2.1703926729969671 2.6485135066322982 3.4464040249586008 5.1159259444102716 4.6746952205430716
leaf_count=825 132 370 29 41 14 12 26 23 49 14 24 13 41 51 41 12 111 48 13 39 55 77 20 119 130 34 40 86 71 129
internal_value=-0.000503146 0.000978654 0.00165047 0.000896404 0.00169881 0.0253621 0.00680097 0.000293168 -0.000462586 0.00121823 -0.0289427 3.984e-05 -0.00197289 8.61369e-05 0.0197975 -0.00256365 -0.0325046 0.0315822 -0.000261313 -0.0126434 -0.000528981 0.00137851 0.00295094 0.00744988 -0.00795588 0.00343426 -0.0199414 0.0115804 0.00538227 0.01485
internal_weight=59.8783 58.1419 57.3872 56.0717 54.9377 3.08042 1.91276 51.8573 50.8873 48.0514 2.83587 46.8815 42.5471 40.6037 4.33432 37.4528 2.3832 3.15094 1.29885 1.59373 35.0696 33.1133 31.8502 22.549 9.30121 20.7767 5.36933 15.4074 13.237 9.79062
internal_count=2689 1864 1494 1465 1424 52 40 1372 1349 1276 73 1262 1169 1128 93 935 123 193 145 52 812 757 706 499 207 479 159 320 286 200
is_linear=0
shrinkage=0.05


Tree=81
num_leaves=31
num_cat=0
split_feature=3 3 15 4 5 0 6 1 1 4 15 3 8 5 10 7 15 4 13 13 14 14 5 13 1 14 15 11 8 6
split_gain=1.67404 0.757701 0.539409 1.15214 0.705282 1.75558 0.648482 0.815299 0.83729 0.613757 1.01496 1.20776 2.11657 1.4888 1.01862 0.9708 0.929771 1.05818 1.28225 1.23046 0.901392 1.62827 1.29937 1.90167 0.989031 0.978498 1.28563 0.857153 1.48562 1.46464
threshold=-7.176252769025079 20209.238033030986 -2.4869132381863133 1.0000000180025095e-35 99.743589743589794 1.0000000180025095e-35 -1.4683626029742769 -1.2387304790734739 -1.164581093078771 69.183285849952455 0.17113793732566482 1.6796348742759728 -0.791510436485939 34.210526315789629 1.0722440542958844 -0.59437683960738619 -1.2554193238977274 72.287581699346546 2.9567835172952974 1.4169452639388258 -0.33709262944817203 -0.66513727561387304 29.62962962962952 -0.98950303657614136 0.58853876185473608 -1.015272898649304 1.2683207639442335 -1081879.9999999998 -0.72446497530598708 0.12499391064719018
decision_type=2 2 2 2 2 2 2 2 2 2 2 2 2 2 2 2 2 2 2 2 2 2 2 2 2 2 2 2 2 2
left_child=-1 2 -2 4 5 -4 -5 -8 -9 10 11 12 13 -10 15 -13 -11 -18 19 -19 21 22 -12 -24 25 26 -25 28 -22 -29
right_child=1 -3 3 6 -6 -7 7 8 9 16 20 14 -14 -15 -16 -17 17 18 -20 -21 27 -23 23 24 -26 -27 -28 29 -30 -31
leaf_value=-0.050113324151987743 -0.032032686990036446 -0.050098693562631316 -0.050270797338598551 -0.043147483842823811 0.052052333583803602 0.045480690223020731 -0.052526972878522815 0.046826419727899429 0.026860145544913019 0.047979552363807583 -0.052901895306492731 -0.013652668900316221 -0.050123955472469187 -0.051194468443045732 -0.036489513169531466 0.037808553528369322 0.038151425510267081 0.00020338969520059268 0.041708470253246574 -0.053946347652214614 -0.053383893065728799 -0.053541460466838157 0.059674501625706311 -0.053552850531135343 -0.034049714223784951 0.024474087107550665 0.018244063147466596 0.042142390394950505 0.014501007732706815 0.0050187098408534291
leaf_weight=1.6519301122752938 1.1681636008433987 0.7179976929910471 0.77604789636097771 0.84306030673906107 1.7618324495851996 1.2494094669818878 0.6998033900745203 1.012378186220295 2.1676349930930781 1.5232971757650364 1.0252431873232115 1.5193268898874523 4.1654701915104102 0.85065914271399368 1.1379863931797443 2.3095805482007563 1.9062298438511769 3.6744075019378215 1.2227077027782796 1.4683285085484383 1.2663157470524313 1.6115998411551142 1.4194901026785345 1.2168411656748479 1.9532358492724595 3.3959125299006736 1.2787372255697844 4.1009896374307537 2.2168066427111635 7.5449047228321433
leaf_count=825 30 370 154 33 54 25 35 14 50 35 48 25 288 60 25 37 30 74 11 53 31 68 11 46 36 33 15 42 41 90
internal_value=-0.000491212 0.000941759 0.00159053 0.00230056 0.0289175 0.0087938 0.000344336 0.00106771 0.001818 0.000887632 -0.00191098 -0.0139138 -0.0270215 0.00486167 0.00504429 0.0173885 0.0120823 0.00547157 -0.00431492 -0.0152572 0.00348455 -0.0068102 0.000509147 0.00641999 -0.00321633 0.00700602 -0.016764 0.0115828 -0.0101791 0.0180915
internal_weight=58.8563 57.2044 56.4864 55.3182 3.78729 2.02546 51.5309 50.6879 49.9881 48.9757 39.1807 12.1507 7.18376 3.01829 4.96689 3.82891 9.79497 8.27167 6.36544 5.14274 27.0301 11.9011 10.2895 9.26422 7.84473 5.89149 2.49558 15.129 3.48312 11.6459
internal_count=2689 1864 1494 1464 233 179 1231 1198 1163 1149 946 485 398 110 87 62 203 168 138 127 461 257 189 141 130 94 61 204 72 132
is_linear=0
shrinkage=0.05


Tree=82
num_leaves=31
num_cat=0
split_feature=3 3 13 15 4 2 5 13 5 5 11 9 15 9 11 7 12 12 10 4 0 12 15 8 2 2 1 13 13 3
split_gain=1.59114 0.719293 0.531627 1.11333 1.01301 0.622593 0.753001 1.62475 2.32581 0.97511 0.880452 1.59026 0.674897 0.749865 0.624733 1.13225 1.1159 1.37434 1.3357 1.3005 1.11206 1.47054 1.05426 0.878924 0.84822 0.928517 0.749314 1.87547 1.15357 0.613103
threshold=-7.176252769025079 20209.238033030986 6.6580277419213134 -2.2195419551487654 1.0000000180025095e-35 -1.938705733066606 18.301435406698996 -0.75246549287422881 16.997303543913706 29.62962962962952 -1081879.9999999998 -1.3409240146133128 -1.5366266708635894 -1.9007297261861085 -838820.49999999988 -1.3829835966183321 -20.062499999999996 541.75499999988835 0.60276623891658709 60.954263128176208 1.0000000180025095e-35 1.0000000180025095e-35 1.3330227896439089 1.7368704182598285 0.19003863492560083 1.1496107060714447 0.2553225001437141 -0.70682603090589291 -0.52634554735793848 -1.1410095063876005
decision_type=2 2 2 2 2 2 2 2 2 2 2 2 2 2 2 2 2 2 2 2 2 2 2 2 2 2 2 2 2 2
left_child=-1 2 3 -2 -5 -6 7 -7 -9 10 -8 -12 -11 -14 20 -16 26 18 24 -19 21 -15 -22 -21 29 -26 27 -17 -28 -18
right_child=1 -3 -4 4 5 6 9 8 -10 12 11 -13 13 14 15 16 17 19 -20 23 22 -23 -24 -25 25 -27 28 -29 -30 -31
leaf_value=-0.050107795376928978 -0.048990091157314973 -0.050093869031529986 0.03885580952262678 0.028206062006454043 -0.032622862406197127 0.046489409582715607 -0.052778292277549189 -0.043128732928161599 0.063256050762436358 0.035289233676406413 0.078452740892959227 -0.025211124524382511 -0.053662140872595743 -0.032983572636952833 -0.048147694633298224 0.026916644340246734 -0.015351453239658339 -0.026797743931639129 -0.047145420025535914 0.043120397155561298 0.040078918808192476 0.024463850438808131 -0.0080590610068386175 0.00062437215804289972 -0.048099679830792018 0.018388509761916288 -0.019923274942998215 -0.032404884514884651 0.039109931662602078 0.028899119018037545
leaf_weight=1.5715335813583795 1.096256068907677 0.68304464872926374 0.93785924464464088 3.4279849387239656 1.4117517087142903 2.6342561768833548 1.6363355463836344 1.6662277621217065 0.74277769215404976 1.4101661057211377 0.45921289920806918 1.9034101013094176 0.63855589646845246 2.4554699426516766 1.3183588040992535 2.8603715368080884 1.3690108293667438 1.9225520119071013 3.2916866093873978 2.4221390476450324 4.0207463116385043 2.0390217194799334 1.5860684160143135 2.444893532898277 1.8032560888677838 0.74082195363007475 1.0554885140154509 2.494151951977976 3.8319124749395996 1.8279646730516512
leaf_count=825 43 370 16 224 59 36 66 124 10 42 2 78 23 48 30 36 21 43 107 26 64 45 30 30 55 22 29 70 80 35
internal_value=-0.000486705 0.000902548 0.00153075 0.000888569 0.00191226 0.000109077 0.00106038 0.0193502 -0.0103267 -0.00105854 -0.0245873 -0.00506242 0.00132153 6.50476e-05 0.000980315 -0.00294023 -0.000653581 -0.00897726 -0.0217532 0.00801965 0.0116081 -0.00692133 0.0264615 0.021773 -0.00719435 -0.0287387 0.0122053 -0.000715489 0.0263611 0.00995011
internal_weight=57.7033 56.1318 55.4487 54.5108 53.4146 49.9866 48.5749 5.04326 2.40901 43.5316 3.99896 2.36262 39.5326 38.1225 37.4839 27.3826 26.0642 15.8223 9.03274 6.78958 10.1013 4.49449 5.60681 4.86703 5.74105 2.54408 10.2419 5.35452 4.8874 3.19698
internal_count=2689 1864 1494 1478 1435 1211 1152 170 134 982 146 80 836 794 771 584 554 339 240 99 187 93 94 56 133 77 215 106 109 56
is_linear=0
shrinkage=0.05


Tree=83
num_leaves=31
num_cat=0
split_feature=3 3 5 12 12 8 13 3 1 3 15 15 10 3 10 10 4 1 16 13 14 3 3 16 10 1 12 7 10 3
split_gain=1.5125 0.682845 0.505502 1.051 1.09309 2.20355 1.03368 0.880113 0.863886 0.845967 1.43372 1.3102 1.19876 1.85671 0.668931 1.06752 1.05614 0.984407 0.927537 0.779013 0.773802 1.24654 0.917335 1.16867 1.27503 1.26763 0.831501 0.999091 0.751384 0.760053
threshold=-7.176252769025079 20209.238033030986 93.732142857142819 1178.2915000002833 521.03599999984738 1.1723889258997577 1.947018175725918 -0.021110536283508247 0.20898554188137658 0.5368881764469754 -1.2554193238977274 -0.70349564050513946 0.273146773324559 2.7319989764125547 -1.0223136386694456 -0.93685127913508914 40.540540540540412 -1.2045358588537454 -0.00043757499999999994 -1.2450141252345903 -1.0239196303937736 0.16671652783874666 0.3574552361039503 -0.00018649999999999995 0.94086581393897906 0.27414362515455082 -10.267500000074504 1.3096911820581354 -0.49782417189644762 -0.98462296892007239
decision_type=2 2 2 2 2 2 2 2 2 2 2 2 2 2 2 2 2 2 2 2 2 2 2 2 2 2 2 2 2 2
left_child=-1 2 3 4 5 6 14 -4 -6 11 -11 -9 -12 -14 16 -16 17 -2 19 -19 21 -17 26 -24 25 -25 -22 28 -28 -30
right_child=1 -3 7 -5 8 -7 -8 9 -10 10 12 -13 13 -15 15 20 -18 18 -20 -21 22 -23 23 24 -26 -27 27 -29 29 -31
leaf_value=-0.050102532342030673 -0.045347258218480631 -0.050089281514494391 0.044257860220918432 -0.044582250403168933 -0.011146043149743984 -0.045266353400843354 -0.051001603876504958 -0.059211551994968928 0.041401873824590589 0.043938833462382594 0.035887595951388393 0.019921513645270731 -0.057150076300649867 0.0096422299774634665 0.043659014362069426 -0.053185859451029084 -0.025565604332452436 0.047197378128260553 0.032843292086152852 -0.031505241290056614 0.025444976042642072 0.009705240432682484 -0.05208676342536353 -0.048073792123575244 0.05253610773362475 0.024451665222037181 0.018829828643229851 0.035824410732824497 -0.0057626725002626316 -0.05775733879056491
leaf_weight=1.4950420247623686 0.77501674462109793 0.64979014778509636 1.6567533668130643 1.3478748234920193 1.1079236532095813 2.7636285955086342 0.92469284741673519 1.1518847220577302 2.6599145638756454 2.5031217718496901 1.6273499364033339 0.95818285271525105 1.6154685395304111 2.9232695759274065 1.8539121332578314 1.4343332580756354 4.6764801300596446 0.40999649371951785 2.9071846622973592 1.3487214939668775 7.7118688200134748 1.748191596008837 1.2638753023929892 1.3275352737400679 0.97443973552435625 1.1031455057673154 1.3764633713290093 1.484394797356799 1.8169232178479431 1.1462815499399126
leaf_count=825 34 370 34 39 37 123 128 24 40 58 35 20 31 31 31 72 140 4 48 77 152 44 80 39 19 18 30 23 48 35
internal_value=-0.000478438 0.000864403 0.00147081 -0.00114205 0.000292523 -0.00231697 0.00114522 0.0103294 0.0259503 0.00511465 0.0120252 -0.0232772 -0.00093019 -0.0141311 0.00259071 0.00726225 -0.00814057 0.00683627 0.0155041 -0.0131579 0.00410729 -0.0186392 0.00808375 -0.0110267 0.00421347 -0.0151587 0.0146756 0.000415454 -0.0116963 -0.0258762
internal_weight=56.7437 55.2486 54.5988 42.1628 40.8149 37.0471 34.2835 12.436 3.76784 10.7793 8.66921 2.11007 6.16609 4.53874 33.3588 23.2414 10.1174 5.44092 4.6659 1.75872 21.3875 3.18252 18.2049 4.669 3.40512 2.43068 13.5359 5.82406 4.33967 2.9632
internal_count=2689 1864 1494 1261 1222 1145 1022 233 77 199 155 44 97 62 894 591 303 163 129 81 560 116 444 156 76 57 288 136 113 83
is_linear=0
shrinkage=0.05


Tree=84
num_leaves=31
num_cat=0
split_feature=3 3 5 8 4 13 9 12 15 16 9 3 0 12 1 10 9 16 0 12 11 10 2 5 14 10 15 1 15 10
split_gain=1.43765 0.648257 0.485721 1.44705 0.896941 1.57249 1.26792 1.03985 1.42867 1.07482 1.83921 1.28655 1.49535 0.94467 0.83343 1.26448 0.824902 0.91729 0.892025 2.18765 1.97481 0.79299 1.1912 0.969796 0.792187 0.776187 1.04519 0.711934 0.706636 1.08073
threshold=-7.176252769025079 20209.238033030986 44.862772695285322 0.60899207830468682 54.34782608695658 -0.86867752588238079 -1.0830356700802672 521.03599999984738 -1.2554193238977274 -0.00021988499999999999 0.26462002043342403 0.73609978734280124 -1.0000000180025095e-35 1047.4510000001176 -1.5543122344752189e-13 -1.1538916469256137 0.65708727992673122 -0.00087908499999999983 1.0000000180025095e-35 -142.42749999999066 -959194.49999999988 0.22414444481012089 0.12122200764965246 29.62962962962952 -0.33709262944817203 0.70877728574635868 0.59282113379318557 0.20898554188137658 0.53605522634019998 -1.6592328921732766
decision_type=2 2 2 2 2 2 2 2 2 2 2 2 2 2 2 2 2 2 2 2 2 2 2 2 2 2 2 2 2 2
left_child=-1 2 3 16 14 27 -7 8 -8 10 -10 -11 -13 -9 -4 -16 18 -18 19 -2 -21 23 -23 28 25 26 -17 -6 29 -20
right_child=1 -3 4 -5 5 6 7 13 9 11 -12 12 -14 -15 15 24 17 -19 21 20 -22 22 -24 -25 -26 -27 -28 -29 -30 -31
leaf_value=-0.050097527686546441 -0.042892981008561003 -0.050084920784984568 0.041953151100557445 -0.039267451975264989 0.00020276401249042444 -0.05320778747325753 0.035830760109316247 0.041606631758783513 0.012027213363307115 0.049658235407042541 -0.055651467702434301 0.020392125576575347 -0.053376854581667604 0.00064271546534431243 -0.02239541510860725 0.035738713609942449 0.03850938170877042 -0.042354160753081266 0.025276333593008321 -0.051248051888058734 0.048360259444739519 -0.039437147005312249 0.03033971879582156 0.047388022350284449 0.031491549428827897 -0.035278649265900026 -0.021676260494661384 -0.056795396732714692 0.023449716441153304 -0.051887669356578271
leaf_weight=1.4222664622357104 2.7383979849983011 0.61815196787938376 2.3357847924344251 2.6351793054491273 0.8031444123480499 0.92744676955044525 1.9493177337571985 3.2657736125402144 1.641338898334652 1.2177379061467908 2.5845792770851403 1.5675452915020285 1.2228866389486941 2.4732619039714336 2.4892655233852556 2.0947207384742783 0.43080890411511097 1.8861119453795243 0.85368213336914756 0.6805181126110259 1.8511613472364881 1.4836415317840876 1.0406759441830216 2.4660902880132198 4.9270988726057094 1.0467483059037475 1.2751920158043502 1.7234680189285425 3.1194140324369073 0.96861135517247021
leaf_count=825 146 370 64 167 14 43 44 34 27 16 107 30 45 35 49 44 10 102 14 69 42 45 20 33 88 31 18 47 58 52
internal_value=-0.000473406 0.000825962 0.00141201 -0.00472292 0.00509793 -0.00189348 0.00362217 0.00693239 -0.00265991 -0.0117721 -0.0293652 0.00677677 -0.0119366 0.0239531 0.014659 0.00927127 0.000473173 -0.0273184 0.0047088 -0.0119184 0.0215854 0.0135313 -0.0106709 0.0217786 0.0177076 0.00233058 0.0140126 -0.0386772 0.00899858 -0.015739
internal_weight=55.74 54.3178 53.6996 20.1543 33.5453 19.3765 16.8499 15.9224 10.1834 8.23409 4.22592 4.00817 2.79043 5.73904 14.1688 11.833 17.5191 2.31692 15.2022 5.27008 2.53168 9.93212 2.52432 7.4078 9.34376 4.41666 3.36991 2.52661 4.94171 1.82229
internal_count=2689 1864 1494 758 736 442 381 338 269 225 134 91 75 69 294 230 591 112 479 257 111 222 65 157 181 93 62 61 124 66
is_linear=0
shrinkage=0.05


Tree=85
num_leaves=31
num_cat=0
split_feature=3 3 16 15 16 13 7 14 14 4 1 13 13 14 9 3 10 6 6 14 10 9 10 10 15 10 15 5 2 12
split_gain=1.36652 0.615493 0.48686 0.644635 0.564673 0.514728 0.471738 0.504517 1.3442 1.12266 1.09368 1.93477 0.852514 0.931035 0.769591 0.836468 0.914994 0.777324 1.1498 1.01069 0.964299 0.884903 0.790396 0.890242 0.846633 1.09131 1.38125 0.762905 1.0568 0.741334
threshold=-7.176252769025079 20209.238033030986 -0.0010290849999999997 2.3632105257219824 -0.0011434999999999998 0.14085117797120641 -1.4938249617652353 1.9716149373565668 1.688811118975472 1.0000000180025095e-35 2.231649743741515 1.8055065347821584 1.052878195260343 2.3536544396132659 2.4548069516701925 -3.0116312350195051 -2.4426423745613532 -0.34990382081445154 -0.51099903758684551 -0.19738201662881466 -1.493713112735005 -1.0989170213735588 -1.3607046452946328 -1.0223136386694456 0.092560846337422509 -0.672623150908502 -1.350023040883374 99.743589743589794 -2.5184489683014677 -259.74549999996083
decision_type=2 2 2 2 2 2 2 2 2 2 2 2 2 2 2 2 2 2 2 2 2 2 2 2 2 2 2 2 2 2
left_child=-1 2 4 6 5 -2 -4 8 9 27 11 14 -9 -14 15 -11 -17 18 19 29 -19 -22 -23 -24 25 -25 -27 28 -8 -18
right_child=1 -3 3 -5 -6 -7 7 12 -10 10 -12 -13 13 -15 -16 16 17 20 -20 -21 21 22 23 24 -26 26 -28 -29 -30 -31
leaf_value=-0.050092769056855106 -0.052136928304492583 -0.050080771886857361 0.047539685240093353 -0.040069538585936551 0.04611082554008477 0.029259813683712572 0.045699412393520128 0.030677405014720868 -0.040759065408786439 -0.035679576775655919 0.039779436173400205 -0.052815677630527025 0.029952124764412887 -0.033498781116957296 0.039536026357550692 -0.053231303554407264 0.01743228780687802 -0.04686851054500666 0.043625262931699632 0.022376191309889326 -0.053668599723537096 0.053956651485533608 -0.040956733511949936 0.039002907402247412 0.0099942053531067304 0.016197487634345416 -0.050976073545279166 0.053524304403937843 -0.051269037253020525 -0.018346714009600987
leaf_weight=1.3530270220944647 0.35828296234831247 0.58805183973163266 0.54273050581104243 0.96555887162685294 1.25473789451643 0.42416040413081646 0.59631109819747508 3.3907863963395348 2.0445667415624476 1.7374531766399588 1.5456148097291578 1.862211552215739 0.96124739083461497 1.450577725889161 1.1596477434504766 0.78945842664687305 2.0417275924701235 1.3129788939841009 2.1678564110770706 4.5205369389150283 0.79899802291765176 0.6569653726182797 1.340566304977975 0.71913917851633202 9.4895250147674215 1.1449072770774269 2.3078851250466923 1.6265703774988651 0.53134013502859911 4.9766168731730431
leaf_count=825 23 370 9 47 30 19 22 47 41 65 29 128 16 43 20 26 35 48 35 90 33 7 34 16 160 47 143 48 100 133
internal_value=-0.000469922 0.000789594 0.00135703 0.00039369 0.0253233 -0.00801198 0.00117954 0.000667864 -0.00118462 0.000773272 -0.00142887 -0.00314904 0.014514 -0.00821004 -0.000518824 -0.0018848 -6.5092e-05 0.00126831 0.0102149 0.00393797 -0.0056322 -0.00234246 0.000276449 -0.0020743 0.00174114 -0.0170314 -0.0287021 0.0316136 8.66368e-06 -0.00793814
internal_weight=54.66 53.307 52.719 50.6818 2.03718 0.782443 49.7162 49.1735 43.3709 41.3263 38.5721 37.0265 5.80261 2.41183 35.1643 34.0046 32.2672 31.4777 13.7067 11.5389 17.771 16.458 15.659 15.002 13.6615 4.17193 3.45279 2.75422 1.12765 7.01834
internal_count=2689 1864 1494 1422 72 42 1375 1366 1260 1219 1049 1020 106 59 892 872 807 781 293 258 488 440 407 400 366 206 190 170 122 168
is_linear=0
shrinkage=0.05


Tree=86
num_leaves=31
num_cat=0
split_feature=3 3 5 13 15 8 12 3 0 3 14 3 14 10 4 14 0 13 11 1 14 7 4 16 16 15 7 4 9 16
split_gain=1.29908 0.584425 0.458456 1.18209 0.676074 0.888225 1.17649 0.947597 0.997181 0.862015 0.718168 0.688497 1.01555 1.29296 0.944232 0.95209 0.826589 1.14661 1.26534 0.789759 0.750821 0.921135 0.704046 0.665805 1.1174 0.707787 0.739737 0.629924 1.51565 0.998909
threshold=-7.176252769025079 20209.238033030986 87.841832963784086 1.947018175725918 0.33582402597381633 -1.5564010687577063 -13.720500000054015 1.6796348742759728 -1.0000000180025095e-35 1.3124043977913793 1.6316062089972891 -0.82186001510103956 -1.8280799841673969 0.64330530798820151 54.34782608695658 1.3016582563774481 -1.0000000180025095e-35 -0.76491241332487114 -1081879.9999999998 -0.27429491815442436 0.68073142186393476 -0.60381917005034691 55.271514766592581 -0.00078558999999999996 -0.00069349999999999989 -1.2554193238977274 -1.0093702030081551 69.669913419913499 0.45596813782955065 -0.00039447999999999995
decision_type=2 2 2 2 2 2 2 2 2 2 2 2 2 2 2 2 2 2 2 2 2 2 2 2 2 2 2 2 2 2
left_child=-1 2 3 4 5 -2 27 -8 -9 10 11 14 13 -13 15 16 17 -6 -19 -20 21 -18 -14 -4 -25 -26 -27 28 29 -7
right_child=1 -3 23 -5 9 6 7 8 -10 -11 -12 12 22 -15 -16 -17 20 18 19 -21 -22 -23 -24 24 25 26 -28 -29 -30 -31
leaf_value=-0.050088240290144748 -0.052872725869979022 -0.050076826410420064 0.040098167572268785 -0.051412575618731297 -0.054332048555343182 -0.020593047067047336 -0.038882067525645311 0.051917990242234563 -0.029392283139086574 -0.033387248709335585 0.033232054306500239 -0.055685774910299218 0.037669496524752627 0.019294832353531764 -0.054771025574296452 -0.046653700818207772 0.027750473083090824 -0.052731050386288308 0.059859584782902764 -0.0045905760978271421 0.046618208699872307 -0.024215820773878793 0.0053782361736108078 -0.049669468319831406 0.029856654473662134 -0.044047930006159419 0.0065950453095243618 0.053108931594621024 -0.046234978520494088 0.02846855194300978
leaf_weight=1.2871525125810865 1.0651560835540212 0.55941516766324539 1.5354990754276503 1.1526801042491559 1.1433664057403836 1.4362617584411053 3.3725141597679018 0.70992996729910374 0.80422605038620509 1.3736571737099428 2.4046629583463064 1.041276680538431 3.9646198377013224 1.2838103980757294 0.85446948558092195 0.98235256643965918 1.9728167240973562 0.68004473461769865 0.92470645974390553 0.97807323723099404 1.6070880405604837 1.5019702217541626 2.9395516575314105 0.86345509346574445 3.0747617711313042 0.7950848541222485 7.7461601996328708 0.69045963743701566 1.2636768482625482 3.7367006759159187
leaf_count=825 60 370 34 158 25 68 232 12 35 71 33 25 38 20 17 23 35 42 15 32 19 39 27 15 75 24 143 10 88 79
internal_value=-0.000462246 0.000755407 0.00130332 -0.00155497 9.62673e-06 -0.0091126 -0.00523277 -0.024129 0.008731 0.00505387 0.00742406 0.00430143 0.014296 -0.0142848 -0.00436398 3.53459e-05 0.00524252 -0.0126452 0.00580882 0.0267307 0.0183583 0.00528814 0.023921 0.00902963 0.00520689 0.00928603 0.00188081 0.00772333 0.00285481 0.0148467
internal_weight=53.7456 52.4584 51.899 37.8841 36.7314 13.0789 12.0138 4.88667 1.51416 23.6525 22.2788 19.8741 9.22926 2.32509 10.6449 9.79042 8.80807 3.72619 2.58282 1.90278 5.08187 3.47479 6.90417 14.015 12.4795 11.616 8.54125 7.1271 6.43664 5.17296
internal_count=2689 1864 1494 1203 1045 584 524 279 47 461 390 357 110 45 247 230 207 114 89 47 93 74 65 291 257 242 167 245 235 147
is_linear=0
shrinkage=0.05


Tree=87
num_leaves=31
num_cat=0
split_feature=3 5 1 10 1 11 13 9 4 13 9 12 15 16 9 3 0 12 3 2 15 1 5 5 14 1 15 8 13 15
split_gain=1.23495 0.571864 1.58441 1.09184 1.23236 1.25972 1.02947 0.819426 0.771176 1.37742 1.14896 0.943675 1.26142 0.951914 1.6939 1.18673 1.31188 0.862138 0.702475 1.30296 0.9869 1.42701 0.739847 0.923842 0.719088 0.699873 0.607383 1.1813 1.08626 0.669024
threshold=-7.176252769025079 44.862772695285322 -0.00016403545188836685 0.22414444481012089 -0.26813984134140617 -760197.49999999988 0.3906859985434889 -1.5993678495401065 54.34782608695658 -0.86867752588238079 -1.0830356700802672 521.03599999984738 -1.2554193238977274 -0.00021988499999999999 0.26462002043342403 0.73609978734280124 -1.0000000180025095e-35 1047.4510000001176 -0.021110536283508247 0.73518353035526141 -0.8601606268878963 0.18755815523885125 79.449472096530556 58.82352941176476 1.0000000180025095e-35 0.20898554188137658 0.43948499865942486 -1.3290272387793134 -0.81498094231348339 0.71011021524533557
decision_type=2 2 2 2 2 2 2 2 2 2 2 2 2 2 2 2 2 2 2 2 2 2 2 2 2 2 2 2 2 2
left_child=-1 2 3 6 -5 -6 26 -4 18 25 -11 12 -12 14 -14 -15 -17 -13 22 20 -20 -22 23 24 -3 -10 27 -2 -29 -28
right_child=1 8 7 4 5 -7 -8 -9 9 10 11 17 13 15 -16 16 -18 -19 19 -21 21 -23 -24 -25 -26 -27 29 28 -30 -31
leaf_value=-0.05008393477148864 -0.052757154915026395 0.0062939051760066535 0.022472353862500793 -0.049961325876302309 0.04102224814730878 -0.039384402886070688 -0.040514438996131504 -0.053166721928653807 0.0011812640425308209 -0.052979909936479601 0.034381398353154562 0.040167455061324998 0.011242996284383603 0.048144697280971732 -0.055349550373322801 0.01807538239341857 -0.053218644206502498 0.00050496908852680348 -0.054867716635902002 0.030438114621854251 0.032088821823561035 -0.054955083434757329 0.04877202518067944 -0.011341532867885277 0.050110131294816673 -0.056611578428890141 0.045261401124623811 0.030377309934156493 -0.022878649725072319 0.010765357119619302
leaf_weight=1.2244799660984416 0.93996686942409802 1.7765814044978454 0.42410978069528971 2.0663883809465915 1.0961058307439087 0.87674439500551571 1.0547042561229307 2.2991739963181343 0.78380002966150941 0.85437689023093 1.8381750280968887 3.1601191610097876 1.5896773701533722 1.1690039024688164 2.391628511948511 1.5105813329573723 1.1263863667845724 2.4188345102593303 1.2410664455965164 2.1409895627293736 1.3415552917867928 0.72549407929182042 2.1044026091694832 2.2121052294969559 1.9799496568739412 1.5795577787794171 1.9714182261377571 2.4433735429774979 1.5745028747478498 4.8966395603492856
leaf_count=825 50 40 39 135 27 40 146 432 14 43 44 34 27 16 107 30 45 35 37 43 39 28 40 45 22 47 17 50 88 104
internal_value=-0.000456109 0.000721859 -0.00599143 -0.000294431 -0.0229758 0.00528913 0.00681824 -0.0413871 0.00484999 -0.00180585 0.0034391 0.00660943 -0.00287393 -0.011668 -0.0287601 0.00621153 -0.012378 0.0229712 0.0139177 4.63461e-05 -0.019623 0.00153811 0.0232805 0.0142928 0.0293881 -0.0374448 0.0110397 -0.00229724 0.00950766 0.0206672
internal_weight=52.8119 51.5874 19.6431 16.9198 4.03924 1.97285 12.8806 2.72328 31.9443 18.4221 16.0588 15.2044 9.62545 7.78728 3.98131 3.80597 2.63697 5.57895 13.5221 5.44911 3.30812 2.06705 8.07304 5.96864 3.75653 2.36336 11.8259 4.95784 4.01788 6.86806
internal_count=2689 1864 1128 657 202 67 455 471 736 442 381 338 269 225 134 91 75 69 294 147 104 67 147 107 62 61 309 188 138 121
is_linear=0
shrinkage=0.05


Tree=88
num_leaves=31
num_cat=0
split_feature=3 5 1 12 7 4 10 1 10 4 1 10 5 5 14 11 4 13 9 12 15 9 16 3 12 1 1 10 2 2
split_gain=1.17391 0.526919 1.49742 1.0221 0.851924 0.79366 0.784697 1.00365 0.825089 1.40117 0.877278 0.836014 0.803988 0.977659 0.802909 0.716942 0.710293 1.28254 1.08379 0.857479 1.18036 0.931583 1.02621 0.900062 0.794321 0.681608 0.659484 1.06899 0.651938 1.49182
threshold=-7.176252769025079 44.862772695285322 -0.00016403545188836685 153.90650000004101 1.4430343206643317 59.658438576349077 0.22414444481012089 -0.26813984134140617 -1.0223136386694456 40.540540540540412 -1.2045358588537454 -1.7894894400167034 18.181818181817629 16.172624237140298 -0.90617100679751983 -1660178.4999999998 54.34782608695658 -0.86867752588238079 -1.0830356700802672 521.03599999984738 -1.5052074523481662 0.63254970861018689 -0.00019966999999999996 2.3796811021745436 1047.4510000001176 0.20898554188137658 -1.5543122344752189e-13 -1.1538916469256137 0.40238783265100658 0.73518353035526141
decision_type=2 2 2 2 2 2 2 2 2 2 2 2 2 2 2 2 2 2 2 2 2 2 2 2 2 2 2 2 2 2
left_child=-1 2 3 6 -5 -4 8 -8 9 10 -2 -12 13 -13 -10 -9 26 25 -19 20 -20 -22 -23 -24 -21 -18 -3 -28 -29 -30
right_child=1 16 5 4 -6 -7 7 15 14 -11 11 12 -14 -15 -16 -17 17 18 19 24 21 22 23 -25 -26 -27 27 28 29 -31
leaf_value=-0.050079839508075367 -0.044025753103463863 0.038952055188626308 -0.048225429395259568 -0.047282941429482528 0.031899423473738468 0.063752011170512143 -0.048444215112720207 0.055706842325689745 -0.02676939780238017 -0.05202697022484816 0.040038103468998998 -0.03102797681668993 -0.05297268915086082 0.060821228968971908 0.029833149353081415 -0.018391010792325132 0.0011219963354462609 -0.052837137128028067 0.047148585908423531 0.038653637378345596 0.0097647342375432964 -0.048539077270909337 0.023473788292117045 -0.037936159583023578 0.00047968797475625549 -0.05634614320445646 -0.021465419128491692 0.028272484541897788 -0.038829195934107545 0.025889669883836092
leaf_weight=1.164854235947131 0.6595519023248938 2.1311857178807267 2.4468640103004904 1.772433633450418 0.42022892122622568 0.16917978227138508 1.4348441379843282 0.54782349825836718 0.71060992870479811 1.1768098431639371 2.0643469946226123 0.54598677216563174 0.6150120343081652 0.61725506838411093 5.2943916489603007 0.8078325178939838 0.78393884492107213 0.81484905630350546 1.0503334617242224 3.1207145219668737 3.6734901838935805 2.2188092796131968 1.4568595131859186 1.010553107364103 2.4189929948188365 1.5094215208664534 2.3373256153427056 5.0630079680122435 1.4554287770297381 2.2936768776271492
leaf_count=825 37 64 470 134 12 1 89 13 45 64 43 37 23 5 128 27 14 43 29 34 67 104 29 40 35 47 49 90 51 40
internal_value=-0.000453602 0.000688345 -0.0058148 -0.000294733 -0.0321075 -0.0409838 0.00452441 -0.0192973 0.0102138 -0.00344923 0.00924841 0.0183925 -0.00673554 0.0177103 0.023135 0.0115521 0.00468984 -0.00176557 0.0033168 0.00637752 -0.0028103 -0.00908725 -0.0238652 -0.00167726 0.0219844 -0.0367018 0.0134674 0.00859609 0.0165696 0.000765358
internal_weight=51.7866 50.6218 19.2832 16.6671 2.19266 2.61604 14.4745 2.7905 11.684 5.67896 4.50215 3.8426 1.77825 1.16324 6.005 1.35566 31.3386 18.058 15.7646 14.9498 9.41005 8.35971 4.68622 2.46741 5.53971 2.29336 13.2806 11.1494 8.81211 3.74911
internal_count=2689 1864 1128 657 146 471 511 129 382 209 145 108 65 42 173 40 736 442 381 338 269 240 173 69 69 61 294 230 181 91
is_linear=0
shrinkage=0.05


Tree=89
num_leaves=31
num_cat=0
split_feature=3 5 1 7 12 0 13 7 9 5 3 14 5 13 15 4 6 16 13 15 1 12 3 1 5 0 8 9 14 12
split_gain=1.11596 0.485511 1.41223 0.961007 0.93215 1.00094 1.61165 0.86184 0.777572 0.723174 1.19893 0.681869 0.666296 0.75142 0.980169 1.35381 0.788936 0.853258 0.709589 1.14707 1.62009 0.863046 1.29453 0.864221 0.836207 0.650601 0.62757 0.616489 0.594663 0.554428
threshold=-7.176252769025079 44.862772695285322 -0.00016403545188836685 -0.3255856299620164 -41.465500000165768 1.0000000180025095e-35 -1.5806959713258524 1.3380110405418231 -1.5993678495401065 29.62962962962952 -0.94137409861323185 1.0000000180025095e-35 49.125188536953353 -0.77483892865149862 1.8769454445290494 53.597308488612882 1.1955706258773666 -0.0010290849999999997 1.4169452639388258 -1.1227760240494475 0.63278181867854311 442.9424999998883 0.60702178002838536 0.12741954069287595 90.278374430792965 1.0000000180025095e-35 0.96245148024445915 -1.6996522501498703 0.48784827153185323 -654.569000000134
decision_type=2 2 2 2 2 2 2 2 2 2 2 2 2 2 2 2 2 2 2 2 2 2 2 2 2 2 2 2 2 2
left_child=-1 2 3 4 5 6 -2 11 -4 10 29 -5 -3 14 15 -14 17 -15 19 -19 21 22 23 -21 -20 -18 -26 -13 -22 -7
right_child=1 12 8 7 -6 9 -8 -9 -10 -11 -12 27 13 16 -16 -17 25 18 24 20 28 -23 -24 -25 26 -27 -28 -29 -30 -31
leaf_value=-0.05007594191671183 0.040344346556971417 0.029250515220012013 0.022048713624658482 -0.052312893042682822 0.043137780876318976 0.041841904917140321 -0.040815981547827437 0.021512711361956455 -0.052904496651021177 0.038244686563508129 -0.05283390375712136 0.027724971279114108 0.0037072597140816407 0.051365137547561224 0.029148385125123657 -0.055413295600044592 0.0037739686209912271 0.040499568898793893 -0.054269396539452591 -0.012695287686390758 -0.055543869215565901 0.036323462637196761 -0.032148694969262585 0.03306070272120095 -0.019533288737570573 0.040491730434822508 0.022853755603268952 -0.026383820635351746 0.0044292617690785373 -0.001341095830187639
leaf_weight=1.1081276246113692 0.81922898069024253 2.5016280994750586 0.41428342496510628 1.6892817439511407 1.6335060235578556 1.2283712821081285 2.4143697223626082 1.1317524756304917 2.0999267764855203 2.0618639565072954 0.80251435108948488 0.72248314414173398 1.8729925616644387 0.81558402813972009 0.97830888628959645 2.0047750780358911 2.1963224194478235 1.9676181273535007 1.1458342107944179 1.6865318892523449 1.5854254255536955 2.1240730402059853 2.1477321267593652 2.6589837754145265 2.6964948964305226 2.6767689422704279 1.2914848644286392 1.9397872819099573 0.55908858217298973 1.8822448782157153
leaf_count=825 8 40 39 157 41 14 156 38 432 34 34 18 38 17 6 75 60 61 71 40 63 34 69 37 50 42 20 102 13 55
internal_value=-0.000449199 0.0006562 -0.00567065 -0.000298407 0.00832871 0.00215395 -0.0202541 -0.0173567 -0.0405539 0.0142809 0.00165421 -0.0274659 0.00451245 0.002334 -0.0155746 -0.0268576 0.0060265 0.00135232 -0.000931113 0.00539749 -0.00102032 0.00865742 -0.000392703 0.0153024 -0.0166231 0.0239429 -0.00580648 -0.0116999 -0.0399085 0.0157117
internal_weight=50.8574 49.7493 18.8396 16.3254 10.8421 9.20859 3.2336 5.4833 2.51421 5.97499 3.91313 4.35155 30.9096 28.408 4.85608 3.87777 23.5519 18.6789 17.8633 12.7295 10.7618 8.61732 6.49325 4.34552 5.13381 4.87309 3.98798 2.66227 2.14451 3.11062
internal_count=2689 1864 1128 657 342 301 164 315 471 137 103 277 736 696 119 113 577 475 458 317 256 180 146 77 141 102 70 120 76 69
is_linear=0
shrinkage=0.05


Tree=90
num_leaves=31
num_cat=0
split_feature=3 2 1 1 5 9 10 1 14 3 10 1 0 13 5 14 10 4 14 4 4 13 9 9 15 14 9 1 15 16
split_gain=1.0609 0.469701 0.716636 0.681362 0.661062 1.16891 1.01088 0.807327 0.716421 0.674586 0.841178 1.28696 0.794287 1.21252 0.848744 0.818325 1.07785 0.641699 0.892808 0.81449 1.0831 0.738721 0.859351 0.911061 0.976801 0.932639 1.36806 1.17386 0.888998 0.868236
threshold=-7.176252769025079 -3.5166159237214489 -1.2387304790734739 -1.164581093078771 44.862772695285322 0.41157329701900608 -3.1412669593403879 -2.1233015345956115e-05 -1.8082953475867927 -2.6478550493283017 0.22414444481012089 -0.26813984134140617 1.0000000180025095e-35 -0.36047914255607966 29.62962962962952 0.83816587047223157 -1.4652116673233493 47.683363148479309 1.6713452277134568 36.435786435786667 43.472306755934248 -1.1987216653219888 -0.14801670767505856 0.50371424557627564 -1.5052074523481662 0.4487950492035972 1.8125294977451236 1.1336527819633953 -1.1659203790178363 -0.00089271999999999995
decision_type=2 2 2 2 2 2 2 2 2 2 2 2 2 2 2 2 2 2 2 2 2 2 2 2 2 2 2 2 2 2
left_child=-1 -2 -3 -4 5 7 -7 9 -9 -5 12 -12 13 -11 15 16 -14 18 19 -6 -21 -19 29 -24 -25 26 28 -27 -26 -23
right_child=1 2 3 4 17 6 -8 8 -10 10 11 -13 14 -15 -16 -17 -18 21 -20 20 -22 22 23 24 25 27 -28 -29 -30 -31
leaf_value=-0.050072237134879821 0.047756311971324857 -0.051584602008188776 0.043399437988607556 -0.026282093266398288 0.051272337061717924 0.05948924815022523 -0.041575971156460334 0.023880885112074333 -0.053561940119873766 0.018841907572500066 -0.04843562536727597 0.021337998575406206 0.04419928165554203 -0.051572256727686387 0.056912082716387515 0.045234152550025497 -0.052395719904334892 -0.040358490060829734 -0.026580391095474568 -0.028919270471625159 0.030646367816555765 0.037373766822866306 0.028022371009873842 0.047328560972935418 0.029194365362631338 0.021336582258420729 0.011106023775991528 -0.028490707770056474 -0.046836330657187772 -0.02439816416048261
leaf_weight=1.0541596648981784 0.52296746382489701 0.6611170913092782 0.92190887988544901 1.6197645417414559 2.0233370028436211 0.26803408563137088 3.2172068932559332 0.39705491927452374 1.2048414151649964 2.0455887746065802 1.39518854895141 1.2556677139364181 0.46280859457328904 0.87199781951495081 1.8559805080294607 0.97564666252583254 0.76807071501389179 1.0534939323552013 0.94443288445472706 1.1275100065395238 2.3616960688959807 0.65696512069553126 4.1617244710214392 1.06649262830616 0.44024631567300199 5.2867449671030045 2.5342024660203606 1.5223808537703005 3.0346701936796103 4.2410479162354084
leaf_count=825 17 81 15 81 62 2 430 22 154 28 74 38 7 104 21 15 39 41 11 27 42 8 76 29 12 67 71 28 140 122
internal_value=-0.000444768 0.000625101 0.000115588 0.000831927 -6.73577e-06 -0.0081207 -0.0338035 -0.0011563 -0.0343665 0.00357223 0.00859323 -0.015385 0.0176995 -0.00220323 0.0319932 0.0110331 -0.0160762 0.00434608 0.0183381 0.0260337 0.0113982 0.000581348 0.0024611 0.00750225 0.00135168 -0.00247365 -0.0168303 0.0101962 -0.0372038 -0.0161128
internal_weight=49.9529 48.8988 48.3758 47.7147 46.7928 16.3379 3.48524 12.8526 1.6019 11.2507 9.63095 2.65086 6.98009 2.91759 4.06251 2.20653 1.23088 30.4549 6.45698 5.51254 3.48921 23.998 22.9445 18.0465 13.8847 12.8182 6.00912 6.80913 3.47492 4.89801
internal_count=2689 1864 1847 1766 1751 1015 432 583 176 407 326 112 214 132 82 61 46 736 142 131 69 594 553 423 347 318 223 95 152 130
is_linear=0
shrinkage=0.05


Tree=91
num_leaves=31
num_cat=0
split_feature=3 2 1 1 5 1 9 9 5 7 15 13 4 6 6 1 8 10 0 1 8 6 14 7 14 13 3 8 8 6
split_gain=1.00874 0.440385 0.680136 0.622066 0.611095 1.10792 0.875541 0.732904 0.605187 0.690485 0.692321 1.02943 1.39123 0.889021 0.791511 0.765509 0.711959 0.875554 0.671475 0.611914 0.55381 0.565919 0.549533 0.530101 0.497387 0.490375 0.485298 1.21485 0.560045 0.698143
threshold=-7.176252769025079 -3.5166159237214489 -1.2387304790734739 -1.164581093078771 44.862772695285322 -0.00016403545188836685 0.65708727992673122 -1.5993678495401065 49.125188536953353 -1.2925304398825477 1.732470768183114 -0.77483892865149862 53.597308488612882 1.1955706258773666 0.88705617100348289 -0.002017275235743909 -1.2702221662363045 -1.3134768680287732 1.0000000180025095e-35 0.0077492179340055154 0.86713364820672711 -1.4424620782190172 -2.2624569981210803 -1.045510533111736 -0.24620409771290844 1.052878195260343 -2.6478550493283017 -1.8504087936088556 -1.3290272387793134 -0.90355211312936501
decision_type=2 2 2 2 2 2 2 2 2 2 2 2 2 2 2 2 2 2 2 2 2 2 2 2 2 2 2 2 2 2
left_child=-1 -2 -3 -4 5 6 20 -7 -6 24 11 12 -11 14 15 -13 -17 -18 25 -19 21 -5 -23 -8 -10 -15 27 -24 29 -28
right_child=1 2 3 4 8 7 23 -9 9 10 -12 13 -14 18 -16 16 17 19 -20 -21 -22 22 26 -25 -26 -27 28 -29 -30 -31
leaf_value=-0.050068712467587977 0.047064570660718473 -0.051508596744095941 0.04169175738558184 -0.051602686094064945 0.027950268361884936 0.021465911417324596 0.0052815265657307131 -0.052649516061542702 -0.0017589027140173801 0.0091188680333447302 0.035678774252743045 -0.033570160540931614 -0.055556471954406661 0.026645540928141056 -0.023422965203229427 0.047376685613371702 -0.047886988259043632 0.053400717778743702 0.043518627425222806 0.0059959501321380591 -0.03878176186636495 -0.054433695154680599 0.052559373937288746 -0.051653142604578088 -0.051075315674509653 -0.021884543350711588 -0.053566537757041899 -0.038468122940913535 0.021792604282181504 0.012409083438838096
leaf_weight=1.0028164986288164 0.50459054601378639 0.6297785947099318 0.91194709483533998 0.41722312057389821 2.4598599886521724 0.40349643758963827 0.59404342621564854 1.9243557228473989 1.0452922964468601 1.6407018336467545 1.6452924036420871 1.1247228076681608 1.6859098449349401 1.1705567908938967 2.7918576616793862 1.1281888131052351 0.713627797551461 0.73334690509360356 2.4602689226157963 9.491075730416922 0.75451521889772344 0.3434346897993138 0.50587674300186325 1.3112810062011711 1.0007637515664161 0.93736263178288926 0.60315895150415588 1.3307058188365672 6.5403384928358994 1.19619883073027
leaf_count=825 17 81 15 27 40 39 22 432 32 31 31 50 69 31 72 25 13 27 35 231 56 18 7 92 24 25 28 67 198 29
internal_value=-0.000436926 0.000599987 0.000106346 0.000799949 -1.15498e-05 -0.00792926 -0.00247232 -0.0398028 0.0041873 0.00206704 0.00430746 0.00214581 -0.0236583 0.00632275 0.000763002 0.00588194 0.00955937 0.00565876 0.0257747 0.00939606 0.00264969 0.00550796 0.00777302 -0.033902 -0.0258805 0.00506488 0.00987241 -0.0133951 0.0149964 -0.00970647
internal_weight=49.0026 47.9998 47.4952 46.8654 45.9535 15.9246 13.5968 2.32785 30.0288 27.569 25.5229 23.8776 3.32661 20.551 15.9828 13.191 12.0662 10.9381 4.56819 10.2244 11.6915 10.9369 10.5197 1.90532 2.04606 2.10792 10.1763 1.83658 8.3397 1.79936
internal_count=2689 1864 1847 1766 1751 1015 544 471 736 696 640 609 100 509 418 346 296 271 91 258 430 374 347 114 56 56 329 74 255 57
is_linear=0
shrinkage=0.05


Tree=92
num_leaves=31
num_cat=0
split_feature=3 14 14 14 5 3 4 1 10 13 6 13 6 13 11 4 2 9 9 9 8 8 3 2 1 10 10 8 15 12
split_gain=0.959047 0.669724 0.619669 1.10157 0.803183 1.57586 1.05879 1.59308 1.14038 0.696578 0.918979 0.686684 0.555987 0.720937 0.574164 0.68257 0.519522 0.512134 0.528293 0.813865 1.13297 0.9967 0.806415 1.23038 1.03262 0.963742 0.793648 0.964157 0.769558 0.865005
threshold=-7.176252769025079 3.7382007532882366 1.9716149373565668 1.688811118975472 99.743589743589794 2.7319989764125547 49.742268041237146 2.231649743741515 0.65666822526843516 0.93130527228782733 1.4656096402353547 1.6127225334141562 1.2426293578555143 1.16013484247945 5942965.5000000009 72.495353159851348 1.6202790226832275 2.4548069516701925 0.91471677106989568 -0.01908728725705185 0.22025818693331842 -1.0700253261002952 -0.43484149010431078 0.51022577297323946 -0.035819600433520872 -0.089980544425100326 0.4504552710758139 -0.096760867172671766 0.43948499865942486 -292.98899999982672
decision_type=2 2 2 2 2 2 2 2 2 2 2 2 2 2 2 2 2 2 2 2 2 2 2 2 2 2 2 2 2 2
left_child=-1 2 3 4 5 9 -6 8 11 17 -11 -8 13 -4 15 -15 -10 18 19 22 21 -21 24 -24 25 28 27 -20 -2 -30
right_child=1 -3 12 -5 6 -7 7 -9 16 10 -12 -13 -14 14 -16 -17 -18 -19 26 20 -22 -23 23 -25 -26 -27 -28 -29 29 -31
leaf_value=-0.050065357571465109 -0.018877165724589084 -0.057041765148636341 0.025820910332692744 -0.038824709088279452 0.052727105932982035 -0.05095019288502764 0.034872538640940913 0.056270338112256249 -0.055224868582362974 -0.043656805435370788 0.041772147592955444 -0.016610272843712619 0.051612785285078747 -0.027930293698003279 -0.055591643855188583 0.055101614711896431 -0.0056814324338792487 0.043440539556973287 -0.016383413719922326 0.023060248656656197 0.036667904060900883 -0.025742319724462712 0.024847372146591676 -0.033724400666743988 -0.049444519254711952 -0.051836011408943977 -0.038036118565035908 0.035183053304697447 -0.018417583847367448 0.035496903731886457
leaf_weight=0.95397084194701065 2.3134137396700689 0.49912031553685565 2.624690498923882 1.8260318831307802 1.5246690670028318 1.5999079989269365 1.6577376760542395 1.2610598094761369 1.2299395375885072 1.7057350276736536 0.38604724034667004 1.0630406052805481 0.96879605576395977 0.6033610275480894 0.59644127450883377 0.41967100696638227 0.92867178842425335 0.72667982103302975 2.7781804818660021 2.1347143740858883 3.8715823306702077 2.0517716358881533 4.1763050213921806 1.1417199582792816 1.5522143009584404 0.91465476411394764 1.9853250709129495 1.3454715262632806 1.0887690293602648 2.3490956278983504
leaf_count=825 89 14 44 58 56 467 32 23 31 202 5 29 15 39 10 9 16 9 98 43 64 48 91 33 82 67 83 30 29 48
internal_value=-0.000430285 0.000570255 0.00118435 -0.00085146 0.000891343 -0.00257897 0.0154341 0.0061743 -0.00677284 -4.34162e-05 -0.0278905 0.0147576 0.0174353 0.00963376 -0.0166009 0.00613128 -0.0339104 0.00200549 0.000918609 0.00459107 0.0171719 -0.000857597 -0.00289829 0.0122727 -0.0127155 -0.0041629 -0.012063 0.000441773 0.00341879 0.0184222
internal_weight=48.2788 47.3248 46.8257 41.6127 39.7867 32.1216 7.66512 6.14045 4.87939 30.5217 2.09178 2.72078 5.21296 4.24416 1.61947 1.02303 2.15861 28.4299 27.7032 21.5942 8.05807 4.18649 13.5362 5.31802 8.21815 6.66593 6.10898 4.12365 5.75128 3.43786
internal_count=2689 1864 1850 1733 1675 1488 187 131 108 1021 207 61 117 102 58 48 47 814 805 594 155 91 439 124 315 233 211 128 166 77
is_linear=0
shrinkage=0.05


Tree=93
num_leaves=31
num_cat=0
split_feature=3 2 1 1 5 9 7 2 1 14 4 13 12 15 16 9 9 16 12 1 3 2 15 1 5 5 14 12 3 10
split_gain=0.911946 0.407457 0.633254 0.564469 0.555627 1.0471 0.902827 0.720386 0.680586 0.657448 0.567181 0.987591 0.846576 0.981929 0.696342 1.23649 1.20322 1.19742 0.670524 0.609115 0.576587 1.11928 0.769179 1.16907 0.667102 0.75638 0.607673 0.565567 0.562374 0.758281
threshold=-7.176252769025079 -3.5166159237214489 -1.2387304790734739 -1.164581093078771 44.862772695285322 0.41157329701900608 -1.0866511066921334 -0.96582728741198831 -2.1233015345956115e-05 -1.8082953475867927 54.34782608695658 -0.86867752588238079 521.03599999984738 -1.2554193238977274 -0.00021988499999999999 0.26462002043342403 -0.01908728725705185 -0.00017280999999999997 1047.4510000001176 0.20898554188137658 -0.021110536283508247 0.73518353035526141 -0.8601606268878963 0.18755815523885125 79.449472096530556 58.82352941176476 1.0000000180025095e-35 -44.067000000039108 -2.6478550493283017 0.22414444481012089
decision_type=2 2 2 2 2 2 2 2 2 2 2 2 2 2 2 2 2 2 2 2 2 2 2 2 2 2 2 2 2 2
left_child=-1 -2 -3 -4 5 8 7 -7 28 -10 20 19 13 -13 15 16 -15 -16 -14 -12 24 22 -22 -24 25 26 -6 -27 -5 -30
right_child=1 2 3 4 10 6 -8 -9 9 -11 11 12 18 14 17 -17 -18 -19 -20 -21 21 -23 23 -25 -26 27 -28 -29 29 -31
leaf_value=-0.050062167582786435 0.04642332896897202 -0.05141802337621626 0.039862758630998821 -0.024620037608194121 0.0050555366021170431 0.034826617391492704 -0.051656230084403079 -0.051805531385107441 0.023467924915436405 -0.053164268885825122 0.0015412832085423076 0.027506125231025087 0.034062998690656938 -0.03423268972079347 0.053272317034088815 -0.054819936729409595 0.051739295895535581 -0.014061403115111157 -0.0016247550332569546 -0.05555967857260663 -0.053185647376419003 0.028206966104223755 0.028445784985909758 -0.054595512998418083 0.046969082791222722 0.013196302320823914 0.046825899492003865 -0.038906938752587016 0.016853261497360515 -0.015252226000737584
leaf_weight=0.9075015188427632 0.47901241295039554 0.58954142720904101 0.90353300119750102 1.5441617240430705 1.690837517147884 0.6905326945707202 2.1584225712576872 0.36776536400429927 0.3786633857525884 1.0729219177737874 0.73399026319385052 1.7260683972854183 2.9965181257575759 0.94451046152971685 0.84544472792185876 2.1190681450534612 0.71510920999571881 3.0145422744098962 2.3471298515796661 1.2841293839737771 1.1186009426601229 1.9632312622852621 1.2068254556506892 0.65324836340732861 1.848491004668176 1.0996399661526086 1.795123887248337 0.98948310082778324 6.6603955756872892 2.5406818937044591
leaf_count=825 17 81 15 81 40 11 356 65 22 154 14 50 40 37 10 107 9 92 36 47 37 43 39 28 40 18 22 27 214 112
internal_value=-0.000422165 0.000547084 6.93456e-05 0.000737801 -5.64977e-05 -0.00773171 -0.033108 0.00472139 -0.00103909 -0.0331738 0.00400999 -0.00199271 0.00250764 -0.00655368 -0.01425 -0.0295079 0.00281156 0.000686558 0.0183876 -0.0347921 0.0121297 -0.00110323 -0.0204214 -0.000717892 0.0209389 0.0123083 0.0265655 -0.0114816 0.00330202 0.00798801
internal_weight=47.3851 46.4776 45.9986 45.4091 44.5055 15.4135 3.21672 1.0583 12.1968 1.45159 29.092 16.7265 14.7084 9.36474 7.63867 3.77869 1.65962 3.85999 5.34365 2.01812 12.3655 4.94191 2.97867 1.86007 7.42358 5.57508 3.48596 2.08912 10.7452 9.20108
internal_count=2689 1864 1847 1766 1751 1015 432 76 583 176 736 442 381 305 255 153 46 102 76 61 294 147 104 67 147 107 62 45 407 326
is_linear=0
shrinkage=0.05


Tree=94
num_leaves=31
num_cat=0
split_feature=3 2 3 1 1 16 5 5 5 10 14 4 9 3 1 7 1 9 13 9 3 2 13 8 13 13 16 14 4 16
split_gain=0.86706 0.381523 0.608395 0.489925 0.650651 0.447936 0.522794 0.638575 0.666765 0.716625 0.606989 0.498306 1.10221 0.451738 0.699358 0.75486 0.525521 0.963266 0.822416 0.731913 0.718748 0.703537 0.694581 0.631762 2.04136 0.885394 0.519905 0.487228 1.22241 0.432662
threshold=-7.176252769025079 -3.5166159237214489 -3.3979406402213441 -1.2387304790734739 -1.164581093078771 -0.0010290849999999997 12.132043734230477 17.595459236325912 29.62962962962952 -0.5727033006754233 2.1146703282485331 32.583417593528765 -1.200877104353075 -2.1916001191654257 -0.24198658978486956 -0.71210973733919392 -1.5543122344752189e-13 -0.28401330684893594 -1.1987216653219888 -0.76644058945637761 -0.76268922205713852 0.19003863492560083 -0.23319167797897025 -0.74258119073101114 0.20011926834863991 0.83941982210991195 -0.00018649999999999995 1.6713452277134568 32.097069597069684 -0.0011434999999999998
decision_type=2 2 2 2 2 2 2 2 2 2 2 2 2 2 2 2 2 2 2 2 2 2 2 2 2 2 2 2 2 2
left_child=-1 -2 -3 -4 -5 29 10 -8 9 11 -7 -9 -13 -10 15 -15 20 19 -19 22 -16 -22 -18 24 -20 -25 -23 28 -24 -6
right_child=1 2 3 4 5 6 7 8 13 -11 -12 12 -14 14 16 -17 17 18 23 -21 21 26 27 25 -26 -27 -28 -29 -30 -31
leaf_value=-0.05005913294713691 0.045688222528965011 -0.041944201245439343 -0.051574705861442839 0.046152220963185518 -0.011006273679173827 -0.03482690455186762 0.030942244991533169 -0.036493243607268293 0.02413052835378263 -0.051711138283869695 0.028512598296407801 0.058324614952576861 -0.028260996220693554 -0.00018596872886512977 -0.02299867570477386 -0.053825795359985031 0.021537238446860302 -0.040913907840880517 -0.053484221532517986 -0.045304324223956222 0.041335680057793985 -0.041730825964736866 0.05318568021760444 0.0205294229466895 0.04650672549684675 -0.0037082460907957903 0.027116751394768931 -0.060781894026466159 -0.035433256077758206 0.045560003515072195
leaf_weight=0.86329313652822648 0.46279833279549976 0.84599282802082498 0.4410707438364615 0.79694613092578848 0.50218342075822864 1.9904615007108213 1.7014585370197881 0.78854093700647432 2.1170076886191849 1.2393084419891227 0.46698364266194392 0.69828138477168988 0.77600997686386075 1.4581077720504256 0.86963358847424377 1.1921471843961544 1.4160109506919982 0.92641538963653047 1.4217893241439044 1.7546957458835084 2.6611573649570306 0.53185228281654418 0.54884495399892363 9.4990151668899099 0.79631577641703177 6.2449878377374253 0.56606185738928594 0.61861044424585987 1.3373153551947323 1.0342424693517234
leaf_count=825 17 83 62 11 39 517 41 23 30 91 27 8 33 34 26 50 23 28 47 55 74 20 16 204 21 160 20 11 57 36
internal_value=-0.000416818 0.00052086 5.88196e-05 0.000859223 0.00138538 0.000558718 -0.000419982 0.000983736 -0.000376923 -0.0211489 -0.0227906 -0.00441051 0.0127493 0.00176519 0.000278286 -0.0243144 0.00251093 -0.00040118 0.00502627 -0.0184642 0.0179652 0.0274418 -0.00645231 0.00739568 -0.0175867 0.0109154 -0.00623444 -0.0222755 -0.00964645 0.0270712
internal_weight=46.5675 45.7042 45.2414 44.3955 43.9544 43.1574 41.621 39.1636 37.4621 3.50214 2.45745 2.26283 1.47429 33.96 31.843 2.65025 29.1927 24.564 18.8885 5.67548 4.62871 3.75907 3.92078 17.9621 2.21811 15.744 1.09791 2.50477 1.88616 1.53643
internal_count=2689 1864 1847 1764 1702 1691 1616 1072 1031 155 544 64 41 876 846 84 762 622 460 162 140 114 107 432 68 364 40 84 73 75
is_linear=0
shrinkage=0.05


Tree=95
num_leaves=31
num_cat=0
split_feature=3 2 1 1 5 9 7 2 1 3 0 13 12 10 1 5 14 10 8 4 4 15 6 1 15 4 13 13 13 7
split_gain=0.824434 0.356912 0.571599 0.474651 0.481807 0.973584 0.858155 0.660232 0.627668 0.547325 0.64411 1.02712 1.01123 0.826123 1.26088 0.750104 0.700054 0.97943 0.535855 0.525034 0.911101 1.25573 0.979882 0.892644 0.681762 0.83535 0.948963 0.862326 0.650762 0.641817
threshold=-7.176252769025079 -3.5166159237214489 -1.2387304790734739 -1.164581093078771 44.862772695285322 0.41157329701900608 -1.0866511066921334 -0.96582728741198831 0.20898554188137658 -2.6478550493283017 1.0000000180025095e-35 -0.36047914255607966 -142.42749999999066 0.22414444481012089 -0.26813984134140617 29.62962962962952 0.83816587047223157 -1.4652116673233493 -1.8005691608747199 54.34782608695658 69.183285849952455 1.4515948691600464 -1.2581216819505765 0.37397779086996019 -1.2554193238977274 72.287581699346546 2.9567835172952974 1.4169452639388258 0.07148972660965229 0.20483833645792213
decision_type=2 2 2 2 2 2 2 2 2 2 2 2 2 2 2 2 2 2 2 2 2 2 2 2 2 2 2 2 2 2
left_child=-1 -2 -3 -4 5 8 7 -7 9 18 11 12 -11 15 -15 16 17 -12 -5 -6 21 22 -21 -24 -22 -26 27 28 -27 -25
right_child=1 2 3 4 19 6 -8 -9 -10 10 13 -13 -14 14 -16 -17 -18 -19 -20 20 24 -23 23 29 25 26 -28 -29 -30 -31
leaf_value=-0.050056252449170884 0.044926652691732197 -0.051284067717096538 0.037004315510348683 0.042334531730022537 0.011741614754110685 0.033514830472537137 -0.051555495930202977 -0.05169775570417922 -0.052752730002760095 -0.028399639988637648 0.042480515195624881 -0.051251476547984322 0.039236677428567505 -0.047305203672804802 0.023062419556475637 0.054752288349420364 0.042942939285190773 -0.052053677220672417 -0.037616514838150227 0.036871937481427856 0.045471683093993756 0.020572740836825074 -0.055881503197453254 -0.053159896731305015 0.036631637378434743 -0.024611329597578901 0.037075877955130135 -0.053019723855861872 0.020729448509737985 -0.0028498798867451734
leaf_weight=0.82123594701988523 0.44750287313945492 0.53576058801263471 0.88106535258702834 0.24762240727432061 11.934735225979241 0.67437027348205447 2.0125204297364681 0.34289935207925759 0.55606496217660684 1.0317991173360499 0.4449835587292913 1.1000005874666507 1.1899483148590575 1.0891940786968919 1.5320154610089955 1.7181237726472316 0.90641037002205838 0.71301828767173026 1.3639585479395382 0.58305756677873599 1.1542869117110965 2.0144961127080023 2.2231277949176729 0.84001749451272223 1.523083973210303 1.6097644353285434 1.0591840338893233 1.1409494127146897 1.5566401428077368 2.5839417825918645
leaf_count=825 17 81 15 8 294 11 356 65 81 20 7 185 22 51 35 21 15 41 97 14 37 27 102 31 30 38 11 54 37 61
internal_value=-0.000409842 0.000495977 4.98033e-05 0.000674477 -6.73953e-05 -0.00733367 -0.0326367 0.00479153 -0.000887706 0.00165619 0.0061283 -0.0117377 0.00782577 0.0153958 -0.00617752 0.0303455 0.0100328 -0.0157272 -0.0253319 0.00377461 -0.00206287 -0.0137433 -0.0248393 -0.0312109 0.00990907 0.00395091 -0.00532425 -0.0157505 -0.00232129 -0.0151927
internal_weight=45.8318 45.0105 44.563 44.0273 43.1462 14.9229 3.02979 1.01727 11.8931 11.3371 9.72549 3.32175 2.22175 6.40375 2.62121 3.78254 2.06441 1.158 1.61158 28.2233 16.2885 8.24464 6.23014 5.64709 8.04391 6.88962 5.36654 4.30735 3.1664 3.42396
internal_count=2689 1864 1847 1766 1751 1015 432 76 583 502 397 227 42 170 86 84 63 48 105 736 442 235 208 194 207 170 140 129 75 92
is_linear=0
shrinkage=0.05


Tree=96
num_leaves=31
num_cat=0
split_feature=3 13 15 4 3 3 13 10 16 15 2 12 3 11 9 9 14 3 10 8 15 4 8 14 4 7 3 3 8 7
split_gain=0.783808 0.347472 0.926608 0.388837 0.797561 0.628689 0.41005 1.36093 0.655204 0.525505 1.34714 1.15544 0.728424 0.720279 0.899862 0.87564 0.819481 1.02526 0.909393 1.02114 0.759087 1.10379 1.34316 0.787082 0.653815 0.64347 0.640487 1.1071 1.01166 0.972056
threshold=-7.176252769025079 6.6580277419213134 -2.4869132381863133 1.0000000180025095e-35 13.037467197632475 -3.3979406402213441 1.8055065347821584 1.4750557599284468 -0.00093068999999999986 -1.2554193238977274 0.45157252445330959 -304.15550000010984 3.2565514854209323 -2366537.9999999995 -1.3722148370360892 -1.1177374791196721 -1.0239196303937736 0.6877715316024845 -1.493713112735005 -2.1701739680340268 0.092560846337422509 64.536545528787357 -0.95823684913137308 -0.67922874694845137 97.906969744187066 -1.4324957213065288 -1.1410095063876005 -0.20107808538921693 1.0097208446967263 -0.28393284060041096
decision_type=2 2 2 2 2 2 2 2 2 2 2 2 2 2 2 2 2 2 2 2 2 2 2 2 2 2 2 2 2 2
left_child=-1 2 -2 4 -4 -5 9 8 -8 10 11 -7 13 25 -15 -16 17 -17 19 -18 21 22 -20 -22 -14 -11 29 -28 -29 -25
right_child=1 -3 3 5 -6 6 7 -9 -10 12 -12 -13 24 14 15 16 18 -19 20 -21 23 -23 -24 26 -26 -27 27 28 -30 -31
leaf_value=-0.050053506342428417 -0.059395033125900387 0.035049753718474179 0.029216056210651715 -0.051717084630054116 -0.050052267583305901 0.038252988888788496 0.015311372214893088 0.026977213839925015 -0.052620236531740888 0.037847360564045279 0.044806091927591052 -0.051833136636620591 -0.053436549361243382 0.039008994935792324 -0.040325598401496604 -0.053096342718021744 0.0269526749540549 0.011548349207246286 0.023559689314245194 -0.053895666691901614 0.04011343549143008 0.022499176672956981 -0.047165284209641167 0.02400740510658185 0.013739505327393707 -0.021390111280169152 0.035190561097893883 -0.047075642471115411 0.023008472764034088 -0.026844595253655842
leaf_weight=0.78122555412119155 0.64900981495156784 0.71470401366241176 2.4255091864615674 0.58937248657457431 0.36508932680590067 0.58283953205682359 0.44241025811061296 1.1904346955707295 1.7956014547962689 0.50896320026367892 2.1854586629197001 0.91427060833665674 1.1480740453116585 1.8101050488185091 1.1396996290422965 1.3019515436608373 0.58991240989416827 1.1596763329580424 0.99336716579273954 1.1556735364720285 2.9934384105727068 2.1499600963434204 2.0705895958235669 1.638263760134578 0.5291643552482127 4.6175026723649308 4.2888815719634286 0.95577626861631904 1.1163338040933011 2.2040853532962492
leaf_count=825 28 16 221 43 374 16 17 21 149 9 57 65 81 28 35 63 12 21 25 42 33 43 151 22 6 144 48 33 14 47
internal_value=-0.000407507 0.000469458 -9.85468e-05 0.000799303 0.0188455 -0.000457434 0.000307742 -0.0162162 -0.0391915 0.00187904 0.0197763 -0.0167617 -0.000156954 0.00159632 0.00502602 0.00243684 0.0045916 -0.0226421 0.00791758 -0.0265734 0.0111878 -0.00496444 -0.0242355 0.0175694 -0.0322427 -0.0155089 0.0109554 0.0206917 -0.00931835 -0.00516281
internal_weight=45.0073 44.2261 43.5114 42.8624 2.7906 40.0718 39.4824 3.42845 2.23801 36.054 3.68257 1.49711 32.3714 30.6942 25.5677 23.7576 22.6179 2.46163 20.1563 1.74559 18.4107 5.21392 3.06396 13.1968 1.67724 5.12647 10.2033 6.36099 2.07211 3.84235
internal_count=2689 1864 1848 1820 595 1225 1182 187 166 995 138 81 857 770 617 589 554 84 470 54 416 219 176 197 87 153 164 95 47 69
is_linear=0
shrinkage=0.05


Tree=97
num_leaves=31
num_cat=0
split_feature=3 16 15 16 11 12 10 1 4 8 6 12 13 15 10 4 14 13 15 14 1 4 7 16 3 11 9 9 11 0
split_gain=0.745197 0.333545 0.557419 0.364804 0.356193 0.66224 0.77921 0.863403 0.844825 0.583574 0.958751 0.899164 0.719351 0.641814 0.635152 0.724802 0.562767 0.545325 0.766424 0.546507 0.768836 0.731955 0.482538 0.46685 0.782356 0.535687 0.438062 0.41856 1.05751 1.07676
threshold=-7.176252769025079 -0.0010290849999999997 2.7473432627408108 -0.0011434999999999998 4927984.5000000009 1582.0859999998941 2.3671623291527841 0.58853876185473608 97.906969744187066 1.0892977347399302 1.3456434595162676 465.93099999986595 1.3119094853576547 -3.5581181165325524 0.99317365796655421 50.167785234899362 -1.9536632900803641 -0.59682325749384635 0.17113793732566482 -0.48291776594369823 1.5512792599876424 71.994324045407652 0.13517367686744783 -0.00021988499999999999 0.4769333642189128 -8563681.4999999981 1.3169452433347584 -1.3880532077285979 -1081879.9999999998 1.0000000180025095e-35
decision_type=2 2 2 2 2 2 2 2 2 2 2 2 2 2 2 2 2 2 2 2 2 2 2 2 2 2 2 2 2 2
left_child=-1 3 4 -2 5 6 7 9 23 10 12 -11 14 -14 16 -16 -3 -6 19 -19 21 -21 -15 25 -25 -9 -20 28 29 -18
right_child=1 2 -4 -5 17 -7 -8 8 -10 11 -12 -13 13 22 15 -17 27 18 26 20 -22 -23 -24 24 -26 -27 -28 -29 -30 -31
leaf_value=-0.05005089581316529 -0.0087143037456158933 -0.038718726200108182 -0.052275911347673204 0.040642166436472782 0.032498780604659459 -0.053552134853066591 0.043229277584107807 0.05782242320242359 0.037876263215043969 -0.04239348335008894 0.039311289839516865 0.020864836135509338 0.055196813501934054 -0.0452505378485046 -0.014490165692009305 0.04633033225000046 -0.043280714549979026 0.048226444930655921 0.015945465732859224 -0.018136100453128141 -0.033908380638626084 0.047900735306851128 0.0094672132900012022 0.030124688846158088 -0.040802588964362327 -0.052160784721926715 -0.054091035544274052 -0.0019908350748692127 0.062788387705764837 0.01839060498042101
leaf_weight=0.74316254281438787 0.58793563116341818 0.87019198900089278 0.5118543952703466 1.0306899605202477 2.0190545674413443 0.60772878903662686 0.97200238500954483 0.11698193103075061 0.50056941621005524 1.7295103874057525 1.7138087083585549 0.83198120293673117 0.2283442713087428 1.7598077056463801 0.69854968762956504 1.6395600195974109 0.93094916047994081 0.83169961295789141 0.30852855928242184 0.69643894908949677 0.9658897075569256 1.055682362988591 0.52255850355140854 0.67623596405610376 0.91466936521464959 2.0659627474378794 0.80793092149542645 13.888366692001004 0.93693513190374567 2.9523783812765032
leaf_count=825 52 43 35 42 36 26 25 1 14 136 53 36 5 113 46 29 59 24 9 34 14 16 53 10 81 197 56 530 8 81
internal_value=-0.00040602 0.00044461 -0.000418689 0.0227143 0.000224906 -0.00181886 -0.000892778 -0.00219327 -0.0231582 0.000928812 0.00316052 -0.021847 0.000624228 -0.0247265 0.0035283 0.0281592 0.000586877 0.0107895 0.00139584 0.0127603 0.00190784 0.0216522 -0.0327227 -0.0312539 -0.010654 -0.0462669 -0.0347368 0.00241509 0.0151097 0.00360615
internal_weight=44.116 43.3728 41.7542 1.61863 41.2423 34.5571 33.9494 32.9774 4.27442 28.7029 26.1415 2.56149 24.4276 2.51071 21.9169 2.33811 19.5788 6.68522 4.66617 3.54971 2.71801 1.75212 2.28237 3.77385 1.59091 2.18294 1.11646 18.7086 4.82026 3.88333
internal_count=2689 1864 1770 94 1735 1546 1520 1495 303 1192 1020 172 967 171 796 75 721 189 153 88 64 50 166 289 91 198 65 678 148 140
is_linear=0
shrinkage=0.05


Tree=98
num_leaves=31
num_cat=0
split_feature=3 5 13 15 3 4 14 13 9 11 8 14 1 6 2 1 15 3 14 10 13 14 13 11 14 14 16 15 16 16
split_gain=0.708663 0.333682 0.879417 0.573561 0.797196 0.705387 0.654308 0.609911 0.914173 1.18387 0.635285 0.588413 0.574115 0.555151 0.562314 0.536155 0.525608 0.516487 0.707919 1.02025 0.638007 0.901141 0.799245 0.933333 1.08907 0.766183 0.600182 0.496334 0.445025 0.750712
threshold=-7.176252769025079 87.841832963784086 1.947018175725918 0.33582402597381633 1.3124043977913793 69.669913419913499 -2.4733266618466554 -0.84387037021279576 -0.19885537850640048 -3801967.4999999995 -0.88119062952365745 1.6316062089972891 0.30913167409234849 -1.4364325165359144 -4.036091558627982 0.63278181867854311 -1.6829279420363721 -0.82186001510103956 -1.8280799841673969 0.64330530798820151 -0.92514194453860543 0.32655181639502617 0.60410469461096816 -2366537.9999999995 -0.13203639106001558 -0.67409162478336115 -0.00054517499999999985 0.17113793732566482 -0.00078558999999999996 -0.00069349999999999989
decision_type=2 2 2 2 2 2 2 2 2 2 2 2 2 2 2 2 2 2 2 2 2 2 2 2 2 2 2 2 2 2
left_child=-1 2 3 5 11 7 -6 10 -9 -10 -2 17 13 -11 -15 -14 -17 20 19 -19 21 -5 23 -22 25 -25 -20 -12 -3 -30
right_child=1 28 -4 4 6 -7 -8 8 9 12 27 -13 15 14 -16 16 -18 18 26 -21 22 -23 -24 24 -26 -27 -28 -29 29 -31
leaf_value=-0.0500484115791891 0.016683936925038584 0.03654385343275262 -0.051229295910173646 0.0091298379689201056 0.045372870799301052 0.028898620632496548 -0.051471958542809199 -0.046785104039987729 0.068492753900538009 0.057346882029638571 -0.051162618886371081 0.032921002170400462 0.027148300019513655 0.053979941786337117 -0.052164087581240942 0.05759829307956045 -0.055016824396734276 -0.054381642989149631 0.041475037843629478 0.01942916016989658 -0.032068926870339111 -0.053953345567502919 -0.040910806581506205 0.02692353157181623 0.042657970153572103 -0.035985973619418028 0.0086049452254741247 0.030240980225200144 -0.046628744196508067 0.0079531010322961317
leaf_weight=0.70695226622046803 2.4401323368074377 1.1998029409442086 0.89020442101173003 0.98879548069090306 0.2107807733118533 1.056134603684767 1.010741224978118 2.5029892224702057 0.4464774776715793 0.14596987573895681 0.74535515898605886 1.949682462029158 0.98366113362135343 0.13504655659198839 1.6405131792998893 0.13048093701945618 0.50315431965282187 0.83778870943933714 2.3538987711071964 1.0611753677949307 1.0319326207973114 1.3243460906669495 0.86693110107444216 0.89103777427226827 2.4871275401674096 1.0594856047537176 3.3869622610509427 0.25007813842967153 0.67439313163049419 9.5627442066324857
leaf_count=825 48 34 158 20 2 27 206 293 10 3 83 33 31 2 218 3 92 25 27 20 57 35 27 27 46 35 38 7 15 242
internal_value=-0.000396647 0.000424097 -0.00224427 -0.00081176 0.00434355 -0.0099489 -0.0347608 -0.0140832 -0.023103 -0.00822934 0.00295128 0.00696246 -0.017909 -0.0363852 -0.0440909 0.00404271 -0.0318266 0.00385549 0.0133289 -0.0131348 -0.00451187 -0.0269873 0.00369276 0.0107624 0.0207225 -0.00724766 0.0220825 -0.030712 0.00773396 0.00435741
internal_weight=43.4748 42.7678 31.3309 30.4407 19.4607 10.98 1.22152 9.92386 6.48829 3.9853 3.43557 18.2392 3.53883 1.92153 1.77556 1.6173 0.633635 16.2895 7.63983 1.89896 8.64966 2.31314 6.33651 5.46958 4.43765 1.95052 5.74086 0.995433 11.4369 10.2371
internal_count=2689 1864 1573 1415 598 817 208 790 652 359 138 390 349 223 220 126 95 357 110 45 247 55 192 165 108 62 65 90 291 257
is_linear=0
shrinkage=0.05


Tree=99
num_leaves=31
num_cat=0
split_feature=3 14 14 14 5 3 4 1 10 11 13 6 13 12 1 15 2 8 15 7 10 13 4 8 13 14 3 5 5 10
split_gain=0.673773 0.585946 0.536304 0.843714 0.639028 1.27871 0.916257 1.36327 0.922528 0.569597 0.563843 0.766397 0.482634 0.695585 0.526217 0.481763 0.467581 0.454968 1.05682 0.869484 0.801681 0.617239 0.608755 1.06365 0.761888 0.598318 0.582431 0.719499 0.808212 0.520805
threshold=-7.176252769025079 3.7382007532882366 1.9716149373565668 1.688811118975472 99.743589743589794 2.7319989764125547 49.742268041237146 2.231649743741515 0.65666822526843516 -1251603.4999999998 0.93130527228782733 1.4656096402353547 1.16013484247945 730.66399999987345 0.20898554188137658 -1.2661158500640279 1.6202790226832275 -1.3290272387793134 0.429023457850919 -0.98041711906971452 -1.3305149756198225 -1.1320495569886837 43.920916481892043 -0.98967235829662314 -1.1987216653219888 -0.42797462746520037 -0.23132584266920733 41.042780748662608 6.7816091954024751 -1.0223136386694456
decision_type=2 2 2 2 2 2 2 2 2 2 2 2 2 2 2 2 2 2 2 2 2 2 2 2 2 2 2 2 2 2
left_child=-1 2 3 4 5 10 -6 8 9 -8 17 -12 14 -14 -4 -11 -10 18 -2 -19 21 -20 23 -21 -24 -25 27 28 -27 -26
right_child=1 -3 12 -5 6 -7 7 -9 16 15 11 -13 13 -15 -16 -17 -18 19 20 22 -22 -23 24 25 29 26 -28 -29 -30 -31
leaf_value=-0.050046049591457267 -0.052359942974033305 -0.056969223815266215 0.010742789371447403 -0.036473057856617107 0.052166801794188949 -0.050873325860265967 0.044507821711890647 0.055523527959049301 -0.054478218241742586 0.02320761016506372 -0.043138079021319595 0.039916556329141081 -0.039226694675647863 0.022610661222774466 0.054384877012124327 -0.033192650385687951 -0.0051138683393744241 0.026687897384062444 0.042696034468928085 0.032644632252498217 -0.035699100245621423 -0.003659617203719471 -0.040604790337044831 -0.052162308676876303 -0.033454751924607555 0.026828271962476363 -0.052666928654786754 0.036616283233446179 -0.05236834789194194 0.013218340767597224
leaf_weight=0.67250473221065377 1.2158562488621125 0.44042566046118636 1.5554552399553352 1.6046712767565612 1.2985581988468755 1.3129347952781234 0.9212954984977838 1.0886062597855923 1.0859064995311198 0.74779485864564721 1.4620124791981641 0.3429036010056733 0.76822620281018306 1.1145417056977747 1.2423987388028761 0.76695501431822877 0.85929378401488055 3.7630955593194875 1.1544043659232555 0.99057393963448692 1.1134684676071631 1.9000306057278065 0.79105982265901431 1.3650360938627271 0.6372653478756608 0.52187369787134252 0.67415526020341277 0.84700936870649446 0.84173855953849852 9.626570621272533
leaf_count=825 86 14 39 58 56 467 15 23 31 25 202 5 55 9 14 21 16 94 15 23 28 44 40 98 32 36 48 11 49 210
internal_value=-0.000394344 0.000399656 0.00100683 -0.00101387 0.000596744 -0.00267691 0.0144102 0.00544673 -0.00699583 0.0135064 -0.0003545 -0.0273591 0.0169514 -0.00262085 0.0301222 -0.00534923 -0.0326715 0.00156126 -0.0113447 0.00502527 0.000620283 0.0138602 2.26793e-05 -0.0140137 0.0066764 -0.0248892 -0.0119839 0.000422889 -0.0220587 0.0103205
internal_weight=42.7266 42.0541 41.6137 36.9331 35.3284 28.56 6.76841 5.46985 4.38125 2.43605 27.2471 1.80492 4.68062 1.88277 2.79785 1.51475 1.9452 25.4421 5.38376 20.0584 4.1679 3.05443 16.2953 5.24039 11.0549 4.24981 2.88478 2.21062 1.36361 10.2638
internal_count=2689 1864 1850 1733 1675 1488 187 131 108 61 1021 207 117 64 53 46 47 814 173 641 87 59 547 265 282 242 144 96 85 242
is_linear=0
shrinkage=0.05


Tree=100
num_leaves=31
num_cat=0
split_feature=3 2 3 1 1 16 5 5 5 10 14 4 9 3 1 7 1 9 13 9 13 3 7 9 8 13 13 9 14 0
split_gain=0.640692 0.311858 0.518949 0.415604 0.497863 0.350091 0.37872 0.517631 0.537411 0.618729 0.511816 0.422702 0.887223 0.375366 0.620111 0.633191 0.448626 0.795687 0.661187 0.641433 0.602563 0.589964 0.602772 0.55368 0.516568 1.73534 0.693162 0.38612 0.946318 0.479469
threshold=-7.176252769025079 -3.5166159237214489 -3.3979406402213441 -1.2387304790734739 -1.164581093078771 -0.0010290849999999997 12.132043734230477 17.595459236325912 29.62962962962952 -0.5727033006754233 2.1146703282485331 32.583417593528765 -1.200877104353075 -2.1916001191654257 -0.24198658978486956 -0.71210973733919392 -1.5543122344752189e-13 -0.28401330684893594 -1.1987216653219888 -0.76644058945637761 -0.23319167797897025 -0.76268922205713852 -0.58212008916800906 -0.26234235845169596 -0.74258119073101114 0.20011926834863991 0.83941982210991195 0.61412729894632301 -0.68702660217318112 -1.0000000180025095e-35
decision_type=2 2 2 2 2 2 2 2 2 2 2 2 2 2 2 2 2 2 2 2 2 2 2 2 2 2 2 2 2 2
left_child=-1 -2 -3 -4 -5 -6 10 -8 9 11 -7 -9 -13 -10 15 -15 21 19 -19 20 -18 -16 -23 -24 25 -20 27 -26 -29 -30
right_child=1 2 3 4 5 6 7 8 13 -11 -12 12 -14 14 16 -17 17 18 24 -21 -22 22 23 -25 26 -27 -28 28 29 -31
leaf_value=-0.050043802733843373 0.044027341785788654 -0.041149893847188049 -0.051408793528479081 0.042208078609756623 0.02523889855741266 -0.032970251068184526 0.029040822786300619 -0.035401947990314576 0.022729329525681213 -0.051539110428460891 0.028745845826958501 0.055523331764295983 -0.026799872001737696 -0.0017054989340964961 -0.021735984584316581 -0.053437416028539846 0.020526198470086916 -0.039098612095021558 -0.053045931500111013 -0.044527072987871619 -0.022088642479583264 0.047734529409402551 0.03121291055557493 -0.025839722724294936 0.032115134681287759 0.045202272758768439 -0.0035842661087665249 -0.030666457953548228 0.045982777974953593 0.009958511916095876
leaf_weight=0.6397342921118242 0.40522288042120536 0.75397547124884923 0.37875013099983235 0.72717109834775229 1.374390697746988 1.7180123396101543 1.5492781474022184 0.70764115173369724 1.9457933995872654 1.0525247487239529 0.41759076341986645 0.62691587884910416 0.68478386464994367 1.3562428895384075 0.78598702861927439 1.0490163624053774 1.3272736333310606 0.82538136083167302 1.2398611976532325 1.5675139871891612 2.2118581872200593 1.6702396756736564 0.94556265766732384 0.77281661122105916 3.3667363743297916 0.70500381803140033 5.6896357382647684 1.1077401348156888 1.3394074464449692 2.9757009006570954
leaf_count=825 17 83 62 11 75 517 41 23 30 91 27 8 33 34 26 50 23 28 47 55 84 38 36 40 53 21 160 50 32 69
internal_value=-0.000389671 0.000379877 -5.28541e-05 0.000719505 0.00121632 0.000452268 -0.000452829 0.000777274 -0.00051237 -0.0204572 -0.0209024 -0.00425661 0.0125458 0.00147158 4.21045e-05 -0.0242676 0.00224601 -0.000563612 0.00456882 -0.0179002 -0.00610688 0.0172922 0.0263448 0.0055543 0.0067633 -0.0174315 0.0100132 0.018815 0.0105577 0.0211404
internal_weight=41.9178 41.278 40.8728 40.1188 39.7401 39.0129 37.6385 35.5029 33.9536 3.07187 2.1356 2.01934 1.3117 30.8818 28.936 2.40526 26.5307 22.3561 17.2495 5.10665 3.53913 4.17461 3.38862 1.71838 16.4241 1.94487 14.4792 8.78958 5.42285 4.31511
internal_count=2689 1864 1847 1764 1702 1691 1616 1072 1031 155 544 64 41 876 846 84 762 622 460 162 107 140 114 76 432 68 364 204 151 101
is_linear=0
shrinkage=0.05


Tree=101
num_leaves=31
num_cat=0
split_feature=3 14 9 14 14 9 10 11 13 6 9 4 6 3 5 10 4 15 1 10 13 7 13 10 15 5 0 2 3 13
split_gain=0.609311 0.55078 0.492586 0.399826 0.73374 0.579333 0.902059 1.00274 0.644246 0.674719 0.624474 0.84611 0.7981 0.764161 0.747121 0.633135 0.969042 0.595026 0.629221 1.27019 0.613468 0.802426 0.581011 0.588612 0.545221 0.530818 0.656697 0.512348 0.604216 0.478029
threshold=-7.176252769025079 3.7382007532882366 2.833662926797734 1.9716149373565668 1.688811118975472 0.82331011447242664 0.46494401118951273 8404954.5000000019 -1.1987216653219888 1.3456434595162676 -0.14801670767505856 1.0000000180025095e-35 0.21186347911313227 -2.6478550493283017 59.449404761904852 -0.192405919886983 30.690737833595147 1.4811798483663352 -0.17611282497907152 -0.39703592704837037 -0.38861745890325416 -1.2662898919671635 -1.1633677454364684 0.3230707719856612 -1.4120226594202385 99.743589743589794 1.0000000180025095e-35 0.68925690827545749 -2.1916001191654257 1.5661024557159584
decision_type=2 2 2 2 2 2 2 2 2 2 2 2 2 2 2 2 2 2 2 2 2 2 2 2 2 2 2 2 2 2
left_child=-1 2 3 4 5 10 8 24 -7 22 11 25 13 -13 17 16 -12 18 19 20 -15 -22 -10 -24 -8 26 -2 28 -18 -17
right_child=1 -3 -4 -5 -6 6 7 -9 9 -11 15 12 -14 14 -16 29 27 -19 -20 -21 21 -23 23 -25 -26 -27 -28 -29 -30 -31
leaf_value=-0.050041667573117489 -0.050154278653424436 -0.056646602427812637 0.034945746603422666 0.014305956608096942 -0.035311924814403178 -0.051923244960777562 0.03958925236822676 0.009005086263377848 0.061597429665431386 0.038792542034453426 0.047130275956768053 -0.05130703923276414 -0.033733559429882411 0.03574304205776456 -0.03034801519880494 0.027885382833291006 0.018085860394719214 -0.027733328213783822 0.035032111461466148 -0.047321668752127025 0.030097202334620207 -0.052788891066437783 -0.017881834891672378 0.035607789502656188 -0.052859652932189465 0.052194186078691286 0.04659066807567528 0.024043174375681702 -0.040655229352339228 -0.015717748268894726
leaf_weight=0.60855938086751749 0.36794495471985533 0.4193087937310328 1.0384266770561215 4.3733723824843755 1.5542759016971093 0.50688990089111019 0.17064687487436536 1.1637183364364316 0.31924995430745173 1.2719183919834902 0.77371556230355087 0.70707032061181152 2.36801564390771 1.9139626175165179 1.4308916667941955 5.6520594065659733 0.57912715035490769 0.95331921661272634 2.374923523515478 0.96877332951407913 0.60017209418583661 0.56867341243195235 3.0142726385965934 0.62012672057608131 2.4373592768679373 1.041381866671145 0.33520915813278407 0.64160177821759123 1.7935435168910769 0.70722954138182093
leaf_count=825 173 14 21 116 58 31 14 38 3 38 35 55 119 26 63 167 12 23 50 70 12 30 201 29 274 47 27 21 66 31
internal_value=-0.00038098 0.000362161 0.000956088 5.59026e-05 -0.00173307 -0.000164922 -0.0105991 -0.0295893 0.00189573 0.00711627 0.00400573 -0.00298567 -0.00775828 -0.00129566 0.00271781 0.0133969 -0.00278547 0.00912903 0.0145973 0.00261891 0.0183128 -0.010229 -0.00307422 -0.00875506 -0.0468105 0.0295309 -0.00403382 -0.015598 -0.0263176 0.0230362
internal_weight=41.2757 40.6672 40.2479 39.2094 34.8361 33.2818 9.50418 3.77172 5.73246 5.22557 23.7776 13.6303 11.8858 9.51779 8.81072 10.1473 3.78799 7.37982 6.4265 4.05158 3.08281 1.16885 3.95365 3.6344 2.60801 1.74454 0.703154 3.01427 2.37267 6.35929
internal_count=2689 1864 1850 1829 1713 1655 628 326 302 271 1027 695 448 329 274 332 134 211 188 138 68 42 233 230 288 247 200 99 78 198
is_linear=0
shrinkage=0.05


Tree=102
num_leaves=31
num_cat=0
split_feature=3 5 13 15 3 16 4 5 7 3 6 14 14 15 11 11 1 11 9 14 15 1 7 13 13 7 7 16 13 7
split_gain=0.579422 0.29597 0.80256 0.511907 0.711638 0.620848 0.657124 0.836163 0.677873 0.637966 0.852882 0.575561 0.549778 0.498054 0.467081 1.00263 0.815348 0.846156 0.679569 0.699871 0.472441 0.450696 0.533413 0.442777 0.514867 0.426912 0.526223 0.396825 0.601024 0.736984
threshold=-7.176252769025079 87.841832963784086 1.947018175725918 0.33582402597381633 1.3124043977913793 -0.00020777499999999997 63.09185959671413 17.595459236325912 -0.94082466832312617 -2.1916001191654257 -0.51099903758684551 -2.4733266618466554 1.6316062089972891 0.2597262319242532 -2723799.9999999995 -186827.49999999997 -0.17611282497907152 -1081879.9999999998 1.8838939776213752 -0.25438888508031204 0.5503523046341664 0.27414362515455082 -0.61703294826236721 -1.2713236207508636 0.1225819257936118 -1.2394842556246293 -0.41712747168057634 -0.00078558999999999996 3.1119247515761739 -0.64459579086237728
decision_type=2 2 2 2 2 2 2 2 2 2 2 2 2 2 2 2 2 2 2 2 2 2 2 2 2 2 2 2 2 2
left_child=-1 2 3 5 12 9 7 25 -9 10 -2 -6 14 -11 23 16 17 -16 19 20 -17 22 -21 -5 -25 -7 -27 -3 29 -29
right_child=1 27 -4 4 11 6 -8 8 -10 13 -12 -13 -14 -15 15 18 -18 -19 -20 21 -22 -23 -24 24 -26 26 -28 28 -30 -31
leaf_value=-0.050039635248395546 -0.051997691184740048 0.035723058065875238 -0.051238096249162583 0.019750006591484726 0.041995592568009388 -0.051883865343745374 0.031626800609871421 0.0076523882283035666 -0.041418402725688731 -0.050839406757593665 0.041628238497034939 -0.051401208723304975 0.032449127327386161 -0.0068382842931651163 -0.027933829118741961 -0.001667964922949478 0.046588619346981254 0.027284355039740485 0.037777376545849506 0.011817615453489607 -0.04586249745252724 0.030268900101443071 -0.028431793158782276 -0.053937208635284464 0.0063901253490100344 0.044471974268187081 -0.023437457873248232 -0.02100577827052208 -0.022161293365027993 0.017565522188056213
leaf_weight=0.57890251034404983 0.37814590940251946 1.1108910182956595 0.81349870219128106 0.55840275110676918 0.20127781480550766 0.18759663251694281 1.3064363091252742 1.090261243516579 1.9854250047355892 2.0366654430399644 0.68181647371966547 0.91409340646350645 1.8454399239271868 0.93990953057073046 1.1035538974683734 0.94927369337529155 2.2678990587592152 1.8684587557800112 0.85985996993258584 1.8134685344994068 1.666010766639374 1.116525708697736 1.5073862052522573 0.98344028345309442 0.55230254458729178 1.1742451189202254 0.37680553062819377 1.5372877307236184 1.7705531776882706 6.3701962258201084
leaf_count=825 27 34 158 10 2 23 24 34 121 422 30 206 33 31 31 18 39 30 13 28 64 15 39 46 24 38 67 56 29 172
internal_value=-0.000375571 0.000343786 -0.0022726 -0.000868273 0.0041487 -0.00986141 0.000177227 -0.00835705 -0.0240239 -0.0250834 0.00822681 -0.034547 0.00667386 -0.0369452 0.00355403 0.00704608 0.0240102 0.006781 -0.00418809 -0.00930451 -0.0298211 0.0027875 -0.0064522 -0.018378 -0.0322416 0.0193578 0.0279744 0.0074197 0.0041709 0.0100669
internal_weight=40.546 39.9671 29.1782 28.3647 18.2074 10.1573 6.12077 4.81433 3.07569 4.03654 1.05996 1.11537 17.092 2.97657 15.2466 13.1524 5.23991 2.97201 7.91252 7.05266 2.61528 4.43738 3.32085 2.09415 1.53574 1.73865 1.55105 10.7889 9.67804 7.90748
internal_count=2689 1864 1573 1415 598 817 307 283 155 510 57 208 390 453 357 277 100 61 177 164 82 82 67 80 70 128 105 291 257 228
is_linear=0
shrinkage=0.05


Tree=103
num_leaves=31
num_cat=0
split_feature=3 13 15 4 13 5 3 6 13 10 16 8 8 15 3 11 13 9 10 9 8 3 4 9 7 4 4 14 2 12
split_gain=0.550977 0.293466 0.727732 0.372852 0.641661 0.450957 0.416089 0.349662 0.310388 1.18339 0.581177 0.448638 0.496932 0.439653 0.760623 0.787567 0.770315 0.703312 0.773206 0.771522 0.619047 0.528114 1.10773 0.59223 0.63749 0.520641 0.844495 1.20098 0.482018 0.989222
threshold=-7.176252769025079 6.6580277419213134 -2.4869132381863133 1.0000000180025095e-35 0.096841430511950363 99.743589743589794 -3.2697196433189348 -1.4683626029742769 1.8055065347821584 1.4750557599284468 -0.00091966999999999993 2.2771669098401897 2.0057345730229259 -0.97949432916507029 3.2565514854209323 -2723799.9999999995 -0.82208951955513887 -1.3722148370360892 -1.493713112735005 -1.1177374791196721 -2.1701739680340268 -0.17429996803495343 65.443322109988785 0.47499642151871196 0.27044536758581755 54.761904761904717 41.666666666666863 -0.13203639106001558 0.45157252445330959 -304.15550000010984
decision_type=2 2 2 2 2 2 2 2 2 2 2 2 2 2 2 2 2 2 2 2 2 2 2 2 2 2 2 2 2 2
left_child=-1 2 -2 4 5 -4 -5 -8 11 10 -10 12 13 28 15 16 -15 -17 20 -20 -19 25 23 24 -23 26 27 -21 29 -9
right_child=1 -3 3 6 -6 -7 7 8 9 -11 -12 -13 -14 14 -16 17 -18 18 19 21 -22 22 -24 -25 -26 -27 -28 -29 -30 -31
leaf_value=-0.05003770200345186 -0.057443003239974734 0.034143864809103495 -0.036014717273823681 -0.037098097101039028 0.038451372897746444 0.051213685278438552 -0.041638403696912019 0.040790534810653478 0.014853214906288256 0.026975099807837723 -0.052398644431715248 -0.03871891596078908 0.044705779663181948 0.0050669794575792133 -0.047449880010338619 0.033735981962279608 -0.047740224076190406 0.015577988292961979 -0.039406815612169445 -0.052458719117817236 -0.053352837043042958 0.012162561791331399 0.022014094273687678 -0.038327511464466411 -0.037911382284136021 -0.0094963462737300466 0.032713870505963159 0.018084450163254672 0.029792448928356127 -0.036644656519049523
leaf_weight=0.55068985844263707 0.54788420523982395 0.63115405337884922 0.64023271168116425 0.76779773342423041 1.5719752484001217 0.19278653338551521 0.49441925605060433 0.70956265926361062 0.40740430110599835 1.0920746079646049 1.5190678990911686 0.65654823603108425 0.69972859171684731 1.2596812437986957 0.83178273926023294 1.860473695211122 1.5286308258073464 0.46764512476511289 0.95303497789428959 0.8196056294254962 1.0731883251573986 2.083214650396227 2.8335629289504141 1.9846412490005603 0.91468903038185079 1.8492951183579869 4.9629113583359867 2.2866520684911062 2.7041572362650186 0.984932514838877
leaf_count=825 28 16 447 50 139 9 29 19 15 20 144 25 13 32 76 30 79 13 33 41 48 42 55 102 41 41 94 42 68 73
internal_value=-0.000371162 0.000324281 -0.000227314 0.000594385 0.0196508 -0.0158274 -0.00068778 0.000111483 0.000710104 -0.0146054 -0.0381764 0.00217942 0.00305102 0.00208293 -0.000416286 0.00115631 -0.0238834 0.0043171 0.00161135 0.00441832 -0.0324322 0.00677343 -0.00294622 -0.0171411 -0.00311548 0.0144329 0.019917 -0.000528809 0.0166902 -0.004219
internal_weight=39.8794 39.3287 38.6976 38.1497 2.40499 0.833019 35.7447 34.9769 34.4825 3.01855 1.92647 31.4639 30.8074 30.1077 25.709 24.8772 2.78831 22.0889 20.2284 18.6876 1.54083 17.7346 7.81611 4.98254 2.9979 9.91846 8.06917 3.10626 4.39865 1.6945
internal_count=2689 1864 1848 1820 595 456 1225 1175 1146 179 159 967 942 929 769 693 111 582 552 491 61 458 240 185 83 218 177 83 160 92
is_linear=0
shrinkage=0.05


Tree=104
num_leaves=31
num_cat=0
split_feature=3 12 10 16 15 15 5 13 13 8 14 11 7 13 15 2 14 14 5 9 9 5 5 5 2 3 13 1 11 8
split_gain=0.523911 0.279807 0.583789 0.329026 0.465362 0.343522 0.509741 0.3106 0.663841 0.900799 0.62365 0.669349 0.55639 0.466695 0.37207 1.03515 1.0391 0.707937 1.08994 0.811642 1.02894 0.649144 1.22584 0.804252 0.581464 0.854639 0.735433 0.695689 0.571087 0.500838
threshold=-7.176252769025079 -2047.481500000227 -2.4426423745613532 -0.0010290849999999997 2.7473432627408108 1.1912821821471866 99.743589743589794 3.1119247515761739 2.9567835172952974 2.2771669098401897 1.688811118975472 -1251603.4999999998 1.4430343206643317 2.1597880113017078 -1.2554193238977274 0.43373219247718336 -0.91894766731255706 1.0000000180025095e-35 29.62962962962952 0.63254970861018689 1.6405906445673899 20.227272727272982 44.862772695285322 50.000000000000192 -0.73719356081801102 -0.39793920914991121 -0.98950303657614136 0.58853876185473608 -2209591.9999999995 -0.47638744061323535
decision_type=2 2 2 2 2 2 2 2 2 2 2 2 2 2 2 2 2 2 2 2 2 2 2 2 2 2 2 2 2 2
left_child=-1 -2 -3 5 7 6 -4 8 9 12 11 -9 13 14 15 16 -5 18 -16 24 -21 29 -23 -24 -20 26 -26 28 -27 -19
right_child=1 2 3 4 -6 -7 -8 10 -10 -11 -12 -13 -14 -15 17 -17 -18 21 19 20 -22 22 23 -25 25 27 -28 -29 -30 -31
leaf_value=-0.050035864640627752 0.038590925700862047 -0.044960019468152784 -0.050864009324753406 0.030377511187838692 -0.051963507528434053 0.045503545803403718 0.045604343615337786 0.034693711278247628 0.056965113753220824 -0.051463030382976074 -0.056866515996902858 -0.038388506762074864 0.030106890421769412 -0.045583038461313286 -0.04406700633781542 0.04197882236346033 -0.051317438492360735 0.041409437485834144 0.04658384372797459 -0.044048280662686533 0.0065721223759905084 -0.02710641248954997 0.052588907204448525 0.0056686243278016267 0.020850385242526148 -0.0031645344692110169 -0.045303539732635345 -0.029008444866728975 0.034444514323435732 -0.010334549713816204
leaf_weight=0.52385115117067371 0.47139434568816696 0.71383415954187412 0.29240520822349114 0.72940447996370494 0.42943249107338388 0.81106634944444522 0.25755052082240582 0.70001660479465488 0.53144288994371791 0.80939968064194445 0.69821739546023298 0.56714275578269635 1.6631485386751581 0.54172472277423267 1.8698266505380328 1.859199615253601 0.83458772918675028 2.0634904663311322 0.80174067546612882 2.2302436730824402 1.8256297275656832 2.670832460280506 1.0653284890577195 6.3996375679271296 0.59506763832178 1.6002901000901992 1.4289802632993023 0.84614240936934937 2.7336301002651622 0.60468479921109874
leaf_count=825 21 50 49 36 35 25 12 29 8 45 24 28 46 85 360 135 76 70 16 136 61 82 15 121 17 37 49 31 66 99
internal_value=-0.000368498 0.000304758 -0.00016802 0.000685526 -0.000224352 0.0248188 -0.00568678 0.000398541 0.00152522 0.000637053 -0.018923 0.00198429 0.00194005 0.00041416 0.00124038 0.0167608 -0.0132171 -0.000746843 -0.00854686 -0.00304047 -0.021263 0.00774008 0.00196382 0.0123646 0.00619132 0.00169606 -0.0258544 0.0124611 0.0205575 0.0296828
internal_weight=39.1693 38.6455 38.1741 37.4603 36.0992 1.36102 0.549956 35.6698 33.7044 33.173 1.96538 1.26716 32.3636 30.7004 30.1587 3.42319 1.56399 26.7355 13.9316 12.0617 4.05587 12.804 10.1358 7.46497 8.00585 7.20411 2.02405 5.18006 4.33392 2.66818
internal_count=2689 1864 1843 1793 1707 86 61 1672 1591 1583 81 57 1538 1492 1407 247 112 1160 773 413 197 387 218 136 216 200 66 134 103 169
is_linear=0
shrinkage=0.05


Tree=105
num_leaves=31
num_cat=0
split_feature=14 3 9 14 14 9 10 11 13 6 11 3 15 13 4 15 13 12 7 13 13 10 15 4 4 16 9 11 3 1
split_gain=0.503407 0.506483 0.438132 0.335335 0.625823 0.491446 0.805052 0.935645 0.596981 0.587507 0.556296 0.63785 0.90304 1.0897 0.848698 0.835478 0.776937 0.558193 1.07471 0.700508 0.520116 0.521391 0.481163 0.432364 0.643511 0.637025 0.388989 0.771276 0.896259 0.848798
threshold=3.7382007532882366 -7.176252769025079 2.833662926797734 1.9716149373565668 1.688811118975472 0.82331011447242664 0.46494401118951273 8404954.5000000019 -1.1987216653219888 1.3456434595162676 5622656.0000000009 -0.49569582306836751 0.44484481068653031 -0.84148613632306268 26.516544117647197 0.61595378458518946 -1.0391845030280673 -213.56899999990125 -0.65655792101163646 -0.76491241332487114 -1.1633677454364684 0.3230707719856612 -1.4120226594202385 52.127766599597663 48.850422832980861 -0.00087908499999999983 -0.14801670767505856 808175.50000000012 0.90542820420375048 -0.17611282497907152
decision_type=2 2 2 2 2 2 2 2 2 2 2 2 2 2 2 2 2 2 2 2 2 2 2 2 2 2 2 2 2 2
left_child=1 -1 3 4 5 10 8 22 -7 20 11 12 13 16 -13 -14 -3 -17 -19 -20 -10 23 -8 24 25 -22 27 28 29 -16
right_child=-2 2 -4 -5 -6 6 7 -9 9 -11 -12 14 15 -15 26 17 -18 18 19 -21 21 -23 -24 -25 -26 -27 -28 -29 -30 -31
leaf_value=-0.050034151652754669 -0.05685666447136925 -0.036697104124952168 0.033771657252980244 0.013369882574312073 -0.033872784266195409 -0.051899873542465384 0.038237900816607932 0.0090731307912988186 0.060408267895109849 0.037409588947704339 0.045695186963896274 0.045393186417421627 0.035335676140082192 -0.052297617989891867 -0.03546530913043925 -0.036142028047228845 0.031782082526247056 0.043160562156323884 -0.043760866132492138 0.016795795969342425 0.043603499908558947 0.034914340754791919 -0.052686081302866256 -0.044517833725530614 0.037856135082259691 -0.043002351960384461 0.014456634648460621 -0.053428050879430145 -0.030120214464787326 0.03177069457187217
leaf_weight=0.49491587356896971 0.39032366150058706 0.72381122992374003 0.98581086087506165 4.1524430600111364 1.4460341820376914 0.47021273267455388 0.15576219116337675 1.1026152271660974 0.29941600863821793 1.20470279303845 0.76372563984477793 1.4834455040399976 1.619572765252087 1.9574781254050337 0.58501756581244801 1.1772451521828768 0.96831115661188982 1.1293881487799806 1.1269593737088137 0.8287558176089086 0.27164630492916364 0.57894890708848823 2.2093652688781731 0.95647491991985578 0.63238135958090413 0.97229313885327329 5.2715531584108248 0.70600966899655748 1.3958080271258948 2.3750696727074687
leaf_count=819 20 40 21 116 58 31 14 38 3 38 17 199 28 206 41 50 18 26 29 47 19 29 274 54 20 108 160 34 67 65
internal_value=-0.0003629 0.000216696 0.000879007 -7.80891e-06 -0.00172168 -0.000220306 -0.0101747 -0.0289648 0.001923 0.00707127 0.00376549 0.00226549 -0.00735766 -0.0268956 0.0100275 0.00476521 0.00248987 -0.00685071 0.00432657 -0.0180993 -0.00277703 -0.0083222 -0.046698 -0.0171586 -0.00321195 -0.0240897 0.00495052 -0.00494932 0.00290818 0.0184825
internal_weight=38.4355 38.0452 37.5503 36.5644 32.412 30.966 8.85382 3.46774 5.38608 4.91586 22.1122 21.3484 9.53152 3.6496 11.8169 5.88192 1.69212 4.26235 3.0851 1.95572 3.71116 3.41174 2.36513 2.8328 1.87632 1.24394 10.3335 5.0619 4.3559 2.96009
internal_count=2689 2669 1850 1829 1713 1655 628 326 302 271 1027 1010 444 264 566 180 58 152 102 76 233 230 288 201 147 127 367 207 173 106
is_linear=0
shrinkage=0.05


Tree=106
num_leaves=31
num_cat=0
split_feature=14 3 6 8 14 7 1 1 4 3 5 6 6 14 5 15 14 9 16 5 14 4 2 3 15 3 3 11 4 15
split_gain=0.476058 0.481274 0.408309 0.519017 0.510143 0.442471 0.294527 0.555576 0.497865 1.79579 0.433642 0.347247 0.351056 0.339669 0.617254 0.786469 0.541981 0.539999 1.12618 0.812696 0.747357 0.601369 0.474601 0.562844 1.13043 1.00593 0.835899 0.7576 0.751819 0.629546
threshold=3.7382007532882366 -7.176252769025079 1.4563618060324 2.5639616113229677 0.20385529819768652 1.4430343206643317 1.2408396706695914 0.79975858936479982 97.906969744187066 2.972378199531664 82.807881773399217 1.3903270525769702 1.3456434595162676 1.9716149373565668 71.428571428571701 1.432550632861511 1.5243092680538686 0.94910908576263786 -0.00027500499999999999 52.941176470587521 0.26971698796907001 53.597308488612882 1.1496107060714447 -0.49569582306836751 0.44484481068653031 -2.1916001191654257 -2.6478550493283017 -1660178.4999999998 25.000000000000011 0.5503523046341664
decision_type=2 2 2 2 2 2 2 2 2 2 2 2 2 2 2 2 2 2 2 2 2 2 2 2 2 2 2 2 2 2
left_child=1 -1 3 5 -4 6 7 11 9 -8 -9 12 13 16 15 -15 17 22 19 -19 21 -21 23 24 25 26 -3 -26 -25 -29
right_child=-2 2 4 -5 -6 -7 8 10 -10 -11 -12 -13 -14 14 -16 -17 -18 18 -20 20 -22 -23 -24 28 27 -27 -28 29 -30 -31
leaf_value=-0.050032484577726626 -0.056546248400880864 -0.051008571278784554 -0.0030988799448065252 -0.053674559886756096 0.047896963744652181 0.026677196930401905 0.040140098502623123 0.0077860378980038562 0.045360850503385924 -0.053859169632903652 -0.043099277136194776 -0.043639310198008284 0.038557447307452308 -0.036102213526052286 0.047206249816087252 0.032581956411266648 -0.027407855650454661 -0.044234817991881982 -0.05424448472567156 0.023498994623762787 0.05123020658542659 -0.051810632976102125 -0.036070068690821758 0.051923638049913727 -0.017376526479205547 -0.052362048689350543 0.030670076803223808 0.057014747386629663 0.0083837185799247003 0.01054152185774054
leaf_weight=0.47079383837990363 0.37327413551974942 0.46556698542553931 0.95707879320252587 0.45134986785706033 1.0057841321104204 1.5189516366226588 1.2113690800033508 0.59721062314929341 0.89100407157093275 0.87518785556312639 1.4005922472570089 0.46081194211728771 0.58166410820558567 0.85001747624482893 1.0033560302108524 0.81773381249513477 2.0136423656367688 0.70797501504421267 1.343895626196171 0.59199481923133113 0.91875135013833631 0.48002657387405634 0.73256131634116073 1.1489917449071194 1.8151903801481237 1.7921584467403593 0.9573725563241291 0.95379161066375662 7.2318057967349887 3.0881523506250232
leaf_count=819 20 65 40 19 22 53 22 25 25 199 65 38 17 44 13 28 105 109 104 22 16 48 77 57 84 162 24 12 266 89
internal_value=-0.000360557 0.000201189 0.000842728 -0.000405196 0.0230317 0.000292722 -0.000924276 -0.00241514 0.0140734 0.000712937 -0.0278879 -0.000594762 0.000126667 -0.000703928 0.0162182 -0.00242491 -0.0025685 -0.000318321 -0.0168473 0.00177544 0.018138 -0.0102229 0.00335605 0.00501089 -0.00361917 -0.0274412 0.0039459 0.00945724 0.014353 0.021508
internal_weight=37.7081 37.3348 36.864 34.9011 1.96286 34.4498 32.9308 29.9533 2.97756 2.08656 1.9978 27.9555 27.4946 26.913 2.67111 1.66775 24.2419 22.2282 4.04264 2.69875 1.99077 1.07202 18.1856 17.453 9.07223 3.2151 1.42294 5.85713 8.3808 4.04194
internal_count=2689 2669 1850 1788 62 1769 1716 1470 246 221 90 1380 1342 1325 85 72 1240 1135 299 195 86 70 836 759 436 251 89 185 323 101
is_linear=0
shrinkage=0.05


Tree=107
num_leaves=31
num_cat=0
split_feature=3 2 1 3 1 16 5 5 9 14 4 9 5 9 4 3 5 9 11 5 9 3 15 9 14 15 1 4 2 15
split_gain=0.450551 0.259441 0.431191 0.325143 0.390668 0.271848 0.306946 0.428373 0.444834 0.423197 0.534286 0.365671 0.795866 0.633903 0.567772 0.520171 0.511469 0.549766 0.706797 0.520542 0.537133 0.571061 0.478966 0.565686 0.501122 0.716667 0.727083 0.752485 0.477404 0.415369
threshold=-7.176252769025079 -3.5166159237214489 -1.2387304790734739 -3.3979406402213441 -1.164581093078771 -0.0010290849999999997 12.132043734230477 17.595459236325912 -2.2026750719021813 1.2754336764222087 28.436657681940833 -1.4594572281215961 30.602006688963332 -1.1494400380843881 20.535081502480605 -2.1916001191654257 44.862772695285322 0.24829331741084987 -334399.99999999994 49.125188536953353 -0.3061971351016825 -0.17429996803495343 -1.5366266708635894 0.50371424557627564 1.5051067566882763 1.8769454445290494 1.4217439676626775 54.34782608695658 0.71828310856154687 0.44484481068653031
decision_type=2 2 2 2 2 2 2 2 2 2 2 2 2 2 2 2 2 2 2 2 2 2 2 2 2 2 2 2 2 2
left_child=-1 -2 -3 -4 -5 -6 9 -8 -9 -7 -11 29 -13 -14 -15 -16 17 18 -17 -18 21 -21 -22 28 25 26 27 -25 -24 -10
right_child=1 2 3 4 5 6 7 8 11 10 -12 12 13 14 15 16 19 -19 -20 20 22 -23 23 24 -26 -27 -28 -29 -30 -31
leaf_value=-0.050030860707574891 0.042757810660076251 -0.051127177037441657 -0.037834840029552841 0.03965499710702218 0.023780114922594093 -0.03982685639982364 0.027789698062363023 -0.045525458314899979 -0.013182975978722542 0.03965800959095872 -0.050815121552529888 -0.032885714736127739 -0.033283769078072949 0.047820924530821526 0.031089908609961404 0.026100863834061329 0.028285380825533463 -0.052903521121662148 -0.040321756429824052 0.0048831767081533792 0.041302587445167877 -0.045924633015115887 -0.0026628510219186704 -0.0023266637556229957 0.0098158777074122561 0.029793013705340449 0.015691241491221485 -0.042811498967959383 0.031038575568805987 0.033700255428974049
leaf_weight=0.45088598935399105 0.35559453978203137 0.41027331817895074 0.54683173005469043 0.64232616033404966 1.190417288104064 1.1103673268808112 1.3871770327677975 0.5417599892243733 0.67581437726039384 0.48433891817694519 0.24609781114850193 1.8696115672355613 1.2870912285288856 0.67844399344175954 1.3907131813466644 0.87846721173264097 1.7531876028515423 0.90270871366374184 0.73608897265512063 1.0011815435718747 0.77615426201375193 1.2355651487596517 1.8605493572540215 1.8369041087571512 3.6573733864352107 0.85630020545795549 1.2078692393843082 3.0593742155469954 2.4145281072705984 1.5698239188641308
leaf_count=825 17 81 64 11 75 451 41 26 47 65 28 131 44 30 22 22 37 52 34 28 32 50 52 71 59 12 34 169 46 33
internal_value=-0.000354814 0.00025778 -0.000159616 0.000424528 0.00101804 0.000300934 -0.000535455 0.000621549 -0.0006268 -0.0203824 0.00917592 0.000193643 -0.00139599 0.000909836 0.00272504 0.00142682 -0.000433407 -0.0216537 -0.00418174 0.00228378 -0.000262082 -0.0231827 0.00300983 0.00101417 -0.00516916 -0.0130431 -0.0190522 -0.0276231 0.0163714 0.019591
internal_weight=37.0138 36.5629 36.2073 35.7971 35.2502 34.6079 33.4175 31.5767 30.1895 1.8408 0.730437 29.6478 27.4021 25.5325 24.2454 23.567 22.1763 2.51726 1.61456 19.659 17.9058 2.23675 15.6691 14.8929 10.6178 6.96045 6.10415 4.89628 4.27508 2.24564
internal_count=2689 1864 1847 1766 1702 1691 1616 1072 1031 544 93 1005 925 794 750 720 698 108 56 590 553 78 475 443 345 286 274 240 98 80
is_linear=0
shrinkage=0.05


Tree=108
num_leaves=31
num_cat=0
split_feature=14 3 9 14 8 14 8 12 1 5 13 8 13 11 5 8 14 14 2 2 7 15 14 15 3 3 15 13 13 8
split_gain=0.45276 0.435175 0.38479 0.282032 0.537979 0.470606 0.416619 0.508126 0.383421 0.73796 0.528173 0.581523 0.404536 0.650005 0.642056 0.856749 0.850064 0.817947 0.628672 0.574014 0.461845 0.406877 0.88496 0.385667 0.38481 0.771505 0.525059 0.644159 0.694047 0.451616
threshold=3.7382007532882366 -7.176252769025079 2.833662926797734 1.9716149373565668 2.2771669098401897 1.8259872035607834 1.9796329094171272 1047.4510000001176 2.231649743741515 99.743589743589794 1.6127225334141562 -1.1368470886112825 0.15665248145397057 7910034.5000000009 65.367316341829152 0.60899207830468682 -0.90617100679751983 -2.4733266618466554 -0.23254439831132218 -4.036091558627982 1.1734188385256215 -1.1054122349165678 -0.68702660217318112 -1.0440072316923954 1.2124235782394699 -0.49569582306836751 0.43948499865942486 -0.82871674096451298 -1.0391845030280673 -1.2475909420993998
decision_type=2 2 2 2 2 2 2 2 2 2 2 2 2 2 2 2 2 2 2 2 2 2 2 2 2 2 2 2 2 2
left_child=1 -1 3 4 5 6 7 8 10 -10 12 -12 13 14 15 24 -16 -17 19 -14 -18 -20 23 -23 25 26 27 28 -3 -26
right_child=-2 2 -4 -5 -6 -7 -8 -9 9 -11 11 -13 18 -15 16 17 20 -19 21 -21 -22 22 -24 -25 29 -27 -28 -29 -30 -31
leaf_value=-0.050029396568347977 -0.056327111724682903 -0.036363277718886221 0.032385349477984847 0.012424176181252434 -0.052480500826563775 -0.052496967830753118 0.037198742898565916 -0.040993440003017557 -0.050587846945816653 0.055138656489542415 0.02179177114541634 -0.035368753072159927 0.051125589164938492 0.042283538105358884 0.010273435653654154 0.031973789314613164 -0.047955256632835515 -0.05359173485423329 0.046655972595656431 -0.036260770905505627 0.00050859278513132984 0.020992140794892172 0.028274403991322413 -0.051127507665895106 0.022831358187668099 0.028630398946038783 0.0080578826528904107 -0.051396347941123868 0.030512349526688704 -0.052777943655471921
leaf_weight=0.42601754624047217 0.35767321696039189 0.70284586527850479 0.93922287318855424 4.0091499447007655 0.51239014696329732 0.43413047777721558 0.73181101150112127 0.77304976957384397 0.212909891968592 0.73416497278958559 0.57302907289704341 1.9907812126912166 0.23339544027112424 0.78577352006686751 1.4268215168267486 0.36335511505603779 2.1899679290363561 1.2073253561975423 1.1860115164890883 0.96449871629010864 0.63387429376598436 0.26234763488173474 2.4107908622827376 0.63178742257878184 0.30194535566261038 3.2128506703302397 5.8334087779512629 0.96310499403625671 0.86598057579250631 0.57092975312843997
leaf_count=819 20 46 21 116 43 25 30 41 171 18 30 169 6 16 32 6 102 161 55 114 18 4 69 75 32 90 146 100 15 99
internal_value=-0.000348916 0.000205958 0.000806142 -4.81566e-05 -0.00167644 -0.000814382 -6.05214e-05 -0.000999751 9.43537e-05 0.0313705 -0.000990229 -0.022593 0.00124783 -0.00224484 -0.00415971 0.00100072 -0.0211825 -0.0337973 0.0129487 -0.0192346 -0.0370765 0.0215331 0.0125174 -0.0299669 0.00539044 0.00780393 -0.000194832 -0.0192086 0.000551573 -0.0266231
internal_weight=36.4413 36.0837 35.6577 34.7184 30.7093 30.1969 29.7628 29.031 28.2579 0.947075 27.3108 2.56381 24.747 19.0582 18.2724 14.0217 4.25066 1.57068 5.68883 1.19789 2.82384 4.49094 3.30493 0.894135 12.4511 11.5782 8.36534 2.53193 1.56883 0.872875
internal_count=2689 2669 1850 1829 1713 1670 1645 1615 1574 189 1385 199 1186 863 847 695 152 167 323 120 120 203 148 79 528 397 307 161 61 131
is_linear=0
shrinkage=0.05


Tree=109
num_leaves=31
num_cat=0
split_feature=14 3 6 8 14 7 10 10 13 5 10 14 13 8 6 11 3 1 1 3 16 1 16 11 13 13 15 3 5 10
split_gain=0.428308 0.413528 0.361385 0.476096 0.464008 0.391989 0.289387 0.430771 0.294504 0.57249 0.600624 0.714112 0.46749 0.543075 0.689577 0.583604 0.558899 0.59719 0.538623 0.4521 0.404932 0.383117 0.637645 0.925624 0.699023 0.777016 0.533851 0.704772 0.43068 0.688343
threshold=3.7382007532882366 -7.176252769025079 1.4563618060324 2.5639616113229677 0.20385529819768652 1.4430343206643317 -3.1412669593403879 -2.4426423745613532 1.3119094853576547 90.278374430792965 1.6897137496936734 -0.16175981784640167 0.15665248145397057 1.6354340245928489 1.045188330658509 5942965.5000000009 -2.8219010266663571 -0.98288036874099671 -0.26813984134140617 -3.9410377176585101 -9.6509999999999996e-05 0.052003412651254237 -0.00020777499999999997 -222697.99999999997 -0.34274683522001687 -0.21588632132121502 0.17113793732566482 1.9369878040248583 46.153846153846608 0.22414444481012089
decision_type=2 2 2 2 2 2 2 2 2 2 2 2 2 2 2 2 2 2 2 2 2 2 2 2 2 2 2 2 2 2
left_child=1 -1 3 5 -4 6 -3 -8 12 -10 11 -11 13 15 -15 16 -9 -18 19 -14 -20 28 24 -24 -23 -26 27 -25 29 -19
right_child=-2 2 4 -5 -6 -7 7 8 9 10 -12 -13 18 14 -16 -17 17 21 20 -21 -22 22 23 26 25 -27 -28 -29 -30 -31
leaf_value=-0.050027959222458951 -0.056037440182636969 0.046510368171232372 -0.0031697754962705482 -0.053445751889980325 0.04659964252325588 0.025578532697524067 -0.041319576380707976 -0.032670912653308348 -0.038648362206886798 0.013099780938622572 0.038582291977494021 -0.037686437672066038 0.052496495686061621 -0.057092113900547137 0.024744669436110946 0.034060070996521113 0.037339969491683556 0.0066378320034968866 0.030699262341718769 -0.03916216981320144 -0.00071358300206633652 -0.039809478479182168 -0.048716507831194078 -0.05445965822911028 0.036799337021139779 -0.032171558511134041 0.050839149552660334 0.040552948806506499 0.024016298472641116 -0.034488516247852784
leaf_weight=0.40525176626397197 0.3419436295516779 0.31807923706946439 0.92111009964719304 0.41821369822719034 0.9526927859405987 1.4585913459886786 0.6621971630374891 1.3822252341779062 1.4107158501283255 1.4156656088307507 0.75477584172040213 1.354383189929649 0.16603643074631691 0.90216899834922404 0.36017704772530124 1.1876123319379974 1.0276362986187564 4.9930283032590541 3.2877526937518269 0.70903564570471633 1.4912279763957474 2.4804136447783094 0.52445858978899229 0.36873846966773172 0.81672247289679945 0.81669965584296711 1.0093755766865795 0.41465593909379095 2.1892363259103149 1.2778088360792024
leaf_count=819 20 13 40 19 22 53 47 108 213 48 11 34 4 45 26 36 46 214 173 83 57 233 28 18 17 36 20 26 59 121
internal_value=-0.00034608 0.000190703 0.000770982 -0.00043485 0.0221344 0.000241485 -0.000938445 -0.00142526 -0.000554543 -0.0117308 -0.000957774 -0.0117316 0.00161672 -0.00201224 -0.0337422 0.000154178 -0.00217326 0.000474844 0.0142935 -0.0217708 0.0208972 -0.00206922 -0.0112677 0.00970994 -0.023084 0.00231437 0.0268021 -0.00416885 0.00492318 -0.00174249
internal_weight=35.8186 35.4767 35.0714 33.1976 1.8738 32.7794 31.3208 31.0027 30.3406 4.93554 3.52482 2.77005 25.405 19.751 1.26235 18.4886 17.301 15.9188 5.65405 0.875072 4.77898 14.8911 6.43106 2.31723 4.11384 1.63342 1.79277 0.783394 8.46007 6.27084
internal_count=2689 2669 1850 1788 62 1769 1716 1703 1656 306 93 82 1350 1033 71 962 926 818 317 87 230 772 378 92 286 53 64 44 394 335
is_linear=0
shrinkage=0.05


Tree=110
num_leaves=31
num_cat=0
split_feature=14 3 9 14 8 14 8 12 1 5 2 15 14 11 14 13 8 12 5 10 10 8 10 13 9 9 4 14 10 3
split_gain=0.405306 0.393013 0.345439 0.246649 0.497981 0.435933 0.379866 0.455165 0.361006 0.676162 0.457285 0.842043 0.45271 0.374635 0.348891 0.416794 0.320541 0.680572 0.543438 0.422338 0.744358 0.56832 0.713256 0.607305 0.695183 0.873214 0.775265 0.598492 0.585598 0.520373
threshold=3.7382007532882366 -7.176252769025079 2.833662926797734 1.9716149373565668 2.2771669098401897 1.8259872035607834 1.9796329094171272 1047.4510000001176 2.231649743741515 99.743589743589794 1.1989256862262372 -1.350023040883374 -2.4733266618466554 7910034.5000000009 2.3536544396132659 1.4169452639388258 1.0410607818903099 521.03599999984738 87.841832963784086 -1.0223136386694456 -1.2413728833742093 -1.4652186901955748 -0.49782417189644762 -0.26642384895997323 -0.3061971351016825 0.43362730389006948 54.34782608695658 -0.68702660217318112 1.2184648547532879 -0.46122191587112388
decision_type=2 2 2 2 2 2 2 2 2 2 2 2 2 2 2 2 2 2 2 2 2 2 2 2 2 2 2 2 2 2
left_child=1 -1 3 4 5 6 7 8 10 -10 13 -12 -13 16 -5 -16 19 18 -18 20 -3 -21 29 27 28 -26 -27 -24 -25 -23
right_child=-2 2 -4 14 -6 -7 -8 -9 9 -11 11 12 -14 -15 15 -17 17 -19 -20 21 -22 22 23 24 25 26 -28 -29 -30 -31
leaf_value=-0.05002659589196784 -0.055759670261583794 -0.0010121165728471449 0.031011823720874201 0.027395269350561049 -0.052248905813140303 -0.052297873053064992 0.036169159231039479 -0.039569008338241084 -0.050523724432166517 0.054780838842371705 0.033667010524709703 0.037635284861629981 -0.045205705993257517 0.034691106967782312 0.017058625378212063 -0.028241784065111949 -0.048641950804561053 0.030167706361463428 0.0084004404495192798 -0.039702674024919664 -0.046095691421657273 0.0064883365890539462 0.0034122044702064726 -0.045717596907533305 0.047242712046412144 0.017912004043120398 -0.049508038448775334 -0.035973225207167163 0.032800266649934816 0.043801215499723871
leaf_weight=0.38549764564959232 0.32684628159040485 5.8593025272130035 0.91733197600114991 1.86072323314147 0.47833409349550393 0.40549614327028294 0.704593991918954 0.74470966990338539 0.19577219797065382 0.68869406543672085 0.53670987323857877 0.18242885172367107 1.7181935151165804 0.80195415415801008 1.1799342253361831 0.89131695823743928 1.3515793803962872 0.59200844657607365 0.60418425931129593 0.62009382864927864 1.0851137108984588 1.6562204415677118 2.317703691660427 0.78767731989502621 1.9035222437232144 1.7570210840203802 0.56303230568300922 1.6521115116193117 0.33995552512351424 2.1440313621424307
leaf_count=819 20 257 21 44 43 25 30 41 171 18 52 2 254 24 26 46 98 15 23 30 78 81 66 98 51 70 33 88 10 55
internal_value=-0.000339607 0.000179039 0.000739383 -8.655e-05 -0.001645 -0.000816383 -9.17044e-05 -0.00100086 4.90238e-05 0.0314722 -0.00100083 -0.0216372 -0.0372543 0.0010918 0.0116813 -0.0024354 -6.79467e-05 -0.0168023 -0.0310201 0.00199315 -0.00805674 0.00707202 0.00928253 0.00183899 0.0128316 0.0221435 0.00155046 -0.0129788 -0.0220463 0.0275396
internal_weight=35.2521 34.9252 34.5398 33.6224 29.6904 29.2121 28.8066 28.102 27.3573 0.884466 26.4728 2.43733 1.90062 24.0355 3.93197 2.07125 23.2336 2.54777 1.95576 20.6858 6.94442 13.7414 13.1213 9.32102 5.35121 4.22358 2.32005 3.96982 1.12763 3.80025
internal_count=2689 2669 1850 1829 1713 1670 1645 1615 1574 189 1385 308 256 1077 116 72 1053 136 121 917 335 582 552 416 262 154 103 154 108 136
is_linear=0
shrinkage=0.05


Tree=111
num_leaves=31
num_cat=0
split_feature=14 3 6 8 14 7 13 15 6 4 5 1 4 2 13 1 7 5 9 9 8 16 10 6 11 12 4 14 2 14
split_gain=0.383609 0.373529 0.334173 0.433252 0.425057 0.361076 0.275309 0.531346 0.385491 0.320111 0.495582 0.71557 0.467415 0.484895 0.487618 0.597277 0.584925 0.465946 0.539754 0.413399 0.435338 0.646651 0.493994 1.09113 0.570043 0.407111 0.390132 0.527036 0.409398 0.372066
threshold=3.7382007532882366 -7.176252769025079 1.4563618060324 2.5639616113229677 0.20385529819768652 1.4430343206643317 6.6580277419213134 -2.4869132381863133 1.4057448223237314 30.690737833595147 99.743589743589794 -9.3119956190434991e-05 37.777777777777793 -1.1055914139636334 1.3119094853576547 0.17418996624463759 0.90989517194187564 16.997303543913706 -0.9937875788774001 2.4548069516701925 1.2610586889759392 -0.00026381999999999995 -1.0223136386694456 0.12499391064719018 -1081879.9999999998 751.13749999995355 26.516544117647197 1.2259488086939181 -3.1873837264797573 0.83816587047223157
decision_type=2 2 2 2 2 2 2 2 2 2 2 2 2 2 2 2 2 2 2 2 2 2 2 2 2 2 2 2 2 2
left_child=1 -1 3 5 -4 6 7 -3 9 10 11 17 29 -14 19 -16 -17 26 -19 20 22 25 23 24 -15 -22 27 28 -9 -11
right_child=-2 2 4 -5 -6 -7 -8 8 -10 12 -12 -13 13 14 15 16 -18 18 -20 -21 21 -23 -24 -25 -26 -27 -28 -29 -30 -31
leaf_value=-0.0500252984676312 -0.0554934873220332 -0.055828194132431619 -0.0028339690181376663 -0.053155355916693806 0.045532610946490859 0.024870195098073568 0.034248223255270875 0.038074588322938335 -0.050457039872903009 -0.040639928737771919 0.050934650583460597 -0.050853677766070304 -0.034445517052155997 -0.023757026045943909 -0.052917868143839156 0.0082000591076133843 -0.048755513344950527 -0.05228219014150675 0.019056059288965865 0.041489675717818586 -0.024416379538284131 -0.055001192387132337 0.011136061612615213 -0.045540523789503122 0.032520553094367403 0.027704516867564477 0.051470931496110033 0.046463761752725125 -0.029813165687222028 0.0043712944449717751
leaf_weight=0.36670597194461052 0.31235947337699954 0.44534854736412199 0.90029230254003667 0.38552169952890736 0.91686641948763281 1.4137739199213673 0.54466777550987799 0.30956580780912213 0.38572512357495625 1.3518865454825602 0.68655771436169732 0.50268803234213422 0.99744025606197695 0.69207269500475366 0.82952454488258753 2.0587696273578335 0.57715590426232655 0.50941893539857119 0.55296461831312604 0.7281099793035527 0.74979125475510977 0.75968602660577644 11.324592666293006 1.3446982399327678 1.2862208535662127 0.7488192324526608 0.86968347989022721 0.64071359636727709 0.78578293422469914 0.69521047919988621
leaf_count=819 20 26 40 19 22 53 15 21 37 95 47 381 55 42 97 74 39 24 19 13 36 28 372 67 32 13 15 38 108 22
internal_value=-0.000333748 0.000167694 0.000709152 -0.000468957 0.0215699 0.000169961 -0.000979607 -0.00162278 -0.000801322 -0.000140889 0.0115707 0.00509098 -0.00249707 -0.000379578 0.00123083 -0.0159154 -0.0042708 0.0127578 -0.015151 0.00460043 0.00301167 -0.0174225 0.00616212 -0.0107888 0.0128328 0.00162717 0.0241364 0.0104431 -0.0106268 -0.0253538
internal_weight=34.6726 34.3603 33.9935 32.1764 1.81716 31.7909 30.3771 29.8324 29.3871 29.0014 4.85738 4.17082 24.144 22.0969 21.0994 3.46545 2.63593 3.66813 1.06238 17.634 16.9059 2.2583 14.6476 3.32299 1.97829 1.49861 2.60575 1.73606 1.09535 2.0471
internal_count=2689 2669 1850 1788 62 1769 1716 1701 1675 1638 653 606 985 868 813 210 113 225 43 603 590 77 513 141 74 49 182 167 129 117
is_linear=0
shrinkage=0.05


Tree=112
num_leaves=31
num_cat=0
split_feature=14 3 6 8 14 7 7 5 13 5 3 13 2 8 14 8 15 3 2 2 10 15 13 6 7 8 6 13 15 1
split_gain=0.363125 0.354995 0.306207 0.410858 0.397931 0.328702 0.277373 0.27381 0.774586 0.496734 0.49086 0.760987 0.434085 0.840525 0.634007 0.536027 0.858858 0.628913 0.472107 0.454567 0.407477 0.440232 0.763149 0.4456 0.411628 0.391249 0.365188 0.470531 0.326019 0.281163
threshold=3.7382007532882366 -7.176252769025079 1.4563618060324 2.5639616113229677 0.20385529819768652 1.4430343206643317 -1.4938249617652353 73.431372549019883 0.9017082574041746 65.367316341829152 1.2124235782394699 0.8697385915329563 0.09781615809807262 0.78609837807266447 -1.7599837131760765 -1.3290272387793134 0.45994657566868002 -2.8219010266663571 -2.8471390090790512 0.47295625841732586 0.33674842773374736 0.43948499865942486 -0.81498094231348339 -1.402850639535951 0.090130425772270803 -1.8504087936088556 -1.4462782612567404 -1.714545246605935 1.1453200442152711 3.2994701834550924
decision_type=2 2 2 2 2 2 2 2 2 2 2 2 2 2 2 2 2 2 2 2 2 2 2 2 2 2 2 2 2 2
left_child=1 -1 3 5 -4 6 -3 8 9 10 12 26 13 14 -8 16 -16 18 -17 28 21 22 -19 -24 -22 -18 -12 -28 -14 -9
right_child=-2 2 4 -5 -6 -7 7 29 -10 -11 11 -13 19 -15 15 17 25 20 -20 -21 24 -23 23 -25 -26 -27 27 -29 -30 -31
leaf_value=-0.050024062011023364 -0.055238552740280167 0.041949087958377845 -0.0026937211729000025 -0.053000061274051005 0.04441078188877183 0.023808361312446687 -0.053012385330618784 0.0030598410382521174 -0.039148215677837502 -0.036361165846553418 0.040970640967967709 0.069234245665883473 0.014336628470132638 -0.048080105678515637 -0.052761691127098033 0.041610565609850929 0.020613268915469767 0.03051826295224664 -0.037540199271451295 -0.0064605900281920125 0.015702558770989285 0.039133256181451963 0.031414733261259917 -0.051044170216450239 -0.053582813747634218 -0.019965551983260055 0.0179780645758317 -0.052311957748956806 0.055360458763250922 0.038446542451524013
leaf_weight=0.348829907074104 0.29846219555474718 0.37207967194263147 0.89981991017702856 0.36776696960441668 0.89362449268810451 1.4032624919200305 0.48911199462601018 9.6358303447486797 1.5287555175018486 0.99634063895791669 0.15136594360228639 0.20063339173793782 0.98512432072311573 0.88351445988519195 0.90710417623632666 0.23828633083030581 1.4638643224025147 1.5230708776507618 0.89980354218278946 1.0410041742725296 0.54912497394252557 2.6574598369188607 0.22379545681179469 0.61151190311644998 0.35164480732055381 0.99965289467945684 0.2879132628440858 1.375843729590996 0.95260542444884777 0.59605168690905053
leaf_count=819 20 14 40 19 22 53 36 354 251 50 8 1 33 80 70 14 33 43 73 20 37 45 5 64 17 30 3 404 12 19
internal_value=-0.00032919 0.000155174 0.000677901 -0.000459494 0.0207772 0.000157357 -0.000951832 -0.00149203 -0.00499489 -0.00205977 -2.45766e-05 -0.0231698 0.00313277 -0.0011733 0.00262377 0.00523398 -0.0111683 0.0130707 -0.0209681 0.020188 0.0196182 0.0251788 0.00945473 -0.0289518 -0.0113452 0.00414708 -0.0333836 -0.0401483 0.0345043 0.00512127
internal_weight=34.1333 33.8348 33.486 31.6925 1.79344 31.3248 29.9215 29.5494 19.3175 17.7888 16.7924 2.01576 14.7767 11.7979 10.9144 10.4253 3.37062 7.0547 1.13809 2.97873 5.91661 5.01584 2.35838 0.835307 0.90077 2.46352 1.81512 1.66376 1.93773 10.2319
internal_count=2689 2669 1850 1788 62 1769 1716 1702 1329 1078 1028 416 612 547 467 431 133 298 87 65 211 157 112 69 54 63 415 407 45 373
is_linear=0
shrinkage=0.05


Tree=113
num_leaves=31
num_cat=0
split_feature=14 3 9 7 4 0 5 14 10 3 1 4 3 3 2 4 1 10 9 12 0 1 9 16 13 13 12 9 14 15
split_gain=0.343803 0.337399 0.299003 0.246171 0.252148 0.538593 0.757351 0.539583 0.32067 0.45033 0.394417 0.308712 0.334882 0.425141 0.518085 0.566686 0.352173 0.722488 0.455797 0.344433 0.307811 0.302105 0.441178 0.57829 0.680936 0.531072 0.506755 0.403466 0.719046 1.11444
threshold=3.7382007532882366 -7.176252769025079 2.833662926797734 -1.4938249617652353 1.0000000180025095e-35 1.0000000180025095e-35 99.743589743589794 1.4668258653464454 -2.4426423745613532 -3.0116312350195051 -0.98288036874099671 26.516544117647197 -2.1916001191654257 -1.7023839570248789 -0.97964557298100574 34.941860465116093 -0.26813984134140617 0.18233184289024826 1.0000000180025095e-35 -97.953000000212327 1.0000000180025095e-35 -0.067520890726158619 -0.19885537850640048 -0.00089271999999999995 -0.24832754690494027 -1.1987216653219888 -123.72949999966657 0.47499642151871196 0.20385529819768652 -1.2454312246180439
decision_type=2 2 2 2 2 2 2 2 2 2 2 2 2 2 2 2 2 2 2 2 2 2 2 2 2 2 2 2 2 2
left_child=1 -1 3 -3 5 6 -5 -8 -6 20 -11 -12 19 -14 -15 -16 17 18 -17 -13 -10 -18 23 -23 26 -24 -25 -27 29 -29
right_child=-2 2 -4 4 8 -7 7 -9 9 10 11 12 13 14 15 16 21 -19 -20 -21 -22 22 25 24 -26 27 -28 28 -30 -31
leaf_value=-0.050022891518404056 -0.054994528981994889 0.040724419714925846 0.029299683852875871 -0.050098651030904273 -0.037260387748684169 0.049430992795676768 0.05085531685477146 -0.017674590033155038 0.003504993289260737 0.030935939608568067 -0.036677645950796672 0.042784469651105238 -0.036260953626838947 0.041936627833138326 -0.0515741900520717 0.021129400300130267 0.019882457552977614 -0.052632908912348876 -0.030093064551167344 -0.0031233752842343499 -0.051488896168010459 0.034225261926133448 -0.038161911881733457 -0.026609889685070588 -0.042465350748942324 0.02122163344778806 0.024568071542546595 0.047450450805836493 0.013360500987710563 -0.027458558085494297
leaf_weight=0.33182484746794116 0.2851339858607379 0.36430682806530512 0.88612568023381655 0.53729832827230617 0.62776332988869654 0.76962574810022477 0.67224316438660026 0.50152823328971863 0.39149742329027748 1.0011963248835005 0.59386295534204592 0.88622974650934339 0.8581880174460953 0.70002960378771462 0.55638832779365444 1.1166944184224328 2.0847127980669269 0.94544249854516227 0.71070670848712314 0.75805812934414507 0.7268433915451169 0.54301501309964795 0.69472112180667522 0.93584386399015773 1.8686075924197485 3.4659658602903631 1.0011373537126931 0.58994890144097345 5.052986340248026 3.1348092884290697
leaf_count=819 20 14 21 504 37 51 49 5 15 46 28 18 38 22 40 45 105 76 38 28 54 14 32 16 116 83 35 27 104 189
internal_value=-0.000324496 0.000143514 0.000648322 -0.000142858 -0.000612143 0.0146928 -0.000932217 0.0215739 -0.00191039 -0.00113493 0.000129976 -0.00103402 -0.000216855 -0.00169694 -0.000429373 -0.00173581 -0.000483611 -0.0171498 0.00120813 0.0216198 -0.0322372 0.00190196 -0.000266381 -0.0140443 -0.0209318 0.00436436 -0.000158333 0.00677735 0.0010739 -0.015594
internal_weight=33.5927 33.3076 32.9758 32.0897 31.7253 2.4807 1.71107 1.17377 29.2446 28.6169 27.4985 26.4973 25.9035 24.2592 23.401 22.701 22.1446 2.77284 1.8274 1.64429 1.11834 19.3717 17.287 4.3486 3.80559 12.9384 1.93698 12.2437 8.77774 3.72476
internal_count=2689 2669 1850 1829 1815 609 558 54 1206 1169 1100 1054 1026 980 942 920 880 159 83 46 69 721 616 181 167 435 51 403 320 216
is_linear=0
shrinkage=0.05


Tree=114
num_leaves=31
num_cat=0
split_feature=14 3 6 8 14 7 10 10 6 16 13 5 10 14 9 13 6 9 4 9 5 5 14 14 10 5 13 15 2 1
split_gain=0.325582 0.320703 0.281563 0.388594 0.377123 0.296319 0.259622 0.369356 0.256214 0.253594 0.403204 0.544045 0.471731 0.518873 0.378783 0.362979 0.337627 0.520377 0.413501 0.385192 1.11767 0.642824 0.620181 0.498075 0.734802 1.02424 0.694936 0.398021 0.582825 0.808429
threshold=3.7382007532882366 -7.176252769025079 1.4563618060324 2.5639616113229677 1.5051067566882763 1.4430343206643317 -3.1412669593403879 -2.4426423745613532 1.4773342270658614 -0.0010290849999999997 1.2566052669109768 90.278374430792965 1.6897137496936734 -0.16175981784640167 2.4548069516701925 1.8675777469076065 0.10317421143708838 -0.11041733516649389 14.108090185676149 0.24829331741084987 44.862772695285322 64.611005692599306 1.2259488086939181 0.20385529819768652 -1.6592328921732766 24.695121951219033 1.0000000180025095e-35 -0.48076535181076668 -0.66165617570079471 -0.13979753754627269
decision_type=2 2 2 2 2 2 2 2 2 2 2 2 2 2 2 2 2 2 2 2 2 2 2 2 2 2 2 2 2 2
left_child=1 -1 3 5 8 6 -3 -8 -4 -9 14 -12 13 15 16 -13 19 18 -18 22 -21 -22 23 24 -11 -26 -25 -27 -29 -30
right_child=-2 2 4 -5 -6 -7 7 9 -10 10 11 12 -14 -15 -16 -17 17 -19 -20 20 21 -23 -24 26 25 27 -28 28 29 -31
leaf_value=-0.050021772829216486 -0.054761061451522833 0.045637759540363143 0.02472368301883611 -0.052903403059204712 0.052013496221674393 0.022884926300882756 -0.040277523169515023 0.022866618197345361 -0.023014332792777023 0.046986785057080906 -0.045046309012061955 0.034696579302292467 0.029271008566737717 -0.038653391243671745 0.036543241873697466 -0.019637349173299457 0.027984149857819031 -0.0010852328858309555 -0.038946282651337927 -0.052470805846331972 0.037085441873804879 -0.016055640381475649 0.03633902328404847 -0.051930989188121369 -0.049432671957514107 0.044805512203556358 0.022309387012082099 0.047206397767063542 -0.052867715433878297 0.0092926249753233544
leaf_weight=0.31564844137756054 0.27235501003451545 0.29592045722529547 0.62258772330824175 0.34957433139788818 0.60638839413877565 1.3646969778928895 0.5992831829644335 1.105248984356886 0.51239112947951071 1.1013482931302991 1.1469726535724465 0.60985320247709818 0.76734817121177901 1.2263573056552557 0.73017752583837037 0.6197580061852932 0.2663177037029526 7.0479828500247077 1.7286006622598504 1.0402171723253553 1.1200660445028918 1.1568387984298167 1.8386590591398997 0.82932565949158721 0.81553668167906934 0.74740157998166967 0.50847668759524822 0.66431710217148099 0.6723499610088769 2.3557638125494123
leaf_count=819 20 13 23 19 9 53 47 85 30 28 206 14 12 32 23 31 56 452 105 120 32 45 55 49 144 25 24 15 27 76
internal_value=-0.000318945 0.000133593 0.000621469 -0.000487625 0.0201799 0.000115929 -0.000955763 -0.00143621 0.00317215 -0.000607817 -0.00156897 -0.0154725 -0.00494906 -0.0156409 0.00111685 0.00731078 -6.46817e-05 -0.00746648 -0.0300112 0.00514404 -0.00953136 0.0100858 0.0102504 0.00401638 0.00985226 0.00207011 -0.0237134 0.0115305 0.00479512 -0.0045092
internal_weight=33.0378 32.7654 32.4498 30.7084 1.74137 30.3588 28.9941 28.6982 1.13498 28.0989 26.9937 4.37029 3.22332 2.45597 22.6234 1.22961 21.8932 9.0429 1.99492 12.8503 3.31712 2.2769 9.53318 7.69452 6.35672 5.25537 1.3378 4.43983 3.69243 3.02811
internal_count=2689 2669 1850 1788 62 1769 1716 1703 53 1656 1571 295 89 77 1276 45 1253 613 161 640 197 77 443 388 315 287 73 143 118 103
is_linear=0
shrinkage=0.05


Tree=115
num_leaves=31
num_cat=0
split_feature=14 3 6 8 14 7 13 15 6 4 5 1 14 4 5 14 13 10 16 11 6 10 10 6 11 4 9 9 5 14
split_gain=0.308374 0.304833 0.258973 0.36862 0.357536 0.269465 0.2641 0.47387 0.353371 0.289692 0.435499 0.62517 0.410867 0.407148 0.470985 0.327697 0.317527 0.44121 0.571261 0.364177 0.390015 0.511916 0.861368 0.383379 0.36625 0.358993 0.739601 0.323996 0.805921 0.750724
threshold=3.7382007532882366 -7.176252769025079 1.4563618060324 2.5639616113229677 1.5051067566882763 1.4430343206643317 6.6580277419213134 -2.4869132381863133 1.4057448223237314 30.690737833595147 99.743589743589794 -9.3119956190434991e-05 -1.0630840953400502 37.777777777777793 12.132043734230477 0.83816587047223157 1.4169452639388258 1.6897137496936734 -0.00091966999999999993 7910034.5000000009 0.10317421143708838 -1.0059947738264456 0.60276623891658709 0.45974856325316066 1898850.5000000002 53.597308488612882 1.4301391264488315 0.24829331741084987 44.862772695285322 0.4487950492035972
decision_type=2 2 2 2 2 2 2 2 2 2 2 2 2 2 2 2 2 2 2 2 2 2 2 2 2 2 2 2 2 2
left_child=1 -1 3 5 -4 6 7 -3 9 10 11 12 -9 15 -15 -11 19 18 -18 20 27 24 25 -24 -22 -23 -27 -16 -29 -30
right_child=-2 2 4 -5 -6 -7 -8 8 -10 13 -12 -13 -14 14 16 -17 17 -19 -20 -21 21 22 23 -25 -26 26 -28 28 29 -31
leaf_value=-0.050020711591696132 -0.054537796743078792 -0.055285190892014204 0.0030354523314625285 -0.052760628053645744 0.051193929805177063 0.021883821748286694 0.034252308219177414 -0.034463208126678697 -0.050170416974326483 -0.03986010709150984 0.050834814569504706 -0.05078322188114831 0.019274324708717185 -0.051001915249182288 0.013442363566857379 0.0040607713402914447 0.030747402867902521 0.023147543079675981 -0.035307493422318141 0.023336597793215532 -0.053627236749173093 0.030884797788386095 0.017222596743050732 -0.039305384558358164 0.0021186276305396098 -0.047152049566791136 0.025407181652285865 -0.052242274110273962 -0.014902153961539835 0.046854051289413133
leaf_weight=0.30026029617874783 0.26010591560043295 0.40490078297444654 1.1265397608221963 0.33340251562185486 0.5858164298115297 1.3559998047421675 0.52365481085143883 0.4052053362829614 0.35772659996291523 1.2304817095864589 0.61005734838545311 0.43901466944954792 2.9115519081242383 0.45012403803412127 6.4158441732870468 0.6485179723240434 0.39286594884470161 0.61917248973622907 1.961648052209056 2.0010681645944706 0.9323274844791738 1.6337909516878419 0.37418804632034142 1.5117390492814591 0.43077832064591348 0.5793163094203917 0.89188181422650814 0.72695333906449411 1.27530052093789 0.8013136819936334
leaf_count=819 20 26 53 19 9 53 15 43 37 95 47 381 182 82 193 22 10 13 138 47 47 47 14 87 22 26 23 43 64 12
internal_value=-0.000314175 0.000123406 0.000594929 -0.000476954 0.019511 0.000106323 -0.000928758 -0.00158658 -0.000798827 -0.000150534 0.0116521 0.00528758 0.0127093 -0.00240291 -0.000407578 -0.0247013 0.00070073 -0.0144094 -0.0242858 0.00325743 0.000677407 -0.00885375 -0.0014369 -0.0280896 -0.03601 0.0147516 -0.0031646 0.00724628 -0.00693318 0.00892803
internal_weight=32.4915 32.2314 31.9312 30.2188 1.71236 29.8854 28.5294 28.0058 27.6009 27.2431 4.36583 3.75577 3.31676 22.8773 20.9983 1.879 20.5482 2.97369 2.35451 17.5745 15.5734 6.35402 4.99092 1.88593 1.36311 3.10499 1.4712 9.21941 2.80357 2.07661
internal_count=2689 2669 1850 1788 62 1769 1716 1701 1675 1638 653 606 225 985 868 117 786 161 148 625 578 266 197 101 69 96 49 312 119 76
is_linear=0
shrinkage=0.05


Tree=116
num_leaves=31
num_cat=0
split_feature=13 14 3 13 16 13 13 8 8 5 11 1 15 4 0 9 16 6 5 6 11 13 13 3 4 8 8 1 10 11
split_gain=0.292288 0.287307 0.284278 0.260245 0.537991 0.471474 0.511302 0.347513 0.361601 0.297943 0.660771 0.596824 0.536953 0.51263 0.716832 0.459101 1.1598 0.65152 0.44258 0.363501 0.51655 0.691468 0.348532 0.343412 0.284964 0.647942 0.376068 0.623869 0.483301 0.411058
threshold=7.6942626296073247 3.7382007532882366 -7.176252769025079 3.1119247515761739 -0.00078160999999999997 2.9567835172952974 2.1597880113017078 2.2771669098401897 2.0057345730229259 70.748663101604436 2856902.5000000005 0.56686417630325725 0.61595378458518946 72.783119658119688 -1.0000000180025095e-35 0.93047526741863951 -0.00027315499999999997 0.84691674218228796 55.137227304715047 0.7313613077966904 470897.50000000006 -0.14838008398115146 0.93130527228782733 -2.6478550493283017 58.599047756456521 1.0291799377939868 0.30356510080027327 -0.28337698768535952 0.273146773324559 -1081879.9999999998
decision_type=2 2 2 2 2 2 2 2 2 2 2 2 2 2 2 2 2 2 2 2 2 2 2 2 2 2 2 2 2 2
left_child=1 2 -1 5 -5 6 7 8 9 11 12 15 19 -12 -15 22 17 -17 23 20 21 -11 24 -19 25 26 28 -28 29 -4
right_child=-2 -3 3 4 -6 -7 -8 -9 -10 10 13 -13 -14 14 -16 16 -18 18 -20 -21 -22 -23 -24 -25 -26 -27 27 -29 -30 -31
leaf_value=-0.050019703603667864 0.050733744801794947 -0.054324372528888755 -0.0064325807329524368 0.031160384223554372 -0.036191650936477519 0.052365643949318634 -0.045465612521436022 -0.036016616365175058 0.039808035837253043 -0.044330095882350207 0.037276051970787073 -0.051965479280213805 -0.051423450313226475 0.04309574478397793 -0.03128339026791245 -0.031080912817291723 -0.055737866286031702 0.053032718452121076 0.0471363781638394 -0.025009970749103327 0.037995184925620921 0.015587998512258949 -0.035785952514218115 -0.037439310094451277 0.027404645469148593 -0.042090892218392101 -0.029224169297472125 0.039695343116241864 -0.025835008387972098 0.015509057120409743
leaf_weight=0.28529469241039862 0.27800757286604394 0.24836789781693269 3.8185209748917464 0.39372438064310689 1.2005995158688154 0.44313512340886418 0.59519853151868929 0.60871244018198822 0.62394284174661052 0.71322931267786804 2.5696197913493966 0.58477678149938483 0.52122255938593287 0.54803489649202675 0.79216909664683022 0.80227405973710197 1.2402139547630202 0.1472697872668508 0.87482851534150541 0.94420327362604428 1.1082633687183259 1.4819830389460533 0.55108982481760982 0.36447313145617899 1.263270809082315 0.76551351576927196 0.41540643357438956 1.5669924634858041 1.3995645607355971 4.8402188117906908
leaf_count=818 9 20 219 31 66 9 99 47 25 26 64 203 42 31 26 86 106 3 17 47 36 55 102 69 32 73 36 61 72 159
internal_value=-0.00031106 -0.000758549 -0.000335713 0.000118915 -0.0195588 0.00117937 0.000401002 0.00135735 0.00217168 0.00131191 0.00896402 -0.00225195 -0.00352812 0.024201 -0.000868348 -0.000641318 -0.0171072 0.00478121 0.0255311 0.002349 0.0101688 -0.00387952 0.00322053 -0.0114032 0.00474838 0.00251345 0.00534927 0.0252534 0.00142634 0.00583275
internal_weight=31.9901 31.7121 31.4637 31.1785 1.59432 29.5841 29.141 28.5458 27.9371 27.3131 8.67873 18.6344 4.7689 3.90982 1.3402 18.0496 3.42906 2.18885 1.38657 4.24768 3.30348 2.19521 14.6206 0.511743 14.0695 12.8062 12.0407 1.9824 10.0583 8.65874
internal_count=2689 2680 2660 1842 97 1745 1736 1637 1590 1565 327 1238 206 121 57 1035 281 175 89 164 117 81 754 72 652 620 547 97 450 378
is_linear=0
shrinkage=0.05


Tree=117
num_leaves=31
num_cat=0
split_feature=14 3 9 4 0 5 14 3 6 13 15 5 15 15 15 5 11 13 4 11 1 11 11 8 13 13 0 13 10 11
split_gain=0.276779 0.27546 0.243049 0.232319 0.473152 0.703177 0.618684 0.277985 0.249432 0.220405 0.232665 0.624413 0.566492 0.600489 0.372691 0.657137 0.378015 0.651426 0.898577 0.910244 0.644456 0.758726 0.944626 0.689786 0.58273 0.626419 0.519375 0.412507 0.367004 0.323783
threshold=3.7382007532882366 -7.176252769025079 2.833662926797734 1.0000000180025095e-35 1.0000000180025095e-35 99.743589743589794 1.5600302742762773 -3.2697196433189348 -1.4683626029742769 -1.5806959713258524 1.8978170093819877 48.610038610038586 1.732470768183114 1.6425899716174259 1.2344020341206374 58.82352941176476 -4044260.9999999995 -0.52634554735793848 56.953234880450047 5622656.0000000009 0.10222936877597422 -797467.49999999988 -2209591.9999999995 -0.33479669126178346 -0.88026959401154625 -1.055827164442644 -1.0000000180025095e-35 3.1119247515761739 -1.1538916469256137 -6293507.4999999991
decision_type=2 2 2 2 2 2 2 2 2 2 2 2 2 2 2 2 2 2 2 2 2 2 2 2 2 2 2 2 2 2
left_child=1 -1 3 4 5 -3 -7 -5 -9 -10 12 -12 13 14 16 -16 26 18 19 24 21 22 -19 28 25 -18 -11 -25 -22 -28
right_child=-2 2 -4 7 -6 6 -8 8 9 10 11 -13 -14 -15 15 -17 17 20 -20 -21 23 -23 -24 27 -26 -27 29 -29 -30 -31
leaf_value=-0.05001873881411309 -0.054120440047817478 -0.050092010057559117 0.026999948016671139 -0.035880676366401486 0.048949641265572573 0.0512509136788772 -0.027853641514623613 -0.041022508406418814 0.019186071510797164 -0.027994445839016821 -0.045748947185830176 0.012994109476691008 0.036122037421027806 -0.052784756618436207 0.030513832574655189 -0.016748751911380512 -0.051468295971001291 -0.05294749618722068 -0.054291244891902568 0.044653216079335735 0.0012238411722808307 -0.039503369189739741 0.026554686598629113 0.0044807577521816036 -0.05158005788036172 0.022252866817575129 0.0012743761704679597 -0.035097895470640357 0.04630489047710528 0.04725406455025867
leaf_weight=0.27173018376925639 0.2371226231334721 0.48647341650212816 0.84443740238202636 0.57418899808545987 0.71204350143671025 0.67860795045271516 0.38878790289163589 0.37869541841793264 1.3959716690005901 0.49774738942505803 0.97353357868268975 0.84504532883875072 1.0436538709327567 0.55790843849535932 2.2560704618808809 1.0911805502837522 0.41542802460025996 0.50941358105046664 1.4483857122831976 0.67767143342643965 0.6476817975053567 1.8586519015370058 1.4017316267127173 5.5037757905665456 0.93878580222375285 0.94051889004185818 0.60655901522841316 0.74778585741296399 1.490204449277402 1.0382650023675832
leaf_count=819 20 508 21 50 53 50 4 29 39 41 51 23 26 17 51 34 43 39 71 13 23 168 59 215 64 20 39 22 49 28
internal_value=-0.00030499 0.000103737 0.000543806 -0.000198287 0.0151974 -0.000269207 0.0224379 -0.0014514 -0.000726327 -0.000158745 -0.00121817 -0.0184526 0.000105878 -0.00155528 -0.000260244 0.0151066 -0.00300754 -0.00556151 -0.0219982 -0.00626246 0.000414429 -0.0167576 0.00536347 0.00813066 -0.0212987 -0.000333443 0.0167561 -0.000253476 0.0326474 0.0302982
internal_weight=31.4581 31.2209 30.9492 30.1048 2.26591 1.55387 1.0674 27.8389 27.2647 26.886 25.49 1.81858 23.6714 22.6278 22.0699 3.34725 18.7226 16.58 4.42079 2.9724 12.1592 3.7698 1.91115 8.38945 2.29473 1.35595 2.14257 6.25156 2.13789 1.64482
internal_count=2689 2669 1850 1829 615 562 54 1214 1164 1135 1096 74 1022 996 979 85 894 786 211 140 575 266 98 309 127 63 108 237 72 67
is_linear=0
shrinkage=0.05


Tree=118
num_leaves=31
num_cat=0
split_feature=13 10 7 11 11 3 13 10 16 15 5 3 1 10 14 3 12 13 15 15 11 11 9 10 8 10 4 15 15 12
split_gain=0.2701 0.258744 0.305116 0.280784 0.442642 0.235343 0.229638 0.480662 0.569087 0.406617 0.272822 0.720694 0.507877 0.745546 0.35735 0.806934 0.739928 0.609595 0.368417 0.777515 0.361287 0.537906 0.508953 0.39713 0.730715 0.408157 0.534915 0.387077 0.365869 0.359935
threshold=7.6942626296073247 3.2768676317419692 1.4430343206643317 3376637.0000000005 641745.00000000012 -7.176252769025079 2.0957181310688342 1.7260990325892978 -0.00078558999999999996 -3.5581181165325524 99.743589743589794 4.2753736848073611 1.4737350601049837 0.65666822526843516 0.96183117241880223 1.2124235782394699 -203.30700000002977 0.43976151747350162 0.092560846337422509 -0.92987642193280551 -2723799.9999999995 -4348993.4999999991 -1.4594572281215961 -0.99108743168350377 -1.8504087936088556 -0.92087019737240905 43.472306755934248 0.7998633750279337 0.69716227708322809 -304.15550000010984
decision_type=2 2 2 2 2 2 2 2 2 2 2 2 2 2 2 2 2 2 2 2 2 2 2 2 2 2 2 2 2 2
left_child=1 2 5 4 -4 -1 10 8 -8 -10 11 14 13 -12 15 17 -16 18 19 29 21 27 -22 24 -24 -25 -27 -20 -28 -7
right_child=-2 -3 3 -5 -6 6 7 -9 9 -11 12 -13 -14 -15 16 -17 -18 -19 20 -21 22 -23 23 25 -26 26 28 -29 -30 -31
leaf_value=-0.050017588617559422 0.050310070471580162 -0.048459439157391149 0.023585723459479516 0.044309842093745402 -0.051650859204958544 0.042054062280364499 0.020430968741442984 0.029794912477583053 0.053587662878905297 -0.049576966456456255 0.025132347068171763 -0.052352103520427365 0.053574882672078543 -0.031280813316960213 -0.023535145125255702 -0.051093333565147871 0.017092416747756679 -0.050574227831164213 0.04378412163581711 -0.047263607337970054 0.040505365116024275 -0.053489293761566394 0.02046721814838225 0.055978816056907348 -0.038673659098110408 -0.025410416496589618 0.024216103909055077 -0.026223219173599134 -0.0023221387994436151 -0.020492957603288276
leaf_weight=0.24789758448606392 0.26137633842881669 0.2813844469783352 0.71636938711162546 0.70935758083942346 0.26886731138802134 0.52517597994301468 0.47997354017570626 0.46497341897338618 0.10273798444541182 1.3582410053932097 1.5529127595946191 0.67920155977480945 0.64692494506016363 0.94029794121161092 1.3928127846447749 0.87294257857138369 5.736235535121522 0.60715224023442793 0.38833858363796026 1.107962477603009 1.0438487817300632 0.63973038666883286 0.87129356735385988 0.44254803378136376 1.3039114261046183 1.0996170993893706 3.0467330552637577 0.40167289657983929 2.2636791607365012 0.40925316023640368
leaf_count=789 9 20 39 20 37 15 45 13 4 147 62 397 23 39 57 106 187 136 16 164 20 27 21 7 56 62 50 30 44 47
internal_value=-0.000301834 -0.000734117 -0.000291213 0.0203237 0.00305395 -0.00151156 -0.00108784 -0.0158657 -0.0268042 -0.0423223 0.000281104 -0.00161935 0.0140994 0.0038565 -6.38947e-05 -0.00443838 0.00915495 -0.00156032 0.000636918 -0.0189324 0.004112 -0.0194083 0.00745087 0.0036289 -0.0149844 0.00953729 0.00633097 0.00818964 0.0129036 0.0146603
internal_weight=30.8634 30.602 30.3207 1.69459 0.985237 28.6261 28.3782 2.40593 1.94095 1.46098 25.9722 22.8321 3.14014 2.49321 22.1529 15.0239 7.12905 14.1509 13.5438 2.04239 11.5014 1.42974 10.0716 9.02778 2.1752 6.85258 6.41003 0.790011 5.31041 0.934429
internal_count=2689 2680 2660 96 76 2564 1775 209 196 151 1566 1442 124 101 1045 801 244 695 559 226 333 73 260 240 77 163 156 46 94 62
is_linear=0
shrinkage=0.05


Tree=119
num_leaves=31
num_cat=0
split_feature=14 10 9 3 4 0 5 14 2 5 10 4 5 13 5 9 5 1 14 12 11 6 14 11 12 6 6 14 15 5
split_gain=0.266292 0.25185 0.2961 0.242306 0.22223 0.434105 0.655794 0.567535 0.269322 0.234247 0.918613 0.710033 0.594344 0.409644 0.648216 0.404106 0.327601 0.638437 0.385309 0.315425 0.625604 0.397534 0.362933 0.585348 0.590169 0.455633 0.521735 0.492959 0.404341 0.32482
threshold=3.7382007532882366 3.2768676317419692 2.833662926797734 -7.176252769025079 1.0000000180025095e-35 1.0000000180025095e-35 99.743589743589794 1.5600302742762773 -1.938705733066606 20.227272727272982 -0.5615151119412457 50.167785234899362 29.62962962962952 -0.75246549287422881 16.997303543913706 -1.9007297261861085 34.210526315789629 -0.25270696108422086 -0.70154928994794974 -229.7700000000186 2387478.0000000005 -0.69672929288604546 1.5051067566882763 -797467.49999999988 -46.348499999847256 1.1119358639543766 1.2147021548292549 -0.64373172158168834 -1.5366266708635894 54.142857142857302
decision_type=2 2 2 2 2 2 2 2 2 2 2 2 2 2 2 2 2 2 2 2 2 2 2 2 2 2 2 2 2 2
left_child=1 2 3 -1 5 6 -5 -8 -6 10 13 -12 -11 -10 -15 -14 18 -18 -17 20 21 -19 23 29 -25 28 -27 -28 -26 -21
right_child=-2 -3 -4 4 8 -7 7 -9 9 12 11 -13 15 14 -16 16 17 19 -20 22 -22 -23 -24 24 25 26 27 -29 -30 -31
leaf_value=-0.050017054886073199 -0.053994754065997234 -0.047899137196699554 0.031543088479632359 -0.050086565790670834 -0.032653208861634725 0.048715661368666521 0.051152547133737007 -0.026680833030406189 0.045808714454552611 -0.033402747115843658 -0.050820983414451404 0.05665019240402186 -0.051858486486217326 -0.03668134730285675 0.043983237350027682 0.049282327069188649 -0.032941596910158903 -0.0017458246768176705 -0.0032654746263547554 0.040035399943977562 0.018773317789956306 -0.047667688968116656 0.020654388588812179 0.01435515862650737 0.0503219446127443 0.044873961508000701 0.028353128043705007 -0.030435468884044345 -0.027026320579021074 0.0072031175925723239
leaf_weight=0.24258848922910203 0.22915228584315528 0.27071392725338128 0.75101904681650822 0.4474395272554893 0.65866875724170171 0.67860063671832893 0.63933199271559715 0.36960578709840775 1.4134258143603804 1.4219886225764664 0.76841115398564142 0.19210897712036967 0.3693143553100765 0.49449305387679521 0.50177650153636932 0.73312169639393687 1.4293054628069786 0.77974657248705614 0.66554590687153836 1.1775952307507673 1.0176428119302725 1.1912837863201589 2.8878017672104752 2.5955009929603241 0.17650275584313124 0.58617564314045045 0.54183180013205867 1.0429916811990547 3.9543151131364054 2.0908934222534299
leaf_count=806 20 20 25 504 59 53 50 4 22 119 119 4 26 55 13 12 71 25 33 27 46 53 68 98 9 14 17 53 188 76
internal_value=-0.000299047 0.00010988 0.000545733 -0.000255134 0.000163652 0.0156863 0.000296187 0.0226397 -0.00107801 -0.000279077 0.01202 -0.0293262 -0.00210819 0.0285008 0.0039458 -1.30155e-05 0.000904428 -0.000774512 0.0242778 0.00177376 -0.0130635 -0.0295008 0.00471948 0.000937 -0.00571038 -0.0139747 0.00457057 -0.0103364 -0.0237214 0.0190322
internal_weight=30.3189 30.0897 29.819 29.068 28.8254 2.13498 1.45638 1.00894 26.6904 26.0318 3.37022 0.96052 22.6616 2.4097 0.99627 21.2396 20.8703 19.4716 1.39867 18.0423 2.98867 1.97103 15.0536 12.1658 8.89732 6.30182 2.171 1.58482 4.13082 3.26849
internal_count=2689 2669 2649 2624 1818 611 558 54 1207 1148 213 123 935 90 68 816 790 745 45 674 124 78 550 482 379 281 84 70 197 103
is_linear=0
shrinkage=0.05


end of trees

feature_importances:
pull_ema50=450
vol_regime=349
z_ls=342
z_oi=315
stoch_k=277
rsi=252
z_cvd_20=208
z_btc_20=194
pull_ema8=176
z_btc_10=161
pull_ema21=144
cvd_delta=141
funding=132
btc_cvd_mom=126
z_cvd_4=124
z_btc_4=115
macro=94

parameters:
[boosting: gbdt]
[objective: binary]
[metric: binary_logloss]
[tree_learner: serial]
[device_type: cpu]
[data_sample_strategy: bagging]
[data: ]
[valid: ]
[num_iterations: 120]
[learning_rate: 0.05]
[num_leaves: 31]
[num_threads: 1]
[seed: 0]
[deterministic: 0]
[force_col_wise: 0]
[force_row_wise: 0]
[histogram_pool_size: -1]
[max_depth: -1]
[min_data_in_leaf: 20]
[min_sum_hessian_in_leaf: 0.001]
[bagging_fraction: 1]
[pos_bagging_fraction: 1]
[neg_bagging_fraction: 1]
[bagging_freq: 0]
[bagging_seed: 3]
[bagging_by_query: 0]
[feature_fraction: 1]
[feature_fraction_bynode: 1]
[feature_fraction_seed: 2]
[extra_trees: 0]
[extra_seed: 6]
[early_stopping_round: 0]
[early_stopping_min_delta: 0]
[first_metric_only: 0]
[max_delta_step: 0]
[lambda_l1: 0]
[lambda_l2: 0]
[linear_lambda: 0]
[min_gain_to_split: 0]
[drop_rate: 0.1]
[max_drop: 50]
[skip_drop: 0.5]
[xgboost_dart_mode: 0]
[uniform_drop: 0]
[drop_seed: 4]
[top_rate: 0.2]
[other_rate: 0.1]
[min_data_per_group: 100]
[max_cat_threshold: 32]
[cat_l2: 10]
[cat_smooth: 10]
[max_cat_to_onehot: 4]
[top_k: 20]
[monotone_constraints: ]
[monotone_constraints_method: basic]
[monotone_penalty: 0]
[feature_contri: ]
[forcedsplits_filename: ]
[refit_decay_rate: 0.9]
[cegb_tradeoff: 1]
[cegb_penalty_split: 0]
[cegb_penalty_feature_lazy: ]
[cegb_penalty_feature_coupled: ]
[path_smooth: 0]
[interaction_constraints: ]
[verbosity: -1]
[saved_feature_importance_type: 0]
[use_quantized_grad: 0]
[num_grad_quant_bins: 4]
[quant_train_renew_leaf: 0]
[stochastic_rounding: 1]
[linear_tree: 0]
[max_bin: 255]
[max_bin_by_feature: ]
[min_data_in_bin: 3]
[bin_construct_sample_cnt: 200000]
[data_random_seed: 1]
[is_enable_sparse: 1]
[enable_bundle: 1]
[use_missing: 1]
[zero_as_missing: 0]
[feature_pre_filter: 1]
[pre_partition: 0]
[two_round: 0]
[header: 0]
[label_column: ]
[weight_column: ]
[group_column: ]
[ignore_column: ]
[categorical_feature: ]
[forcedbins_filename: ]
[precise_float_parser: 0]
[parser_config_file: ]
[objective_seed: 5]
[num_class: 1]
[is_unbalance: 0]
[scale_pos_weight: 1]
[sigmoid: 1]
[boost_from_average: 1]
[reg_sqrt: 0]
[alpha: 0.9]
[fair_c: 1]
[poisson_max_delta_step: 0.7]
[tweedie_variance_power: 1.5]
[lambdarank_truncation_level: 30]
[lambdarank_norm: 1]
[label_gain: ]
[lambdarank_position_bias_regularization: 0]
[eval_at: ]
[multi_error_top_k: 1]
[auc_mu_weights: ]
[num_machines: 1]
[local_listen_port: 12400]
[time_out: 120]
[machine_list_filename: ]
[machines: ]
[gpu_platform_id: -1]
[gpu_device_id: -1]
[gpu_use_dp: 0]
[num_gpu: 1]

end of parameters

pandas_categorical:[]
