tree
version=v4
num_class=1
num_tree_per_iteration=1
label_index=0
max_feature_idx=16
objective=binary sigmoid:1
feature_names=macro pull_ema8 pull_ema21 pull_ema50 rsi stoch_k z_cvd_4 z_btc_4 z_btc_10 z_cvd_20 z_btc_20 cvd_delta btc_cvd_mom vol_regime z_oi z_ls funding
feature_infos=[-1:1] [-2305861.729539338:2543561.3101976174] [-26489590.38681148:32724423.003748782] [-72160276.907646805:92127864.824024513] [0:99.999993000000487] [0:100] [-1.4999969013689383:1.4999982560760408] [-1.4999501420626358:1.4999982495723614] [-2.8365857238965089:2.8409553016615878] [-4.1730536329769272:4.0851682036991344] [-4.191307659440513:4.1665923684990105] [-100000000:100000000] [-10156.74199999962:5735.8919999999925] [-2.2317834036529054:9.8999999997451802] [-6.2293487826741751:6.732226949063679] [-9.8999999999510386:6.0470470751880194] [-0.0039036299999999999:0.0031440000000000001]
tree_sizes=3346 3395 3393 3392 3408 3394 3408 3406 3406 3422 3420 3442 3433 3417 3410 3411 3424 3419 3439 3434 3423 3423 3432 3431 3420 3417 3428 3426 3440 3439 3449 3440 3427 3439 3437 3435 3432 3442 3444 3438 3436 3461 3454 3456 3444 3454 3464 3445 3457 3452 3409 3458 3437 3457 3459 3433 3485 3464 3443 3466 3440 3409 3423 3449 3462 3450 3449 3452 3435 3450 3464 3443 3433 3433 3448 3427 3461 3448 3460 3458 3421 3451 3428 3436 3452 3439 3436 3462 3455 3421 3462 3435 3453 3421 3438 3439 3437 3453 3460 3430 3448 3451 3470 3441 3429 3454 3450 3447 3455 3434 3460 3458 3447 3441 3420 3449 3455 3454 3439 3444

Tree=0
num_leaves=31
num_cat=0
split_feature=13 5 3 4 5 11 13 4 1 2 5 14 5 14 13 0 1 8 5 3 14 14 14 14 15 14 10 3 14 3
split_gain=3548 2997.38 894.98 533.217 603.791 340.211 266.367 171.283 164.154 2293.87 274.794 165.134 136.526 110.319 133.841 103.148 101.998 145.616 75.8001 168.318 65.7486 88.9848 66.3343 64.5027 63.0207 61.671 73.3719 60.1429 98.9566 59.9256
threshold=1.0000000180025095e-35 6.2500000000000915 -1.5343486057777509 1.0000000180025095e-35 1.0000000180025095e-35 19122115.000000004 0.83994569261086849 21.542161856253689 -9.6450625264310458e-06 -15.529339342235103 49.999999999999972 -1.9873625622898226 97.828239954725774 1.3505754900915248 0.22336793374171338 -1.0000000180025095e-35 -0.0057958189215806498 0.23101179165065625 49.999999999999972 -0.23920691657109863 -0.15621189667071705 1.423826729319565 -1.1330560049388101 3.4434908657682115 0.83246896510707968 -1.7179928909124709 0.85116356270524285 -0.27996710751506582 -1.0000000180025095e-35 -0.50961191999444844
decision_type=2 2 2 2 2 2 2 2 2 2 2 2 2 2 2 2 2 2 2 2 2 2 2 2 2 2 2 2 2 2
left_child=3 2 7 8 -5 6 16 -2 9 -1 11 -11 -3 14 -9 20 17 24 -10 -20 22 -22 -8 -14 -4 26 -21 -17 -29 -13
right_child=1 12 5 4 -6 -7 15 13 18 10 -12 29 23 -15 -16 27 -18 -19 19 25 21 -23 -24 -25 -26 -27 -28 28 -30 -31
leaf_value=-2.4994851638562672 -1.9825038058733102 -2.3715553348592371 -2.3415049202242812 -2.0092016491363105 -2.4084451996193188 -2.0136616681136204 -2.3130347531658075 -2.3581560584600534 -2.49861065701637 -2.3859936095229441 -2.3697805303324695 -1.9847518150689112 -2.4708455336187636 -2.3655279193972629 -2.0341697910896417 -2.4405373117547802 -1.8671750754277516 -1.9736888488436555 -2.0393842679103624 -2.4742648184488623 -2.4116207346949849 -2.0909155682563032 -2.1488166486706697 -2.1726294873762964 -2.0644342055785279 -2.4916581601091417 -2.0257812848997876 -2.4846819176388775 -2.1249630345563002 -2.3049282135705704
leaf_weight=352.59598481655121 51.839393019676208 49.63658595085144 9.1783627867698723 11.014035344123839 67.552750110626221 12.556000292301176 12.335719585418699 3.8916258215904298 1029.1514625549316 3.0839298963546744 7.7098247408866873 27.975649774074554 148.39576953649521 4.4790410399436942 17.622456550598145 24.598012268543243 3.0839298963546744 5.800725281238555 2.7167953848838833 1.9825263619422977 13.657403826713564 2.5699415802955619 12.262292683124544 1.8356725573539723 2.6433684825897208 19.164421498775479 1.6888187527656553 3.377637505531311 4.4056141376495352 1.5419649481773401
leaf_count=4802 706 676 125 150 920 171 168 53 14016 42 105 381 2021 61 240 335 42 79 37 27 186 35 167 25 36 261 23 46 60 21
internal_value=-2.44515 -2.30933 -2.16389 -2.47934 -2.35248 -2.2581 -2.29078 -2.03503 -2.48622 -2.45864 -2.10133 -2.03785 -2.44345 -2.13977 -2.09277 -2.33557 -2.13245 -2.17887 -2.4965 -2.41143 -2.28271 -2.36083 -2.23117 -2.4672 -2.27955 -2.45569 -2.26796 -2.40221 -2.28107 -2.00148
internal_weight=1910.35 384.17 184.302 1526.18 78.5668 106.469 93.913 77.8325 1447.61 392.907 40.3114 32.6015 199.868 25.9931 21.5141 73.2066 20.7064 17.6225 1054.7 25.5526 40.8254 16.2273 24.598 150.231 11.8217 22.8358 3.67135 32.3813 7.78325 29.5176
internal_count=26017 5232 2510 20785 1070 1450 1279 1060 19715 5351 549 444 2722 354 293 997 282 240 14364 348 556 221 335 2046 161 311 50 441 106 402
is_linear=0
shrinkage=1


Tree=1
num_leaves=31
num_cat=0
split_feature=13 5 4 2 5 13 1 2 5 0 5 5 3 8 14 13 15 11 3 15 3 0 11 14 14 15 14 14 10 2
split_gain=2886.77 1849.57 470.867 393.747 331.677 227.694 160.115 1632.03 119.695 119.647 111.597 71.8004 105.43 71.1972 69.221 68.9989 68.9457 67.5704 67.6305 53.5154 53.3758 50.6469 49.9845 49.3355 48.1107 47.1947 46.8454 46.3304 54.4727 60.508
threshold=1.0000000180025095e-35 10.289110381972895 1.0000000180025095e-35 -1.5873427572365981 1.0000000180025095e-35 0.83994569261086849 -9.6450625264310458e-06 -15.529339342235103 49.999999999999972 -1.0000000180025095e-35 97.828239954725774 49.999999999999972 -0.23920691657109863 0.21394952683049975 -2.2536069971153663 0.54618087323830344 0.3369459401229849 10701008.000000002 -2.2319430819967359 0.69156286077755469 -0.41817521118198214 1.0000000180025095e-35 21400383.500000004 -1.7179928909124709 3.4434908657682115 -0.7024552597829854 1.2286812164734098 -0.035225267463534694 -0.30469146135507891 -0.27225732593533286
decision_type=2 2 2 2 2 2 2 2 2 2 2 2 2 2 2 2 2 2 2 2 2 2 2 2 2 2 2 2 2 2
left_child=2 3 6 15 -4 13 7 -1 14 17 -3 -8 -13 16 -9 21 -5 18 -7 -10 -16 -2 -11 -14 -12 26 27 28 29 -20
right_child=1 10 4 5 -6 9 11 8 19 22 24 12 23 -15 20 -17 -18 -19 25 -21 -22 -23 -24 -25 -26 -27 -28 -29 -30 -31
leaf_value=-0.054106361741167154 0.25708104272996229 0.06424496245835136 0.28858767327551299 0.13925624875987505 0.033785622630306711 0.32776634793936787 -0.053195074216568577 -0.05459987538175444 -0.0061109636925529487 0.040326805507166108 -0.024959420859589077 0.27511563285664553 0.14204948469688602 0.32182012153106515 0.29849311563998571 0.32661266089533286 0.30719330603785933 0.26966471563710853 0.20095709373034035 0.28963195332924546 0.040275536523574906 0.051656854876856229 0.21006681025672866 -0.045998364924903029 0.20579143958094492 0.074996555472308796 0.35786646966310987 0.020156277547119714 0.068560486267677287 0.5144660322419613
leaf_weight=336.78510892391205 15.784793920814993 51.298554114997387 15.638916939496992 17.192247919738296 69.662041068077087 4.4222830384969702 983.73225402832031 1.5429890155792225 6.1774025037884694 39.38302168995142 145.21849054098129 3.7693623080849674 4.3022208958864274 21.131685711443424 41.796368971467018 58.696453884243965 9.4824549704790098 12.577889025211332 7.5944862589240101 2.0330691784620285 2.1019490361213675 3.7046778202056876 4.8739267215132704 18.426913864910599 2.2945838049054137 24.582175970077518 3.0214319676160803 5.3294632583856556 5.6528166830539712 1.9302147701382626
leaf_count=4802 157 657 150 195 920 43 14016 20 79 497 2021 37 50 203 398 565 93 128 82 26 26 38 47 261 25 293 33 67 66 22
internal_value=-0.000413252 0.113005 -0.033552 0.207853 0.0805006 0.162241 -0.0404978 -0.0133051 0.242815 0.122453 0.000720833 -0.0510073 0.0302104 0.253265 0.274559 0.299547 0.198955 0.165569 0.140645 0.0671206 0.286129 0.218033 0.0590199 -0.0104043 -0.0213701 0.123445 0.174064 0.146983 0.191517 0.264491
internal_weight=1920.14 434.172 1485.97 235.36 85.301 157.174 1400.67 390.437 53.6518 109.368 198.812 1010.23 26.4985 47.8064 45.4413 78.1859 26.6747 65.1108 52.5329 8.21047 43.8983 19.4895 44.2569 22.7291 147.513 48.1106 23.5284 20.507 15.1775 9.5247
internal_count=26017 5232 20785 2529 1070 1769 19715 5351 549 1278 2703 14364 348 491 444 760 288 734 606 105 424 195 544 311 2046 563 270 237 170 104
is_linear=0
shrinkage=0.05


Tree=2
num_leaves=31
num_cat=0
split_feature=13 5 4 5 2 1 2 13 5 0 5 5 3 9 14 4 14 10 15 14 13 2 14 14 14 3 9 15 14 9
split_gain=2434.51 1287.96 422.765 218.46 212.707 156.259 1288.47 135.124 97.0806 80.4364 69.8826 68.6466 75.636 44.7791 54.0378 74.2493 52.9973 44.7164 44.0435 79.3371 49.8014 45.9427 42.9614 41.5932 41.1373 40.8889 41.6257 39.7883 39.0624 51.1701
threshold=1.0000000180025095e-35 10.289110381972895 1.0000000180025095e-35 1.0000000180025095e-35 -1.5873427572365981 -9.6450625264310458e-06 -15.529339342235103 0.83994569261086849 97.828239954725774 -1.0000000180025095e-35 49.999999999999972 49.999999999999972 -0.23920691657109863 1.1193333602709978 -0.10033646828836362 33.333333333333144 1.1962569982417179 -2.187023816722125 0.039531586695142749 -0.53346883874355022 6.1755539520199152 -0.35103902215282595 -2.2536069971153663 -1.7179928909124709 3.0520236080550931 -1.2431888507951785 -0.4248332749770834 1.0082114930271369 -3.145337840603931 -0.45592183847619577
decision_type=2 2 2 2 2 2 2 2 2 2 2 2 2 2 2 2 2 2 2 2 2 2 2 2 2 2 2 2 2 2
left_child=2 4 5 -4 -2 6 -1 17 -3 13 22 -7 -13 14 -9 16 -16 -6 20 25 -11 -21 -8 -14 28 26 -20 -12 29 -10
right_child=1 8 3 -5 7 11 10 9 24 18 27 12 23 -15 15 -17 -18 -19 19 21 -22 -23 -24 -25 -26 -27 -28 -29 -30 -31
leaf_value=-0.053890086868609556 0.22699825208070898 0.057802947332011814 0.22066109559669511 0.031182976656850922 0.019184549807872972 -0.052939748768967711 -0.054355455340875915 0.15778752914629851 -0.054121504320854177 -0.015911242566007271 0.0036957488060694477 0.21199567913220979 0.12026957351566876 0.23907702380211424 0.037981393053996275 0.0043489200812338834 0.30580361454355504 0.20883111226711992 0.043979633487556895 0.15754780490452178 0.26447828509151211 0.42798538654077745 0.2192179220944398 -0.045487606882553967 0.13275824170897541 -0.037370416111803272 0.33359570278331707 0.26366714008184478 -0.029089324577429493 0.37229623583018112
leaf_weight=321.61307942867279 97.36946727335453 54.087904572486877 19.312689453363419 71.648855209350586 3.2964413389563552 940.1543083190918 1.4741694927215565 40.516731157898903 1.4070709049701693 21.525851108133796 6.8371477723121625 4.6200255081057575 4.8123876675963464 9.4312788620591146 3.1885878667235401 16.651980765163898 4.3906149491667747 54.448235094547272 3.9971538409590721 6.5594887509942055 1.7094061076641072 2.0647875815629941 54.094287626445293 17.720092043280598 4.2394412383437148 8.7456608042120951 1.7990845665335644 1.8755115270614622 137.82259514182806 1.407070904970168
leaf_count=4802 760 657 150 920 33 14016 20 391 20 255 86 37 50 84 35 188 36 458 43 73 16 21 424 261 47 115 21 19 1959 20
internal_value=-0.00064266 0.0975945 -0.0329307 0.0714124 0.167563 -0.0399446 -0.0130442 0.13511 0.000642273 0.104991 0.191317 -0.0506761 0.0277015 0.13729 0.122463 0.0633973 0.19313 0.198005 0.0533574 0.102143 0.00471687 0.222295 0.21196 -0.0100859 -0.020698 0.0308853 0.133873 0.0596579 -0.0253239 0.159087
internal_weight=1918.82 474.659 1444.16 90.9615 275.695 1353.2 385.894 178.325 198.964 120.581 64.2811 967.307 27.1525 74.1792 64.7479 24.2312 7.5792 57.7447 46.4014 23.1662 23.2353 8.62428 55.5685 22.5325 144.876 14.5419 5.79624 8.71266 140.637 2.81414
internal_count=26017 5232 20785 1070 2529 19715 5351 1769 2703 1278 549 14364 348 734 650 259 71 491 544 273 271 94 444 311 2046 179 64 105 1999 40
is_linear=0
shrinkage=0.05


Tree=3
num_leaves=31
num_cat=0
split_feature=13 5 4 5 1 2 3 5 11 13 5 3 2 3 15 2 3 10 13 4 10 14 1 9 15 14 13 3 14 14
split_gain=2093.6 957.633 383.345 157.188 152.406 1069.44 146.336 88.2485 80.394 71.6787 65.8255 57.9631 46.7764 44.3658 60.2023 39.2592 38.5907 41.1072 54.9311 54.282 38.1658 37.7739 36.2993 69.2163 43.8506 35.7482 34.9167 35.2541 34.6549 34.3166
threshold=1.0000000180025095e-35 6.2500000000000915 1.0000000180025095e-35 1.0000000180025095e-35 -9.6450625264310458e-06 -15.529339342235103 -1.5343486057777509 97.828239954725774 17668415.500000004 1.0720890637746046 49.999999999999972 -0.23920691657109863 -0.05331895263231131 -0.37044656602660242 -2.1678989195098999 -0.52283693808862275 1.5406936718454582 -0.13663400128014813 1.9176831635701383 58.387445887445942 -1.1036609687176935 0.63133430645099731 -0.71386255339061966 -1.3440231246798664 0.69156286077755469 -1.7179928909124709 1.5058913959418516 -0.1639086539062152 3.0520236080550931 0.98898402353921144
decision_type=2 2 2 2 2 2 2 2 2 2 2 2 2 2 2 2 2 2 2 2 2 2 2 2 2 2 2 2 2 2
left_child=2 6 4 -4 5 -1 -2 16 9 15 -6 -12 22 14 20 -8 29 21 19 -19 -11 -18 -7 24 -24 -13 -15 -28 -9 -3
right_child=1 7 3 -5 10 12 8 28 -10 13 11 25 -14 26 -16 -17 17 18 -20 -21 -22 -23 23 -25 -26 -27 27 -29 -30 -31
leaf_value=-0.053685996232092741 0.17630248744595156 -0.0094414049803147829 0.1802092313895739 0.028849584000148004 -0.052694276552808145 0.21880760099257729 0.082595356573586035 -0.024620091343674717 0.18805136425617447 0.32703329651380408 0.17366701882097768 0.10397386315171597 -0.025554846632848151 0.24503141483940971 0.018143982668853999 0.1808454897799065 0.38509099728448343 0.21138566392165861 0.24968835315721172 -0.02832252311500055 0.041676621198423754 0.11842086486000232 -0.023133095872142607 0.18418469781176619 0.14890252169911081 -0.044975526606898589 0.14595433898512633 0.03908067125474704 0.11345657402883391 0.10117659553346497
leaf_weight=307.06139926612377 152.39445471018553 26.132779642939568 22.372638434171677 73.521280884742737 898.36342763900757 23.213258989155293 16.308444492518902 137.7097549289465 25.756847202777863 2.7272805795073509 5.3360581994056728 5.2750496640801492 3.2775502353906623 4.1267853900790206 46.627607852220535 27.001857712864876 2.1573083475232151 2.9977359473705318 3.279108688235282 11.131711073219774 2.0544323846697798 3.4542621746659279 8.287550136446951 31.670660138130188 6.6974399685859671 17.04296817630529 14.788925938308241 16.134763784706593 4.6993403360247603 9.5819636434316617
leaf_count=4802 1060 300 150 920 14016 159 142 1999 183 24 37 50 36 37 524 209 25 34 38 129 24 40 71 232 51 261 146 161 47 110
internal_value=-0.000795428 0.0860549 -0.032328 0.0641627 -0.0394117 -0.0127578 0.141481 0.00120539 0.107361 0.0913459 -0.0503554 0.0256255 0.159055 0.0650453 0.0354711 0.14385 0.0527747 0.103256 0.0653216 0.0225345 0.204432 0.220939 0.167715 0.142294 0.0537571 -0.0097701 0.108422 0.0901919 -0.0200637 0.0202365
internal_weight=1911.18 509.065 1402.12 95.8939 1306.23 380.208 307.921 201.144 155.527 129.77 926.018 27.6541 73.1465 86.4598 51.4093 43.3103 58.7349 23.0201 17.4086 14.1294 4.78171 5.61157 69.8689 46.6557 14.985 22.318 35.0505 30.9237 142.409 35.7147
internal_count=26017 5232 20785 1070 19715 5351 2510 2722 1450 1267 14364 348 549 916 572 351 676 266 201 163 48 65 513 354 122 311 344 307 2046 410
is_linear=0
shrinkage=0.05


Tree=4
num_leaves=31
num_cat=0
split_feature=13 5 4 1 2 5 2 5 13 5 0 3 5 15 14 13 11 5 3 10 14 14 10 3 3 8 3 14 10 14
split_gain=1824.67 742.072 350.051 148.437 913.026 119.494 109.261 77.8598 68.53 63.2419 51.8071 46.7514 36.4165 32.9869 46.6865 32.9913 30.0954 30.7399 45.9125 29.707 29.6666 32.2457 42.0413 29.4055 29.0361 28.4444 33.2533 28.3226 31.6112 28.0521
threshold=1.0000000180025095e-35 5.0971174069035872 1.0000000180025095e-35 -9.6450625264310458e-06 -15.529339342235103 1.0000000180025095e-35 -1.5873427572365981 97.828239954725774 0.83994569261086849 49.999999999999972 -1.0000000180025095e-35 -0.27996710751506582 49.999999999999972 0.039531586695142749 -0.53346883874355022 6.1755539520199152 59746485.000000007 99.21085653707199 -0.46569924402936075 -2.187023816722125 3.0520236080550931 -3.145337840603931 1.3530602066215003 -1.2431888507951785 1.5406936718454582 -0.4957486546266861 -1.9792767981836557 -1.7179928909124709 0.85116356270524285 -2.2536069971153663
decision_type=2 2 2 2 2 2 2 2 2 2 2 2 2 2 2 2 2 2 2 2 2 2 2 2 2 2 2 2 2 2
left_child=2 6 3 4 -1 -4 -2 24 19 -5 -10 -11 29 15 23 -12 17 18 -7 -8 21 22 -9 -15 -3 -14 -27 28 -13 -6
right_child=1 7 5 9 12 16 8 20 10 11 13 27 25 14 -16 -17 -18 -19 -20 -21 -22 -23 -24 -25 -26 26 -28 -29 -30 -31
leaf_value=-0.05349332950547514 0.15980921103966764 0.01972790061209902 0.15298776303589331 -0.052457796154100067 -0.054989910643127797 -0.0077826281838210614 -0.0012790107803301535 0.30860681148900709 0.10359512964841455 0.16551762839395409 -0.01868432821290501 -0.036901958247061294 -0.036108712112347952 0.10047277584952741 0.15780237288269408 0.18123610091658604 0.19327758691748489 -0.029385125467774421 0.087065384597064102 0.14746494825194623 0.098755449545590401 -0.027702522431816558 -0.054795453815315177 -0.037345748046194963 0.089329169036176617 0.24262948446393071 -0.029244057509398232 -0.037064238477275267 0.19950929990943317 0.15367552516980262
leaf_weight=293.11124937236309 123.80697985738516 37.165302209556103 24.959792196750641 858.30489206314087 1.648961417376994 24.386350929737091 3.5286368802189818 1.6492780148982995 88.442171290516853 4.8221482336521175 22.792834617197517 2.6079361662268701 5.0797847285866737 6.9508493021130553 11.08100665360689 2.2690289691090575 2.618668556213378 21.522182196378708 26.759519308805466 68.915564358234406 5.1170650273561469 131.66203281283379 1.5380703806877134 8.7332178428769129 25.107662074267864 2.8303555771708488 1.8663501963019351 17.519722327589985 3.0885512977838516 69.342955067753792
leaf_count=4802 746 416 150 14016 20 298 31 20 731 30 255 27 58 64 94 16 32 263 327 452 47 1959 20 115 266 26 21 268 23 424
internal_value=-0.000904681 0.0769744 -0.0317456 -0.0388988 -0.0124776 0.0581794 0.122465 0.00127921 0.100729 -0.0500439 0.0803339 0.0238513 0.13637 0.040639 0.0792388 -0.000584108 0.0267476 0.0207465 0.0418419 0.14022 -0.0194142 -0.0238983 0.133245 0.0237325 0.0477902 0.0458982 0.134594 -0.00557362 0.0912767 0.148829
internal_weight=1899.23 538.76 1360.47 1260.22 373.88 100.247 336.52 202.239 212.713 886.343 140.269 28.0384 80.7684 51.8269 26.7651 25.0619 75.2867 72.6681 51.1459 72.4442 139.966 134.849 3.18735 15.6841 62.273 9.77649 4.69671 23.2162 5.69649 70.9919
internal_count=26017 5232 20785 19715 5351 1070 2504 2728 1758 14364 1275 348 549 544 273 271 920 888 625 483 2046 1999 40 179 682 105 47 318 50 444
is_linear=0
shrinkage=0.05


Tree=5
num_leaves=31
num_cat=0
split_feature=13 5 4 1 2 5 4 5 5 10 3 14 14 0 0 3 10 14 11 16 1 3 4 14 3 9 13 3 14 13
split_gain=1607 592.18 320.947 144.393 795.84 94.5602 84.7028 65.1896 60.7756 50.4816 39.0501 37.7365 33.0932 33.9269 41.2386 30.1251 29.3638 28.26 43.4867 35.4967 28.1112 29.2891 27.6051 27.5137 27.2693 48.663 27.0038 25.5173 25.4903 35.2419
threshold=1.0000000180025095e-35 10.289110381972895 1.0000000180025095e-35 -9.6450625264310458e-06 -15.529339342235103 1.0000000180025095e-35 11.041226215644715 94.249249249249814 49.999999999999972 0.076632524610685746 -0.23920691657109863 1.2286812164734098 -0.10033646828836362 -1.0000000180025095e-35 1.0000000180025095e-35 -0.46569924402936075 0.38135571528795525 1.033269845737351 59746485.000000007 -0.00021149999999999996 -0.93743740788267582 -2.0957109180342148 48.171791443850317 -1.7179928909124709 -1.1579942126514402 0.52091366600954503 0.33417488265980516 -1.9792767981836557 1.4068609776455496 0.57359439140484725
decision_type=2 2 2 2 2 2 2 2 2 2 2 2 2 2 2 2 2 2 2 2 2 2 2 2 2 2 2 2 2 2
left_child=2 6 3 4 -1 -4 11 28 -5 12 -10 24 13 26 -15 -6 -13 18 19 -7 -11 -22 -23 -12 -2 -26 -8 -28 -3 -30
right_child=1 7 5 8 15 17 9 -9 10 20 23 16 -14 14 -16 -17 -18 -19 -20 -21 21 22 -24 -25 25 -27 27 -29 29 -31
leaf_value=-0.053311369148328402 0.13213600800739478 0.028803626943746181 0.13325679049898001 -0.052229517564764474 0.12634933713899318 0.018488673852332934 0.029328685887113543 -0.018485632155573348 0.1309303075421992 0.17141146610338828 0.081268040148911563 0.19360307388701972 0.03172078276020926 -0.024612698653850448 0.12166612154303723 -0.010042205460439758 0.090398198959462467 -0.040420693213666155 0.26783828622127182 0.14399353747378874 0.21888833628844373 -0.0029844143500254196 0.10300805048902445 -0.044030951557013559 0.048205501538568146 0.18272234979730406 0.21523809315215076 0.10878104761546806 -0.055896994172987102 0.1634686041481867
leaf_weight=279.74363179504871 102.95086754858494 49.591334842145443 27.159485220909119 819.92340731620789 82.93881419301033 55.057059824466705 8.3383010774850828 139.14610774070024 6.3995722234249142 17.714136533439159 6.0511332973837915 34.112935744225979 48.559593230485916 12.334085993468763 7.9068723693490019 4.2562590390443793 8.6371375024318677 13.679522946476935 2.007214978337287 6.2760807797312728 4.6015470176935187 7.2559567093849173 40.048420421779156 15.875739578157658 27.08613795042038 8.9432509168982488 6.9531074464321092 29.556637272238735 2.358313873410224 8.1866578608751279
leaf_count=4802 583 534 150 14016 507 660 61 2062 37 119 50 192 393 133 59 42 48 165 21 74 28 71 317 261 213 58 39 215 25 82
internal_value=-0.000982945 0.0696346 -0.0311854 -0.038406 -0.0122009 0.0530384 0.107482 0.000314355 -0.0497419 0.083497 0.0222632 0.13167 0.0629581 0.0862627 0.0325293 0.119692 0.172752 0.024751 0.0388261 0.0313313 0.117025 0.0984643 0.08675 -0.00945234 0.119034 0.0815954 0.110514 0.129055 0.0438146 0.114409
internal_weight=1883.65 564.281 1319.37 1215.19 366.939 104.179 364.999 199.282 848.25 183.269 28.3264 181.73 113.649 65.089 20.241 87.1951 42.7501 77.0199 63.3404 61.3331 69.6201 51.9059 47.3044 21.9269 138.98 36.0294 44.848 36.5097 60.1363 10.545
internal_count=26017 5232 20785 19715 5351 1070 2529 2703 14364 1435 348 1094 900 507 192 549 240 920 755 734 535 416 388 311 854 271 315 254 641 107
is_linear=0
shrinkage=0.05


Tree=6
num_leaves=31
num_cat=0
split_feature=13 5 4 1 2 4 5 5 4 3 13 3 14 9 3 13 15 5 8 14 11 16 14 3 2 14 14 15 11 3
split_gain=1425.44 482.961 295.496 140.439 702.887 91.4054 76.9654 58.5306 54.9144 65.3242 42.421 32.55 32.3311 30.6521 31.4965 29.6974 31.0956 27.1288 25.0459 25.0036 29.8303 27.1793 24.4516 23.214 77.6152 24.2438 23.1692 23.9342 27.8106 23.5991
threshold=1.0000000180025095e-35 68.885688967656179 1.0000000180025095e-35 -9.6450625264310458e-06 -15.529339342235103 1.0000000180025095e-35 1.0000000180025095e-35 49.999999999999972 48.78414964312082 -1.5343486057777509 0.24875632794254168 -0.23920691657109863 -1.7179928909124709 -0.10425987115881187 -1.3437605623546547 1.4119832779767492 -1.2725785011772717 99.809160305343596 -0.4957486546266861 1.033269845737351 59746485.000000007 -0.00021149999999999996 -1.7179928909124709 -0.2016422445683119 0.22083014637113693 3.4434908657682115 0.98898402353921144 1.6585741392033679 -23089567.999999996 -0.1639086539062152
decision_type=2 2 2 2 2 2 2 2 2 2 2 2 2 2 2 2 2 2 2 2 2 2 2 2 2 2 2 2 2 2
left_child=2 5 3 4 -1 12 -4 -5 9 10 -7 -9 15 14 -10 16 -2 -6 -19 20 21 -8 -13 24 -3 -25 27 28 29 -16
right_child=1 23 6 7 17 8 19 11 13 -11 -12 22 -14 -15 26 -17 -18 18 -20 -21 -22 -23 -24 25 -26 -27 -28 -29 -30 -31
leaf_value=-0.053139460076718326 0.22290898674956222 -0.043718195485558012 0.11821119329173312 -0.052008678458116221 0.11587639123693548 -0.032956388795830578 0.017294885604762226 0.11582295443023337 0.12866422746824049 -0.012580861097674912 0.095984997563298174 0.072928110556542858 0.12568338549067107 0.11547945258976951 0.15320818309846149 0.024833192951408678 0.078362853018611789 -0.056091349200927121 0.10343806030311711 -0.039728298488651601 0.20646421802305548 0.12152822975030085 -0.043511024216260512 -0.0182977111149564 0.30040905861171763 0.11672609727585884 -0.010746107816369319 -0.03697644617186048 0.049421333559710234 0.0041643876415946258
leaf_weight=266.93947702646255 5.0063009262084988 4.6865303739905348 29.032384604215622 783.16362690925598 83.003288440406322 7.5562882497906676 55.892248079180717 6.8595441877841976 17.520598948001862 36.621866136789322 40.932863436639309 6.3963951393961969 161.10125724226236 60.782638713717461 14.937108084559442 16.839666426181793 14.489118352532385 4.656195230782032 5.2170437350869161 13.233430735766886 2.4593403339385977 7.0420669540762892 15.277390547096724 147.81625916063786 2.5193105638027191 3.4009426832199088 11.641156181693075 5.0491182357072821 32.39560491591692 3.23022487014532
leaf_count=4802 29 66 150 14016 454 61 660 37 120 358 264 50 899 459 114 117 83 51 44 165 21 74 261 2162 25 25 105 51 264 30
internal_value=-0.00104078 0.0635014 -0.0306347 -0.0379198 -0.0119184 0.0911019 0.0486389 -0.0494459 0.0697271 0.0378233 0.0758915 0.0208961 0.116074 0.0883822 0.0689535 0.0734701 0.115481 0.106556 0.0282044 0.0229499 0.0356338 0.0289581 -0.00914736 -0.0110829 0.0765958 -0.015261 0.0533979 0.066825 0.0771904 0.126708
internal_weight=1865.7 586.527 1279.17 1171.51 359.816 428.104 107.659 811.697 230.667 85.111 48.4892 28.5333 197.436 145.556 84.7738 36.3351 19.4954 92.8765 9.87324 78.6271 65.3937 62.9343 21.6738 158.423 7.20584 151.217 67.2532 55.6121 50.5629 18.1673
internal_count=26017 5232 20785 19715 5351 2954 1070 14364 1826 683 325 348 1128 1143 684 229 112 549 95 920 755 734 311 2278 91 2187 564 459 408 144
is_linear=0
shrinkage=0.05


Tree=7
num_leaves=31
num_cat=0
split_feature=13 5 4 1 2 5 2 5 5 9 13 3 15 10 3 2 15 14 14 15 14 9 13 3 14 9 2 13 10 4
split_gain=1271.16 403.725 273.154 136.388 627.585 63.9519 63.2853 56.4171 45.1761 41.3768 38.5354 30.8287 29.1334 36.7489 27.543 26.2579 26.4639 24.767 23.6419 41.4851 24.2033 32.3422 22.6372 22.5995 22.2338 27.6031 31.6428 28.8278 36.4714 34.5503
threshold=1.0000000180025095e-35 30.104783849023416 1.0000000180025095e-35 -9.6450625264310458e-06 -15.529339342235103 1.0000000180025095e-35 -1.6922281999393862 49.999999999999972 97.828239954725774 0.52091366600954503 1.0720890637746046 -2.2319430819967359 -1.8446423032008867 -0.97249708426391235 -0.23920691657109863 -0.29712749812438011 0.40777215322349908 -1.6385938770801325 2.531353779196666 1.7463624503555535 -3.145337840603931 0.62412789893632159 0.60961247565540699 -0.46569924402936075 1.033269845737351 0.23918336647232086 2.3643155170494823 -0.22490252565574517 -0.68716998587445988 63.126745810055681
decision_type=2 2 2 2 2 2 2 2 2 2 2 2 2 2 2 2 2 2 2 2 2 2 2 2 2 2 2 2 2 2
left_child=2 6 3 4 -1 -4 22 -5 -3 10 -8 -12 13 -13 -9 16 -14 -17 20 -20 21 -10 -2 -6 25 -7 27 28 -27 -29
right_child=1 8 5 7 23 24 9 14 18 -11 11 12 15 -15 -16 17 -18 -19 19 -21 -22 -23 -24 -25 -26 26 -28 29 -30 -31
leaf_value=-0.052976983859847088 0.08004247601568984 0.03549125521164545 0.10630416993788523 -0.051794569441512256 0.10137779999593977 0.0034680229233195084 0.085545430418317372 0.10386808119216816 -0.013167731379408588 0.10846611724844674 0.11802712321891246 0.15586991296121375 -0.021812666407620231 0.015064360559416672 -0.0088498513322497249 -0.024363390640386048 0.044615231545333381 0.092431434060371673 0.0045679959859990559 0.2546813704499063 -0.027819564220134221 0.28737034311710263 0.12406608399457902 -0.013326651724489331 -0.039035272888793576 0.19808128907407252 -0.011433020805001153 0.076998216834771357 0.018380798035566165 0.30668969711670391
leaf_weight=254.67975133657455 40.05315126478672 56.48499172180891 30.625397711992264 747.97030878067017 93.185880772769451 36.531253784894943 90.475148722529411 7.2554996907711056 2.3736699819564815 58.725543938577175 12.049821816384791 9.9740157946944255 38.085755974054337 8.6549225151538831 21.418048392981291 5.9451865330338505 24.727640174329281 19.191419318318367 8.2339624762535077 2.0758736282587043 119.94714478030801 1.4371846616268156 107.76912918686867 4.5016057863831511 12.805880233645437 3.7434407174587276 8.9417727142572385 3.3898797184228924 11.49016001075506 3.1665373221039772
leaf_count=4802 211 564 150 14016 507 419 557 37 30 364 64 63 338 73 311 54 226 143 100 20 1886 10 529 42 165 41 97 37 128 33
internal_value=-0.00108689 0.0582486 -0.0301014 -0.0374504 -0.0116503 0.0448537 0.0858764 -0.049156 -0.00201575 0.0713821 0.0609673 0.0422221 0.0336516 0.0904523 0.0196721 0.0216205 0.00433789 0.0648077 -0.0178181 0.054928 -0.0238783 0.100174 0.112138 0.096092 0.0213496 0.032846 0.067768 0.100269 0.0625396 0.187932
internal_weight=1845.91 606.205 1239.71 1129.01 352.367 110.694 415.652 776.644 190.553 267.829 209.104 118.629 106.579 18.6289 28.6735 87.95 62.8134 25.1366 134.068 10.3098 123.758 3.81085 147.822 97.6875 80.0689 67.263 30.7318 21.79 15.2336 6.55642
internal_count=26017 5232 20785 19715 5351 1070 2622 14364 2610 1882 1518 961 897 136 348 761 564 197 2046 120 1926 40 740 549 920 755 336 239 169 70
is_linear=0
shrinkage=0.05


Tree=8
num_leaves=31
num_cat=0
split_feature=13 5 4 1 2 4 5 5 4 3 13 1 14 14 5 15 11 14 7 3 14 10 0 14 9 2 14 15 15 3
split_gain=1139.81 341.074 252.843 132.344 564.595 75.2645 54.5598 54.2902 39.7506 51.8113 33.1349 28.9215 25.4701 24.8873 21.5854 31.9475 20.8919 19.9713 19.8083 20.7269 19.7075 19.644 22.1664 19.6403 23.0786 25.5474 19.2653 21.1325 23.4995 18.8269
threshold=1.0000000180025095e-35 87.536982248520928 1.0000000180025095e-35 -9.6450625264310458e-06 -15.529339342235103 1.0000000180025095e-35 49.999999999999972 1.5229996134516337 48.78414964312082 -1.5343486057777509 0.24875632794254168 -0.93743740788267582 0.67232269447321236 1.2286812164734098 49.999999999999972 1.6995475599315308 34970087.500000007 -1.9873625622898226 0.17168143573726036 -0.1639086539062152 3.0520236080550931 0.38135571528795525 -1.0000000180025095e-35 1.033269845737351 0.23918336647232086 2.9690379856406319 0.5731651080135115 -0.19179843318866199 -0.91313178650658822 -1.2431888507951785
decision_type=2 2 2 2 2 2 2 2 2 2 2 2 2 2 2 2 2 2 2 2 2 2 2 2 2 2 2 2 2 2
left_child=2 5 3 4 -1 13 -5 -4 9 10 -7 -10 16 29 17 -16 -8 -6 -13 -20 -3 -15 -23 24 -9 26 27 28 -26 -2
right_child=1 20 7 6 14 8 12 23 11 -11 -12 18 -14 21 15 -17 -18 -19 19 -21 -22 22 -24 -25 25 -27 -28 -29 -30 -31
leaf_value=-0.052823378169290107 0.095959880724622026 -0.019702956115489789 0.096152945054324535 -0.051586513902012604 0.0032361485727181688 -0.03420712066040818 0.028332243110893454 0.0025932466185126482 0.11547583371656432 -0.015136448975563842 0.077414927824265789 0.044490712875413646 -0.05359544964027723 0.14118859904270628 -0.012592919003314582 0.20529869203885501 0.17308180936116777 0.10177216479966895 0.10006499073708222 0.038506232530932438 0.072726785710630307 -0.012205863588304734 0.13668650249875669 -0.038341215150983626 0.025819561676684245 -0.021712190929684738 0.22134373260980827 0.040814038186349037 0.22432946687605282 0.057579285038545661
leaf_weight=242.94554621726274 122.87521671503782 131.73894567042589 32.403075151145458 714.28873300552368 5.4755683541297904 7.791125923395156 17.356060251593597 36.206922583281994 28.796424336731434 38.486485801637173 45.335383906960487 82.7756442502141 8.5942526757717115 41.077685788273811 9.9388619959354383 2.0250299870967856 2.9108566492795935 84.486722454428673 45.125043347477913 19.619055971503258 6.0309811756014815 4.9460126608610153 5.0540086850523931 12.396279267966746 2.4148207679390907 7.2981330007314673 2.334693916141986 16.518412120640278 3.8963944911956849 43.179996699094772
leaf_count=4802 609 2058 155 14016 42 61 178 414 171 368 265 651 151 192 94 11 19 402 307 175 48 23 25 165 24 81 22 174 35 279
internal_value=-0.00112155 0.0537705 -0.0295767 -0.0369839 -0.0113854 0.0734896 -0.0488633 0.0414491 0.0557592 0.0290415 0.0610453 0.0696416 0.0185349 0.0953679 0.0873838 0.0242878 0.049122 0.0957748 0.0606945 0.0814112 -0.0156568 0.125889 0.0630443 0.0195832 0.0300398 0.0606522 0.0845395 0.0705491 0.148375 0.0859796
internal_weight=1824.32 622.832 1201.49 1088.02 344.872 485.062 743.15 113.469 267.929 91.613 53.1265 176.316 28.8612 217.133 101.926 11.9639 20.2669 89.9623 147.52 64.7441 137.77 51.0777 10 81.0657 68.6694 32.4625 25.1643 22.8296 6.31122 166.055
internal_count=26017 5232 20785 19715 5351 3126 14364 1070 1998 694 326 1304 348 1128 549 105 197 444 1133 482 2106 240 48 915 750 336 255 233 59 888
is_linear=0
shrinkage=0.05


Tree=9
num_leaves=31
num_cat=0
split_feature=13 5 4 1 2 4 5 5 4 3 13 1 14 14 13 15 13 14 13 0 10 14 13 2 9 13 3 13 11 14
split_gain=1026.08 291.454 234.852 128.134 511.964 65.4572 52.7703 46.5229 31.7635 45.1851 28.3578 24.6732 22.952 21.6051 22.314 21.5144 19.9126 19.4763 32.2918 51.1446 39.7282 21.6756 27.7197 19.2577 21.6344 20.8372 19.0594 22.9736 17.7748 17.7639
threshold=1.0000000180025095e-35 92.180706521739225 1.0000000180025095e-35 -9.6450625264310458e-06 -15.529339342235103 1.0000000180025095e-35 49.999999999999972 1.0000000180025095e-35 48.78414964312082 -1.5343486057777509 0.24875632794254168 -0.71386255339061966 0.67232269447321236 -1.7179928909124709 1.4119832779767492 -1.2725785011772717 -0.41714453797678086 2.1490373011291628 3.0607301204387998 -1.0000000180025095e-35 1.315449804681815 -3.145337840603931 0.98914111885227041 -2.1410465143166015 -0.2446182454038052 -0.66506052967258722 0.93811325021825465 -0.70106811814892089 -4017234.9999999995 1.1142769888127904
decision_type=2 2 2 2 2 2 2 2 2 2 2 2 2 2 2 2 2 2 2 2 2 2 2 2 2 2 2 2 2 2
left_child=2 5 3 4 -1 13 -5 16 9 10 -7 28 26 14 15 -2 -4 21 19 20 -19 22 -3 -6 25 -25 -8 -28 -10 -9
right_child=1 17 7 6 23 8 12 29 11 -11 -12 -13 -14 -15 -16 -17 -18 18 -20 -21 -22 -23 -24 24 -26 -27 27 -29 -30 -31
leaf_value=-0.052678110153305514 0.16951854071601211 0.21006159400752897 0.0038913241372138976 -0.051383866673131287 0.10214236393344618 -0.033280139237994735 0.094688555936717031 0.027514638590420682 0.057031704066585212 -0.014637224845736103 0.07073257372775113 0.052830143567470303 -0.053418022541748045 0.094509450343731483 0.013585126889070726 0.058223096684854383 0.10632241651408594 -0.054732861706730224 -0.055962400209436242 0.24654769484834019 0.2324941765722619 -0.027311755967399532 -0.054394804815441823 0.093631034716419842 0.11429790853303477 0.016449382006804528 0.12397773073310799 -0.043739966125482109 0.12187288680704873 -0.040695555325794067
leaf_weight=231.71813204884529 5.9326694160699871 2.202412959188222 5.73949971795082 682.06464958190918 51.527073793113232 7.6123342216014853 10.087520316243177 71.729635447263718 17.725107632577419 38.149306260049343 47.089329496026039 142.61443725973368 8.2015732601284963 184.6585862711072 18.437572881579399 16.197734646499157 27.372998654842377 5.3211680129170427 6.1322396695613852 3.4331062212586412 1.5559125319123266 112.40186221152544 1.8012916333973406 12.832128986716265 13.437023885548113 27.454280637204651 2.7401534616947201 8.0113213807344383 26.179795391857624 11.010202243924139
leaf_count=4802 29 15 26 14016 243 61 61 769 119 369 265 1071 151 899 117 83 124 76 79 36 18 1826 25 73 71 162 32 104 144 151
internal_value=-0.00114489 0.0498468 -0.0290714 -0.0365387 -0.0111419 0.0671944 -0.0485733 0.0384821 0.0510249 0.0271296 0.0562581 0.0629202 0.0174364 0.087251 0.0542116 0.0880589 0.0885677 -0.0160445 0.0348943 0.0889336 0.0102511 -0.0232397 0.091081 0.0803038 0.059358 0.0410335 0.0453225 -0.000994926 0.0956955 0.0184379
internal_weight=1801.37 637.445 1163.93 1048.07 336.969 504.597 711.105 115.852 279.37 92.851 54.7017 186.519 29.0406 225.227 40.568 22.1304 33.1125 132.848 16.4424 10.3102 6.87708 116.406 4.0037 105.251 53.7234 40.2864 20.839 10.7515 43.9049 82.7398
internal_count=26017 5232 20785 19715 5351 3157 14364 1070 2029 695 326 1334 348 1128 229 112 150 2075 209 130 94 1866 40 549 306 235 197 136 263 920
is_linear=0
shrinkage=0.05


Tree=10
num_leaves=31
num_cat=0
split_feature=13 5 4 1 2 3 5 11 5 13 13 14 5 2 5 3 15 14 9 10 10 8 5 12 10 4 5 3 3 13
split_gain=926.151 252.028 218.812 124.139 465.96 52.7537 50.9427 40.4968 40.3007 27.2465 20.9124 20.8055 18.7474 18.6372 19.899 18.3853 25.2511 24.8811 23.7176 23.5589 23.4225 18.0536 25.4873 17.7748 22.4982 16.8807 16.5645 30.8782 16.1474 19.5884
threshold=1.0000000180025095e-35 70.438540332907465 1.0000000180025095e-35 -9.6450625264310458e-06 -15.529339342235103 -1.4439450746555129 49.999999999999972 19122115.000000004 1.5229996134516337 1.0720890637746046 0.60961247565540699 0.67232269447321236 4.4658119658126294 -0.7846037869480994 11.444997629208203 -0.37044656602660242 -2.1678989195098999 0.55618734124762648 -0.97738598420287248 -1.477450048865135 -1.3257705854181638 -0.62144638647364581 99.809160305343596 397.28249999997212 0.22847205121106121 55.583900226757365 99.21085653707199 -0.46569924402936075 0.93811325021825465 -0.70106811814892089
decision_type=2 2 2 2 2 2 2 2 2 2 2 2 2 2 2 2 2 2 2 2 2 2 2 2 2 2 2 2 2 2
left_child=2 5 3 4 -1 10 -5 9 -4 13 12 28 -2 -7 -15 16 20 18 19 -17 -11 22 -6 24 -20 -16 27 -10 -8 -30
right_child=1 -3 8 6 21 7 11 -9 26 15 -12 -13 -14 14 25 17 -18 -19 23 -21 -22 -23 -24 -25 -26 -27 -28 -29 29 -31
leaf_value=-0.05254068316600688 0.064346053151611501 -0.010365871842227096 0.081289488537110682 -0.051186018332103879 0.064165333577688152 -0.0069694401726050903 0.08611376152364178 0.092360302960490664 -0.010606216962437628 0.19238334657990233 0.088681596107024765 -0.053249756917147811 -0.030925689645170725 0.084356438309003356 -0.035988568425682252 0.10225117334918968 -0.0055706511623671261 0.090083619251660099 0.090215293376740724 -0.051612810020861925 0.0082226407762137806 0.094073505516279271 -0.056549063106648624 0.14012048151753961 -0.013707686388809863 0.071781579331094955 -0.016600806606395541 0.063164148480475482 0.10758503509348599 -0.043053382332775413
leaf_weight=220.97906543314457 69.988110907375813 150.48716250807047 34.533252246677876 651.24469614028931 48.329993523657322 8.8358482494950277 10.525286052376037 40.796938613057137 24.673757590353489 3.2784483581781387 179.13735824078321 7.825607791543006 5.5749190896749488 53.357258908450603 7.2044856920838338 3.0287994667887714 58.462962590157986 19.389924615621567 9.3680263683199936 13.92899978160858 3.6474239006638518 55.196902498602867 4.8076288029551497 4.6833927929401389 11.727603830397127 7.330859087407589 25.411996059119701 33.36855535954237 2.9925769269466427 7.7390700504183725
leaf_count=4802 337 2258 155 14016 229 61 61 209 294 18 874 151 52 291 70 21 522 125 60 119 31 270 50 31 89 64 290 331 32 104
internal_value=-0.00116353 0.0463604 -0.0285674 -0.0360968 -0.0108972 0.0634424 -0.0482947 0.0468802 0.0358625 0.0377957 0.0793765 0.0164505 0.0573171 0.0613382 0.0702281 0.0236297 0.00512371 0.0431073 0.0217939 -0.0241315 0.0953974 0.0740467 0.0532437 0.0520043 0.0324418 0.018365 0.0170649 0.0318044 0.0421103 -0.00104706
internal_weight=1777.86 650.229 1127.63 1009.64 329.314 499.741 680.327 245.041 117.988 204.244 254.7 29.0825 75.563 76.7285 67.8926 127.516 65.3888 62.1267 42.7368 16.9578 6.92587 108.335 53.1376 25.779 21.0956 14.5353 83.4543 58.0423 21.2569 10.7316
internal_count=26017 5232 20785 19715 5351 2974 14364 1711 1070 1502 1263 348 389 486 425 1016 571 445 320 140 49 549 279 180 149 134 915 625 197 136
is_linear=0
shrinkage=0.05


Tree=11
num_leaves=31
num_cat=0
split_feature=13 5 4 1 2 2 5 5 11 13 5 0 13 14 9 14 13 0 10 0 14 3 2 0 10 15 13 11 5 15
split_gain=838.695 220.615 204.177 120.192 430.418 51.3163 49.3087 35.2554 28.9655 25.8077 34.4004 22.904 19.1065 18.9347 18.1354 17.9343 27.8489 36.4139 31.3115 19.878 26.6804 55.1667 66.0458 16.7716 16.7134 19.7136 16.5175 16.4443 16.2399 22.6651
threshold=1.0000000180025095e-35 94.249249249249814 1.0000000180025095e-35 -6.8695049648681552e-06 -15.529339342235103 -1.3872400559154185 49.999999999999972 1.0000000180025095e-35 19122115.000000004 1.0720890637746046 10.289110381972895 -1.0000000180025095e-35 0.60961247565540699 0.67232269447321236 0.66419957513975791 2.1490373011291628 3.0607301204387998 -1.0000000180025095e-35 1.315449804681815 -1.0000000180025095e-35 -2.0199146940836359 0.53619775838285588 0.065079303496009169 1.0000000180025095e-35 1.0920743061590275 0.3369459401229849 -0.41714453797678086 -32043578.499999996 49.999999999999972 1.6995475599315308
decision_type=2 2 2 2 2 2 2 2 2 2 2 2 2 2 2 2 2 2 2 2 2 2 2 2 2 2 2 2 2 2
left_child=2 5 3 4 -1 12 -5 26 9 10 24 -11 23 -8 -13 19 17 18 -17 20 21 22 -3 -2 25 -7 -4 -28 -6 -30
right_child=1 15 7 6 28 8 13 -9 -10 11 -12 14 -14 -15 -16 16 -18 -19 -20 -21 -22 -23 -24 -25 -26 -27 27 -29 29 -31
leaf_value=-0.052410927131678192 0.064995473986393867 -0.054114921841163725 -0.00041640750958003522 -0.051068098527749163 0.075981936666829522 0.042441802827081321 0.039274183326064471 0.016130409794506178 0.077858655543656188 0.039916812823326792 0.0067340376233731101 -0.011649781071249801 0.087194363745127498 -0.053090117464986875 0.065876985096273544 -0.054445193799580974 -0.055601693539839153 0.19930895529101011 0.18669553214608178 -0.050924428844251163 -0.019265475130994525 -0.053383729135115313 0.31676293619805806 -0.0095063749516184938 0.12065247252436564 0.094797170788029295 0.027485075505451484 0.11359563444705943 -0.015656710416171206 0.15464581448629933
leaf_weight=212.79518062993884 42.538275584578514 1.8865196704864482 5.8996405005455008 619.64702671766281 98.103787008672953 47.998649790883064 21.608404681086544 85.048930078744888 57.782135732471943 104.11293484270573 26.61263369768858 48.119160167872906 143.99122603982687 7.4657667502760878 8.9456954821944219 5.0396397411823282 5.8157586827874175 4.0260494351387033 1.8368277773261068 40.158448111265898 61.550363577902317 4.7958168685436249 3.3005038276314735 9.1851764395832998 14.46097458899021 28.748765759170055 7.4726986885070827 21.484008729457855 10.444391548633574 2.4032233208417884
leaf_count=4849 200 28 26 13968 445 272 197 920 313 704 251 454 656 151 64 76 79 36 18 675 1039 81 30 51 66 139 32 92 94 11
internal_value=-0.00117522 0.0432841 -0.0280739 -0.0356644 -0.0107817 0.05747 -0.0480821 0.0334872 0.0456375 0.0389644 0.0567506 0.0259626 0.0778312 0.0155566 0.000503598 -0.0155429 0.0327549 0.0798872 0.00996782 -0.0227723 -0.00696777 0.0688551 0.181875 0.0517653 0.0713443 0.0620536 0.0758376 0.0913736 0.0690594 0.0161994
internal_weight=1753.28 660.906 1092.37 972.468 323.747 532.496 648.721 119.905 336.781 278.999 117.821 161.178 195.715 29.0742 57.0649 128.41 16.7183 10.9025 6.87647 111.692 71.5332 9.98284 5.18702 51.7235 91.2084 76.7474 34.8563 28.9567 110.951 12.8476
internal_count=26017 5232 20785 19715 5399 3170 14316 1070 2263 1950 728 1222 907 348 518 2062 209 130 94 1853 1178 139 58 251 477 411 150 124 550 105
is_linear=0
shrinkage=0.05


Tree=12
num_leaves=31
num_cat=0
split_feature=13 5 4 1 2 5 2 5 5 13 13 0 15 3 11 3 14 14 13 0 10 0 3 2 1 15 13 6 1 8
split_gain=761.159 192.999 190.878 116.156 395.089 47.8656 37.9227 31.2167 25.387 24.1657 23.0401 19.3107 28.4711 23.6707 20.3451 17.4651 17.2167 17.1633 25.1449 25.9637 30.2838 19.7307 24.3701 58.3182 85.3775 48.4449 27.4654 27.4513 17.0809 23.0175
threshold=1.0000000180025095e-35 30.104783849023416 1.0000000180025095e-35 -6.8695049648681552e-06 -15.529339342235103 49.999999999999972 -1.6922281999393862 4.4658119658126294 97.828239954725774 0.83994569261086849 5.0951297405873852 -1.0000000180025095e-35 -1.0000000180025095e-35 -0.23920691657109863 5987068.5000000009 1.5406936718454582 0.67232269447321236 2.1490373011291628 3.0607301204387998 -1.0000000180025095e-35 1.315449804681815 -1.0000000180025095e-35 0.7262702530687245 0.065079303496009169 0.077640761751389203 2.2561029450361043 1.8613057784616458 -0.14928219350815694 -0.0025522639557351563 0.23101179165065625
decision_type=2 2 2 2 2 2 2 2 2 2 2 2 2 2 2 2 2 2 2 2 2 2 2 2 2 2 2 2 2 2
left_child=2 6 3 4 -1 -5 -2 -4 15 28 11 -11 -13 14 -14 -3 -7 21 19 20 -19 22 23 -10 -25 -24 27 -26 29 -8
right_child=1 8 7 5 -6 16 9 -9 17 10 -12 12 13 -15 -16 -17 -18 18 -20 -21 -22 -23 25 24 26 -27 -28 -29 -30 -31
leaf_value=-0.052287819269299207 0.076303527101119983 -0.0018000052452474061 0.069302210456894747 -0.050881439705656062 0.064363459020124678 0.036455887068029623 0.035887525257536856 0.014440534799673438 -0.053377746346571886 0.043327440484029783 0.092361663599075119 -0.029543433360446004 -0.0048996990916712812 0.12183990710737801 0.090476226297940374 0.050487494880312102 -0.052938615895197529 -0.054217748306853046 -0.055315440612498282 0.16666745787015116 0.18412491097771019 -0.051879483965092066 -0.035849507710119966 0.493943748559734 -0.031869515269777014 0.29116174765232511 -0.053354564710016573 0.17225244087277924 0.11431740485249126 0.085690652734534994
leaf_weight=202.881577398628 170.40828288346529 33.263107068836689 37.483165726065636 591.53451991081238 113.023910574615 22.101669285446409 52.74918557703495 84.118997648358345 10.380928389728071 119.79008785635233 16.978263340890408 27.148741163313389 22.516346134245399 6.8453062251210204 7.4386285990476599 30.719419457018375 7.1214677095413199 4.8134555108845243 5.5600249506533137 4.558030180633069 1.8430443629622457 37.772654984146357 45.868838876485825 1.2769048959016789 2.3051044866442663 1.1612360179424275 3.5212326049804679 5.7702122628688812 15.575260430574415 41.414665855467319
leaf_count=4849 740 307 172 13968 550 197 295 898 177 719 89 245 195 42 43 257 151 76 79 36 16 668 792 18 38 20 60 66 66 188
internal_value=-0.00118498 0.0405314 -0.0275835 -0.0352347 -0.0105526 -0.0477955 0.0573512 0.0313513 -0.00230449 0.0469483 0.0366336 0.0314841 0.00929897 0.0379543 0.0187847 0.0233044 0.0146711 -0.0154303 0.031625 0.074729 0.0117743 -0.0227351 -0.00707215 0.034798 0.105901 -0.0277752 0.0631737 0.113986 0.0658144 0.0577917
internal_weight=1727.94 669.679 1058.27 936.663 315.905 620.758 480.865 121.602 188.814 310.456 200.717 183.739 63.949 36.8003 29.955 63.9825 29.2231 124.832 16.7746 11.2145 6.6565 108.057 70.2845 23.2544 12.8735 47.0301 11.5965 8.07532 109.739 94.1639
internal_count=26017 5232 20785 19715 5399 14316 2622 1070 2610 1882 1333 1244 525 280 238 564 348 2046 207 128 92 1839 1171 359 182 812 164 104 549 483
is_linear=0
shrinkage=0.05


Tree=13
num_leaves=31
num_cat=0
split_feature=13 4 5 1 2 5 4 5 13 4 3 13 14 1 0 0 3 6 15 14 10 0 3 14 9 3 9 3 15 9
split_gain=691.731 178.608 169.942 112.359 363.208 46.4979 43.6115 28.0809 32.2658 26.3098 29.9467 20.6147 19.6276 17.3119 16.8148 16.73 31.2564 30.7191 20.5838 22.1847 16.6021 18.4496 16.4807 22.7536 23.9413 15.6526 15.293 23.7504 15.1123 15.0437
threshold=1.0000000180025095e-35 1.0000000180025095e-35 92.180706521739225 -6.8695049648681552e-06 -15.529339342235103 49.999999999999972 1.0000000180025095e-35 99.21085653707199 -0.39240540547962827 48.78414964312082 -1.5343486057777509 0.24875632794254168 1.2286812164734098 -0.71386255339061966 1.0000000180025095e-35 1.0000000180025095e-35 -0.46569924402936075 0.35406222658083125 -0.52675745846636957 0.14001189768243466 0.34870195366156193 -1.0000000180025095e-35 0.62934166421020743 -0.4245240726288389 0.91137146945126679 -0.46569924402936075 1.278970414624421 1.7825705175474942 -3.5965202961581628 0.52091366600954503
decision_type=2 2 2 2 2 2 2 2 2 2 2 2 2 2 2 2 2 2 2 2 2 2 2 2 2 2 2 2 2 2
left_child=1 3 6 4 -1 -5 12 8 15 10 11 -8 29 -11 -10 18 -17 -18 19 -3 -14 -22 23 -7 -25 -6 -9 -28 -4 -2
right_child=2 7 28 5 25 22 9 26 14 13 -12 -13 20 -15 -16 16 17 -19 -20 -21 21 -23 -24 24 -26 -27 27 -29 -30 -31
leaf_value=-0.05217126762801582 0.05307756006112764 0.17063864172474016 0.14634083259900826 -0.050698062138539293 0.064073400064169894 0.14226398686148428 -0.036026467292443749 -0.043946821198353365 0.079514636193625532 0.073686163443449901 -0.017377063207576569 0.049878568490169015 0.10523003253848898 0.039561552468393768 -0.016506803246581533 -0.0033288021002378758 0.27815122262688186 0.046172026388711762 -0.02451402721942858 -0.036072223283782692 -0.023493525835067881 0.10096296475087559 -0.017960191781896562 -0.065873230337376285 0.11965006673571293 -0.02339512917426767 0.14713539778210552 -0.02679718725724306 -0.016287504439730493 0.099237267729273784
leaf_weight=193.40717636421323 168.54330322891474 3.0569897890090898 1.4451007992029179 564.66918450593948 109.76409845426679 4.8490272462368011 8.0511373057961446 17.315152525901798 44.808047272264957 48.706520214676857 39.654740840196609 52.669814355671406 45.16872139275074 156.86403243988752 5.075722560286521 8.6032596454024297 2.5198639854788771 3.2907582595944405 27.885127775371078 2.2557514607906342 5.9425037354230881 5.9686580896377546 17.058977134525776 4.6783757060766238 2.7677436172962189 5.3647203966975203 3.1377694308757764 5.2408272475004196 124.31083407998085 19.715677194297314
leaf_count=4849 800 26 17 13968 508 23 61 201 278 263 369 265 189 1071 41 95 22 28 267 23 25 26 259 51 15 42 26 63 2058 88
internal_value=-0.00119553 -0.0270863 0.0380302 -0.0347944 -0.010316 -0.0475086 0.0499945 0.0293881 0.0416431 0.0374011 0.0164179 0.0384882 0.065699 0.0476468 0.0697444 0.0122008 0.0571814 0.146773 -0.00732897 0.0828707 0.0913826 0.0388714 0.0138461 0.057976 0.0030863 0.0599976 -0.0171134 0.0383403 -0.0144187 0.0579117
internal_weight=1702.79 1025.75 677.041 902.559 308.536 594.023 551.285 123.189 97.4955 305.946 100.376 60.721 245.339 205.571 49.8838 47.6118 14.4139 5.81062 33.1979 5.31274 57.0799 11.9112 29.3541 12.2951 7.44612 115.129 25.6937 8.3786 125.756 188.259
internal_count=26017 20785 5232 19715 5399 14316 3157 1070 780 2029 695 326 1128 1334 319 461 145 50 316 49 240 51 348 89 66 550 290 89 2075 888
is_linear=0
shrinkage=0.05


Tree=14
num_leaves=31
num_cat=0
split_feature=13 4 5 1 2 5 2 5 13 14 3 13 10 3 15 3 15 9 5 13 4 8 13 8 0 9 3 9 3 15
split_gain=630.015 166.991 150.605 108.65 334.999 44.9871 33.5504 25.8348 29.0173 21.6239 29.6822 37.5204 44.9581 54.7697 32.5534 26.7727 40.2446 54.159 23.4439 23.0678 29.1064 20.8378 20.5926 20.1223 19.8718 18.727 18.7021 20.9307 20.6766 18.094
threshold=1.0000000180025095e-35 1.0000000180025095e-35 30.104783849023416 -6.8695049648681552e-06 -15.529339342235103 49.999999999999972 -1.8258782400526123 78.196048521827507 -0.38461803712499049 -0.23330069932238648 0.53619775838285588 1.8613057784616458 -0.15740338316366381 0.1963447628386287 -1.8159577505537172 1.7825705175474942 1.8671626390721972 1.0621170008725733 97.828239954725774 1.9176831635701383 61.918290043289929 -0.7007004765713386 0.83994569261086849 0.89605149476735535 1.0000000180025095e-35 1.0396760689126685 -2.3920262306825539 0.50322764968134182 -0.46569924402936075 -1.5116670193286248
decision_type=2 2 2 2 2 2 2 2 2 2 2 2 2 2 2 2 2 2 2 2 2 2 2 2 2 2 2 2 2 2
left_child=1 3 6 4 -1 -5 -2 8 -3 10 11 12 13 14 -4 -11 18 -18 19 20 -17 -22 -8 -20 -10 -9 -24 -28 -29 -25
right_child=2 7 9 5 -6 -7 22 25 24 15 -12 -13 -14 -15 -16 16 17 -19 23 -21 21 -23 26 29 -26 -27 27 28 -30 -31
leaf_value=-0.052060897658273833 0.068528913371276687 0.011847099270194688 0.15545593161479454 -0.050517459636586819 0.056179221659832912 0.013148144614878413 0.05794042957089264 -0.034427114636836002 0.081026188405606159 -0.01218953796215759 -0.05031815951532817 -0.054793271037373505 -0.038194082033957584 0.35125952349720679 -0.05487758510196511 0.11733754299516048 0.28541718311464742 -0.053605184816528463 -0.053377692303153916 0.14237387194578946 0.11890797601237579 -0.040048176840335237 0.081845015290814338 0.098719650638559947 -0.032044898520400641 0.035796127013959449 0.017702959094884466 0.0060231706362788573 0.075018175446769281 -0.027400013814440016
leaf_weight=184.35478013753891 165.61264828592539 39.805675432085991 4.4439437091350555 539.00200366973877 116.75576227903366 29.253036692738533 115.95409621298313 23.421629458665848 41.094660192728043 61.335448026657104 42.872195079922676 11.000398572534321 6.3990240134298828 2.2099024280905724 3.1389655731618422 6.481547683477408 3.4016835056245318 1.8021027185022829 13.675197355449201 5.8788142427802077 2.5214541554451033 11.308782242238514 17.171879440546036 5.7758387587964535 4.2915377840399733 15.965580634772776 145.48417303711176 15.415916077792643 36.733902826905251 5.6022655144333822
leaf_count=4849 700 384 25 13968 550 348 562 264 234 840 724 161 106 25 45 48 28 30 242 39 19 100 74 80 34 154 1011 91 184 98
internal_value=-0.00119679 -0.026615 0.0357274 -0.0343731 -0.0100907 -0.04724 0.0501582 0.0275244 0.0430065 -0.00240487 -0.0244 0.0164633 0.0648736 0.132222 0.0683878 0.0106792 0.0355281 0.168012 0.0220744 0.0551512 0.0299065 -0.0110681 0.04096 -0.0125039 0.0703346 -0.00596217 0.0317938 0.027445 0.0546227 0.0366218
internal_weight=1678.16 993.945 684.22 869.366 301.111 568.255 496.373 124.579 85.1919 187.848 70.0644 27.1922 16.1918 9.79281 7.58291 117.783 56.4477 5.20379 51.2439 26.1906 20.3118 13.8302 330.76 25.0533 45.3862 39.3872 214.806 197.634 52.1498 11.3781
internal_count=26017 20785 5232 19715 5399 14316 2622 1070 652 2610 1086 362 201 95 70 1524 684 58 626 206 167 119 1922 420 268 418 1360 1286 275 178
is_linear=0
shrinkage=0.05


Tree=15
num_leaves=31
num_cat=0
split_feature=13 1 2 5 5 2 13 5 14 11 5 0 15 14 15 14 14 4 9 3 14 8 10 15 15 15 5 13 3 15
split_gain=574.309 158.724 354.314 133.968 100.242 31.3655 23.0577 21.8992 20.1283 20.8707 20.0427 18.484 17.5606 18.4288 16.5237 16.4687 26.147 20.0104 16.6633 16.0246 17.8035 17.1861 15.7675 15.3786 17.4447 14.6182 17.4245 15.9908 14.5958 16.8484
threshold=1.0000000180025095e-35 -4.5241588253475122e-05 -15.529339342235103 6.2500000000000915 31.385927505330255 -1.5873427572365981 0.83994569261086849 97.828239954725774 1.033269845737351 30306069.500000004 1.0000000180025095e-35 -1.0000000180025095e-35 0.039531586695142749 -0.53346883874355022 2.4718366987523352 -0.11657863107025164 2.2344497455480172 33.333333333333144 1.1376051207007407 1.5406936718454582 0.98898402353921144 0.62370444308022599 -2.187023816722125 2.0639547024421412 0.44804437549052206 0.46372937303807049 30.943816375470799 0.88294722258660618 -1.2431888507951785 1.4157382654397745
decision_type=2 2 2 2 2 2 2 2 2 2 2 2 2 2 2 2 2 2 2 2 2 2 2 2 2 2 2 2 2 2
left_child=1 2 -1 5 -3 -2 22 19 9 -6 14 15 -13 28 -4 23 17 -17 -19 20 -5 -21 -7 24 -8 27 -27 -22 29 -14
right_child=3 4 10 7 8 6 11 -9 -10 -11 -12 12 13 -15 -16 16 -18 18 -20 21 25 -23 -24 -25 -26 26 -28 -29 -30 -31
leaf_value=-0.051956115675483278 0.064308935472442014 -0.049729426770226751 0.061418627141395801 -0.020373393584811803 0.0054663923580613033 -0.027621165932643507 0.046627515661755686 -0.014341830004104021 -0.049860477051570831 0.07383782237125755 0.019495138072584014 -0.019369945372359212 0.11069446653501208 0.069131366603558911 -0.030243535365757614 0.045842831712389884 0.12095760473378453 -0.039097641522103987 0.065280310205291472 0.08202074547727628 0.0075436904238803081 0.011567273830603443 0.061243953956374997 -0.048295861989454694 0.10772160929862407 0.100513857536343 -0.049485292324807369 0.17867737925488397 -0.041899397703368674 -0.018164502678120576
leaf_weight=167.10163278877735 180.6208039522171 525.46939080953598 133.7961473762989 32.272140517830849 61.213768240064383 5.250087931752204 61.787353351712227 119.68583126366138 12.824461374431847 13.650652609765528 44.509295143187046 32.673853084445 4.7462456449866313 17.087235294282436 5.1041859835386267 17.998641341924667 5.4175521060824385 23.150762721896175 4.5801910310983649 16.474464029073715 2.2987657487392417 18.238843567669392 101.38428241014481 3.5491020306944838 14.409266673028467 3.0439876765012723 5.3193507790565491 3.3605267107486725 10.636713944375513 5.4490044191479683
leaf_count=4612 751 14220 562 300 624 31 329 2046 220 106 416 271 28 94 25 86 25 173 22 120 21 146 453 23 73 20 43 26 115 36
internal_value=-0.00120115 -0.0261285 0.000710306 0.0336414 -0.0414708 0.0477652 0.0380673 -0.000753689 0.00801834 0.0179331 0.0486939 0.0281168 0.00749516 0.030644 0.0580503 0.0392384 0.017093 0.00478825 -0.021858 0.0193222 6.54842e-05 0.0450035 0.0568687 0.053442 0.0581808 0.0471042 0.0051096 0.109164 -0.000924888 0.0418239
internal_weight=1653.1 963.67 350.511 689.435 613.158 488.741 308.12 200.694 87.6889 74.8644 183.41 201.486 70.5931 37.9192 138.9 130.893 51.1471 45.7296 27.731 81.0081 46.2948 34.7133 106.634 79.7457 76.1966 14.0226 8.36334 5.65929 20.832 10.1953
internal_count=26017 20785 5615 5232 15170 2510 1759 2722 950 730 1003 1275 544 273 587 731 306 281 195 676 410 266 484 425 402 110 63 47 179 64
is_linear=0
shrinkage=0.05


Tree=16
num_leaves=31
num_cat=0
split_feature=13 1 2 5 5 2 7 5 14 5 11 14 13 16 5 3 14 13 0 3 2 14 2 15 13 0 10 15 8 9
split_gain=524.611 150.931 326.653 119.031 97.5898 28.4704 20.7194 19.8706 18.6082 18.131 17.7903 15.3283 18.6779 14.8057 14.4326 17.5166 14.185 21.1692 19.1601 20.4335 44.9741 41.8422 36.9086 33.8334 30.024 17.6033 22.7754 13.9214 13.9179 13.8303
threshold=1.0000000180025095e-35 -4.5241588253475122e-05 -15.529339342235103 5.0971174069035872 31.385927505330255 -1.5873427572365981 0.17168143573726036 97.828239954725774 1.033269845737351 4.4658119658126294 30306069.500000004 1.0036101627862826 -0.67035964897390554 -0.00038757499999999997 78.196048521827507 -0.32589035636743086 2.1490373011291628 3.0607301204387998 -1.0000000180025095e-35 0.7262702530687245 0.065079303496009169 -1.5578102627792709 0.32646448187760152 2.1033530731198851 0.83994569261086849 -1.0000000180025095e-35 1.315449804681815 -0.02250856719002892 0.57521825387682879 -1.8592427895402277
decision_type=2 2 2 2 2 2 2 2 2 2 2 2 2 2 2 2 2 2 2 2 2 2 2 2 2 2 2 2 2 2
left_child=1 2 -1 5 -3 -2 -7 29 10 11 14 12 -4 28 15 -6 18 25 19 20 -9 22 -22 -21 -23 26 -18 -13 -11 -5
right_child=3 4 9 7 8 6 -8 16 -10 13 -12 27 -14 -15 -16 -17 17 -19 -20 23 21 24 -24 -25 -26 -27 -28 -29 -30 -31
leaf_value=-0.051857076459388134 0.06077590496244592 -0.04951965515719229 0.091201331399483748 -0.046290370011742993 -0.033954802256122754 0.024801293924809464 0.05093264829741443 -0.052999828852584696 -0.049510167199988436 -0.031662416849061674 0.067214158026099008 0.037640463684291622 0.036164872624178161 0.049571788339599493 -0.0086627487785996739 0.083146155244108344 -0.053809597416670421 -0.055043973506992486 -0.051391421287111265 -0.035045992577962475 0.32143449165700189 0.16091263141571857 0.078720731255153789 0.17949316521758624 -0.053325486570495434 0.13542715628050792 0.14469956195205755 0.10739190044010707 0.057100451954125553 0.024571487654350611
leaf_weight=159.24788784980774 181.00651834905148 501.90630112215877 18.553712278604507 7.576479271054267 4.5848272442817697 179.67462988197803 131.28251663595438 9.3488676548004168 12.283151455223559 17.59407984465361 14.230179183185099 10.632295310497282 91.152488619089127 19.482480213046074 46.344644002616405 10.523683004081246 4.3798518367111692 5.2211993634700766 34.103095546364784 41.789960741996765 2.7484102547168732 2.3308495767414552 3.6417378410696983 1.9222180582582939 5.4808033667504787 5.1288582235574731 2.1562869027256966 21.863074265420437 5.8962247148156157 75.519346423447132
leaf_count=4612 746 14220 81 64 50 1051 707 177 220 179 106 44 395 176 487 87 76 79 668 786 22 38 26 26 96 36 16 89 39 618
internal_value=-0.00119609 -0.0256493 0.000650424 0.0317567 -0.0410055 0.0450106 0.0358337 -0.000627264 0.00757315 0.0458063 0.0168376 0.054407 0.0454727 0.0173456 0.00517231 0.0476107 -0.0137943 0.0286344 -0.0208623 -0.0053837 0.0321614 0.088222 0.183112 -0.0256118 0.0105991 0.0660885 0.011679 0.0845696 -0.00938234 0.0181105
internal_weight=1627.61 934.295 344.422 693.312 589.873 491.964 310.957 201.348 87.9665 185.174 75.6833 142.202 109.706 42.9728 61.4532 15.1085 118.252 16.8862 101.366 67.2628 23.5507 14.2018 6.39015 43.7122 7.81165 11.665 6.53614 32.4954 23.4903 83.0958
internal_count=26017 20785 5615 5232 15170 2504 1758 2728 950 1003 730 609 476 394 624 137 2046 207 1839 1171 359 182 48 812 134 128 92 133 218 682
is_linear=0
shrinkage=0.05


Tree=17
num_leaves=31
num_cat=0
split_feature=13 1 2 5 5 3 11 5 2 15 3 3 13 14 13 11 15 9 15 1 10 14 2 3 2 3 14 15 9 7
split_gain=479.214 143.757 311.871 105.884 98.2056 28.9056 26.0664 19.2055 18.9161 22.349 22.3935 21.139 18.2967 17.6824 16.891 16.8844 16.8732 16.312 15.6428 16.4019 20.5456 13.6254 12.4217 23.6387 32.0512 44.2045 26.7753 25.711 25.4183 23.6519
threshold=1.0000000180025095e-35 -9.6450625264310458e-06 -15.529339342235103 68.885688967656179 31.385927505330255 -1.4439450746555129 22112517.500000004 1.0000000180025095e-35 -0.48837381729911061 -1.791816300034798 -0.9218281949859326 -0.8277235758882755 4.2272360961491859 1.033269845737351 0.51618438471153871 30306069.500000004 -2.3126456227057974 -0.28002239091433573 2.4718366987523352 -1.4582348852662921 -1.2816459725029101 -1.6599965636625134 0.065079303496009169 -0.2016422445683119 0.22083014637113693 0.1963447628386287 -0.32833616571427698 1.8671626390721972 1.0396760689126685 -0.11255718359662602
decision_type=2 2 2 2 2 2 2 2 2 2 2 2 2 2 2 2 2 2 2 2 2 2 2 2 2 2 2 2 2 2
left_child=1 2 -1 5 -3 14 8 17 9 10 -7 -10 -11 15 -2 -6 -13 18 19 21 -21 -4 -5 -24 25 -25 -26 -28 29 -29
right_child=3 4 7 22 13 6 -8 -9 11 12 -12 16 -14 -15 -16 -17 -18 -19 -20 20 -22 -23 23 24 26 -27 27 28 -30 -31
leaf_value=-0.051763548584823786 0.030678661357806159 -0.049898018721226525 0.0067478070455735438 -0.050098321641962977 0.0053269536504118448 -0.048586563878693138 0.065414797464114618 0.015533968310623281 0.089052480685929969 -0.014334082865035517 0.10153473481801167 -0.038045524081192432 0.08348320271003537 -0.049161843152718002 0.058527339870103536 0.065742631533291324 0.031382701614650739 0.086683470477580654 -0.045905279205000239 -0.0042016823122000965 0.052087845732303364 0.093901699604612948 0.10171790101689671 -0.05359988469896694 -0.046813030663091532 0.2671324233922574 -0.0052288422940503371 0.29414378184562873 -0.053435711515426358 0.074832962225627825
leaf_weight=158.02720827609301 73.979550532996655 471.45528684929013 5.4339558929204967 15.791081588715313 61.210121441632509 3.329390086233615 40.371534533798695 46.621911965310574 15.003836765885351 68.012799166142941 9.7849327623844129 9.4255319535732252 5.1420190110802642 11.764801781624554 206.23972430080175 14.2583677098155 122.31491620093584 28.038624405860901 4.6288486123085013 22.815401658415794 55.999604269862175 25.66610823571682 5.1622858271002761 1.9219611734151829 38.267992500215769 2.4357757158577442 72.551121335476637 1.840883783996105 2.1925636678934097 3.7009436860680571
leaf_count=4802 344 14023 29 300 619 27 181 425 86 503 51 60 30 220 916 102 756 114 23 93 232 103 31 34 722 18 1080 19 39 35
internal_value=-0.00119382 -0.0251784 8.6297e-05 0.029959 -0.0408808 0.0398902 0.0283231 0.0433923 0.0218967 0.00331657 0.0634228 0.0328197 -0.00745855 0.00785327 0.0511751 0.0167414 0.0264154 0.0525015 0.0441342 0.047926 0.0357931 0.0786737 -0.0082569 -0.00309797 -0.00750025 0.125675 -0.0123954 0.00400966 0.0906698 0.147684
internal_weight=1603.39 905.92 347.232 697.469 558.689 553.604 273.385 189.204 233.013 86.2691 13.1143 146.744 73.1548 87.2333 280.219 75.4685 131.74 142.583 114.544 109.915 78.815 31.1001 143.865 128.074 122.911 4.35774 118.554 80.2855 7.73439 5.54183
internal_count=26017 20785 5821 5232 14964 2954 1694 1019 1513 611 78 902 533 941 1260 721 816 594 480 457 325 132 2278 1978 1947 52 1895 1173 93 54
is_linear=0
shrinkage=0.05


Tree=18
num_leaves=31
num_cat=0
split_feature=13 1 2 5 5 2 13 14 15 3 3 15 5 5 14 11 15 14 14 1 14 9 4 0 15 14 14 14 4 9
split_gain=438.342 136.666 291.888 96.0905 95.9496 24.9789 20.7951 17.8153 24.3653 22.3834 21.6172 24.0734 18.7204 17.8099 17.6226 36.4971 16.4256 16.7701 28.8496 21.8592 16.3643 15.7314 15.6757 15.1211 17.4965 15.3516 14.7728 21.9552 21.0816 14.6412
threshold=1.0000000180025095e-35 -6.8695049648681552e-06 -15.529339342235103 5.0971174069035872 31.385927505330255 -1.8258782400526123 0.83994569261086849 -0.23330069932238648 -1.9301755084630108 -0.63124444504706989 1.7825705175474942 1.8671626390721972 68.885688967656179 1.0000000180025095e-35 0.49861020426674713 44188824.000000007 0.83246896510707968 -1.4726601764054197 -0.75651262165816135 -0.0025522639557351563 1.033269845737351 -0.28002239091433573 60.993460764587589 -1.0000000180025095e-35 1.0000000180025095e-35 -1.5578102627792709 -0.11657863107025164 2.2344497455480172 33.333333333333144 -1.9985318719379055
decision_type=2 2 2 2 2 2 2 2 2 2 2 2 2 2 2 2 2 2 2 2 2 2 2 2 2 2 2 2 2 2
left_child=1 2 -1 5 -3 -2 16 8 9 -5 -9 12 -12 21 15 22 17 19 -19 -7 -6 -4 -14 26 -25 -26 -8 28 -28 -20
right_child=3 4 13 7 20 6 23 10 -10 -11 11 -13 14 -15 -16 -17 -18 18 29 -21 -22 -23 -24 24 25 -27 27 -29 -30 -31
leaf_value=-0.051674892778039508 0.055953219638545298 -0.049823739675590645 0.041813547877352863 0.12431954018427741 0.015740766882170305 -0.044312008366529286 0.045733588455713042 -0.0083834153268058705 -0.03517418265859925 -0.016733370037557174 0.075753188707334038 0.12616403897370626 0.13554986148120107 0.014593863923449371 -0.018707416327174233 0.21347909625449091 0.081468710755478513 0.11019721340613944 -0.040958427912308866 0.086230002238875308 -0.048814692630567459 0.083478001982686387 -0.017845435187255603 -0.021301213611682728 -0.032798566970722594 0.041719219805155715 0.041763546341314954 0.098652807407310361 -0.024545338649881201 0.041203211194628914
leaf_weight=152.07154148072004 164.9491513967514 448.48626489192247 114.83973500132561 4.9913825765252113 76.198599331080914 11.504813857376574 87.097942747175694 73.252763099968433 56.666628304868937 6.4431783109903318 12.185749709606169 6.1220762319862834 2.0404330380260935 47.130413509905338 26.655773796141148 2.7609567604959002 29.715769961476326 15.03838489949703 6.117661476135253 4.4461045563220969 11.268614243716 28.223524499684572 9.0635267086327058 34.225436873733997 8.6637532562017423 34.173483937978745 19.821376979351044 6.6032709777355185 30.325880363583565 47.699996069073677
leaf_count=4849 673 13975 480 27 721 58 441 936 974 104 75 58 18 425 399 30 124 64 31 18 220 115 107 273 74 214 91 29 204 210
internal_value=-0.00118787 -0.0247188 -3.6713e-05 0.0283101 -0.040481 0.0400226 0.0321887 -0.000966725 -0.0217396 0.0448387 0.00974378 0.0323156 0.0214147 0.0412512 0.00507355 0.0507933 0.0494793 0.0382704 0.0489719 -0.00792517 0.00742393 0.0500331 0.0103421 0.0232251 0.00535264 0.0266481 0.0327997 0.0129494 0.00166414 0.0318636
internal_weight=1578.78 878.219 342.265 700.565 535.953 500.383 335.434 200.182 68.1012 11.4346 132.081 58.8285 52.7064 190.194 40.5207 13.8649 114.523 84.807 68.856 15.9509 87.4672 143.063 11.104 220.911 77.0627 42.8372 143.848 56.7505 50.1473 53.8177
internal_count=26017 20785 5869 5232 14916 2504 1831 2728 1105 131 1623 687 629 1020 554 155 505 381 305 76 941 595 125 1326 561 288 765 324 295 241
is_linear=0
shrinkage=0.05


Tree=19
num_leaves=31
num_cat=0
split_feature=13 1 2 5 5 2 10 14 3 13 10 3 15 3 14 10 10 5 15 12 15 13 14 9 9 15 13 15 1 10
split_gain=401.596 129.837 270.484 93.5768 86.0844 22.1979 17.4368 16.2839 25.0909 28.5234 27.374 18.8159 20.6733 16.9506 16.7654 16.3958 22.0805 16.1957 15.4232 15.0719 14.8983 19.78 26.9799 14.253 14.2163 14.6071 14.5296 14.0271 14.7827 18.3367
threshold=1.0000000180025095e-35 -6.8695049648681552e-06 -15.529339342235103 31.385927505330255 30.104783849023416 -1.8258782400526123 1.5483709831760999 -0.23330069932238648 0.53619775838285588 1.8613057784616458 0.015912177687398461 1.7825705175474942 1.8671626390721972 0.27201263314685348 -2.0906022610723531 -0.19786886698986775 -0.68716998587445988 1.0000000180025095e-35 -1.0199508991489656 105.33400000003168 0.3369459401229849 0.79224433744866973 -1.5234803123907803 -0.28002239091433573 -0.90143509228621499 0.90388225618839901 0.60961247565540699 2.4718366987523352 -1.4582348852662921 -1.2816459725029101
decision_type=2 2 2 2 2 2 2 2 2 2 2 2 2 2 2 2 2 2 2 2 2 2 2 2 2 2 2 2 2 2
left_child=1 2 -1 -3 5 24 20 8 9 10 13 15 -13 14 -6 16 -9 23 -5 -18 -7 -22 -23 27 25 -2 -27 28 -4 -30
right_child=4 3 17 18 7 6 -8 11 -10 -11 -12 12 -14 -15 -16 -17 19 -19 -20 -21 21 22 -24 -25 -26 26 -28 -29 29 -31
leaf_value=-0.051590538787770125 0.057687467853235579 -0.049649821203699943 0.072260524354807745 -0.037278174099593511 0.11264557116470518 0.01849648547646817 0.064655319950249507 -0.014971907105639698 -0.049445304531624733 -0.054527022488955294 -0.043874589324706809 0.017920824799692744 0.11224592057969318 0.20010533569803843 -0.026755392167839277 -0.034495449441701902 0.12878483915216929 0.013720570046784715 0.016930335791627452 -0.0070308706219629038 0.071048396848807691 -0.036338026557752437 0.041062336164240244 0.079194298103948027 0.080915081682970777 -0.033238065263163662 0.036199512434515489 -0.045759247044468654 -0.0060612166037533957 0.046973784640032136
leaf_weight=144.88547279313207 84.039955608546734 428.07032062485814 31.260914996266365 16.05847879871726 5.7896445468068141 206.08498974889517 32.91106504201889 17.216401759535078 37.299656305462122 9.7466564513742906 5.1639954484999171 52.877784207463264 6.5258220061659804 2.8560340218245974 3.4374464228749311 33.703971929848194 5.8830932155251485 47.610920183360577 71.74181517213583 3.12923414260149 37.02874967455864 13.956864699721335 58.241929940879345 28.261244259774685 34.130093678832054 9.1514253169298154 42.616309836506844 4.6229385435581198 22.90969742834568 56.473497718572617
leaf_count=4849 350 13975 132 207 34 1155 166 244 724 161 98 626 58 20 49 485 64 425 734 47 159 100 342 115 140 38 172 23 93 232
internal_value=-0.00117898 -0.0242514 -6.55905e-05 -0.0400054 0.0268284 0.0372532 0.0300236 -0.00258801 -0.0228733 0.0138436 0.0524811 0.00834085 0.028283 0.0936608 0.0607133 -0.0114252 0.0182201 0.0389908 0.00701572 0.0816273 0.0264089 0.0413377 0.0260999 0.0473735 0.0520673 0.0448175 0.0239244 0.0395716 0.0431369 0.0316681
internal_weight=1553.69 851.895 336.025 515.871 701.791 518.161 348.224 183.63 64.2934 26.9938 17.2471 119.336 59.4036 12.0831 9.22709 59.9327 26.2287 191.139 87.8003 9.01233 315.313 109.228 72.1988 143.528 169.938 135.808 51.7677 115.267 110.644 79.3832
internal_count=26017 20785 5869 14916 5232 2622 1922 2610 1086 362 201 1524 684 103 83 840 355 1020 941 111 1756 601 442 595 700 560 210 480 457 325
is_linear=0
shrinkage=0.05


Tree=20
num_leaves=31
num_cat=0
split_feature=13 3 2 5 5 4 4 3 14 3 5 14 10 10 15 10 0 13 2 5 3 1 9 15 3 9 3 9 1 2
split_gain=367.923 125.301 252.118 79.085 78.856 27.1352 22.3558 19.1821 18.4762 18.2805 18.1521 17.323 16.7431 19.9395 15.8037 15.2891 15.6743 14.9506 13.7106 13.5332 14.6427 12.7083 20.4846 18.9895 14.2788 12.303 22.6425 11.9919 13.4881 11.6239
threshold=1.0000000180025095e-35 -18.669735757370628 -0.0013793827191577177 31.639111340738722 94.249249249249814 1.0000000180025095e-35 48.78414964312082 21895.976182045863 1.2286812164734098 -1.3437605623546547 4.4658119658126294 0.16613139011607717 0.66313515856066929 1.5914556775825686 -1.9925476716638315 0.38135571528795525 -1.0000000180025095e-35 0.24875632794254168 2.9690379856406319 99.21085653707199 3.0332230231279635 -1.5496414465575927 -1.3440231246798664 1.6995475599315308 -1.9792767981836557 0.52091366600954503 -1.1579942126514402 -2.6298055122090589 -0.93743740788267582 -0.0053401727484470021
decision_type=2 2 2 2 2 2 2 2 2 2 2 2 2 2 2 2 2 2 2 2 2 2 2 2 2 2 2 2 2 2
left_child=1 -1 7 -4 5 8 9 10 25 17 21 29 19 18 -11 -10 -17 -7 -14 20 -5 23 24 -3 -23 26 -2 -8 -29 -12
right_child=4 2 3 12 -6 6 27 -9 15 14 11 -13 13 -15 -16 16 -18 -19 -20 -21 -22 22 -24 -25 -26 -27 -28 28 -30 -31
leaf_value=-0.051532323190179967 0.042993003352255033 0.092801973008507468 -0.048553165977927158 -0.0022387356741747993 -0.012690980767223907 -0.038216351836161351 -0.040000252583759159 -0.051516676907708406 0.082803178365774707 0.079033072747389896 0.020233338489336263 -0.037271776762338706 0.072501609035445252 -0.014636075581622788 -0.035070918832027696 -0.040519174550568769 0.075074335785236271 0.028344131192401114 -0.040096069615399445 -0.039910350587770371 0.1175538553993502 -0.021019468190908532 0.053859975058121824 -0.0085640606387974959 0.040521296292493632 0.074083268775827632 -4.4530092562154057e-05 0.062489944219998039 0.028728782186520016 0.1163370680065722
leaf_weight=272.70794418267906 138.20625673979521 25.768697291612629 271.24727293848991 15.894511908292772 113.83202365413308 9.7751548886299116 5.5953741371631613 6.2570750564336768 46.168347992002964 3.3454225212335578 33.919148690998554 13.312076326459644 21.612551495432857 15.020452938973902 32.659071624279022 5.7052288204431534 6.0346359163522703 61.608771629631519 3.0901288464665404 23.327368125319481 3.0386309809982768 19.55697263032198 74.40609048679471 5.6296602487564078 18.194332592189312 20.844235390424728 39.237590506672859 35.207217819988728 185.22781904041767 3.4680902063846579
leaf_count=9454 587 107 9175 141 2062 67 37 219 192 23 295 131 195 160 300 23 25 305 36 343 19 86 307 24 78 88 213 165 1145 15
internal_value=-0.00116833 -0.02379 -0.0101274 -0.0355464 0.0254089 0.0327645 0.023362 0.0346519 0.0450011 0.00457863 0.0374274 0.0117083 0.00748708 0.0307932 -0.0244687 0.0698478 0.0188993 0.0192295 0.0584164 -0.0144197 0.0169871 0.0465106 0.0386394 0.0746273 0.00864025 0.0377449 0.0334763 0.0322861 0.034121 0.029148
internal_weight=1529.9 826.451 553.743 353.231 703.447 589.615 333.419 200.512 256.196 107.388 194.255 50.6993 81.9836 39.7231 36.0045 57.9082 11.7399 71.3839 24.7027 42.2605 18.9331 143.556 112.157 31.3984 37.7513 198.288 177.444 226.03 220.435 37.3872
internal_count=26017 20785 11331 10069 5232 3170 2042 1262 1128 695 1043 441 894 391 323 240 48 372 231 503 160 602 471 131 164 888 800 1347 1310 310
is_linear=0
shrinkage=0.05


Tree=21
num_leaves=31
num_cat=0
split_feature=13 3 2 5 5 4 4 3 14 3 5 14 15 10 10 15 10 0 2 13 5 15 1 10 11 15 9 3 13 1
split_gain=337.568 121.446 233.106 76.5293 70.58 24.9775 19.5925 17.4962 17.1007 16.6273 16.4931 15.6667 15.4043 15.2114 15.2549 14.2031 14.009 14.1438 13.8327 13.5188 12.5069 11.9397 13.3506 18.0204 11.8847 11.6832 11.0057 20.3666 10.9975 11.3301
threshold=1.0000000180025095e-35 -18.669735757370628 -0.0013793827191577177 31.639111340738722 94.249249249249814 1.0000000180025095e-35 48.78414964312082 21895.976182045863 1.2286812164734098 -1.3437605623546547 4.4658119658126294 0.16613139011607717 -1.0199508991489656 0.66313515856066929 2.0599677327512271 -1.9925476716638315 0.38135571528795525 -1.0000000180025095e-35 2.9690379856406319 0.24875632794254168 59.599842302385063 2.4718366987523352 -1.5496414465575927 -1.2816459725029101 -99955565.499999985 -3.5965202961581628 0.52091366600954503 -1.1579942126514402 0.063847696160551998 -0.71386255339061966
decision_type=2 2 2 2 2 2 2 2 2 2 2 2 2 2 2 2 2 2 2 2 2 2 2 2 2 2 2 2 2 2
left_child=1 -1 7 -4 5 8 9 10 26 19 21 -12 -5 20 18 -11 -10 -18 -15 -7 -14 22 24 -24 -3 -6 27 -2 -8 -30
right_child=4 2 3 12 25 6 28 -9 16 15 11 -13 13 14 -16 -17 17 -19 -20 -21 -22 -23 23 -25 -26 -27 -28 -29 29 -31
leaf_value=-0.051455361137793323 0.040767091476160262 0.0041439729316420136 -0.048329256051657013 -0.037001933239378372 0.12213480052121983 -0.037148368694115294 0.090885096368023 -0.051440523598666903 0.079213190155702731 0.072432655599610304 0.027296699263314562 -0.036363879665459044 0.06522055203989377 0.070789090018766737 -0.027094967525252651 -0.034165866080798545 -0.038630715279601768 0.071245731664486986 -0.04000744302459508 0.026728729002998049 -0.020162888947970074 -0.031293870611607384 0.0030305489687659877 0.050402237483230007 0.089863696321255182 -0.014115957923647655 0.070091089849239091 -4.2304569216036278e-05 0.048575023025491069 0.021993523435398184
leaf_weight=259.78602935932577 138.45767000317574 4.8051700741052654 259.18388444930315 15.975598987191914 1.5959588214755047 9.558936193585394 7.2476810514926902 5.9605029895901671 45.855250090360641 3.4645007625222197 37.911370545625687 12.970978632569311 5.0875684767961493 23.958733513951305 6.5799061208963385 31.86833643168211 5.6854215562343597 6.040749326348303 3.1924075782299033 62.053744584321976 27.31952366605401 5.053014747798442 26.636660873889923 81.502054814249277 25.512338384985924 111.05899607390165 20.927468180656433 39.236930452287197 52.544556088745594 169.09866919368505
leaf_count=9454 587 21 9175 213 17 67 37 219 192 23 310 131 38 203 65 300 23 25 37 305 338 25 112 338 106 2045 88 213 259 1051
internal_value=-0.00115416 -0.0233507 -0.00987116 -0.0350026 0.0240895 0.0309921 0.022022 0.03294 0.0427503 0.00435411 0.0355273 0.0110683 0.00706167 0.0177052 0.0412088 -0.0237135 0.0667418 0.0179723 0.0577617 0.0182023 -0.0067586 0.0441994 0.0469546 0.0387337 0.0762776 -0.0121857 0.035795 0.0317559 0.030277 0.0282952
internal_weight=1506.13 801.436 541.65 341.298 704.695 592.04 335.836 200.352 256.203 106.946 194.392 50.8823 82.1137 66.1381 33.731 35.3328 57.5814 11.7262 27.1511 71.6127 32.4071 143.509 138.456 108.139 30.3175 112.655 198.622 177.695 228.891 221.643
internal_count=26017 20785 11331 10069 5232 3170 2042 1262 1128 695 1043 441 894 681 305 323 240 48 240 372 376 602 577 450 127 2062 888 800 1347 1310
is_linear=0
shrinkage=0.05


Tree=22
num_leaves=31
num_cat=0
split_feature=13 3 2 5 3 7 1 3 5 10 11 14 5 14 15 10 10 5 14 13 0 3 3 15 1 13 1 11 14 2
split_gain=309.875 117.706 215.583 74.1148 64.1458 17.9989 18.4839 15.9828 15.6449 15.7497 21.5591 15.6667 15.1041 14.6363 13.9479 13.3656 13.394 13.0043 12.5294 17.2437 15.277 14.2445 25.4817 21.1492 23.9773 15.4195 20.082 15.1124 12.3506 12.0172
threshold=1.0000000180025095e-35 -18.669735757370628 -0.0013793827191577177 39.70200327939029 -0.1639086539062152 -0.63064980148772587 -1.992396145574054 21895.976182045863 97.828239954725774 -0.085619420189588069 22660681.000000004 1.4068609776455496 1.0000000180025095e-35 0.16613139011607717 -1.0199508991489656 0.66313515856066929 2.0599677327512271 50.354895544928134 2.1490373011291628 3.0607301204387998 -1.0000000180025095e-35 0.7262702530687245 0.1963447628386287 1.891948912506521 0.60372147661535391 1.8613057784616458 0.0096263855118047005 64706423.000000007 -1.490029859693818 2.9690379856406319
decision_type=2 2 2 2 2 2 2 2 2 2 2 2 2 2 2 2 2 2 2 2 2 2 2 2 2 2 2 2 2 2
left_child=1 -1 7 -4 5 6 -2 12 9 28 11 -11 -3 -14 -5 17 29 -16 20 -20 21 22 -10 27 -25 26 -24 -23 -6 -17
right_child=4 2 3 14 8 -7 -8 -9 18 10 -12 -13 13 -15 15 16 -18 -19 19 -21 -22 23 25 24 -26 -27 -28 -29 -30 -31
leaf_value=-0.051382369088384054 0.049836287327133293 0.042332238741485423 -0.047964792637513562 -0.035912989538736041 -0.033559384011539316 0.040689082158858657 0.013774195866888462 -0.051368295261444499 -0.05280122903775844 -0.028496895489779284 0.047254607582888325 0.057177033141822466 0.025742660264282714 -0.035633984434767084 0.097099304527946406 0.065260259448453567 -0.026280171041251771 -0.01653891848896721 0.0572307334082994 -0.054596620269161872 -0.050829135082899005 -0.042455157510445159 -0.052431482794337347 0.20012326166169767 -0.054751681007375111 -0.052731931950456362 0.13674672198451018 0.10058519111683453 0.051786117356877576 -0.039278271299782994
leaf_weight=247.45830167643726 45.183231189846992 140.87530796974897 248.97385811060667 15.275115974247454 4.9146338775753966 287.65549147874117 166.36776397749782 5.6775768194347611 5.9121699109673527 43.165631152689457 17.101439319550991 6.0887099355459204 40.831904701888561 12.745123799890278 2.7612811252474811 24.810015831142668 6.4481192938983432 28.522246122360229 12.036131374537947 4.8308795765042296 29.924851831048727 34.371025003492832 1.7188021205365638 2.1320939809083934 1.6268327869474886 1.9459542669355858 7.6310424096882343 1.9513595327734936 30.837277576327324 3.0916639529168597
leaf_count=9454 187 581 9185 211 37 1477 923 219 122 326 101 37 330 132 19 202 65 350 128 79 668 728 39 24 23 40 85 37 171 37
internal_value=-0.00113887 -0.0229103 -0.00961688 -0.0344546 0.0228571 0.0325472 0.0214764 0.0313241 -0.000603862 0.0133015 -0.00111264 -0.0179061 0.0337385 0.0111421 0.00711955 0.0171347 0.0386673 -0.00650849 -0.0142455 0.0252023 -0.0218746 -0.00675035 0.0313004 -0.0230866 0.0898155 0.0753189 0.10197 -0.0347706 0.0400541 0.0536768
internal_weight=1482.87 777.471 530.012 329.882 705.395 499.206 211.551 200.13 206.189 102.108 66.3558 49.2543 194.452 53.577 80.9084 65.6333 34.3498 31.2835 104.081 16.867 87.2141 57.2893 17.208 40.0813 3.75893 11.2958 9.34984 36.3224 35.7519 27.9017
internal_count=26017 20785 11331 10069 5232 2587 1110 1262 2645 672 464 363 1043 462 884 673 304 369 1973 207 1766 1098 286 812 47 164 124 765 208 239
is_linear=0
shrinkage=0.05


Tree=23
num_leaves=31
num_cat=0
split_feature=13 3 2 5 5 2 3 1 9 3 15 8 14 3 13 10 3 15 10 10 16 9 14 15 15 9 13 3 14 3
split_gain=284.141 114.105 199.339 71.6922 57.587 18.782 14.609 14.7794 16.6447 17.6595 16.2378 14.3987 14.0076 22.4795 24.8727 21.1407 15.579 16.9431 14.5351 20.8652 13.2614 14.1023 14.5802 12.941 12.8879 13.6592 12.5065 20.0004 12.9295 12.3909
threshold=1.0000000180025095e-35 -18.669735757370628 -0.0013793827191577177 31.639111340738722 30.104783849023416 -1.8258782400526123 21895.976182045863 -1.5496414465575927 -1.3440231246798664 -1.4439450746555129 1.6995475599315308 0.37732043041279545 -0.23330069932238648 0.53619775838285588 1.8613057784616458 0.015912177687398461 1.7825705175474942 1.8671626390721972 -0.25318610962750593 -0.68716998587445988 -0.00062882499999999985 1.2366775811670514 -0.13839757319222509 -0.71905545913415103 -1.0199508991489656 0.23918336647232086 0.51618438471153871 -6.710314489984234 0.01840261952392426 -2.2319430819967359
decision_type=2 2 2 2 2 2 2 2 2 2 2 2 2 2 2 2 2 2 2 2 2 2 2 2 2 2 2 2 2 2
left_child=1 -1 6 -4 5 23 7 10 9 -9 -3 20 13 14 15 -6 18 -18 19 -14 -7 22 -22 -2 -5 -26 27 28 -25 -13
right_child=4 2 3 24 12 11 -8 8 -10 -11 -12 29 16 -15 -16 -17 17 -19 -20 -21 21 -23 -24 26 25 -27 -28 -29 -30 -31
leaf_value=-0.051313133482226228 0.063619643986691135 0.08008904516009846 -0.047873766902148937 -0.035482958415645666 0.079845470238396804 -0.0094072175577440565 -0.051299781226341018 -0.019028005648650804 0.037373938919093144 0.03894839593681456 -0.012712380184802514 0.084459078886361491 -0.014810112330215328 -0.048939920154086991 -0.054655852005390464 -0.043050281818585868 0.015561647367640784 0.098548200327712387 -0.032809104007693088 0.080721930808091993 0.030661969791877127 0.077223120864553685 0.002151473865550365 -0.080326622761990221 -0.011115756586661673 0.034657518212186732 0.042733242194157556 0.050875872413022376 0.022911868575423829 0.032083313969373133
leaf_weight=235.69920585118234 55.289044097065926 25.961899481713775 236.72869442403316 15.06143534183502 12.955586668103939 41.294788457453251 5.4077089875936499 33.642248958349228 107.7433625869453 21.546943191438913 5.7593261525034896 12.595642268657683 17.0161317139864 34.332976430654526 9.1987014226615411 4.7942890636622897 53.855210747569799 6.9435785710811606 33.31909528747201 8.6065387651324254 105.29254852980375 10.835052438080309 78.108010806143284 7.8800690621137637 27.8279834613204 39.337062116712332 89.140672907233238 11.202176555991171 4.9302091598510742 109.13083108514547
leaf_count=9454 228 113 9175 213 103 225 219 196 592 116 26 53 244 724 161 98 626 58 499 97 577 46 455 32 322 359 369 51 20 566
internal_value=-0.00112905 -0.0224634 -0.00936197 -0.033903 0.0216542 0.0300296 0.0297634 0.0320154 0.0259363 0.00360712 0.06324 0.0235401 -0.0026685 -0.0221105 0.0120706 0.046651 0.00728165 0.0250392 -0.0110354 0.0172787 0.0163239 0.0217944 0.0185197 0.0437933 0.00631879 0.0156926 0.0341057 0.00207815 -0.0405939 0.0375029
internal_weight=1461.44 754.716 519.017 318.955 706.721 525.699 200.061 194.654 162.933 55.1892 31.7212 357.257 181.022 61.2816 26.9486 17.7499 119.741 60.7988 58.9418 25.6227 235.53 194.236 183.401 168.442 82.2265 67.165 113.153 24.0125 12.8103 121.726
internal_count=26017 20785 11331 10069 5232 2622 1262 1043 904 312 139 1922 2610 1086 362 201 1524 684 840 341 1303 1078 1032 700 894 681 472 103 52 619
is_linear=0
shrinkage=0.05


Tree=24
num_leaves=31
num_cat=0
split_feature=3 2 5 13 5 1 2 8 5 14 3 13 15 1 15 15 14 15 9 15 15 1 4 10 9 3 13 0 14 13
split_gain=263.626 270.871 88.0802 43.7642 25.6565 20.7382 24.8397 18.8811 18.6546 18.1011 16.4143 30.0827 26.6662 22.664 16.6108 17.8008 24.9357 19.5584 18.8415 14.823 15.264 14.3058 14.1875 17.1896 16.4306 24.8442 18.7279 13.7569 12.775 20.0977
threshold=-18.669735757370628 -0.00034798552928094745 22.830366312906595 2.8578780214216581 4.4658119658126294 -0.0033283792388871798 -1.5873427572365981 0.038481001530499874 99.21085653707199 -1.490029859693818 0.7262702530687245 2.0472668060778667 1.8671626390721972 0.002587582925706045 0.99195981201524897 -0.099794888052243944 -1.3518745177038665 0.16695167740569289 0.26049413739779254 0.3369459401229849 -1.8446423032008867 0.043700731928188213 99.999977881215059 1.1263002026492843 1.5150072389638962 6.7282523459269079 1.157422363528503 -1.0000000180025095e-35 0.61024680268084175 -0.6362413332521889
decision_type=2 2 2 2 2 2 2 2 2 2 2 2 2 2 2 2 2 2 2 2 2 2 2 2 2 2 2 2 2 2
left_child=-1 4 3 -3 5 6 -2 19 -4 -5 11 13 22 -10 15 16 -15 -17 -19 20 -8 -18 -12 -24 -25 26 -26 -21 29 -14
right_child=1 2 8 9 -6 -7 7 -9 10 -11 12 -13 28 14 -16 17 21 18 -20 27 -22 -23 23 24 25 -27 -28 -29 -30 -31
leaf_value=-0.050747717265309383 0.041070674231591379 -0.045658549823495403 0.019567821156056452 -0.060300196236531003 0.003027315017087751 0.071359846333324317 0.033160288756790397 0.033896429268988053 -0.052562562574373785 0.079281373588318729 -0.047447383124094036 -0.052735609404008059 0.14591929892728697 0.11126546223357572 -0.054854151251060385 0.25189418252380574 0.094316462600427531 -0.014283591442704767 0.22949266643309252 0.047230269689053236 -0.0091422454262327455 -0.054798302486660594 -0.03816663656694002 -0.013116189297100551 0.081896227564506791 -0.037764543666497938 0.28533474689032784 0.0018244585043571623 0.089166102918089893 -0.041245155600894576
leaf_weight=225.61714437790215 254.13331036269665 242.09617977589369 88.925404872745275 3.0031830295920363 92.141828086227179 30.697486674413085 27.206405527889729 148.29293472319841 5.0893660187721279 10.250444948673247 50.944548577070236 11.103931121528147 1.8265883103013028 8.1540528908371996 2.6606141701340666 2.6592764630913726 2.2336697578430185 2.247285053133965 1.2245385088026521 41.129447236657143 98.631699919700623 5.7464781478047371 22.418901599943638 11.397354472428562 3.7507991790771467 2.9293341524899006 1.6198003701865671 28.064189128577709 7.2856950089335433 6.6784765049815169
leaf_count=9459 1202 9253 698 23 822 191 134 728 120 46 1047 249 9 51 45 19 9 30 17 198 543 94 411 171 35 45 27 172 67 102
internal_value=-0.00111376 0.00810639 -0.0203991 -0.0408153 0.027666 0.0312802 0.0292209 0.0204495 0.00142317 0.0476531 -0.00933573 0.0175779 -0.0195025 0.0435899 0.0632223 0.0773319 0.0497725 0.149856 0.0716981 0.0102251 3.63209e-06 -0.0130606 -0.0296967 -0.00822504 0.0258537 0.0793665 0.143254 0.0288142 0.0405754 -0.00104882
internal_weight=1440.16 1214.54 494.246 255.35 720.297 628.155 597.458 343.325 238.896 13.2536 149.971 41.1192 108.851 30.0153 24.9259 22.2653 16.1342 6.1311 3.47182 195.032 125.838 7.98015 93.0607 42.1162 19.6973 8.29993 5.3706 69.1936 15.7908 8.50506
internal_count=26017 16558 12568 9322 3990 3168 2977 1775 3246 69 2548 634 1914 385 265 220 154 66 47 1047 677 103 1736 689 278 107 62 370 178 111
is_linear=0
shrinkage=0.05


Tree=25
num_leaves=31
num_cat=0
split_feature=3 2 5 13 5 1 2 5 8 14 3 13 15 1 15 4 10 0 14 3 9 15 14 15 15 1 13 16 0 13
split_gain=249.041 249.259 84.5909 41.1289 22.6021 18.4663 22.9867 16.8661 16.849 16.1978 15.0224 27.4483 24.4365 20.161 14.5318 13.7586 15.7331 14.8336 16.6295 17.1984 23.0068 13.3739 17.967 13.2623 13.689 13.0677 12.9098 12.7777 15.599 21.05
threshold=-26.559729346398161 -0.00034798552928094745 22.830366312906595 2.8578780214216581 4.4658119658126294 -0.0033283792388871798 -1.5873427572365981 99.21085653707199 0.038481001530499874 -1.490029859693818 0.7262702530687245 2.0472668060778667 1.8671626390721972 0.002587582925706045 0.99195981201524897 99.999977881215059 1.1263002026492843 -1.0000000180025095e-35 -0.80580867341359463 6.7282523459269079 1.5150072389638962 -0.19179843318866199 -1.2193069162665016 0.3369459401229849 -1.8446423032008867 0.043700731928188213 1.2701276701290267 -0.00067662499999999982 1.0000000180025095e-35 1.5058913959418516
decision_type=2 2 2 2 2 2 2 2 2 2 2 2 2 2 2 2 2 2 2 2 2 2 2 2 2 2 2 2 2 2
left_child=-1 4 3 -3 5 6 27 -4 23 -5 11 13 15 -9 21 -12 -17 18 -18 20 -20 22 -15 24 -8 -24 -7 -2 -29 -30
right_child=1 2 7 9 -6 26 8 10 -10 -11 12 -13 -14 14 -16 16 17 -19 19 -21 -22 -23 25 -25 -26 -27 -28 28 29 -31
leaf_value=-0.051037581902163523 0.01767441253202779 -0.045305668186523172 0.018347269599467482 -0.0597100917781372 0.0032459771383324776 0.081049860768000789 0.031225395816453633 -0.052434249309930528 0.032011217174887412 0.074206723811427941 -0.04705066734741168 -0.052598011217995427 0.038055817264007606 0.097335297440242607 -0.054617069366254468 -0.037507390236725204 -0.042147368264592054 -0.054640054284847334 0.034765463277430755 -0.037496777063358189 0.19454161599573633 0.12549858405322245 0.090355041294227056 0.027204516900972427 -0.0087152423340647184 -0.054636302504960356 -0.0093756548846580818 0.052651074258190128 -0.010711655109893171 0.05779120114403026
leaf_weight=212.33090124838054 54.248671881854534 234.54309250600636 90.068647395819426 2.8842312172055236 92.529341194778681 26.209879752248529 27.441369764506817 4.8527024425566223 149.1519441306591 10.399757981300352 48.858305107802153 10.589319653809069 15.962206307798622 7.7997845038771674 2.5415628664195529 21.690904349088669 3.8847522810101518 4.6286428086459628 4.8053490296006185 2.5428958125412473 4.2419552244246006 7.6184260845184317 2.215453878045083 69.606027640402317 98.299651920795441 5.2050212360918522 4.6469093561172476 153.8697782382369 25.564489379525185 19.978156507015228
leaf_count=9360 239 9350 698 23 823 167 134 120 728 46 1047 249 178 48 45 411 61 73 66 40 38 74 9 370 543 89 24 670 212 82
internal_value=-0.0011023 0.007683 -0.0200231 -0.0404581 0.0263189 0.029713 0.0277672 0.00129993 0.0193565 0.0451306 -0.0091142 0.0166785 -0.0189901 0.0409431 0.0587968 -0.0290347 -0.00797387 0.0238915 0.0473807 0.0773884 0.109679 0.0714179 0.044348 0.00969434 1.2911e-06 -0.0113477 0.0674321 0.0391899 0.045043 0.0193384
internal_weight=1419.21 1206.88 485.333 247.827 721.546 629.017 598.16 237.506 344.499 13.284 147.437 40.8223 106.615 30.233 25.3802 90.6528 41.7945 20.1036 15.475 11.5902 9.0473 22.8387 15.2203 195.347 125.741 7.42048 30.8568 253.661 199.412 45.5426
internal_count=26017 16657 12665 9419 3992 3169 2978 3246 1775 69 2548 634 1914 385 265 1736 689 278 205 144 104 220 146 1047 677 98 191 1203 964 294
is_linear=0
shrinkage=0.05


Tree=26
num_leaves=31
num_cat=0
split_feature=3 2 5 13 5 1 2 5 7 14 14 3 13 10 4 3 1 14 16 0 13 3 10 15 13 4 13 3 1 10
split_gain=235.303 226.789 80.5439 38.6208 20.4602 16.7206 21.2943 15.2435 15.2181 14.5535 12.8424 20.293 17.806 15.0554 24.2077 16.0111 14.422 12.9248 11.7214 14.2117 19.1954 12.5466 20.0472 12.0178 11.6448 11.4576 15.9543 11.2754 10.7226 10.2088
threshold=-26.559729346398161 -0.00034798552928094745 22.830366312906595 2.8578780214216581 4.4658119658126294 -0.0033283792388871798 -1.5873427572365981 94.249249249249814 -0.70192005644665068 -1.490029859693818 -1.6160547073688354 0.53619775838285588 -0.70106811814892089 0.89811260160468243 74.687261632341858 6.7282523459269079 0.002587582925706045 -0.80580867341359463 -0.00067662499999999982 1.0000000180025095e-35 1.5058913959418516 -6.710314489984234 -0.91241766588739515 0.81697587809664995 1.2701276701290267 48.171791443850317 -0.64333991447931427 -0.1639086539062152 0.39124791690724958 -0.19786886698986775
decision_type=2 2 2 2 2 2 2 2 2 2 2 2 2 2 2 2 2 2 2 2 2 2 2 2 2 2 2 2 2 2
left_child=-1 4 3 -3 5 6 18 -4 -8 -5 11 16 -13 -12 -15 17 -9 -16 21 -20 23 22 -2 -21 -7 26 -10 -27 -18 -6
right_child=1 2 7 9 29 24 8 10 25 -11 13 12 -14 14 15 -17 28 -19 19 20 -22 -23 -24 -25 -26 27 -28 -29 -30 -31
leaf_value=-0.050965624070421073 -0.046972102816501937 -0.044889677859163854 0.017916327478321843 -0.059158512957308784 0.014082588815479344 0.077081795440460732 0.0045318420763046235 -0.052376931443442611 0.076507136154255834 0.069688565983213366 -0.031640807184153852 0.11743038321218589 -0.040203788794191009 -0.032393135439175706 -0.053897601183583881 -0.032617775902159273 0.11415224506330826 0.069699437355828869 0.050350669485170578 0.036820182069979127 0.05541345835411135 0.034698425341690528 0.067235485966914768 -0.035238633761194391 -0.0089406369383406032 0.040891684736340257 0.006722503638299882 -0.014297668828529906 0.012920697732874041 -0.021933080387652057
leaf_weight=202.25339508242905 13.972271904349329 225.12008050456643 86.433933153748512 2.7684963420033446 64.389292240142822 26.181643856689337 126.6972913891077 2.3027973324060467 9.0455234646797162 10.517088659107683 66.606286821886897 2.065953664481639 13.483194477856157 24.415414208546281 2.3741762675345006 6.6134836189448825 8.730041738599537 19.390157781541348 152.87981580942869 8.8682273626327532 19.798192217946053 34.897077709436417 5.2998891770839682 16.649012677371502 4.6298080384731284 113.20702346414328 86.626026399433613 10.078634493052958 3.7349330224096766 28.334047671407461
leaf_count=9360 57 9350 654 23 561 167 681 61 39 46 1340 11 262 464 42 109 59 211 670 110 82 160 22 102 24 553 448 54 33 262
internal_value=-0.00108733 0.00734672 -0.0194997 -0.0400008 0.0250032 0.0282363 0.0263857 0.0011973 0.0183238 0.042839 -0.00845489 0.0206066 -0.0192596 -0.0158339 0.0041087 0.0355138 0.0625821 0.0562168 0.0374278 0.0430612 0.0184689 0.016816 -0.0155647 -0.0101954 0.0641558 0.0263043 0.0133205 0.0363799 0.0838198 0.00307706
internal_weight=1398.36 1196.11 474.556 238.406 721.554 628.83 598.019 236.15 345.654 13.2856 149.716 30.3169 15.5491 119.4 52.7932 28.3778 14.7678 21.7643 252.364 198.195 45.3154 54.1692 19.2722 25.5172 30.8115 218.957 95.6715 123.286 12.465 92.7233
internal_count=26017 16657 12665 9419 3992 3169 2978 3246 1775 69 2592 426 273 2166 826 362 153 253 1203 964 294 239 79 212 191 1094 487 607 92 823
is_linear=0
shrinkage=0.05


Tree=27
num_leaves=31
num_cat=0
split_feature=3 2 5 13 1 7 5 11 15 15 10 15 3 1 0 9 14 9 11 15 4 0 4 8 3 14 13 13 9 3
split_gain=222.401 206.265 76.7675 36.2888 18.5583 18.5211 21.443 14.2351 16.8504 20.3598 18.5666 16.2271 18.4193 14.2912 14.7532 13.6079 13.1217 12.9107 12.7855 12.0768 14.6238 11.899 14.2596 12.8291 11.0243 11.5283 10.9291 15.4096 10.5695 10.5563
threshold=-26.559729346398161 -0.00034798552928094745 22.830366312906595 2.8578780214216581 -1.992396145574054 -0.63064980148772587 10.289110381972895 21400383.500000004 -0.32104924085647463 0.20186799676123615 -0.35301592436428797 2.1033530731198851 1.7825705175474942 1.3014005116932514 -1.0000000180025095e-35 -2.6298055122090589 -1.490029859693818 -0.88822078464265475 -99955565.499999985 -0.28599351692347258 61.918290043289929 1.0000000180025095e-35 50.853282078164121 -0.99825009667728826 2.5610933202501536 0.49861020426674713 -0.066393769787254697 -0.19009971055955252 1.1193333602709978 0.01789582371181098
decision_type=2 2 2 2 2 2 2 2 2 2 2 2 2 2 2 2 2 2 2 2 2 2 2 2 2 2 2 2 2 2
left_child=-1 4 3 -3 18 17 15 8 -4 10 21 -11 -13 14 -9 -7 -5 -6 -2 -12 -21 22 23 -10 -16 -26 27 29 -24 -8
right_child=1 2 7 16 5 6 26 13 9 11 19 12 -14 -15 24 -17 -18 -19 -20 20 -22 -23 28 -25 25 -27 -28 -29 -30 -31
leaf_value=-0.05089601889450307 0.0049462108099555787 -0.044463960352403006 -0.028588878765221305 -0.058642429360938997 0.00059040324953464976 -0.068469210686109658 -0.011385898819239159 0.057413747095278272 0.03115324529446591 -0.038642534511998949 0.11469198281384291 -0.053410721623497283 0.069193129366831099 -0.012652500392156827 -0.039152224723358206 0.033019360248658751 0.065629584269288041 0.024336371164984397 0.052083593488894901 0.028307942707273388 -0.028611692652901474 0.14026834110460276 -0.040419823750124054 0.18664505794744046 0.10628278593486036 -0.04167860832668735 -0.02940555108362522 0.10263374263426224 0.081108153104995251 0.096449281720358021
leaf_weight=192.64587154984474 17.446065014228225 216.13981778174639 57.283524060621858 2.6560628712177268 148.68762211129069 3.3365217745304099 19.70722886547447 29.612027242779732 2.7136623449623585 33.918274966999888 2.4561087377369395 4.7152614071965209 8.7445289678871614 21.32084783911705 8.8077978156506997 327.90720364265144 10.606692031025885 93.071570031344891 82.002530166879296 23.38951551169157 21.803622756153345 4.2056482955813399 5.2116587981581688 2.5951486229896563 3.4944244883954516 2.1122017800807953 22.187069695442915 4.4831198826432219 2.7244183011353016 2.5648777559399596
leaf_count=9360 77 9350 1045 23 842 17 179 315 26 651 18 94 63 288 148 1604 46 556 444 212 205 33 53 22 26 28 226 27 19 20
internal_value=-0.00106815 0.0070262 -0.0189602 -0.0395378 0.023759 0.0205522 0.0274327 0.00111806 -0.0065152 0.00472664 0.0228743 -0.0202092 0.0262423 0.020948 0.0372198 0.0319971 0.0407423 0.00973204 0.0438144 0.00671504 0.000846821 0.0669979 0.0437323 0.107164 -0.00426527 0.0505408 -0.00345933 0.0180569 0.00130016 0.00103251
internal_weight=1378.55 1185.91 464.511 229.403 721.394 621.945 380.186 235.109 169.761 112.478 65.0998 47.3781 13.4598 65.3473 44.0265 331.244 13.2628 241.759 99.4486 47.6492 45.1931 17.4505 13.2449 5.30881 14.4144 5.60663 48.9423 26.7552 7.93608 22.2721
internal_count=26017 16657 12665 9419 3992 3471 2073 3246 2441 1396 588 808 157 805 517 1621 69 1398 521 435 417 153 120 48 202 54 452 226 72 199
is_linear=0
shrinkage=0.05


Tree=28
num_leaves=31
num_cat=0
split_feature=3 3 2 2 5 3 13 1 7 5 11 15 15 4 14 10 11 1 11 14 15 9 0 1 10 15 13 16 0 9
split_gain=210.201 188.844 75.3304 57.1796 84.8824 90.7957 27.8271 20.3161 16.3318 19.9832 13.4219 15.9449 14.9256 16.9586 18.4188 16.6669 15.0053 12.5805 12.2502 14.4348 13.2925 11.6061 11.3401 12.1941 12.336 20.5454 11.2882 11.0761 13.3696 11.0289
threshold=-26.559729346398161 6.7282523459269079 -0.00034798552928094745 0.00058957876720722158 1.5229996134516337 1.3385874822947634 1.0319764010529904 -2.1947704176153446 -0.63064980148772587 10.289110381972895 21400383.500000004 -0.35396691949030618 0.20186799676123615 99.999977881215059 0.61024680268084175 0.85116356270524285 -7787969.9999999991 -0.0013960360645270951 -99955565.499999985 -1.6385938770801325 1.1172667829315281 -0.88822078464265475 -1.0000000180025095e-35 0.46851103418602386 1.6412260657093201 -1.4179005174172785 -1.3850740336353018 -0.00024871499999999994 1.0000000180025095e-35 -2.4357344173615698
decision_type=2 2 2 2 2 2 2 2 2 2 2 2 2 2 2 2 2 2 2 2 2 2 2 2 2 2 2 2 2 2
left_child=-1 2 7 6 5 -5 -4 18 21 17 11 -6 15 26 -15 16 -13 29 -2 20 -20 -9 23 -12 -25 -26 -14 -24 -29 -10
right_child=1 -3 3 4 10 -7 -8 8 9 -11 22 12 13 14 -16 -17 -18 -19 19 -21 -22 -23 27 24 25 -27 -28 28 -30 -31
leaf_value=-0.050828576941077203 0.0071973012399255036 -0.048219636076705777 -0.051828763365676302 0.5017875792483929 -0.026565291803654412 0.012421705288846355 0.0065599745768374369 0.001415128554811019 -0.041249887377586912 -0.0034774809800858387 0.072159623974042006 0.094529905110076418 0.088914503256438793 -0.053557549304703689 0.096771150612559684 -0.0063214314918747213 0.024320464318241301 0.076033320672532489 0.056236207358273282 0.066318154373772281 -0.043851917262838512 0.023783800247416179 -0.036947889722352162 -0.012203202835325999 0.19632840121490508 0.019499373516254723 -0.040412239001084281 -0.056272520690508122 0.094232204907816697 0.029923751277410593
leaf_weight=183.48745501600206 16.487427987158298 138.11752369813621 77.07806602306664 1.78993722051382 49.911473546177149 2.0147307366132736 27.752885049208999 152.71691517904401 5.538778029382228 48.811221782118082 16.817548159509897 10.688448291271923 1.7876049764454354 3.1205517500638944 5.8713231794536114 28.456350583583117 26.423859525471926 14.676774211227892 6.9322503805160505 55.800618477165699 6.3613845556974411 93.487568844109774 11.725222220644357 14.453252777457239 2.1719199940562248 6.740997012704609 30.066769130527977 2.2167237550020209 4.4132230188697577 314.54071337729692
leaf_count=9360 71 6115 3634 33 909 10 236 845 29 453 161 88 11 62 52 252 231 65 29 243 26 525 183 178 26 68 567 35 36 1484
internal_value=-0.00105201 0.00670805 0.0140108 -0.0060109 0.0085438 0.242648 -0.036371 0.0230651 0.0199589 0.0264098 0.00439846 -0.00324868 0.00768744 -0.0160376 0.0446009 0.022467 0.044541 0.0307677 0.0459227 0.0551635 0.00834118 0.00990885 0.0248199 0.0396934 0.0163261 0.0625895 -0.0331547 -0.00774142 0.0439109 0.0286921
internal_weight=1360.46 1176.97 1038.85 323.501 218.67 3.80467 104.831 715.354 629.772 383.567 214.865 156.326 106.415 40.8462 8.99187 65.5687 37.1123 334.756 85.5817 69.0943 13.2936 246.204 58.5389 40.1837 23.3662 8.91292 31.8544 18.3552 6.62995 320.079
internal_count=26017 16657 10542 6772 2902 43 3870 3770 3401 2031 2859 2172 1263 692 114 571 319 1578 369 298 55 1370 687 433 272 94 578 254 71 1513
is_linear=0
shrinkage=0.05


Tree=29
num_leaves=31
num_cat=0
split_feature=3 3 2 2 5 2 13 4 14 14 4 1 14 15 15 10 10 11 15 15 4 14 10 11 1 14 13 14 14 14
split_gain=198.713 176.122 68.0085 53.326 70.2362 65.8581 27.1393 19.2593 21.7205 24.9858 21.3263 17.5952 16.3797 16.0352 12.2617 14.2137 12.1998 11.9352 14.6434 13.4079 15.5405 16.1346 14.4726 12.6456 11.574 11.334 10.3349 9.9313 17.1758 9.91493
threshold=-26.559729346398161 6.7282523459269079 -0.00034798552928094745 0.00058957876720722158 1.5229996134516337 0.22083014637113693 1.8613057784616458 16.924192065624933 1.0661723746778089 -0.11657863107025164 48.78414964312082 -1.4582348852662921 -2.0906022610723531 -1.2725785011772717 -1.2903612791229897 -1.3107306831327816 -2.0212950704627031 21400383.500000004 -0.35396691949030618 0.20186799676123615 99.999977881215059 0.61024680268084175 0.85116356270524285 -3366852.9999999995 -0.0033283792388871798 -1.490029859693818 -1.1586414640872607 0.01840261952392426 0.74566961887113714 -0.057230950902816914
decision_type=2 2 2 2 2 2 2 2 2 2 2 2 2 2 2 2 2 2 2 2 2 2 2 2 2 2 2 2 2 2
left_child=-1 2 7 6 5 -5 -4 8 9 12 14 -11 13 -2 15 -9 -12 18 -6 22 26 -22 23 -20 -13 -8 -21 -25 -29 -27
right_child=1 -3 3 4 17 -7 25 10 -10 11 16 24 -14 -15 -16 -17 -18 -19 19 20 21 -23 -24 27 -26 29 -28 28 -30 -31
leaf_value=-0.050763122492418225 0.074823126226726627 -0.047983401597628823 -0.050857496071695318 0.41390359747711836 -0.02579460816764885 0.013071613686276613 -0.057185177313801974 0.071677738103676919 0.05228957056261755 0.041896628406477496 -0.020026391369513185 -0.025812633963029644 0.039093802566581112 -0.014294483973479898 -0.0085663806236157027 -0.0055240456327144217 0.026330346943839841 0.023249679360316716 0.077220842672449941 0.066219878113976227 -0.053378299254008055 0.088666637363778458 -0.0060314388925169597 -0.011921767085562389 0.045274102716348574 0.054600108248181511 -0.040956032479879785 0.14935082567636795 0.011650571421723509 -0.016449579483052694
leaf_weight=174.75806260295212 6.1199251264333716 132.01211741752923 75.714787423610687 2.0454430095851412 48.859735200181603 2.0536369420588017 5.1894942857325104 11.266538918018343 84.972761992365122 16.804337292909622 15.205189514905213 45.748229779303074 160.9377657957375 28.807972181588411 113.28654491528869 12.663005895912645 213.1484530903399 59.20899572968483 14.838851191103457 2.4422649517655364 2.9780768472701293 6.0818375013768673 28.336454078555107 12.595583170652391 6.5451324470341197 12.031592380255466 28.473177209496502 3.2569139339029771 7.4324829392135143 8.2959739640355057
leaf_count=9360 31 6115 3653 32 909 11 69 52 399 73 84 211 742 152 795 79 1117 687 120 18 62 52 252 116 35 69 560 23 60 79
internal_value=-0.00103853 0.00640547 0.0133404 -0.00582659 0.00806673 0.213087 -0.0358283 0.0219081 0.0302926 0.0232382 0.0138822 -0.00261242 0.0323578 0.00132034 -0.00169693 0.0308242 0.0232436 0.00414889 -0.00313361 0.00726902 -0.0156129 0.0419752 0.0210323 0.0411481 -0.0169153 0.00876664 -0.0324893 0.0181599 0.053606 0.0256037
internal_weight=1342.11 1167.35 1035.34 319.835 218.603 4.09908 101.232 715.506 349.936 264.963 365.57 69.0977 195.866 34.9279 137.216 23.9295 228.354 214.504 155.295 106.436 39.9754 9.05991 66.4603 38.1238 52.2934 25.5171 30.9154 23.285 10.6894 20.3276
internal_count=26017 16657 10542 6772 2902 43 3870 3770 1643 1244 2127 319 925 183 926 131 1201 2859 2172 1263 692 114 571 319 246 217 578 199 83 148
is_linear=0
shrinkage=0.05


Tree=30
num_leaves=31
num_cat=0
split_feature=3 3 2 2 5 3 13 1 7 5 11 14 15 1 1 4 13 13 4 14 14 16 13 15 15 0 10 14 14 14
split_gain=187.916 164.362 61.4261 49.8654 58.9768 68.7945 26.421 18.4808 14.4262 17.5288 11.3959 13.1582 11.7537 11.3171 11.0984 10.7934 21.0702 19.1599 15.8606 14.6381 23.336 26.4285 11.0205 10.5455 12.1097 10.6687 10.8864 10.3557 10.0533 16.6237
threshold=-26.559729346398161 6.7282523459269079 -0.00034798552928094745 0.00058957876720722158 1.5229996134516337 1.250064101845457 1.0319764010529904 -2.1947704176153446 -0.63064980148772587 10.289110381972895 -99955565.499999985 -1.6385938770801325 1.1172667829315281 -0.0013960360645270951 -0.0025522639557351563 70.067873303167275 2.2333056982325132 1.9755272202579406 66.666666666666643 0.84884158762437767 0.5731651080135115 -0.00050349999999999993 0.33417488265980516 -2.9075176849419262 0.18342287252294651 -1.0000000180025095e-35 -2.2393201132830725 -0.80580867341359463 -1.6160547073688354 -0.077050206406378233
decision_type=2 2 2 2 2 2 2 2 2 2 2 2 2 2 2 2 2 2 2 2 2 2 2 2 2 2 2 2 2 2
left_child=-1 2 7 6 5 -5 -4 10 14 13 -2 12 -12 -10 23 17 22 18 19 20 28 -22 27 -9 -25 -26 -27 -17 -6 -30
right_child=1 -3 3 4 15 -7 -8 8 9 -11 11 -13 -14 -15 -16 16 -18 -19 -20 -21 21 -23 -24 24 25 26 -28 -29 29 -31
leaf_value=-0.050699484527949014 0.0054644991366844106 -0.047742775599968423 -0.051702497037451903 0.39504797796789526 0.042507470337789829 -0.0022755532715038086 0.0060447534422687823 0.073177139340850475 0.026088978156024803 -0.0039669909795180596 0.052892562358839879 0.062788995652601778 -0.041598294880012522 0.071239904816019037 0.045684615795357673 -0.037137406524418902 0.066743894008613538 -0.045654339491559968 -0.039167370136175134 -0.025008612866787044 0.27168545148690226 0.054311016467440111 -0.021724834154167726 -0.006345815922889385 0.029196153557263183 -0.063748658726712468 0.0084485531884919956 0.041118291293740422 -0.03965582545830653 0.019553083767937733
leaf_weight=166.4384238794446 16.394890800118446 126.19089220277965 69.97042721323669 2.1071015559136859 20.025342486798763 2.2557393908500671 27.628486260771751 5.6067586168646804 320.47099364548922 49.023183956742287 6.7912063002586347 54.4101792126894 6.3855048716068268 14.50671164691448 18.530767600983381 5.2763477228581932 18.026948310434818 22.949556019157171 18.094153406098485 21.797286178916693 1.7674938030540941 6.69389142654836 22.99340758472681 127.36844838410616 63.058703050017357 6.5353441834449759 25.968992948532104 21.268076412379742 17.193722002208233 38.177643824368715
leaf_count=9360 71 6115 3634 32 197 11 236 26 1513 453 29 243 26 65 120 74 177 495 313 362 17 64 319 726 321 34 143 201 319 321
internal_value=-0.00102303 0.00612021 0.0127111 -0.00563861 0.00762745 0.189618 -0.0353553 0.0208261 0.0178937 0.0239576 0.0428608 0.0519322 0.00710179 0.0280443 0.0084691 0.00392176 0.0204577 -0.00369414 0.00408745 0.0114951 0.0209835 0.0997182 0.00361399 0.00545153 0.00374822 0.0172018 -0.00606747 0.0255631 0.0121476 0.00116774
internal_weight=1323.91 1157.47 1031.28 316.226 218.627 4.36284 97.5989 715.052 631.07 384.001 83.9818 67.5869 13.1767 334.978 247.069 214.264 67.5648 146.699 123.75 105.655 83.8581 8.46139 49.5378 228.538 222.931 95.563 32.5043 26.5444 75.3967 55.3714
internal_count=26017 16657 10542 6772 2902 43 3870 3770 3401 2031 369 298 55 1578 1370 2859 771 2088 1593 1280 918 81 594 1250 1224 498 177 275 837 640
is_linear=0
shrinkage=0.05


Tree=31
num_leaves=31
num_cat=0
split_feature=3 3 2 2 5 3 13 2 9 15 15 5 2 15 14 14 14 14 14 10 13 11 15 14 3 0 14 11 15 1
split_gain=177.729 153.432 55.5688 46.4864 47.9949 47.3419 25.755 17.5368 16.9924 17.1796 16.6931 17.3852 21.114 25.5887 17.6558 15.2826 15.2119 16.3168 15.6569 14.3908 13.9693 13.9286 13.222 17.3091 10.6278 18.6676 10.4798 10.2052 13.0931 13.1697
threshold=-26.559729346398161 6.7282523459269079 -0.00034798552928094745 0.00058957876720722158 1.5229996134516337 1.250064101845457 1.0319764010529904 -1.8258782400526123 -0.90143509228621499 -0.71905545913415103 0.32023118991915872 50.000000000000064 -0.48837381729911061 -1.791816300034798 0.11748778357806539 -1.5079008570164367 1.0661723746778089 -0.077050206406378233 -1.6385938770801325 0.34870195366156193 1.2292805152150756 10220055.500000002 -1.0380096320929302 1.4981571007112631 -6.710314489984234 -1.0000000180025095e-35 -2.2114344365593697 21400383.500000004 -0.35396691949030618 0.5067527955983494
decision_type=2 2 2 2 2 2 2 2 2 2 2 2 2 2 2 2 2 2 2 2 2 2 2 2 2 2 2 2 2 2
left_child=-1 2 7 6 5 -5 -4 8 9 -2 11 12 13 14 -9 -15 17 18 -11 -18 22 -17 -14 -24 -19 -26 -12 28 -6 -30
right_child=1 -3 3 4 27 -7 -8 10 -10 16 26 -13 20 15 -16 21 19 24 -20 -21 -22 -23 23 -25 25 -27 -28 -29 29 -31
leaf_value=-0.050637497320110463 0.049385994327186516 -0.047497361881062551 -0.051642084576088182 0.31348305607745353 -0.024948161999790532 -0.0021627725130290076 0.0057290966821968159 0.071390685989271577 0.05748015567890892 -0.011392699897987376 -0.017016769056650324 -0.041158369176680989 0.078417807520307622 -0.050828945467059343 0.0011642889529274811 -0.011700951158546295 0.056728209263794252 -0.066268663626408639 0.038423224198115252 -0.032315080720864552 0.0067442080036942053 0.035238435042631848 0.038061323268166893 -0.069778251047810533 0.036726174048437761 -0.052586492688566994 0.029419815120510107 0.021170121083603895 0.019374451724289879 -0.017700776589362401
leaf_weight=158.51005943119526 49.469573080539703 120.64121500402689 66.633834401145577 2.5106885060667983 47.509152382612228 2.2547270208597183 27.691536538302898 18.048892796039581 48.250873368233442 25.563182070851326 13.074291445314882 17.632649727165699 18.39215137809515 20.430236019194126 17.753835268318653 94.532903671264648 29.905229218304157 10.100630030035971 41.183422550559044 5.3492214381694785 47.116125665605068 18.976842559874058 39.113845735788345 4.112189568579196 12.539817087352274 10.967848360538484 171.83184946700931 60.09671620093286 69.686005668714643 36.497135400772095
leaf_count=9360 223 6115 3634 32 909 11 236 83 218 113 87 173 83 104 87 581 140 43 176 22 256 92 207 20 56 69 937 687 789 474
internal_value=-0.00100883 0.00584444 0.0121091 -0.00546277 0.00719853 0.164137 -0.0347994 0.0198055 0.0310538 0.0241643 0.0143492 0.0069887 0.0100373 -0.000981866 0.0365669 -0.0110188 0.0149636 0.00503802 0.0193443 0.0432175 0.027239 -0.00385351 0.0429103 0.0278023 -0.0233745 -0.00494397 0.0261364 0.00370033 -0.00313071 0.006631
internal_weight=1306.38 1147.87 1027.23 312.88 218.554 4.76542 94.3254 714.346 233.33 185.079 481.016 296.11 278.477 169.743 35.8027 133.94 135.609 100.355 66.7466 35.2545 108.734 113.51 61.6182 43.226 33.6083 23.5077 184.906 213.789 153.692 106.183
internal_count=26017 16657 10542 6772 2902 43 3870 3770 1060 842 2710 1686 1513 947 170 777 619 457 289 162 566 673 310 227 168 125 1024 2859 2172 1263
is_linear=0
shrinkage=0.05


Tree=32
num_leaves=31
num_cat=0
split_feature=3 3 2 2 5 0 13 4 14 14 4 1 14 15 5 8 2 13 14 10 15 10 1 13 13 10 14 9 3 14
split_gain=168.157 143.435 52.3072 42.6669 39.3315 42.7564 25.1457 16.7346 19.308 22.0841 18.8659 15.4457 14.1334 13.2528 11.8519 11.293 12.5707 13.0227 14.9537 10.4263 9.80719 12.5669 9.77151 9.75735 13.3449 11.5327 11.1076 10.8115 11.5741 9.56579
threshold=-26.559729346398161 8.3227101280961389 -0.00034798552928094745 0.00058957876720722158 1.5229996134516337 1.0000000180025095e-35 1.0319764010529904 16.924192065624933 1.0661723746778089 -0.11657863107025164 48.78414964312082 -1.4582348852662921 -1.4726601764054197 -1.666778805625037 49.999999999999972 -0.62144638647364581 -1.1680134040028889 1.0319764010529904 -0.63696635467410478 -2.0212950704627031 -1.2903612791229897 -1.3107306831327816 -0.0033283792388871798 1.556142120805134 -0.41714453797678086 1.1411557628331181 -1.1491419969318724 0.58088530788499126 -1.6350964508730599 -1.490029859693818
decision_type=2 2 2 2 2 2 2 2 2 2 2 2 2 2 2 2 2 2 2 2 2 2 2 2 2 2 2 2 2 2
left_child=-1 2 7 6 5 -5 -4 8 9 12 20 -11 13 -2 -15 16 -14 18 -18 -12 21 -9 -13 24 26 -26 -21 28 -25 -8
right_child=1 -3 3 4 -6 -7 29 10 -10 11 19 22 15 14 -16 -17 17 -19 -20 23 -22 -23 -24 27 25 -27 -28 -29 -30 -31
leaf_value=-0.050577005259311483 0.066612874860219037 -0.048559991701576329 -0.05157958760514586 0.00066465254324967436 0.0029770672902577375 0.28716494327276243 -0.056851629185144581 0.064392964042739254 0.047880369649588771 0.038210591170288868 -0.01994865649469384 -0.025744963414706102 0.042927006824099757 0.012384283746507033 -0.057220423309743057 0.056200477448793688 0.068565901683110567 -0.078904987460703513 -0.031676483601357504 -0.099967090408348516 -0.0093388114686596309 -0.0080872539176155521 0.039312814195329587 0.084291370916178388 0.029660808168039728 0.071203466125190157 0.015415631503579325 0.032848296187218427 -0.0074180346240070765 0.019266753427628486
leaf_weight=150.95524879544973 10.296460941433905 110.44348099082708 63.829177623614669 2.6399974524974814 218.29441625624895 2.569901704788208 5.0443717949092415 11.24147040396929 82.690515443682671 16.330728277564049 15.089966882020233 45.57926069945097 32.979563131928444 67.561578385531902 6.724476132541894 56.531345475465059 7.0375341959297666 4.8264036588370791 7.8929605744779119 3.234964057803154 113.30716027319431 12.778479501605032 6.6085269823670378 3.6641134917736045 89.581600423902273 20.536288812756538 5.8718359470367414 35.981980219483376 56.331235826015472 22.706852529197931
leaf_count=9360 50 6013 3656 22 2938 21 70 52 399 73 84 211 143 301 76 261 36 24 35 13 795 79 35 17 449 90 49 165 334 166
internal_value=-0.000990811 0.00558558 0.0114041 -0.00556028 0.00621741 0.141987 -0.034304 0.0189042 0.0268125 0.0201726 0.0114813 -0.00422703 0.0287969 0.013452 0.00608357 0.0406752 0.0240327 -0.00750693 0.0155731 0.020228 -0.00318674 0.0258339 -0.0175067 0.0230452 0.0325977 0.0374083 -0.0255712 0.011179 -0.00181704 0.00543063
internal_weight=1289.16 1138.21 1027.76 315.085 223.504 5.2099 91.5804 712.678 345.059 262.369 367.619 68.5185 193.85 84.5825 74.2861 109.268 52.7365 19.7569 14.9305 230.292 137.327 24.0199 52.1878 215.202 119.225 110.118 9.1068 95.9773 59.9953 27.7512
internal_count=26017 16657 10644 6873 2981 43 3892 3771 1644 1245 2127 319 926 427 377 499 238 95 71 1201 926 131 246 1117 601 539 62 516 351 236
is_linear=0
shrinkage=0.05


Tree=33
num_leaves=31
num_cat=0
split_feature=3 3 2 2 5 0 13 1 9 7 5 11 14 15 1 1 13 14 13 3 15 14 14 14 14 4 4 16 15 15
split_gain=159.158 134.27 47.4016 39.9375 34.0937 34.6963 24.4332 16.0363 12.2955 10.8464 14.7755 10.629 11.686 10.2058 9.59538 9.58918 9.3648 14.4562 10.1069 10.4993 12.3333 9.14535 8.89377 8.88693 16.0891 10.9854 18.8266 10.1283 11.1955 12.5949
threshold=-26.559729346398161 8.3227101280961389 -0.00034798552928094745 0.00058957876720722158 1.5229996134516337 1.0000000180025095e-35 1.0319764010529904 -2.1947704176153446 -2.496536794813669 -0.63064980148772587 10.289110381972895 -99955565.499999985 -1.6385938770801325 1.1172667829315281 -0.0044587222601866179 -0.0025522639557351563 -0.066393769787254697 0.22775846773354194 -0.19009971055955252 -0.37044656602660242 0.69156286077755469 -1.8739566682833109 -1.490029859693818 -0.27308362422042171 1.1288685793631255 25.333444946704336 41.923735704769946 -0.00024871499999999994 -0.32104924085647463 0.76856606138728456
decision_type=2 2 2 2 2 2 2 2 2 2 2 2 2 2 2 2 2 2 2 2 2 2 2 2 2 2 2 2 2 2
left_child=-1 2 7 6 5 -5 -4 11 -9 15 14 -2 13 -13 23 -10 17 18 19 20 -12 -16 -8 -11 27 -26 -27 28 -25 -30
right_child=1 -3 3 4 -6 -7 22 8 9 10 16 12 -14 -15 21 -17 -18 -19 -20 -21 -22 -23 -24 24 25 26 -28 -29 29 -31
leaf_value=-0.050517855954322469 0.0027263398449316233 -0.048376416853386589 -0.051523239222180099 0.00063117813083053719 0.0028223855375116166 0.25434326202002183 -0.05649306048289833 -0.020273062335489297 0.0053175967432860672 0.031979105345235008 -0.028226054825814081 0.049115902128608814 0.058505735708912966 -0.039542779495811455 -0.0054508648164655936 0.045661128707592209 -0.028511800049716231 -0.053396227510824214 0.10387942237714994 0.087800696024544544 0.097735601691766275 0.077624033642464896 0.01820021183918041 0.012722910564235426 0.054838918672372942 -0.060651480081275334 0.032147059879195902 0.052780991997122301 -0.047984543705894493 0.013143001157733656
leaf_weight=143.75698144268245 16.244132727384567 105.44579215161502 60.780924778431654 2.6409747004508963 218.73362486250699 2.7514406368136406 4.8280396182090071 23.361026212573051 212.96898379549384 155.5614108145237 10.3595541715622 6.5978163927793485 52.139572881162167 6.3894487023353577 4.2258263081312206 15.823355641216038 21.46595411002636 5.9047911688685408 4.2634126693010321 4.0513008758425739 2.3920125961303702 15.333780154585837 22.83228424936533 41.916369922459126 31.616685211658478 6.7777924835681906 28.228736445307732 8.448572672903536 22.67583379894495 13.410191863775252
leaf_count=9360 71 6013 3656 22 2938 21 70 133 1168 731 99 29 243 26 20 103 221 63 23 30 10 69 166 203 142 43 132 40 110 62
internal_value=-0.00096991 0.00534374 0.0108824 -0.00534285 0.00588431 0.130086 -0.0337945 0.0180238 0.0153209 0.0166944 0.0219105 0.0389101 0.0479352 0.00549778 0.025715 0.00810777 -0.00386818 0.0157454 0.0351255 0.0176805 -0.00459744 0.0596758 0.00516269 0.0235628 0.0150097 0.033475 0.0141799 0.000779435 -0.00485294 -0.0252685
internal_weight=1271.93 1128.17 1022.72 312.567 224.126 5.39242 88.4412 710.157 628.786 605.425 376.632 81.371 65.1268 12.9873 328.195 228.792 48.437 26.9711 21.0663 16.8029 12.7516 19.5596 27.6603 308.636 153.074 66.6232 35.0065 86.451 78.0024 36.086
internal_count=26017 16657 10644 6873 2981 43 3892 3771 3402 3269 1998 369 298 55 1552 1271 446 225 162 139 109 89 236 1463 732 317 175 415 375 172
is_linear=0
shrinkage=0.05


Tree=34
num_leaves=31
num_cat=0
split_feature=3 3 2 2 5 13 13 2 9 15 14 14 14 9 4 3 14 13 4 14 13 13 0 4 10 13 14 2 5 13
split_gain=150.656 125.712 42.9173 37.3726 29.5975 44.395 23.7408 15.4385 13.1091 14.185 14.0661 17.581 14.2919 12.6376 11.4373 15.8701 11.3065 10.9533 10.4149 11.4107 10.2736 11.2986 11.3094 9.7963 15.7038 9.57546 9.07071 20.7834 16.6644 14.7246
threshold=-26.559729346398161 8.3227101280961389 -0.00034798552928094745 0.00058957876720722158 1.5229996134516337 -0.036540122176452396 1.0319764010529904 -1.4843215522742914 -0.90143509228621499 -0.71905545913415103 1.0661723746778089 -0.077050206406378233 -1.6385938770801325 0.21578975249193552 30.784615384615467 -0.41817521118198214 -0.49670732062056133 0.93753234154725551 33.333333333333144 -0.61819330706125364 -0.21426972974502731 0.33417488265980516 1.0000000180025095e-35 21.542161856253689 0.34870195366156193 0.60961247565540699 -1.3867789348257109 -0.43513847189636523 45.021603761596396 0.79224433744866973
decision_type=2 2 2 2 2 2 2 2 2 2 2 2 2 2 2 2 2 2 2 2 2 2 2 2 2 2 2 2 2 2
left_child=-1 2 7 6 5 -5 -4 8 9 18 11 12 20 26 -15 17 -10 -16 -2 -20 -11 -22 -23 24 -12 -21 27 -9 29 -29
right_child=1 -3 3 4 -6 -7 -8 13 16 10 23 -13 -14 14 15 -17 -18 -19 19 25 21 22 -24 -25 -26 -27 -28 28 -30 -31
leaf_value=-0.050459895689170059 0.056073224796179488 -0.048189464761975082 -0.051468736781886959 0.27155544523715042 0.0026760309792107366 -0.011462197947539764 0.004908144018808863 -0.031937046411843757 0.070268151701450413 0.067093127041690126 0.06229994879747025 -0.023904591045359871 0.035149502664950406 0.055343524065242379 0.023859286854212625 0.039599240161672745 0.027012981164662421 -0.026522096073307536 0.062821488057571664 -0.066259132397753551 -0.076561436251598794 -0.036050796407894388 0.048508218615486376 -0.026533371262206978 -0.029406370738466438 0.027310600454853663 0.010952739193660681 0.074254148202692202 -0.056511064843227599 -0.0015523802971677718
leaf_weight=136.89899965934455 39.548839908093214 100.68255743384361 57.876289860345423 2.5764037147164345 219.15055140666664 2.9979952946305266 27.568926140666008 42.06666723638773 28.15680880099535 3.6445098668336895 29.12531066685915 38.421533912420273 45.163601323962212 25.629272159188986 19.661305081099272 40.840100727975368 32.598038144409657 23.904309563338757 6.3649221360683468 5.6976225078105909 6.9485961347818401 9.3667024224996585 6.8430805802345267 5.1130350157618514 5.5591654479503623 5.2568749934434891 256.93251310661435 13.713182345032697 5.5744890831410876 12.021124191582201
leaf_count=9360 188 6013 3656 22 2938 21 236 226 126 16 139 202 199 132 117 201 155 136 28 26 32 45 28 29 23 23 1500 58 73 69
internal_value=-0.000948909 0.00510827 0.0103779 -0.00513196 0.00557004 0.119344 -0.0332787 0.0171712 0.0266377 0.0206455 0.0125923 0.00340456 0.0179844 0.0114138 0.0260896 0.0172068 0.0470596 -0.00378481 0.0419133 0.009579 -0.0109393 -0.0232195 -0.000353579 0.0380769 0.0476014 -0.0213566 0.00652485 -0.00897992 0.0218654 0.0388431
internal_weight=1255.9 1119 1018.32 310.17 224.725 5.5744 85.4452 708.152 267.809 207.054 150.186 110.388 71.9665 440.343 110.035 84.4057 60.7548 43.5656 56.8683 17.3194 26.8029 23.1584 16.2098 39.7975 34.6845 10.9545 330.308 73.3755 31.3088 25.7343
internal_count=26017 16657 10644 6873 2981 43 3892 3771 1259 978 713 522 320 2512 586 454 281 253 265 77 121 105 73 191 162 49 1926 426 200 127
is_linear=0
shrinkage=0.05


Tree=35
num_leaves=31
num_cat=0
split_feature=3 3 2 2 5 13 13 1 9 11 14 7 5 15 1 11 15 1 9 9 0 1 10 15 16 5 3 14 3 14
split_gain=142.634 117.743 38.9565 34.875 24.0068 30.6265 23.1362 14.6498 11.0396 9.86344 10.4727 9.50555 13.1044 8.74485 8.74237 8.62287 11.8677 12.4827 14.4238 17.2765 10.0422 11.8728 10.5416 13.2011 9.00763 10.9903 8.9322 8.771 12.2992 9.90358
threshold=-26.559729346398161 8.3227101280961389 -0.00034798552928094745 0.00058957876720722158 1.5229996134516337 -0.036540122176452396 1.0319764010529904 -2.1947704176153446 -2.496536794813669 -99955565.499999985 -1.6385938770801325 -0.63064980148772587 10.289110381972895 1.1172667829315281 -0.0013960360645270951 21400383.500000004 -0.35396691949030618 0.39124791690724958 0.23918336647232086 0.83529445709476502 -1.0000000180025095e-35 0.46851103418602386 1.6412260657093201 -0.62089771620645751 -0.00024871499999999994 99.21085653707199 3.6538652851356823 -2.0553195643000834 0.53619775838285588 2.9336791226828081
decision_type=2 2 2 2 2 2 2 2 2 2 2 2 2 2 2 2 2 2 2 2 2 2 2 2 2 2 2 2 2 2
left_child=-1 2 7 6 5 -5 -4 9 -9 -2 13 -10 14 -11 -13 16 27 18 -18 -20 21 -17 -23 26 -22 -26 -24 28 -6 -29
right_child=1 -3 3 4 15 -7 -8 8 11 10 -12 12 -14 -15 -16 20 17 -19 19 -21 24 22 23 -25 25 -27 -28 29 -30 -31
leaf_value=-0.050402984933609667 0.0016845840684677406 -0.047998778416913093 -0.051416000429577315 0.21332950189053557 0.11885162849080444 -0.010905266358996409 0.0046542141699250786 -0.02002632997386454 0.0070859143588690157 0.046252973611364739 0.055753305597895368 0.021901448326848649 -0.0043016288357884081 -0.036522347307212398 0.062566092139821297 0.06275827027047369 -0.0015587723548591303 -0.014765962602138111 0.082491589273222365 0.0039742618402361816 -0.037799272798766659 -0.01610508725366307 0.037804887402944902 -0.0086921089118283008 0.075993831352002383 -0.053304196432861141 0.17190153966421184 -0.037240225795809601 -0.034929335316083339 0.073496993369611463
leaf_weight=130.36570234410465 16.102034509181976 96.143187656998634 55.108677470125258 3.0992077812552452 2.437627561390399 2.9936616122722617 27.618114056065679 23.208574522286654 228.74510716274381 6.4110239595174772 50.459209240972996 312.16012419015169 48.228342320770025 6.3521812707185745 13.801440864801405 17.938030734658241 35.425448158755898 44.822792656719685 15.225688718259336 12.977263178676365 12.232720948755743 15.489431466907265 2.3953243941068649 4.8354155495762807 4.858635500073432 2.483567738905549 2.5787657909095287 40.935330769047141 2.7865077294409275 2.1237908061593762
leaf_count=9360 71 6013 3656 22 11 21 236 133 1271 29 243 1487 446 26 65 164 428 582 138 138 191 188 27 45 27 51 23 838 69 18
internal_value=-0.000928035 0.00488275 0.00989757 -0.00492699 0.00525445 0.103154 -0.0326971 0.0163775 0.0138129 0.0366208 0.0455187 0.0151155 0.0200241 0.00505612 0.0236232 0.00253753 -0.00373542 0.00544479 0.0196822 0.0463627 0.0181904 0.0316424 0.00957986 0.050137 -0.0115222 0.0322576 0.107326 -0.0243555 0.0368262 -0.0317784
internal_weight=1240.34 1109.98 1013.83 308.366 225.639 6.09287 82.7268 705.468 626.144 79.3244 63.2224 602.935 374.19 12.7632 325.962 219.546 156.734 108.451 63.6284 28.203 62.8119 43.237 25.2989 9.80951 19.5749 7.3422 4.97409 48.2833 5.22414 43.0591
internal_count=26017 16657 10644 6873 2981 43 3892 3771 3402 369 298 3269 1998 55 1552 2938 2222 1286 704 276 716 447 283 95 269 78 50 936 80 856
is_linear=0
shrinkage=0.05


Tree=36
num_leaves=31
num_cat=0
split_feature=3 3 2 2 13 5 13 2 9 15 14 14 14 9 14 4 3 4 11 13 13 13 0 12 9 10 4 9 2 1
split_gain=135.03 110.276 35.2922 32.4929 22.5434 19.9839 28.4232 13.9839 11.9929 12.94 13.8106 15.3056 13.0369 11.216 10.7278 10.4282 14.0859 10.0351 11.515 9.9315 9.57755 9.7294 11.5831 9.32801 11.7963 9.18688 13.8373 9.12309 8.97216 8.65482
threshold=-26.559729346398161 8.3227101280961389 -0.00034798552928094745 0.00058957876720722158 1.0319764010529904 1.5229996134516337 -0.051023292611758538 -1.4843215522742914 -0.90143509228621499 -0.66942506508682931 1.0661723746778089 -0.077050206406378233 -1.6385938770801325 0.21578975249193552 -0.49670732062056133 30.784615384615467 -0.41817521118198214 33.333333333333144 -17672736.999999996 0.93753234154725551 -0.21426972974502731 0.33417488265980516 1.0000000180025095e-35 -365.98049999983044 -1.7867447689749947 0.34870195366156193 8.8228999464956051 -1.4863177287572154 -3.1836889839312521 -0.0019099544964601438
decision_type=2 2 2 2 2 2 2 2 2 2 2 2 2 2 2 2 2 2 2 2 2 2 2 2 2 2 2 2 2 2
left_child=-1 2 7 4 -4 6 -5 8 9 17 11 12 20 29 -10 -15 19 -2 -19 -17 -11 -22 -23 24 -14 26 -12 -13 -16 -9
right_child=1 -3 3 5 -6 -7 -8 13 14 10 25 27 23 15 28 16 -18 18 -20 -21 21 22 -24 -25 -26 -27 -28 -29 -30 -31
leaf_value=-0.050346981506437398 0.052847935385096925 -0.047804021145207848 -0.051364957064701205 0.2053467970999503 0.0044138604836275117 0.0023893873405520733 -0.004264694999073353 0.0025921801495655647 0.067347153719272732 0.063575071965684377 0.062065199038428637 -0.0061438674663600815 0.031845799400212808 0.052147210005865134 0.062755555692736956 0.02194736674910483 0.036490845033398493 0.03886370589148741 -0.044705839394207726 -0.02605300554243814 -0.07429328973876316 -0.040370235980822525 0.046338704021157244 0.047289557456725098 -0.067520409788438138 -0.019820995449646186 -0.025237090638892852 -0.057983655722983987 0.0065308517049730858 0.027750113994305277
leaf_weight=124.14217223320156 39.974229771643877 91.817523535341024 52.471778477542102 2.9702263996005058 27.664709016680717 218.90909657999873 3.5505034253001204 292.06267924234271 27.484325632452965 3.584661632776263 26.897403106093407 24.916407555341721 8.5043970644474012 25.283465951681137 10.524436607956885 19.709427319467068 41.242806799709797 10.992340087890627 6.5950478166341773 23.775597013533115 6.8168770521879223 8.8757057338953 6.8041992783546439 30.876833997666836 4.6036650985479346 6.0441352725028983 5.460175283253192 12.871221445500849 21.778168886899948 38.717912174761295
leaf_count=9360 194 6013 3656 18 236 2938 25 1644 126 16 132 132 38 132 52 117 201 50 29 136 32 43 28 139 20 25 32 68 103 282
internal_value=-0.00091117 0.00465897 0.00942848 -0.0047625 -0.032109 0.00495872 0.0912144 0.0155845 0.0246945 0.0189183 0.0110147 0.00184663 0.015679 0.0101365 0.0443858 0.0239666 0.0155572 0.0390003 0.00752618 -0.00429701 -0.0123294 -0.0244242 -0.00274342 0.032287 -0.00305247 0.0367638 0.0473334 -0.0238015 0.0248493 0.00553692
internal_weight=1225.92 1101.78 1009.96 305.566 80.1365 225.43 6.52073 704.396 263.604 203.817 146.256 107.854 70.0663 440.792 59.7869 110.011 84.7278 57.5616 17.5874 43.485 26.0814 22.4968 15.6799 43.9849 13.1081 38.4017 32.3576 37.7876 32.3026 330.781
internal_count=26017 16657 10644 6873 3892 2981 43 3771 1259 978 705 516 316 2512 281 586 454 273 79 253 119 103 71 197 58 189 164 200 155 1926
is_linear=0
shrinkage=0.05


Tree=37
num_leaves=31
num_cat=0
split_feature=3 3 2 2 13 5 13 1 9 11 14 15 15 5 1 9 5 10 14 1 1 2 14 14 13 13 0 3 14 13
split_gain=127.89 103.355 32.0161 30.3088 21.9618 16.9655 21.8257 13.2806 9.93051 9.17224 9.28927 8.85181 10.2854 11.5222 10.928 10.066 9.9607 9.62319 10.4929 17.6577 11.3553 11.3435 11.0496 18.2829 15.4439 11.1186 13.4586 14.3001 12.6184 9.23978
threshold=-26.559729346398161 8.3227101280961389 -0.00034798552928094745 0.00058957876720722158 1.0319764010529904 1.5229996134516337 -0.051023292611758538 -2.1947704176153446 -2.496536794813669 -99955565.499999985 -1.6385938770801325 -3.2287100549927747 0.32023118991915872 50.000000000000064 -0.0025522639557351563 -0.79793344572097391 32.371705963939135 1.8622173674133073 -0.11657863107025164 -0.024209384497098082 -0.037432113771462806 -1.4843215522742914 -2.6780743939598532 -1.4726601764054197 1.0720890637746046 1.0319764010529904 -1.0000000180025095e-35 -0.63124444504706989 -0.65848059592855945 1.8613057784616458
decision_type=2 2 2 2 2 2 2 2 2 2 2 2 2 2 2 2 2 2 2 2 2 2 2 2 2 2 2 2 2 2
left_child=-1 2 7 4 -4 6 -5 9 -9 -2 -11 -10 13 14 17 -14 -17 18 19 21 -20 -13 -23 24 -24 28 27 -27 -25 -26
right_child=1 -3 3 5 -6 -7 -8 8 11 10 -12 12 15 -15 -16 16 -18 -19 20 -21 -22 22 23 25 29 26 -28 -29 -30 -31
leaf_value=-0.050291752602802733 0.00066526914662441022 -0.047604850010293291 -0.051315528896294954 0.17443291466925309 0.0041863107216044962 0.0022661982830409549 -0.0040551643123833215 -0.019748619749154015 0.069131540108237619 0.0048512878511093914 0.053137357628024774 0.03995082065235693 0.012776917383300083 -0.029454095798333354 0.051473968469411317 0.039772955182002211 -0.010419090205652806 0.052311504993430825 -0.0054723912782704155 -0.076687306758878165 0.069959295495288426 0.097618397353149353 -0.065543208035734712 0.073217637347514825 0.06610055843131625 0.05628378175754694 -0.059972619081219772 -0.011670436296408015 0.011735947984633347 -0.019235614948570866
leaf_weight=118.2141182217747 15.943551771342753 87.695826796814799 49.959566103294492 3.3116979449987411 27.708853958174586 219.25917997956276 3.5473433658480635 23.067587289959192 7.1119319796562186 12.526149332523344 48.627957105636597 43.767748259007931 145.06105613335967 19.785911854356527 15.033406324684618 82.791203781962395 11.224776744842528 11.728513285517691 150.54687917232513 5.0287464261054984 5.160204403102397 3.4502542689442626 13.73069988936186 15.952446579933165 4.6992595493793479 12.953661873936648 7.194366291165351 19.24220392853022 17.501401178538799 9.7601394504308683
leaf_count=9360 71 6013 3656 18 236 2938 25 133 33 55 243 203 763 187 84 399 102 54 869 22 25 19 67 70 22 60 60 92 87 51
internal_value=-0.000887978 0.0044535 0.00899303 -0.00456746 -0.0315148 0.00468856 0.0821229 0.0148622 0.0124462 0.0344412 0.043247 0.0136804 0.0130172 0.00762466 0.00980973 0.0210364 0.0337804 0.00785675 0.00616934 0.0154559 -0.00297255 0.0185814 0.00962998 0.00662523 -0.0275654 0.0198568 0.00185455 0.0156702 0.0410535 0.00849838
internal_weight=1211.59 1093.37 1005.68 303.787 77.6684 226.118 6.85904 701.89 624.792 77.0977 61.1541 601.725 594.613 355.536 335.75 239.077 94.016 320.717 308.988 153.281 155.707 148.252 104.484 101.034 28.1901 72.8441 39.3902 32.1959 33.4538 14.4594
internal_count=26017 16657 10644 6873 3892 2981 43 3771 3402 369 298 3269 3236 1972 1785 1264 501 1701 1647 753 894 731 528 509 140 369 212 152 157 73
is_linear=0
shrinkage=0.05


Tree=38
num_leaves=31
num_cat=0
split_feature=3 3 2 2 13 5 13 1 16 9 15 13 3 10 5 2 3 11 2 3 10 7 10 15 1 3 15 9 14 8
split_gain=121.135 96.8867 29.0306 28.2621 21.3906 14.6057 17.4568 12.4276 9.32814 9.25342 13.3213 12.8467 14.8157 11.6976 15.5894 11.5066 19.4875 16.0482 11.4876 11.005 17.035 12.0332 11.0029 10.8811 9.31165 9.27792 8.43118 8.23754 8.18151 7.95942
threshold=-26.559729346398161 8.3227101280961389 -0.00034798552928094745 0.00058957876720722158 1.0319764010529904 1.5229996134516337 -0.051023292611758538 -2.5848048578487388 -0.00072966499999999989 -0.87543337448318936 0.94743569097501346 2.8578780214216581 -0.37044656602660242 -0.65911683625050765 1.0000000180025095e-35 -0.54966633663780262 -2.2319430819967359 22112517.500000004 -0.0053401727484470021 -0.37044656602660242 -1.477450048865135 -0.63064980148772587 -1.2067566823216465 -2.6259569543127301 -0.71386255339061966 -0.1639086539062152 -1.791816300034798 0.39516747029872162 -1.490029859693818 -0.017457145156813771
decision_type=2 2 2 2 2 2 2 2 2 2 2 2 2 2 2 2 2 2 2 2 2 2 2 2 2 2 2 2 2 2
left_child=-1 2 7 4 -4 6 -5 8 -2 18 11 13 -13 22 15 16 29 -18 19 21 -21 23 24 -9 -11 26 -14 -17 -6 -15
right_child=1 -3 3 5 28 -7 -8 9 -10 10 -12 12 25 14 -16 27 17 -19 -20 20 -22 -23 -24 -25 -26 -27 -28 -29 -30 -31
leaf_value=-0.050237157239952361 -0.0095329774942186276 -0.047400915558617217 -0.051267657981847951 0.15258832516995091 -0.056261414863693883 0.0021495441966019463 -0.0038557568028116974 0.067402418345969009 0.044447896558419686 0.054313155196310831 0.039666358216526046 -0.047827412344238235 -0.017276686147188584 -0.013815965876830261 -0.029677872988569543 0.018101831804001541 -0.038422883315843794 0.041930554522753738 0.072361579644574611 0.0570426271033104 -0.03895992361661707 0.016944124069874982 0.059936272364589649 -0.0051702019177578534 -0.0020790741284969164 -0.042014658025068839 0.057774764010508142 0.064456860192737567 0.016207725738973514 0.058954284138630214
leaf_weight=112.56788793578744 9.5069510936737043 83.768791173584759 47.566269432194531 3.5885145217180252 4.6858822908252504 219.59155262447894 3.5443400070071212 5.3669797703623763 50.591172456741333 11.094114996492861 60.963934287428856 16.99362175911665 5.6277046799659773 4.9177823215723064 20.700640313327312 21.071654044091702 26.326484277844429 8.1335280984640104 6.5796061977744094 5.595758043229579 26.520968679338694 182.64282923191786 27.751032155007124 137.2198530472815 21.519809179008007 5.5351141840219489 11.168136224150658 17.579580716788769 23.064801372587681 15.928219780325888
leaf_count=9360 44 6013 3656 18 70 2938 25 27 249 55 335 96 26 21 188 97 133 36 36 31 174 969 150 753 124 26 49 78 166 74
internal_value=-0.000866961 0.00425447 0.00857563 -0.00437853 -0.0309149 0.00443676 0.0748507 0.0141705 0.0359086 0.0121268 0.0190433 0.0131777 -0.0126463 0.0189799 0.00960079 0.0182547 0.00362703 -0.0194572 0.00689445 0.00568904 -0.0222332 0.00844639 0.0367947 -0.00243856 0.0171036 0.0141262 0.0326276 0.0391853 0.00397084 0.041787
internal_weight=1197.71 1085.15 1001.38 302.041 75.317 226.724 7.13285 699.335 60.0981 639.237 275.311 214.347 39.3246 175.023 114.658 93.9572 55.306 34.46 363.926 357.346 32.1167 325.23 60.365 142.587 32.6139 22.331 16.7958 38.6512 27.7507 20.846
internal_count=26017 16657 10644 6873 3892 2981 43 3771 293 3478 1488 1153 197 956 627 439 264 169 1990 1954 205 1749 329 780 179 101 75 175 236 95
is_linear=0
shrinkage=0.05


Tree=39
num_leaves=31
num_cat=0
split_feature=3 3 2 2 13 3 5 4 2 15 14 9 15 5 1 14 14 10 14 13 13 3 14 10 8 11 14 14 1 11
split_gain=114.75 91.0791 29.3577 26.7428 21.7779 14.2327 13.1908 15.783 12.8658 14.1499 14.4789 13.0078 12.8488 11.3147 16.3334 11.2479 10.9887 12.1841 10.8957 11.0685 12.2496 12.6276 10.8758 10.7332 10.0148 9.88628 13.6796 9.78544 10.3495 11.3226
threshold=-26.559729346398161 114.74635464026052 -0.00054803384053059279 0.00058957876720722158 1.0319764010529904 1.4350780188265 65.132583311557141 33.40306834030681 -1.8258782400526123 0.32023118991915872 -2.9511075902869544 -0.90143509228621499 -0.71905545913415103 50.000000000000064 -0.0025522639557351563 -0.077050206406378233 1.0661723746778089 0.34870195366156193 -0.077050206406378233 -0.34069051904399578 0.24875632794254168 -5.8581456346523142 -1.490029859693818 1.8622173674133073 -1.5656896456407179 21400383.500000004 2.6147011887339415 0.83135161389955126 0.26680007050465232 59746485.000000007
decision_type=2 2 2 2 2 2 2 2 2 2 2 2 2 2 2 2 2 2 2 2 2 2 2 2 2 2 2 2 2 2
left_child=-1 2 5 4 -4 8 7 -5 11 10 -10 12 -2 14 23 -9 18 -18 19 -14 21 -21 -6 -12 -22 26 -8 28 -27 -30
right_child=1 -3 3 6 22 -7 25 15 9 -11 13 -13 16 -15 -16 -17 17 -19 -20 20 24 -23 -24 -25 -26 27 -28 -29 29 -31
leaf_value=-0.050183071841165022 0.039762523764258165 -0.050718326502839778 -0.050792005613906135 0.09815852821628325 -0.059550499034775078 0.11009527766544963 -0.013626086756245321 -0.051665430788563199 0.10983603434916367 0.019305934790419151 -0.0020913194099634216 0.047282143944683025 0.060708509916904865 -0.03973596207982491 0.056591561328413503 0.027211145146505425 0.047996704834750901 -0.0349558597603042 -0.022965537653052447 -0.075791508759750631 -0.023743684023511555 0.013266499273381187 0.0181620693137013 0.048760868751192031 0.034849212094953216 0.070905713973837603 0.059024940323721235 -0.015661651290342075 -0.0075172422346520031 0.05540184057551728
leaf_weight=107.19040303956717 45.601843405514956 70.882386173121631 48.498874958604574 6.8811918124556533 5.5379622746259001 3.8031586930155745 122.71646382845938 5.3127195984125128 3.0557065121829501 184.18668987974524 245.26662348583341 44.464401423931122 10.032708346843718 16.530094586312771 13.44813374429941 30.281436607241631 26.682354345917705 5.3070970475673667 32.835601575672626 8.3242161273956281 9.9583098664879746 7.6274394840002051 24.0707613453269 10.834880754351614 27.245273433625702 10.504643553867934 6.840521899983286 18.573090033605695 21.199015330523256 10.789443995803593
leaf_count=9360 223 5605 3896 40 75 18 2032 46 18 1022 1348 218 47 166 77 202 140 22 168 35 45 38 170 50 124 102 62 285 287 96
internal_value=-0.000846216 0.00406279 0.00792107 -0.0048426 -0.0301631 0.0136347 0.00364191 0.0288392 0.0131041 0.0084744 0.00157444 0.0231524 0.0169726 0.000418062 0.0028805 0.0154382 0.00885417 0.0342348 0.000398833 0.0125401 0.00344865 -0.0332076 0.00362685 6.0083e-05 0.0191656 -0.00197265 -0.00979016 0.0146128 0.0278454 0.0137048
internal_weight=1184.48 1077.29 1006.41 311.206 78.1076 695.205 233.099 42.4753 691.401 473.322 289.135 218.079 173.615 286.08 269.55 35.5942 128.013 31.9895 96.0235 63.1879 53.1552 15.9517 29.6087 256.102 37.2036 190.623 129.557 61.0662 42.4931 31.9885
internal_count=26017 16657 11052 7293 4141 3759 3152 288 3741 2681 1659 1060 842 1641 1475 248 619 162 457 289 242 73 245 1398 169 2864 2094 770 485 383
is_linear=0
shrinkage=0.05


Tree=40
num_leaves=31
num_cat=0
split_feature=3 3 2 2 13 3 2 5 4 14 14 14 13 4 9 1 14 14 11 14 14 14 3 15 14 14 16 4 9 15
split_gain=108.72 85.7664 26.6445 26.3695 22.0245 12.6733 12.1089 11.7837 14.1756 11.3387 9.56451 25.9071 14.9805 12.9812 12.0744 10.4123 9.8719 8.95072 8.5673 12.3418 10.8408 10.1609 12.9922 12.0503 8.91898 9.31176 14.5095 10.3206 8.48184 8.42624
threshold=-26.559729346398161 114.74635464026052 -0.00022024465094055981 0.00058957876720722158 1.8613057784616458 1.4350780188265 -1.4843215522742914 68.885688967656179 33.40306834030681 -0.077050206406378233 -0.077050206406378233 0.8119074016973532 1.5058913959418516 25.333444946704336 -0.90143509228621499 -3.7859611973223291 1.4764404004641645 -2.9511075902869544 21400383.500000004 2.6147011887339415 0.83135161389955126 -1.9227232942814008 0.53619775838285588 -0.63618086138048124 0.59225775207318521 0.79625846259392052 -0.00046988499999999991 99.999977881215059 -1.0000000180025095e-35 0.32023118991915872
decision_type=2 2 2 2 2 2 2 2 2 2 2 2 2 2 2 2 2 2 2 2 2 2 2 2 2 2 2 2 2 2
left_child=-1 2 5 4 -4 6 10 8 28 -10 14 12 15 -13 17 -12 -15 -2 19 21 -20 22 -9 -23 -25 26 -26 -27 -5 -8
right_child=1 -3 3 7 -6 -7 29 18 9 -11 11 13 -14 16 -16 -17 -18 -19 20 -21 -22 23 -24 24 25 27 -28 -29 -30 -31
leaf_value=-0.05012936116273059 -0.02392989011129204 -0.05068340026345667 -0.050788008965060305 0.017849783280485091 0.0073319672000688165 0.10352910225534043 0.0019021609153203332 0.074103085243404976 -0.051587563208679202 0.024752970207000201 0.057522009066956814 0.04054518099940109 0.032513014166481183 0.02344041049708747 0.058447813471984904 -0.041838866437838997 -0.052112656055587375 0.027017788997885268 0.027108747214620438 0.054911578153910338 -0.019959990273228256 -0.046332366485608158 -0.022995708891047677 -0.020590360662356751 0.1789460843721962 -0.017199507052296708 0.00024383205728633448 0.067152115861906045 0.13216603815320643 0.01616180551103099
leaf_weight=102.06918035913259 9.5018868520855886 67.470699852332473 47.991235377267003 2.5345507264137268 24.684426123276353 3.841078281402587 268.47702309768647 7.0780339147895557 5.6394859850406638 35.371757160872221 2.8660951405763617 58.157903898507357 11.137173071503637 10.288252860307695 29.811994608491659 32.938363268971443 7.4573839977383605 92.972781106829643 41.958686085417867 6.9815032780170432 17.267529787495732 28.827375700697303 6.7119176033884287 50.205668592825532 2.0547410044819117 16.301264641806487 2.5400294028222588 4.6637068670243016 4.5097017213702193 168.6946068406105
leaf_count=9360 50 5605 3904 17 212 18 1559 61 50 232 15 293 50 49 144 185 36 436 479 62 280 688 135 739 18 267 35 66 23 949
internal_value=-0.000826302 0.00388148 0.00755762 -0.00475716 -0.0310474 0.0129588 0.0124562 0.00345559 0.0255101 0.0142553 0.0211123 0.0110661 -0.0181318 0.0291233 0.0304414 -0.0338852 -0.00830983 0.0222937 -0.00228598 -0.00968983 0.0133858 -0.0134996 0.0268427 -0.0188185 -0.00835001 0.0156931 0.0801579 0.00156471 0.0910346 0.00740463
internal_weight=1171.01 1068.94 1001.47 305.322 72.6757 696.145 692.303 232.646 48.0555 41.0112 255.132 122.845 46.9416 75.9035 132.287 35.8045 17.7456 102.475 184.59 125.364 59.2262 118.383 13.79 104.593 75.7654 25.5597 4.59477 20.965 7.04425 437.172
internal_count=26017 16657 11052 7268 4116 3784 3766 3152 322 282 1258 628 250 378 630 200 85 486 2830 2071 759 2009 196 1813 1125 386 53 333 40 2508
is_linear=0
shrinkage=0.05


Tree=41
num_leaves=31
num_cat=0
split_feature=3 3 2 9 2 13 13 5 1 14 2 9 14 2 15 14 14 14 4 11 14 2 5 13 15 15 15 2 3 10
split_gain=103.012 80.7891 24.2605 12.6158 16.5742 13.5917 18.7173 15.98 12.3795 15.4758 10.6637 9.90002 9.51295 12.7056 9.41517 11.0557 11.1457 11.1376 9.54166 12.1641 9.12736 15.8791 12.8041 15.8994 14.4978 12.0276 10.525 10.4996 11.2357 14.5778
threshold=-26.559729346398161 114.74635464026052 -1.4843215522742914 0.21578975249193552 -2.8449465006019632e-06 -0.019086249513211865 1.0000000180025095e-35 50.000000000000291 0.60372147661535391 1.4583845072350241 -2.8995246481589016e-07 -0.92354957499779811 -0.077050206406378233 -1.8258782400526123 -0.66942506508682931 1.0661723746778089 -0.077050206406378233 -1.5578102627792709 33.333333333333144 -17672736.999999996 -1.3867789348257109 -0.43513847189636523 45.021603761596396 0.79224433744866973 -0.46142607888806975 -1.8446423032008867 0.37154526794557408 -0.0033159586187991859 -0.37044656602660242 1.4266929866992204
decision_type=2 2 2 2 2 2 2 2 2 2 2 2 2 2 2 2 2 2 2 2 2 2 2 2 2 2 2 2 2 2
left_child=-1 2 11 4 20 7 -7 -5 9 -8 -6 14 -13 -14 18 16 17 -16 -2 -20 21 25 23 -23 -25 -4 -27 28 29 -22
right_child=1 -3 3 5 10 6 8 -9 -10 -11 -12 12 13 -15 15 -17 -18 -19 19 -21 27 22 -24 24 -26 26 -28 -29 -30 -31
leaf_value=-0.050075893876012946 0.046939343665641856 -0.050650176673938091 0.06858768569524408 0.062241776438357425 -0.050801160175334786 -0.047574376466158357 0.0075312599132303058 0.012613333209044461 -0.015165104163901742 0.047739334319256282 -0.011277961686212892 0.057202908325443516 0.034592947116606036 -0.048218976209970753 -0.012433517877599767 0.032173553757896434 -0.02207811100618812 0.029022318521529623 0.033672143886557468 -0.054731701292016315 0.0075117729514751243 0.068278097396604925 -0.055915689094856481 0.058208639727397038 -0.049245418741726825 -0.063559116516289385 -0.01164580712581352 0.06425767605340009 -0.016658017306170763 0.060016286186732097
leaf_weight=97.192279642447829 37.241841435432434 64.221154906786978 2.7704060524702063 24.901392048224807 20.073728727176785 15.869892587885259 116.52158454433084 46.526238000020385 41.424345385283232 30.116807039827108 113.92042724788189 31.591663014143705 21.925202593207363 5.8723681569099417 27.341146871447563 35.908066138625145 36.900318033993244 39.766167439520359 10.716072537004949 6.1096446365118018 193.6276097856462 13.051094755530363 5.3368234112858763 5.0025909617543247 8.426538988947863 20.817041538655758 18.387312546372414 8.0433223191648704 44.224482376128435 14.188984498381613
leaf_count=9360 191 5605 14 208 1791 1375 943 480 655 210 2177 155 111 30 126 186 199 186 50 27 1117 58 73 28 50 111 101 58 266 76
internal_value=-0.000808158 0.00370573 0.00720843 0.00265355 -0.00234395 0.0111449 0.00457066 0.029915 0.00897098 0.0157893 -0.017199 0.0205695 0.0384318 0.0170985 0.0151008 0.00825326 -5.09173e-06 0.0121322 0.032821 0.00157152 0.00361779 -0.0119026 0.0147379 0.0289775 -0.00921686 -0.0320962 -0.0392112 0.00802128 0.00622662 0.0110966
internal_weight=1158.02 1060.82 996.603 743.231 467.87 275.36 203.933 71.4276 188.063 146.638 133.994 253.372 59.3892 27.7976 193.983 139.916 104.008 67.1073 54.0676 16.8257 333.876 73.7918 31.817 26.4802 13.4291 41.9748 39.2044 260.084 252.041 207.817
internal_count=26017 16657 11052 9791 5920 3871 3183 688 1808 1153 3968 1261 296 141 965 697 511 312 268 77 1952 435 209 136 78 226 212 1517 1459 1193
is_linear=0
shrinkage=0.05


Tree=42
num_leaves=31
num_cat=0
split_feature=3 3 2 11 2 2 2 14 13 13 15 13 15 15 15 13 14 3 4 11 15 5 14 1 9 15 14 13 13 3
split_gain=97.6298 76.1426 22.1883 12.3307 16.2687 22.8788 12.8914 12.7792 12.1974 11.0347 14.1754 14.0809 13.8085 10.777 12.6869 18.8363 14.8231 11.0456 10.7769 10.2724 10.2674 12.0656 10.1104 9.57553 9.17569 9.69965 9.86453 11.1783 15.569 19.5521
threshold=-26.559729346398161 114.74635464026052 -1.4843215522742914 22112517.500000004 -2.8449465006019632e-06 0.00058957876720722158 -0.40584628267434369 -1.5079008570164367 3.0607301204387998 1.9755272202579406 -1.9615167930544501 4.7749618229434381 0.039531586695142749 -2.3126456227057974 1.0572174112346366 0.79224433744866973 -1.2060515772896141 -0.68960566529344802 42.609663064208469 691172.00000000012 -0.66942506508682931 23.410988419068385 0.53631151853388992 -0.18554220659883211 -0.90143509228621499 -0.71905545913415103 1.0661723746778089 -0.48735771752019424 0.27743091540442144 -6.710314489984234
decision_type=2 2 2 2 2 2 2 2 2 2 2 2 2 2 2 2 2 2 2 2 2 2 2 2 2 2 2 2 2 2
left_child=-1 2 24 4 6 8 7 -4 -6 12 -11 -12 18 -8 -15 16 -16 -18 19 -9 -7 -22 -5 -21 25 -2 27 -27 29 -29
right_child=1 -3 3 22 5 20 13 9 -10 10 11 -13 -14 14 15 -17 17 -19 -20 23 21 -23 -24 -25 -26 26 -28 28 -30 -31
leaf_value=-0.050022549097504546 0.032881089683222599 -0.050618569291805707 -0.026783234435828803 0.027763027530769348 -0.05218145525925913 -0.023358067232114182 -0.047340337055112071 -0.034448635391002506 0.0050648251333101288 0.035418268539214308 -0.036339275826839837 0.051492372909231254 0.028868881466492621 0.029172168135035967 0.069860280537385008 -0.048119229417775328 0.032261955675249747 -0.072976091925105707 0.01743224577499326 -0.021479435316820207 0.085321855678813827 0.0022048694945861914 -0.0013235500706144944 0.052673679760028416 0.037550111628054009 0.040893502941757559 0.030278008831625243 -0.072359036568150459 0.011128947220596621 -2.7696376372115345e-05
leaf_weight=92.548278296366334 52.884939316660166 61.126233372837305 40.911963187158108 78.664795661345124 42.206417864188552 42.047758428379893 6.1315210759639731 31.663830578327179 11.936456669121979 11.365646027028559 41.987554930150509 5.11958985030651 62.593168579041958 103.612698065117 9.821086283773182 14.94536419585347 5.3737835101783258 4.651656541973356 40.242691986262798 9.2816754207015055 4.5355637520551673 116.96354737319052 48.170901771634817 8.1995326057076436 56.065510105341673 14.484315685927866 36.336565673351288 16.224306389689445 53.12310167402029 22.027524046599865
leaf_count=9360 265 5605 223 798 3516 853 35 201 129 57 266 23 338 614 47 106 33 39 227 62 28 1476 679 41 283 86 191 68 248 120
internal_value=-0.000786928 0.00354163 0.00688037 0.00252433 -0.000409284 -0.0113888 0.00562787 -0.0012138 -0.0395608 0.00375687 -0.0147013 -0.0267938 0.0108584 0.0175264 0.0204001 -0.00572393 0.0262017 -0.0165669 -0.00175327 -0.0174634 -0.0020623 0.00530763 0.0167162 0.013302 0.0197228 0.0145993 0.00780003 8.43888e-05 -0.00638448 -0.0307066
internal_weight=1145.25 1052.7 991.573 740.427 613.592 217.69 395.902 251.366 54.1429 210.454 58.4728 47.1071 151.981 144.536 138.405 34.7919 19.8465 10.0254 89.3877 49.145 163.547 121.499 126.836 17.4812 251.146 195.081 142.196 105.859 91.3749 38.2518
internal_count=26017 16657 11052 9791 8314 6002 2312 1438 3645 1215 346 289 869 874 839 225 119 72 531 304 2357 1504 1477 103 1261 978 713 522 436 188
is_linear=0
shrinkage=0.05


Tree=43
num_leaves=31
num_cat=0
split_feature=3 3 2 11 2 2 13 2 14 13 15 13 15 15 15 13 14 3 4 5 14 11 13 14 14 15 3 14 14 13
split_gain=92.5266 71.7761 20.2045 11.076 14.8266 21.7466 11.9406 11.6413 11.6123 10.0156 12.9055 13.0659 12.3982 9.82366 11.2487 17.4157 13.702 10.2593 9.75679 9.66309 10.8475 9.39726 9.31309 9.0186 8.81351 12.2652 11.6187 8.78415 21.6777 12.7969
threshold=-26.559729346398161 114.74635464026052 -1.4843215522742914 22112517.500000004 -2.8449465006019632e-06 0.00058957876720722158 3.0607301204387998 -0.40584628267434369 -1.5079008570164367 1.9755272202579406 -1.9615167930544501 5.0951297405873852 0.039531586695142749 -2.3126456227057974 1.0572174112346366 0.79224433744866973 -1.2060515772896141 -0.68960566529344802 42.609663064208469 65.132583311557141 2.6147011887339415 691172.00000000012 -0.69443710643087742 0.53631151853388992 -1.9227232942814008 -0.6501116434525912 0.53619775838285588 -0.077050206406378233 0.8119074016973532 1.5058913959418516
decision_type=2 2 2 2 2 2 2 2 2 2 2 2 2 2 2 2 2 2 2 2 2 2 2 2 2 2 2 2 2 2
left_child=-1 2 27 4 7 6 -6 8 -4 12 -11 -12 18 -9 -15 16 -16 -18 21 -7 24 -10 -23 -5 26 -26 -21 -2 29 -29
right_child=1 -3 3 23 5 19 -8 13 9 10 11 -13 -14 14 15 -17 17 -19 -20 20 -22 22 -24 -25 25 -27 -28 28 -30 -31
leaf_value=-0.049969202607307743 0.027890391354720451 -0.050588499389933095 -0.025635987624194931 0.026179727620409616 -0.052104345699302348 0.020983807949543243 0.0048016042389180062 -0.04593835627179179 -0.033146467113619793 0.033428245639867661 -0.033463788622171933 0.066894737691727921 0.027326265783275645 0.027529506163386088 0.06785527275594333 -0.046906762245815567 0.030639621100430316 -0.071666009580429027 0.016480152227181303 0.069221846823484812 0.051699632681754093 0.092492824737072932 -0.0040610825795918343 -0.0012580017989601328 -0.045763007774677976 -0.0068810746956377124 -0.022400022434247307 -0.032301143683204879 0.025932612667932006 0.029694283487423319
leaf_weight=88.126282696612179 129.49836913496256 58.178763897158206 40.613459523767233 79.236021396704018 40.205909263342619 35.791424166411161 11.960629578679798 6.0059423521161071 31.272515952587128 11.438204102218149 42.867421135306358 3.5086358934640876 62.814431473612785 104.28747327812016 9.6110632382333261 14.574603516608475 5.375357158482073 4.5036174766719377 40.434146583080292 7.2546705603599531 7.0849402509629718 3.0204741060733822 14.42227581143379 48.147436319850385 27.279558507725596 79.073283478617668 6.6155139207839966 35.383712191134691 73.83670599013567 10.884398847818373
leaf_count=9360 633 5605 223 798 3516 247 129 35 201 57 274 15 338 614 47 106 33 39 227 62 62 20 83 679 690 1160 136 200 378 50
internal_value=-0.000768377 0.00338008 0.00656125 0.00239919 -0.000401051 -0.0109569 -0.0390571 0.00535531 -0.0011643 0.00357347 -0.014139 -0.025871 0.0103121 0.0166637 0.0193813 -0.00556423 0.0253516 -0.0159994 -0.00167595 -0.00196923 -0.00842226 -0.0167457 0.0126587 0.015809 -0.0119653 -0.0168543 0.0255219 0.0188572 0.00911744 -0.017717
internal_weight=1133.31 1045.18 987.002 737.399 610.016 215.266 52.1665 394.75 250.392 209.778 57.8143 46.3761 151.964 144.358 138.352 34.0646 19.49 9.87897 89.1494 163.099 127.308 48.7153 17.4427 127.383 120.223 106.353 13.8702 249.603 120.105 46.2681
internal_count=26017 16657 11052 9791 8314 6002 3645 2312 1438 1215 346 289 869 874 839 225 119 72 531 2357 2110 304 103 1477 2048 1850 198 1261 628 250
is_linear=0
shrinkage=0.05


Tree=44
num_leaves=31
num_cat=0
split_feature=3 3 2 9 2 13 13 5 16 1 14 10 14 3 9 2 4 14 16 9 14 2 15 14 13 13 3 13 4 10
split_gain=87.6974 67.6872 18.4121 10.6314 13.2455 11.1494 16.0975 14.6702 15.9692 11.1253 13.9107 10.2795 10.032 9.9896 11.6552 9.69268 9.17168 9.6926 9.01251 8.42499 9.07901 11.3363 8.74747 9.35219 10.566 12.5711 17.9558 13.9407 14.3741 10.9042
threshold=-26.559729346398161 114.74635464026052 -1.4843215522742914 0.21578975249193552 -2.8449465006019632e-06 -0.019086249513211865 1.0000000180025095e-35 1.5229996134516337 -0.00098699999999999981 0.60372147661535391 1.6969531769643644 0.78630711618334848 1.033269845737351 2.069212606842902 0.76127409158180936 -2.8995246481589016e-07 57.05521472392612 -2.6780743939598532 -0.00033780999999999997 -0.90143509228621499 -0.077050206406378233 -1.8258782400526123 -0.66942506508682931 1.0661723746778089 -0.48735771752019424 0.27743091540442144 -6.710314489984234 -0.14647951772517018 32.176292421009052 -2.7179900022775541
decision_type=2 2 2 2 2 2 2 2 2 2 2 2 2 2 2 2 2 2 2 2 2 2 2 2 2 2 2 2 2 2
left_child=-1 2 19 4 -4 7 -7 -5 -9 10 13 -12 18 16 -15 -6 17 -8 -10 22 -21 -22 -2 24 -24 26 -26 -28 -29 -27
right_child=1 -3 3 5 15 6 9 8 12 -11 11 -13 -14 14 -16 -17 -18 -19 -20 20 21 -23 23 -25 25 29 27 28 -30 -31
leaf_value=-0.049915726247818711 0.030236677038063445 -0.050559885801703043 0.0029301404104796307 0.075570269893141209 -0.050718588944363999 -0.047193514519317546 0.08194679243920977 0.19385476068229565 0.0043139629354321529 -0.015037726324028694 0.081528946599443097 0.014186547022295326 -0.045873117318846822 0.09208255814675384 0.011933070320494706 -0.010554470939949361 -0.041509121093144315 0.0032156954746031851 0.047681958375254324 0.054787796335897157 0.031507363920871327 -0.047681218191064752 0.038863262343089032 0.028726861369404333 -0.06921362676095244 -0.061976343669186529 -0.052762703688283785 0.067126996977984563 -0.041687652824620058 0.015991527935364319
leaf_weight=83.915876924060285 53.79707732796669 55.37188099976629 330.89278430491686 12.76073294598609 17.358318634331226 14.250379082746802 4.0894063487648955 1.2426502350717772 33.002982109785073 41.161461079493165 12.213570892810823 10.571771714836357 6.4930788390338412 7.0172392223030355 12.827106434851883 111.57104990817606 11.046992551535366 88.709178639575839 18.806158328428872 28.644714862108231 20.606496252119545 5.7891423627734175 14.28605657815933 35.29467398673296 16.176536902785301 4.9587569162249556 7.8110498189926174 9.1317838057875615 4.5456211268901816 46.873953580856323
leaf_count=9360 273 5605 1952 127 1791 1375 20 8 294 655 84 75 127 48 132 2177 215 579 132 147 107 29 86 189 68 23 44 49 25 221
internal_value=-0.000751529 0.00322576 0.00625878 0.00227972 -0.002367 0.0100723 0.00403836 0.0269199 0.0164938 0.00792925 0.0143833 0.0502839 0.0127136 0.00776989 0.0402751 -0.0159619 0.00155832 0.00668518 0.0200561 0.0180398 0.0352942 0.0141396 0.0131159 0.0064934 -0.00106773 -0.0074417 -0.0294246 0.000528695 0.030963 0.00853246
internal_weight=1121.22 1037.3 981.931 734.015 459.822 274.193 201.887 72.3056 59.5449 187.637 146.475 22.7853 58.3022 123.69 19.8443 128.929 103.846 92.7986 51.8091 247.916 55.0404 26.3956 192.876 139.078 103.784 89.4977 37.665 21.4885 13.6774 51.8327
internal_count=26017 16657 11052 9791 5920 3871 3183 688 561 1808 1153 159 553 994 180 3968 814 599 426 1261 283 136 978 705 516 430 186 118 74 244
is_linear=0
shrinkage=0.05


Tree=45
num_leaves=31
num_cat=0
split_feature=3 3 2 5 9 2 13 2 13 13 4 3 14 0 1 11 4 15 1 15 3 14 13 14 3 14 13 16 1 1
split_gain=83.1363 63.8515 16.8159 9.98544 12.6987 10.586 13.4308 13.7142 9.70526 18.8483 14.3208 12.3105 11.2863 10.7046 8.56789 10.7493 10.0487 10.4717 13.364 13.3585 21.1588 16.8923 9.59673 18.98 20.3004 12.5286 9.86829 9.29218 9.28422 8.48164
threshold=-26.559729346398161 114.74635464026052 -1.4843215522742914 99.21085653707199 0.30594629923017985 -2.8449465006019632e-06 2.8578780214216581 0.00058957876720722158 -1.0000000180025095e-35 1.0000000180025095e-35 34.509182269545803 2.3988453551293007 1.2454179445319207 1.0000000180025095e-35 -0.0025522639557351563 516859.50000000006 42.90744466800831 -1.8446423032008867 -0.32678274327575169 -1.1026004372189093 -1.2431888507951785 -1.5578102627792709 0.063847696160551998 -0.63696635467410478 -1.0889315803203179 1.0980388973335742 -0.89428987833430462 -0.00059649999999999992 -0.13901315984947143 -0.60990030215908198
decision_type=2 2 2 2 2 2 2 2 2 2 2 2 2 2 2 2 2 2 2 2 2 2 2 2 2 2 2 2 2 2
left_child=-1 2 -2 4 5 14 7 -7 10 -10 -6 -12 13 -11 16 -16 17 28 -19 -20 21 -21 23 24 -18 27 -25 -24 -4 -27
right_child=1 -3 3 -5 8 6 -8 -9 9 12 11 -13 -14 -15 15 -17 22 18 19 20 -22 -23 25 26 -26 29 -28 -29 -30 -31
leaf_value=-0.049861993983356195 0.017277145471308122 -0.050532667152267431 0.052876517336410966 -0.0091817442462198019 0.084029213455142415 -0.052247123700982494 0.045397068592306217 -0.005304648682317472 -0.050468678181590391 -0.00054522684390721527 0.0017527662642413079 0.069980057667037174 0.04066582281197248 0.044821391132058602 0.045150456153062457 -0.032730635878808617 -0.092638593845679157 -0.03977559226219593 -0.045022318601231702 -0.035973678419375668 -0.024294083726522038 0.045181772594240617 -0.017061506885354086 -0.026817296294657927 0.052231846814867006 0.018558141750044589 0.072338003344435839 0.020009887012131855 -0.033990366646475215 -0.049891607543110755
leaf_weight=79.907118371687829 246.00167760625482 52.699020395055413 11.666888900101183 153.25413747038692 11.540991230867801 26.61071527376771 7.6247738860547534 37.46292444691062 12.036530057899652 83.281683079898357 25.249217674136162 8.9568086527287942 32.106760181486607 15.408569831401108 22.953825391829017 5.4902542904019347 5.1016586869955063 34.219075929373503 15.63833002746105 7.9360239654779425 32.567355696111917 33.389509245753288 21.903747398406267 2.8764190822839728 4.5972092449665052 6.3514431938529041 19.659747101366523 74.048763245344162 4.177251808345317 15.742911048233507
leaf_count=9360 1261 5605 61 2752 120 2498 45 321 1313 461 180 51 158 87 136 43 21 256 78 38 190 158 127 27 22 33 99 404 21 91
internal_value=-0.000730924 0.0030786 0.00596784 0.00216639 0.00517218 2.14877e-05 -0.0173354 -0.0248005 0.0158248 0.0094054 0.0358676 0.019618 0.0149153 0.00653789 0.00393094 0.0301179 0.00136135 -0.00829778 -0.0131979 -0.00303982 0.00584515 0.0295969 0.0103336 0.0345127 -0.0239708 0.00373096 0.0596822 0.0115473 0.0299744 -0.0302144
internal_weight=1110.46 1030.55 977.855 731.854 578.599 390.019 71.6984 64.0736 188.581 142.834 45.747 34.206 130.797 98.6903 318.32 28.4441 289.876 139.594 123.75 89.5312 73.8929 41.3255 150.282 32.235 9.69887 118.047 22.5362 95.9525 15.8441 22.0944
internal_count=26017 16657 11052 9791 7039 4669 2864 2819 2370 2019 351 231 706 548 1805 179 1626 802 720 464 386 196 824 169 43 655 126 531 82 124
is_linear=0
shrinkage=0.05


Tree=46
num_leaves=31
num_cat=0
split_feature=3 3 2 5 9 2 13 2 3 13 13 4 3 16 15 14 10 16 4 1 14 16 15 15 15 2 14 14 13 1
split_gain=78.8151 60.2546 15.2571 10.1581 10.7233 10.8338 12.0161 12.6777 9.90483 9.3216 18.1051 9.89519 10.2795 8.61198 9.26962 8.59843 9.22443 8.21891 8.0785 8.30151 8.37021 8.00698 7.72162 7.70819 10.2069 15.4909 28.0794 18.6765 10.0792 16.7787
threshold=-26.559729346398161 114.74635464026052 -2.1410465143166015 99.21085653707199 0.21578975249193552 -2.8449465006019632e-06 3.0607301204387998 0.00058957876720722158 -2.3920262306825539 -1.0000000180025095e-35 1.0000000180025095e-35 37.886085108307348 2.3988453551293007 -0.0006804999999999999 1.9760235090979392 1.6969531769643644 1.2245820882407397 -0.00045578499999999995 30.784615384615467 -0.57848364548137898 0.074845078933506184 -0.00029766999999999993 2.6162567733478101 -1.8446423032008867 0.32023118991915872 -0.40584628267434369 -0.49670732062056133 -1.490029859693818 0.14674978596998242 -0.0057958189215806498
decision_type=2 2 2 2 2 2 2 2 2 2 2 2 2 2 2 2 2 2 2 2 2 2 2 2 2 2 2 2 2 2
left_child=-1 2 8 4 5 23 7 -7 13 11 -11 -6 -13 -2 -15 17 -17 18 -12 20 -20 -14 -16 -4 25 27 -27 -25 -28 -30
right_child=1 -3 3 -5 9 6 -8 -9 -10 10 15 12 21 14 22 16 -18 -19 19 -21 -22 -23 -24 24 -26 26 28 -29 29 -31
leaf_value=-0.049807881350697192 -0.0045173567054329162 -0.050506766536445952 0.025474945087301828 -0.0088542428099438394 0.067200332771219354 -0.050996798525893575 0.048755154053442433 -0.0050319045638109452 0.067547971990860559 -0.050445012063057397 0.028373024030303874 0.0030489094402665071 0.024297559818963418 0.027284066462567553 -0.038126047276871522 0.068710621979695338 -0.0039802651821852974 0.020130229757734434 0.033826691339546557 -0.037891537985933123 -0.037071954867836134 0.11841655683268258 0.03075934262067205 -0.057288087074674379 0.012470272012880285 0.069854062558004179 0.030011164782455996 -0.0063350767148725373 -0.051006897603148166 0.055842815696666652
leaf_weight=76.090519797988236 39.412151254713535 50.15391359012574 38.923676900565624 153.38829495757818 15.242990870960055 25.476813913322985 6.2602894082665435 36.483381751924753 9.8503191694617254 11.902087225578724 12.870652593672274 26.223726585507393 5.3072297647595406 114.34269633889198 10.728431828320028 13.087408579885961 6.5479364767670623 69.356826327741146 11.419958949089049 21.857203457504514 6.550993137061595 3.9352908208966237 6.5529452264308921 21.133562803268433 135.13108100369573 17.350893974304199 11.171290561556814 120.69047689437866 17.304453235119581 4.6644613370299366
leaf_count=9360 193 5605 201 2760 142 2447 36 315 50 1366 62 185 30 601 52 61 32 385 57 135 31 21 31 118 733 84 73 725 100 26
internal_value=-0.000713114 0.0029374 0.00569174 0.00270033 0.0054744 0.00103303 -0.0172616 -0.0239318 0.0187941 0.0149221 0.00878534 0.0335096 0.0190296 0.0159862 0.0221256 0.0137607 0.0444699 0.00882046 -0.00606432 -0.0171929 0.00798184 0.0643717 -0.0120053 0.00443961 0.00193913 -0.00546062 0.0183225 -0.0139277 -0.00865735 -0.0283205
internal_weight=1099.41 1023.32 973.168 792.281 638.893 434.59 68.2205 61.9602 180.887 204.302 153.593 50.7092 35.4662 171.036 131.624 141.691 19.6353 122.056 52.6988 39.8282 17.971 9.24252 17.2814 366.37 327.446 192.315 50.4911 141.824 33.1402 21.9689
internal_count=26017 16657 11052 10125 7365 4858 2798 2762 927 2507 2129 378 236 877 684 763 93 670 285 223 88 51 83 2060 1859 1126 283 843 199 126
is_linear=0
shrinkage=0.05


Tree=47
num_leaves=31
num_cat=0
split_feature=3 3 2 11 2 2 13 2 14 13 15 15 13 5 13 15 5 1 15 9 3 9 15 14 3 3 1 14 14 15
split_gain=74.727 56.8773 14.0403 9.29069 10.7857 18.2037 10.6201 9.23469 9.1408 9.35913 10.6921 10.6056 11.5675 10.3604 9.09225 15.6288 12.8241 8.81814 13.206 12.7279 12.2651 9.20756 8.72393 9.81699 9.64651 9.20075 8.69423 8.49089 8.1534 8.31053
threshold=-26.559729346398161 114.74635464026052 -1.4843215522742914 22112517.500000004 -2.8449465006019632e-06 0.00058957876720722158 3.0607301204387998 -0.40584628267434369 -1.5079008570164367 1.9755272202579406 0.86183887593866759 -1.9615167930544501 5.0951297405873852 13.857383492419862 1.2292805152150756 1.4002800536146904 29.773136632643702 0.39124791690724958 -0.42532534201153183 0.23918336647232086 0.62934166421020743 0.77885482074458123 0.35421593509899085 -0.75651262165816135 -0.50961191999444844 -0.23920691657109863 -0.78507744877643282 -1.5764670944956429 0.53631151853388992 -1.0380096320929302
decision_type=2 2 2 2 2 2 2 2 2 2 2 2 2 2 2 2 2 2 2 2 2 2 2 2 2 2 2 2 2 2
left_child=-1 2 -2 4 7 6 -6 8 -4 10 -10 -11 -13 -12 16 22 -9 18 20 -20 27 -21 24 -24 -16 -26 -5 -7 -28 -30
right_child=1 -3 3 26 5 17 -8 14 9 11 13 12 -14 -15 15 -17 -18 -19 19 21 -22 -23 23 -25 25 -27 28 -29 29 -31
leaf_value=-0.049753263942561007 0.015805661740309267 -0.050482127602252541 -0.023548713285291838 0.060154708606065144 -0.051963794444487232 0.10214425296942592 0.0027220217570723742 0.038403334942056784 0.0021495723859963709 0.028144078509697613 0.046601769356983153 -0.032729620530202966 0.061742863527775388 -0.031624556202938164 0.052916949378468449 -0.058774162188742485 -0.0058791766582266779 -0.016079709760715096 -0.00090398833330712571 0.06888404783794759 -0.042619943215928248 0.015453875042270335 -0.0089005368923111318 0.074394294306443995 -0.05547077669489018 0.0036255625684620168 0.02065703114213864 -0.0089520357374139551 -0.03419500241242892 0.010779946092797513
leaf_weight=72.457013151608407 243.85292049869895 47.730578240938485 39.87269688397646 9.5420986264944059 33.920942709315568 2.7768747117370367 12.025543121621011 56.551507659256458 118.77252562344074 11.558709941804407 27.441664151847363 42.161355741322041 3.5099110305309287 5.0045216381549826 6.687091313302516 9.5345918834209424 22.998475842177868 65.684644667431712 36.446881590411067 16.156926769763231 19.577758068218827 16.096291938796639 5.678788546472787 9.3807899951934797 9.167993936687699 23.389061966910965 73.408546915277839 4.5182576868683126 16.81208192743361 26.40108058322221
leaf_count=9360 1261 5605 223 44 3516 25 129 281 690 57 131 274 15 48 39 72 213 1114 447 131 417 160 40 43 59 127 772 63 295 366
internal_value=-0.000694218 0.0028022 0.00542704 0.00193658 -0.000661107 -0.00988672 -0.0376509 0.004219 -0.00161476 0.00258083 0.00909857 -0.014641 -0.0254693 0.0345361 0.014322 0.000267059 0.0256009 -0.00197598 0.00771712 0.0193414 -0.0220002 0.0422192 0.0106335 0.0429848 -0.00178107 -0.0130158 0.0142681 0.0333365 0.0105136 -0.00671756
internal_weight=1089.12 1016.66 968.931 725.078 598.914 207.204 45.9465 391.71 248.321 208.449 151.219 57.23 45.6713 32.4462 143.388 63.8383 79.55 161.258 95.573 68.7001 26.8729 32.2532 54.3037 15.0596 39.2441 32.5571 126.164 7.29513 116.622 43.2132
internal_count=26017 16657 11052 9791 8314 6002 3645 2312 1438 1215 869 346 289 179 874 380 494 2357 1243 738 505 291 308 83 225 186 1477 88 1433 661
is_linear=0
shrinkage=0.05


Tree=48
num_leaves=31
num_cat=0
split_feature=3 3 1 5 14 10 4 3 9 10 11 13 0 9 15 11 9 14 15 15 14 15 16 15 10 16 5 1 0 15
split_gain=70.8516 53.7059 13.4604 9.79013 8.99851 11.5581 15.7788 16.1829 11.1942 9.72978 11.4742 11.2653 9.68343 9.34832 11.1112 8.79018 8.69576 8.62761 7.44466 8.98353 8.90058 7.29606 8.81114 6.94627 6.71008 9.14178 11.8054 11.9688 7.57476 10.0656
threshold=-26.559729346398161 114.74635464026052 -2.1947704176153446 99.21085653707199 -1.6160547073688354 0.52792206108522965 99.999977881215059 -0.41817521118198214 -1.1178120205950235 -0.15740338316366381 18594150.500000004 -0.94888695804705614 -1.0000000180025095e-35 1.5150072389638962 2.2561029450361043 -99955565.499999985 -2.496536794813669 -1.6385938770801325 -0.19179843318866199 0.8014376110882937 2.1490373011291628 -0.02250856719002892 -0.00054177999999999984 -0.15808815341918483 1.5047878245904134 -0.00026186999999999993 83.983582472423805 -0.57848364548137898 -1.0000000180025095e-35 -2.1304043828061787
decision_type=2 2 2 2 2 2 2 2 2 2 2 2 2 2 2 2 2 2 2 2 2 2 2 2 2 2 2 2 2 2
left_child=-1 2 15 16 9 18 7 -7 -8 10 -5 -11 13 14 -10 -2 -4 -17 -6 20 21 22 -20 -15 25 28 27 -27 -18 -30
right_child=1 -3 3 4 5 6 8 -9 12 11 -12 -13 -14 23 -16 17 24 -19 19 -21 -22 -23 -24 -25 -26 26 -28 -29 29 -31
leaf_value=-0.049698017955229663 -0.0071384877402582841 -0.05045868620596114 -0.024680480894087548 0.015463832953993645 -0.052943070196505973 0.054408286898779246 0.12023282942991086 -0.039825871893285299 -0.015602369457733776 0.10899015845739313 0.10693146674341088 -0.025587199310304128 -0.039564688276933407 0.098589455702873946 0.10979895265836706 -0.0021996704739656158 0.0067702216106147383 0.046099754237432726 0.15757399835162988 -0.039901659527567898 0.096499599119005144 -0.021787049665675146 -0.020098045882075626 -0.0066165426284821409 0.021780993989593957 0.042711328100433911 0.090564661224981566 0.0042481921364122916 -0.056572299501691403 -0.0030325823978774903
leaf_weight=68.997948707547039 15.352961868047712 45.4232925362885 22.521610723808408 11.696220576763155 22.266127023845911 5.5007205270230761 2.8967371806502369 26.526375926099718 10.551476575434217 1.7336600422859216 4.8506120089441529 15.091680381447075 5.9449877217411951 6.468726409599185 2.1216187700629225 11.788975805044172 365.93973353505135 42.860084295272827 1.3821160048246386 19.173438566736877 2.5250562354922286 12.125340729951857 1.4093688055872942 2.0713493358343822 68.287106616422534 27.900642193853855 5.4203696101903907 73.525553238578141 9.2659027054905874 166.93687333445996
leaf_count=9360 71 5605 244 174 574 31 19 615 181 7 27 278 122 62 10 55 3694 244 14 371 32 192 29 35 905 159 40 802 170 1895
internal_value=-0.000678283 0.00267195 0.0051751 0.00352205 -0.00793272 -0.0142742 0.000777787 -0.023641 0.0267989 0.0150529 0.0422771 -0.0117205 0.0168331 0.0326385 0.00539122 0.0262894 0.00591173 0.0356805 -0.0301443 -0.0162801 0.00968654 -0.0050088 0.0678707 0.0730723 0.00687229 0.00530358 0.0186709 0.0148288 0.00266913 -0.00584805
internal_weight=1078.56 1009.56 964.135 894.133 154.336 120.963 62.082 32.0271 30.0549 33.3722 16.5468 16.8253 27.1582 21.2132 12.6731 70.002 739.798 54.6491 58.8814 36.6153 17.4419 14.9168 2.79148 8.54008 717.276 648.989 106.847 101.426 542.143 176.203
internal_count=26017 16657 11052 10682 2773 2287 1075 646 429 486 201 285 410 288 191 370 7909 299 1212 638 267 235 43 97 7665 6760 1001 961 5759 2065
is_linear=0
shrinkage=0.05


Tree=49
num_leaves=31
num_cat=0
split_feature=3 3 1 5 16 14 10 4 3 9 3 2 13 1 0 9 2 14 13 13 0 15 9 15 8 15 3 3 13 13
split_gain=67.1782 50.7127 12.4957 9.1934 8.30576 8.26907 10.7656 14.4057 14.969 10.1432 8.8058 13.6006 12.4887 10.5699 8.75891 8.23762 10.23 8.59824 8.47766 21.8752 8.14012 10.6256 7.93788 9.76028 7.54922 12.2231 14.0518 16.2342 12.8742 9.56576
threshold=-26.559729346398161 114.74635464026052 -2.5848048578487388 99.21085653707199 -0.00070649999999999988 -1.6160547073688354 0.52792206108522965 99.999977881215059 -0.41817521118198214 -1.1178120205950235 0.53619775838285588 0.065079303496009169 -0.32176130901620426 -0.079601902363564445 -1.0000000180025095e-35 -0.87543337448318936 -0.00022024465094055981 -3.145337840603931 -0.019086249513211865 1.0000000180025095e-35 -1.0000000180025095e-35 -2.4804052817950564 1.5150072389638962 2.2561029450361043 -1.0140298523734821 0.69156286077755469 -6.710314489984234 -1.0038318082013216 2.6944387170537065 1.9755272202579406
decision_type=2 2 2 2 2 2 2 2 2 2 2 2 2 2 2 2 2 2 2 2 2 2 2 2 2 2 2 2 2 2
left_child=-1 2 4 15 -2 10 -7 8 -8 -9 11 13 -12 -5 22 16 20 -17 -19 -20 21 -4 23 -11 25 28 -27 -28 -23 -26
right_child=1 -3 3 5 -6 6 7 9 -10 14 12 -13 -14 -15 -16 17 -18 18 19 -21 -22 24 -24 -25 29 26 27 -29 -30 -31
leaf_value=-0.049642010142476573 -0.010123961543925935 -0.050436379916848996 0.053061027355794654 0.089399095554431068 0.038230761193211171 -0.029422118172367125 0.051825641602350453 0.1143980242607477 -0.039169615495678989 -0.015005117353983724 0.046696281096676659 0.066694236055124784 -0.05299156243381823 -0.054454718534784355 -0.038864028748002238 0.096560472742300674 -0.026629942270112283 0.023200527438373628 -0.044647106395677733 0.0097523293053978326 -0.0082889144071224101 -0.025588526480304342 0.066904670157778873 0.10123111815235833 0.020737382368609187 -0.068414197977344909 0.060780505193932383 -0.040803684325968176 0.050348452883927614 -0.011078336458584441
leaf_weight=65.705078138038516 11.191527023911474 43.226597766857594 12.547734737396238 1.677845690399409 43.007160872220993 57.413174379616976 5.4864535890519646 2.8923426233232048 25.644783184863627 10.426149334758529 4.9443900100886813 12.650318816304205 8.6174322087317687 5.3440406983718294 5.7544311713427261 2.9092826396226874 31.808573510032147 95.148569349665195 19.862212305888534 265.56212680786848 108.36832952871919 54.9598498493433 8.8491677753627282 2.1843828856945029 101.04740118980408 3.6188267618417767 17.354979142546661 5.0853883475065187 6.2124242186546317 30.834422409534454
leaf_count=9360 55 5605 62 9 239 1212 31 19 615 181 37 92 236 112 122 17 1671 754 2203 1459 667 302 97 10 509 16 93 29 32 171
internal_value=-0.000660989 0.00254248 0.00492451 0.00353123 0.028246 -0.00769318 -0.0138676 0.00071546 -0.0231329 0.0253756 0.0143505 0.0357201 -0.0166472 -0.0200815 0.0159142 0.00578831 0.000485564 0.01093 0.0102754 0.00596676 0.00302213 0.0083133 0.0306031 0.0051292 0.00575078 -0.00566072 0.0230154 0.0377597 -0.0178767 0.0132988
internal_weight=1070.34 1004.63 961.404 907.205 54.1987 151.885 118.651 61.2377 31.1312 30.1065 33.234 19.6722 13.5618 7.02189 27.2141 755.32 371.838 383.482 380.573 285.424 340.029 231.661 21.4597 12.6105 219.113 87.2315 26.0592 22.4404 61.1723 131.882
internal_count=26017 16657 11052 10758 294 2773 2287 1075 646 429 486 213 273 121 410 7985 3552 4433 4416 3662 1881 1214 288 191 1152 472 138 122 334 680
is_linear=0
shrinkage=0.05


Tree=50
num_leaves=31
num_cat=0
split_feature=3 3 1 5 11 14 9 14 10 4 3 9 10 11 13 0 15 15 11 3 2 9 15 9 15 7 15 15 3 14
split_gain=63.705 47.9131 11.4918 8.11704 8.0787 8.17473 7.70209 7.57461 9.97504 13.1534 13.8497 9.22193 8.22139 9.80214 9.79618 7.92591 7.61619 8.57399 8.06355 10.9557 13.9754 6.71981 8.63051 6.46141 6.44352 6.3624 6.35619 6.17148 7.45016 6.00952
threshold=-26.559729346398161 114.74635464026052 -2.1947704176153446 99.21085653707199 -99955565.499999985 -1.6385938770801325 -2.496536794813669 -1.6160547073688354 0.52792206108522965 99.999977881215059 -0.41817521118198214 -1.1178120205950235 -0.15740338316366381 18594150.500000004 -0.94888695804705614 -1.0000000180025095e-35 -0.19179843318866199 0.8014376110882937 12576998.000000002 1.250064101845457 0.42806656105707092 1.5150072389638962 2.2561029450361043 -1.7678292661076236 1.1172667829315281 1.4800035678826717 0.66127343597418686 0.021330238792886039 1.0428882365686738 2.9336791226828081
decision_type=2 2 2 2 2 2 2 2 2 2 2 2 2 2 2 2 2 2 2 2 2 2 2 2 2 2 2 2 2 2
left_child=-1 2 4 6 -2 24 -4 12 16 10 -10 -11 13 27 -14 21 -9 18 19 20 26 22 29 -16 -6 -8 -18 28 -5 -13
right_child=1 -3 3 7 5 -7 25 8 9 11 -12 15 14 -15 23 -17 17 -19 -20 -21 -22 -23 -24 -25 -26 -27 -28 -29 -30 -31
leaf_value=-0.049585118503683946 -0.0075364568054761038 -0.050415161475123815 -0.023638744242535509 0.056832713504139112 0.036117661946626717 0.044093081824954666 0.005709514122083717 -0.052722846226012754 0.049395560168883655 0.10908539733337026 -0.038507889454142824 -0.027842793092030617 0.10053001382281945 0.098316483964024926 0.070478044405634446 -0.038158536578089597 -0.043566437108175843 -0.03847149818165 -0.045738919536189498 -0.05238103840439437 0.13069803842807692 0.061177427695540687 0.093983928728631497 -0.036461440489443435 -0.038126418379312584 0.049516462969689902 0.0615653321895029 -0.054713422378492631 -0.052700275898993044 0.094207297243530483
leaf_weight=62.570526223164052 15.33765337616205 41.135283070150763 22.265391463413835 7.1482332255691308 5.519771680235861 41.413411900401115 708.42529729800299 20.682420019991696 5.4689907319843796 2.8817953616380718 24.802711390890181 9.1736027896404355 1.7447511404752756 4.8528708033263674 1.5847931969910867 5.5724361259490207 2.9366858312860149 18.202778954990208 4.624719137325882 2.9774094913154832 3.879458537325263 9.184576837345956 2.2338124066591254 12.993162709288296 6.2104901522397995 8.3865992533974332 2.8166241124272346 2.5663945917040101 1.9831383209675548 1.1331451535224903
leaf_count=9360 71 5605 244 74 29 244 7539 574 31 19 615 175 7 27 14 122 48 371 74 77 46 97 10 264 26 126 22 49 51 6
internal_value=-0.000644528 0.00242342 0.00469461 0.0031735 0.0244305 0.0336564 0.00532247 -0.00745422 -0.0134319 0.000660578 -0.0226269 0.0240194 0.0137432 0.0385751 -0.0114354 0.015039 -0.028612 -0.0145403 0.0107348 0.0314463 0.0573566 0.028684 0.00488609 -0.0248359 -0.00319025 0.00622205 0.00790249 0.0137911 0.0330445 -0.0144244
internal_weight=1060.71 998.138 957.003 888.522 68.4813 53.1437 739.077 149.445 116.571 60.4511 30.2717 30.1794 32.8733 16.5506 16.3227 27.2976 56.1201 35.4377 17.2349 12.6102 9.63277 21.7251 12.5406 14.578 11.7303 716.812 5.75331 11.6978 9.13137 10.3067
internal_count=26017 16657 11052 10682 370 299 7909 2773 2287 1075 646 429 486 201 285 410 1212 638 267 193 116 288 191 278 55 7665 70 174 125 181
is_linear=0
shrinkage=0.05


Tree=51
num_leaves=31
num_cat=0
split_feature=3 3 2 3 11 2 2 13 1 1 15 3 9 6 8 4 0 2 15 15 14 14 13 14 13 3 14 10 3 13
split_gain=60.4121 45.2726 10.8051 9.38795 7.85237 9.73438 16.7012 10.5396 9.19301 8.20075 10.7873 10.731 10.3137 7.85421 11.5894 7.49097 7.88942 7.40589 11.2541 10.7304 11.77 10.5391 11.0589 10.3592 10.6058 10.3708 9.22345 10.274 10.5982 8.70828
threshold=-26.559729346398161 114.74635464026052 -2.1410465143166015 -2.3920262306825539 22112517.500000004 -2.8449465006019632e-06 0.00058957876720722158 3.0607301204387998 -0.48925080500356516 0.39124791690724958 -0.42532534201153183 0.62934166421020743 0.23918336647232086 -0.84610482505850049 1.5543526038965381 74.788992305908138 -1.0000000180025095e-35 -0.40584628267434369 1.0082114930271369 -1.8446423032008867 -0.10033646828836362 -1.5079008570164367 2.1004379069594874 -0.67565678557890296 1.1935165685521185 -1.3437605623546547 0.84884158762437767 -0.35301592436428797 -1.6350964508730599 -0.67035964897390554
decision_type=2 2 2 2 2 2 2 2 2 2 2 2 2 2 2 2 2 2 2 2 2 2 2 2 2 2 2 2 2 2
left_child=-1 2 3 -2 5 17 7 -7 -6 10 11 -8 -12 14 -11 16 -14 18 19 20 -4 -21 23 24 -23 -26 29 28 -28 -25
right_child=1 -3 4 -5 8 6 9 -9 -10 13 12 -13 15 -15 -16 -17 -18 -19 -20 21 -22 22 -24 26 25 -27 27 -29 -30 -31
leaf_value=-0.049527211886077616 0.012911458240884442 -0.050394970374566264 0.04910001953896373 0.064219288566533847 0.047586576419088644 -0.051956216167269378 0.030873283975185895 0.003441014655298673 0.0080246612417816873 -0.0021257402476998664 -0.00081214504641670372 -0.041360351354239738 0.0030761588582002425 -0.025042243636914204 0.12338128671106724 0.082339217833366798 0.060362595806297742 0.013226494706651468 0.017235364691168056 -0.03889949190641076 -0.010348430635533827 0.045691678078261133 -0.029462879478537214 0.01731597543401478 0.026667911044804239 -0.065463308908155965 0.029494998589543905 0.064713878518199375 -0.037232913677683069 -0.0254795260230203
leaf_weight=59.58677966427058 166.53487659245729 39.144373062998056 17.348304353654385 9.4197368845343572 16.904705166816711 31.617754384875298 7.2296806909143951 11.786645779386161 111.77643046528101 11.903860243037341 35.458012107759714 17.802753161638975 15.576089223846793 49.651180109009147 2.1755130104720584 7.4058399312198153 9.786106726154685 142.14947773050517 68.778629403561354 27.355789680033922 16.009355552494526 21.950716905295849 38.005283523350954 14.960971370339392 7.2894909679889679 5.2575256600975973 13.105215989053253 7.9704935997724524 10.899597853422165 57.856505636125803
leaf_count=9360 877 5605 84 50 80 3516 88 129 1419 207 447 417 146 880 27 65 80 874 381 151 88 100 237 120 32 34 64 43 68 348
internal_value=-0.000627738 0.00230624 0.00446874 0.0156582 0.00193813 -0.00029802 -0.00946112 -0.0369129 0.0132219 -0.00187124 0.00757571 -0.0204984 0.0178762 -0.0156952 0.0172673 0.0380987 0.0251804 0.00379214 -0.000579251 -0.00572722 0.0205689 -0.0100134 -0.00555645 0.000966391 0.0247316 -0.0119375 -0.00685712 0.0155281 -0.0008034 -0.0166868
internal_weight=1052.7 993.111 953.967 175.955 778.012 649.331 200.393 43.4044 128.681 156.989 93.2585 25.0324 68.226 63.7306 14.0794 32.768 25.3622 448.937 306.788 238.009 33.3577 204.652 177.296 139.291 34.4977 12.547 104.793 31.9753 24.0048 72.8175
internal_count=26017 16657 11052 927 10125 8626 6002 3645 1499 2357 1243 505 738 1114 234 291 226 2624 1750 1369 172 1197 1046 809 166 66 643 175 132 468
is_linear=0
shrinkage=0.05


Tree=52
num_leaves=31
num_cat=0
split_feature=3 3 1 11 16 5 14 10 4 3 9 10 13 15 15 11 3 2 9 0 9 13 13 15 13 13 13 1 16 4
split_gain=57.2936 42.7938 10.3107 7.99733 10.8575 7.7584 7.00275 9.24259 11.8505 12.6464 8.47394 7.73397 7.61465 7.32607 7.91175 7.30389 9.6421 10.8798 6.92989 6.86864 6.61348 6.25276 6.1221 5.75092 5.64039 5.42926 25.611 7.45008 6.59717 8.66315
threshold=-26.559729346398161 114.74635464026052 -3.2935484763145189 -71884850.999999985 -0.00054948499999999984 99.21085653707199 -1.6160547073688354 0.52792206108522965 99.999977881215059 -0.41817521118198214 -0.92354957499779811 1.5914556775825686 1.8613057784616458 -0.19179843318866199 0.8014376110882937 12576998.000000002 1.250064101845457 0.42806656105707092 -2.496536794813669 -1.0000000180025095e-35 0.23918336647232086 8.8459214254198972 8.8459214254198972 0.66127343597418686 0.88294722258660618 -0.019086249513211865 1.0000000180025095e-35 -0.17788063799171691 -0.00062274499999999985 24.69996128532684
decision_type=2 2 2 2 2 2 2 2 2 2 2 2 2 2 2 2 2 2 2 2 2 2 2 2 2 2 2 2 2 2
left_child=21 2 3 4 -2 18 11 13 9 -9 -10 12 -7 -8 15 16 17 23 -4 20 -12 -1 25 -15 -19 -20 27 -27 29 -28
right_child=1 -3 5 -5 -6 6 7 8 10 -11 19 -13 -14 14 -16 -17 -18 24 22 -21 -22 -23 -24 -25 -26 26 28 -29 -30 -31
leaf_value=-0.050320692247600773 -0.034247382215190747 -0.050375760367542322 -0.020208554480658961 0.048688087065552658 0.048415210617701432 0.032099455406824288 -0.052605657844491886 0.046585197409062591 0.098094789110019565 -0.037827561599123531 -0.054205491795449937 -0.047884040141236622 -0.051652205470179638 -0.042914405784960911 -0.037796579014056607 -0.045183846962843062 -0.052278627321517369 0.17026137925466589 0.013329819908655064 -0.037405027113378668 0.035379575941401752 0.27364754709344691 0.071082739032009956 0.057675099306512434 0.05459908945941571 0.014086912765381389 0.011097974753955389 -0.051022788292159532 0.0088112210421168301 -0.017651309829330608
leaf_weight=56.597345435060561 8.9185415953397769 37.249119548127055 25.922131717670709 22.629937767982483 7.162769988179206 24.846573464572433 19.524234515614808 5.4465060494840172 3.2955799419432905 23.938880238682032 2.3075236324220993 4.4710399433970442 3.0467487517744294 2.8509499756619352 17.738320159725845 4.4709959551692 2.8305650968104592 2.1372075472027063 179.6819941108115 5.3761300388723567 19.217132532969117 0.14933136105537315 3.6060245037078849 2.8328233920037746 2.0798131749033928 5.2654717862606075 46.431510966271162 26.530025130603462 417.34263636544347 60.14850239828229
leaf_count=9359 42 5605 264 141 38 305 574 31 27 615 44 77 104 48 371 74 77 17 1392 122 236 1 16 22 29 29 234 3438 2345 340
internal_value=-0.00061222 0.00219586 0.00425706 0.0295304 0.00257133 0.00318351 -0.00736131 -0.0131865 0.000422538 -0.0221819 0.0224199 0.0131657 0.0229514 -0.0280741 -0.0143662 0.0097941 0.0291012 0.0523671 0.00520184 0.013149 0.0257757 -0.0494682 0.00609317 0.00721995 0.113217 0.00577449 0.0033316 -0.0402403 0.00597587 -0.0051267
internal_weight=1044.05 987.3 950.051 38.7112 16.0813 911.339 146.411 114.047 59.5818 29.3854 30.1964 32.3644 27.8933 54.4649 34.9407 17.2024 12.7314 9.90079 764.928 26.9008 21.5247 56.7467 739.006 5.68377 4.21702 735.4 555.718 31.7955 523.923 106.58
internal_count=26017 16657 11052 221 80 10831 2773 2287 1075 646 429 486 409 1212 638 267 193 116 8058 402 280 9360 7794 70 46 7778 6386 3467 2919 574
is_linear=0
shrinkage=0.05


Tree=53
num_leaves=31
num_cat=0
split_feature=3 3 1 11 5 9 2 14 2 0 15 13 8 11 15 3 2 6 2 16 13 15 9 1 11 10 2 14 14 14
split_gain=54.3623 40.4593 9.55544 7.47583 6.84982 7.26336 8.34647 7.63257 7.57789 7.41818 9.41442 7.31042 6.61524 10.116 9.36155 22.1277 10.3537 9.96492 8.99213 8.5902 7.64834 7.53986 7.22365 7.17494 6.60861 9.39963 6.70449 6.60639 6.48204 12.9082
threshold=-26.559729346398161 114.74635464026052 -2.5848048578487388 -99955565.499999985 99.21085653707199 -0.87543337448318936 -0.00022024465094055981 -3.145337840603931 -1.8258782400526123 -1.0000000180025095e-35 -2.5464079187363367 3.5589954478904349 -0.20031690211683859 -49905822.499999993 0.3369459401229849 -6.710314489984234 -1.4843215522742914 -0.5542251818888394 -0.22170362319120371 -0.0006327599999999999 1.8613057784616458 -0.35396691949030618 -1.822212641651044 -0.079601902363564445 -21344968.999999996 -1.8927466503809445 -1.1680134040028889 -1.6385938770801325 -1.4726601764054197 -0.016694561773832359
decision_type=2 2 2 2 2 2 2 2 2 2 2 2 2 2 2 2 2 2 2 2 2 2 2 2 2 2 2 2 2 2
left_child=-1 2 3 -2 5 6 9 -7 -9 10 -4 -8 14 -14 16 -16 17 -12 -18 20 -15 -21 -23 -17 25 26 -11 -5 -10 -30
right_child=1 -3 4 27 -6 7 11 8 28 24 12 -13 13 19 15 23 18 -19 -20 21 -22 22 -24 -25 -26 -27 -28 -29 29 -31
leaf_value=-0.049426420247123737 -0.010916654936271322 -0.05035748380724913 0.05153957697898448 -0.0027516004883723776 -0.0071325487721151399 0.089754065415459716 -0.031663578702025623 0.032882077100970658 -0.011217390910794808 -0.06041185829036641 -0.011423386724651699 0.070176026091559859 -0.036091393085308461 0.013069747059549029 -0.067034739609728361 0.035804039174873563 -0.032153230038546726 0.040649873782941437 0.033601334265479364 0.059009564442391908 -0.064740083852596192 -0.053980344157544193 0.027679757262821226 -0.014563866021562712 -0.023116769519784672 0.011943263584735157 0.016352810270505093 0.045842994364932443 0.023770091687717085 0.0020669967345194017
leaf_weight=54.028900988399982 11.345714896917341 35.444994401652366 11.324833832681177 8.9986745864152891 144.27141130063683 2.9467140724882475 28.475141051691029 30.472343154251575 43.323892928194255 8.8736880943179113 23.622553050518036 1.8784186579287041 7.8233512938022605 13.026844769716265 7.1773008406162253 40.347973383963108 48.211485356092453 15.034334592521189 5.8278817906975737 19.624940484762192 4.168883502483367 3.0868242383003262 22.07752825319767 8.5727834030985814 46.1483996771276 48.890551116317511 4.1861797384917727 31.395911432802677 103.83261307887733 201.39838800672442
leaf_count=9360 52 5605 57 43 2773 17 1660 166 422 49 120 11 40 64 32 223 270 77 32 97 21 15 118 48 290 303 25 199 1199 2629
internal_value=-0.000597907 0.00208912 0.00405344 0.0249451 0.00284519 0.00476362 -0.000245654 0.00959462 0.00897142 0.00200964 0.00708841 -0.0253613 0.00478559 0.0174841 -0.00117207 0.0149495 -0.0109286 0.00882881 -0.0250619 0.0242461 -0.00579425 0.0357794 0.0176628 0.0269777 -0.00879297 0.00187719 -0.0358059 0.0350176 0.00688104 0.00944989
internal_weight=1035.84 981.811 946.366 51.7403 894.625 750.354 368.38 381.974 379.027 338.026 229.928 30.3536 218.603 69.8084 148.794 56.0981 92.6963 38.6569 54.0394 61.985 17.1957 44.7893 25.1644 48.9208 108.099 61.9504 13.0599 40.3946 348.555 305.231
internal_count=26017 16657 11052 294 10758 7985 3552 4433 4416 1881 1214 1671 1157 355 802 303 499 197 302 315 85 230 133 271 667 377 74 242 4250 3828
is_linear=0
shrinkage=0.05


Tree=54
num_leaves=31
num_cat=0
split_feature=3 3 1 16 5 14 10 4 3 9 15 15 10 13 11 11 3 2 0 9 2 14 2 13 14 13 13 14 14 13
split_gain=51.571 38.2694 8.88844 7.41311 6.40316 6.45475 8.71298 10.8643 11.7553 7.7069 7.23437 7.38592 7.1907 8.63636 8.56604 6.70688 8.68652 8.81462 6.39386 6.16776 7.94824 6.7878 7.05445 6.6585 6.59709 6.40801 16.2513 7.34547 13.1491 10.5635
threshold=-26.559729346398161 114.74635464026052 -3.2935484763145189 -0.00070649999999999988 99.21085653707199 -1.6160547073688354 0.52792206108522965 99.999977881215059 -0.41817521118198214 -1.1178120205950235 -0.19179843318866199 0.8014376110882937 -0.15740338316366381 -0.94888695804705614 18594150.500000004 12576998.000000002 1.250064101845457 0.42806656105707092 -1.0000000180025095e-35 -0.87543337448318936 -0.00022024465094055981 -3.145337840603931 -1.8258782400526123 3.5589954478904349 -2.6780743939598532 -0.019086249513211865 1.0000000180025095e-35 -1.4726601764054197 -1.0117228199756017 2.1004379069594874
decision_type=2 2 2 2 2 2 2 2 2 2 2 2 2 2 2 2 2 2 2 2 2 2 2 2 2 2 2 2 2 2
left_child=-1 2 3 -2 19 12 10 8 -8 -9 -7 15 14 -14 -6 16 17 -12 -11 20 24 -21 -23 -22 -4 -24 -27 -28 29 -29
right_child=1 -3 4 -5 5 6 7 9 -10 18 11 -13 13 -15 -16 -17 -18 -19 -20 21 23 22 25 -25 -26 26 27 28 -30 -31
leaf_value=-0.04936427507610594 -0.014888785598597 -0.050340091499294227 -0.032033394452083044 0.039333547536135889 0.012709466577136211 -0.052462373031571266 0.044770151535556246 0.099733408266991452 -0.037024971342951872 0.025148918496055623 0.0072989683932358834 -0.036815566933154679 0.094168757707821849 -0.024077611411344985 0.091909837534874916 -0.044429708956768538 -0.052148962547211609 0.10140617572320731 -0.036550685239745299 0.084374114252870322 -0.030875067096037451 0.031148644054187016 0.018325911291135238 0.06584916210579872 0.0036637650121222362 -0.044088145279845364 -0.015521217268733224 0.063601887190752174 0.0043217049809665111 0.0031517847473742202
leaf_weight=51.456969147082418 8.0201974213123304 33.727676442824304 13.462524924427269 29.449953369796276 11.567809065803887 18.495482865720987 5.4277414381504085 2.8593335077166584 23.032018372789025 22.165562290698297 5.5988145126029867 17.146747298538685 1.7339094579219807 14.111211677081881 4.8434767127037039 4.2890383042395106 2.6806700583547345 4.4787588380277157 5.1802473962306932 2.9770316751673809 27.760624777525667 31.73951530456543 86.549615896306932 1.9011374115943898 335.19376486539841 17.37688364321366 34.263740513473749 18.436263039708141 180.49321589618921 11.886216863989828
leaf_count=9360 41 5605 87 180 174 574 31 19 615 288 70 371 7 278 27 74 77 46 122 17 1660 176 702 11 1857 2200 182 88 1017 61
internal_value=-0.000577397 0.00199252 0.00386403 0.0277277 0.0028767 -0.00680791 -0.0125131 0.000741677 -0.0214253 0.0216278 -0.0272711 -0.0136452 0.0128874 -0.0111381 0.0360839 0.00966045 0.0278444 0.0491229 0.0134609 0.00470182 0.000171543 0.00916829 0.00858026 -0.0246756 0.0022854 0.00652784 0.00263721 0.00595018 0.00943992 0.0399058
internal_weight=1028.31 976.849 943.122 37.4702 905.651 143.611 111.354 58.6649 28.4598 30.2051 52.6895 34.194 32.2564 15.8451 16.4113 17.0473 12.7582 10.0776 27.3458 762.041 378.318 383.722 380.745 29.6618 348.656 349.006 262.456 245.079 210.816 30.3225
internal_count=26017 16657 11052 221 10831 2773 2287 1075 646 429 1212 638 486 285 201 267 193 116 410 8058 3615 4443 4426 1671 1944 4250 3548 1348 1166 149
is_linear=0
shrinkage=0.05


Tree=55
num_leaves=31
num_cat=0
split_feature=3 3 1 11 14 9 1 11 1 14 6 13 15 15 14 13 15 13 13 15 14 6 5 9 7 15 4 4 10 13
split_gain=48.9169 36.2034 8.22286 6.57973 7.24811 5.98583 6.05099 7.68499 11.8918 7.06938 8.82489 9.1752 8.94257 6.34024 5.95273 5.74999 5.73063 5.68532 5.49278 5.1607 6.10096 5.74087 5.2329 5.91371 5.15787 5.74948 5.25926 10.4063 8.57382 7.65001
threshold=-26.559729346398161 114.74635464026052 -2.1947704176153446 -99955565.499999985 -1.6385938770801325 -2.496536794813669 0.46851103418602386 59746485.000000007 1.6467005324591815 -0.60052720511445346 -0.84610482505850049 0.33417488265980516 1.8671626390721972 1.4504260949042611 3.8073277233421794 2.1004379069594874 1.1172667829315281 0.54618087323830344 8.8459214254198972 0.35421593509899085 1.0000000180025095e-35 0.4229102151098551 99.809160305343596 -0.4248332749770834 -0.63064980148772587 -3.2287100549927747 47.635027165228429 34.140096618357234 -1.1929744719615529 -1.0110653354795183
decision_type=2 2 2 2 2 2 2 2 2 2 2 2 2 2 2 2 2 2 2 2 2 2 2 2 2 2 2 2 2 2
left_child=18 2 3 -2 16 -4 14 9 15 -8 11 -11 -13 -10 24 17 -5 -9 -1 20 -12 -22 -23 -24 25 -7 27 29 -29 -26
right_child=1 -3 5 4 -6 6 7 8 13 10 19 12 -14 -15 -16 -17 -18 -19 -20 -21 21 22 23 -25 26 -27 -28 28 -30 -31
leaf_value=-0.050276606224282483 -0.0079115435881114207 -0.05032354993362248 -0.0218572594530929 0.033140712759019933 0.040062063983696383 0.069382265552784914 -0.043993880582823865 0.076705273659150253 -0.051993362993587901 0.096731673177854416 -0.026693502274336603 -0.043822581350153371 0.084525328818948101 0.060179223956187744 0.063166382601186663 0.11064932015218397 -0.037736329389610329 -0.022142815842764604 0.23776937925841291 -0.053876036803632704 -0.03217542089799235 0.055037489142574197 0.097679009047595078 -0.019680394968625708 0.050789738686671471 -0.0018106118197727995 0.013864771966494932 0.034416516367084392 -0.043248431713747468 0.0043500117090597128
leaf_weight=48.842994473874569 15.247992143034933 32.093038962222636 24.702842308674008 5.2695262283086759 38.339261583983898 2.8652387741021803 16.701961673796177 3.0378826633095759 5.4736265558749428 3.8102873004972917 23.925793513655663 4.1587183810770512 2.014564773067832 1.6362976431846616 4.3171344860456875 3.472456518560648 6.2159851938486099 2.7911588046699762 0.16606684029102226 7.5237063542008391 5.9569652499631074 7.703464914113284 1.2634997665882117 7.1346620963886371 9.2020955644547922 277.24118367023766 191.52394277043641 4.3669938109815147 19.077785514295101 244.20353415375575
leaf_count=9359 71 5605 285 29 244 26 457 22 69 41 237 81 12 17 45 21 26 31 1 167 126 48 25 170 60 3131 1423 32 174 3982
internal_value=-0.000562084 0.00189719 0.00368165 0.0208287 0.0296242 0.00240514 0.00311075 -0.0086698 0.0225039 -0.0150494 -0.00743536 0.0357198 -0.00193803 -0.0261777 0.00462252 0.0597154 -0.00521811 0.0293732 -0.0493006 -0.0154873 -0.00920633 0.00976109 0.0252759 -0.00202372 0.00428485 -0.00108237 0.00749466 0.00308785 -0.028782 0.00603641
internal_weight=1020.28 971.272 939.179 65.0728 49.8248 874.106 849.403 96.605 16.4114 80.1936 63.4917 9.98357 6.17328 7.10992 752.798 9.3015 11.4855 5.82904 49.0091 53.5081 45.9844 22.0586 16.1016 8.39816 748.481 280.106 468.374 276.85 23.4448 253.406
internal_count=26017 16657 11052 370 299 10682 10397 1524 160 1364 907 134 93 86 8873 74 55 53 9360 773 606 369 243 195 8828 3157 5671 4248 206 4042
is_linear=0
shrinkage=0.05


Tree=56
num_leaves=31
num_cat=0
split_feature=3 3 1 11 16 5 14 15 3 15 10 6 9 15 13 16 10 8 15 0 13 15 13 13 16 3 2 9 5 15
split_gain=46.4269 34.2523 7.74323 6.9532 9.49192 5.5638 6.12912 9.93154 12.2569 7.50729 14.3996 8.97886 7.34321 5.77366 5.73807 5.49526 7.90582 6.48583 8.72975 6.24123 10.7583 11.371 11.6075 8.96335 11.2145 9.06775 9.00636 9.84085 10.3712 13.5399
threshold=-26.559729346398161 114.74635464026052 -3.2935484763145189 -71884850.999999985 -0.00054948499999999984 99.21085653707199 -2.0199146940836359 0.18342287252294651 0.93811325021825465 1.6995475599315308 0.14900395765696864 0.89949741847372844 1.0396760689126685 -3.5965202961581628 8.8459214254198972 -0.00026186999999999993 1.5483709831760999 1.1784898456670752 -1.6197135943554639 -1.0000000180025095e-35 0.98914111885227041 -1.0000000180025095e-35 1.4578335218456229 0.30974830748588972 -0.00059949999999999988 -0.8277235758882755 -2.8449465006019632e-06 -0.28002239091433573 8.3812260536398089 -1.0000000180025095e-35
decision_type=2 2 2 2 2 2 2 2 2 2 2 2 2 2 2 2 2 2 2 2 2 2 2 2 2 2 2 2 2 2
left_child=-1 2 3 4 -2 14 7 8 -7 11 -11 13 -12 -8 15 16 17 19 -19 23 -21 -22 -23 26 25 -25 27 28 29 -4
right_child=1 -3 5 -5 -6 6 9 -9 -10 10 12 -13 -14 -15 -16 -17 -18 18 -20 20 21 22 -24 24 -26 -27 -28 -29 -30 -31
leaf_value=-0.04925884466662158 -0.033029290504778791 -0.050307806948933012 -0.019104299220401716 0.045123630360406182 0.045491829662379323 0.071246882090465175 0.06040697344570195 -0.033852651802219212 -0.053302897402853947 -0.056134122811585523 0.061975233494203419 0.0037499709872984028 -0.024011677046276103 -0.029439209798365302 0.067931128556050921 0.0135732149238944 0.021243388590358361 -0.079301910573274681 -0.0098841567828021545 0.0062011166210050126 -0.045596129960258663 -0.051617694629583079 0.0055231970352931222 0.0072029740562725535 0.019684110986677404 -0.033676037321140738 -0.026687664464049011 0.032120373928258054 -0.048541329317807053 0.021319458147908185
leaf_weight=46.661757688503712 8.8841817080974561 30.537154435645789 39.897878937423229 20.717865131795406 6.7905200645327559 9.7806844320148247 1.8392388876527537 5.6876419782638541 2.4751992896199217 4.8922926234081414 11.300568945705889 37.249594580382109 3.1820619627833358 64.311844937503338 3.524333953857421 124.74541631061584 49.636127565987408 5.0983013301156452 40.557594825048 88.509552586358041 26.883235745131969 11.122786797583101 44.226431228220463 44.292944729328156 150.77965065091848 19.554565854370594 33.13065929710865 23.049977317452431 11.625835485756395 43.08381225168705
leaf_count=9360 42 5605 184 141 38 83 19 105 78 112 110 716 57 1493 16 1187 708 79 471 1452 190 68 261 234 798 110 1843 134 113 210
internal_value=-0.000545838 0.00180387 0.00350252 0.0261136 0.000987257 0.00258866 -0.00654361 0.0207521 0.0460928 -0.0105329 0.0180297 -0.0158848 0.0430826 -0.0269412 0.00428018 0.00398353 0.00208905 0.000454939 -0.0176359 0.00199544 -0.00589647 -0.0189175 -0.00595964 0.00568298 0.0122467 -0.00531703 -0.00365968 0.00282466 -0.00431288 0.00188358
internal_weight=1014.03 967.368 936.831 36.3926 15.6747 900.438 140.719 17.9435 12.2559 122.776 19.3749 103.401 14.4826 66.1511 759.719 756.195 631.449 581.813 45.6559 536.157 170.742 82.2325 55.3492 365.415 214.627 63.8475 150.788 117.658 94.6075 82.9817
internal_count=26017 16657 11052 221 80 10831 2773 266 161 2507 279 2228 167 1512 8058 8042 6855 6147 550 5597 1971 519 329 3626 1142 344 2484 641 507 394
is_linear=0
shrinkage=0.05


Tree=57
num_leaves=31
num_cat=0
split_feature=3 3 2 3 11 1 14 12 12 13 2 2 13 1 15 3 9 15 10 9 13 15 2 15 12 7 5 9 0 3
split_gain=44.0413 32.4185 7.25464 9.06457 6.95806 7.80483 7.05642 10.1346 8.91709 8.16572 6.68417 15.0119 9.56951 7.18295 9.02453 9.75046 8.17352 7.07349 10.6383 13.3853 6.93936 7.74484 13.4262 9.44119 8.79905 8.10369 7.55128 10.3629 13.9997 11.4908
threshold=-26.559729346398161 114.74635464026052 -2.1410465143166015 -2.2319430819967359 22112517.500000004 -0.71386255339061966 0.49861020426674713 -74.859999999869601 162.90049999975602 0.30974830748588972 -2.8449465006019632e-06 0.00058957876720722158 3.0607301204387998 0.39124791690724958 -0.42532534201153183 0.62934166421020743 0.23918336647232086 0.18342287252294651 0.89811260160468243 -0.35467698377880336 1.6175234722720169 0.69156286077755469 -0.48837381729911061 -1.0380096320929302 245.05000000004659 0.60341382896174844 32.371705963939135 -0.10425987115881187 -1.0000000180025095e-35 -0.41817521118198214
decision_type=2 2 2 2 2 2 2 2 2 2 2 2 2 2 2 2 2 2 2 2 2 2 2 2 2 2 2 2 2 2
left_child=-1 2 3 -2 10 -6 -7 -8 -9 -10 20 12 -12 14 15 -13 17 18 19 -16 21 22 -4 -24 25 -25 27 28 29 -23
right_child=1 -3 4 -5 5 6 7 8 9 -11 11 13 -14 -15 16 -17 -18 -19 -20 -21 -22 26 23 24 -26 -27 -28 -29 -30 -31
leaf_value=-0.049191170479686998 0.010269755900923827 -0.050292832699067327 -0.0083259607389666434 0.068016899279854201 0.050785153128140026 0.017666877702949321 -0.049879847305619576 0.042744232692956484 0.028468725457292607 -0.036272531852171531 -0.052027018379119494 0.029494100278675186 0.0020940109996428861 -0.014836812211379015 0.086867679502494494 -0.040387052455856359 0.034304558615010722 -0.026477915726444368 -0.026573153543432801 -0.024987359667955174 -0.0062950314873235977 0.044410041083981562 0.047502423470674453 0.0050039771642309697 -0.034174941389094916 0.052855548673614305 -0.01786931322923185 0.063917226819421968 -0.013024017026183428 -0.043354394264440661
leaf_weight=44.445582592859864 162.85311065241694 29.056271693203598 128.6712989769876 7.0914888158440581 11.762166649103163 71.080676630605012 10.811663859523831 10.937213435303418 7.6252784836106029 13.481519017368553 27.872762192506343 7.1548241022974279 11.553104460239409 61.012509977445006 7.8682778906077155 16.510307684540749 33.229061882942915 14.852981455624102 7.6935768015682688 4.051935140043498 149.32001607306302 34.838163588196032 20.082770369946957 35.962084132246673 10.303882775828241 11.734800707548855 11.91728927567601 13.946427792310713 24.810927510261543 4.1766570508480063
leaf_count=9360 887 5605 742 40 59 762 201 158 170 149 3516 88 129 1114 61 417 291 282 71 33 897 182 107 219 69 73 117 70 129 19
internal_value=-0.00053022 0.00171736 0.00333675 0.0126794 0.00125654 0.0120082 0.00800504 -0.00802013 0.00610335 -0.0128834 -0.000863186 -0.00866797 -0.0361677 -0.00155255 0.00731892 -0.0192595 0.0166102 -0.000448743 0.0192624 0.0488458 0.00249498 0.00692255 0.00159965 0.0179557 0.00772521 0.0167768 0.019193 0.0248722 0.0163406 0.0350146
internal_weight=1006.71 962.263 933.207 169.945 763.262 125.699 113.936 42.8557 32.044 21.1068 637.564 191.799 39.4259 152.373 91.361 23.6651 67.6958 34.4668 19.6138 11.9202 445.764 296.444 206.755 78.0835 58.0008 47.6969 89.6895 77.7722 63.8257 39.0148
internal_count=26017 16657 11052 927 10125 1499 1440 678 477 319 8626 6002 3645 2357 1243 505 738 447 165 94 2624 1727 1210 468 361 292 517 400 330 201
is_linear=0
shrinkage=0.05


Tree=58
num_leaves=31
num_cat=0
split_feature=3 3 1 11 16 9 1 11 1 14 6 13 15 13 14 15 14 6 8 5 9 14 13 7 15 2 4 1 15 4
split_gain=41.7783 30.6897 6.9402 6.56101 8.67812 5.20609 5.20275 6.65258 10.2431 6.74645 8.03495 7.75812 7.94192 6.48671 5.52064 4.97346 5.83404 5.09707 5.17102 5.83381 5.65658 5.51039 4.96561 4.87563 5.07249 4.72957 8.97105 9.90317 8.02092 7.51791
threshold=-26.559729346398161 114.74635464026052 -3.2935484763145189 -71884850.999999985 -0.00054948499999999984 -2.496536794813669 0.46851103418602386 59746485.000000007 1.6467005324591815 -0.60052720511445346 -0.84610482505850049 0.33417488265980516 1.8671626390721972 0.19544307567137872 3.8073277233421794 0.35421593509899085 1.0000000180025095e-35 0.4229102151098551 -1.1126071595210292 99.809160305343596 -0.2446182454038052 0.26520144385834959 8.8459214254198972 -0.63064980148772587 -3.2287100549927747 -2.1410465143166015 47.635027165228429 -1.2760524289817938 1.7237776679518817 34.140096618357234
decision_type=2 2 2 2 2 2 2 2 2 2 2 2 2 2 2 2 2 2 2 2 2 2 2 2 2 2 2 2 2 2
left_child=22 2 3 4 -2 -4 14 9 -9 -8 11 -11 -13 -10 23 16 -12 -18 -19 -20 -21 -22 -1 24 -7 28 27 -27 -25 -29
right_child=1 -3 5 -5 -6 6 7 8 13 10 15 12 -14 -15 -16 -17 17 18 19 20 21 -23 -24 25 -26 26 -28 29 -30 -31
leaf_value=-0.050238640806460594 -0.0317502431791893 -0.050278582508049334 -0.018789440228958308 0.04370768752261827 0.043773700848120434 0.066143325303346281 -0.043362891765784312 0.05492077139313753 0.064908637069892486 0.088239783096168325 -0.025818628932181554 -0.042954562109688475 0.079324007150832293 -0.051095737037792369 0.059646070497875306 -0.053622299731763572 -0.030629884322152863 -0.057861176277651583 0.067449422894429886 0.083012579228556566 0.081637099141745176 -0.043406585925130525 0.21335000112526697 0.027791105144990121 -0.0017027492388122832 -0.10681329208111541 0.012975685826785944 0.0024260679041506685 -0.01319728727472751 -0.027945561669312915
leaf_weight=42.157000938430429 8.9229563474655134 27.646815761458129 28.292863084468991 20.073126159608364 6.6296516805887213 2.7814987101592115 15.772772984579204 9.4069934803992528 1.5522212106734503 4.0034199263900501 23.424665439873934 3.9449652805924416 2.0016744285821915 5.3884518016129732 4.4895339901559046 7.0592642258852711 5.6737323775887516 1.7051104325801141 6.8912125155329704 1.7326300889253605 1.0842341128736741 4.701392088085413 0.17943362891673942 55.96282983571291 288.50247440999374 2.2280463203787795 190.01822488754988 189.04872398870066 15.171213880181311 22.836397614330053
leaf_count=9359 42 5605 305 141 38 26 457 74 12 41 237 81 12 74 47 167 126 31 41 29 19 123 1 306 3202 11 1417 3713 74 206
internal_value=-0.000515727 0.00163465 0.00317907 0.0248205 0.00044355 0.00231635 0.00300639 -0.00807685 0.0209244 -0.0141555 -0.00675166 0.0344307 -0.00179487 -0.0251524 0.00436251 -0.0145908 -0.00849662 0.0101263 0.024476 0.0342192 0.00376051 -0.0199732 -0.0491215 0.00403872 -0.00105488 0.00716053 0.00506791 -0.00194998 0.0190492 -0.000847303
internal_weight=999.284 956.947 929.3 35.6257 15.5526 893.675 865.382 94.3427 16.3477 77.9951 62.2223 9.95006 5.94664 6.94067 771.039 52.2722 45.213 21.7883 16.1146 14.4095 7.51826 5.78563 42.3364 766.549 291.284 475.265 404.131 214.113 71.134 211.885
internal_count=26017 16657 11052 221 80 10831 10526 1524 160 1364 907 134 93 86 9002 773 606 369 243 212 171 142 9360 8955 3228 5727 5347 3930 380 3919
is_linear=0
shrinkage=0.05


Tree=59
num_leaves=31
num_cat=0
split_feature=3 3 1 11 16 9 5 7 14 3 15 15 10 6 9 13 15 2 9 13 14 13 13 14 13 13 14 3 9 2
split_gain=39.6598 29.0561 6.40143 6.14577 7.90709 4.71792 4.93701 5.43553 5.35334 8.48502 10.3724 7.62479 10.9839 7.97369 6.39999 6.33023 5.23716 5.04866 4.99663 4.75007 4.66504 8.77633 4.46023 4.56253 11.4787 11.6792 9.31622 11.5866 10.7151 8.83889
threshold=-26.559729346398161 114.74635464026052 -3.2935484763145189 -71884850.999999985 -0.00054948499999999984 -2.496536794813669 99.21085653707199 1.4800035678826717 -1.9227232942814008 0.93811325021825465 0.18342287252294651 1.6995475599315308 0.14900395765696864 0.89949741847372844 1.0396760689126685 -0.70106811814892089 -3.5965202961581628 0.065079303496009169 -2.0737564035190705 -0.084898424443728679 0.61024680268084175 -0.63303398763943453 8.8459214254198972 -0.016694561773832359 -0.64865627351512767 -0.6362413332521889 -1.4552279429987043 -0.75704762378832202 -0.31731022572774065 -0.00054803384053059279
decision_type=2 2 2 2 2 2 2 2 2 2 2 2 2 2 2 2 2 2 2 2 2 2 2 2 2 2 2 2 2 2
left_child=-1 2 3 4 -2 -4 7 22 9 10 17 13 -13 16 20 -11 -10 19 -18 -8 21 -14 23 24 -7 -26 29 28 -28 -27
right_child=1 -3 5 -5 -6 6 8 -9 11 15 -12 12 14 -15 -16 -17 18 -19 -20 -21 -22 -23 -24 -25 25 26 27 -29 -30 -31
leaf_value=-0.049079146508894243 -0.029984513743757702 -0.050265023389600205 -0.017943015403871932 0.042594903295100447 0.042423552346343173 0.050460649732641277 0.087745794654847012 0.044355742055740124 0.055654261102598759 0.092243208907016844 -0.054228544249008664 -0.053324960588707393 0.081811946185576009 0.0030389455028854771 -0.022577124954568414 -0.04675350267951997 0.031743658337429391 0.081663587711932273 -0.032618627136367671 -0.052355949721643757 0.090355800967089311 -0.053153459813986538 0.064595379915170503 -3.1437535967168607e-05 -0.10448810919294436 -0.00016871778382960005 0.015111919678656311 -0.00048727923323770754 0.050730478169330101 -0.048292678302355251
leaf_weight=40.309293838683516 8.9746113121509534 26.305380106437951 28.149883735459298 19.58031602948904 6.5019016861915579 15.174573071300982 0.97937329113483285 8.4483769829384965 1.8778154850006092 0.95281593501567918 2.3177568167448035 3.9435934396460679 2.8097630143165588 36.252931630238891 3.0415139086544505 5.8379347845911962 3.186771171167492 8.1532203592360002 56.096762550063431 1.5826744996011299 5.7231957782059908 2.1082983259111625 3.0256368368864051 376.74566594697535 2.3755394071340552 106.68665440380573 89.965520131867379 88.415656759403646 27.59005358023569 10.478613621555267
leaf_count=9360 42 5605 305 141 38 84 4 127 19 4 51 107 12 706 56 158 53 42 1384 45 42 49 14 4432 11 580 578 1318 224 426
internal_value=-0.000500043 0.00155411 0.00302461 0.0239827 0.000435137 0.00220086 0.00285734 0.00448332 -0.00593066 0.0180668 0.0416792 -0.0100659 0.0201954 -0.0155415 0.0413852 -0.0272508 -0.0265549 0.0624244 -0.0291588 0.00119961 0.0596671 0.0239543 0.00401576 0.00376028 0.00795332 0.00597173 0.00678377 0.0131869 0.0234715 -0.00447266
internal_weight=993.592 953.283 926.977 35.0568 15.4765 891.921 863.771 728.906 134.864 19.8238 13.033 115.041 17.6264 97.4143 13.6828 6.79075 61.1613 10.7153 59.2835 2.56205 10.6413 4.91806 720.458 717.432 340.687 325.512 323.136 205.971 117.556 117.165
internal_count=26017 16657 11052 221 80 10831 10526 7794 2732 304 142 2428 266 2162 159 162 1456 91 1437 49 103 61 7667 7653 3221 3137 3126 2120 802 1006
is_linear=0
shrinkage=0.05


Tree=60
num_leaves=31
num_cat=0
split_feature=3 3 1 11 0 16 13 9 8 14 15 1 11 1 14 6 13 15 13 4 8 10 1 15 2 14 7 14 13 16
split_gain=37.6262 27.5202 5.89984 5.76362 6.66357 6.55723 4.4222 4.33128 6.86998 6.11939 4.57106 4.55002 6.09993 8.98554 6.26833 6.60577 6.43416 7.02613 6.03852 5.3777 5.32244 7.5028 7.85233 8.91701 7.35254 8.34593 8.15637 6.5743 10.9112 8.93707
threshold=-26.559729346398161 114.74635464026052 -3.2935484763145189 -65447563.999999993 1.0000000180025095e-35 -0.00054948499999999984 8.8459214254198972 -2.6298055122090589 -1.2415258529809809 -0.869744601096477 -1.2186906745142887 0.46851103418602386 59746485.000000007 1.6467005324591815 -0.60052720511445346 -0.84610482505850049 0.33417488265980516 1.8671626390721972 0.19544307567137872 76.470588235294443 0.0198480810273538 -0.25318610962750593 -1.0881382410780704 -1.4375052662029406 -0.7846037869480994 -1.0894440804871481 1.3348703614563242 1.8371186141829907 0.64367936915840052 -0.00040995999999999996
decision_type=2 2 2 2 2 2 2 2 2 2 2 2 2 2 2 2 2 2 2 2 2 2 2 2 2 2 2 2 2 2
left_child=6 2 3 4 5 -2 -1 8 9 -4 -11 20 14 -14 -13 16 19 -18 -15 -16 27 24 -23 -24 25 -22 -26 29 -29 -9
right_child=1 -3 7 -5 -6 -7 -8 11 -10 10 -12 12 13 18 15 -17 17 -19 -20 -21 21 22 23 -25 26 -27 -28 28 -30 -31
leaf_value=-0.050216222126008285 -0.043901810449459164 -0.050252124424597581 0.04376629201884899 0.042810677182881451 0.05641909608583319 0.031859538241208074 0.18860446969744482 -0.007739391640431019 -0.065538994515596485 0.046454304061707891 -0.042475834243573235 -0.042810094520752212 0.051310616488509778 0.061057444031693192 0.025257632238989372 -0.013999988764649805 -0.042800136917129666 0.072901067897512536 -0.050294195261534218 0.13727551448016045 0.041898101127012338 0.035060858566715696 -0.019215149515391147 0.0067912115559352337 0.050536952618740416 -0.010641871874817084 -0.051268722707701414 -0.013644450445848503 0.038417688120205899 0.0073534278986149421
leaf_weight=38.205467980355024 7.9078303724527368 25.028711439110339 4.8501959666609773 17.934907101094723 4.1886654347181311 4.4707153514027604 0.19482436776161094 241.61456396570429 6.0207805004902175 1.7868581917136905 7.5520590082742274 14.933680514805017 9.5054188705980796 1.5923630911856879 2.3468942362815124 51.364797164686024 3.9094791924580932 1.9750178866088388 5.1721960436552763 1.9714476950466631 11.82394729554653 20.186955571174622 39.266565756406635 205.25701580289751 26.52750873146579 20.952287279069424 2.1250013778917483 16.075629329774529 26.911654574796557 165.10897801956162
leaf_count=9359 37 5605 46 133 22 29 1 2596 81 19 80 457 74 12 23 774 82 12 74 19 61 105 698 2773 406 118 51 416 186 1668
internal_value=-0.000483658 0.00148101 0.00288334 0.0231694 0.00190663 -0.0165394 -0.0490046 0.00209588 -0.0207865 -0.00179699 -0.0254604 0.00262828 -0.00783683 0.0199646 -0.0137495 -0.00670065 0.0300468 -0.00396726 -0.0240823 0.076397 0.00387963 0.0087426 0.00508934 0.00261501 0.0244853 0.0083118 0.0429866 0.00035291 0.0189484 -0.00161248
internal_weight=986.762 948.362 923.333 34.5021 16.5672 12.3785 38.4003 888.831 20.2099 14.1891 9.33892 868.621 92.7713 16.27 76.5013 61.5676 10.2028 5.8845 6.76456 4.31834 775.85 326.139 264.711 244.524 61.4287 32.7762 28.6525 449.711 42.9873 406.724
internal_count=26017 16657 11052 221 88 66 9360 10831 226 145 99 10605 1527 160 1367 910 136 94 86 42 9078 4212 3576 3471 636 179 457 4866 602 4264
is_linear=0
shrinkage=0.05


Tree=61
num_leaves=31
num_cat=0
split_feature=3 3 2 14 14 4 8 13 3 1 14 9 12 3 0 1 15 14 9 11 1 15 14 16 15 13 8 13 13 3
split_gain=35.7235 26.0661 5.58278 7.2954 18.0509 11.5929 10.221 10.135 9.89584 12.758 9.12573 7.91286 7.88205 8.92446 7.68557 6.56502 6.31737 9.78033 8.57958 6.23031 6.14139 5.80818 6.06655 5.47232 5.24112 7.39854 5.39145 5.1339 5.11448 9.8517
threshold=-26.559729346398161 114.74635464026052 -1.4843215522742914 -0.077050206406378233 0.8119074016973532 25.333444946704336 -0.88113714689771949 1.5058913959418516 -4.5835770242414933 -2.364109960212426 1.2976115682028491 0.60402241556188796 -136.92250000010242 -4.5835770242414933 1.0000000180025095e-35 -1.3675558344854768 1.891948912506521 2.8186440920447513 -2.3842026316710005 22112517.500000004 -0.78507744877643282 1.5291806696003909 -1.3043958325632621 -0.0008634999999999999 -1.237392234636068 1.3182522292973549 -1.4054242016807315 1.8613057784616458 1.0720890637746046 -1.6350964508730599
decision_type=2 2 2 2 2 2 2 2 2 2 2 2 2 2 2 2 2 2 2 2 2 2 2 2 2 2 2 2 2 2
left_child=-1 2 3 6 7 11 8 12 9 14 -7 16 13 -5 -2 -9 18 -18 -6 28 -21 -8 27 -22 -10 26 -26 -23 -4 -30
right_child=1 -3 19 4 5 10 21 15 24 -11 -12 -13 -14 -15 -16 -17 17 -19 -20 20 23 22 -24 -25 25 -27 -28 -29 29 -31
leaf_value=-0.048962845181563498 -0.014737038921223964 -0.050239859621455697 0.0023068561427651772 0.031036875895559632 -0.016821888129809084 0.021847648416136775 0.041747174420931496 -0.020270121688490812 0.063728974888209666 -0.060677711300966143 -0.050853304564561233 -0.045489360301677974 -0.059121068771834873 -0.044078263538950356 0.04701581325732191 0.06128282356952517 0.043810495531467181 -0.056239896055135463 0.053834953189496708 0.051693025628278128 0.065374444529108247 -0.063116018612705813 0.041521849741649131 0.0056029968964649091 0.075715579413525844 -0.027427836186219079 0.0050718807122369551 0.015877854222847473 0.020590529892742213 -0.011014058613738215
leaf_weight=36.560954246902838 14.709877967834474 23.813714306801558 335.78680624626577 7.0084558874368659 4.9793676286935762 7.824991591274741 44.726748924702406 4.945075161755085 6.9885480850935009 10.369555711746214 9.6268683150410634 3.314104162156581 18.636051706969738 9.0739145427942294 7.6634224429726592 4.9258581846952421 5.4594405591487867 4.4203314036130905 31.320348225533966 8.5558430701494199 3.970929746516048 4.0485524982213956 6.5427728295326224 107.39251030934975 5.1308325603604352 6.9982348233461371 5.7027119994163495 4.1809392422437668 27.954926274716854 209.04873565211892
leaf_count=9360 82 5605 6122 39 29 38 254 27 37 47 47 19 99 62 43 23 32 21 192 44 35 20 34 1398 27 39 29 21 139 2053
internal_value=-0.000467864 0.00140811 0.0027431 0.00951847 0.0003676 0.0167837 0.0182373 -0.0242792 0.00321655 -0.0148331 -0.018256 0.029139 -0.0369897 -0.0113442 0.00641488 0.020427 0.0344947 -0.000953279 0.0441427 0.000507194 0.0108706 0.0327693 0.00558641 0.00773429 0.0270276 0.0126438 0.0385292 -0.0229837 -0.00166249 -0.00728625
internal_weight=981.681 945.12 921.307 228.597 111.535 66.9455 117.062 44.5894 57.5632 32.7429 17.4519 49.4936 34.7184 16.0824 22.3733 9.87093 46.1795 9.87977 36.2997 692.71 119.919 59.499 14.7723 111.363 24.8203 17.8318 10.8335 8.22949 572.79 237.004
internal_count=26017 16657 11052 1261 628 378 633 250 304 172 85 293 200 101 125 50 274 53 221 9791 1477 329 75 1433 132 95 56 41 8314 2192
is_linear=0
shrinkage=0.05


Tree=62
num_leaves=31
num_cat=0
split_feature=3 3 1 13 10 13 9 15 10 8 9 13 5 10 16 16 5 1 1 15 6 3 3 1 10 8 1 12 12 1
split_gain=33.8963 24.7004 5.3862 5.79445 6.71126 6.72976 5.22191 4.50416 4.15124 5.95152 4.04096 4.0148 4.00621 5.0686 6.8201 6.63776 9.20185 9.48233 5.51446 5.44748 8.29934 5.31917 5.57712 7.55802 5.23901 6.74481 11.7234 8.67194 9.91224 5.27468
threshold=-26.559729346398161 114.74635464026052 -2.1947704176153446 -0.12783731010765878 -2.4612361451204818 4.4455786451213095 -2.2983944533426874 0.97438878790648198 -0.68716998587445988 -0.86648381250962736 -2.496536794813669 8.8459214254198972 99.21085653707199 1.5047878245904134 -0.00016793499999999997 -0.00026186999999999993 83.983582472423805 -0.57848364548137898 0.77042976432579813 0.52315365042186912 -0.50256162995906684 3.0332230231279635 0.12825525798223877 0.5067527955983494 -2.1432040791085147 -1.2096120459626516 -0.10449743124741435 -2.1759999999776478 166.81800000020306 0.1551701889549684
decision_type=2 2 2 2 2 2 2 2 2 2 2 2 2 2 2 2 2 2 2 2 2 2 2 2 2 2 2 2 2 2
left_child=11 2 3 -2 -5 6 7 -6 9 -8 -4 -1 13 15 21 18 17 19 -12 20 -17 22 -15 -24 -19 26 -26 -27 29 -29
right_child=1 -3 10 4 5 -7 8 -9 -10 -11 12 -13 -14 14 -16 16 -18 24 -20 -21 -22 -23 23 -25 25 27 -28 28 -30 -31
leaf_value=-0.05019592499891197 0.050666491666112201 -0.05022818271406182 -0.018708655061260057 -0.02591656814004208 0.014622397448696268 0.061756059391530574 0.027790937562278684 -0.054530288737348789 0.057294051740213681 -0.038653157744855338 0.00074658018479067598 0.17054013072850427 -0.005810586739854004 0.018000242948099907 -0.031512954077496762 -0.0068558068603883074 0.074759621188133105 -0.056348077945842935 -0.035535501058691424 0.076896978979830166 0.056306018794148108 -0.036942569551359251 0.095758443891565875 0.013832994982669496 0.068052733152368233 -0.025452694820245671 -0.028424829105212962 0.022423393874149419 -0.018708376434290932 0.084939046204508373
leaf_weight=34.626200428931043 10.557112850248812 22.657438575755805 23.82055142801255 10.370390631258486 4.4514953047037036 7.5448217317461959 12.122665546834467 4.9990412592887878 6.1645405590534343 4.6679077744483939 517.85565783735365 0.20722801983356376 132.09045910649002 44.989982820581645 6.5763169531710437 10.886846363544468 5.8322053439915171 3.7952819163911036 10.688863571733235 6.141760639846324 9.9579321071505547 3.5828813798725596 5.9951114654540998 5.3075437694787979 9.1973426640033704 25.297823476605114 4.7879408677108577 12.826429691631356 13.102049439679829 4.5785318389534941
leaf_count=9359 75 5605 285 55 26 52 73 24 40 25 5674 1 2732 646 74 66 40 39 85 36 57 58 84 43 48 299 88 148 156 24
internal_value=-0.00044834 0.00134487 0.0026175 0.0169884 0.00992289 0.0192261 0.00932414 -0.0219572 0.0222026 0.00931897 0.00159701 -0.0488827 0.00217734 0.00368165 0.0168202 0.00230661 0.0137005 0.0101597 1.28403e-05 0.0355116 0.0233178 0.0221288 0.0258885 0.0572876 0.000862174 0.00397335 0.0350231 -0.00380805 0.0141407 0.0388687
internal_weight=975.68 940.847 918.189 60.878 50.3209 39.9505 32.4057 9.45054 22.9551 16.7906 857.312 34.8334 833.491 701.401 66.4518 634.949 106.404 100.572 528.545 26.9865 20.8448 59.8755 56.2926 11.3027 73.5854 69.7901 13.9853 55.8048 30.507 17.405
internal_count=26017 16657 11052 370 295 240 188 50 138 98 10682 9360 10397 7665 905 6760 1001 961 5759 159 123 831 773 127 802 763 136 627 328 172
is_linear=0
shrinkage=0.05


Tree=63
num_leaves=31
num_cat=0
split_feature=3 3 1 11 14 1 11 1 13 14 6 8 13 15 9 15 2 15 3 2 16 15 3 15 1 0 10 4 14 3
split_gain=32.1867 23.4043 5.01463 5.1968 7.65253 3.59803 5.52121 7.89037 7.03134 5.8839 5.58381 5.87486 6.18907 6.67515 5.51416 11.2482 8.50073 8.49979 8.11119 11.9509 10.3324 12.4674 8.05032 10.2609 12.2331 7.83778 6.95353 9.01774 12.7837 8.86413
threshold=-26.559729346398161 114.74635464026052 -3.2935484763145189 -99955565.499999985 -1.6385938770801325 0.46851103418602386 59746485.000000007 1.6467005324591815 -0.036540122176452396 -0.60052720511445346 -0.84610482505850049 1.5543526038965381 -0.40139368089596633 1.8671626390721972 0.21578975249193552 -0.42532534201153183 0.9303574429710243 -0.099794888052243944 -0.1639086539062152 -0.3248136234444774 -0.00054349999999999982 -2.0570044870906048 -0.41817521118198214 -1.8446423032008867 -0.10449743124741435 -1.0000000180025095e-35 -1.4220870903496927 25.333444946704336 1.6121870538038425 -6.710314489984234
decision_type=2 2 2 2 2 2 2 2 2 2 2 2 2 2 2 2 2 2 2 2 2 2 2 2 2 2 2 2 2 2
left_child=-1 2 3 -2 -5 14 9 -8 -9 -7 11 12 -11 -14 22 18 -17 -18 20 -20 -16 25 23 24 -4 -22 27 28 29 -25
right_child=1 -3 5 4 -6 6 7 8 -10 10 -12 -13 13 -15 15 16 17 -19 19 -21 21 -23 -24 26 -26 -27 -28 -29 -30 -31
leaf_value=-0.048841420749742237 -0.0149893380129136 -0.050217076429184326 0.037362022149643792 -0.01501029271398672 0.048017279129963113 -0.042136314340454561 0.047676890799481654 0.076512175218337697 -0.049798605801743771 0.10509524647632013 -0.013398322845979827 0.11038035364173704 -0.038076839431079423 0.069477457992640879 -0.02676097688752235 0.013570380662487056 0.11122363878799052 0.032417974146495408 0.073472353628748516 -0.030603389605994399 0.010284361162412721 0.038483084383249135 -0.0098070854438920274 -0.051885279569326717 -0.046139242580547815 -0.088433990746146274 0.0053005706794107821 -0.02551233288630558 0.058350582003811713 0.0036253637414061777
leaf_weight=33.164569537388161 7.5215665847063056 21.557069085538387 36.641011454164982 6.4206165298819569 19.269992046058178 14.327544773928819 9.6447166968137044 1.3958195187151439 5.2303336262702924 1.4282880723476399 50.691607577726245 1.7482770811766375 5.290229892358183 1.9834759831428526 14.583971117623149 101.43618195038289 4.2937727123498943 16.845597492530942 3.0076539739966384 33.270123881287873 4.7792255869135261 28.744171914644543 146.08873461792246 8.7858857470564526 4.9826693600043646 3.4708717358298546 287.31661717267707 48.669640306383371 9.0312762167304736 39.631059687584639
leaf_count=9360 36 5605 197 32 153 457 74 10 76 8 774 16 104 12 121 1425 25 147 15 965 32 244 3339 57 73 25 1993 304 64 274
internal_value=-0.000432332 0.00127909 0.0024903 0.0215636 0.0322654 0.00177315 -0.00760053 0.0188167 -0.0231909 -0.013296 -0.00653773 0.0267413 0.00993771 -0.00874772 0.00285952 0.00979458 0.0195814 0.0484248 -0.00385981 -0.0219749 0.00888148 0.0229325 0.000348356 0.00375846 0.0273663 -0.0312471 0.00126086 -0.00967676 0.003739 -0.00644777
internal_weight=971.253 938.088 916.531 33.2122 25.6906 883.319 91.7403 16.2709 6.62615 75.4694 61.1419 10.4503 8.70199 7.27371 791.578 210.432 122.576 21.1394 87.856 36.2778 51.5782 36.9943 581.147 435.058 41.6237 8.2501 393.434 106.118 57.4482 48.4169
internal_count=26017 16657 11052 221 185 10831 1531 160 86 1371 914 140 124 116 9300 2999 1597 172 1402 980 422 301 6301 2962 270 57 2692 699 395 331
is_linear=0
shrinkage=0.05


Tree=64
num_leaves=31
num_cat=0
split_feature=3 3 1 11 0 16 9 8 14 15 2 2 3 11 16 3 12 1 15 5 1 14 1 2 13 3 14 13 9 11
split_gain=30.5973 22.1431 5.03972 5.24605 5.92991 5.49588 3.50889 6.54211 5.54677 4.04987 3.53232 15.0431 8.00792 5.59432 6.88973 6.4393 6.07181 6.01403 5.4739 8.67737 7.25466 7.43239 12.5935 7.5563 19.33 14.8968 7.00469 14.4189 7.30974 6.95049
threshold=-89.290928956264878 114.74635464026052 -3.2935484763145189 -65447563.999999993 1.0000000180025095e-35 -0.00054948499999999984 -2.6298055122090589 -1.2415258529809809 -0.869744601096477 -1.2186906745142887 -0.00022024465094055981 -2.8995246481589016e-07 1.4350780188265 18594150.500000004 -0.00092349999999999995 1.0000000180025095e-35 -269.00550000020297 1.4249407345749019 0.32023118991915872 50.000000000000064 -0.0025522639557351563 -0.63696635467410478 -0.024209384497098082 -0.43513847189636523 3.4186542429227149 -1.5343486057777509 -1.4552279429987043 0.67877094564847729 0.26049413739779254 -85820946.499999985
decision_type=2 2 2 2 2 2 2 2 2 2 2 2 2 2 2 2 2 2 2 2 2 2 2 2 2 2 2 2 2 2
left_child=-1 2 3 4 5 -2 7 8 -4 -10 12 -12 18 -13 -15 -16 -17 -18 19 20 21 22 23 25 -25 -8 28 -28 -27 -23
right_child=1 -3 6 -5 -6 -7 10 -9 9 -11 11 13 -14 14 15 16 17 -19 -20 -21 -22 29 -24 24 -26 26 27 -29 -30 -31
leaf_value=-0.050168202363650855 -0.040810079915218893 -0.05020650981711812 0.042429618334162672 0.041044276545546411 0.054160299739708886 0.029644163247484839 0.025935281947201367 -0.064091667424193241 0.044180763530347091 -0.040050425826657687 -0.039245507459185848 -0.0041253102039427577 0.077984280421851737 0.099763029058768327 0.048886466153368002 -0.038391158500544233 0.018922173924269176 -0.017938065358738108 0.0096226908281703723 -0.032539184605172154 0.036093412398789923 0.041695538833067397 -0.071283707444510278 0.065878031818215096 -0.044330662530885134 -0.067128984906070457 0.066457790317358309 -0.026938803766682607 0.010114568509208307 -0.0069272847215675077
leaf_weight=29.94774820888415 7.9135493636131296 20.509925304912031 4.852885843720288 16.834667518734932 3.9767993539571753 4.2569665163755426 45.836458250880241 5.7576767569407812 1.7701959204860029 7.3614151342771947 25.481755558867007 161.69968279358 3.6561785861849776 2.1840407210402182 9.1922197453677637 7.4205740015022448 43.822245145216584 14.804348945617674 238.38020034134388 19.564306792803109 14.675795286893843 7.619803935289382 4.4611639082431784 17.121151275932792 5.1831877902150145 10.203315168619154 5.9835114777088192 13.358275223523377 4.3765216171741477 207.4147991091013
leaf_count=8964 37 5605 47 136 22 29 244 83 19 86 3067 3357 18 17 61 155 638 244 1344 194 90 38 20 81 24 65 28 79 22 1203
internal_value=-0.000418773 0.00117354 0.00232503 0.0215146 0.00115352 -0.0161668 0.00160759 -0.0192346 -0.00076607 -0.0237219 0.00208469 -0.00272511 0.00421353 0.00116662 0.0122189 0.00967766 0.00422072 0.00961425 0.0037596 -0.000168597 0.00171494 0.000145917 0.0109462 0.0145405 0.0402672 0.00734603 -0.0177726 0.00195406 -0.0439423 -0.00520432
internal_weight=965.621 935.674 915.164 32.982 16.1473 12.1705 882.182 19.7422 13.9845 9.13161 862.44 264.605 597.835 239.123 77.4234 75.2394 66.0472 58.6266 594.178 355.798 336.234 321.558 106.524 102.062 22.3043 79.7581 33.9216 19.3418 14.5798 215.035
internal_count=26017 17053 11448 224 88 66 11224 235 152 105 10989 7539 3450 4472 1115 1098 1037 882 3432 2088 1894 1804 563 543 105 438 194 107 87 1241
is_linear=0
shrinkage=0.05


Tree=65
num_leaves=31
num_cat=0
split_feature=3 3 1 11 0 9 15 0 13 3 10 6 15 14 5 14 3 13 11 13 5 3 16 15 11 15 3 15 14 4
split_gain=29.0761 20.9922 4.63548 4.90433 5.42173 5.05318 4.25951 3.32912 14.7819 11.2348 10.431 9.3219 8.86229 12.2738 12.2822 7.97086 13.5198 13.4188 19.3047 10.8283 11.2991 9.76443 7.46482 6.85861 6.65096 5.90137 13.9332 15.8298 10.0825 8.87529
threshold=-89.290928956264878 114.74635464026052 -3.2935484763145189 -65447563.999999993 1.0000000180025095e-35 -2.2634480471542231 0.90388225618839901 -1.0000000180025095e-35 -0.69443710643087742 -0.37044656602660242 -0.83683096962812464 0.78579318849308122 -2.3126456227057974 1.0661723746778089 97.828239954725774 -0.19470473802853194 0.53619775838285588 -0.38461803712499049 22112517.500000004 -0.82045339100967418 1.5229996134516337 0.1963447628386287 -0.00055993999999999987 -3.5965202961581628 72885296.500000015 0.021330238792886039 -0.1639086539062152 -0.85406430224685892 1.6969531769643644 33.333333333333144
decision_type=2 2 2 2 2 2 2 2 2 2 2 2 2 2 2 2 2 2 2 2 2 2 2 2 2 2 2 2 2 2
left_child=-1 2 3 4 5 6 -2 15 9 10 -9 -11 23 14 24 16 21 18 -18 20 -17 22 -4 -10 -14 26 27 -15 29 -27
right_child=1 -3 7 -5 -6 -7 -8 8 12 11 -12 -13 13 25 -16 19 17 -19 -20 -21 -22 -23 -24 -25 -26 28 -28 -29 -30 -31
leaf_value=-0.050159969853582211 0.0014406036851031675 -0.050196452535642172 -0.00023257898884945557 0.039959710150055977 0.052282753560785579 0.033668178051182746 -0.069591737173434406 0.081442651354040468 0.050993858707226905 0.10405745758389401 -0.03281327226145192 0.0051923456972797983 -0.0070633104316012024 0.05140787928464266 -0.050146072404723255 0.03609477616010278 -0.021450703772954192 -0.033641074141395083 0.14792924664633564 0.00075727913429138815 -0.054397784478008297 0.063762195855501233 0.018746814392867354 -0.060447121434293052 0.071337159482383075 0.045209998133064561 -0.038696678812364521 -0.055141501925690395 0.067868867843322647 -0.066910010251936269
leaf_weight=28.491736520081758 3.9437299817800522 19.513453742023557 79.297449981793761 16.437234774231911 3.9152187556028357 3.66729510575533 4.5402632504701614 2.7701285853981972 1.5745638455264259 7.4605058860033733 7.1630125716328639 3.504179984331131 179.48540836106986 16.681029937695715 17.145954820327461 4.324628651142123 4.4314021086320272 29.07066978700459 2.7115232832729816 298.22687090956606 17.046892365440726 9.5530580859631282 149.44561700406484 11.211350633762775 2.7465186589397481 3.758610257413241 11.80669871624559 4.4068029886111608 11.919632543344049 3.327772868797183
leaf_count=8964 23 5605 684 136 22 22 21 23 15 39 59 24 1965 117 573 21 96 658 21 4087 165 71 1513 224 18 62 558 67 128 36
internal_value=-0.000405358 0.00111716 0.00221559 0.020758 0.00111325 -0.0153739 -0.0365728 0.00152999 -0.00291287 0.0375676 -0.000949877 0.0724614 -0.00611646 -0.00405024 -0.00968831 0.00366099 0.00991003 -0.0185541 0.0428476 -0.00170644 -0.0360862 0.0142357 0.0121673 -0.0467234 -0.00588169 0.0176086 0.00479285 0.0291419 0.0397894 -0.00744167
internal_weight=959.579 931.087 911.574 32.5037 16.0665 12.1513 8.48399 879.07 284.962 20.8978 9.93314 10.9647 264.064 251.278 199.378 594.108 274.51 36.2136 7.14293 319.598 21.3715 238.296 228.743 12.7859 182.232 51.9005 32.8945 21.0878 19.006 7.08638
internal_count=26017 17053 11448 224 88 66 44 11224 3908 145 82 63 3763 3524 2556 7316 3043 775 117 4273 186 2268 2197 239 1983 968 742 184 226 98
is_linear=0
shrinkage=0.05


Tree=66
num_leaves=31
num_cat=0
split_feature=3 3 1 10 11 16 15 9 10 3 2 13 13 0 13 14 11 13 15 14 15 3 15 15 13 13 9 3 8 1
split_gain=27.6287 19.9016 4.27357 4.96598 4.58415 3.95447 4.8139 3.34958 3.41935 6.55155 7.07445 3.22205 22.0762 5.83642 12.35 10.6079 12.582 9.74317 10.3101 11.7544 6.88324 11.7301 8.63401 8.9552 11.3074 9.75937 9.7438 12.237 10.7451 9.18795
threshold=-89.290928956264878 114.74635464026052 -2.5848048578487388 -2.5365681151301445 -99955565.499999985 -0.0007687499999999999 2.0639547024421412 -2.496536794813669 -1.4417294342754692 -0.50961191999444844 -0.22170362319120371 -0.019086249513211865 1.0000000180025095e-35 -1.0000000180025095e-35 0.14674978596998242 1.1288685793631255 -65447563.999999993 1.5058913959418516 0.021330238792886039 1.6969531769643644 2.3051475359244074 -1.746656808730674 1.4342905768477876 -1.0000000180025095e-35 1.157422363528503 1.8613057784616458 -0.37218204370576574 -1.0038318082013216 -1.0863408193175241 -0.079601902363564445
decision_type=2 2 2 2 2 2 2 2 2 2 2 2 2 2 2 2 2 2 2 2 2 2 2 2 2 2 2 2 2 2
left_child=-1 2 3 4 -2 -5 -7 8 9 -4 -11 -9 -13 -14 -15 16 -16 -17 -19 -20 22 -22 23 24 29 26 -25 -28 -29 -18
right_child=1 -3 7 5 -6 6 -8 11 -10 10 -12 12 13 14 15 17 20 18 19 -21 21 -23 -24 25 -26 -27 27 28 -30 -31
leaf_value=-0.050152146573328629 -0.05779550619659795 -0.050186889577311114 -0.017503427271285541 -0.012258620672646943 0.012123825046888571 0.04095930360772191 -0.022067450803828145 0.0070008115227236326 -0.038912541232754567 0.15228299635307074 -0.0056761183120311483 -0.042132055202423913 0.0057995295048231905 0.047067489814409724 0.040890622673829848 0.048602262591459958 0.020863036912107322 -0.025895424071954321 -0.043960972269477004 0.064923836013805705 0.076544487270071723 -0.035765706629762438 -0.048896699830797398 -0.040808786584240996 -0.055030548993433508 0.019039246052181408 0.059094384020552129 0.069997403847469344 -0.053632880651333384 -0.06599730605837778
leaf_weight=27.106300211511552 3.7249127775430679 18.565220177406445 12.063798017334191 5.6267685815691904 6.324606388807295 25.693955734372146 3.434588134288787 223.90077389217913 10.232821730896829 1.3086513727903368 1.5464873658493186 29.600986454170197 379.58180961664766 10.921462358906863 9.7912462297826988 13.912043509073554 12.070829525589945 18.074431128799919 3.4747520554810754 8.6458077756687981 4.9461677893996239 4.386890569701789 22.472982184961438 23.007964540272944 24.301438615657389 27.757756255567074 7.128785781562331 2.2566815614700326 7.9457400832325265 4.0713741937652221
leaf_count=8964 17 5605 86 29 42 190 19 2090 140 6 74 3849 3063 77 70 131 65 162 28 57 24 68 204 187 302 230 35 12 98 93
internal_value=-0.000395069 0.00106023 0.00210781 0.0171641 -0.0137922 0.0261151 0.0335277 0.00132649 -0.0166523 -0.00138418 0.0667244 0.00186594 -5.4718e-06 0.00212705 -0.00466747 -0.00757628 -0.0139094 0.0139814 -0.00196985 0.0337085 -0.0177325 0.0237544 -0.020688 -0.0148474 -0.0334833 -0.00377932 -0.019481 0.00883263 -0.026287 -0.00104481
internal_weight=953.878 926.772 908.207 44.8048 10.0495 34.7553 29.1285 863.402 25.1518 14.9189 2.85514 838.25 614.349 584.748 205.166 194.245 150.138 44.107 30.195 12.1206 140.347 9.33306 131.014 108.541 40.4436 68.0969 40.3392 17.3312 10.2024 16.1422
internal_count=26017 17053 11448 297 59 238 209 11151 306 166 80 10845 8755 4906 1843 1766 1388 378 247 85 1318 92 1226 1022 460 562 332 145 110 158
is_linear=0
shrinkage=0.05


Tree=67
num_leaves=31
num_cat=0
split_feature=3 3 1 11 0 9 15 7 7 13 16 7 9 2 15 16 1 8 16 11 13 4 1 5 4 10 1 2 13 13
split_gain=26.256 18.871 4.00068 4.42712 4.84886 4.57205 3.78249 3.28968 4.58694 7.82293 6.27172 4.91876 7.55154 4.85392 6.32854 5.08183 7.72899 5.29402 5.30292 4.81693 4.52936 4.31246 9.32741 8.36995 7.24715 8.86564 8.69815 8.4224 8.92522 7.02354
threshold=-89.290928956264878 114.74635464026052 -3.2935484763145189 -65447563.999999993 1.0000000180025095e-35 -2.2634480471542231 0.90388225618839901 -1.251638043335805 -1.074939088196651 -0.57142929004170939 -0.00048586999999999995 -0.63064980148772587 -2.6298055122090589 -2.1410465143166015 1.7237776679518817 -0.00042149999999999995 -0.42899730501753358 -0.85036019882480429 -0.00072966499999999989 -25623998.499999996 4.4455786451213095 47.635027165228429 -0.9712850981830532 78.196048521827507 34.140096618357234 -1.1767971731177032 0.002587582925706045 -0.00022024465094055981 2.8578780214216581 0.17482492186896467
decision_type=2 2 2 2 2 2 2 2 2 2 2 2 2 2 2 2 2 2 2 2 2 2 2 2 2 2 2 2 2 2
left_child=-1 2 3 4 5 6 -2 -4 9 10 -9 20 -13 14 15 16 17 -14 -19 -16 -10 22 -15 29 26 -26 27 -24 -29 -23
right_child=1 -3 7 -5 -6 -7 -8 8 11 -11 -12 12 13 21 19 -17 -18 18 -20 -21 -22 23 24 -25 25 -27 -28 28 -30 -31
leaf_value=-0.05014470408302199 0.0013719057871270789 -0.050177787974521187 -0.0064237553825697031 0.038228455739643639 0.050038289060298294 0.032703172302939829 -0.065539375151450696 0.12399424573034196 -0.008492886446946438 0.010140413586505267 0.016223333774426533 -0.057695232745928748 -0.0061823323038237262 -0.065011323961846432 -0.038596694662477046 0.050267175098705486 -0.033558077745926722 -0.0084350031909537042 0.049289088039869047 0.0178193294447987 0.036824459970013386 0.030050446845651363 0.005071500845568155 -0.0058477750185370343 0.038659534301197146 -0.042171704078128175 0.037616734866091274 -0.034230909995281132 0.020956292635194326 0.0070716286380599963
leaf_weight=25.788040617713705 3.9241008982062322 17.662905604578555 117.15348850190639 15.774709783494471 3.8073615282773963 3.5826077610254314 4.5740976259112358 2.8584365397691727 140.62616419838741 55.430472273612395 2.5580869005061677 4.9794162092730394 9.7001745924353546 5.8820439726114264 8.0632864087820035 14.059509497135876 6.7292626164853635 5.0026086121797517 19.439056262373928 7.1286159977316848 5.7387650338932863 45.037695299834013 128.59223238937557 88.347559028305113 4.1362354084849384 18.860307715833187 15.792774975299833 30.788805099902675 9.613905353471635 127.09433166310191
leaf_count=8964 23 5605 1415 136 22 22 21 17 1725 675 25 59 52 33 40 87 36 25 115 36 62 268 764 1671 31 185 177 2956 97 673
internal_value=-0.000383468 0.00100692 0.00200559 0.019465 0.000835621 -0.014671 -0.0346426 0.0013728 0.00258025 0.0157447 0.0730968 0.00142873 0.00359917 0.00415994 0.0164382 0.0243376 0.0154179 0.0250709 0.0374744 -0.0121242 -0.00671606 0.00234408 -0.00292088 0.00666283 -0.0011632 -0.0276331 0.00213094 -0.00118525 -0.021099 0.0130839
internal_weight=948.727 922.939 905.276 31.6629 15.8882 12.0808 8.4982 873.613 756.46 60.847 5.41652 695.613 549.248 544.268 70.1225 54.9306 40.8711 34.1418 24.4417 15.1919 146.365 474.146 213.666 260.48 207.784 22.9965 184.788 168.995 40.4027 172.132
internal_count=26017 17053 11448 224 88 66 44 11224 9809 717 42 9092 7305 7246 391 315 228 192 140 76 1787 6855 4243 2612 4210 216 3994 3817 3053 941
is_linear=0
shrinkage=0.05


Tree=68
num_leaves=31
num_cat=0
split_feature=3 3 2 9 14 15 10 9 6 2 10 13 8 15 14 11 1 16 14 4 14 5 14 10 10 13 3 5 16 1
split_gain=24.9552 17.8978 3.71711 6.66169 8.16772 7.72534 6.40028 7.01597 14.1071 6.32444 5.99274 5.76133 5.80494 5.78691 5.33187 5.10903 5.3848 5.09209 4.94685 7.73618 4.9796 6.46232 4.68587 4.6113 5.62 4.42639 8.424 12.3822 7.27155 6.88031
threshold=-89.290928956264878 114.74635464026052 -1.4843215522742914 -1.0126328218288847 -0.85602674148098001 0.42620771399645146 1.1916678527228013 -1.4863177287572154 -1.0057327909413301 -1.8258782400526123 -2.7179900022775541 0.60961247565540699 -0.36128605564542499 2.0639547024421412 -2.6780743939598532 22112517.500000004 -0.78507744877643282 -0.00057363499999999986 -0.29250270162060948 26.352339181286684 0.83135161389955126 1.9512318895739471 2.6943728412131964 -0.95523991491601101 0.18764130427711084 1.0720890637746046 -1.6350964508730599 18.457101658254764 -0.00052188499999999982 -1.3698387396621206e-06
decision_type=2 2 2 2 2 2 2 2 2 2 2 2 2 2 2 2 2 2 2 2 2 2 2 2 2 2 2 2 2 2
left_child=-1 2 3 6 -5 9 7 10 -9 23 -2 12 13 18 -13 25 -17 -10 -12 20 21 -20 -18 -6 -25 29 27 28 -27 -4
right_child=1 -3 15 4 5 -7 -8 8 17 -11 11 14 -14 -15 -16 16 22 -19 19 -21 -22 -23 -24 24 -26 26 -28 -29 -30 -31
leaf_value=-0.050137625666804998 -0.02119850409515572 -0.050169134785715989 0.0075503558135373884 0.046575860340774017 0.036077269597785719 0.03739538678360451 -0.056753580555440657 -0.050245535820721457 -0.0149199571963105 -0.059413348583538243 0.026572836266224434 -0.014286609369304096 0.047624215866052699 -0.065959031944024554 0.035853915130923911 0.048776750301870633 0.0090166504906798138 0.020410683628581651 -0.043150743621347139 -0.066135989069976128 0.040372296268488803 0.045957065448288995 -0.038382115525596706 -0.050777569015554094 0.022157567799448011 -0.031342954823500704 -0.010674538484905656 0.08916254282758862 0.026202668220324767 -0.0072344339590839557
leaf_weight=24.533718651393428 11.983449324965475 16.804301083553582 203.09927039965987 21.491068422794342 6.8135290369391468 13.600006528198717 4.4500944241881362 15.732978589832781 17.800179563462731 5.0820907950401333 12.957312174141402 6.1383959054946891 6.3827420547604552 3.4203486815094939 38.913085423409939 8.1469745039939863 104.18144895718433 23.880492325872186 7.0188546180725151 5.1234797388315192 6.017366334795951 2.8653005734086037 5.489028056152164 5.6423417851328832 4.965657614171505 9.2322040349245107 205.12971736397594 5.0860594306141129 13.541799828410149 128.46112635335885
leaf_count=8964 68 5605 1167 129 40 84 22 81 92 28 75 30 40 18 230 44 1353 136 33 30 40 27 123 30 31 45 2053 32 62 5305
internal_value=-0.000369592 0.000958369 0.0019102 0.00755744 0.022171 0.00764382 0.00238382 0.00404697 -0.00990483 -0.0103365 0.011992 0.0164692 0.00355331 -0.00396736 0.0290221 8.71759e-05 0.00955775 0.00532235 0.00227215 -0.0127039 0.00451195 -0.0173194 0.00664433 0.0039799 -0.0166363 -0.00188926 -0.00717075 0.0186271 0.00287463 0.00182208
internal_weight=943.984 919.451 902.646 220.279 57.5947 36.1036 162.684 158.234 57.4137 22.5036 100.82 88.8369 43.7854 37.4027 45.0515 682.368 117.817 41.6807 33.9823 21.025 15.9015 9.88416 109.67 17.4215 10.608 564.55 232.99 27.8601 22.774 331.56
internal_count=26017 17053 11448 1264 342 213 922 900 309 129 591 523 263 223 260 10184 1520 228 205 130 100 60 1476 101 61 8664 2192 139 107 6472
is_linear=0
shrinkage=0.05


Tree=69
num_leaves=31
num_cat=0
split_feature=3 3 1 13 9 12 15 6 16 16 1 15 6 12 1 15 12 8 3 14 8 9 10 4 16 15 10 3 11 3
split_gain=23.721 16.9782 3.55271 4.7757 5.89646 4.74317 5.96572 5.01981 4.09467 3.17742 6.35873 6.07181 6.42313 5.86419 5.40587 7.10866 8.16356 6.95976 5.92936 8.16583 6.99954 6.17004 6.05073 9.18307 10.756 8.52905 8.18789 9.68904 7.46318 7.91926
threshold=-89.290928956264878 114.74635464026052 -2.1947704176153446 -0.12783731010765878 -1.1872944285706033 -600.45750000001851 2.0041902269592544 -1.0251526542423779 -0.00069556499999999988 -0.00026186999999999993 -0.57848364548137898 0.54169820535097879 -0.50256162995906684 -74.859999999869601 0.54420163269434807 -1.5116670193286248 446.12299999990506 0.0198480810273538 -6.710314489984234 1.9274295114679341 -0.98439974355477478 1.2991320674589077 -0.95523991491601101 31.927681105763323 -0.00065249999999999998 -1.9615167930544501 -1.0751854180379481 -1.0038318082013216 -13310544.499999998 -0.56864592219851995
decision_type=2 2 2 2 2 2 2 2 2 2 2 2 2 2 2 2 2 2 2 2 2 2 2 2 2 2 2 2 2 2
left_child=-1 2 3 -2 5 7 -7 8 -5 14 11 12 -11 -12 17 16 -16 18 19 20 -4 22 23 -20 -25 -26 28 -28 29 -27
right_child=1 -3 9 4 -6 6 -8 -9 -10 10 13 -13 -14 -15 15 -17 -18 -19 21 -21 -22 -23 -24 24 25 26 27 -29 -30 -31
leaf_value=-0.050130897997610419 0.046292585776358378 -0.050160896083797313 -0.075451903099014977 -0.041129638828081558 0.051092650212737914 0.027435717614685492 -0.037671396905312876 -0.053230194787365459 0.023139198707199122 -0.0059217220921985014 -0.011701109761574829 0.073336978984907764 0.046179258408645195 0.011927456541414585 -0.025680219065068462 -0.022486200345592205 0.068979689089380111 0.0069046482929039019 0.012610719035612407 0.052948391967779646 -0.011234401123910881 0.027988294262588531 -0.01190837096140843 -0.043187238908601155 0.045521160625886389 -0.01372117519995893 0.09489316621378488 -0.012516456145130903 -0.030112727445063932 0.038255770776540715
leaf_weight=23.340248711174354 9.4831403344869596 15.987303710309787 8.376779855927456 3.7309721335768709 6.6542648747563353 18.82816971838475 4.326985962688922 6.700907357037063 7.3816208615899095 13.409117557108406 44.319527842802927 5.9900409057736388 10.585370816290379 64.436306627700105 4.2151342583820206 49.122627640143037 4.9551951177418232 279.16770984954201 100.2482079975307 2.5554531908128402 8.5993025756906718 16.277066133916378 130.74066340085119 18.534409545361996 8.7952632680535299 21.433303028345108 4.0915763899683952 4.312597841024397 31.397932126186788 11.135728307068346
leaf_count=8964 75 5605 145 18 50 126 22 36 46 83 561 36 62 833 136 898 60 3945 1490 62 168 267 1666 117 46 135 23 35 226 81
internal_value=-0.00035503 0.000913577 0.00182104 0.01389 0.00743771 0.000347129 0.0152692 -0.0190496 0.0015614 0.00100318 0.007919 0.028305 0.0170631 0.00229848 -0.000359829 -0.0149421 0.0254693 0.000956709 -0.00357393 -0.0303788 -0.0429223 -0.00206503 -0.0035443 0.00192472 -0.00881996 -0.000972161 -0.00662249 0.039776 -0.0127185 0.00405034
internal_weight=939.133 915.793 899.805 57.1061 47.6229 40.9687 23.1552 17.8135 11.1126 842.699 138.74 29.9845 23.9945 108.756 703.959 58.293 9.17033 645.666 366.498 19.5315 16.9761 346.967 330.69 199.949 99.7008 81.1664 72.3711 8.40417 63.967 32.569
internal_count=26017 17053 11448 373 298 248 148 100 64 11075 1575 181 145 1394 9500 1094 196 8406 4461 375 313 4086 3819 2153 663 546 500 58 442 216
is_linear=0
shrinkage=0.05


Tree=70
num_leaves=31
num_cat=0
split_feature=3 3 1 11 14 9 3 15 1 2 1 4 15 8 1 10 2 2 14 2 10 14 14 6 4 5 16 14 15 4
split_gain=22.547 16.1061 3.37088 4.08463 6.93886 3.01065 6.25531 9.79306 8.97604 6.33212 6.2403 12.0688 8.84495 6.96518 6.68988 7.19664 5.79878 6.24377 11.9479 7.88099 8.07341 7.17349 12.083 11.6392 8.84666 8.43448 8.32353 7.41272 8.67927 9.39187
threshold=-89.290928956264878 114.74635464026052 -3.2935484763145189 -99955565.499999985 -1.6385938770801325 0.21578975249193552 -0.41817521118198214 -1.8446423032008867 -0.10449743124741435 -3.4334440606359573 -2.7213780562362883e-07 44.192470769626134 -0.92993273354209938 -1.4243757897246483 -5.7898130734201889e-12 -0.46954193764873842 -0.00086797978614272465 -0.40584628267434369 -1.4552279429987043 -1.5873427572365981 -1.8621479510890104 -0.077050206406378233 0.84884158762437767 -1.4186755046601902 8.8228999464956051 13.473174667204349 -0.00038592499999999991 1.7435103351919805 -0.68679595196511012 47.56601874080382
decision_type=2 2 2 2 2 2 2 2 2 2 2 2 2 2 2 2 2 2 2 2 2 2 2 2 2 2 2 2 2 2
left_child=-1 2 3 -2 -5 6 7 8 9 -4 11 -8 -13 -14 15 -12 17 18 19 20 -9 -20 -23 -24 -25 27 -27 28 -26 -30
right_child=1 -3 5 4 -6 -7 10 16 -10 -11 14 12 13 -15 -16 -17 -18 -19 21 -21 -22 22 23 24 25 26 -28 -29 29 -31
leaf_value=-0.050124499306498774 -0.014310423880728708 -0.050153062652466975 -0.018005097891699601 -0.01736831200434048 0.044736100498925853 0.0055452083659172577 -0.044732698176321167 -0.062146539167656417 -0.033679666862532112 0.043096406201387584 0.073248742604686598 -0.037827034344503831 0.065142993858464879 0.00074404166272655037 -0.0046688659608227351 -0.026803555879144861 -0.038822521990163013 0.01638086316320372 0.0132543720857538 -0.037129437149815356 0.009458318564070884 -0.019020618257304434 -0.053848334831737545 0.030473819076384214 0.051717270043323965 0.0071267669773723815 0.12499143278921475 -0.048507288198349582 -0.04705648697880891 0.027110288300854296
leaf_weight=22.204694162588567 7.3926633000373867 15.209910165751351 4.9166984483599654 6.1065188422799137 17.070585004985332 269.47623359085992 29.439120384398848 4.6849567741155651 5.5457970236893734 30.816844299435616 5.785862504504621 13.143102772533892 5.0017124563455608 26.152294315397739 83.162435467354953 2.6071448139846307 9.4362763534300012 55.360101122409105 102.81496968865395 34.959611147642136 24.641039084643126 71.10659921169281 6.8606076538562766 40.607032030820847 6.5466110073029986 4.1461098715662956 2.3451314717531195 10.06214953586459 10.117980882525449 7.3832610845565787
leaf_count=8964 36 5605 30 32 156 4118 1466 23 114 167 36 82 30 161 2065 29 706 347 542 201 135 455 43 231 37 37 15 59 58 37
internal_value=-0.000342391 0.000868473 0.00173295 0.0180511 0.0283733 0.00115766 -0.000820672 0.00234219 0.025504 0.0346892 -0.00909374 -0.0199193 -0.00342866 0.0110832 -0.000375159 0.0421692 -0.000102639 0.000854742 -0.00177961 -0.0210953 -0.00198087 0.00295994 -0.00368946 0.00868888 0.0139721 -0.00253193 0.0497085 -0.0124734 0.00260391 -0.0157677
internal_weight=935.104 912.899 897.689 30.5698 23.1771 867.12 597.643 432.352 41.2793 35.7335 165.292 73.7362 44.2971 31.154 91.5554 8.39301 391.072 381.636 326.276 64.2856 29.326 261.99 159.175 88.0689 81.2083 40.6012 6.49124 34.11 24.0479 17.5012
internal_count=26017 17053 11448 224 188 11224 7106 3237 311 197 3869 1739 273 191 2130 65 2926 2220 1873 359 158 1514 972 517 474 243 52 191 132 95
is_linear=0
shrinkage=0.05


Tree=71
num_leaves=31
num_cat=0
split_feature=3 3 5 13 1 3 13 4 13 10 13 13 1 13 13 3 10 8 14 3 9 2 1 16 16 4 8 14 3 0
split_gain=21.4314 15.281 3.286 5.16411 4.85798 11.1079 9.98271 9.16059 11.1794 9.35739 5.94694 15.8748 5.71994 8.99242 6.30462 7.6811 6.48932 5.35709 5.25112 6.53639 4.69876 4.68605 7.83423 4.21127 3.71496 7.18108 6.57433 5.6984 8.15001 10.4847
threshold=-89.290928956264878 114.74635464026052 99.21085653707199 8.8459214254198972 0.002587582925706045 0.7262702530687245 2.0472668060778667 99.999977881215059 -0.69443710643087742 0.89811260160468243 -0.066393769787254697 -0.19009971055955252 0.043700731928188213 0.47732707195896978 0.79224433744866973 0.43572497786737524 -0.35301592436428797 -1.6493740124896459 -0.80580867341359463 6.7282523459269079 -0.81018843878604463 -0.22170362319120371 -0.0019099544964601438 -0.00043160999999999997 -0.0006386749999999999 26.352339181286684 -1.3557192649108216 1.0661723746778089 -6.710314489984234 -1.0000000180025095e-35
decision_type=2 2 2 2 2 2 2 2 2 2 2 2 2 2 2 2 2 2 2 2 2 2 2 2 2 2 2 2 2 2
left_child=-1 2 3 24 10 6 12 8 -7 17 11 21 -6 -14 15 -15 20 -9 -11 23 -16 22 -4 -20 25 27 -27 28 29 -2
right_child=1 -3 4 -5 5 7 -8 9 -10 18 -12 -13 13 14 16 -17 -18 -19 19 -21 -22 -23 -24 -25 -26 26 -28 -29 -30 -31
leaf_value=-0.050118410232195834 -0.055533159914526453 -0.050145609568587948 -0.057974423925212792 0.051111329219640317 0.080097222899155079 0.061558173895178141 -0.051576515774213405 0.077936606134886038 -0.038921201508003628 -0.029389288542390743 -0.053775758654304451 0.065690322731959613 -0.026937675171515775 0.036830045316219841 -0.023638212795575958 0.16186806785241667 -0.052471766012303939 -0.036708233360795019 0.064361727255013171 -0.03822707118693678 0.082103493864598698 -0.057993274819456313 0.056783158562328163 0.016272999216728975 0.0042233760646554 -0.048056707942430908 -0.0088360049618581311 0.029132434823547243 0.0097782779247252167 0.036256149203493272
leaf_weight=21.124259332194924 12.179991174954923 14.470210255822165 2.9589744582772255 5.5151269957423201 6.0714321080595317 3.0445177610963574 3.5601577674970022 1.1085008187219489 30.506109498441219 3.9226178061217096 10.432484198361633 5.4376579038798836 5.855362223461273 2.8009663894772512 1.5041009113192618 2.1874152962118387 2.2243662616237936 12.615709143690763 10.83000971563161 2.7645918428897849 3.4842972196638584 8.6157771414145827 2.9900449886918077 7.8545346129685631 617.67056525824592 13.487600252032278 51.413986679166555 19.295404896838591 40.170233936514705 4.1783645458053789
leaf_count=8964 92 5605 28 32 31 27 142 26 1022 94 305 42 82 26 32 18 61 365 100 87 30 147 15 93 7355 84 313 283 485 31
internal_value=-0.00033132 0.000825491 0.00164988 0.0029036 -0.00567394 -0.000366256 0.0265814 -0.0106369 -0.0298033 0.00581089 -0.0231718 -0.00720993 0.0381139 0.0239972 0.0484409 0.0916595 0.0185508 -0.0274484 0.0238017 0.0335292 0.0502203 -0.0344267 -0.000295955 0.0441464 0.00255303 -0.00477844 -0.0169867 0.00567124 -0.00233698 -0.0320877
internal_weight=930.275 909.151 894.681 763.911 130.77 100.335 27.6881 72.6466 33.5506 39.096 30.4349 20.0025 24.1279 18.0565 12.2011 4.98838 7.21276 13.7242 25.3718 21.4491 4.9884 14.5648 5.94902 18.6845 758.396 140.726 64.9016 75.824 56.5286 16.3584
internal_count=26017 17053 11448 8675 2773 2236 422 1814 1049 765 537 232 280 249 167 44 123 391 374 280 62 190 43 193 8643 1288 397 891 608 123
is_linear=0
shrinkage=0.05


Tree=72
num_leaves=31
num_cat=0
split_feature=3 3 1 7 6 2 3 13 14 15 13 3 15 10 12 5 9 13 5 16 13 3 2 1 14 10 4 15 15 12
split_gain=20.3694 14.498 3.11661 3.17572 4.01086 3.8056 6.71534 4.97101 9.42489 9.85035 10.7296 9.18754 14.528 7.75485 6.52422 5.57695 4.60355 6.8378 8.90999 9.42431 8.41559 7.90722 7.89832 6.22954 7.67355 6.91763 6.06143 5.51691 5.45247 7.55766
threshold=-89.290928956264878 114.74635464026052 -9.0936001784225322 -1.2832823470933004 -1.494653794104283 -2.1410465143166015 -2.3920262306825539 0.54618087323830344 1.0485079909961172 -1.7421990907063456 -0.47198181795274752 -6.710314489984234 0.24068250888684375 0.91391766344066838 -111.42100000008939 1.0000000180025095e-35 0.21578975249193552 -0.019086249513211865 29.773136632643702 -0.00098699999999999981 1.0000000180025095e-35 -0.68960566529344802 2.3643155170494823 0.54420163269434807 1.6969531769643644 0.80039733019519566 73.457188047104211 -1.5962817879798989 -1.5520329282829974 507.00300000002613
decision_type=2 2 2 2 2 2 2 2 2 2 2 2 2 2 2 2 2 2 2 2 2 2 2 2 2 2 2 2 2 2
left_child=-1 2 -2 -4 -5 6 7 8 9 -6 -11 -12 14 15 -13 -9 -7 18 -18 -20 -19 -21 26 24 -22 -26 -23 -27 29 -25
right_child=1 -3 3 4 5 16 -8 13 -10 10 11 12 -14 -15 -16 -17 17 20 19 21 23 22 -24 28 25 27 -28 -29 -30 -31
leaf_value=-0.05011262369491816 0.034447995046969666 -0.050138516606668994 -0.0066549594499644539 0.07021299991212003 0.049132097309035422 -0.0024793271209042661 0.062083702680990609 0.028446397414175373 0.037476616191094485 0.028883453590993671 -0.061959282919244407 -0.0058850754929570814 0.036446396050136477 -0.045761987896577191 -0.091775402395961617 -0.026736831315554262 0.052785082601762651 -0.045728271880055418 0.13851783336374512 -0.04924302129308479 0.0035925875882533566 0.012200853519832758 -0.034024806238825832 -0.034766921377230767 0.063460045199301762 0.069391379137177064 0.06257902282856434 -0.019985593059356498 -0.024331919447922359 0.065569280618791539
leaf_weight=20.09627893101424 7.1490237116813651 13.766387943178414 109.83847480104305 2.1762491061817846 5.7126022875308982 412.68372903834097 5.9551482275128356 48.74380761384964 11.797309689223765 8.6074704155325872 15.447915375232688 3.947561502456665 8.7913701683282834 4.4020835980772963 5.0258294865489095 5.0531280115246764 15.775530775077639 9.1079951424617303 1.3778225183486927 5.7262331843376151 105.78676602058113 27.120726678520441 7.2663784110918632 3.2585609499365082 11.186319559812548 2.3647180385887623 7.6563581172376862 6.3979868404567224 29.094561425969005 4.4258517250418663
leaf_count=8964 54 5605 1327 37 36 5593 36 295 79 56 71 26 53 22 26 29 151 1404 7 48 875 250 119 94 75 16 52 53 517 47
internal_value=-0.000323425 0.000781399 0.00156736 0.00130167 0.0024295 0.0022386 0.0102843 0.00765968 -0.00252483 -0.0124529 -0.0208654 -0.0337584 -0.00923544 0.0180421 -0.0539907 0.0232631 0.000708291 0.00626949 0.0200911 0.00959687 0.00104093 0.0058784 0.0133858 0.00366206 0.00895653 0.0374007 0.0232919 0.00413382 -0.0144381 0.0230219
internal_weight=925.74 905.644 891.878 884.728 774.89 772.714 123.484 117.529 59.3301 47.5327 41.8201 33.2127 17.7648 58.199 8.97339 53.7969 649.23 236.546 64.923 49.1475 171.623 47.7697 42.0435 162.515 125.736 19.949 34.7771 8.7627 36.779 7.68441
internal_count=26017 17053 11448 11394 10067 10030 729 693 347 268 232 176 105 346 52 324 9301 3708 627 476 3081 469 421 1677 1019 144 302 69 658 141
is_linear=0
shrinkage=0.05


Tree=73
num_leaves=31
num_cat=0
split_feature=3 3 5 13 14 15 3 15 10 6 9 2 15 9 11 14 13 13 16 10 8 15 13 14 12 3 13 9 15 2
split_gain=19.3641 13.7592 3.06357 4.62279 4.52525 7.36763 8.44895 5.65991 10.7944 6.83885 5.41327 4.52983 4.30234 4.04704 4.62455 3.85266 7.90515 3.57959 3.4771 5.72571 6.22154 7.0523 5.08345 4.89507 5.87349 4.86007 5.65395 4.49182 4.47851 4.47602
threshold=-89.290928956264878 114.74635464026052 99.21085653707199 8.8459214254198972 -2.0199146940836359 0.18342287252294651 0.93811325021825465 1.6995475599315308 0.14900395765696864 0.89949741847372844 1.0396760689126685 0.065079303496009169 -3.5965202961581628 -2.0737564035190705 -55645858.499999993 0.61024680268084175 -0.63303398763943453 -0.084898424443728679 -0.00026186999999999993 1.5483709831760999 1.1784898456670752 -1.6197135943554639 -0.6362413332521889 2.3367868258416977 175.60300000011924 -2.3920262306825539 0.24875632794254168 -0.92354957499779811 -2.9075176849419262 -3.4334440606359573
decision_type=2 2 2 2 2 2 2 2 2 2 2 2 2 2 2 2 2 2 2 2 2 2 2 2 2 2 2 2 2 2
left_child=-1 2 3 18 5 6 11 9 -9 12 15 17 -6 14 -14 16 -10 -4 19 20 28 -22 -21 -20 27 26 -23 -25 -2 -24
right_child=1 -3 4 -5 7 -7 -8 8 10 -11 -12 -13 13 -15 -16 -17 -18 -19 23 22 21 25 29 24 -26 -27 -28 -29 -30 -31
leaf_value=-0.050107116861895819 0.036943575229540226 -0.050131769808361128 0.07664991337811676 0.048938293312650039 0.049116521660167285 -0.031725079287018669 -0.052970150034234803 -0.054787379758010561 0.074466585836983304 0.0032968076374072504 -0.022187975540359704 0.08174179201528875 -0.053315313440016159 -0.03092025620067726 0.053550448672165511 0.083575079090483312 -0.052919712480794884 -0.052186781123520015 0.012789639266514538 -0.044160434125936857 -0.075343548253347048 -0.0306054531599756 -0.061378488393431296 -0.039342939198583553 -0.076712149146682299 -0.022435197196655453 0.044382953857004186 0.049207758257715208 0.00039632945309221382 0.024863897115520766
leaf_weight=19.118220103206113 8.5168096511624736 13.096711124293504 0.90541251003742229 5.3667326644062987 1.9195121619850386 4.9276645574718705 1.9438123749569047 4.0499748876318362 3.0310514867305756 35.383327673189342 2.9075686307623974 6.936425618827343 1.513993884436786 52.45568987634033 3.0553689571097484 5.5535974809899926 2.0359117593616229 1.3326759748160857 115.53087445115671 3.1214052736759177 4.8672075043432406 3.9636207083240134 1.5590631961822499 2.8044447083957493 3.4479155770968646 28.266362562309951 6.8712421059608459 2.9266218692064268 530.79319630353712 42.98390162922442
leaf_count=8964 89 5605 4 32 19 105 78 112 14 716 57 36 38 1410 45 43 53 43 1125 27 85 79 7 27 41 379 41 46 5963 734
internal_value=-0.000311495 0.000743862 0.00149338 0.00269694 -0.00566499 0.019167 0.0417224 -0.0092256 0.0168229 -0.0140798 0.0382611 0.061785 -0.0245106 -0.0269889 0.018142 0.0548102 0.0232826 -6.62525e-05 0.00236853 0.000860626 -0.000500972 -0.0185864 0.0175228 0.00999743 -0.0251465 -0.0115215 0.0169506 0.00587629 0.000973485 0.0218453
internal_weight=921.186 902.068 888.971 761.019 127.952 16.046 11.1183 111.906 17.5781 94.3279 13.5281 9.17451 58.9446 57.0251 4.56936 10.6206 5.06696 2.23809 755.653 630.943 583.278 43.9684 47.6644 124.71 9.17898 39.1012 10.8349 5.73107 539.31 44.543
internal_count=26017 17053 11448 8675 2773 266 161 2507 279 2228 167 83 1512 1493 83 110 67 47 8643 7404 6636 584 768 1239 114 499 120 73 6052 741
is_linear=0
shrinkage=0.05


Tree=74
num_leaves=31
num_cat=0
split_feature=3 3 1 13 9 12 15 6 16 0 13 3 15 14 5 13 4 10 16 15 1 1 13 10 15 3 14 9 11 14
split_gain=18.4078 13.0582 2.84338 4.2889 5.37669 4.23944 5.21534 4.17251 3.52629 2.88336 12.1064 9.22555 8.13295 10.0881 10.5767 8.07355 8.37484 6.8221 6.27615 6.1859 6.13672 9.9561 8.44529 8.0786 5.85629 9.21983 6.87393 9.99064 7.12731 9.06493
threshold=-89.290928956264878 114.74635464026052 -2.1947704176153446 -0.12783731010765878 -1.1872944285706033 -600.45750000001851 2.0041902269592544 -1.0251526542423779 -0.00069556499999999988 -1.0000000180025095e-35 -0.69443710643087742 0.1963447628386287 -2.3126456227057974 1.1142769888127904 97.828239954725774 -1.0752901661899703 8.8228999464956051 -0.80992037221056845 -0.00035749999999999991 -3.5965202961581628 1.0000000180025095e-35 6.185366108191207e-09 2.1004379069594874 -0.79317412986982649 2.3051475359244074 -2.0957109180342148 -1.4195273831465436 0.52091366600954503 -24053913.499999996 -0.92718371391478127
decision_type=2 2 2 2 2 2 2 2 2 2 2 2 2 2 2 2 2 2 2 2 2 2 2 2 2 2 2 2 2 2
left_child=-1 2 3 -2 5 7 -7 8 -5 15 11 17 19 14 20 16 -4 -11 -19 -12 24 -22 23 -23 26 -26 27 -14 -28 -30
right_child=1 -3 9 4 -6 6 -8 -9 -10 10 12 -13 13 -15 -16 -17 -18 18 -20 -21 21 22 -24 -25 25 -27 28 -29 29 -31
leaf_value=-0.050101881683612695 0.044052156734395054 -0.050125344476230183 0.016186520256996351 -0.039363723336781634 0.048795632911948682 0.025611969384493807 -0.035971188135817234 -0.050215684852357736 0.020755211583346981 0.069446605817650081 0.046767707417273541 0.077231180319270287 -0.044316822449180851 0.016238662687129854 -0.049583387477001258 0.0037239674543794094 -0.060281446440255418 -0.05188516593019047 0.027817446053064271 -0.060799526261554042 0.10489304996158588 0.053183733357230756 0.063046814625115799 -0.028350569740521088 0.07157900443331941 -0.018427666966054558 0.012989810340274369 0.05113079446478147 0.013192188812550335 -0.026009139268122219
leaf_weight=18.187665904406458 8.9705832898616773 12.459532721200956 5.5886462219059458 3.713505096733571 6.4014684669673434 18.038740366697319 4.2474467605352393 6.6436021327972368 7.1076329946517953 3.3634909167885789 1.5338687282055605 7.5350845679640761 26.455787230050195 46.443654627539217 15.331558742560444 548.81746877520345 9.9653572700917703 5.0614834576845169 4.8240198269486427 10.389346699696032 2.8229553550481823 3.8799577727913936 4.9658051021397105 14.001010506413873 5.4064882025122643 6.005800686310975 31.078430909663439 3.0585496402345589 20.160797002492473 54.917052989825606
leaf_count=8964 75 5605 43 18 50 126 22 36 46 26 15 43 259 918 586 7078 95 42 33 223 12 56 30 208 28 65 285 68 219 743
internal_value=-0.000301314 0.000705989 0.00142023 0.0124175 0.0062687 -0.000579811 0.013875 -0.0190252 0.000124113 0.000691273 -0.00358728 0.0330591 -0.00667779 -0.0046298 -0.00978285 0.0027172 -0.032806 0.00793713 -0.0129911 -0.0469615 -0.00625061 0.0163072 0.00536147 -0.0106586 -0.0101875 0.0242123 -0.0130811 -0.0344257 -0.0071468 -0.0154823
internal_weight=917.377 899.189 886.73 55.123 46.1524 39.7509 22.2862 17.4647 10.8211 831.607 267.235 20.7841 246.451 234.528 188.084 564.371 15.554 13.249 9.8855 11.9232 172.753 25.6697 22.8468 17.881 147.083 11.4123 135.671 29.5143 106.156 75.0778
internal_count=26017 17053 11448 373 298 248 148 100 64 11075 3859 144 3715 3477 2559 7216 138 101 75 238 1973 306 294 264 1667 93 1574 327 1247 962
is_linear=0
shrinkage=0.05


Tree=75
num_leaves=31
num_cat=0
split_feature=3 3 14 5 0 14 15 10 2 6 7 14 14 14 11 1 13 13 13 2 9 10 8 16 13 10 4 4 14 15
split_gain=17.5085 12.4151 2.87448 2.82088 4.95707 6.20442 6.72532 9.5553 6.45973 6.38807 5.95885 5.33742 4.65998 7.15955 6.43205 4.4765 4.03781 6.69181 3.96192 4.15873 3.51131 3.30488 5.07283 3.30176 6.64055 4.8163 5.08775 5.8407 7.39399 5.73523
threshold=-26.559729346398161 114.74635464026052 3.8073277233421794 99.21085653707199 1.0000000180025095e-35 -2.0199146940836359 1.8671626390721972 0.14900395765696864 1.1260685056545297 0.89949741847372844 0.56149717467655946 2.1900564753606506 0.8119074016973532 0.74566961887113714 28354758.000000004 0.0052526771018648879 3.1400574188042003 -0.084898424443728679 0.72232363067597738 0.22083014637113693 0.77885482074458123 1.7426354321408013 1.6258415919379809 -0.00061949999999999993 -0.26216638437061751 -3.4684219487254504 24.69996128532684 49.89711934156383 -1.4552279429987043 2.4718366987523352
decision_type=2 2 2 2 2 2 2 2 2 2 2 2 2 2 2 2 2 2 2 2 2 2 2 2 2 2 2 2 2 2
left_child=-1 2 3 23 5 8 9 -8 15 -7 -9 -6 13 14 -11 -5 17 -16 -17 -20 -19 -14 -23 24 -2 -26 29 -28 -29 -27
right_child=1 -3 -4 4 11 6 7 10 -10 12 -12 -13 21 -15 16 18 -18 20 19 -21 -22 22 -24 -25 25 26 27 28 -30 -31
leaf_value=-0.047974400148431497 0.021129621009595347 -0.050119240535685242 0.039143509284512143 -0.012492911998158636 -0.052652201589457971 -0.022606546000822264 -0.055109040197644156 0.084619346046757513 -0.054053831759251852 -0.014373913517114995 0.0036152970234721218 0.04290072684623962 -0.046023531404645365 0.13098169709333143 0.060897305569094909 0.081416993548676542 0.10890971514050024 0.052780349352213346 0.07480586020853984 -0.052454085285134927 -0.054345452822507634 0.097394881017768609 -0.053328067613136923 0.004035497994690977 -0.08993280990703087 -0.0011106235768899727 -0.039240714658132322 -0.042290618112441128 0.0044344178845574364 0.06205789160082395
leaf_weight=18.855089749908075 22.439872886054218 11.853281691903247 5.0142875234596422 2.7705656848847857 9.3529210314154607 53.55226540658623 2.6964823426678768 5.5788327064365131 2.0066858101636162 12.686165500432258 3.8282576873898506 1.7320993039757002 6.1228237031027657 1.2865597754716862 5.4010533131659022 6.3652290413156134 1.6935095991939295 1.0500037670135491 1.221289783716202 1.3533847071230409 2.8174150250852108 1.1621889760717752 1.0742808999493716 595.42192172561772 1.7798452819697548 64.851967872353271 20.463211432099342 11.237465240061281 34.340314190834761 3.8040361776947966
leaf_count=9360 189 5605 60 52 337 1362 66 41 76 292 56 26 165 18 39 38 20 10 6 52 60 11 30 6791 15 804 133 68 191 44
internal_value=-0.000292587 0.00071198 0.00139425 0.00117869 -0.00581812 -0.00267923 -0.00704787 0.0278692 0.0288344 -0.0119142 0.0516544 -0.0377215 0.00528411 0.0161149 0.00986569 0.0430379 0.0379179 0.0249464 0.0602475 0.00791132 -0.0252608 -0.0270229 0.0249956 0.00232654 -0.00407652 -0.00822098 -0.00714126 -0.0170493 -0.00708591 0.00238937
internal_weight=913.813 894.958 883.105 878.091 123.752 112.667 98.9498 12.1036 13.7172 86.8463 9.40709 11.085 33.294 24.9347 23.6481 11.7105 10.962 9.26847 8.9399 2.57467 3.86742 8.35929 2.23647 754.339 158.917 136.477 134.697 66.041 45.5778 68.656
internal_count=26017 16657 11052 10992 2757 2394 2170 163 224 2007 97 363 645 439 421 148 129 109 96 58 70 206 41 8235 1444 1255 1240 392 259 848
is_linear=0
shrinkage=0.05


Tree=76
num_leaves=31
num_cat=0
split_feature=3 3 1 7 8 16 15 16 11 11 10 14 6 11 2 6 13 5 13 13 9 5 16 15 9 10 8 2 5 1
split_gain=16.6706 11.765 2.7222 2.8423 3.79906 3.46476 3.82772 3.50725 3.61972 4.57286 3.66806 3.40148 4.77517 5.63448 4.00697 4.31489 3.34607 4.98381 3.41626 16.8652 5.42881 8.08138 7.07878 6.78256 5.78139 5.77898 7.64629 5.84599 6.19972 5.26284
threshold=-89.290928956264878 114.74635464026052 -9.0936001784225322 -1.2832823470933004 -2.0815793374154228 -0.00013469499999999997 -0.28599351692347258 -0.00015549999999999996 -62490971.999999993 -42532233.999999993 -2.6228198651017833 -0.99328506080847545 -1.4606935436328459 -3206014.4999999995 -0.64719370739410842 1.1204204196529706 7.2008752292721434 39.393939393938957 -0.019086249513211865 1.0000000180025095e-35 0.21578975249193552 49.067747539084856 -0.00092349999999999995 2.5356445029573407 1.8848442735882298 0.6782294546087877 1.4045403439319599 1.2015885344725625 99.809160305343596 -0.17788063799171691
decision_type=2 2 2 2 2 2 2 2 2 2 2 2 2 2 2 2 2 2 2 2 2 2 2 2 2 2 2 2 2 2
left_child=-1 2 -2 5 -5 7 -7 8 -4 10 -10 12 -11 -14 -15 -16 18 -18 20 29 23 -22 -23 -6 25 27 -27 -24 -29 -20
right_child=1 -3 3 4 16 6 -8 -9 9 11 -12 -13 13 14 15 -17 17 -19 19 -21 21 22 24 -25 -26 26 -28 28 -30 -31
leaf_value=-0.050092362415247151 0.032614645652563674 -0.050113434034595498 -0.033376550365140319 0.036914745060683825 0.0032297152800221962 -0.022309566706907206 0.051564090037666134 -0.080570024548040853 -0.037665532219207112 0.068670087486945572 0.043318426167237634 -0.014573666248307285 -0.024951279354506254 0.059016514032502215 -0.045658698506207615 0.091475137373270371 0.051463497106521684 -0.032898524180280712 0.0076474421911617262 0.0012445454333145343 0.042822675278741409 0.10498398946888246 -0.037138260889398707 -0.061864996915994952 -0.035385228054989719 0.049803054618701575 -0.025503811201455697 0.069239337404855925 -0.034073362377434101 -0.051508855459674908
leaf_weight=16.494835566962138 6.8787310719490042 11.27646407112479 12.117206877563147 7.7620007768273345 135.80002783262171 2.6935131959617138 5.0243282853625706 1.6819722969084967 1.7071589990518985 2.8842828529886928 7.7267281415406597 56.862809678539641 10.347175947856162 4.9164224565029144 2.4155175539199161 0.75225290865637351 7.2644522450864297 2.3065424431115389 4.6018747612834003 518.62122065480798 22.756986973807216 1.7311019599437703 8.9828067673370224 4.1231755609624079 8.3434476088732463 13.195724862627687 4.5271173035725942 3.5206461995840064 2.4715397451072931 20.54526638914831
leaf_count=8964 54 5605 108 76 1267 36 39 14 23 29 67 778 119 25 79 10 43 60 28 4477 194 9 101 35 83 116 54 20 57 3447
internal_value=-0.000284095 0.000635063 0.00128348 0.00103736 0.00211217 -0.00651238 0.0257823 -0.00897015 -0.00776259 -0.00422006 0.0286635 -0.00818816 0.00884617 -0.00051554 0.0307604 -0.0130934 0.00175616 0.0311328 0.00138088 -0.000694455 0.00687365 0.0187503 0.00594261 0.00131154 0.00176509 0.0112447 0.0305667 -0.0116229 0.0266269 -0.0406834
internal_weight=910.333 893.838 882.562 875.683 766.554 109.129 7.71784 101.412 99.7296 87.6123 9.43389 78.1785 21.3157 18.4314 8.08419 3.16777 758.792 9.57099 749.221 543.768 205.453 65.5294 42.7724 139.923 41.0413 32.6978 17.7228 14.975 5.99219 25.1471
internal_count=26017 17053 11448 11394 10067 1327 75 1252 1238 1130 90 1040 262 233 114 89 9991 103 9888 7952 1936 634 440 1302 431 348 170 178 77 3475
is_linear=0
shrinkage=0.05


Tree=77
num_leaves=31
num_cat=0
split_feature=3 3 1 15 14 11 14 13 13 11 2 14 9 0 3 14 15 13 3 8 16 15 3 14 15 3 1 2 3 15
split_gain=15.8483 11.1685 2.6078 3.73863 3.26911 6.82182 2.6759 8.95606 10.4186 8.55914 12.5973 8.79097 8.1875 5.91843 14.5848 10.2806 8.28638 7.50917 10.8926 7.33323 6.91169 7.80316 10.1236 8.93238 18.4321 8.63001 10.8769 7.04838 14.6596 7.93109
threshold=-89.290928956264878 114.74635464026052 -3.2935484763145189 -1.0870183990881277 -1.6385938770801325 -99955565.499999985 -0.016694561773832359 -0.67268184738778214 -0.6362413332521889 40043874.500000007 0.32646448187760152 -0.035225267463534694 -1.4739644920155943 -1.0000000180025095e-35 -1.3437605623546547 -1.4381113474802927 2.2561029450361043 0.4381796072375847 -0.50961191999444844 0.038481001530499874 -0.00055993999999999987 0.40777215322349908 -0.1639086539062152 -0.58417654303316735 -1.9615167930544501 1.0000000180025095e-35 -0.014861813415875441 -0.43513847189636523 -1.5343486057777509 -1.5962817879798989
decision_type=2 2 2 2 2 2 2 2 2 2 2 2 2 2 2 2 2 2 2 2 2 2 2 2 2 2 2 2 2 2
left_child=-1 2 3 -2 -5 -6 7 12 -9 10 13 -12 -4 20 15 16 19 18 -16 -15 -10 23 -23 25 -25 26 27 28 -22 -29
right_child=1 -3 6 4 5 -7 -8 8 9 -11 11 -13 -14 14 17 -17 -18 -19 -20 -21 21 22 -24 24 -26 -27 -28 29 -30 -31
leaf_value=-0.050087850795670179 0.057029903950359243 -0.050107906715218233 -0.020204761950895635 -0.019703623479476986 -0.033439510619216829 0.038843746170844372 -0.0019756722275513588 -0.095773767421617265 -0.0043181037797676699 0.03358554658501408 -0.03109028926371098 0.12390978363790051 0.051352944405808121 -0.050564717727329136 0.038783459160668304 0.029886639676154059 0.040117593466567618 -0.039482332912320131 -0.049722993901377938 0.013781457962222908 0.035256092550386538 0.044310611368305976 -0.031466262382120448 0.056215290131296627 -0.033418959700668431 0.070442793386228386 -0.032718676773314657 -0.0067382391676485192 -0.02252073123094046 0.072285508588665573
leaf_weight=15.691751029458826 4.6517600528895882 10.727657226030713 5.2279726713895824 7.3692587465047863 4.40205746889115 12.62694633007049 442.97316123405471 2.7132561318576327 71.235434990609065 20.99986158660613 35.56199914123863 0.9389242148026814 16.982692796736956 12.771405451698234 8.7543230992741865 32.053888074122369 5.7301379367709151 33.14121037395671 5.7660472486168137 6.7775935756508252 25.55187768489122 32.930685249390081 5.0886650900356463 7.3531648714561006 26.069885968463495 6.9288918445818117 11.427038753405212 4.4573124051094046 19.249804034829143 11.037531971931456
leaf_count=8964 48 5605 35 35 21 120 6258 16 689 248 968 8 117 92 48 216 29 341 488 56 143 272 256 43 269 57 405 20 100 50
internal_value=-0.000275487 0.000601286 0.00121891 0.0159505 0.00811837 0.0201583 0.000716458 0.00363399 0.00185987 0.00255004 0.000753746 -0.0271032 0.0345096 0.00386967 -0.00590687 0.0110841 -0.0127575 -0.0263456 0.0036375 -0.028256 0.00850746 0.0145945 0.0341683 0.00795449 -0.0136992 0.0171561 0.0120083 0.0204847 0.0104313 0.0495532
internal_weight=907.192 891.5 880.773 29.05 24.3983 17.029 851.723 408.75 386.539 383.826 362.826 36.5009 22.2107 326.325 104.995 57.333 25.2791 47.6616 14.5204 19.549 221.33 150.095 38.0194 112.076 33.4231 78.6525 71.7236 60.2965 44.8017 15.4948
internal_count=26017 17053 11448 224 176 141 11224 4966 4814 4798 4550 976 152 3574 1270 393 177 877 536 148 2304 1615 528 1087 312 775 718 313 243 70
is_linear=0
shrinkage=0.05


Tree=78
num_leaves=31
num_cat=0
split_feature=3 3 14 14 13 13 11 2 14 9 14 16 15 7 0 3 9 15 15 3 1 13 8 1 3 5 15 13 14 14
split_gain=15.0685 10.605 2.61579 2.58626 8.73354 8.56444 7.6207 11.8007 7.89356 5.75554 5.64783 5.61107 5.91345 5.16042 4.95377 10.367 9.23108 6.90245 10.2184 11.7785 9.51537 9.42454 7.05117 6.28219 5.7689 5.13881 5.27394 5.21863 4.85995 5.63218
threshold=-89.290928956264878 114.74635464026052 3.8073277233421794 -0.016694561773832359 -0.65096841531244387 -0.6362413332521889 40043874.500000007 0.32646448187760152 -0.035225267463534694 -1.4739644920155943 -1.0000000180025095e-35 -0.00060749999999999986 -1.1204169865163141 -1.4574400165180206 -1.0000000180025095e-35 -0.75704762378832202 -0.39201488279590885 0.40777215322349908 2.5356445029573407 -6.710314489984234 0.002587582925706045 -0.30458911994679977 -0.91940880616847032 -0.50863603325922602 -0.1639086539062152 7.6239989666746153 -1.791816300034798 4.4455786451213095 -0.72231364678223053 -0.69006728305041698
decision_type=2 2 2 2 2 2 2 2 2 2 2 2 2 2 2 2 2 2 2 2 2 2 2 2 2 2 2 2 2 2
left_child=-1 2 3 4 9 -6 7 11 13 -2 -5 12 -7 -9 17 16 -16 20 19 22 21 -13 -19 -17 -21 27 -27 -23 -15 -30
right_child=1 -3 -4 10 5 6 -8 8 -10 -11 -12 14 -14 28 15 23 -18 18 -20 24 -22 25 -24 -25 -26 26 -28 -29 29 -31
leaf_value=-0.050083557921959232 -0.0079403592321032803 -0.050102651309162111 0.037385258241046181 -0.086491452211088476 -0.085813675264056977 0.018732846829345669 0.0318723099752155 0.079886744036409829 0.11510001917137634 0.048620936025718861 -0.0013250436015179508 -0.050846142327696957 -0.013769326220217322 -0.049330882723952113 -0.0014170566062998654 0.011010803949732946 0.046423509877243828 -0.088568908291194681 -0.066840649780290404 0.051564396357944575 0.071748822894839512 0.0079927322105983658 0.03292994558479747 -0.048628495646297121 -0.0086013320045976987 0.020950595732369584 -0.058105815512540196 0.06474265362999404 0.077931782342518338 -0.022284315618007734
leaf_weight=14.927702122018671 6.117473658174279 10.205507150036281 4.9558346662670365 1.955187692772596 2.755607007071375 17.567318243440241 21.111972507089376 1.0316506782546628 0.95967431552708049 16.986223047599196 445.1966208955273 7.4778814278542987 68.809083199128509 20.021867436356839 51.479576014215127 6.1356261484324959 12.539285034406928 2.861392815830186 2.6122285833116612 33.533607278950512 5.3349948022514573 98.065710509894416 2.0494344895705572 15.750758315669371 4.5213165448512873 3.3423809073865414 5.7197027681395394 4.2255955189466468 1.5859564626589406 12.085592526011171
leaf_count=8964 44 5605 62 30 17 144 249 18 8 118 6250 113 665 658 325 43 121 30 37 244 39 915 43 582 271 28 82 20 25 267
internal_value=-0.000265828 0.00057258 0.00116242 0.000956517 0.00375089 0.00203105 0.002638 0.00100396 -0.0263571 0.0336444 -0.00169744 0.00385863 -0.007159 -0.0302664 0.00758116 -0.00220254 0.00795341 0.0125326 0.0291743 0.0350118 0.00642384 0.00349104 -0.0378638 -0.0319092 0.0444161 0.00714003 -0.0289473 0.010337 -0.0336392 -0.0106588
internal_weight=901.923 886.995 876.79 871.834 424.682 401.578 398.823 377.711 35.6847 23.1037 447.152 342.026 86.3764 34.7251 255.649 85.9052 64.0189 169.744 45.578 42.9658 124.166 118.831 4.91083 21.8864 38.0549 111.353 9.06208 102.291 33.6934 13.6715
internal_count=26017 17053 11448 11386 5106 4944 4927 4678 976 162 6280 3702 809 968 2893 1071 446 1822 625 588 1197 1158 73 625 515 1045 110 935 950 292
is_linear=0
shrinkage=0.05


Tree=79
num_leaves=31
num_cat=0
split_feature=3 3 1 15 14 11 11 9 12 12 0 12 1 14 9 14 13 13 1 1 12 15 13 16 12 2 2 10 10 5
split_gain=14.3264 10.0697 2.53511 3.52569 2.97575 6.24044 2.7138 2.60869 3.39902 3.37866 2.90913 4.00421 2.84808 2.83148 3.60864 2.77401 2.70901 16.7862 5.94568 4.34301 5.27291 8.31515 7.80562 7.26159 7.97406 6.5567 6.34909 6.01612 5.82218 7.69958
threshold=-89.290928956264878 114.74635464026052 -3.2935484763145189 -1.0870183990881277 -1.6385938770801325 -85820946.499999985 -10922176.999999998 -2.496536794813669 -98.638999999966458 -237.29850000026633 1.0000000180025095e-35 -889.2885000000241 -0.53364191394664695 -3.5636740444238684 -0.54687654326381152 0.40659945191919583 -0.019086249513211865 1.0000000180025095e-35 -0.17788063799171691 -0.93743740788267582 -337.75799999991426 1.4342905768477876 -0.21426972974502731 -0.00023996999999999997 -123.74450000002979 0.87052279461514048 2.9690379856406319 -1.2816459725029101 -0.82237663614037537 64.747307373653101
decision_type=2 2 2 2 2 2 2 2 2 2 2 2 2 2 2 2 2 2 2 2 2 2 2 2 2 2 2 2 2 2
left_child=-1 2 3 -2 -5 -6 -7 8 9 10 11 15 -13 14 -9 -4 19 18 -18 -15 21 -21 23 24 25 -22 -24 -26 29 -29
right_child=1 -3 7 4 5 6 -8 13 -10 -11 -12 12 -14 16 -16 -17 17 -19 -20 20 22 -23 26 -25 27 -27 -28 28 -30 -31
leaf_value=-0.05007947681271583 0.056618786463619244 -0.050097650065633284 0.044161491652963618 -0.018263785172022467 -0.019846648501118325 0.057519442651989508 -0.0018794046418894707 -0.0035812150768864213 -0.050702312041827992 0.039640162209638397 -0.05839252896209516 0.0033481215946542034 -0.057987597944649832 0.029644084398044501 0.080593806145029909 -0.025448830615192177 0.0095490771363971414 0.00092978959270854022 -0.05138148036864551 -0.02858059583570173 0.0088775023006154846 0.032365096281557121 0.027370328883975809 0.029331881554497653 -0.059383183163275566 0.081626768266309588 -0.054507989880601571 0.049906268023278653 -0.01343966269256463 -0.057619830603715443
leaf_weight=14.200797576690091 4.4542926177382496 9.7087232583435235 4.678187260637066 7.3752185106277492 6.2271917276084485 8.0185933075845295 2.5295191854238395 2.5608130290638655 5.2951613690238437 3.4143205694854251 3.132610374595969 3.4786042645573678 4.1511890445835853 17.339001655578613 2.5323810228146604 2.0620389208197594 4.928383685648444 569.22746675927192 21.34142627986148 25.046064287889749 14.206220790510999 7.2070207144133738 48.744560259161517 17.919843512121588 6.1631781833712003 3.9606907442212096 2.4885008586570612 7.9560544921550882 65.657323313411325 2.1054487489163876
leaf_count=8964 48 5605 45 35 35 84 22 32 72 43 40 25 62 118 17 29 29 4918 3813 239 158 71 362 153 72 46 48 82 720 30
internal_value=-0.000257401 0.000543035 0.00110544 0.0157449 0.00820615 0.0198436 0.0432751 0.000610219 -0.014917 -0.00585785 -0.0147334 -0.00521582 -0.0300232 0.00110693 0.0382713 0.0228656 0.000874479 -0.000873607 -0.0399505 0.00563229 0.00356563 -0.0149622 0.00709737 2.01481e-05 -0.0052299 0.0247381 0.0233933 -0.0118788 -0.00801215 0.0274056
internal_weight=898.111 883.91 874.201 28.6048 24.1505 16.7753 10.5481 845.596 26.2121 20.917 17.5026 14.37 7.62979 819.384 5.09319 6.74023 814.291 595.497 26.2698 218.794 201.455 32.2531 169.202 117.969 100.049 18.1669 51.2331 81.882 75.7188 10.0615
internal_count=26017 17053 11448 224 176 141 106 11224 316 244 201 161 87 10908 49 74 10859 8760 3842 2099 1981 310 1671 1261 1108 204 410 904 832 112
is_linear=0
shrinkage=0.05


Tree=80
num_leaves=31
num_cat=0
split_feature=3 3 5 1 3 13 4 4 10 15 1 3 2 3 8 8 3 14 1 4 11 16 14 13 13 14 3 13 14 13
split_gain=13.621 9.56193 2.43149 4.49558 9.00037 8.25671 8.03369 9.19489 7.30422 5.91377 6.78487 5.12559 8.33711 5.11511 7.83545 4.90131 4.75314 6.40402 5.99524 5.77957 4.72273 4.52443 7.51392 3.98486 3.75571 3.31367 3.71497 5.24378 4.95874 6.66437
threshold=-89.290928956264878 114.74635464026052 99.21085653707199 0.002587582925706045 0.7262702530687245 2.0472668060778667 99.999977881215059 49.89711934156383 0.89811260160468243 -0.24903436171689128 0.096194092855017191 -0.23920691657109863 -0.0053401727484470021 -1.9792767981836557 -0.4957486546266861 -1.6493740124896459 0.1963447628386287 -2.9511075902869544 0.028679115122028673 59.908872005646174 -24506581.999999996 -0.00052577499999999992 -1.5578102627792709 8.8459214254198972 -0.69443710643087742 -1.4009534748499402 1.7825705175474942 2.4749725001727456 0.5731651080135115 3.6714556979110378
decision_type=2 2 2 2 2 2 2 2 2 2 2 2 2 2 2 2 2 2 2 2 2 2 2 2 2 2 2 2 2 2
left_child=-1 2 23 11 5 16 7 9 15 -6 24 12 13 14 -4 -8 17 -5 -19 21 -10 -18 -23 -2 -11 -22 -27 -28 -29 -30
right_child=1 -3 3 4 6 -7 8 -9 20 10 -12 -13 -14 -15 -16 -17 19 18 -20 -21 25 22 -24 -25 -26 26 27 28 29 -31
leaf_value=-0.050075594896285769 0.0018110825168567027 -0.050092892709453107 -0.056566030354295582 0.075060000860140086 -0.040585642827226417 -0.051435075161849822 0.073481747870712016 -0.049232561958623196 0.085869501760194325 0.057212210461861937 0.10439646717977631 -0.051876646290843556 0.061471880815345097 -0.059177931550794385 0.042129832920714788 -0.035328684916215089 0.10265944431063385 0.062893344104641424 -0.055082030162832078 -0.012059426075023289 -0.053993751737120135 0.077859264120473254 -0.031881975906090064 0.046247410713765792 -0.037487759158083174 0.060335680490416002 -0.021430791326656477 0.089394575433013324 0.055633824306678847 -0.054794902753652397
leaf_weight=13.509237398859112 745.64746036427096 9.2360782426549104 3.4272047355771065 2.2517877370119095 3.9121077070012689 3.1267876606434575 1.1385272769257415 19.682750876992941 2.5520647093653706 1.7241026237607 2.3902887627482414 9.9697692445479316 3.5492574572563198 6.0285310856997976 4.8664421401917934 11.373895539902149 5.1096874168142703 1.4503510743379653 4.18187166005373 2.8657310782000414 1.6559518445283234 4.6080482024699476 2.3579369746148515 5.0795530527830115 2.6657541394233721 4.3857754860073319 7.6868145950138596 2.8453599978238326 3.1862537991255522 2.3919180715456605
leaf_count=8964 8643 5605 37 14 125 142 26 827 23 12 27 386 16 71 27 365 37 9 78 54 47 24 64 32 58 43 146 30 32 53
internal_value=-0.000249537 0.000514193 0.00105015 -0.00551551 -0.000266024 0.0247635 -0.00987625 -0.0289568 0.00569672 0.00836763 0.0366134 -0.0231533 -0.00712967 -0.0241302 0.00134549 -0.0254278 0.0352017 0.0037913 -0.0247022 0.0517757 0.021461 0.0669247 0.0407126 0.00211175 -0.00029464 0.0140407 0.0195375 0.00843084 0.0356808 0.00828203
internal_weight=894.857 881.348 872.112 121.385 93.5438 25.9522 67.5916 30.375 37.2166 10.6923 6.78015 27.8412 17.8714 14.3222 8.29365 12.5124 22.8254 7.88401 5.63222 14.9414 24.7041 12.0757 6.96599 750.727 4.38986 22.1521 20.4961 16.1103 8.42353 5.57817
internal_count=26017 17053 11448 2773 2236 422 1814 1049 765 222 97 537 151 135 64 391 280 101 87 179 374 125 88 8675 70 351 304 261 115 85
is_linear=0
shrinkage=0.05


Tree=81
num_leaves=31
num_cat=0
split_feature=3 3 4 4 14 16 12 1 15 9 3 2 14 14 8 0 10 3 9 10 13 9 9 15 15 13 4 8 2 13
split_gain=12.9496 9.07989 2.36976 9.86671 6.66053 6.35718 6.92287 6.357 13.6781 8.44701 7.85538 6.33543 6.0487 12.9233 10.6335 9.0785 13.1361 11.1449 7.14986 7.5421 7.13341 8.40416 8.08686 6.42991 6.17115 7.2491 6.00158 5.84712 5.64691 5.09655
threshold=-89.290928956264878 114.74635464026052 8.8228999464956051 42.90744466800831 -2.6780743939598532 -0.00040995999999999996 -1218.6090000001711 -0.12100609981402158 -1.0870183990881277 0.52091366600954503 -1.0889315803203179 -2.8449465006019632e-06 1.0661723746778089 -0.29250270162060948 -0.88113714689771949 1.0000000180025095e-35 0.34870195366156193 -5.8581456346523142 0.065355261266078463 0.91391766344066838 3.3294865770640656 -0.74535614416920193 -1.6050691722327655 -0.60565373328411654 1.4157382654397745 -0.036540122176452396 33.40306834030681 -0.62144638647364581 -0.92570406039941167 1.4578335218456229
decision_type=2 2 2 2 2 2 2 2 2 2 2 2 2 2 2 2 2 2 2 2 2 2 2 2 2 2 2 2 2 2
left_child=-1 2 4 5 29 6 -4 12 10 -10 27 -12 13 14 20 16 17 23 19 -14 21 22 -6 -15 -16 -26 -8 -9 -29 -2
right_child=1 -3 3 -5 7 -7 26 8 9 -11 11 -13 18 15 24 -17 -18 -19 -20 -21 -22 -23 -24 -25 25 -27 -28 28 -30 -31
leaf_value=-0.050071902674289917 0.003332397823958993 -0.050088364483297489 0.034553662814160245 0.0026737291722206233 0.0031168932140887614 0.00044583311619593701 -0.018996675574904257 -0.088401995845918721 -5.2751402721472398e-05 0.030978455647389675 0.010083363017402501 -0.036976660791580657 0.042409586365225994 0.034824817019371235 0.050026049580590898 -0.058414481716546354 -0.075790611481215631 0.031891993776194179 -0.044910245478253008 -0.024804957800819993 0.062842673238190871 0.056813871234068329 -0.052755551306216099 -0.050242524199370975 0.067133509770459912 -0.017517651276766289 -0.054506831532185045 0.073920599775822091 -0.045535516904192441 -0.05257690149452892
leaf_weight=12.851308193290604 7.5439350898377624 8.7864035625243542 4.9141236878931513 401.08362272754312 16.8446778357029 48.981947083026171 53.661842484027147 7.1106935918796808 92.324167533544824 28.762509093852714 15.944223731756209 12.968930775532501 35.20604445040226 2.9546735733747473 28.312333188951015 9.1453605592250806 5.2946333065628997 20.141803048551086 3.0559266395866862 4.7348547577857962 3.9832850247621527 4.301871910691264 10.521426543593405 8.950348041951651 3.5866405516862878 8.5768873877823317 15.288799099624155 1.2285034358501432 5.0812424081377667 8.8673025667667371
leaf_count=8964 97 5605 28 3961 102 349 331 90 2751 1166 91 1141 239 21 176 48 25 104 21 23 27 25 56 43 21 46 151 6 249 60
internal_value=-0.000244288 0.000484908 0.000996032 -0.00112365 0.00421094 -0.0135217 -0.0227841 0.0057615 -0.00123481 0.00731829 -0.0256992 -0.0110253 0.0126653 0.00700672 0.0196915 -0.0137659 -0.00283099 0.00922307 0.0288017 0.0344415 -0.000219749 -0.00815191 -0.0183643 -0.0291299 0.0372294 0.0074433 -0.0268705 -0.0573129 -0.0222775 -0.0268765
internal_weight=891.01 878.159 869.373 523.93 345.442 122.847 73.8648 329.031 163.42 121.087 42.3336 28.9132 165.611 122.614 76.1271 46.4868 37.3415 32.0468 42.9968 39.9409 35.6513 31.668 27.3661 11.905 40.4759 12.1635 68.9506 13.4204 6.30975 16.4112
internal_count=26017 17053 11448 4820 6628 859 510 6471 5494 3917 1577 1232 977 694 453 241 193 168 283 262 210 183 158 64 243 67 482 345 255 157
is_linear=0
shrinkage=0.05


Tree=82
num_leaves=31
num_cat=0
split_feature=3 3 14 5 3 14 15 3 6 14 15 10 10 15 15 3 13 3 9 15 11 2 0 14 14 14 15 10 15 13
split_gain=12.3143 8.6247 2.30536 2.36159 5.17683 3.92134 5.48544 6.24347 4.28318 4.17393 3.91479 4.10212 4.45873 6.34309 5.20304 4.08246 6.80797 4.0584 7.0588 4.4244 3.37216 3.32909 3.24946 4.58804 4.4594 7.52919 9.44708 5.51357 5.49633 9.20829
threshold=-89.290928956264878 114.74635464026052 3.8073277233421794 99.21085653707199 13.450901480537173 -2.0199146940836359 0.18342287252294651 0.93811325021825465 0.85151768576671771 -2.0906022610723531 -0.19179843318866199 1.5483709831760999 0.52792206108522965 0.8014376110882937 0.70511082373079026 0.7262702530687245 -0.12783731010765878 3.9900969870501934 -1.9015987052039487 -3.5965202961581628 41744218.500000007 0.065079303496009169 -1.0000000180025095e-35 2.1490373011291628 0.93467079724271696 0.61024680268084175 -0.099794888052243944 1.7426354321408013 -1.5329062185585531 1.6698427576629746
decision_type=2 2 2 2 2 2 2 2 2 2 2 2 2 2 2 2 2 2 2 2 2 2 2 2 2 2 2 2 2 2
left_child=-1 2 3 -2 5 6 7 21 10 -8 17 12 13 15 -14 16 -12 -7 -19 -20 -15 -5 24 -24 25 28 -27 -26 29 -10
right_child=1 -3 -4 4 -6 8 9 -9 22 -11 11 -13 14 20 -16 -17 -18 18 19 -21 -22 -23 23 -25 27 26 -28 -29 -30 -31
leaf_value=-0.050068391566305263 0.0017937115992860493 -0.050084057689509492 0.03538839977422991 -0.00050177788883222876 0.11825229201492898 -0.044151457279681262 -0.054217603386875972 -0.052319809282307964 -0.025703911112520208 0.070888988787407778 -0.040592180564415548 -0.059818109583498646 -0.052680195113025213 -0.053882623707112588 0.037586695028426161 -0.03780109997907978 0.058182565826231436 0.1617874325108192 0.062386703862264116 -0.041281329739500792 0.060564731673444942 0.073627440703605523 -0.051476318208536966 0.050049048353602771 -0.052987668418423228 -0.028312790844724683 0.13014028239957898 0.053615668450418902 -0.0067223227602530924 0.11293038904890046
leaf_weight=12.225377940689212 744.87954614916816 8.3585860973689687 4.8324170282576224 1.994669602252541 0.83431209251284499 19.848663796205077 3.4000767404213548 1.5922191236168135 2.101185159757736 0.82930268626660009 2.511263650842011 3.4219364300370207 1.9123288681730617 9.0048472564667428 9.6628560796380025 3.3009827388450494 5.7132695429027098 0.6236349120736121 1.3670949786901472 4.164246952161192 0.6931756008416422 6.2923911474645138 5.1385915204882613 1.4204009948298333 5.076062871143221 1.3912921976298092 2.9042883999645701 1.5937408665195105 17.306794114410881 2.7858650833368301
leaf_count=8964 8629 5605 62 47 15 694 94 78 33 11 28 75 59 283 152 114 68 4 9 152 10 36 235 22 135 36 22 21 298 26
internal_value=-0.000233872 0.000462444 0.00094998 0.000756864 -0.00585068 -0.00674288 0.0179628 0.0383618 -0.0101621 -0.0296865 -0.0183503 -0.00772403 -0.00228898 -0.0159035 0.0226738 0.00917046 0.0280229 -0.0331518 0.00231994 -0.0156593 -0.0457024 0.0557848 0.00266594 -0.0294902 0.00902652 0.0182273 0.078819 -0.0275149 0.00649992 0.0533246
internal_weight=887.181 874.956 866.597 861.765 116.885 116.051 14.1087 9.87928 101.943 4.22938 62.2243 36.2207 32.7987 21.2235 11.5752 11.5255 8.22453 26.0036 6.15498 5.53134 9.69802 8.28706 39.7182 6.55899 33.1592 26.4894 4.29558 6.6698 22.1938 4.88705
internal_count=26017 17053 11448 11386 2757 2742 266 161 2476 105 1648 789 714 503 211 210 96 859 165 161 293 83 828 257 571 415 58 156 357 59
is_linear=0
shrinkage=0.05


Tree=83
num_leaves=31
num_cat=0
split_feature=3 3 1 4 5 4 10 10 8 14 16 10 15 4 0 14 15 14 16 3 12 15 4 13 5 1 3 14 10 14
split_gain=11.7077 8.1909 2.31009 5.29469 6.43286 6.37969 5.08875 4.80093 5.36779 6.12269 4.98514 7.27224 7.80742 5.65202 5.41557 5.06392 4.93258 4.20433 4.01153 6.24764 6.16598 5.31085 4.03066 3.52899 12.7526 7.17104 7.5042 11.5508 9.47824 5.16551
threshold=-89.290928956264878 114.74635464026052 0.77042976432579813 72.663307204180498 73.825208607817018 66.666666666666643 -0.33586663224258029 -1.2938868194689566 -0.82441036361048026 -1.5764670944956429 -0.00024871499999999994 1.1916678527228013 -0.54240062622375007 72.269303201506446 1.0000000180025095e-35 1.0661723746778089 -2.2141054999450547 1.2976115682028491 -0.00049598999999999986 2.7727989114802791 -850.97000000020478 -3.2287100549927747 77.469367341835252 1.9755272202579406 41.127622377622636 -1.0000000180025095e-35 -2.7910952193044429 2.6943728412131964 -2.7179900022775541 -2.9511075902869544
decision_type=2 2 2 2 2 2 2 2 2 2 2 2 2 2 2 2 2 2 2 2 2 2 2 2 2 2 2 2 2 2
left_child=-1 2 3 5 -5 23 17 8 9 -4 11 -9 13 -13 -12 -14 -15 -7 19 -6 -20 -22 -23 -2 25 26 27 28 -25 -28
right_child=1 -3 7 4 18 6 -8 10 -10 -11 14 12 15 16 -16 -17 -18 -19 20 -21 21 22 -24 24 -26 -27 29 -29 -30 -31
leaf_value=-0.050065052138411739 0.003459757834414553 -0.050079961815285894 0.097635759668453573 0.071721144841594586 0.056619943507032179 -0.021767545307820661 -0.046221996016680054 -0.046568060238961956 0.13019200211417967 -0.041983062391771825 -0.012351363096560373 -0.052314953175481141 -0.050448539058995746 -0.013373707261502527 0.047971668033238657 0.033483675221391729 0.078085013954705143 0.083635249698166367 0.1170266486281453 -0.037117264179920388 0.080578363071020759 0.035369318381107018 -0.037447217163766894 -0.053938708767597966 -0.045538633422654157 0.054277980890157167 0.048789391096786754 -0.059277915464934286 0.03796426242764106 -0.0091231668047620854
leaf_weight=11.629895433434283 564.03576571727172 7.9515668000094584 1.221354831941426 5.3687190860509899 7.9056533863768017 2.4611584227532179 12.240100423805414 17.499061651527882 1.2156946966424573 2.1989805484190583 9.9272421309724432 1.5981367249041811 7.9576288685202581 2.0732497507706276 5.9510297048836938 2.3213179698213935 5.1023643622174868 1.5368815138936041 0.96480056922883051 2.2932232916355133 1.3485317602753646 2.3366165757179163 10.181020932272077 3.1162539646029499 17.128525134176016 5.805522993206977 3.9638409726321688 4.2257955744862548 28.132553987205029 134.5630066357553
leaf_count=8964 8176 5605 13 28 79 50 240 454 12 61 146 64 150 29 56 29 58 14 7 42 8 16 242 17 405 32 25 23 183 789
internal_value=-0.000228993 0.000435196 0.000899735 0.00158672 0.0220574 0.00078606 -0.030225 -0.00882257 0.0399483 0.0078729 -0.0131351 -0.0232967 -0.00192308 0.0327209 0.0102572 -0.0314939 0.0516599 0.0187502 0.0114049 0.0355431 -0.0051943 -0.0136984 -0.0238549 0.0014478 -0.00431459 -0.000387564 -0.00221147 0.0183074 0.0287993 -0.00746604
internal_weight=884.255 872.626 864.674 807.608 30.3986 777.209 16.2381 57.0661 4.63603 3.42034 52.43 36.5518 19.0527 8.77375 15.8783 10.2789 7.17561 3.99804 25.0298 10.1989 14.831 13.8662 12.5176 760.971 196.935 179.807 174.001 35.4746 31.2488 138.527
internal_count=26017 17053 11448 10376 422 9954 304 1072 86 74 986 784 330 151 202 179 87 64 394 121 273 266 258 9650 1474 1069 1037 223 200 814
is_linear=0
shrinkage=0.05


Tree=84
num_leaves=31
num_cat=0
split_feature=3 3 1 9 10 12 2 15 14 8 1 12 12 10 8 10 1 1 14 12 16 1 11 11 3 2 15 12 11 14
split_gain=11.1317 7.77983 2.27743 2.50054 4.30798 6.05844 3.57748 4.01124 2.528 2.41404 2.3504 3.40365 3.64128 3.97226 2.46422 7.93624 7.38495 5.99847 6.59705 5.61145 4.84749 4.79149 4.38183 7.26927 6.51487 4.62083 4.55465 4.2584 4.53354 4.22548
threshold=-89.290928956264878 114.74635464026052 -10.888888888809616 -2.6298055122090589 -1.4967020355566676 -288.54499999992544 -0.37803803903574934 -1.1365823042153502 3.8073277233421794 -2.3501682941448405 -2.5848048578487388 -1218.6090000001711 -83.529000000096843 -0.68716998587445988 0.0198480810273538 -0.12010837973529344 -0.68365345793497678 -0.71386255339061966 -0.035225267463534694 207.29349999991248 -0.00077649999999999996 1.1811731322239363 -25623998.499999996 -48328058.999999993 -1.4439450746555129 -0.52283693808862275 -2.2141054999450547 245.05000000004659 -27387985.499999996 -1.5079008570164367
decision_type=2 2 2 2 2 2 2 2 2 2 2 2 2 2 2 2 2 2 2 2 2 2 2 2 2 2 2 2 2 2
left_child=-1 2 -2 4 5 6 7 -4 10 -8 11 -5 -13 -14 -12 16 19 18 -17 -16 -19 27 23 24 -22 -26 -25 -18 -29 -24
right_child=1 -3 3 8 -6 -7 9 -9 -10 -11 14 12 13 -15 15 17 21 20 -20 -21 22 -23 29 26 25 -27 -28 28 -30 -31
leaf_value=-0.050061875056244147 0.040561489966909225 -0.050076067576859708 0.039725390522681342 -0.018562067698719743 -0.041675975660090875 0.077933153391008883 0.078098240085185788 -0.03667513657560878 0.037845906978104457 -0.0097385464194188233 -0.0020557248583890349 0.041859217268667578 -0.027586410044972878 0.048186004684699746 -0.048714336046250334 0.042456557238268161 0.036182343024268218 0.026571456835100073 -0.0020362847029441133 0.02170510858777451 -0.10047875323304725 -0.039857476403660719 -0.023872061014496564 -0.063339069211841376 0.072974184197319145 -0.020337169707778727 0.0416769845258761 -0.047555397594151165 0.018781706475969807 -0.0039062588418931803
leaf_weight=11.063383035943842 3.5958758667111388 7.5643380450783289 2.0803025960922232 5.6485861018300083 9.3758830877486599 2.1998423887416747 1.6563453203998526 9.8649386577308196 4.6720033735036841 1.4822203738149227 435.94199393712915 12.611377548426393 5.0775405503809452 2.6232241541147205 6.6371041089296323 16.309196941554546 42.893086678348482 13.31055990513414 17.031402830034494 4.9305719882249832 1.9919197454582898 2.745093021541833 30.873979228781536 1.1056146144401324 1.7280442938208578 5.7133536722976732 15.609663489041846 3.1327821249142316 14.47881478932686 187.04261202435009
leaf_count=8964 30 5605 13 35 128 17 29 58 61 46 5412 104 37 24 35 97 573 147 95 30 25 56 499 24 10 86 190 35 192 3360
internal_value=-0.000223645 0.000410177 0.000853024 0.000686754 -0.0143867 0.000416955 -0.0108881 -0.0233697 0.00116969 0.0366164 0.000962598 0.0157694 0.0253166 -0.00177494 0.00048299 0.00351071 0.0180334 -0.000226789 0.0197282 -0.018699 -0.00281178 0.0247513 -0.00441425 0.0149262 -0.0201664 0.00133163 0.0347308 0.0276826 0.00698154 -0.00673497
internal_weight=880.992 869.928 862.364 858.768 26.6595 17.2836 15.0838 11.9452 832.109 3.13857 827.437 25.9607 20.3121 7.70076 801.476 365.534 74.8175 290.716 33.3406 11.5677 257.376 63.2498 244.065 26.1486 9.43332 7.4414 16.7153 60.5047 17.6116 217.917
internal_count=26017 17053 11448 11418 291 163 146 71 11127 75 11066 200 165 61 10866 5454 921 4533 192 65 4341 856 4194 335 121 96 214 800 227 3859
is_linear=0
shrinkage=0.05


Tree=85
num_leaves=31
num_cat=0
split_feature=3 3 1 9 7 6 7 13 7 16 12 1 16 14 12 15 8 1 1 15 10 10 2 0 4 0 13 3 4 16
split_gain=10.5859 7.3909 2.141 2.41563 2.39647 3.53423 3.11901 4.79566 4.16288 3.73204 3.66607 5.03887 4.50354 3.9596 3.55893 3.54486 4.06018 4.01652 4.96764 3.82019 3.91546 4.5743 3.52326 3.40679 3.43095 3.32766 3.29697 3.32978 3.24268 2.9428
threshold=-89.290928956264878 114.74635464026052 -9.0936001784225322 -2.7223960273158085 -1.2832823470933004 -1.494653794104283 -1.074939088196651 -0.57142929004170939 -0.8720258067954586 -0.00048586999999999995 -55.074999999953427 -0.37891764314025606 -0.00027984499999999992 -0.13839757319222509 -288.54499999992544 1.9760235090979392 -0.91940880616847032 -1.1523575512869104 0.26680007050465232 1.1488902982779394 -0.45412480569355435 -0.13663400128014813 -1.3872400559154185 -1.0000000180025095e-35 32.176292421009052 -1.0000000180025095e-35 -0.084898424443728679 -6.710314489984234 49.89711934156383 -0.00013469499999999997
decision_type=2 2 2 2 2 2 2 2 2 2 2 2 2 2 2 2 2 2 2 2 2 2 2 2 2 2 2 2 2 2
left_child=-1 2 3 -2 29 -6 7 9 15 -7 11 12 14 25 23 16 26 -18 19 20 -19 -22 -15 24 -9 -13 -8 -28 -12 -4
right_child=1 -3 4 -5 5 6 8 10 -10 -11 28 13 -14 22 -16 -17 17 18 -20 -21 21 -23 -24 -25 -26 -27 27 -29 -30 -31
leaf_value=-0.050058853534687142 -0.0053411911884638334 -0.050072359558731086 -0.0087233433137919696 0.056396195890035396 0.065841692731769846 0.087493025701344443 -0.053347708145530463 0.063914947911043726 0.0016703438262653872 0.0099877895781114428 0.010955489826632034 0.019588240292419845 0.059428627574984419 0.04829718021461013 -0.019415791549869839 0.024816456007068548 -0.054265746817514685 0.060317637177554478 -0.045983186029014522 -0.048583813884422247 -0.070222042022751646 0.023917426381531756 -0.032532947614105981 -0.018898828469883135 0.011081506836496677 -0.036945785255210944 -0.072524316918616077 -0.01247897987394872 0.10698304073769338 0.023325701627623197
leaf_weight=10.524434590246527 2.8059010654687881 7.1959403021028256 99.152330247452483 3.6396867334842673 2.1345690162852398 3.4890818577259779 8.0530126611702126 5.7497392743825966 604.76288856728934 2.799324308987706 1.8360945770982646 13.50142633682117 5.7520526573061934 1.4757639989256848 7.1227671876549712 6.156919185537844 2.8290465548634556 5.9041037692222806 3.3877315362915388 1.7989271727856238 1.5477423053234867 7.7605616201180894 15.590507870540025 3.7206199988722828 6.6000773869454861 3.2245686394162467 2.5150168656837186 28.166377952089537 1.6867529135197399 7.7203014600090674
leaf_count=8964 19 5605 1252 35 37 23 79 34 8315 29 37 176 34 8 41 58 16 69 67 25 18 118 340 24 38 67 32 371 11 75
internal_value=-0.000214344 0.000389961 0.000811765 0.0295206 0.000595195 0.0015964 0.00141243 0.0112623 0.000350445 0.0529911 0.00730202 0.00451508 0.0198257 -0.00859945 0.0100039 -0.0113676 -0.014963 0.00156495 0.00930784 0.0203188 0.0284668 0.00826435 -0.0255434 0.0230434 0.0356793 0.00868917 -0.0248745 -0.017401 0.0569339 -0.00640817
internal_weight=878.604 868.08 860.884 6.44559 854.438 747.566 745.431 72.5488 672.882 6.28841 66.2604 62.7375 28.9453 33.7923 23.1932 68.1194 61.9625 23.2281 20.3991 17.0113 15.2124 9.3083 17.0663 16.0704 12.3498 16.726 38.7344 30.6814 3.52285 106.873
internal_count=26017 17053 11448 54 11394 10067 10030 862 9168 52 810 762 171 591 137 853 795 313 297 230 205 136 348 96 72 243 482 403 48 1327
is_linear=0
shrinkage=0.05


Tree=86
num_leaves=31
num_cat=0
split_feature=3 3 13 6 3 1 4 4 10 4 15 16 3 13 5 1 11 15 9 15 0 3 15 14 3 12 3 10 15 14
split_gain=10.0723 7.03281 2.25841 2.09523 4.78879 2.80974 4.82062 5.75898 6.10574 5.58026 4.57552 6.68359 6.45217 3.43571 11.6691 6.52752 6.84949 10.1325 9.63458 8.56958 9.0469 8.40743 15.8679 8.21588 7.3281 4.72387 4.63697 5.22377 8.20738 5.61771
threshold=-26.559729346398161 114.74635464026052 8.8459214254198972 1.491486362135739 -1.4439450746555129 0.77042976432579813 74.040647145340316 66.666666666666643 -0.36982130781854877 78.559993901509031 -3.0608588674459871 -0.00049598999999999986 2.7727989114802791 1.9755272202579406 41.127622377622636 -1.0000000180025095e-35 10220055.500000002 -0.60565373328411654 -1.4863177287572154 0.87708494391274805 -1.0000000180025095e-35 -0.50961191999444844 0.35421593509899085 -2.7980758531797654 -3.271083874562859 -1320.4154999998862 -2.7910952193044429 0.20997201478456509 -1.9301755084630108 -1.4381113474802927
decision_type=2 2 2 2 2 2 2 2 2 2 2 2 2 2 2 2 2 2 2 2 2 2 2 2 2 2 2 2 2 2
left_child=2 3 -1 5 -5 6 7 13 -9 -8 -11 12 -12 -2 15 16 18 -18 19 21 -21 -15 -23 -20 -22 -25 -27 28 -28 -29
right_child=1 -3 -4 4 -6 -7 9 8 -10 10 11 -13 -14 14 -16 -17 17 -19 23 20 24 22 -24 25 -26 26 27 29 -30 -31
leaf_value=-0.050146555975629795 0.0032204797860349264 -0.050068832725465667 0.10182759024486965 -0.047079230389518938 0.051145492864789914 -0.010411612346090639 0.059613625826545093 0.023199518128640677 -0.046280219508924879 0.082508714638693414 0.051828208088075957 -0.025982276931243827 -0.054606222538029076 0.046128810943498549 -0.044845466220992648 0.051273870699328185 -0.0087258501588471891 0.0477702472605811 0.061506841894240265 -0.050774261060346021 0.065116552251212143 -0.051102446168091557 0.085790565699159979 -0.087961996607636248 -0.042534186968452271 0.013878418147270402 0.026817851493567718 -0.053208410840086699 -0.040914272187108455 0.0019032750215558785
leaf_weight=11.185214553494003 558.03125201747753 6.845460226875729 0.24991947412490922 1.6192058478482065 5.3105866897385559 54.337411071639508 7.1745213456451919 4.2473067790269878 12.374378147535024 1.9181621428579152 7.688763098791247 10.411574471741906 1.747537546791136 19.854078341275454 16.409899448975921 5.8258335627615443 16.52619601786137 15.268746346235273 3.2610359750688067 9.0991127789020521 4.2930515706539145 7.0434338394552487 3.0264822244644165 2.435604214668273 2.5023372396826744 10.461977712810038 5.0596935898065558 5.5104138627648345 38.542119711637497 28.742791682481766
leaf_count=9359 7728 5605 1 12 85 1048 38 65 241 13 79 243 38 136 402 32 85 83 17 50 31 58 14 16 21 63 26 34 232 162
internal_value=-0.000205933 0.000409958 -0.0468251 0.000812359 0.0281944 0.000589591 0.0013392 0.000584807 -0.0285262 0.021372 0.00876673 0.00164007 0.0321173 0.00122835 -0.00450598 -0.000775596 -0.0025424 0.018405 -0.00730541 0.0114946 -0.0181753 0.0272541 -0.00995967 -0.0164678 0.0254752 -0.0192697 -0.0173753 -0.0215751 -0.0330544 -0.0069627
internal_weight=877.004 865.569 11.4351 858.724 6.92979 851.794 797.456 768.516 16.6217 28.9406 21.766 19.8479 9.4363 751.894 193.863 177.453 171.627 31.7949 139.832 45.8185 15.8945 29.924 10.0699 94.0136 6.79539 90.7526 88.317 77.855 43.6018 34.2532
internal_count=26017 16657 9360 11052 97 10955 9907 9496 306 411 373 360 117 9190 1462 1060 1028 168 860 310 102 208 72 550 52 533 517 454 258 196
is_linear=0
shrinkage=0.05


Tree=87
num_leaves=31
num_cat=0
split_feature=3 3 14 14 13 13 11 2 14 7 9 14 16 15 14 9 15 15 4 14 0 3 9 15 15 3 1 13 8 2
split_gain=9.57139 6.67071 1.9905 2.20019 7.87017 7.50861 6.63188 9.55602 6.88729 5.4892 5.11985 5.09787 5.06064 5.27888 4.57265 5.11246 6.64977 6.28493 4.54389 4.60411 4.34027 9.22194 8.44961 6.38446 9.13053 10.3986 7.5357 8.24495 5.6741 5.57553
threshold=-89.290928956264878 114.74635464026052 3.8073277233421794 -0.016694561773832359 -0.65096841531244387 -0.6362413332521889 40043874.500000007 0.32646448187760152 -0.035225267463534694 -1.474378527038948 -1.4739644920155943 -1.0000000180025095e-35 -0.00060749999999999986 -1.1204169865163141 -0.72231364678223053 0.35266805014491648 -0.7500592369364204 -0.15808815341918483 42.90744466800831 -0.67565678557890296 -1.0000000180025095e-35 -0.75704762378832202 -0.39201488279590885 0.40777215322349908 2.5356445029573407 -6.710314489984234 0.002587582925706045 -0.30458911994679977 -0.91940880616847032 -0.37803803903574934
decision_type=2 2 2 2 2 2 2 2 2 2 2 2 2 2 2 2 2 2 2 2 2 2 2 2 2 2 2 2 2 2
left_child=-1 2 3 4 10 -6 7 12 9 -9 -2 -5 13 -7 -11 -16 -17 -18 19 -12 23 22 -22 26 25 28 27 -14 -25 -23
right_child=1 -3 -4 11 5 6 -8 8 -10 14 18 -13 20 -15 15 16 17 -19 -20 -21 21 29 -24 24 -26 -27 -28 -29 -30 -31
leaf_value=-0.050053243586845798 -0.0080715477543483304 -0.050065477277281202 0.032815407277981559 -0.084756074566000858 -0.082267745546677276 0.017280992213713684 0.029858806440235298 0.092423380690754009 0.10635851101500789 -0.049108556109210215 0.035346355277704876 -0.0015594621407640464 -0.048544051334322894 -0.01374837602410668 -0.053324655325589936 -0.055305392118691371 0.09456880420481191 -0.0072738690660572288 -0.011789953154803759 0.09505743994127952 -0.0020333115606913895 -0.0033810752997647723 0.044256427400406695 -0.080419467771396885 -0.065665490289693595 0.042204988402321869 0.064780041529979571 0.006281148354614699 0.030343186385825761 -0.054991600429467762
leaf_weight=9.523081061895935 5.8599458076059845 6.5120285617886102 4.8072433089837423 1.8490435045678157 2.6554927974939337 17.189305990003049 20.3808043806348 0.90273153129965322 0.96648799814283748 17.892771376296881 8.4215493220835942 438.06554969667923 7.3170373358298084 67.655595980351791 4.5282309129834166 2.5618627425283194 2.8658553492277861 3.2135895900428277 2.7898343205451956 5.2351569756865493 50.449434927431867 9.6990578435361403 12.252746858168392 2.8797681969590485 2.4747678274288765 36.873633930692449 5.1261786837130776 109.19714985578321 1.9319305384997267 11.364565788302569
leaf_count=8964 44 5605 62 30 17 144 249 13 8 662 65 6250 113 665 148 67 23 55 23 30 325 77 121 30 37 515 39 1045 43 548
internal_value=-0.000200584 0.000348947 0.000731846 0.000550948 0.00317337 0.00152283 0.00209671 0.00055642 -0.0251421 -0.0291181 0.0320589 -0.00190915 0.00308711 -0.00746193 -0.0326503 -0.0102893 0.0122621 0.0407349 0.0463574 0.058236 0.00667346 -0.00260328 0.00701225 0.0113603 0.0276443 0.0331839 0.00544851 0.00283815 -0.0359475 -0.0312268
internal_weight=873.442 863.919 857.407 852.6 412.685 390.379 387.724 367.343 32.9315 31.965 22.3065 439.915 334.411 84.8449 31.0623 13.1695 8.64131 6.07944 16.4465 13.6567 249.566 83.7658 62.7022 165.8 44.1601 41.6853 121.64 116.514 4.8117 21.0636
internal_count=26017 17053 11448 11386 5106 4944 4927 4678 976 968 162 6280 3702 809 955 293 145 78 118 95 2893 1071 446 1822 625 588 1197 1158 73 625
is_linear=0
shrinkage=0.05


Tree=88
num_leaves=31
num_cat=0
split_feature=3 3 1 15 16 15 6 11 9 12 12 8 14 3 14 9 13 13 1 1 3 14 5 14 2 14 14 10 13 8
split_gain=9.10171 6.33791 2.02876 3.30431 2.63855 3.53548 2.47809 3.12875 2.35675 3.00272 2.89662 2.42926 4.8782 4.51249 2.40088 2.82053 2.48946 15.7565 5.45916 3.78155 4.14962 9.75224 11.5614 6.88251 9.59425 6.03335 5.82051 5.42943 6.37095 15.5074
threshold=-89.290928956264878 114.74635464026052 -3.2935484763145189 -1.0870183990881277 -0.00072966499999999989 2.0639547024421412 -0.60299571230105087 -99955565.499999985 -2.496536794813669 -98.638999999966458 -237.29850000026633 -1.6711899384506208 0.47833595509117849 -2.7910952193044429 -3.5636740444238684 -0.54687654326381152 -0.019086249513211865 1.0000000180025095e-35 -0.17788063799171691 -1.5496414465575927 -1.3437605623546547 0.90054277903956437 26.924006282469708 -0.016694561773832359 -1.5873427572365981 2.1900564753606506 -0.4245240726288389 -0.85168174873057334 -0.4962163646782462 -1.1126071595210292
decision_type=2 2 2 2 2 2 2 2 2 2 2 2 2 2 2 2 2 2 2 2 2 2 2 2 2 2 2 2 2 2
left_child=-1 2 3 -2 -5 6 7 -6 9 10 11 12 13 -4 15 -10 19 18 -18 -16 21 23 -23 24 -21 -22 -26 28 29 -25
right_child=1 -3 8 4 5 -7 -8 -9 14 -11 -12 -13 -14 -15 16 -17 17 -19 -20 20 25 22 -24 27 26 -27 -28 -29 -30 -31
leaf_value=-0.050050638361540417 0.05585350474199266 -0.050062287426222457 -0.03640134331348488 -0.023142349095152136 -0.0030570571077095576 -0.036855064252890063 -0.0094621272828929043 0.05484561489068205 -0.00196059525933141 -0.049349277012277232 0.036112663052226955 -0.042829971982810494 -0.050605113668568937 0.04388920095479551 0.040869743007075007 0.074085301092891021 0.0077403508980498697 0.00056678919759464372 -0.051291992103379619 0.035680054651096145 0.011400089191389528 0.045261016220801399 -0.05622094846057394 -0.05005224639578363 -0.033755335811354453 -0.057719069173323215 0.024555610534650229 -0.054763825728267747 -0.036647228377981643 0.12477659872834174
leaf_weight=9.0590940183028561 4.0415781401097801 6.1948175634024656 2.5252505070529931 5.5668209195137051 3.3208347782492691 2.6490794345736495 3.7277408652007535 7.8428752459585667 2.4620389002375305 5.0245647670235476 3.3756690090522161 5.2629835573025074 3.5917227321770033 5.699878147803247 7.1531108766794196 2.4157046098262063 4.8532315567135837 558.50966148916632 20.288517132750712 12.437336698174475 121.96712924493477 15.362708416068928 3.4338720589876166 2.6420226618647575 16.897415101062506 3.2410931726917616 5.7310699499212232 14.052057035267351 8.6569584310054797 2.4396135285496703
leaf_count=8964 48 5605 22 31 17 17 32 79 32 72 43 60 60 59 49 17 29 4918 3813 73 1387 105 42 23 133 66 34 104 66 17
internal_value=-0.000194653 0.000329687 0.000694724 0.0141441 0.00684897 0.0163673 0.0258352 0.0376215 0.00025375 -0.0147169 -0.00620997 -0.0145746 -0.00199029 0.0192387 0.000729054 0.0357012 0.000515199 -0.00117624 -0.0398967 0.00512803 0.00389211 -0.00487719 0.0267217 -0.0143265 0.000402582 0.0096109 -0.018987 -0.0329114 -0.0105605 0.0338803
internal_weight=870.426 861.367 855.173 27.1489 23.1074 17.5405 14.8915 11.1637 828.024 25.4801 20.4555 17.0798 11.8169 8.22513 802.544 4.87774 797.666 583.651 25.1417 214.014 206.861 81.6531 18.7966 62.8565 35.0658 125.208 22.6285 27.7907 13.7386 5.08164
internal_count=26017 17053 11448 224 176 145 128 96 11224 316 244 201 141 81 10908 49 10859 8760 3842 2099 2050 597 147 450 240 1453 167 210 106 40
is_linear=0
shrinkage=0.05


Tree=89
num_leaves=31
num_cat=0
split_feature=3 3 5 3 1 3 13 4 4 14 10 15 1 9 0 3 2 3 8 3 3 14 1 4 1 6 15 16 14 13
split_gain=8.65527 6.02211 1.95067 4.07617 3.6733 8.12853 6.60972 5.55185 8.192 6.78859 6.34933 4.81668 4.91777 4.72928 6.76683 4.6364 6.88877 4.66142 6.91699 4.33513 3.85544 5.31184 5.49946 4.73826 3.60266 7.08232 5.30822 3.4938 6.27975 3.26452
threshold=-89.290928956264878 114.74635464026052 99.21085653707199 13.450901480537173 0.002587582925706045 0.7262702530687245 2.0472668060778667 99.999977881215059 49.89711934156383 -0.80580867341359463 0.5562965198107378 -0.24903436171689128 0.096194092855017191 -0.39201488279590885 -1.0000000180025095e-35 -0.23920691657109863 -0.0053401727484470021 -1.9792767981836557 -0.4957486546266861 1.250064101845457 0.1963447628386287 -2.9511075902869544 0.028679115122028673 59.908872005646174 0.60372147661535391 0.92274683706258909 -1.237392234636068 -0.00052577499999999992 -1.5578102627792709 8.8459214254198972
decision_type=2 2 2 2 2 2 2 2 2 2 2 2 2 2 2 2 2 2 2 2 2 2 2 2 2 2 2 2 2 2
left_child=-1 2 29 4 15 6 20 8 11 -9 19 -7 -13 -12 24 16 17 18 -4 -11 21 -6 -23 27 -15 -26 -27 -22 -29 -2
right_child=1 -3 3 -5 5 7 -8 9 -10 10 13 12 -14 14 -16 -17 -18 -19 -20 -21 23 22 -24 -25 25 26 -28 28 -30 -31
leaf_value=-0.050048169637873813 0.0013291983168588345 -0.050059247239743122 -0.055866492349685798 0.099065234782494987 0.070557157610316057 -0.039220025852842691 -0.051250200954629135 -0.045105079853555927 -0.048739624888640413 0.089409979410550344 0.080112074020093391 -0.0011232393571567207 0.086911644346272562 0.053279138634418036 -0.052820526961824855 -0.051719153537681084 0.05653708080908218 -0.058453252267438555 0.040151060905901863 -0.051872534396700157 0.091282044461947168 0.061826790296728509 -0.054607899558903251 -0.012298403475586334 -0.045505052042566309 0.085688739692701965 -0.015289863238448227 0.071512719933766539 -0.031105677506287784 0.042853459255309534
leaf_weight=8.6176916429540125 734.44655448000412 5.8930414908099911 3.139271080493927 0.92541589122265477 2.0555572211742401 3.584453396499157 2.6736093359068027 6.1931430441327384 17.302772632334381 0.61187268514186399 3.2419090028852251 4.1459398129954952 2.5695158988237381 7.5014025941491225 3.1042894348502115 9.0446092803031188 3.3750443905591991 5.5480277966707954 4.6598668135702619 4.8206930761225522 5.2030088398605612 1.3720712661743224 3.8874595407396555 2.7455469584092489 3.8147657774388772 3.1256428305059671 2.2299807714298368 4.3768826164305237 2.2609683508053351 4.7639040984213343
leaf_count=8964 8643 5605 37 15 14 125 142 227 827 8 38 70 27 63 94 386 16 71 27 189 37 9 78 54 70 24 37 24 64 32
internal_value=-0.000188849 0.000311575 0.000659679 -0.00544296 -0.00630196 -0.00138192 0.0229665 -0.0109948 -0.0277237 0.00233413 0.0126607 0.00758081 0.0325613 0.0241359 0.0149596 -0.02288 -0.00728173 -0.0234193 0.00150254 -0.0359598 0.0320265 0.00240312 -0.0242332 0.0468826 0.0275803 0.00655863 0.0436432 0.060605 0.0365591 0.0015968
internal_weight=867.235 858.617 852.724 113.514 112.588 86.8215 24.5751 62.2464 27.6027 34.6437 28.4506 10.2999 6.71546 23.018 19.7761 25.7668 16.7222 13.3472 7.79914 5.43257 21.9015 7.31509 5.25953 14.5864 16.6718 9.17039 5.35562 11.8409 6.63785 739.21
internal_count=26017 17053 11448 2773 2758 2221 422 1799 1049 750 523 222 97 326 288 537 151 135 64 197 280 101 87 179 194 131 61 125 88 8675
is_linear=0
shrinkage=0.05


Tree=90
num_leaves=31
num_cat=0
split_feature=3 3 4 4 14 16 12 4 1 15 3 9 14 14 8 0 10 3 9 10 15 13 9 13 2 3 1 14 15 13
split_gain=8.23011 5.72185 1.87541 9.41417 5.91424 5.69738 6.33241 5.6784 5.14036 11.6856 7.66978 7.35782 5.75675 11.3066 9.48013 8.41008 11.5154 9.97107 6.79318 6.51818 5.96924 6.92205 6.38091 7.67529 6.26086 5.6569 12.8608 7.58256 5.58857 5.57193
threshold=-89.290928956264878 114.74635464026052 8.8228999464956051 42.90744466800831 -2.6780743939598532 -0.00040995999999999996 -1218.6090000001711 33.40306834030681 -0.12100609981402158 -1.0199508991489656 -1.5343486057777509 0.52091366600954503 1.0661723746778089 -0.29250270162060948 -0.089058071576272921 1.0000000180025095e-35 0.34870195366156193 -5.8581456346523142 0.089349045149775874 0.91391766344066838 -0.63618086138048124 3.8537901917026089 -0.74535614416920193 -0.099999999996561659 -2.8997104261488302 -0.37044656602660242 -2.7213780562362883e-07 -2.2114344365593697 -0.60565373328411654 1.0000000180025095e-35
decision_type=2 2 2 2 2 2 2 2 2 2 2 2 2 2 2 2 2 2 2 2 2 2 2 2 2 2 2 2 2 2
left_child=-1 2 4 5 -2 6 -4 -8 12 10 -10 25 13 14 20 16 17 28 19 -14 -6 22 23 24 -22 27 -27 -11 -15 -29
right_child=1 -3 3 -5 8 -7 7 -9 9 11 -12 -13 18 15 -16 -17 -18 -19 -20 -21 21 -23 -24 -25 -26 26 -28 29 -30 -31
leaf_value=-0.050045817697687733 -0.026216598268322212 -0.050056361787508302 0.032704131967148428 0.0024883120556109355 0.03461042064347921 -0.00023021545425304111 -0.018662397995927064 -0.053798557029312848 -0.060963738626406694 -0.063713740704893218 -0.011661712517227203 0.029405141969068734 0.040456565650687878 0.033143386969545836 0.047601931808844117 -0.056849946792554888 -0.071165732417515032 0.030006410437144374 -0.04795048196861916 -0.022276899550618054 0.062332716571510398 0.063992370675083732 0.037787873803788313 -0.034932430696061112 -0.023936435613546952 -0.0529079659531859 0.0058410811617183971 0.0011146658003186355 -0.047746037552004232 0.037263521653118747
leaf_weight=8.1977772992686351 15.910980861284768 5.605949609540402 4.88021146506071 393.2859142026864 14.36530916020274 48.874385371804237 53.143649086356163 14.674012105911968 10.460625548381357 3.0915976674295953 32.081557777244598 27.567259863950312 33.95588843151927 2.8131847418844691 19.678811639547348 9.0725431591272336 5.3161067292094222 19.798875726759437 2.7920669727027407 4.7156824544072142 4.4299431219696999 3.5060368739068499 5.9219380728900459 21.425464004278183 4.0040227398276311 13.846653241664162 28.46717149717734 23.732902974123135 8.8612257689237577 19.352374771609902
leaf_count=8964 157 5605 28 3961 95 349 331 151 344 55 1319 1134 241 21 129 48 25 104 19 23 31 28 35 116 19 987 858 682 43 115
internal_value=-0.000185599 0.000292109 0.000624159 -0.00127076 0.00353497 -0.0134313 -0.0223064 -0.026265 0.00501772 -0.00136778 -0.0237845 0.00684929 0.0113215 0.00573912 0.0179175 -0.0137337 -0.00310093 0.00839579 0.0273687 0.0328067 0.00702986 -0.00305488 -0.0096245 -0.0190277 0.0213765 -0.000177471 -0.0133838 0.011924 -0.0282541 0.0173514
internal_weight=863.83 855.632 850.026 514.858 335.168 121.572 72.6979 67.8177 319.257 158.6 42.5422 116.058 160.657 119.193 73.3315 45.8619 36.7894 31.4733 41.4636 38.6716 53.6527 39.2874 35.7814 29.8594 8.43397 88.4907 42.3138 46.1769 11.6744 43.0853
internal_count=26017 17053 11448 4820 6628 859 510 482 6471 5494 1663 3831 977 694 453 241 193 168 283 264 324 229 201 166 50 2697 1845 852 64 797
is_linear=0
shrinkage=0.05


Tree=91
num_leaves=31
num_cat=0
split_feature=3 3 5 1 3 15 4 13 10 14 0 3 2 3 8 10 10 0 16 1 13 13 10 13 9 7 14 7 16 6
split_gain=7.82758 5.43801 1.87412 3.71657 6.82699 6.43055 7.0764 6.129 5.44011 4.96723 5.24015 4.48271 6.29993 4.40392 6.41791 3.78015 3.88819 3.81682 3.66765 3.47598 6.12127 4.38532 4.5469 3.96907 3.51325 3.08363 5.75373 3.00142 7.18222 2.68106
threshold=-89.290928956264878 114.74635464026052 99.21085653707199 0.002587582925706045 0.7262702530687245 1.6149431273011969 99.999977881215059 2.0472668060778667 1.1263002026492843 -0.80580867341359463 -1.0000000180025095e-35 -0.23920691657109863 -0.0053401727484470021 -1.9792767981836557 -0.4957486546266861 1.5914556775825686 1.4266929866992204 1.0000000180025095e-35 -0.00098699999999999981 0.043700731928188213 0.47732707195896978 0.79224433744866973 -0.35301592436428797 0.64367936915840052 -0.81018843878604463 1.4800035678826717 1.0000000180025095e-35 -0.95776067063165937 -0.00049399499999999989 1.491486362135739
decision_type=2 2 2 2 2 2 2 2 2 2 2 2 2 2 2 2 2 2 2 2 2 2 2 2 2 2 2 2 2 2
left_child=-1 2 25 11 7 6 18 19 27 -10 -11 12 13 14 -4 16 17 -7 -6 -5 -21 23 24 -22 -23 29 -27 28 -8 -2
right_child=1 -3 3 4 5 15 8 -9 9 10 -12 -13 -14 -15 -16 -17 -18 -19 -20 20 21 22 -24 -25 -26 26 -28 -29 -30 -31
leaf_value=-0.050043581554153893 0.00090675743814219105 -0.050053616494721058 -0.055529506858893678 0.067282240970062246 0.072090644688906941 0.034392260494030651 0.092158225342326663 -0.051191609046069259 -0.052818608676771663 0.038288452033609886 -0.05301204830517478 -0.051632604218465855 0.054450382687391712 -0.057856774480575579 0.038465528005688782 -0.031201919095368846 0.090707857697173044 -0.052491172228192655 -0.044396050553910271 -0.025557034013563535 0.027780212070519578 -0.025187960303622716 -0.052165921159776057 0.11989402410845205 0.068061193192938213 -0.0069598234430005282 0.07484725119546308 -0.045939298542557926 -0.051793709589091269 0.038135419460749033
leaf_weight=7.7983067707391447 722.52829901780933 5.3328295118990345 2.9913003612309694 4.999972499907023 0.69989847298711438 6.8868102263659221 1.5114888227544727 2.5522452471777788 2.2458547586575177 12.783844543620944 1.7918684091418953 8.6219113320112211 3.3164391964674023 5.2897958140820274 4.6221755035221586 2.7556427652016273 2.3885947074741116 1.5482372045516966 19.571114956401292 5.1437070239335325 2.1818706747144443 1.4479109346866668 1.8648207783698971 2.52025131508708 3.340435691177845 4.6065385725814831 4.0294404192827642 7.7351295496337116 2.0305330571718532 4.868655265076085
leaf_count=8964 8475 5605 37 31 12 124 26 142 71 141 57 386 16 71 27 45 18 46 898 82 26 32 61 18 30 67 76 284 92 57
internal_value=-0.000177458 0.000278853 0.0005958 -0.00546535 -0.000544628 -0.00932244 -0.0178579 0.0220645 -0.00161427 0.0163992 0.0270644 -0.0225006 -0.00701493 -0.0228129 0.0015353 0.0210812 0.0343922 0.018445 -0.0403741 0.0307611 0.0196934 0.040191 0.0140691 0.0771515 0.0398643 0.00150857 0.0312103 -0.0284841 0.00963497 0.00115594
internal_weight=860.006 852.208 846.875 110.842 86.0002 61.949 48.3697 24.0512 28.0987 16.8216 14.5757 24.8416 16.2197 12.9033 7.61348 13.5793 10.8236 8.43505 20.271 21.499 16.499 11.3553 6.65317 4.70212 4.78835 736.033 8.63598 11.2772 3.54202 727.397
internal_count=26017 17053 11448 2773 2236 1814 1581 422 671 269 198 537 151 135 64 233 188 170 910 280 249 167 123 44 62 8675 143 402 118 8532
is_linear=0
shrinkage=0.05


Tree=92
num_leaves=31
num_cat=0
split_feature=3 3 16 9 16 1 13 9 11 9 16 8 11 1 10 3 4 10 2 8 16 8 13 10 3 7 16 0 3 14
split_gain=7.44338 5.16741 1.86646 4.39554 5.94814 5.29495 5.09327 4.60943 7.06134 5.47763 6.00306 6.33885 4.25301 4.24619 4.08392 3.84121 6.3659 12.4458 7.28646 4.79293 5.78878 4.18115 4.36762 3.68508 3.56428 4.66088 3.42714 3.35083 3.11969 2.90082
threshold=-89.290928956264878 114.74635464026052 -0.00061949999999999993 -2.2634480471542231 -0.0008144999999999999 -2.364109960212426 -0.5254418225748253 -1.0260802382503031 -13071368.499999998 -0.93478742771503465 -0.00071249999999999992 -0.62144638647364581 -33381555.999999996 -7.7945064985707182 -1.762244203875164 -5.8581456346523142 24.69996128532684 1.043393181253254 -0.82814689406353148 -0.88113714689771949 -0.00073672999999999989 0.54500308098408834 1.0319764010529904 -1.1036609687176935 -2.2319430819967359 -1.074939088196651 -0.00062274499999999985 -1.0000000180025095e-35 -0.75704762378832202 -2.0906022610723531
decision_type=2 2 2 2 2 2 2 2 2 2 2 2 2 2 2 2 2 2 2 2 2 2 2 2 2 2 2 2 2 2
left_child=-1 2 3 4 -2 -5 12 15 23 -10 11 14 -7 -4 -11 19 17 18 29 -8 -21 -18 -23 -9 -14 -26 27 -12 -25 -17
right_child=1 -3 13 5 -6 6 7 8 9 10 26 -13 24 -15 -16 16 21 -19 -20 20 -22 22 -24 28 25 -27 -28 -29 -30 -31
leaf_value=-0.050041456584032334 0.0051125746373206571 -0.050050999470007455 0.044469343626557814 0.037940504008386083 -0.059272101660795884 0.081701979774054675 -0.080265989790519868 0.078968896039255221 0.058481830599944065 0.026925250869904611 -0.016256058753479609 0.020830800862182641 0.042107943154183515 0.0014096099575622665 -0.054506304104898845 -0.006400627826186691 -0.038711153581750507 -0.084132063858221279 -0.026863378665369215 -0.061520439363428714 0.04501752776387178 0.040962463538489473 -0.046776392046427404 0.070086966272803239 0.05897627595349695 -0.041670220180484087 0.054273814697638381 -0.053533901038743475 -0.0033491135331101835 0.045159283407198381
leaf_weight=7.4182859429856753 6.511286067776382 5.0730026773526324 5.775409508496522 8.0364755466580373 7.9879082993138564 2.6972992550581685 4.8840325735509396 3.7833565787877887 3.3016590750776222 2.1423867801204324 23.299211986595758 23.729827476898201 5.1341111883521071 659.54240885085892 5.4730013080406961 3.3782499730587032 21.198801850900058 3.3668028339743605 6.4638687060214606 2.6892709210515022 2.4245305126532894 3.8153901826590291 2.2577426936477423 2.0312659011688083 1.5674026925116766 4.3226329889148474 1.3919227391015905 8.1323315387126041 5.0211781749967468 14.171573765575888
leaf_count=8964 55 5605 56 57 104 24 30 35 37 21 348 280 36 9356 58 19 167 44 210 18 27 32 26 17 16 55 19 153 64 84
internal_value=-0.000174188 0.000261226 0.000563446 -0.00396554 -0.0303583 -0.00164229 -0.00367261 -0.00646555 0.00169236 -0.00432478 -0.00755635 0.00809318 0.0254256 0.0017834 -0.0315977 -0.0163466 -0.0111339 0.00589682 0.0185192 -0.0448418 -0.0110092 -0.0282324 0.00834474 0.0391587 0.0116564 -0.0148871 -0.0225011 -0.025901 0.0178022 0.0352343
internal_weight=857.023 849.604 844.531 179.214 14.4992 164.714 156.678 142.956 78.3061 67.4703 64.1687 31.3452 13.7214 665.318 7.61539 64.6503 54.6524 27.3805 24.0137 9.99783 5.1138 27.2719 6.07313 10.8358 11.0241 5.89004 32.8235 31.4315 7.05244 17.5498
internal_count=26017 17053 11448 2036 159 1877 1820 1689 1032 916 879 359 131 9412 79 657 582 357 313 75 45 225 58 116 107 71 520 501 81 103
is_linear=0
shrinkage=0.05


Tree=93
num_leaves=31
num_cat=0
split_feature=3 3 13 1 16 15 8 12 2 11 7 13 13 3 13 14 14 14 14 12 2 15 10 13 11 9 0 9 9 14
split_gain=7.10442 4.91865 1.94294 1.83682 3.74413 5.14174 5.15587 4.47846 4.12215 6.08816 5.21171 4.37413 3.80275 6.85512 4.93061 4.75401 4.21131 4.80838 3.93703 3.67238 3.25288 5.05683 4.86978 3.8197 5.64988 5.48659 5.42173 3.57495 2.95986 2.77969
threshold=-26.559729346398161 114.74635464026052 8.8459214254198972 0.46851103418602386 -0.00023996999999999997 -0.02250856719002892 -1.5874329199197883 -95.3615000003483 2.6483780460312283 44188824.000000007 1.1880252627025674 0.30974830748588972 0.83994569261086849 3.9900969870501934 0.57359439140484725 0.49861020426674713 1.6121870538038425 -0.47738452719100105 -0.80580867341359463 822.40049999975611 1.064810835882761 -0.42532534201153183 1.1742828344699581 1.9176831635701383 13528107.000000002 1.3647709743325398 -1.0000000180025095e-35 1.0621170008725733 2.1525224930495335 -0.11657863107025164
decision_type=2 2 2 2 2 2 2 2 2 2 2 2 2 2 2 2 2 2 2 2 2 2 2 2 2 2 2 2 2 2
left_child=2 3 -1 20 5 7 -7 28 9 10 11 -6 14 -14 16 -15 17 18 -9 -10 29 22 -22 24 26 -26 27 -23 -5 -2
right_child=1 -3 -4 4 8 6 -8 12 19 -11 -12 -13 13 15 -16 -17 -18 -19 -20 -21 21 23 -24 -25 25 -27 -28 -29 -30 -31
leaf_value=-0.050166584363336542 0.0038156474148737201 -0.050048516416293279 0.091886324744529735 -0.055747371987088949 0.030114911464747113 0.064398778846461127 -0.031137493277812286 -0.0285538833776635 -0.04905649416858663 0.076858881327508025 0.053274249521319705 -0.04260916257974464 -0.053908214077109252 0.083056149700191109 0.091822088923102729 -0.01842312473584885 0.081947780570899784 -0.055302067571453853 0.06303291654634878 0.031608691736987951 -0.052975135845000867 -0.057726846866440654 0.033961363086529986 0.070440169855044185 0.098505715844679598 0.0044656495694062378 0.031615247266162806 0.032180432530479273 0.061125016047072114 -0.0023537808975241307
leaf_weight=8.1372037008986773 359.37043831916526 4.8258230524952515 0.24805071949958879 4.1739441440440741 3.3239034982398206 1.4804538046009827 30.645228299312294 1.9171383669599875 4.4464023709297171 4.045188106596469 4.0758217535912982 5.4707181332632899 4.673249490093438 2.2936915545724332 2.6336877141147843 2.3229152467101812 1.8628986850380895 2.7172042783349779 3.0246266294270758 2.0668184105306864 4.2608699938282397 4.4481368437409463 2.5899332510307431 4.4493085388094178 3.5320006273686877 2.7653923323377967 6.1653773356229058 1.4713973877951501 0.62253297492861737 371.12841651961207
leaf_count=9359 3971 5605 1 173 24 21 569 58 86 27 37 83 198 34 38 46 23 55 21 31 150 69 41 30 26 21 55 15 7 5143
internal_value=-0.000167458 0.000286035 -0.0459644 0.000574529 -0.00654488 -0.0133224 -0.0267349 0.00309744 0.0103396 0.0233536 0.00653689 -0.0151233 0.012866 -0.0112183 0.0312724 0.0319953 0.0145247 -0.00187463 0.0275022 -0.0234593 0.00134059 0.0175664 -0.020109 0.0288711 0.0188097 0.0572096 -0.0012004 -0.0353789 -0.0405785 0.000681282
internal_weight=855.189 846.804 8.38525 841.978 81.7964 58.3676 32.1257 26.2419 23.4289 16.9156 12.8704 8.79462 21.4454 9.28986 12.1556 4.61661 9.52187 7.65897 4.94176 6.51322 760.181 29.6824 6.8508 22.8316 18.3823 6.29739 12.0849 5.91953 4.79648 730.499
internal_count=26017 16657 9360 11052 1531 1243 590 653 288 171 144 107 473 278 195 80 157 134 79 117 9521 407 191 216 186 47 139 84 180 9114
is_linear=0
shrinkage=0.05


Tree=94
num_leaves=31
num_cat=0
split_feature=3 3 13 5 1 3 15 4 15 9 9 16 10 15 14 3 14 2 3 3 2 3 8 10 10 0 16 10 16 3
split_gain=6.74757 4.67393 1.82257 1.79573 3.49996 6.18259 5.83686 6.6031 5.61882 4.8477 5.92095 4.60078 4.79752 4.28693 6.56938 5.14324 4.47102 4.43235 4.94913 4.26485 5.85363 4.1159 5.88609 3.25956 3.60674 3.49588 3.04284 3.04171 6.40355 4.22584
threshold=-26.559729346398161 114.74635464026052 8.8459214254198972 99.21085653707199 0.002587582925706045 0.7262702530687245 1.6149431273011969 99.999977881215059 0.99195981201524897 1.278970414624421 -1.9985318719379055 -0.00044752499999999994 1.716569881700226 -0.099794888052243944 -1.9551253912230935 0.27201263314685348 0.65381657331657606 0.22083014637113693 -0.68960566529344802 -0.23920691657109863 -0.0053401727484470021 -1.9792767981836557 -0.4957486546266861 1.5914556775825686 1.4266929866992204 1.0000000180025095e-35 -0.00098699999999999981 1.5047878245904134 -0.00016793499999999997 3.0332230231279635
decision_type=2 2 2 2 2 2 2 2 2 2 2 2 2 2 2 2 2 2 2 2 2 2 2 2 2 2 2 2 2 2
left_child=2 3 -1 27 19 8 7 26 13 10 -9 -11 -13 14 -6 -15 -17 18 -16 20 21 22 -5 24 25 -8 -7 -2 29 -29
right_child=1 -3 -4 4 5 6 23 9 -10 11 -12 12 -14 15 17 16 -18 -19 -20 -21 -22 -23 -24 -25 -26 -27 -28 28 -30 -31
leaf_value=-0.050159494995594002 0.00043567467604171251 -0.05004615073180485 0.088209076103728148 -0.055250670469157319 0.058886220254026914 0.059559849420911651 0.031942783431135865 0.11557345367776471 -0.052245253272770222 0.047980170936995137 -0.031002300571883808 -0.053093054049211469 0.029336748312854946 -0.019536655713575459 -0.045921511198087003 0.026846038794757238 0.11034431288208379 -0.053071566217103162 0.065506004957639183 -0.051553923723587372 0.052617744386723432 -0.057464747669615457 0.036088499213889583 -0.029723026818136579 0.086716768362154001 -0.052478377707141768 -0.043904761820264794 0.020692372772721523 -0.034755306693393537 -0.037033893754127502
leaf_weight=7.7414141048211595 669.38679120666347 4.5906763757229774 0.24553306400775898 2.8654634281992912 4.5807843357324627 0.73895902466028829 6.8374977884814125 0.72819964215159494 2.3528870400041333 6.8895549550652504 12.792799544986337 3.3301963079720718 3.7561056464910507 1.7449808185920117 1.6716785114258526 2.6758674625307322 3.9994269777089357 4.05013941321522 2.4673304436728358 8.2095677712932211 3.2549582272768047 5.0580548737198106 4.587792243808507 2.6431534197181454 2.3692119484767309 1.4942895667627452 18.527892693411562 53.612803374417126 6.5972401285544029 3.3696024746168396
leaf_count=9359 7363 5605 1 37 32 12 124 8 103 91 408 116 48 42 30 40 21 134 20 386 16 71 27 45 18 46 898 783 75 58
internal_value=-0.000164239 0.000268016 -0.0459058 0.000542794 -0.00548807 -0.000660898 -0.00916808 -0.0174912 0.0210588 -0.00176391 -0.0231082 0.0188857 -0.00940101 0.0291982 0.0109364 0.0568936 0.0768731 -0.0158854 0.0205022 -0.0223299 -0.00711288 -0.0226525 0.000972429 0.0199997 0.0322812 0.016802 -0.0399365 0.00142835 0.0118795 0.0172788
internal_weight=853.171 845.184 7.98695 840.593 107.627 83.651 60.1079 46.7637 23.5431 27.4969 13.521 13.9759 7.0863 21.1902 12.7699 8.42028 6.67529 8.18915 4.13901 23.9758 15.7663 12.5113 7.45326 13.3442 10.701 8.33179 19.2669 732.966 63.5796 56.9824
internal_count=26017 16657 9360 11052 2773 2236 1814 1581 422 671 416 255 164 319 216 103 61 184 50 537 151 135 64 233 188 170 910 8279 916 841
is_linear=0
shrinkage=0.05


Tree=95
num_leaves=31
num_cat=0
split_feature=3 3 16 10 1 4 4 9 11 8 6 16 6 13 1 12 14 9 15 5 7 14 6 14 12 12 14 6 16 8
split_gain=6.40918 4.44173 1.82968 4.05787 3.9225 3.72426 6.1093 5.40414 7.01688 7.83432 7.18621 4.82023 4.28022 4.26933 5.61466 3.95599 5.29363 4.17884 3.93777 3.65971 3.61736 3.47818 2.92154 3.81575 5.34675 5.65531 4.32999 4.06079 4.80084 4.8747
threshold=-26.559729346398161 114.74635464026052 -0.00061949999999999993 -3.4684219487254504 -7.7945064985707182 26.352339181286684 42.609663064208469 -1.1995956547295858 -13071368.499999998 -0.38105687057466814 -0.14928219350815694 -0.00075090999999999992 -0.92042381566081477 0.57359439140484725 -0.12100609981402158 -1596.1019999999551 -1.8010817033671251 -3.4538678338341744 -0.17539999618324512 31.385927505330255 0.7299772748653458 1.6509006321728481 -1.4750367960664093 0.90054277903956437 -524.09099999978196 84.682999999960899 -0.13839757319222509 -1.1310716462036627 -0.00084349999999999996 -0.62144638647364581
decision_type=2 2 2 2 2 2 2 2 2 2 2 2 2 2 2 2 2 2 2 2 2 2 2 2 2 2 2 2 2 2
left_child=-1 2 3 -2 -4 15 -7 21 11 19 12 -9 -11 14 -12 16 -5 -17 -16 -10 -15 -8 -19 24 -24 27 -27 -26 -29 -30
right_child=1 -3 4 5 -6 6 7 8 9 10 13 -13 -14 20 18 17 -18 22 -20 -21 -22 -23 23 -25 25 26 -28 28 29 -31
leaf_value=-0.045850194431166502 -0.073612729860435877 -0.050043900939110333 0.04331381318077996 -0.017490638837979276 0.001364357821306252 -0.034658492541464886 -0.039264377321707421 0.0016558905475492311 -0.061178133904866795 0.0043763246296556089 0.064395247007053 0.07110349224819322 0.072261733993748231 -0.003654318179776868 0.025052885509992073 -0.10255875504561535 0.07099112817576643 -0.061830413787112452 -0.045888680957146336 0.0052988618723855451 -0.070776938628123315 0.017816322648785975 -0.040534043600553862 0.023126660774396145 0.049831181134113861 0.0016910733524605076 -0.042549436281803688 0.05200791923085768 -0.033164396346247814 0.022657463413707262
leaf_weight=7.607032060797791 2.0693219138775012 4.366977577446959 5.6202505305409423 2.6395243061706424 655.83459395403042 20.176278553903103 13.327343054115774 4.3105734717100859 7.2850098535418493 3.9624564684927464 3.4280540570616722 5.9439014382660371 5.6084034140221757 4.0781332831829769 3.7141771400347352 0.96546265156939526 4.7009089756757012 1.748668563319369 4.1324722170829826 2.8923309193924069 3.9526923056691885 3.3370238076895467 8.0685827098786813 18.841477955924347 7.5540179694071368 14.936151642352344 8.7831348772160691 4.5618189838714889 8.1197038404643518 7.5450622749049314
leaf_count=9360 19 5605 56 16 9024 138 128 40 42 37 18 45 42 55 38 8 33 31 51 48 81 30 78 348 88 194 94 31 103 136
internal_value=-0.000161177 0.000251352 0.000513407 -0.00400674 0.00172079 -0.00318185 -0.0105815 -0.00321807 0.00510122 -0.00456392 0.00873098 0.0419105 0.0441563 -0.00883139 0.0110129 0.0040241 0.0391742 0.000843579 -0.0123088 -0.0422858 -0.0366914 -0.027834 0.002089 0.0035145 -0.00268881 0.00324047 -0.014691 0.0185505 0.00686807 -0.00627734
internal_weight=850.112 842.505 838.138 176.683 661.455 174.613 86.1488 65.9726 49.3082 39.0537 28.8764 10.2545 9.57086 19.3055 11.2747 88.4645 7.34043 81.1241 7.84665 10.1773 8.03083 16.6644 80.1586 78.41 59.5685 51.4999 23.7193 27.7806 20.2266 15.6648
internal_count=26017 16657 11052 1972 9080 1953 793 655 497 412 322 85 79 243 107 1160 49 1111 89 90 136 158 1103 1072 724 646 288 358 270 239
is_linear=0
shrinkage=0.05


Tree=96
num_leaves=31
num_cat=0
split_feature=3 3 6 3 8 1 4 4 10 9 4 15 16 11 16 13 15 10 8 11 2 7 6 11 13 5 1 11 15 9
split_gain=6.1129 4.21629 1.75231 3.95912 2.46935 2.26089 3.82264 4.76965 5.67495 4.7109 3.9526 4.02146 5.91382 3.36759 2.98768 5.87138 5.79105 5.13161 3.55038 3.25783 6.88135 5.71457 3.15194 3.27864 2.91998 9.86907 5.86784 6.12459 9.0964 8.36461
threshold=-89.290928956264878 114.74635464026052 1.491486362135739 -1.4439450746555129 -0.79919120795828225 0.77042976432579813 74.040647145340316 66.666666666666643 -0.36982130781854877 0.23918336647232086 78.559993901509031 -3.0608588674459871 -0.00049598999999999986 -14374446.499999998 -0.00024871499999999994 -0.36595061665544165 -1.5116670193286248 -1.2938868194689566 -0.82441036361048026 44188824.000000007 2.6483780460312283 1.2453055534164463 1.0634439762536474 -25102351.999999996 1.9755272202579406 41.127622377622636 -1.0000000180025095e-35 10220055.500000002 -0.60565373328411654 -1.4863177287572154
decision_type=2 2 2 2 2 2 2 2 2 2 2 2 2 2 2 2 2 2 2 2 2 2 2 2 2 2 2 2 2 2
left_child=-1 2 5 -4 -5 6 7 24 -9 -8 -11 -12 -13 -14 16 -16 22 18 -18 21 -21 -17 23 -7 -2 26 27 29 -29 -26
right_child=1 -3 3 4 -6 14 9 8 -10 10 11 12 13 -15 15 19 17 -19 -20 20 -22 -23 -24 -25 25 -27 -28 28 -30 -31
leaf_value=-0.050034069708151101 0.0026798713658093606 -0.050041759146717615 -0.044002207469902355 0.11606645570379984 0.029579211811702616 0.061512665257759537 -0.027541002980998732 0.022779184041425232 -0.045339045070045957 0.060236199189185005 0.086795160683489816 0.039031213572391255 0.059037990949118192 -0.038058446496681143 0.084227145938152934 -0.057244044735150115 -0.0062039672743143953 -0.034874991863071643 0.11373958666070461 0.07453129667178035 -0.031340113686836625 0.034747216924850034 0.058674906517424519 -0.036416896533949361 0.010404264022229609 -0.043723448810288612 0.048405159584498335 -0.0086383830902865433 0.045309586878202884 -0.015960437861758065
leaf_weight=6.0983942988677873 546.7518827249296 4.1541709888260803 1.5775089745875446 1.0216021579690275 4.2953893030062309 1.2151064313948152 4.5176997710950699 4.174657399766148 11.42632687091827 6.8235638514161137 1.7393763158470452 7.110284047201282 1.0363466581329763 6.4562318967655123 2.188160816207529 4.9753200192935729 1.6647776630707087 25.834306770469997 0.98024443443864484 3.1553409993648529 2.9884545719251037 2.5552819492295384 3.2316740229725838 2.8814495936967424 44.451835457235575 14.801678638905285 5.7646321468055239 16.404195278882984 14.92101890593767 93.078139711171389
leaf_count=8964 8117 5605 16 14 71 21 125 65 241 33 10 70 12 161 14 102 48 623 8 18 41 34 49 90 310 402 32 85 83 553
internal_value=-0.000154916 0.000206271 0.000455356 0.0255586 0.0461968 0.000247115 0.000918542 0.000246615 -0.0271113 0.0191654 0.0282739 0.0149283 0.00636811 -0.0246284 -0.00988154 0.00818261 -0.0178839 -0.0280838 0.0382471 -0.00398594 0.0230335 -0.0260296 0.0217555 -0.00736936 0.000826385 -0.00452357 -0.00120079 -0.00289431 0.0170584 -0.00743895
internal_weight=848.275 842.177 838.022 6.8945 5.31699 831.128 779.458 751.774 15.601 27.6835 23.1658 16.3422 14.6029 7.49258 51.6701 15.8626 35.8076 28.4793 2.64502 13.6744 6.1438 7.5306 7.32823 4.09656 736.173 189.422 174.62 168.855 31.3252 137.53
internal_count=26017 17053 11448 101 85 11347 10299 9888 306 411 286 253 243 173 1048 209 839 679 56 195 59 136 160 111 9582 1465 1063 1031 168 863
is_linear=0
shrinkage=0.05


Tree=97
num_leaves=31
num_cat=0
split_feature=3 3 9 7 1 14 13 13 13 15 14 13 13 1 3 13 3 15 13 4 3 13 3 14 15 2 4 14 4 15
split_gain=5.8134 4.00743 1.73284 3.68962 3.61379 3.18632 5.84214 5.07529 3.92576 3.07177 2.00728 1.91638 14.6366 5.11719 3.68206 11.0725 11.7039 14.8315 8.32075 7.68913 8.11157 7.50515 7.29265 7.48095 8.7059 8.42494 6.7603 10.1676 7.88375 6.68933
threshold=-89.290928956264878 114.74635464026052 -2.6298055122090589 0.04244618450934156 -7.7945064985707182 -0.76985845551523713 0.19544307567137872 0.092501237407756287 -0.28544881643493319 1.6995475599315308 3.8073277233421794 -0.019086249513211865 1.0000000180025095e-35 -0.17788063799171691 -1.4439450746555129 0.60961247565540699 -5.8581456346523142 -0.91313178650658822 1.0720890637746046 23.643614284244098 -1.746656808730674 0.83994569261086849 -0.37044656602660242 1.0000000180025095e-35 -1.5116670193286248 -0.22170362319120371 62.211241041116409 1.2635577711067956 54.36698717948719 -1.901844116339823
decision_type=2 2 2 2 2 2 2 2 2 2 2 2 2 2 2 2 2 2 2 2 2 2 2 2 2 2 2 2 2 2
left_child=-1 2 3 5 -4 7 8 9 -7 -2 11 -6 13 -13 15 16 -14 29 26 -19 -21 -17 23 24 -20 -26 28 -28 -16 -18
right_child=1 -3 4 -5 10 6 -8 -9 -10 -11 -12 12 14 -15 18 21 17 19 22 20 -22 -23 -24 -25 25 -27 27 -29 -30 -31
leaf_value=-0.050032406835640843 0.0091607963270836368 -0.050039725260512202 0.047440777209134692 -0.06431512323296705 0.0044606937226074955 -0.043332753158006269 -0.049098313396837942 0.051241782169313937 0.043779818218061782 -0.073121452895085912 0.034429255587881312 0.0047642027195830602 -0.053486289604567451 -0.051123834462024481 0.0084922331112972978 0.046546174837358317 0.026116422218741605 0.044447083425599568 0.034042105299681824 -0.02514025171241251 0.051188375071433902 0.009646471949485395 -0.0012481394635804862 -0.039525327669639926 -0.024880236979479012 0.052018729883669096 -0.03288734828733212 0.035985474268656496 0.054970046637762199 -0.052993880252208442
leaf_weight=5.8011600594618349 3.2094434745376983 3.9517261785804285 4.1399525366723529 2.9999527808977282 214.86910098651424 1.8889700900763298 7.9372556442394853 5.0598018420860171 4.1013616985874206 1.7542465194128452 4.362745789345353 5.2191422954201725 13.134783487766979 19.028356993338093 99.134131317958236 15.460520166903732 3.3001511096954372 15.741032393649219 9.7465108446776849 12.475905310362576 4.8276105783879784 126.78551340289414 133.47040862543508 31.074828336015344 40.592240709811449 3.9043595977127543 20.484977098647509 7.2571317963302127 10.048765415325759 14.041412662714718
leaf_count=8964 45 5605 42 40 2151 17 66 38 83 13 61 33 70 3823 881 101 20 87 56 75 27 731 1807 237 281 27 393 103 66 74
internal_value=-0.000151636 0.000192847 0.000430279 -0.012042 0.00084573 -0.00549462 -0.0209658 0.0160025 0.01631 -0.0199191 0.000606089 0.000421774 -0.00105987 -0.0390942 0.000582644 0.00590631 -0.0114504 -0.000492352 -0.0024969 0.0191594 -0.00384488 0.013657 -0.00854655 -0.0199641 -0.00875785 -0.0181327 0.00716966 -0.0148707 0.0127699 -0.037939
internal_weight=845.803 840.002 836.051 26.951 809.1 23.9511 13.9276 10.0235 5.99033 4.96369 804.96 800.597 585.728 24.2475 561.48 205.767 63.5209 50.3861 355.713 33.0445 17.3035 142.246 218.788 85.3179 54.2431 44.4966 136.925 27.7421 109.183 17.3416
internal_count=26017 17053 11448 302 11146 262 166 96 100 58 11104 11043 8892 3856 5036 1185 353 283 3851 189 102 832 2408 601 364 308 1443 496 947 94
is_linear=0
shrinkage=0.05


Tree=98
num_leaves=31
num_cat=0
split_feature=3 3 7 16 1 13 8 15 8 6 14 1 2 3 2 8 16 7 13 3 1 3 10 1 9 13 14 13 10 13
split_gain=5.52869 3.80915 1.72144 3.43816 4.30287 4.05703 3.32351 3.80887 3.11258 4.25309 3.9607 3.86012 4.01465 4.34062 5.60678 4.60645 4.51816 3.84056 2.88761 4.42733 5.38652 2.8376 2.67008 2.78944 2.92652 2.88517 3.78133 3.96622 2.64392 2.62026
threshold=-89.290928956264878 114.74635464026052 -1.2832823470933004 -0.00066049999999999995 -7.7945064985707182 -0.57747773503235111 -2.0043808300096866 0.94743569097501346 -0.79919120795828225 1.1204204196529706 -1.9873625622898226 0.26680007050465232 0.80592883246372904 -0.064552092223341143 -0.37803803903574934 -1.0991790298531072 -0.00054177999999999984 -1.3109771498500968 -0.13623497957313871 -5.1729265193870075 -1.7077681206108786 -0.1639086539062152 -2.7179900022775541 -2.5848048578487388 -2.3441348137929219 0.33417488265980516 0.38652341183389494 -0.12783731010765878 -1.3900559565652204 -0.019086249513211865
decision_type=2 2 2 2 2 2 2 2 2 2 2 2 2 2 2 2 2 2 2 2 2 2 2 2 2 2 2 2 2 2
left_child=-1 2 3 18 -5 21 7 -4 9 10 -7 12 13 14 15 16 -12 -15 -2 -20 -21 -6 -8 25 28 26 27 -24 -25 -26
right_child=1 -3 6 4 5 8 22 -9 -10 -11 11 -13 -14 17 -16 -17 -18 -19 19 20 -22 -23 23 24 29 -27 -28 -29 -30 -31
leaf_value=-0.050030824179433386 0.021592873826166918 -0.050037788505642292 0.049740540355682358 0.062875018207725578 -0.054557090280362465 -0.040436743594175123 -0.054870254288639758 -0.0094171504665022509 -0.01764589920984019 0.064728223115190359 0.034436729907721925 -0.060905611372863627 0.074531180767607855 -0.058501274813880948 0.04623569954744533 0.059916592724363671 -0.014359663753866977 0.039429564858938643 -0.078342121177482876 0.053477017908026295 -0.032338238017858179 0.0064767187359737596 0.027417482133726301 0.0028699785990204426 0.0061693714921918765 0.035997779452712146 0.051346293791133341 -0.043408022700587356 -0.036343551067942473 -0.00090050607498588656
leaf_weight=5.5184043322224161 2.9459198422264334 3.7591400909586801 7.3260287132579816 2.5430686324834815 6.0231346860527992 4.7834209207212544 2.1434272702317676 4.3285376955755055 17.937986966106109 2.9438696983270338 6.0134587511420206 2.0012182374484828 2.2930865231901398 4.1712573820259422 9.4071412063203734 3.1223651021719006 22.467852994799614 1.317309137666604 3.9621111508458897 2.1932212784886405 10.999221160542211 2.7848703572526556 3.1924035251140586 7.4751892256317687 178.57686769892462 11.408543724566696 2.7267918400466433 5.190639894455674 10.114929535426198 492.50278883788269
leaf_count=8964 33 5605 76 30 47 50 23 40 297 44 40 48 24 236 134 19 141 25 31 12 117 36 32 91 1816 99 25 31 161 7690
internal_value=-0.000148506 0.000180507 0.000407159 -0.00548471 -0.00121467 -0.00312613 0.00128413 0.0277692 0.000575628 0.00616093 0.00305868 0.00715479 0.00994628 0.00676132 0.0123499 0.00226349 -0.00405694 -0.0349969 -0.0241386 -0.031992 -0.0180716 -0.0352597 0.000851415 0.00101935 0.000453115 0.0183364 0.000200085 -0.0164365 -0.0196792 0.000980815
internal_weight=842.174 836.656 832.897 107.911 87.81 85.267 724.986 11.6546 76.459 58.521 55.5771 50.7937 48.7925 46.4994 41.0108 31.6037 28.4813 5.48857 20.1005 17.1546 13.1924 8.80801 713.332 711.188 688.67 22.5184 11.1098 8.38304 17.5901 671.08
internal_count=26017 17053 11448 1364 1171 1141 10084 116 1058 761 717 667 619 595 334 200 181 261 193 160 129 83 9968 9945 9758 187 88 63 252 9506
is_linear=0
shrinkage=0.05


Tree=99
num_leaves=31
num_cat=0
split_feature=3 3 10 8 12 15 1 13 15 8 8 16 11 6 16 8 2 13 15 7 6 14 0 11 1 6 4 2 6 4
split_gain=5.25849 3.62107 1.66137 3.91453 3.41133 4.23252 3.29474 3.96878 3.26909 2.88216 6.6316 2.34934 2.58929 3.83552 2.30017 6.58879 5.4262 3.59698 6.61729 4.61013 6.67806 4.56739 4.55611 3.98803 4.15618 3.96865 3.81093 5.01701 4.99326 3.65247
threshold=-89.290928956264878 114.74635464026052 -2.2393201132830725 -1.5874329199197883 -384.62549999984907 -1.6197135943554639 -2.1947704176153446 4.4455786451213095 2.3640867380764887 -0.42813374418319 -0.78521026778470271 -0.00052996999999999994 -85820946.499999985 -0.65177185010445371 -0.00026186999999999993 -1.970690405948051 -1.1037184036428604 -0.019086249513211865 -0.21105042412746891 -0.28016169016855347 0.81980641388203745 0.5731651080135115 -1.0000000180025095e-35 28354758.000000004 1.4249407345749019 0.2596072334079888 67.879188712522094 -0.40584628267434369 1.2980913291481095 28.720676486634037
decision_type=2 2 2 2 2 2 2 2 2 2 2 2 2 2 2 2 2 2 2 2 2 2 2 2 2 2 2 2 2 2
left_child=-1 2 3 4 5 -2 7 8 9 10 11 12 -4 -14 -8 -16 -17 18 25 21 22 -20 -21 -19 26 -18 27 -25 -29 -27
right_child=1 -3 6 -5 -6 -7 14 -9 -10 -11 -12 -13 13 -15 15 16 17 23 19 20 -22 -23 -24 24 -26 29 -28 28 -30 -31
leaf_value=-0.050029319652383275 0.032471770626605362 -0.050035942153772606 -0.026318256282014441 -0.053707279187238027 0.037508512034003391 -0.014345910151657135 -0.00099335171417769567 0.058611474772432851 -0.045294140402691689 0.04819845120868755 -0.044131327416935019 0.044349391895092405 0.052897488570787479 -0.020659378460280473 0.068618849853497366 0.026495139933012925 -0.062046981123569968 -0.012568170328181942 -0.039024193360241238 0.039242176114138959 -0.00049308761087052085 0.043036641992486878 0.11441911802206024 0.070111863517383285 -0.040970838253229412 0.058849332719113245 0.057780749183590677 -0.056450750024235247 0.061082209328964521 -0.046073891460050378
leaf_weight=5.2494224619003935 5.5304528058040878 3.575933206069748 3.853943869471558 4.3409367138519874 4.4625040902756146 37.978376494022086 618.96807173197158 4.7102196328341952 2.5157179981470099 5.1018430255353477 5.0234487354755393 6.6822806522250167 4.537739884108313 2.9079132676124502 4.1198141374625257 22.472812116146088 3.7140086344443288 57.036637509474531 3.8519220496527913 4.2064095460809794 4.5472756144590667 3.0290710730478168 3.8693224936723629 1.9330418407917012 2.6135231805965295 1.8936658296734097 5.84782968275249 3.4493144407169885 1.2244420326314864 1.4758835118263958
leaf_count=8964 63 5605 21 48 70 393 9085 49 13 46 33 59 38 22 37 137 50 888 31 30 35 28 21 11 45 18 38 89 24 26
internal_value=-0.000142627 0.000170819 0.000386634 -0.00823915 -0.00412473 -0.00839487 0.000965447 0.0158837 0.00931158 0.014199 0.00665906 0.020848 0.00694983 0.0241697 0.000257209 0.00643558 0.00432125 -0.000727878 0.0149917 0.0300243 0.047972 -0.00290032 0.0752617 -0.00652423 0.0163536 -0.0263994 0.0283827 0.00236187 -0.0256592 0.0128923
internal_weight=840.724 835.474 831.898 52.3123 47.9713 43.5088 779.586 35.3331 30.6229 28.1072 23.0053 17.9819 11.2996 7.44565 744.253 125.285 121.165 98.6923 26.5876 19.504 12.623 6.88099 8.07573 72.1048 15.0682 7.08356 12.4546 6.6068 4.67376 3.36955
internal_count=26017 17053 11448 574 526 456 10874 281 232 219 173 140 81 60 10593 1508 1471 1334 239 145 86 59 51 1095 207 94 162 124 113 44
is_linear=0
shrinkage=0.05


Tree=100
num_leaves=31
num_cat=0
split_feature=3 3 16 9 16 1 13 9 11 16 14 9 11 9 3 1 8 3 7 4 2 6 16 0 7 7 1 10 15 14
split_gain=5.00345 3.44702 1.66307 3.61166 5.02151 4.38682 4.36955 3.81199 5.55279 4.75062 4.78836 4.55343 3.77577 3.37327 3.7865 3.3202 3.27721 3.25507 3.82971 3.19648 5.62262 3.12275 3.06936 3.07417 2.98151 2.96441 3.79146 2.84363 2.69813 6.63674
threshold=-26.559729346398161 114.74635464026052 -0.00061949999999999993 -2.2634480471542231 -0.0008144999999999999 -2.364109960212426 -0.5254418225748253 -1.0260802382503031 -13071368.499999998 -0.00071249999999999992 1.4068609776455496 -0.93478742771503465 -33381555.999999996 -1.5938526317400636 -0.68960566529344802 -7.7945064985707182 -0.62144638647364581 -2.2319430819967359 -1.074939088196651 32.176292421009052 -2.6773540926018309 -1.3270331098550374 -0.00062274499999999985 -1.0000000180025095e-35 -0.41009888359489205 -1.1537817394440124 -1.3675558344854768 -1.1036609687176935 0.32023118991915872 -2.0906022610723531
decision_type=2 2 2 2 2 2 2 2 2 2 2 2 2 2 2 2 2 2 2 2 2 2 2 2 2 2 2 2 2 2
left_child=-1 2 3 4 -2 -5 12 13 27 10 16 -11 -7 14 19 -4 -10 -14 -19 20 24 -18 23 -13 -8 -15 -27 -9 -17 -30
right_child=1 -3 15 5 -6 6 7 8 9 11 -12 22 17 25 -16 28 21 18 -20 -21 -22 -23 -24 -25 -26 26 -28 -29 29 -31
leaf_value=-0.045060585248939404 0.004792942754818977 -0.050034194394910393 0.041626364686775108 0.036319936030818338 -0.055314004336136535 0.077004709853434938 -0.041898879615087634 0.069447675706182974 -0.015008730802046162 0.066950761420139004 -0.036154048562754719 -0.015429466091492981 0.039891684583644824 -0.054666623457930767 -0.041007398039656674 -0.00095425250162632636 -0.056300557663902497 0.049927245851830754 -0.040569217518520301 -0.023916779086326338 0.053204748707909644 0.031122880082880045 0.051853848668726547 -0.05177031149920918 0.024936801195724594 0.039141517936136259 -0.023217583952412149 0.015654023598939425 -0.023611975975554995 0.0086918882141330932
leaf_weight=6.1525881956331423 6.3188641797751188 3.4016488291090345 5.1288534253835669 7.2035142667591563 7.7200224101543409 2.6558381430804721 3.5772292539477348 3.7797432257793844 6.0242653503082719 1.5254068905487574 4.8854341041296712 22.651243161177259 5.0275435894727698 6.6924953106790772 4.623994030756875 444.2754298762884 1.0754510196857179 1.626580225303768 4.1564409071579576 5.2074250578880301 7.062846361659469 20.34686161624267 1.3656491674483024 7.8313891435973373 3.1274521648883855 2.654407024383544 29.830601727357134 7.0183740900829417 17.363215711666271 188.62064799969085
leaf_count=9360 54 5605 56 54 100 24 19 34 62 20 67 325 36 61 110 5826 8 16 55 36 59 226 18 152 21 13 322 80 186 3012
internal_value=-0.00013667 0.000195229 0.000401242 -0.00394423 -0.02826 -0.00181002 -0.00360823 -0.00623779 0.00125525 -0.00420556 0.00945378 -0.0174385 0.0235888 -0.0153693 -0.000435574 0.00155486 0.0175719 0.0104661 -0.0151154 0.00945135 0.0220725 0.026734 -0.0214805 -0.0247659 -0.0107228 -0.0243648 -0.0181221 0.0344838 0.0012388 0.00596886
internal_weight=838.931 832.779 829.377 173.989 14.0389 159.95 152.747 139.28 76.5038 65.7057 32.332 33.3737 13.4664 62.7765 23.5989 655.388 27.4466 10.8106 5.78302 18.975 13.7675 21.4223 31.8483 30.4826 6.70468 39.1775 32.485 10.7981 650.259 205.984
internal_count=26017 16657 11052 1972 154 1818 1764 1633 992 878 363 515 131 641 245 9080 296 107 71 135 99 234 495 477 40 396 335 114 9024 3198
is_linear=0
shrinkage=0.05


Tree=101
num_leaves=31
num_cat=0
split_feature=3 3 5 1 3 4 4 15 10 10 3 2 9 3 8 1 13 15 14 14 15 1 0 10 16 14 14 16 8 1
split_gain=4.7811 3.27289 1.68145 3.35931 5.71095 5.30514 6.85314 5.06415 4.26971 4.97432 3.9462 5.33598 3.83451 3.76805 5.28876 3.76499 4.44445 4.04759 7.08382 6.2941 3.52294 3.97102 3.29137 2.84301 5.89364 3.7772 5.82468 5.92979 4.49206 5.44457
threshold=-89.290928956264878 114.74635464026052 99.21085653707199 0.002587582925706045 0.7262702530687245 99.999977881215059 49.89711934156383 0.99195981201524897 0.5562965198107378 -1.9200481874831279 -0.23920691657109863 -0.0053401727484470021 -1.1178120205950235 -1.9792767981836557 -0.4957486546266861 0.043700731928188213 -0.066393769787254697 -0.099794888052243944 0.65381657331657606 -1.6160547073688354 -0.24903436171689128 0.043700731928188213 -1.0000000180025095e-35 1.5047878245904134 -0.00016793499999999997 2.1900564753606506 0.72720181566630171 -0.00021585499999999996 1.3036327314483553 -1.3698387396621206e-06
decision_type=2 2 2 2 2 2 2 2 2 2 2 2 2 2 2 2 2 2 2 2 2 2 2 2 2 2 2 2 2 2
left_child=-1 2 23 10 7 6 20 15 9 -7 11 13 -10 14 -4 -5 -17 19 -19 -18 -6 -22 -14 -2 25 26 27 28 29 -25
right_child=1 -3 3 4 5 8 -8 -9 12 -11 -12 -13 22 -15 -16 16 17 18 -20 -21 21 -23 -24 24 -26 -27 -28 -29 -30 -31
leaf_value=-0.050026660034181249 0.00023928988002741531 -0.050032524533064796 -0.054911543303502834 0.06788806325122429 -0.037349326473497806 0.11478869140641482 -0.048149284964954082 -0.052073431212316293 0.077072823068252416 -0.040618634454713039 -0.051473162720062859 0.050195919432913794 0.015893456627628113 -0.057046189546786023 0.033160875013023554 -0.05630279359763847 0.038341003209546379 -0.030947926706855783 0.090326655350929139 -0.052046552601288744 -0.03146978004917269 0.052315159232683289 -0.034512500018898502 0.055512696670829524 -0.033925076407147883 -0.035329965293141717 0.050781843663183168 0.10599545962103041 -0.0047876762927522472 -0.010647910678935073
leaf_weight=4.7737610234762533 662.54077722446527 3.2358536337269461 2.7357184123247862 4.6113915815949502 3.2085127071477473 0.55574154388159502 14.845672738738356 2.1787132006138554 2.1729021603241589 7.0081719462759784 7.7633377136662594 3.1577022522687939 19.872392332646999 4.8250813651829949 4.5223346352577201 1.848575793206696 4.9260230921208876 1.6590624894015391 4.3910600934177637 3.1624823198653758 2.0448983656242508 4.5852122511714697 3.8691141447052351 8.3407348543405515 6.4448072852101168 3.3029887987067914 11.784498932771383 1.5775400926359058 26.401826556771994 4.9580811726627791
leaf_count=8964 7690 5605 37 27 125 11 827 103 24 301 386 16 301 71 27 27 48 55 33 129 40 57 128 52 76 72 252 22 374 137
internal_value=-0.000131106 0.000154997 0.000350825 -0.00559664 -0.000804638 -0.009116 -0.026702 0.0204187 0.00385056 -0.0292004 -0.0224572 -0.00767718 0.0134975 -0.0228012 -3.55393e-05 0.0280862 0.0166056 0.0261382 0.0570708 0.00300085 0.00566012 0.0264737 0.00767888 0.00120311 0.0113697 0.0165487 0.0197779 0.0109266 0.007149 0.0308466
internal_weight=837.305 832.531 829.295 103.944 80.9399 58.1626 24.6843 22.7773 33.4783 7.56391 23.0042 15.2408 25.9144 12.0831 7.25805 20.5986 15.9872 14.1386 6.05012 8.08851 9.83862 6.63011 23.7415 725.351 62.8105 56.3657 53.0627 41.2782 39.7006 13.2988
internal_count=26017 17053 11448 2773 2236 1814 1049 422 765 312 537 151 453 135 64 319 292 265 88 177 222 97 429 8675 985 909 837 585 563 189
is_linear=0
shrinkage=0.05


Tree=102
num_leaves=31
num_cat=0
split_feature=3 3 14 13 13 11 2 14 9 13 9 5 12 14 16 15 0 2 15 3 15 14 15 3 1 3 2 13 11 3
split_gain=4.54702 3.11127 1.66903 6.42056 6.98577 5.40213 6.99992 6.04382 4.72362 5.08534 4.4884 4.44191 4.25817 4.23255 3.83796 4.24808 3.91319 8.18557 5.37158 9.87465 9.73817 6.60888 16.4173 6.23266 9.49083 5.39344 15.7807 7.95449 5.42305 5.21676
threshold=-89.290928956264878 114.74635464026052 -0.016694561773832359 -0.65096841531244387 -0.58513292668734995 40043874.500000007 0.32646448187760152 -0.035225267463534694 0.35266805014491648 -0.38461803712499049 -1.4739644920155943 34.375000000000753 -850.97000000020478 -1.0000000180025095e-35 -0.00060749999999999986 -1.1204169865163141 -1.0000000180025095e-35 -0.37803803903574934 0.44804437549052206 -6.710314489984234 2.5356445029573407 -0.58417654303316735 -1.9615167930544501 -1.7146543837553974e-06 -0.014861813415875441 -1.5343486057777509 -0.43513847189636523 2.8578780214216581 -57478626.999999993 -0.68960566529344802
decision_type=2 2 2 2 2 2 2 2 2 2 2 2 2 2 2 2 2 2 2 2 2 2 2 2 2 2 2 2 2 2
left_child=-1 2 3 10 -5 6 14 8 -8 -10 -2 -12 -11 -4 15 -6 18 -18 21 -20 -21 23 -23 24 25 28 -27 -28 -16 -19
right_child=1 -3 13 4 5 -7 7 -9 9 12 11 -13 -14 -15 16 -17 17 29 19 20 -22 22 -24 -25 -26 26 27 -29 -30 -31
leaf_value=-0.050025359765269596 -0.0095256609440305343 -0.050030940564318206 -0.08031141100793443 -0.057309188194963667 0.015861429449729202 0.027808000175651305 -0.050337022040490537 0.10007588195466915 0.08485802469656066 0.067605159495017803 0.066672293087174039 0.01276316035728095 -0.026650038503304392 -0.0015080938749516058 -0.009762576387239718 -0.012535630570313167 0.0045915439275386145 0.0030303840621149509 -0.04696596086318934 0.04154880395999113 -0.064573070950337277 0.052820033429630424 -0.030940642146322025 0.058069054481528326 -0.032507214136584715 -0.025582338417769482 0.065948348668354903 -0.00555162868723863 0.043499461027754066 -0.057641641529346803
leaf_weight=4.5410570379463016 5.4351923987269428 3.0781341902911654 1.7107232246780757 5.0383932627737513 16.543188381474465 19.173883149167523 12.407178963534539 0.96174191031604905 1.3237623181194074 1.3241080073639739 8.7972341775894147 6.7551649697124949 12.607814834453162 429.55163993581664 6.0559990927577045 64.589861057931557 65.234322115778923 5.5186582983005783 4.1291459682397536 33.472246889956295 2.311014363076537 7.4221258881734675 27.620078497682698 6.923655337188392 11.916371612693181 20.809942744672298 10.573118530213835 6.1540237665176383 22.666572846472263 9.8962852959521097
leaf_count=8964 44 5605 30 47 144 249 487 8 17 11 55 63 436 6312 38 664 419 105 73 501 32 48 288 71 430 111 49 28 144 544
internal_value=-0.000128858 0.000144133 0.000330904 0.0026761 0.00116862 0.00196572 0.000551875 -0.0231425 -0.0274263 -0.00879347 0.0295877 0.0432569 -0.0176919 -0.00182069 0.00265928 -0.00674541 0.00582929 -0.00315177 0.0103547 0.0262468 0.0346951 0.00507521 -0.0131997 0.0126004 0.00857349 0.0159616 0.00348316 0.039643 0.0322694 -0.0359206
internal_weight=834.543 830.002 826.923 395.661 374.673 369.635 350.461 28.6246 27.6629 15.2557 20.9876 15.5524 13.9319 431.262 321.837 81.133 240.704 80.6493 160.054 39.9124 35.7833 120.142 35.0422 85.0997 78.176 66.2597 37.5371 16.7271 28.7226 15.4149
internal_count=26017 17053 11448 5106 4944 4897 4648 959 951 464 162 118 447 6342 3689 808 2881 1068 1813 606 533 1207 336 871 800 370 188 77 182 649
is_linear=0
shrinkage=0.05


Tree=103
num_leaves=31
num_cat=0
split_feature=3 3 14 14 13 13 11 2 14 9 7 1 9 15 15 8 4 14 16 15 9 9 0 3 14 10 13 8 13 3
split_gain=4.32484 2.958 1.61359 1.74792 5.85218 6.41252 4.9564 6.83904 5.81444 4.52403 4.44755 4.41313 7.56765 3.9861 4.21294 5.09994 3.92322 3.90408 3.52626 3.90908 3.48901 3.47665 3.42558 7.2486 7.7877 5.78238 5.71635 5.52803 6.11382 5.4499
threshold=-89.290928956264878 114.74635464026052 3.8073277233421794 -0.016694561773832359 -0.65096841531244387 -0.6362413332521889 40043874.500000007 0.32646448187760152 -0.72231364678223053 -0.04205414108391925 -1.4876973906775566 -0.57848364548137898 -1.2337656697549064 -0.7500592369364204 -0.58822607864984311 -0.3436229250138807 42.90744466800831 -1.0000000180025095e-35 -0.00060749999999999986 -1.1204169865163141 1.3205582982596378 -0.90143509228621499 -1.0000000180025095e-35 -1.3437605623546547 -1.4552279429987043 1.5483709831760999 0.063847696160551998 1.1505175216983692 0.60961247565540699 -1.8569971081594272
decision_type=2 2 2 2 2 2 2 2 2 2 2 2 2 2 2 2 2 2 2 2 2 2 2 2 2 2 2 2 2 2
left_child=-1 2 3 4 11 -6 7 18 10 -10 -9 -2 -13 -11 -15 -16 -14 -5 19 21 -17 -7 -20 24 26 -25 -24 -27 -29 -28
right_child=1 -3 -4 17 5 6 -8 8 9 13 -12 12 16 14 15 20 -18 -19 22 -21 -22 -23 23 25 -26 27 29 28 -30 -31
leaf_value=-0.050024124577204447 0.070443731182267613 -0.050029429622376609 0.030396125954231315 -0.078508526997818628 -0.078559624851993873 -0.0059649555287138827 0.026399849625066991 0.095439231289431228 -0.052431997066441131 -0.036202902706572289 -0.049191075423900409 -0.041987811629233159 0.051597408417128614 0.11601351938732458 0.096799387550789359 -0.055035170703527481 -0.017675113846699911 -0.0017653515161400084 0.0096612468647693378 -0.012162881060284618 0.031815845243780221 0.040056197826123539 -0.056656892156766364 -0.029787310942795936 0.027638425707027299 0.10430634290258858 0.022242124152175108 0.054308169877993133 -0.069323852601327118 -0.044293016416100638
leaf_weight=4.3196911315317257 4.7942340150475529 2.9280981034389688 4.4338780648540697 1.6637044730596233 2.5084088314324609 8.9765176889486629 19.186448278254829 0.55128992721438486 3.0245880568400034 2.5964827649295321 14.843348913826048 4.1892136652022645 9.2031073309481091 1.3401867998763908 1.5510083213448513 2.1295047854073337 2.6274258978664884 424.95382292475551 159.9168923109537 64.761869379435666 2.5304270191118121 7.5600241775391614 5.5673886092845377 28.27952534914948 26.500177206704393 1.6016780696809281 10.503741480410099 2.0635028963442892 1.940205951221287 4.3532396331429455
leaf_count=8964 37 5605 62 30 17 81 249 5 129 80 665 32 71 9 15 46 22 6250 1822 665 27 63 73 647 182 16 60 48 20 25
internal_value=-0.000124456 0.000136162 0.000314393 0.00015168 0.00255696 0.00111446 0.00165493 0.000300745 -0.0231459 0.00124057 -0.0440118 0.0283581 0.0157631 0.0172382 0.0356141 0.0182656 0.0362128 -0.00206463 0.0023807 -0.00662263 -0.0078735 0.0150746 0.00542131 -0.00296925 0.00975608 -0.0205916 -0.0134459 0.0258016 -0.00560418 0.00274668
internal_weight=831.4 827.08 824.152 819.718 393.1 372.286 369.778 350.592 28.5668 13.1722 15.3946 20.814 16.0197 10.1476 7.55113 6.21094 11.8305 426.618 322.025 81.2984 4.65993 16.5365 240.726 80.8095 46.9245 33.8849 20.4244 5.60539 4.00371 14.857
internal_count=26017 17053 11448 11386 5106 4944 4927 4678 976 306 670 162 125 177 97 88 93 6280 3702 809 73 144 2893 1071 340 731 158 84 68 85
is_linear=0
shrinkage=0.05


Tree=104
num_leaves=31
num_cat=0
split_feature=3 3 6 3 11 1 4 5 4 10 4 16 16 15 13 10 15 4 11 2 7 15 15 9 3 9 14 14 3 10
split_gain=4.11339 2.81223 1.49816 3.28158 2.04459 2.02544 3.58091 4.24961 3.94512 5.3986 2.74793 2.68199 3.24956 5.25251 4.66057 3.53116 4.1573 3.30831 2.86045 5.88811 5.20531 2.80018 3.59761 4.00377 2.52235 5.97908 6.86234 7.4793 5.97376 5.25072
threshold=-89.290928956264878 114.74635464026052 1.491486362135739 -1.4439450746555129 49090973.000000007 0.77042976432579813 74.040647145340316 73.825208607817018 66.666666666666643 -0.36982130781854877 68.943143600482088 -0.00092349999999999995 -0.00024871499999999994 -0.02250856719002892 -0.36595061665544165 1.1916678527228013 -0.099794888052243944 72.269303201506446 44188824.000000007 2.6483780460312283 1.2453055534164463 -2.2141054999450547 -1.3468623098255716 1.6185900739494774 1.7825705175474942 -1.0008688011984175 0.93467079724271696 -0.67565678557890296 1.9301392141238016 0.78630711618334848
decision_type=2 2 2 2 2 2 2 2 2 2 2 2 2 2 2 2 2 2 2 2 2 2 2 2 2 2 2 2 2 2
left_child=-1 2 5 -4 -5 6 8 -8 24 10 -10 -7 13 15 -14 16 -13 -17 20 -20 -16 -19 -23 -24 -2 -26 27 -27 -29 -30
right_child=1 -3 3 4 -6 11 7 -9 9 -11 -12 12 14 -15 18 17 -18 21 19 -21 -22 22 23 -25 25 26 -28 28 29 -31
leaf_value=-0.050022945447641715 -4.375521934473838e-05 -0.050027996304342272 -0.040362302179861018 0.059035796325604864 -0.013962096647943414 0.0676214574078427 0.060103804302258972 0.0091286055210213959 -0.016564982545460998 -0.044157131656802448 0.065492249386686949 -0.037973830325179425 0.073603175289298453 -0.040595485418272965 -0.056918020925506407 -0.052022128118804613 0.078823772338508069 -0.016666373336199858 0.06882405371058746 -0.030125155930369404 0.031533329942147421 0.091757873429647141 -0.054168416551817491 0.062541584619898588 -0.043242267220181395 -0.023633180117081716 -0.026440948244671525 0.12210975061322227 0.053051122337571359 -0.012162176401764112
leaf_weight=4.1091117266041683 689.60993256838992 2.785370859259273 1.5605313451960681 4.1142833696212611 1.2508741626515982 1.0982635784894217 5.0283144041895893 21.876678894273937 2.0937858298420915 10.697142932564017 1.9899084642529485 7.0712631256319556 2.2763706352561721 16.203333838377151 4.6200527329929137 1.3565271366387586 0.85387283191085028 2.1169803990051141 3.1493968553841114 2.8767648804932833 2.5990467136725783 2.7620569169521327 1.2826838903129116 1.720507927238941 4.0159661404322824 4.5672631079796764 5.9021817252505562 2.3576965380925712 12.609334008069711 4.0871343137696377
leaf_count=8964 8779 5605 16 66 19 13 26 385 55 241 10 268 14 376 102 70 12 28 18 41 34 23 32 17 190 156 215 18 154 70
internal_value=-0.000121093 0.000127596 0.000297602 0.0234545 0.0420165 0.000100777 0.000738075 0.0186554 8.48071e-05 -0.0254867 0.02342 -0.0096503 -0.0113862 -0.0201781 0.00751414 -0.000903436 -0.0253898 0.0201013 -0.00384412 0.0215877 -0.0250734 0.0325137 0.0505725 0.0126939 0.000607477 0.0139975 0.0217836 0.0338332 0.0476079 0.0370875
internal_weight=828.643 824.534 821.748 6.92569 5.36516 814.822 764.835 26.905 737.93 14.7808 4.08369 49.9871 48.8889 33.3672 15.5216 17.1639 7.92514 9.23876 13.2453 6.02616 7.2191 7.88223 5.76525 3.00319 723.15 33.5396 29.5236 23.6214 19.0542 16.6965
internal_count=26017 17053 11448 101 85 11347 10299 411 9888 306 65 1048 1035 826 209 450 280 170 195 59 136 100 72 49 9582 803 613 398 242 224
is_linear=0
shrinkage=0.05


Tree=105
num_leaves=31
num_cat=0
split_feature=3 3 7 6 8 2 9 16 10 16 7 16 14 14 8 7 13 14 15 8 15 1 10 7 1 13 14 13 4 4
split_gain=3.91208 2.67353 1.51909 3.06191 2.76853 3.48258 3.2225 3.02578 4.16557 4.92143 4.40331 4.78555 5.10315 3.98678 4.15166 3.28613 3.04555 3.00548 2.97109 2.47523 3.02294 2.88335 2.50331 3.01155 2.95999 3.1161 3.22052 3.17168 2.68056 8.30214
threshold=-89.290928956264878 114.74635464026052 -1.2832823470933004 -1.494653794104283 -0.23766517507940266 -3.1836889839312521 1.257568800333565 -0.00066049999999999995 -0.57897980528817483 -0.00027494999999999999 -1.474378527038948 -0.00057549999999999995 1.3699730824320302 -0.85602674148098001 -1.2967249559972558 -1.4634451199097682 0.60961247565540699 1.6121870538038425 0.24068250888684375 -2.0043808300096866 0.94743569097501346 -0.53364191394664695 -2.5365681151301445 -0.96776626843497549 -2.5848048578487388 0.33417488265980516 0.38652341183389494 -0.12783731010765878 47.635027165228429 34.140096618357234
decision_type=2 2 2 2 2 2 2 2 2 2 2 2 2 2 2 2 2 2 2 2 2 2 2 2 2 2 2 2 2 2
left_child=-1 2 4 -4 7 -6 -7 17 10 13 11 -9 -13 -10 -15 -12 -11 18 -2 20 21 -5 23 -21 25 26 27 -24 29 -26
right_child=1 -3 3 19 5 6 -8 8 9 16 15 12 -14 14 -16 -17 -18 -19 -20 22 -22 -23 24 -25 28 -27 -28 -29 -30 -31
leaf_value=-0.050021825482317928 -0.012817818734263246 -0.050026633045291952 0.061283540148305317 0.073277302298838234 0.067285933498342859 -0.045241536853354268 0.020616010744423922 0.075368057568485775 0.050262593714116545 0.021517720227789777 -0.052086701404934169 0.019876253419108994 -0.064197348304749796 0.025570226068945986 -0.04938576386778569 -0.0074501176923923249 0.097852168223279412 0.023676849640801204 -0.059633488915826552 -0.00062857826203049937 -0.0090283320253903409 0.0087128357631799189 0.024977504548729882 -0.072470118792691079 -0.00024536309612459821 0.039024413099006797 0.049225883982608992 -0.040673090155273199 0.0035778683071860419 -0.026278271052533438
leaf_weight=3.9087932129041283 8.9403723151190224 2.6495971600234034 2.1077525760047129 3.8678570128977299 0.92267483472823997 10.294163252692668 2.2664248333312562 3.0154136605560771 3.3931515398435304 2.3400935807730994 4.6132437346968791 10.346547312219625 2.1863200461957595 3.4021687214262792 4.0422651839908212 38.82314347778447 2.9588093459606171 3.104522430105134 5.4579591718502334 3.366051965742372 4.2563701785402372 3.1273996543604863 2.9662204906344414 2.5744174520950756 320.42866675986443 10.260796174407004 2.5240752175450325 4.8442229516804236 320.35796019341797 33.862043172121048
leaf_count=8964 78 5605 38 26 6 174 40 29 49 28 58 128 39 55 81 494 17 30 58 34 40 48 30 32 5946 95 24 30 3417 324
internal_value=-0.000119108 0.000117815 0.000279714 0.00110869 -0.00530272 -0.026471 -0.0333582 -0.00222125 0.0021409 0.0246517 -0.0040174 0.0188163 0.00520987 0.00534367 -0.0151302 -0.0121908 0.0641415 -0.0209433 -0.0305642 0.000930658 0.0241962 0.0444122 0.000557325 -0.0317625 0.00083348 0.0195059 0.000126673 -0.0157406 0.000263458 -0.00273351
internal_weight=827.209 823.301 820.651 714.544 106.107 13.4833 12.5606 92.624 75.1212 16.1365 58.9847 15.5483 12.5329 10.8376 7.44443 43.4364 5.2989 17.5029 14.3983 712.436 11.2516 6.99526 701.184 5.94047 695.244 20.5953 10.3345 7.81044 674.649 354.291
internal_count=26017 17053 11448 10084 1364 220 214 1144 978 230 748 196 167 185 136 552 45 166 136 10046 114 74 9932 66 9866 179 84 60 9687 6270
is_linear=0
shrinkage=0.05


Tree=106
num_leaves=31
num_cat=0
split_feature=3 3 8 10 2 1 14 4 0 12 1 14 10 15 13 11 10 12 12 10 13 13 14 3 4 13 3 3 12 12
split_gain=3.72106 2.54202 1.46149 6.60928 5.89779 5.71753 5.9687 5.68413 7.42963 5.40121 5.51608 4.2145 4.19578 4.18201 4.14951 3.97851 5.90544 3.76057 6.53347 5.96709 6.90992 4.31004 6.22964 5.6719 7.85858 5.39528 12.6457 11.8622 4.56852 6.81006
threshold=-89.290928956264878 114.74635464026052 0.0198480810273538 -0.12010837973529344 -0.7846037869480994 -0.71386255339061966 -0.035225267463534694 25.333444946704336 1.0000000180025095e-35 245.05000000004659 1.1811731322239363 0.77952344939850271 -0.68716998587445988 0.76856606138728456 -0.12783731010765878 17668415.500000004 0.24705798654164576 1580.5365000001623 601.02349999989394 1.9296436056280413 -0.23875411046578399 3.2377959211806679 1.3150932632206527 -0.12929905048773546 74.040647145340316 0.22336793374171338 -2.2319430819967359 -1.0889315803203179 162.90049999975602 59.573999999789528
decision_type=2 2 2 2 2 2 2 2 2 2 2 2 2 2 2 2 2 2 2 2 2 2 2 2 2 2 2 2 2 2
left_child=-1 2 -2 4 7 6 -5 8 -4 10 -6 14 -9 17 -11 16 -8 18 19 21 -21 22 25 -24 -25 27 -27 -7 29 -29
right_child=1 -3 3 5 9 13 15 12 -10 11 -12 -13 -14 -15 -16 -17 -18 -19 -20 20 -22 -23 23 24 -26 26 -28 28 -30 -31
leaf_value=-0.050020759972749865 -0.0015723520508134762 -0.050025335417638442 0.032551180600069639 0.040520087222060477 0.045241507663628409 -0.037514163261979434 0.061714247839702321 0.027521664397459674 -0.048791962067005215 -0.063871090028998129 -0.058427112739557446 -0.074467229473159688 -0.037771809915583807 0.0078218009519673195 0.031093456082830647 0.045776901433353737 -0.02480200611214526 0.0231663455291727 -0.034205741665075375 -0.037054206525765798 0.049152205709732499 -0.035989965161115425 0.054403840916499593 -0.047441430839128454 0.036719922724133443 0.062151081592004311 -0.028301818080329545 0.0075297908692395152 -0.011658587775514569 0.058224392042354717
leaf_weight=3.718236308603081 466.29013502039015 2.520438508654478 16.222793586552147 16.095047019422054 27.452029578038495 14.652448907261705 2.3190143331885364 3.1726049482822409 3.3945276476442805 1.4283493589609859 1.3460615295916785 1.714290407951921 10.960952967405317 61.64077117445413 5.9093193243024853 3.7081921473145476 13.196691814810036 9.6505664841970411 22.253488160436973 3.0858504129573694 9.4219012628309411 12.655442730523644 7.6301008545560789 5.081678285263477 6.1070762556046247 4.1905348990112534 49.590583297424018 18.55900956504048 11.486025377642362 10.302092749625443
leaf_count=8964 5893 5605 105 109 488 308 15 20 17 24 31 58 71 1196 117 22 77 165 439 47 169 167 89 341 65 28 601 379 251 156
internal_value=-0.000114526 0.00011121 0.000265405 0.0026914 0.0162557 -0.000757195 0.0180564 0.00105911 0.0184758 0.0298065 0.0403959 -0.00388286 -0.0231152 -0.00345495 0.0126077 -0.000751079 -0.0118711 -0.00721907 -0.00889455 -0.00520738 0.0278838 -0.0081584 -0.00539804 0.0211637 -0.00150425 -0.00999317 -0.0212539 0.00101807 0.0150114 0.0256254
internal_weight=825.756 822.038 819.518 353.227 71.6009 281.627 35.3189 33.7509 19.6173 37.8501 28.7981 9.05196 14.1336 246.308 7.33767 19.2239 15.5157 184.667 175.016 152.763 12.5078 140.255 127.6 18.8189 11.1888 108.781 53.7811 54.9996 40.3471 28.8611
internal_count=26017 17053 11448 5555 931 4624 223 213 122 718 519 199 91 4401 141 114 92 3205 3040 2601 216 2385 2218 495 406 1723 629 1094 786 535
is_linear=0
shrinkage=0.05


Tree=107
num_leaves=31
num_cat=0
split_feature=3 3 14 14 13 13 11 2 14 1 9 9 13 7 10 4 14 13 2 10 8 9 3 13 2 13 13 0 13 9
split_gain=3.53925 2.41696 1.42367 1.6078 5.38044 6.0344 4.3149 6.03168 5.26066 4.16843 6.8752 4.12759 3.99113 3.89875 3.69076 3.53594 3.40032 3.17333 4.50967 3.16708 5.65132 4.69869 4.22571 3.85898 3.50838 6.22196 5.72691 6.34315 6.19595 7.902
threshold=-89.290928956264878 114.74635464026052 3.8073277233421794 -0.016694561773832359 -0.65096841531244387 -0.58513292668734995 40043874.500000007 0.32646448187760152 -0.72231364678223053 -0.57848364548137898 -1.2337656697549064 -0.04205414108391925 -0.36595061665544165 -1.4876973906775566 -0.36982130781854877 42.90744466800831 -0.69006728305041698 -0.27297642578007586 2.6483780460312283 -2.2393201132830725 -1.6932295372007891 -1.4863177287572154 -2.7910952193044429 0.092501237407756287 -1.3136581087734467 -0.43424811867330643 0.57359439140484725 1.0000000180025095e-35 1.4578335218456229 -1.0854501302675452
decision_type=2 2 2 2 2 2 2 2 2 2 2 2 2 2 2 2 2 2 2 2 2 2 2 2 2 2 2 2 2 2
left_child=-1 2 3 4 9 -6 7 19 13 -2 -11 -10 -13 -9 -14 -12 -16 -8 -19 20 21 22 -7 -23 26 -26 -21 28 -28 -30
right_child=1 -3 -4 -5 5 6 17 8 11 10 15 12 14 -15 16 -17 -18 18 -20 24 -22 23 -24 -25 25 -27 27 -29 29 -31
leaf_value=-0.050019749097026882 0.069221992132614305 -0.050024099379604441 0.028671473821009513 -0.0020327553817306144 -0.054101012756479522 -0.015332539325768155 0.071691603603201662 0.084802018677842539 -0.052305132126055601 -0.040022504701997953 0.049533119818702044 0.10476559021047072 0.055868902329184955 -0.048634729838772761 0.070140260624488915 -0.016857616243066538 -0.031458753783329962 0.031568294120695554 -0.029623077708176328 -0.0026005311673850031 -0.070120792304520771 0.016476368751981284 0.036441110578398959 -0.074039583933995665 -0.050396688300032494 0.0018015342202665444 0.036891359830717431 0.052788700378595232 -0.026246960616858186 0.037550007035881787
leaf_weight=3.5369655824906649 4.6120867468416717 2.3975730194651979 4.3828645457979283 423.81889949389733 4.8967050574719897 8.2944952520774695 3.0532932654023197 0.57043554820120235 2.823675482533873 4.1554553732275972 9.0865253210067696 1.1276987586170424 2.5281728133559209 13.562994071282448 0.97493521869182309 2.5735531076788911 5.3029934498481461 11.863948547048492 4.0349951088428488 37.277338728308678 3.8789183471817514 1.739085182198324 7.5090961372479805 3.6464616544544697 5.8771670013666144 199.44745933776721 15.354480374604462 13.356397699564694 14.322857879102228 7.3417143039405373
leaf_count=8964 37 5605 62 6280 47 59 18 5 128 32 71 7 36 651 9 22 123 171 60 230 40 40 76 27 67 2832 101 81 89 47
internal_value=-0.00011114 0.000104183 0.000251215 9.80084e-05 0.00241822 0.00103463 0.00177657 0.000500335 -0.0222382 0.0273965 0.0151995 0.00103894 0.0162019 -0.0432491 0.00486059 0.0348797 -0.0156809 0.0250045 0.0160385 0.00242289 -0.0146345 -0.00447704 0.00926777 -0.0448104 0.00388236 0.000307424 0.0122566 0.0232507 0.0125935 -0.00462737
internal_weight=823.349 819.812 817.415 813.032 389.213 368.785 363.889 344.936 26.8909 20.4276 15.8155 12.7575 9.9338 14.1334 8.8061 11.6601 6.27793 18.9522 15.8989 318.045 25.0681 21.1891 15.8036 5.38555 292.977 205.325 87.6528 50.3755 37.0191 21.6646
internal_count=26017 17053 11448 11386 5106 4944 4897 4648 959 162 125 303 175 656 168 93 132 249 231 3689 242 202 135 67 3447 2899 548 318 237 136
is_linear=0
shrinkage=0.05


Tree=108
num_leaves=31
num_cat=0
split_feature=3 3 13 13 0 6 4 13 16 14 0 15 14 5 11 1 14 4 15 13 2 3 15 1 15 5 16 14 10 9
split_gain=3.36759 2.30112 1.5311 1.43182 6.9355 8.29186 7.74254 5.1477 4.96136 3.20709 2.23116 7.13412 6.76837 6.34315 6.32219 7.83676 6.90958 6.39737 5.37673 5.33661 7.66006 6.39502 9.41125 5.91672 5.94238 4.88412 6.82188 4.51864 4.18566 3.99949
threshold=-26.559729346398161 114.74635464026052 8.8459214254198972 -1.0501715158692175 -1.0000000180025095e-35 0.78579318849308122 8.8228999464956051 -0.98744100926726386 -0.00032989499999999992 1.033269845737351 -1.0000000180025095e-35 -2.3126456227057974 1.1142769888127904 99.21085653707199 -75555688.499999985 1.0000000180025095e-35 -0.23330069932238648 40.347346451997623 -3.5965202961581628 1.2701276701290267 -0.61216437380169342 -0.1639086539062152 0.021330238792886039 -9.1601539131680401e-07 -0.33893921028145862 63.388077393698246 -0.00027494999999999999 0.93467079724271696 0.14900395765696864 -2.3441348137929219
decision_type=2 2 2 2 2 2 2 2 2 2 2 2 2 2 2 2 2 2 2 2 2 2 2 2 2 2 2 2 2 2
left_child=2 3 -1 4 6 8 9 -5 -6 -2 -9 18 13 14 29 27 -17 -18 -12 23 -21 -22 -23 -14 -25 -19 -27 -16 -29 -13
right_child=1 -3 -4 7 5 -7 -8 10 -10 -11 11 12 19 -15 15 16 17 25 -20 20 21 22 -24 24 -26 26 -28 28 -30 -31
leaf_value=-0.050237257088508347 -0.016227422297836382 -0.05002292258721306 0.080693690808754548 0.054912113006161424 0.010615735095385397 -0.037467987290241388 -0.059790090573146895 0.0021717925259563771 0.097069081341203206 0.061399613715398343 0.043282658479087972 -0.0032592697025766908 0.058532663957116475 -0.045146765473267673 -0.0092987553031806374 -0.059307365240695332 0.080645060508210339 -0.032485745997056524 -0.056801152196032573 -0.029099468789998445 0.065564213741643632 -0.049572709489972104 0.060032512418909813 -0.046684209707695087 0.044011894104988819 -0.012724296050154857 0.053371559250816415 -0.084552962174725299 0.018573728049317839 0.05182941265366188
leaf_weight=4.242674674926092 3.410823971033099 2.2806942530150982 0.23568935692310322 4.3468357510864726 3.3101892247796059 3.9592492431402206 9.7182146385312063 534.57847375469282 3.3278508372604829 2.1815265007317066 1.5614904891699541 5.6032447272446007 11.476470779627563 9.7059094891883415 138.00303954514675 2.6140094448346671 4.4288748819381025 4.3741149269044426 9.5437096187379193 11.53288819268346 5.8911917991936198 4.6142092915251833 3.4028493445366621 3.4487955668009826 3.7915212460793537 6.4917542450130084 9.7929558940231711 3.732456417521461 1.3361496070865539 7.9970015343278629
leaf_count=9359 33 5605 1 32 26 30 99 6967 19 15 17 48 63 584 1566 120 57 29 226 83 31 82 43 479 131 57 62 56 30 67
internal_value=-0.000106891 0.000130284 -0.0433466 0.000270775 -0.0112951 0.0198 -0.0328177 0.000650907 0.0539574 0.0140542 0.000350029 -0.00355574 -0.00172975 -0.0057497 -0.00367574 -0.00628861 0.0180531 0.0261137 -0.0427285 0.0159385 0.00102956 0.0260129 -0.00305065 0.0362037 0.000810425 0.0144232 0.027023 -0.0110017 -0.0573674 0.0291331
internal_weight=820.935 816.456 4.47836 814.176 25.9079 10.5973 15.3106 788.268 6.63804 5.59235 783.921 249.343 238.237 194.08 184.374 170.773 27.7017 25.0877 11.1052 44.1579 25.4411 13.9083 8.01706 18.7168 7.24032 20.6588 16.2847 143.072 5.06861 13.6002
internal_count=26017 16657 9360 11052 222 75 147 10830 45 48 10798 3831 3588 2676 2092 1977 325 205 243 912 239 156 125 673 610 148 119 1652 86 115
is_linear=0
shrinkage=0.05


Tree=109
num_leaves=31
num_cat=0
split_feature=3 3 9 7 1 14 13 13 13 15 12 7 13 1 12 2 7 13 13 1 10 10 2 14 12 2 13 13 15 14
split_gain=3.20117 2.18512 1.36282 3.47226 2.86043 2.78873 5.14018 4.43304 3.52801 2.44625 1.74424 1.72632 5.28333 6.45773 3.2595 3.90338 3.57518 3.38362 5.46212 6.03908 5.24875 3.77751 3.30423 5.58651 3.29568 3.26347 5.18042 6.16729 7.08672 6.51685
threshold=-89.290928956264878 114.74635464026052 -2.6298055122090589 0.04244618450934156 -7.7945064985707182 -0.76985845551523713 0.19544307567137872 0.092501237407756287 -0.28544881643493319 1.6995475599315308 -941.83450000011351 -0.63064980148772587 5.0951297405873852 -0.63522977921145485 120.65600000019187 2.9690379856406319 0.70342976575906369 0.72232363067597738 -0.82045339100967418 0.077640761751389203 0.33081320458044544 -1.4585539281070934 -0.98589684565139302 1.6509006321728481 73.740999999921783 -0.98589684565139302 0.27743091540442144 0.17482492186896467 -1.6197135943554639 1.3699730824320302
decision_type=2 2 2 2 2 2 2 2 2 2 2 2 2 2 2 2 2 2 2 2 2 2 2 2 2 2 2 2 2 2
left_child=-1 2 3 5 -4 7 8 9 -7 10 -2 12 -6 -14 15 16 -13 18 -18 21 22 -20 -19 -24 -21 26 27 28 -16 -30
right_child=1 -3 4 -5 11 6 -8 -9 -10 -11 -12 14 13 -15 25 -17 17 20 19 24 -22 -23 23 -25 -26 -27 -28 -29 29 -31
leaf_value=-0.050017862565445471 -0.032982097960865396 -0.050021804269557962 0.044535244804453547 -0.063155641896509504 -0.0039664440418106864 -0.041641824244386449 -0.045949029105953144 0.049398675974765771 0.042453913453711578 -0.06895879643519208 0.043364193797073458 0.0042098079586823682 0.06394125552870053 -0.01729315144439612 0.064416251127048407 -0.043496240198271453 -0.024672256756137798 0.061317642555502733 -0.069174813308227501 0.13914395304205737 -0.029481393588823426 0.033680804792909393 -0.020061067246256808 0.066450940974240133 0.054159707847816631 -0.0052872210223552261 0.018235836204976853 -0.061811195623641305 -0.023873572055836293 0.047832481403035865
leaf_weight=3.199797490349737 1.4080475942464543 2.1695107053383245 3.6865400932729235 2.8473756699822834 279.8747262962861 1.81040196400136 7.7160746026784182 4.875546901486814 4.0086660758824992 1.5997639780398456 1.5962131109554358 189.28169809072278 6.3168880082666874 3.9928653133101744 3.732633024454123 3.8564955722540608 3.6104220412671593 4.0278209894895562 0.94629664882087006 2.079201230313628 7.2236372064799061 15.751194110140201 6.0563343144021928 2.6970969140529633 2.5276294052600861 183.10543332912493 43.240726012736559 4.6521698087453833 16.877059109508995 3.9009801037609568
leaf_count=8964 20 5605 42 40 3717 17 66 38 83 13 25 2681 40 51 25 127 27 23 7 22 93 405 64 18 22 3356 267 23 105 31
internal_value=-0.000104945 9.09071e-05 0.000224585 -0.0110692 0.000595511 -0.00462509 -0.0191909 0.0161722 0.0162904 -0.0190137 0.00758194 0.000388831 -0.00267157 0.03248 0.00218814 0.00639768 0.00721926 0.0199005 0.032197 0.0418346 0.00458596 0.0278517 0.02384 0.00659491 0.0925157 -0.00173389 0.00725233 -0.00903328 0.000984065 -0.0104111
internal_weight=818.669 815.469 813.3 25.8621 787.438 23.0147 13.5351 9.47957 5.81907 4.60402 3.00426 783.751 290.184 10.3098 493.567 238.058 234.201 44.9196 24.9147 21.3043 20.0049 16.6975 12.7813 8.75343 4.60683 255.509 72.4036 29.1628 24.5107 20.778
internal_count=26017 17053 11448 302 11146 262 166 96 100 58 45 11104 3808 91 7296 3489 3362 681 483 456 198 412 105 82 44 3807 451 184 161 136
is_linear=0
shrinkage=0.05


Tree=110
num_leaves=31
num_cat=0
split_feature=3 3 13 14 13 13 3 13 11 2 4 14 1 9 11 8 3 15 10 4 13 14 12 14 2 4 4 2 10 14
split_gain=3.07329 2.08047 1.39617 1.35008 4.77396 5.51629 5.46261 6.11237 8.88287 4.00549 5.25045 4.41679 3.95173 6.09557 3.94064 5.33366 3.82712 6.67368 13.2727 9.41524 11.2353 6.45829 6.25408 5.72611 11.3487 8.76764 10.0876 7.86706 7.65543 7.01364
threshold=-26.559729346398161 114.74635464026052 8.8459214254198972 -0.077050206406378233 -0.64865627351512767 -0.6362413332521889 0.62934166421020743 -0.38461803712499049 24608207.000000004 -0.24626746493795351 67.879188712522094 -0.80580867341359463 -0.57848364548137898 -1.4621327668232162 40043874.500000007 1.2434524918917138 0.1963447628386287 -0.66942506508682931 1.1742828344699581 57.14285714285726 -0.91609244030755754 0.93467079724271696 166.81800000020306 0.84884158762437767 -0.00022024465094055981 25.333444946704336 40.781816648393296 0.53329824082988664 -0.85168174873057334 0.95177051779162691
decision_type=2 2 2 2 2 2 2 2 2 2 2 2 2 2 2 2 2 2 2 2 2 2 2 2 2 2 2 2 2 2
left_child=2 3 -1 4 12 -6 14 8 -8 -9 -11 -12 -2 -14 -7 -16 23 18 -18 20 -19 -22 -21 -5 25 -25 29 -26 -28 -27
right_child=1 -3 -4 16 5 6 7 9 -10 10 11 -13 13 -15 15 -17 17 19 -20 22 21 -23 -24 24 27 26 28 -29 -30 -31
leaf_value=-0.050252108071066337 0.067820300574168407 -0.050020742139089337 0.077080889554947615 -0.011970884775437502 -0.0743017536419463 0.0027592818039619605 -0.034256050864837656 0.045582118671495558 0.097451668777425171 -0.051582836922816289 -0.052058011445971601 0.0087619428271343055 -0.046981845503311359 0.030371744175650292 0.057983753698647736 -0.035293528038961262 -0.051960684668071744 -0.048390576959259454 0.022652108700935314 0.0099883228327810915 0.053956939965544098 0.005814773721879201 -0.024947246158586775 0.019856130186052826 -0.045500054990135382 0.023072126142604815 -0.015547974192647931 0.073168481032833951 0.021152034957340787 -0.044481601004483909
leaf_weight=3.8873547543771556 4.4421648196876076 2.0637451350630718 0.22789746522903431 142.78102211700752 2.4090275559574357 310.45335401594639 2.4844174687750629 1.8669812791049505 2.641092037782073 14.225662894081324 4.2007862920872876 10.314623815938829 3.213416565209628 12.276649175211784 6.7521126391366106 1.9825245877727864 13.021395417395981 3.9906522016972295 10.99165551480837 41.787185525987297 24.488618646282703 9.7360077332705242 18.474094184115529 65.759278628975153 16.719515077304099 4.7632587552070644 23.509470000863075 1.5239289328455914 35.920034259557724 19.871177788823843
leaf_count=9359 37 5605 1 1742 16 3319 90 11 18 798 208 133 26 98 71 30 527 33 235 416 273 308 236 470 1438 27 147 9 197 139
internal_value=-0.000100589 0.000117665 -0.0432006 0.000245315 0.00243226 0.00110385 0.00161567 -0.0169234 0.0336108 -0.0253857 -0.0299957 -0.00883946 0.0262469 0.0143247 0.00369115 0.0368124 -0.00165864 0.00582681 -0.0178077 0.01159 0.0310042 0.0402618 -0.000721755 -0.00460828 0.00164663 0.00618048 -0.00451735 -0.0355873 0.00663403 -0.0314196
internal_weight=816.779 812.664 4.11525 810.6 377.263 357.331 354.922 35.7336 5.12551 30.6081 28.7411 14.5154 19.9322 15.4901 319.188 8.73464 433.337 122.49 24.0131 98.4766 38.2153 34.2246 60.2613 310.848 168.067 149.823 84.0639 18.2434 59.4295 24.6344
internal_count=26017 16657 9360 11052 4855 4694 4678 1258 108 1150 1139 341 161 124 3420 101 6197 2028 762 1266 614 581 652 4169 2427 980 510 1447 344 166
is_linear=0
shrinkage=0.05


Tree=111
num_leaves=31
num_cat=0
split_feature=3 3 14 13 13 1 4 4 13 14 10 0 9 3 10 3 14 0 13 1 10 5 10 10 14 15 3 9 13 13
split_gain=2.91827 1.97793 1.32744 1.41967 12.6937 4.84942 3.04326 6.64817 5.57375 4.6537 13.1261 7.09633 6.6081 4.52371 8.09005 4.25713 4.24707 5.1591 17.5681 6.24564 4.10582 4.10416 4.07046 7.01293 5.99335 4.76506 5.38581 7.06644 5.3116 5.82427
threshold=-26.559729346398161 114.74635464026052 3.8073277233421794 -0.019086249513211865 1.0000000180025095e-35 -0.17788063799171691 8.8228999464956051 48.994340004042847 0.063847696160551998 1.2286812164734098 0.38135571528795525 -1.0000000180025095e-35 0.52091366600954503 -1.9792767981836557 -0.92687989963021022 -0.63124444504706989 -1.8978254830403374 1.0000000180025095e-35 1.4578335218456229 -0.85841024131219712 1.5483709831760999 38.112367249058344 -0.95523991491601101 -0.62694251909836429 -0.44199719613155086 -2.1678989195098999 -1.5343486057777509 -0.78645311502567761 1.6175234722720169 0.51618438471153871
decision_type=2 2 2 2 2 2 2 2 2 2 2 2 2 2 2 2 2 2 2 2 2 2 2 2 2 2 2 2 2 2
left_child=-1 2 3 -2 5 -5 9 15 21 12 -11 -12 20 14 -10 16 -8 22 -19 -20 -6 -9 25 -24 -25 -18 27 28 29 -27
right_child=1 -3 -4 4 6 -7 7 8 13 10 11 -13 -14 -15 -16 -17 17 18 19 -21 -22 -23 23 24 -26 26 -28 -29 -30 -31
leaf_value=-0.043132606420294158 0.0035319451532917928 -0.050019728452455149 0.028080450634264061 0.0043002657036795601 -0.0033981125480936807 -0.051081082539238092 0.041160522369609563 0.072352520416563731 -0.021414054547942214 0.040863519747766516 -0.065343304559602369 0.02218039372771663 0.031445486098277103 -0.0011146247281736553 0.056269751441008903 -0.038036146828702794 0.051504447881944353 -0.057667180268970365 0.010498923290891122 0.088877320452410064 0.045976652680929819 -0.0040250950097944311 -0.073032311978879647 -0.056938049612417843 0.0015965344546835577 -0.036237324048847358 -0.046565444095870719 0.049748243264580147 -0.061135626827748327 0.028969054212112655
leaf_weight=3.9209543532633679 217.44410068285652 1.9631338846811548 4.2557382122613481 5.1430460549891022 134.54315704572946 17.079745093127713 4.0015034861862651 4.7435105592012397 5.3024528268724671 25.1735754404217 5.4527640519663692 4.0257347058504802 16.689817253034562 252.91920116823167 9.1084488611668331 14.995203210040925 3.1907824277877799 5.550021778792142 4.7079112604260436 5.5239642709493628 4.3464883554261169 2.7953625218942761 7.6609178557992008 6.3883480951190057 13.862246658653016 6.0871609561145288 8.5637444797903353 5.4381716400384894 4.6787289008498183 7.8289868086576462
leaf_count=9360 2233 5605 60 33 998 3530 29 22 31 216 35 30 138 2888 58 149 17 37 26 30 44 40 49 44 109 39 79 25 23 40
internal_value=-0.000100977 0.000107464 0.000229329 8.17689e-05 -0.00119891 -0.0382641 0.000262635 -0.00236006 0.0016336 0.00540991 0.0219806 -0.02817 0.00171914 0.000437935 0.0276862 -0.0135071 -0.00910115 -0.0116316 0.0139609 0.0528137 -0.00185295 0.0440322 -0.0179723 -0.0322843 -0.0168691 -0.00681009 -0.0125183 -0.000386202 -0.0150483 0.00044667
internal_weight=813.385 809.464 807.501 803.245 585.801 22.2228 563.578 373.347 274.869 190.232 34.6521 9.4785 155.579 267.33 14.4109 98.4777 83.4825 79.481 15.7819 10.2319 138.89 7.53887 63.6991 27.9115 20.2506 35.7876 32.5968 24.033 18.5949 13.9161
internal_count=26017 16657 11052 10992 8759 3563 5196 3735 3039 1461 281 65 1180 2977 89 696 547 518 93 56 1042 62 425 202 153 223 206 127 102 79
is_linear=0
shrinkage=0.05


Tree=112
num_leaves=31
num_cat=0
split_feature=3 3 10 8 12 15 1 8 10 8 8 0 14 4 9 14 15 16 7 14 14 4 4 0 8 16 7 14 10 3
split_gain=2.77287 1.87862 1.32061 3.1678 3.01788 3.60297 2.71026 2.53659 5.60886 2.00295 3.17023 3.23464 4.78657 3.70305 3.7788 3.23363 2.77138 2.38176 2.5482 2.35128 1.97614 1.97373 5.48796 8.43264 6.62702 5.83984 5.75282 7.12583 5.88665 5.71865
threshold=-89.290928956264878 114.74635464026052 -2.2393201132830725 -1.5874329199197883 -384.62549999984907 -1.6197135943554639 -2.5848048578487388 -1.0730701782635503 -0.70123955958353024 -2.5897525129264372 -2.2917640249514792 1.0000000180025095e-35 -1.9227232942814008 27.292706105963109 -2.3842026316710005 -0.49670732062056133 -0.23074605331228529 -0.00068554999999999994 -1.4795207869922427 0.61024680268084175 0.91592113965580968 49.89711934156383 33.333333333333144 1.0000000180025095e-35 -2.0043808300096866 -0.00046358999999999994 -0.56064141125179634 0.93467079724271696 -0.27210225891144407 -0.8277235758882755
decision_type=2 2 2 2 2 2 2 2 2 2 2 2 2 2 2 2 2 2 2 2 2 2 2 2 2 2 2 2 2 2
left_child=-1 2 3 4 5 -2 7 -4 -9 17 15 12 -12 14 -14 -11 -15 -7 -19 -18 -6 22 -8 24 -24 -26 -27 28 -28 -25
right_child=1 -3 6 -5 20 9 21 8 -10 10 11 -13 13 16 -16 -17 19 18 -20 -21 -22 -23 23 29 25 26 27 -29 -30 -31
leaf_value=-0.050015476402019844 0.030650146991033474 -0.050018769050612734 0.032973522541792498 -0.049431403393653733 0.057180467597111852 -0.037585953106549649 0.0013126637998382201 -0.036623566578019073 0.035510554291622275 -0.0096822804770116712 -0.072786205579852561 -0.054443552395738927 -0.019361437805251687 -0.055224405694056337 0.057137525300184837 -0.07181071790925718 0.040085257526955319 0.070777878703459668 -0.0040475802716964252 -0.021514398183891528 -0.016986375628500871 0.0029771292840970348 0.049967142296556397 0.038404875395086309 -0.036991166775450966 -0.03200843499694031 0.035439102450549431 -0.044203836778853478 -0.017573056824725798 -0.020847271543500037
leaf_weight=2.7725857388577415 5.2797214118763796 1.867425754549912 12.395834008231761 4.1590053645195431 3.1000292187090954 1.7432743147946892 288.96823986410163 5.335464172065258 5.4450082313269359 3.7141384561546147 2.0548560239840326 3.301232111058197 2.3227592452894941 2.7642700378783047 5.2925865203142255 4.8023054869845492 2.7029451690614206 2.1462906952947374 2.4215855181682815 3.6290234103798866 1.2644653283059595 338.76904344046488 3.3770597614347926 12.234531354159119 34.959851942956448 18.267050413414836 14.755287434905769 6.0981804206967345 8.117675721645357 6.1037430856376877
leaf_count=8964 63 5605 117 48 44 19 6215 42 57 41 18 47 31 25 71 53 19 22 22 25 26 3649 25 82 267 146 93 51 73 57
internal_value=-9.85204e-05 7.28943e-05 0.00018902 -0.00762266 -0.00388642 -0.00798232 0.000713697 0.0175475 -0.000190016 -0.0135106 -0.0188027 -0.00880228 -0.000773456 0.00808123 0.0338046 -0.0447157 -0.0134543 0.012135 0.0311104 0.00478082 0.0356931 0.000180458 -0.00223102 -0.0120855 -0.0186791 -0.0214994 -0.0100343 0.003821 0.0166249 0.0186833
internal_weight=810.165 807.393 805.525 50.6985 46.5395 42.175 754.827 23.1763 10.7805 36.8953 30.5841 22.0677 18.7664 16.7116 7.61535 8.51644 9.09624 6.31115 4.56788 6.33197 4.36449 731.651 392.882 103.913 85.5751 82.198 47.2382 28.9711 22.873 18.3383
internal_count=26017 17053 11448 574 526 456 10874 216 99 393 330 236 189 171 102 94 69 63 44 44 70 10658 7009 794 655 630 363 217 166 139
is_linear=0
shrinkage=0.05


Tree=113
num_leaves=31
num_cat=0
split_feature=3 3 15 8 11 13 13 4 13 13 4 4 14 3 5 3 13 5 9 13 5 3 2 2 2 5 13 3 1 13
split_gain=2.63748 1.79422 3.9978 2.92498 2.66463 2.20835 2.09623 2.21209 5.05742 5.2571 4.72037 4.57304 4.03827 6.2458 6.05399 3.80225 5.38827 4.59951 3.83719 3.53909 9.02742 4.52224 11.8734 6.79789 5.97603 6.10052 10.6936 12.0907 6.66045 7.7934
threshold=-89.290928956264878 6.7282523459269079 1.4504260949042611 -1.4417586698450562 83909199.000000015 -1.7847691320569994 8.8459214254198972 74.040647145340316 2.2333056982325132 0.33417488265980516 62.211241041116409 78.559993901509031 1.0036101627862826 0.53619775838285588 70.111307347927919 1.7825705175474942 0.27743091540442144 92.180706521739225 0.64395953896079916 1.9755272202579406 41.127622377622636 0.1963447628386287 -0.00022024465094055981 0.00058957876720722158 -0.0033159586187991859 4.4658119658126294 1.0720890637746046 -1.5343486057777509 -0.0025522639557351563 1.0319764010529904
decision_type=2 2 2 2 2 2 2 2 2 2 2 2 2 2 2 2 2 2 2 2 2 2 2 2 2 2 2 2 2 2
left_child=-1 6 5 -4 -5 -3 7 10 9 15 19 -11 -12 -14 -15 18 17 -17 -9 21 -21 22 24 -24 25 28 -27 -28 -2 -30
right_child=1 2 3 4 -6 -7 -8 8 -10 11 12 -13 13 14 -16 16 -18 -19 -20 20 -22 -23 23 -25 -26 26 27 -29 29 -31
leaf_value=-0.050014722763394116 0.0032729389444868095 0.06148907509532673 0.10947832070833163 -0.036783294126726207 0.089041511812540941 -0.047082640220535467 0.033940562834495501 -0.014221684487913347 0.034384837440922321 0.02418142114840548 -0.029133479615890929 -0.039608565824181284 0.084727646854512562 0.075455876863900817 -0.045930889085635689 0.019930784248858566 0.060589794404745871 -0.050904325572458581 0.064293121211581636 -0.0023369895208022354 -0.04249915538883689 0.013412461053901896 -0.047550501715339803 -0.0040994691544932373 0.048279868868378095 -0.020763342711138222 0.072867201537375734 -0.042672126249638842 0.06142906972572041 -0.023099615309194629
leaf_weight=2.6374039048096156 328.15269424393773 0.50187984644435335 0.81581165539682876 1.5239562153874433 0.58125751768238831 7.0110699758515675 4.6142921224236479 2.1241740556433824 15.198413003236054 3.7968615097925058 24.576743285637349 10.804897758178411 2.1498771328479043 1.3666576594114301 4.1349042453803122 4.123882554471491 2.7200500685721627 5.1580708031542599 5.8192661115899682 164.57780731841922 15.291693340986965 78.858634050935507 19.087536981329322 17.035024436190724 7.1085063088685265 54.816277327015996 6.883309131488204 3.374259399250148 10.124397523701189 3.7319779172539702
leaf_count=8964 1901 27 123 808 17 5140 46 40 172 27 458 266 15 6 124 26 30 114 40 1037 494 1491 3693 188 72 532 35 46 63 22
internal_value=-9.55616e-05 6.77716e-05 -0.0205316 0.029104 -0.00204259 -0.0398298 0.000337914 0.000141897 0.0103487 -0.000225552 -0.000543068 -0.0230214 -0.019258 0.0124626 -0.0157769 0.0164629 -0.00129717 -0.019433 0.0432973 0.000307583 -0.0057514 0.00236707 0.000432813 -0.0270594 0.00283047 0.00203683 -0.0119954 0.0348602 0.00470674 0.0386627
internal_weight=808.702 806.064 10.434 2.92103 2.10521 7.51295 795.63 791.016 49.7456 34.5472 741.27 14.6018 32.2282 7.65144 5.50156 19.9454 12.002 9.28195 7.94344 709.042 179.87 529.173 450.314 36.1226 414.191 407.083 65.0738 10.2576 342.009 13.8564
internal_count=26017 17053 6115 948 825 5167 10938 10892 715 543 10177 293 603 145 130 250 170 140 80 9574 1531 8043 6552 3881 2671 2599 613 81 1986 85
is_linear=0
shrinkage=0.05


Tree=114
num_leaves=31
num_cat=0
split_feature=3 3 1 2 13 11 0 12 10 15 12 3 2 5 16 15 8 12 16 3 3 13 14 9 14 16 9 16 12 7
split_gain=2.50844 1.71292 1.32357 2.63272 3.69179 3.71894 3.88865 3.77732 3.74792 4.15419 3.60705 3.05482 2.50335 2.48136 2.45939 4.90788 3.70421 3.58007 3.32385 2.80666 3.32537 6.06575 3.26106 2.97282 2.53857 2.42992 2.38073 2.36783 2.32131 2.30484
threshold=-89.290928956264878 114.74635464026052 0.5067527955983494 1.064810835882761 1.9176831635701383 2293750.0000000005 -1.0000000180025095e-35 -163.60100000002419 -0.79317412986982649 2.1033530731198851 -129.5859999998938 3.6538652851356823 1.789100709450764 73.825208607817018 -0.00023996999999999997 -0.02250856719002892 -1.5874329199197883 -95.3615000003483 -0.00023479499999999996 6.7282523459269079 5.8389159499279382 0.83994569261086849 0.65381657331657606 -0.26392247821465603 -0.57012194091316448 -0.00021585499999999996 2.1525224930495335 -0.0010909999999999997 -155.87449999991802 1.4097853567533833
decision_type=2 2 2 2 2 2 2 2 2 2 2 2 2 2 2 2 2 2 2 2 2 2 2 2 2 2 2 2 2 2
left_child=-1 2 3 29 5 6 -5 11 -8 -10 -9 -7 -12 -6 15 17 -17 26 -16 20 21 22 23 -19 -25 -20 -4 -18 -27 -2
right_child=1 -3 14 4 13 7 8 10 9 -11 12 -13 -14 -15 18 16 27 19 25 -21 -22 -23 -24 24 -26 28 -28 -29 -30 -31
leaf_value=-0.05001400447558263 -0.00043848670629421401 -0.050017113650170753 -0.056254970703356479 -0.049115253600980124 0.09118861489878774 -0.062708038754256443 0.08806994336453855 0.11859075339716912 -0.059356434498349965 0.0558430630446929 0.038959508061094064 0.031021371456064512 -0.030411474445078503 0.02436668650418795 0.079790487619051623 0.048778253843045988 0.067412900170563769 -0.053386725498513803 -0.059225337290014647 -0.052564088766276711 0.08665769863537319 -0.028589067049306652 0.074074947875748892 0.057158044112612987 -0.013972812110085941 -0.043309630056903609 0.053297843248331658 -0.033210118384278418 0.013876596966527661 0.013263698936203714
leaf_weight=2.5088112938101395 667.89928692893591 1.7040009281481605 3.2311026514507861 4.8049125359393683 2.3294450342655173 1.9920747498981648 1.276296110358089 1.2248044982552517 1.9457936268299847 1.3090592939406631 7.748713515698908 1.5423745419830082 1.5627718898467717 3.4422467001713812 1.4994947635568703 1.5445781168527926 0.59834537189454096 1.290867436211556 1.4721479406580353 1.4801483703777183 1.6519383834674943 5.8224828117527059 3.5484681604430079 3.4204203528352077 1.9806942977011295 1.9943491122685468 0.58582262694835652 25.543597534764558 16.101992107462131 32.168498510261998
leaf_count=8964 9032 5605 159 123 10 36 10 11 51 10 87 17 35 55 12 20 5 45 22 67 26 211 33 48 24 49 7 535 190 518
internal_value=-9.56729e-05 6.03419e-05 0.000166872 0.00080447 0.0155199 0.00668836 -0.0177789 0.0229226 0.0154508 -0.0130247 0.037927 -0.0218061 0.0273168 0.0513359 -0.006312 -0.0122787 -0.0264615 0.00478511 0.00804649 0.0135794 0.019106 0.0121588 0.0353272 0.0147809 0.031073 0.00254889 -0.0394408 -0.030907 0.00757426 0.000191136
internal_weight=805.226 802.717 801.013 729.246 29.1785 23.4068 9.33606 14.0707 4.53115 3.25485 10.5363 3.53445 9.31149 5.77169 71.7665 50.6985 27.6865 23.0119 21.068 19.195 17.7149 16.0629 10.2405 6.69198 5.40111 19.5685 3.81693 26.1419 18.0963 700.068
internal_count=26017 17053 11448 9995 445 380 194 186 71 61 133 53 122 65 1453 1180 560 620 273 454 387 361 150 117 72 261 166 540 239 9550
is_linear=0
shrinkage=0.05


Tree=115
num_leaves=31
num_cat=0
split_feature=3 3 5 1 3 15 4 15 9 9 3 2 1 13 3 8 15 14 14 16 10 10 10 9 7 14 15 14 2 2
split_gain=2.38588 1.62882 1.31011 3.66464 4.72079 4.57947 5.26236 4.26256 3.5625 4.29297 3.5024 4.53894 3.34168 3.7385 3.3289 4.53872 3.30585 5.38695 5.35356 3.10938 3.87957 2.66666 2.9281 2.54272 2.51699 4.93406 2.396 2.32718 6.0631 7.80318
threshold=-89.290928956264878 114.74635464026052 99.21085653707199 0.002587582925706045 0.7262702530687245 1.6149431273011969 99.999977881215059 0.99195981201524897 1.278970414624421 -1.9985318719379055 -0.23920691657109863 -0.0053401727484470021 0.043700731928188213 -0.066393769787254697 -1.9792767981836557 -0.4957486546266861 -0.099794888052243944 0.65381657331657606 -1.6160547073688354 -0.00044752499999999994 1.716569881700226 1.5914556775825686 0.14900395765696864 1.7998062904342791 1.4800035678826717 1.0000000180025095e-35 -2.4168486686597288 -1.4552279429987043 -0.00054803384053059279 -0.43513847189636523
decision_type=2 2 2 2 2 2 2 2 2 2 2 2 2 2 2 2 2 2 2 2 2 2 2 2 2 2 2 2 2 2
left_child=-1 2 24 10 7 6 -6 12 9 -8 11 14 -5 -14 15 -4 18 -18 -15 23 -21 22 -7 -10 27 -26 -22 28 29 -2
right_child=1 -3 3 4 5 21 8 -9 19 -11 -12 -13 13 16 -16 -17 17 -19 -20 20 26 -23 -24 -25 25 -27 -28 -29 -30 -31
leaf_value=-0.050013323947012682 -0.010312964653210833 -0.050016280250885815 -0.054524182444615391 0.065656362567070928 -0.038493408809162251 -0.027783458973831873 0.097910541194462755 -0.051825250921457372 0.059462766793622293 -0.029145118561445346 -0.051438930880222146 0.046379752224451037 -0.055580683733788022 0.035463231096679218 -0.056603460558988267 0.029322444500870005 -0.029149364564901577 0.080270767981486843 -0.051943045275280056 -0.052752478009723915 0.069771125740099846 -0.02903526577003504 0.043335092872139325 -0.011045616173755787 -0.0078409930746305961 0.069636079533857712 -0.011146570323543327 0.0019081325741746561 -0.046121890601477505 0.019816969617114658
leaf_weight=2.3864868915989055 84.18518141657114 1.6209221538447298 2.5519459675997496 4.320040211081511 15.911356248892842 1.7671094392426292 0.70714876428246398 1.8869401332922269 4.8011152781546116 11.108968962915243 7.3553455763030788 2.9410193264484432 1.6365547720342917 4.6169714257121113 4.5270295748487106 4.3912984058260909 1.5099004898220201 4.4106348846107721 2.8230094281025231 2.783985108137129 1.6687776083126666 2.3330846894532433 7.9971735831350088 1.742832025978714 4.3993320893496257 3.8561438967008144 2.0248573869466782 574.13220460963203 8.6214495112653804 28.854225104674697
leaf_count=8964 526 5605 37 27 910 60 8 103 60 408 386 16 27 48 71 27 55 33 129 116 11 45 128 31 67 76 37 7329 498 179
internal_value=-9.39529e-05 5.46858e-05 0.000156154 -0.00532908 -2.76088e-05 -0.00802439 -0.0160441 0.0199026 -0.00166271 -0.0215413 -0.0233647 -0.00903604 0.0269091 0.0157476 -0.0232448 -0.00149486 0.0244848 0.0523656 0.00229799 0.0163757 -0.00818199 0.0189893 0.0304643 0.0406845 0.000902664 0.0283487 0.0254119 0.000577021 -0.00570465 -0.00262205
internal_weight=803.873 801.487 799.866 95.8171 74.0505 52.8464 40.749 21.2041 24.8377 11.8161 21.7666 14.4113 19.3171 14.9971 11.4703 6.94324 13.3605 5.92054 7.43998 13.0216 6.47762 12.0974 9.76428 6.54395 704.049 8.25548 3.69363 695.793 121.661 113.039
internal_count=26017 17053 11448 2773 2236 1814 1581 422 671 416 537 151 319 292 135 64 265 88 177 255 164 233 188 91 8675 143 48 8532 1203 705
is_linear=0
shrinkage=0.05


Tree=116
num_leaves=31
num_cat=0
split_feature=3 3 14 13 13 3 15 2 10 9 14 2 5 0 13 2 13 11 15 14 11 15 14 10 6 13 10 12 13 9
split_gain=2.26929 1.54887 1.26924 4.47003 5.18091 4.70124 6.54467 5.62751 6.43232 9.38584 5.44609 7.55228 6.04522 8.3049 5.92763 5.5359 5.36199 5.72008 5.09573 4.96048 6.99151 5.59654 6.1564 6.04105 10.902 4.80927 8.05326 5.69608 7.77684 6.10391
threshold=-89.290928956264878 114.74635464026052 -0.10033646828836362 -0.64865627351512767 -0.58513292668734995 -0.2016422445683119 -1.9615167930544501 -3.4334440606359573 -0.89690306265676878 -0.88822078464265475 -1.4726601764054197 -0.43513847189636523 50.000000000000064 -1.0000000180025095e-35 4.4455786451213095 -0.54966633663780262 -0.30458911994679977 24608207.000000004 2.0639547024421412 -0.869744601096477 -24053913.499999996 0.87708494391274805 -0.72231364678223053 -0.27210225891144407 -0.44460793003673799 1.4119832779767492 -0.95523991491601101 262.63700000010436 1.8613057784616458 -0.96764718083453605
decision_type=2 2 2 2 2 2 2 2 2 2 2 2 2 2 2 2 2 2 2 2 2 2 2 2 2 2 2 2 2 2
left_child=-1 2 3 -2 -5 6 7 -6 -9 -10 11 14 13 -13 15 -8 17 -7 -15 -12 -21 23 -23 24 -22 -18 -27 28 -28 -29
right_child=1 -3 -4 4 5 16 10 8 9 -11 19 12 -14 18 -16 -17 25 -19 -20 20 21 22 -24 -25 -26 26 27 29 -30 -31
leaf_value=-0.050012671962854964 0.025751702488464163 -0.050015485663905748 -0.0017043844442641651 -0.051183267261916701 -0.025050347270712366 -0.008274310810761288 -0.014333087198504978 0.061724362723560217 -0.050297176489459527 0.068518861629716543 0.018280142000110872 0.042037188897667985 -0.046005855587948619 -0.068806921542578392 0.0349388578594848 -0.060556565386483574 -0.027387364271050041 0.079852397708620459 0.044300473909053423 0.019600386647317222 -0.045260627441278657 -0.036583344690037482 0.034647331681805303 -0.046859394662654652 0.024229434229635565 0.045081121301595445 0.041022710217253386 -0.060352180559056404 -0.046659682321750821 0.035007435685280197
leaf_weight=2.2701252964616279 19.252243900671601 1.5418927019345563 428.67047631577589 4.6918048933148375 3.8706273585557964 4.135058125248178 57.702504329383373 12.82948681188282 3.8157692148815876 2.9448991169920129 68.377837845939212 17.277038673404611 3.3512852005660525 3.1788580904249093 5.412398360669612 7.2965078204870215 33.056439929176122 3.3194226529449224 1.4499977231025694 29.275785584351979 9.8566167666576785 4.2055861498229197 10.883548307116142 14.269737199530935 13.206760320230389 7.5129410941153756 3.0799143076874378 2.1004671379923812 14.132975091692058 8.3454434028826636
leaf_count=8964 160 5605 6494 45 32 128 352 73 41 48 561 208 56 77 34 52 1766 24 12 194 73 42 112 154 91 124 55 45 268 127
internal_value=-9.27602e-05 4.90648e-05 0.00014586 0.00229628 0.00100453 0.00171449 0.00480973 0.0300412 0.0409262 0.00145825 0.00240092 -0.00692177 0.0165342 0.0261019 -0.0153356 -0.0195219 -0.00929535 0.0309678 -0.0333758 0.00834384 2.75728e-05 -0.0109031 0.0147942 -0.0212893 -0.0054686 -0.0136944 -0.000825011 -0.0132945 -0.0309706 0.0158325
internal_weight=801.314 799.044 797.502 368.832 349.58 344.888 269.205 23.4608 19.5902 6.76067 245.744 95.6686 25.2572 21.9059 70.4114 64.999 75.6827 7.45448 4.62886 150.076 81.698 52.4222 15.0891 37.3331 23.0634 68.2282 35.1717 27.6588 17.2129 10.4459
internal_count=26017 17053 11448 4954 4794 4749 2212 194 162 89 2018 791 353 297 438 404 2537 152 89 1227 666 472 154 318 164 2385 619 495 323 172
is_linear=0
shrinkage=0.05


Tree=117
num_leaves=31
num_cat=0
split_feature=3 3 9 10 1 11 15 15 14 8 10 2 8 4 0 1 15 12 1 14 13 14 13 15 0 15 3 3 15 0
split_gain=2.15855 1.47296 1.32052 3.23274 2.56184 2.29087 3.36248 3.10208 2.44092 1.50646 5.21781 5.52488 5.4508 5.55182 6.68441 5.17958 4.3796 4.14695 4.71497 4.08606 4.02647 3.48408 6.78863 7.17718 5.15746 6.26218 6.62108 4.42938 8.61911 5.8639
threshold=-89.290928956264878 114.74635464026052 -2.6298055122090589 -0.054710153146133846 -9.0936001784225322 -99955565.499999985 2.0041902269592544 1.3316657219786803 0.47833595509117849 0.0198480810273538 -0.12010837973529344 -0.7846037869480994 0.14757429716772821 25.333444946704336 1.0000000180025095e-35 -1.2098765432099376 0.78682900627543806 245.05000000004659 1.1811731322239363 0.77952344939850271 -0.12783731010765878 1.8371186141829907 0.64367936915840052 2.0345409729032156 -1.0000000180025095e-35 0.084080166278181254 -1.0889315803203179 -6.710314489984234 -0.71905545913415103 -1.0000000180025095e-35
decision_type=2 2 2 2 2 2 2 2 2 2 2 2 2 2 2 2 2 2 2 2 2 2 2 2 2 2 2 2 2 2
left_child=-1 2 3 5 -4 -2 7 8 -7 21 11 12 -11 14 -14 -12 -17 18 -13 20 -19 27 24 -24 25 -23 -27 28 -6 -30
right_child=1 -3 4 -5 9 6 -8 -9 -10 10 15 17 13 -15 -16 16 -18 19 -20 -21 -22 22 23 -25 -26 26 -28 -29 29 -31
leaf_value=-0.050012053996054323 -0.030093442694857322 -0.050014731737586332 0.050641131973974886 -0.050171644723617015 0.044577713176369688 0.021623258457484303 -0.045997334053108713 0.078379371790864349 -0.032666307178717643 0.054698922008700093 0.030945834163459515 0.042105532268511991 0.02628988423354808 -0.033607520187338077 -0.054679357775933614 -0.0056518713407875173 0.0094235130494324734 -0.064041346646269912 -0.058180774618551305 -0.07515194211208126 0.03326732807882294 -0.071086001347410999 0.037627412874866144 -0.05469742463808272 0.039095678826517481 0.05122913006212429 -0.054310876884203552 -0.0015641357637922301 -0.051399893341292607 0.00087485890849395981
leaf_weight=2.1594359940791028 5.6367195942439183 1.4667152619222168 2.5396205075085154 4.3808270819718009 4.1244102446944479 8.0079297425691021 2.4765323016326883 1.8062541742110614 2.792400103644467 4.017308071255683 12.629002276808022 26.798508418374698 13.573738869279628 11.894306533038614 3.138285979628562 191.34275315748528 64.388717568363063 1.3189801052212713 1.2256248202174891 1.5680312544573096 5.4791214200668019 5.1758832095656526 22.026922710239891 2.3274459093809119 3.4575937611516556 3.3170642429031405 2.6921415207907584 362.86273505375721 15.827035776106644 8.1154488365864346
leaf_count=8964 46 5605 32 72 114 79 20 31 54 27 83 488 92 78 15 3288 1203 24 31 57 115 119 196 25 154 69 126 4519 216 75
internal_value=-8.99044e-05 4.5458e-05 0.000137822 -0.011148 0.000505797 -0.00289717 0.00726636 0.0177299 0.00758682 0.000339858 0.00284082 0.0151025 0.000161136 -0.00749784 0.011085 -0.000312496 -0.00185615 0.0284973 0.0377195 -0.00239467 0.0143873 -0.00162271 0.0126285 0.0288043 -0.0142759 -0.0307745 0.0039469 -0.00304433 -0.022181 -0.0336811
internal_weight=798.567 796.408 794.941 25.1007 769.841 20.7198 15.0831 12.6066 10.8003 767.301 337.374 69.0139 32.6236 28.6063 16.712 268.36 255.731 36.3903 28.0241 8.36613 6.7981 429.927 38.9971 24.3544 14.6427 11.1851 6.00921 390.93 28.0669 23.9425
internal_count=26017 17053 11448 302 11146 230 184 164 133 11114 5501 927 212 185 107 4574 4491 715 519 196 139 5613 689 221 468 314 195 4924 405 291
is_linear=0
shrinkage=0.05


Tree=118
num_leaves=31
num_cat=0
split_feature=3 3 15 8 10 15 4 4 13 13 4 10 12 7 8 3 13 5 9 3 13 12 13 5 1 11 15 11 15 3
split_gain=2.08515 1.40387 3.36862 2.33487 2.24561 2.06959 1.85974 4.29847 4.06865 4.61383 4.17649 3.7133 4.60507 4.50259 3.38962 3.37506 4.38412 4.22296 3.16778 3.14622 3.29857 3.02768 2.62652 8.72458 5.12803 4.94221 8.16656 6.74811 9.29901 5.31532
threshold=-26.559729346398161 6.7282523459269079 1.4504260949042611 -1.4417586698450562 1.4266929866992204 -2.6259569543127301 74.040647145340316 62.211241041116409 2.2333056982325132 0.33417488265980516 78.559993901509031 0.81493890916501255 -62.658499999903135 1.1986569073142215 -0.81276905360762364 1.7825705175474942 0.27743091540442144 92.180706521739225 0.64395953896079916 0.62934166421020743 0.19544307567137872 27.933500000042844 1.9755272202579406 41.127622377622636 -1.0000000180025095e-35 10220055.500000002 -0.60565373328411654 -17672736.999999996 1.7237776679518817 -0.01117508863224259
decision_type=2 2 2 2 2 2 2 2 2 2 2 2 2 2 2 2 2 2 2 2 2 2 2 2 2 2 2 2 2 2
left_child=-1 6 5 -4 -5 -3 7 22 9 15 -11 12 -9 14 -14 18 17 -17 -8 -16 -21 -22 -2 24 25 27 -27 28 29 -24
right_child=1 2 3 4 -6 -7 8 11 -10 10 -12 -13 13 -15 19 16 -18 -19 -20 20 21 -23 23 -25 -26 26 -28 -29 -30 -31
leaf_value=-0.041541657705712852 0.0022838747070450679 0.021680541553671193 0.095744934676589122 -0.051715474536611405 0.054105398712372771 -0.051364268957667485 -0.012232436962499477 -0.032297631649310016 0.031215781262358341 0.023049360141264741 -0.038530553755469626 -0.037587415883837003 -0.058054656157147833 -0.059165736910188907 0.10191216541127086 0.018913462683853136 0.053937902097944794 -0.0502994496866567 0.060343746324050498 0.075236885973349432 0.057844749940788899 -0.041603867600259317 0.019008236554933257 -0.041750272298352126 0.045135954231490111 -0.0093769126168430639 0.042720699831375164 -0.018133424895762154 -0.031859019577457966 -0.047790972543125129
leaf_weight=3.0218508465040932 522.40182599821128 1.1775223504519088 0.85147966825752552 1.0887252529355467 0.92923482644255262 5.4949533561739354 2.0382299283519414 7.4975039795972434 15.205457837786524 3.7721451604738823 10.195432323496787 14.013651521177961 0.87931173993274558 1.5168160698376585 1.8630863092839733 4.0919149965047819 2.7458330499939612 4.7763126487843692 5.7310789842158556 2.1161128859966993 1.214673516340554 2.0689063281752169 46.026574170216911 14.606622203718869 5.7041457556188098 15.982351157814266 14.210337769240139 68.6143599152565 13.723072526976464 3.1840285658836427
leaf_count=9360 7650 180 123 653 172 4987 40 124 174 27 266 335 20 31 11 26 30 114 40 14 14 54 306 506 32 87 85 425 96 35
internal_value=-8.66108e-05 7.12165e-05 -0.0189917 0.0263109 -0.00298684 -0.0384737 0.000303175 -0.000322407 0.00978065 7.88567e-06 -0.0219 -0.0184925 -0.00289539 0.0199274 0.034662 0.0157946 -0.00126994 -0.0183637 0.0413038 0.0458872 0.0265566 -0.00481548 0.000481567 -0.0046902 -0.00145736 -0.00310058 0.0151431 -0.00728784 0.00453672 0.0146862
internal_weight=796.744 793.722 9.54192 2.86944 2.01796 6.67248 784.18 735.623 48.5564 33.3509 13.9676 31.1701 17.1564 9.65891 8.14209 19.3834 11.6141 8.86823 7.76931 7.26278 5.39969 3.28358 704.453 182.051 167.445 161.741 30.1927 131.548 62.9337 49.2106
internal_count=26017 16657 6115 948 825 5167 10542 9825 717 543 293 603 268 144 113 250 170 140 80 93 82 68 9222 1572 1066 1034 172 862 437 341
is_linear=0
shrinkage=0.05


Tree=119
num_leaves=31
num_cat=0
split_feature=3 3 13 0 6 4 13 16 4 4 12 1 12 4 14 13 12 0 16 16 15 8 9 5 14 13 13 3 3 14
split_gain=1.96958 1.34156 1.31023 6.30784 7.50132 6.8783 4.20251 3.73599 1.95123 6.02374 6.67772 6.91434 6.40667 4.61215 6.90928 4.62203 5.39313 5.24547 4.67972 4.60749 4.23323 5.67555 4.96322 4.20229 4.03351 4.31486 7.92046 13.0261 15.7038 11.2276
threshold=-89.290928956264878 114.74635464026052 -1.0501715158692175 -1.0000000180025095e-35 0.78579318849308122 8.8228999464956051 -0.98744100926726386 -0.00030877999999999993 42.90744466800831 8.8228999464956051 -281.72450000001112 -0.31046465035150017 13.810999999986963 33.40306834030681 0.93467079724271696 1.2701276701290267 151.35450000013228 1.0000000180025095e-35 -0.00047981999999999994 -0.00048958999999999993 -1.5116670193286248 -1.4960160918617316 -1.2456450439635989 5.7983193277316527 -2.6780743939598532 0.60961247565540699 -0.1020963369959262 -5.8581456346523142 -2.3920262306825539 -0.63696635467410478
decision_type=2 2 2 2 2 2 2 2 2 2 2 2 2 2 2 2 2 2 2 2 2 2 2 2 2 2 2 2 2 2
left_child=-1 2 3 5 7 -2 -4 -5 9 24 11 20 -12 14 15 16 -14 19 -18 -17 -11 22 -22 -23 -8 26 -26 -28 -29 -30
right_child=1 -3 6 4 -6 -7 8 -9 -10 10 12 -13 13 -15 -16 17 18 -19 -20 -21 21 23 -24 -25 25 -27 27 28 29 -31
leaf_value=-0.050010998265153497 0.012174348478530305 -0.050013421054848274 0.049581719265855133 0.01637501502561934 -0.037228100354106224 -0.05914473033981972 -0.024119380016177 0.092466684766427137 0.0029113932706369343 0.038747599697123124 -0.038337490212128476 0.048493267735451061 0.030570116610624629 -0.040045691583038612 -0.050193727573552477 -0.039275929690556259 -0.062548828310623902 0.081334404670596827 0.0081268976454862505 0.043725668348844442 -0.055130654703251805 -0.0069440738140898531 0.013749010351500885 0.0634979876276104 0.0097117020935062904 0.0099998235404325161 -0.045587599495398763 0.04225487548223867 0.014332862848866547 -0.033009539821288091
leaf_weight=1.9705950662173553 5.3962340261787203 1.3365284255414724 4.3344995332881799 3.5110498517751694 3.7838099598884583 9.0513842552900297 14.63420040917117 2.9842234253883344 355.97518690791912 4.456766806542876 30.79543243162334 7.3798232823610297 6.0530458167195382 8.8619522955268604 5.5135285034775725 2.8341007828712463 5.0721319019794464 4.05312879383564 4.3516569808125478 4.077511325478552 9.5272899828851241 7.3643534742295724 3.6048538722097865 2.9714836627244949 73.690117589198053 120.14098576549441 22.254566979012452 15.750384534476316 20.463892492931329 32.275647941045477
leaf_count=8964 48 5605 32 28 30 99 157 17 3850 28 231 57 38 101 37 20 34 23 27 24 67 52 25 23 986 950 826 217 893 2528
internal_value=-8.58832e-05 3.82583e-05 0.000122812 -0.0112055 0.0187342 -0.0325068 0.000488285 0.051335 0.000209063 -0.00215956 -0.0123463 0.00545037 -0.02112 -0.00812986 0.000721203 0.0113379 -0.00625762 0.036174 -0.0299126 0.00969093 -0.00592481 -0.0144085 -0.0362228 0.0133075 0.00148049 0.00279696 -0.00246568 -0.0123545 -0.00155596 -0.0146398
internal_weight=794.47 792.5 791.163 24.7267 10.2791 14.4476 766.437 6.49527 762.102 406.127 106.917 35.3046 71.6125 40.8171 31.9551 26.4416 15.4768 10.9647 9.42379 6.91161 27.9247 23.468 13.1321 10.3358 299.21 284.576 164.435 90.7445 68.4899 52.7395
internal_count=26017 17053 11448 222 75 147 11226 45 11194 7344 787 252 535 304 203 166 99 67 61 44 195 167 92 75 6557 6400 5450 4464 3638 3421
is_linear=0
shrinkage=0.05


end of trees

feature_importances:
pull_ema50=487
z_oi=443
vol_regime=425
z_ls=355
pull_ema8=246
pull_ema21=241
stoch_k=206
z_cvd_20=202
z_btc_20=201
rsi=172
cvd_delta=135
funding=120
macro=103
z_btc_10=98
btc_cvd_mom=63
z_btc_4=56
z_cvd_4=47

parameters:
[boosting: gbdt]
[objective: binary]
[metric: binary_logloss]
[tree_learner: serial]
[device_type: cpu]
[data_sample_strategy: bagging]
[data: ]
[valid: ]
[num_iterations: 120]
[learning_rate: 0.05]
[num_leaves: 31]
[num_threads: 1]
[seed: 0]
[deterministic: 0]
[force_col_wise: 0]
[force_row_wise: 0]
[histogram_pool_size: -1]
[max_depth: -1]
[min_data_in_leaf: 20]
[min_sum_hessian_in_leaf: 0.001]
[bagging_fraction: 1]
[pos_bagging_fraction: 1]
[neg_bagging_fraction: 1]
[bagging_freq: 0]
[bagging_seed: 3]
[bagging_by_query: 0]
[feature_fraction: 1]
[feature_fraction_bynode: 1]
[feature_fraction_seed: 2]
[extra_trees: 0]
[extra_seed: 6]
[early_stopping_round: 0]
[early_stopping_min_delta: 0]
[first_metric_only: 0]
[max_delta_step: 0]
[lambda_l1: 0]
[lambda_l2: 0]
[linear_lambda: 0]
[min_gain_to_split: 0]
[drop_rate: 0.1]
[max_drop: 50]
[skip_drop: 0.5]
[xgboost_dart_mode: 0]
[uniform_drop: 0]
[drop_seed: 4]
[top_rate: 0.2]
[other_rate: 0.1]
[min_data_per_group: 100]
[max_cat_threshold: 32]
[cat_l2: 10]
[cat_smooth: 10]
[max_cat_to_onehot: 4]
[top_k: 20]
[monotone_constraints: ]
[monotone_constraints_method: basic]
[monotone_penalty: 0]
[feature_contri: ]
[forcedsplits_filename: ]
[refit_decay_rate: 0.9]
[cegb_tradeoff: 1]
[cegb_penalty_split: 0]
[cegb_penalty_feature_lazy: ]
[cegb_penalty_feature_coupled: ]
[path_smooth: 0]
[interaction_constraints: ]
[verbosity: -1]
[saved_feature_importance_type: 0]
[use_quantized_grad: 0]
[num_grad_quant_bins: 4]
[quant_train_renew_leaf: 0]
[stochastic_rounding: 1]
[linear_tree: 0]
[max_bin: 255]
[max_bin_by_feature: ]
[min_data_in_bin: 3]
[bin_construct_sample_cnt: 200000]
[data_random_seed: 1]
[is_enable_sparse: 1]
[enable_bundle: 1]
[use_missing: 1]
[zero_as_missing: 0]
[feature_pre_filter: 1]
[pre_partition: 0]
[two_round: 0]
[header: 0]
[label_column: ]
[weight_column: ]
[group_column: ]
[ignore_column: ]
[categorical_feature: ]
[forcedbins_filename: ]
[precise_float_parser: 0]
[parser_config_file: ]
[objective_seed: 5]
[num_class: 1]
[is_unbalance: 0]
[scale_pos_weight: 1]
[sigmoid: 1]
[boost_from_average: 1]
[reg_sqrt: 0]
[alpha: 0.9]
[fair_c: 1]
[poisson_max_delta_step: 0.7]
[tweedie_variance_power: 1.5]
[lambdarank_truncation_level: 30]
[lambdarank_norm: 1]
[label_gain: ]
[lambdarank_position_bias_regularization: 0]
[eval_at: ]
[multi_error_top_k: 1]
[auc_mu_weights: ]
[num_machines: 1]
[local_listen_port: 12400]
[time_out: 120]
[machine_list_filename: ]
[machines: ]
[gpu_platform_id: -1]
[gpu_device_id: -1]
[gpu_use_dp: 0]
[num_gpu: 1]

end of parameters

pandas_categorical:[]
