tree
version=v4
num_class=1
num_tree_per_iteration=1
label_index=0
max_feature_idx=16
objective=binary sigmoid:1
feature_names=macro pull_ema8 pull_ema21 pull_ema50 rsi stoch_k z_cvd_4 z_btc_4 z_btc_10 z_cvd_20 z_btc_20 cvd_delta btc_cvd_mom vol_regime z_oi z_ls funding
feature_infos=[-1:1] [-6.3319022542083871:7.0811902500097403] [-7.9911782485478478:8.2655209644838088] [-9.1823642002881609:7.8927493779822289] [0:99.999999391304357] [0:100] [-1.4998699942006388:1.4999599807619355] [-1.4995610306739398:1.4999982479745231] [-2.8223650191375627:2.8244507390195008] [-4.1265727923015927:4.0937526691728801] [-4.1913075890054499:4.1486972799384141] [-771927.84000015259:604296.02000021935] [-7267.9040000000969:4246.195000000298] [-3.3019228377928784:4.9556125955007779] [-5.2727574034116182:5.2520089076683512] [-4.9318901276619913:4.4869663204147745] [-0.0015200000000000001:0.0039389999999999998]
tree_sizes=3315 3438 3437 3405 3413 3427 3409 3428 3394 3413 3433 3428 3433 3401 3451 3420 3412 3420 3426 3426 3410 3414 3411 3410 3395 3422 3400 3401 3416 3403 3438 3417 3430 3423 3431 3410 3410 3434 3408 3417 3427 3421 3425 3422 3426 3421 3414 3437 3419 3438 3410 3409 3439 3419 3469 3439 3412 3404 3441 3412 3423 3413 3447 3407 3434 3415 3433 3419 3425 3412 3437 3408 3449 3441 3434 3436 3445 3423 3411 3418 3436 3397 3405 3441 3419 3435 3426 3416 3404 3401 3441 3412 3417 3437 3402 3455 3415 3429 3412 3417 3406 3413 3448 3411 3411 3427 3423 3423 3445 3410 3415 3414 3419 3430 3415 3419 3403 3426 3415 3428

Tree=0
num_leaves=31
num_cat=0
split_feature=16 14 12 15 4 15 11 15 3 13 2 1 14 14 2 4 3 9 9 3 12 10 5 15 15 10 14 7 15 5
split_gain=23.5321 15.9771 16.3192 13.4015 11.0733 16.2208 18.3843 14.2877 16.6748 16.5069 13.9277 11.3236 11.0267 22.1276 31.1481 25.1971 22.9938 17.2142 17.8814 14.6958 14.0357 13.075 29.3415 18.3552 16.195 19.4702 18.1796 12.2633 13.4893 31.6309
threshold=-0.00028349999999999995 -1.8690155119143121 -261.77200000011356 1.283501931668791 47.344924812029909 0.53066564178569697 -85360.334999918923 0.23513085440273571 0.38885721569260301 -1.058726686451599 -1.3120074130777566 -0.36205627653189526 1.2860303016806929 0.031214993565711825 -1.5091948569426996 28.2971014492751 -5.3627537897988971 -1.3496667037034848 1.1507587611910874 0.69942176715358773 -708.70150000019919 -0.6061469798067306 66.666666666667211 -0.34130789726428584 -0.81919420935015341 -1.1374536183218458 0.50995600456219503 -0.25685775496019675 -0.99759322838443365 49.999999999999972
decision_type=2 2 2 2 2 2 2 2 2 2 2 2 2 2 2 2 2 2 2 2 2 2 2 2 2 2 2 2 2 2
left_child=3 -2 -3 12 5 6 -4 8 9 -8 -11 -6 13 16 -15 -16 -1 19 21 -17 -14 24 -23 -24 -19 26 -26 -18 29 -29
right_child=1 2 4 -5 11 -7 7 -9 -10 10 -12 -13 20 14 15 17 27 18 -20 -21 -22 22 23 -25 25 -27 -28 28 -30 -31
leaf_value=-1.5413698635019697 -1.6985080452803316 -1.6708163526801803 -1.6951654901743256 -1.6829969946218151 -1.7208774525282178 -1.6560385909401416 -1.7208774525282176 -1.4723284831072589 -1.5092749515346988 -1.6794526242913914 -1.5687046141072225 -1.6399591787215553 -1.5717480708756426 -1.7130285377043981 -1.478542207342783 -1.6938176856960974 -1.6791327414478638 -1.6291055253574023 -1.6747549633573182 -1.5749900139550463 -1.6888950483747855 -1.6702799837532369 -1.6164868853714152 -1.5010072103481389 -1.4971833800493548 -1.4657877207540757 -1.6676169590808696 -1.6827787053906986 -1.6670123507961214 -1.5943837805907655
leaf_weight=3.6210167706012717 13.411173224449156 37.953620225191116 3.8892402350902584 100.3155757188797 4.5597988963127127 15.42284920811653 2.9504581093788245 2.8163463771343222 4.9621340930461875 3.6210167706012824 13.142949759960166 83.417497456073761 2.6822346448898307 12.740614563226698 2.6822346448898307 16.629854798316959 138.93975460529327 8.7172625958919543 13.008838027715681 3.0845698416233054 54.717586755752563 18.775642514228821 10.058379918336867 5.2303575575351706 2.6822346448898315 5.0962458252906782 3.7551285028457642 18.373307317495346 129.95426854491234 22.530771017074585
leaf_count=27 100 283 29 748 34 115 22 21 37 27 98 622 20 95 20 124 1036 65 97 23 408 140 75 39 20 38 28 137 969 168
internal_value=-1.66138 -1.64594 -1.64186 -1.6664 -1.6337 -1.61405 -1.59342 -1.57902 -1.5912 -1.61182 -1.59263 -1.64415 -1.66288 -1.66004 -1.63987 -1.62948 -1.66664 -1.63413 -1.6221 -1.67523 -1.68342 -1.60949 -1.62841 -1.57698 -1.57767 -1.5388 -1.5966 -1.6681 -1.65913 -1.63409
internal_weight=759.743 186.147 172.736 573.596 134.782 46.805 31.3821 27.4929 24.6766 19.7144 16.764 87.9773 473.28 415.88 102.461 89.7207 313.419 87.0385 67.3241 19.7144 57.3998 54.3153 34.0644 15.2887 20.2509 11.5336 6.43736 309.798 170.858 40.9041
internal_count=5665 1388 1288 4277 1005 349 234 205 184 147 125 656 3529 3101 764 669 2337 649 502 147 428 405 254 114 151 86 48 2310 1274 305
is_linear=0
shrinkage=1


Tree=1
num_leaves=31
num_cat=0
split_feature=16 14 12 13 0 15 16 13 13 1 11 12 15 11 16 3 14 14 3 15 9 3 14 14 10 2 15 4 8 15
split_gain=21.0611 14.4364 14.3135 12.4184 15.0191 10.2102 16.7095 12.9721 12.1456 12.8025 17.8275 10.4157 10.0916 9.89233 12.6688 9.22109 11.0955 12.9536 18.3927 18.0991 18.7375 33.004 21.3239 12.5623 14.9184 15.5155 16.2997 14.321 14.7899 13.7837
threshold=-0.00028349999999999995 -1.8690155119143121 -261.77200000011356 2.2508966188838673 1.0000000180025095e-35 -2.1129755875701952 -0.00014602499999999996 1.9792948939314956 0.67180673772174415 0.54590557549136265 -50264.439999938004 -149.71949999989008 1.283501931668791 65734.820000052467 -0.00054499499999999983 2.6430267664858325 2.237879873533219 0.031214993565711825 -5.3627537897988971 -1.8819436035761898 -1.3496667037034848 0.92296990275007162 1.2730404066213461 -0.22120451993471221 -1.0827273748495567 -1.0965826477407452 -0.55633178033485309 32.352941176470708 -1.7143085666194124 -0.74942239726480631
decision_type=2 2 2 2 2 2 2 2 2 2 2 2 2 2 2 2 2 2 2 2 2 2 2 2 2 2 2 2 2 2
left_child=3 -2 -3 12 -5 6 -4 8 9 10 -7 -10 15 -14 -15 16 17 18 -1 -19 21 -21 -22 24 25 26 -20 -28 -29 -26
right_child=1 2 5 4 -6 7 -8 -9 11 -11 -12 -13 13 14 -16 -17 -18 19 23 20 22 -23 -24 -25 29 -27 27 28 -30 -31
leaf_value=0.10504734918328421 -0.036201587400365769 -0.0090204371780786795 0.004151425887380082 -0.048417318018845995 0.056770588206092966 -0.021162114804073182 0.16501975430396656 -0.028580620367049114 0.14864346799659164 -0.0085910745310644639 0.044028639390838051 0.047225813278567751 -0.023114005104415233 -0.023818266810350805 0.10286941224610478 -0.024748292076007747 -0.049447998233068322 -0.048969888269082718 -0.035258371059541938 -0.027458765719386182 0.051653603362328597 0.14137071476725016 -0.0046078888806055547 -0.021300937393763125 0.03198033364902788 -0.0441561834951354 0.0050354033640540212 0.016147620576080404 0.17601228966274576 -0.00039310288051779989
leaf_weight=3.9215277135372153 13.074043393135069 37.710204899311066 3.130440428853035 27.450587779283527 3.8722275197505942 12.992763310670851 3.3327879607677451 11.259503737092016 2.8781251609325436 28.354741752147675 54.381128624081612 21.02878911793232 84.308150321245193 4.2286219596862793 3.7000442147254935 34.546032130718231 10.166307628154753 9.5838125944137555 12.460839197039606 28.260559692978863 57.75523430109024 3.2250950932502738 23.774296075105667 76.098979994654655 51.317301243543625 29.606427520513535 10.093903988599775 2.6499050855636597 3.1865037381649008 91.513944715261459
leaf_count=27 100 283 23 207 29 96 24 83 21 208 396 154 638 32 28 258 77 72 94 214 417 23 180 571 380 223 76 20 24 687
internal_value=-3.02964e-05 0.0144805 0.0182654 -0.00480553 -0.0354136 0.0257564 0.0871038 0.0227273 0.0275561 0.0195947 0.0314569 0.0594354 -0.0030314 -0.0180925 0.0353027 6.83563e-05 0.0021411 0.00344107 -0.00247834 0.0170012 0.0225956 -0.0101655 0.0352476 -0.00400099 0.00255439 -0.0188314 0.00757741 0.041084 0.103429 0.0112382
internal_weight=759.863 188.143 175.068 571.72 31.3228 137.358 6.46323 130.895 119.636 95.7286 67.3739 23.9069 540.397 92.2368 7.92867 448.161 413.615 403.448 280.849 122.599 113.015 31.4857 81.5295 276.928 200.829 57.9976 28.3912 15.9303 5.83641 142.831
internal_count=5665 1388 1288 4277 236 1005 47 958 875 700 492 175 4041 698 60 3343 3085 3008 2102 906 834 237 597 2075 1504 437 214 120 44 1067
is_linear=0
shrinkage=0.05


Tree=2
num_leaves=31
num_cat=0
split_feature=16 14 12 13 0 15 14 9 2 1 14 14 9 3 10 3 3 12 2 16 15 11 15 11 10 1 0 2 5 14
split_gain=18.8703 13.063 12.5893 11.5598 13.8239 9.23268 9.44857 12.0842 24.5898 22.6261 14.592 12.9626 9.31769 8.46711 9.00925 18.1958 11.3374 11.6796 12.8373 20.1636 11.9692 15.319 15.0131 18.7168 16.3619 17.9485 19.1042 14.2505 19.1242 24.3605
threshold=-0.00028349999999999995 -1.8690155119143121 -261.77200000011356 2.2508966188838673 1.0000000180025095e-35 1.283501931668791 -0.92632357500502349 -0.14936983609197022 0.17260280406416675 -0.54654311692557711 -0.23566823409135404 0.86668170232532094 -1.6528499348682641 3.8709425066510423 -1.0827273748495567 -4.6790168229989044 -1.6235265502103176 -805.24800000013772 -0.8228766059573015 -0.00046487499999999996 -0.74942239726480631 130437.54000008108 0.32557297456448758 -89395.909999966607 -0.7334913676142456 0.40172201044746797 1.0000000180025095e-35 0.50807866909596056 46.153846153845713 -0.031501597367994676
decision_type=2 2 2 2 2 2 2 2 2 2 2 2 2 2 2 2 2 2 2 2 2 2 2 2 2 2 2 2 2 2
left_child=3 -2 -3 5 -5 13 12 -8 9 -9 -10 -11 -7 14 15 -1 -16 -18 19 -19 27 22 -22 -24 -25 -26 -27 28 -20 -30
right_child=1 2 -4 4 -6 6 7 8 10 11 -12 -13 -14 -15 16 -17 17 18 20 -21 21 -23 23 24 25 26 -28 -29 29 -31
leaf_value=0.078725134655794587 -0.035291372565520417 -0.0086238916151170492 0.024010276832166021 -0.0476036306008637 0.051852208543437688 0.027733570541826343 -0.026037654373975757 -0.025830024695016041 0.083921940425525643 0.22528641423097021 -0.033981371326429304 0.076661231764782053 -0.054723712936770058 -0.048087513103490527 -0.014956485888785212 -0.01554109625247325 0.10796159087825617 0.0088413883523502865 0.0077975470104321015 0.11713841068749652 -0.016414608908335526 0.095123089762797583 0.14561096434262116 0.097772987218773255 -0.026368290931042693 0.01667048692215202 0.16198751382063026 0.00020114897969946652 0.11698042483067878 0.010782581154134099
leaf_weight=5.3729238808155051 12.749031186103819 37.478057473897934 139.75268264114857 26.546847820281986 4.0234192609786978 4.0316960811615017 36.308253407478333 3.0025624185800552 3.1444286406040236 2.6356406956911105 15.862867608666416 3.3088394999504089 22.80548857152462 8.9554866552352888 57.179608091711998 108.38805840909481 2.9823651015758506 11.694726198911669 23.005151972174644 6.7956210523843756 102.33218021690845 3.880599617958068 2.6810814440250388 4.7461659014224997 25.584591031074524 13.760289058089258 2.7065614461898795 45.84955358505249 12.988197252154352 9.2428589761257154
leaf_count=37 100 283 1005 207 29 31 279 23 24 20 121 25 175 68 426 819 22 87 171 51 769 29 20 34 190 102 20 336 93 69
internal_value=-5.37701e-05 0.0135928 0.0171093 -0.00460362 -0.034514 -0.00290798 -0.0174188 -0.00701278 0.0176975 0.0860483 -0.0144763 0.142558 -0.0423363 4.18014e-05 0.0010232 -0.0110889 0.00525725 0.00956597 0.00845972 0.048643 0.0054489 -0.00297363 -0.00548118 0.0171314 0.00977069 -0.000161756 0.0405554 0.0198454 0.039756 0.0728273
internal_weight=759.796 189.98 177.231 569.816 30.5703 539.246 91.0998 64.2626 27.9543 8.94704 19.0073 5.94448 26.8372 448.146 439.191 113.761 325.43 268.25 265.268 18.4903 246.777 155.691 151.811 49.4787 46.7976 42.0514 16.4669 91.0858 45.2362 22.2311
internal_count=5665 1388 1288 4277 236 4041 698 492 213 68 145 45 206 3343 3275 856 2419 1993 1971 138 1833 1164 1135 366 346 312 122 669 333 162
is_linear=0
shrinkage=0.05


Tree=3
num_leaves=31
num_cat=0
split_feature=14 16 15 15 14 13 14 8 16 3 5 13 13 3 3 10 14 13 9 15 13 10 4 3 2 13 15 14 3 9
split_gain=17.2712 17.1443 15.4701 16.7719 15.7501 21.3085 24.1077 20.3794 14.9794 19.6874 26.0879 18.186 13.9234 13.6815 12.2179 12.168 13.6784 14.7727 13.908 18.2258 11.0596 10.3102 15.5255 22.4449 23.165 21.8734 18.4513 17.3748 17.2914 15.0662
threshold=-2.1283403333999997 -0.00043284499999999995 0.81384649416994337 0.34547685804802009 0.22552229695700934 -0.22236365310767425 -0.6679078457516322 0.65589011304063149 -0.00013377499999999996 0.50317292320672125 34.232334981099307 -0.47824011221034962 -0.76773989138755316 2.6959285686060515 2.45422324500603 0.8830161368173407 -0.6679078457516322 1.9792948939314956 -0.65834019586375081 1.8824513681639108 0.81725441965352663 -1.5897320776742856 42.307692307692285 -1.4402507458377605 -0.72406404633484334 -0.7305100458128041 -0.76231200526189402 0.50995600456219503 0.65642057066047765 -1.0649067121810722
decision_type=2 2 2 2 2 2 2 2 2 2 2 2 2 2 2 2 2 2 2 2 2 2 2 2 2 2 2 2 2 2
left_child=12 -2 3 8 5 6 -5 -7 13 -10 -11 -12 -1 21 -13 16 -4 18 20 -20 -18 -3 23 -23 25 -25 27 -24 -26 -27
right_child=1 2 15 4 -6 7 -8 -9 9 10 11 14 -14 -15 -16 -17 17 -19 19 -21 -22 22 26 24 28 29 -28 -29 -30 -31
leaf_value=0.059638127991515778 -0.0059658663264661035 -0.025239381473181301 -0.032941279446792572 0.067276592894841392 0.0038508485715706767 -0.026860938043831425 0.23721480917100682 0.12423812336265186 0.0044689391821811321 0.20714410797292532 -0.016860251356760208 0.042752336520571199 -0.048201169686096744 -0.034479599653256331 0.14012419537918905 -0.037828074156890004 -0.017649430764888167 -0.05158483252289317 0.024689888865755325 0.12984254048307109 0.066040072577991146 -0.0036010567168800415 0.051006331958101218 0.012467010262541888 0.00066423617024934068 0.10771607372776081 -0.013775234613744631 -0.01446469628242294 0.13539703649238999 0.25574009855157342
leaf_weight=3.3551375716924694 375.0286965444684 19.047472752630711 18.878030814230442 5.1083991527557373 10.949777305126188 6.0915216505527514 3.5284532010555285 3.5216871500015259 24.005441337823868 2.9808073043823269 6.945824518799788 7.7987568229436821 27.743977181613445 19.912191174924374 5.4890913367271423 25.334033071994781 16.72048515081406 6.6385299414396277 11.836432054638864 6.3217457085847846 5.1677211970090857 16.95222482830286 29.265522383153439 2.7607059925794601 10.779227539896963 3.5670772790908813 62.088049739599228 15.500977478921412 3.0566213130950919 3.3179993927478808
leaf_count=25 2825 144 142 37 79 45 25 25 173 20 50 57 215 148 39 189 125 51 87 46 38 126 211 20 80 25 459 115 21 23
internal_value=-7.62779e-05 0.00148128 0.00938052 0.015533 0.0512587 0.0797028 0.136702 0.0284924 0.0110648 0.0362177 0.0690482 0.048704 -0.0365669 0.00468777 0.0829758 -0.00839863 0.00297313 0.0174959 0.0289475 0.0612986 0.00210934 0.00937652 0.0138531 0.0402427 0.071895 0.131373 0.00386724 0.0283361 0.0304295 0.179051
internal_weight=759.693 728.594 353.565 262.668 29.1998 18.2501 8.63685 9.61321 233.468 47.2199 23.2145 20.2337 31.0991 186.248 13.2878 90.897 65.5629 46.6849 40.0464 18.1582 21.8882 166.336 147.288 40.4339 23.4816 9.64578 106.855 44.7665 13.8358 6.88508
internal_count=5665 5425 2600 1922 211 132 62 70 1711 339 166 146 240 1372 96 678 489 347 296 133 163 1224 1080 295 169 68 785 326 101 48
is_linear=0
shrinkage=0.05


Tree=4
num_leaves=31
num_cat=0
split_feature=14 15 16 13 15 14 3 14 9 3 14 8 10 3 1 1 15 13 12 1 11 0 12 9 15 15 5 15 14 9
split_gain=15.9892 16.2941 16.7658 12.8037 12.5316 12.0594 10.6216 13.2216 14.7905 14.8646 42.0268 10.4746 21.9279 13.4424 10.8077 12.6819 9.96729 9.80686 9.32703 9.01239 24.1734 9.66291 11.9732 12.4606 8.92968 14.5001 22.0831 18.8121 18.754 11.5453
threshold=-2.1283403333999997 1.2978735848820697 -0.00013377499999999996 -0.76773989138755316 -2.1129755875701952 -0.92632357500502349 2.5828778181176202 2.237879873533219 -1.3496667037034848 -3.8223083014270416 -0.73905452997691634 -0.051434234586137627 0.79911419806899364 1.0675321730986862 -0.34581877250321252 -0.0084308449524739329 0.78164692323245377 -0.24308052194466911 -433.32050000014709 -0.074695016742531109 -26002.034999728199 -1.0000000180025095e-35 446.43300000019377 -0.20334787480451014 0.81384649416994337 0.34547685804802009 80.000000000000412 0.46323228296517754 -0.43057679336110671 -1.0649067121810722
decision_type=2 2 2 2 2 2 2 2 2 2 2 2 2 2 2 2 2 2 2 2 2 2 2 2 2 2 2 2 2 2
left_child=3 2 6 -1 -4 -3 7 8 9 10 -2 13 14 -11 17 -16 18 -13 -6 20 -20 22 23 -21 25 -10 27 28 -27 -29
right_child=1 5 4 -5 16 -7 -8 -9 24 11 -12 12 -14 -15 15 -17 -18 -19 19 21 -22 -23 -24 -25 -26 26 -28 29 -30 -31
leaf_value=0.054376802556557725 0.17455438103549148 -0.045508889247116532 0.1109601528397864 -0.047405913867220581 -0.019707509804424185 -0.0070478830107957996 -0.020670084733638443 -0.042346985589165727 0.0098017756937874342 -0.028071547674928261 -0.03453833185280035 0.1689988641713506 -0.026878730436456791 0.06024331943621522 -0.048302326643103313 0.058145051885160705 -0.02590333174164814 0.045972388117711718 0.0072091911473325084 0.074772124153713856 0.13383858016870706 -0.01036715542321457 0.11110269642704849 -0.033078096762501223 -0.010163864227193996 -0.0025900524527916052 0.13777542851703406 0.087959092343780049 0.14498630985507549 -0.012475203306325167
leaf_weight=3.4920374900102642 4.0352255702018738 26.436219960451126 4.3350077271461478 26.822414189577103 7.5635281652212134 88.979455277323723 47.979204781353474 14.95925811678171 270.97610055655241 80.337677970528603 5.9419215843081457 2.83208067715168 21.382249817252159 4.5529270917177191 4.4194196164608011 7.6266870647668812 8.89521875977516 3.7843438908457783 7.4064370542764664 5.1661259382963118 7.6737135201692528 11.932590425014496 5.2348946854472169 5.5610225796699604 44.511314705014229 3.505762591958046 5.2923238873481742 3.3701764643192318 5.5781998932361621 18.954644747078419
leaf_count=25 28 209 28 215 57 677 366 116 1997 615 44 20 159 32 33 56 66 28 53 36 51 83 36 40 332 26 37 24 38 138
internal_value=-0.000100501 0.00137862 0.00461956 -0.0356812 0.028889 -0.0158575 0.00180589 0.0039538 0.00537573 -0.00870138 0.0500286 -0.0133915 0.00768769 -0.023335 0.0472915 0.0190921 0.0229029 0.0986324 0.0314932 0.0405045 0.0716461 0.023669 0.0491131 0.0188619 0.0107682 0.0137965 0.0432905 0.02737 0.0880323 0.00268645
internal_weight=759.538 729.224 613.808 30.3145 63.7685 115.416 550.04 502.06 487.101 134.913 9.97715 124.935 40.0448 84.8906 18.6625 12.0461 59.4335 6.61642 50.5383 42.9748 15.0802 27.8946 15.962 10.7271 352.189 307.677 36.7011 31.4088 9.08396 22.3248
internal_count=5665 5425 4539 240 450 886 4089 3723 3607 1015 72 943 296 647 137 89 422 48 356 299 104 195 112 76 2592 2260 263 226 64 162
is_linear=0
shrinkage=0.05


Tree=5
num_leaves=31
num_cat=0
split_feature=14 15 16 13 14 15 12 15 11 15 3 3 9 14 14 3 15 3 2 3 2 15 9 4 13 9 2 4 3 3
split_gain=14.8056 14.7836 14.7416 11.8107 11.4441 10.8998 11.026 10.033 18.4972 19.0061 17.363 17.2681 16.7948 17.7801 16.9579 16.4499 15.8409 12.8319 32.5445 25.1538 21.1768 22.7495 22.6449 18.4333 19.7189 12.7128 12.5078 16.986 21.0472 17.0171
threshold=-2.1283403333999997 1.2978735848820697 -0.00013377499999999996 -0.76773989138755316 -0.92632357500502349 0.78164692323245377 -433.32050000014709 0.32557297456448758 -121515.20000016688 0.53066564178569697 -0.50469923677973794 -2.7510347808644329 -1.7200976110693647 1.3470671157485652 1.0000000180025095e-35 1.9824580437660477 -0.80658727926983398 -3.109885809684755 -1.3865976986247999 -1.7592839411794134 -1.2809362101127519 -0.71899327850138028 -0.99316849022590226 42.307692307692285 0.21751964267112331 0.18439470202225902 0.6532455814960576 49.569475240206906 0.54085557244307847 -0.82361983965636509
decision_type=2 2 2 2 2 2 2 2 2 2 2 2 2 2 2 2 2 2 2 2 2 2 2 2 2 2 2 2 2 2
left_child=3 2 7 -1 -3 6 -4 12 10 -10 11 -9 -2 14 15 17 -16 18 -14 -19 -21 22 -22 24 -23 -18 27 -24 29 -29
right_child=1 4 5 -5 -6 -7 -8 8 9 -11 -12 -13 13 -15 16 -17 25 19 -20 20 21 23 26 -25 -26 -27 -28 28 -30 -31
leaf_value=0.049803918890345314 -0.027671817446751165 -0.044686444186048863 -0.020451358517844857 -0.046624206990345841 -0.006728866733399768 -0.02505751644919826 0.043821369020661825 0.11513689970365881 0.046970837820235201 -0.0026789594418115559 0.18022527096538971 -0.026692879073046974 -0.0043770752591967312 -0.029863073390572415 0.0079314934019491176 -0.029902526212083877 0.070994784481270362 -0.040534483713849739 0.19222498659518844 0.12137144260012006 -0.027333213632511906 0.0046717278177210789 0.026254037385212783 -0.021853435818684916 0.11123644284608179 -0.00041352348911607019 0.0082895508075391689 0.049235220436639117 0.0041721543705316201 0.16860587409910388
leaf_weight=3.6185875982046154 55.31584420800209 25.598032586276531 7.7388207986950865 25.931235119700432 88.549350261688232 8.7397260069847089 48.437395296990871 3.9911007136106482 24.560926929116249 89.5653320774436 2.9029430523514739 4.6424102261662474 6.2565616518259048 39.435530036687851 52.294376708567142 40.999175667762756 23.970220953226089 29.448892660439014 3.1721966564655286 4.1332007721066466 13.770761124789713 20.197850003838543 17.337731003761292 70.680931635200977 5.5294858813285819 8.4229965955018979 16.050511464476585 4.5380966961383811 4.6525761336088172 8.7270651012659091
leaf_count=25 423 209 59 215 677 66 325 29 171 668 20 36 45 306 381 314 170 225 23 30 100 150 124 534 39 62 114 31 33 61
internal_value=-0.000119476 0.00128566 0.00435055 -0.0348159 -0.015241 0.026886 0.0349672 0.0016936 0.0141052 0.00800609 0.0744412 0.0388722 -0.00197678 0.00186865 0.00565855 -0.000996747 0.0249511 0.00479855 0.0617674 0.0020449 0.00961602 0.00675565 0.0295976 -0.00866297 0.0275753 0.0524269 0.0448781 0.0615356 0.095675 0.127768
internal_weight=759.21 729.66 615.513 29.5498 114.147 64.9159 56.1762 550.597 125.663 114.126 11.5365 8.63351 424.934 369.618 330.183 245.495 84.6876 204.496 9.42876 195.067 165.618 161.485 65.0767 96.4083 25.7273 32.3932 51.306 35.2555 17.9177 13.2652
internal_count=5665 5425 4539 240 886 450 384 4089 924 839 85 65 3165 2742 2436 1823 613 1509 68 1441 1216 1186 463 723 189 232 363 249 125 92
is_linear=0
shrinkage=0.05


Tree=6
num_leaves=31
num_cat=0
split_feature=13 0 16 9 14 15 5 1 13 15 14 15 15 16 13 9 15 6 4 3 13 13 7 14 15 2 14 3 11 12
split_gain=14.2563 19.8951 14.5611 9.70345 8.55738 17.1091 7.72787 10.3973 7.67523 15.5779 15.2323 18.1386 11.4985 8.48642 8.57181 8.41721 8.21504 8.20276 11.023 15.9915 10.5384 10.4034 8.64109 7.56746 17.9464 14.706 17.9592 24.302 21.5326 18.4548
threshold=2.2508966188838673 1.0000000180025095e-35 -0.00028049999999999993 0.25309902182334015 -0.73905452997691634 -2.1508757363164324 76.923076923077332 0.4409556960139096 -0.57059597279277741 1.8824513681639108 -0.059574450017154883 -0.4669638922060983 -1.9262589364394544 -0.00024698999999999994 1.837065167865106 -0.20334787480451014 1.9347959621078519 -1.1888544120993891 40.506554573952776 -1.0390250429191157 0.7344496091239342 0.23312415205699283 0.020051884905719047 1.0000000180025095e-35 -1.8819436035761898 -1.4051661792047159 1.2730404066213461 -1.3216851544789414 -40175.405000090592 -501.32050000014709
decision_type=2 2 2 2 2 2 2 2 2 2 2 2 2 2 2 2 2 2 2 2 2 2 2 2 2 2 2 2 2 2
left_child=2 -2 23 -3 5 -4 -7 -8 9 10 11 -6 -10 15 16 -14 17 -15 19 21 -20 -19 -22 -1 -25 -26 27 28 -27 -28
right_child=1 3 4 -5 8 6 7 -9 12 -11 -12 -13 13 14 -16 -17 -18 18 20 -21 22 -23 -24 24 25 26 29 -29 -30 -31
leaf_value=-0.0070132266578771365 -0.043451968897505008 -0.011502784227627058 0.089859823995350696 0.097055245333020082 -0.019693832025000822 -0.023278494115982148 0.10139375270313458 -0.0021815671594597181 -0.060847776391999266 0.11778677670902811 -0.022446390567799963 0.11532029135410718 0.09813909034376761 -0.0059674446059458245 -0.038506267977572797 0.020332005693479944 -0.036014926399309234 0.10594863912401342 0.0094169094696087401 0.15441831977909393 0.1185325186200079 -0.019754278049930449 0.031131670136236602 -0.051135872896721363 -0.029115996489955383 -0.020929360983460057 0.10645818591769898 0.016286761656439105 0.113045529929822 -0.015424569051989443
leaf_weight=341.58600778132677 36.373366393148899 4.1289566904306394 4.6031087115406981 4.1049495413899422 4.8731412068009377 35.801311977207661 3.0908171832561484 11.213493071496485 3.3032901063561431 2.8082696646451941 29.02785874158144 5.0817587971687299 9.1307334303855878 9.1999301016330701 4.7127658426761618 5.6125086992979041 4.1595290005207053 2.980238564312458 20.610839411616325 5.0648138225078565 5.0050804540514928 3.6764733418822289 6.50145523250103 13.138494417071341 21.864225603640079 3.9077779278159168 3.2998427152633658 88.211451940238476 12.897366158664225 52.800887189805508
leaf_count=2596 294 30 30 28 34 269 22 81 23 20 207 34 64 66 35 41 30 20 142 32 34 26 44 104 172 30 24 635 87 411
internal_value=-0.000141642 -0.0275646 0.00157122 0.042618 0.0140341 -0.00239157 -0.0108665 0.0201986 0.0214152 0.00405028 -0.00414315 0.0492279 0.0304912 0.0344273 0.0263088 0.0685192 0.0316491 0.0369556 0.0459633 0.0874653 0.0308169 0.0365235 0.069149 -0.0025187 0.0053095 0.0093624 0.0145841 0.0267851 0.0818917 -0.00825543
internal_weight=758.771 44.6073 714.163 8.23391 176.457 54.7087 50.1056 14.3043 121.749 41.791 38.9828 9.9549 79.9577 76.6544 61.9111 14.7432 57.1984 53.0388 43.8389 11.7215 32.1174 6.65671 11.5065 537.706 196.12 182.982 161.117 105.017 16.8051 56.1007
internal_count=5665 352 5313 58 1254 402 372 103 852 295 275 68 557 534 429 105 394 364 298 78 220 46 78 4059 1463 1359 1187 752 117 435
is_linear=0
shrinkage=0.05


Tree=7
num_leaves=31
num_cat=0
split_feature=14 15 10 16 2 5 15 15 13 13 3 4 10 15 15 2 9 5 11 14 9 0 14 15 1 13 14 3 14 14
split_gain=13.2761 13.4834 13.268 12.6082 12.3747 14.3857 11.8704 11.2924 13.4735 10.9141 10.6665 13.4085 15.5534 20.8065 24.3591 16.4932 14.9634 15.2378 14.0328 27.8828 12.0574 16.0911 13.8675 11.6305 11.4475 10.7326 10.5829 10.1958 15.1433 20.9887
threshold=-2.1283403333999997 1.2978735848820697 -1.0958229467815543 -0.00013377499999999996 -0.53431747738821878 41.666666666667091 0.59762577926985039 -0.68200966090898418 -0.63882999375141825 -0.76773989138755316 -1.6235265502103176 42.307692307692285 0.058333633650998133 0.34547685804802009 -0.27931882751078274 0.87061874744955869 0.33294893424802668 60.000000000000163 16533.030000090603 -1.3853202804300897 -0.021072464808285517 1.0000000180025095e-35 0.46878312559606289 -1.0499953410073992 -0.25903893289405039 0.81725441965352663 -0.92632357500502349 -2.715218148983582 -0.82261250818341403 -1.4581359112217724
decision_type=2 2 2 2 2 2 2 2 2 2 2 2 2 2 2 2 2 2 2 2 2 2 2 2 2 2 2 2 2 2
left_child=9 2 4 10 5 7 -5 8 -2 -1 27 20 13 14 15 -13 17 -15 -14 23 22 -22 25 -20 -24 -12 -3 28 29 -4
right_child=1 26 3 6 -6 -7 -8 -9 -10 -11 11 12 18 16 -16 -17 -18 -19 19 -21 21 -23 24 -25 -26 -27 -28 -29 -30 -31
leaf_value=0.046191823005415883 0.021507129287486718 -0.043710191576721125 -0.027754221664175384 0.04148431178245332 -0.029729900197978328 0.077601656926424845 -0.023608440824566312 0.010096724725723811 -0.046441666455828798 -0.04561192182266606 0.015734969026672135 0.047553611687017203 -0.014832650443225834 0.051371857327999482 -0.035916894103339619 -0.015715341538634207 -0.0041401461059074321 0.15706224988072032 0.17304750158111412 0.001473929329776267 0.035254235446386506 0.16547963845615421 0.11034257245497703 0.055073373254691041 0.010275359960244245 -0.060313177838339074 -0.0066479507267608335 -0.028166971801777303 -0.017719657962887481 0.14049378362435336
leaf_weight=3.7237474322319057 10.414079770445822 24.629026599228382 3.1665306836366653 44.334026589989662 48.566137939691544 5.7905407994985572 8.3179572746157628 56.688499227166176 24.362874381244183 24.792527556419373 35.426046036183834 33.745126858353615 117.19976877421141 8.458759970963003 21.27463049441576 14.826269112527369 5.3527253568172446 5.7139999270439139 2.9856246411800385 76.213308185338974 7.3118584826588613 3.5112176388502121 6.6870979517698288 6.9574684053659421 4.9912522435188276 5.3386097997426978 88.375411592423916 41.504314623773098 13.203437730669974 4.4707362204790142
leaf_count=25 77 209 24 288 365 42 62 428 194 215 253 237 875 59 161 111 39 38 20 573 52 23 45 51 37 38 677 315 101 31
internal_value=-0.000155462 0.00115226 0.00406118 0.00814158 -0.00911808 0.00117472 0.031201 -0.00366376 -0.0260942 -0.0336239 0.00523933 0.00858049 0.00406929 0.0214545 0.00869891 0.028241 0.0670833 0.0939828 -0.00357119 0.0117479 0.0294535 0.0775019 0.0195374 0.0904976 0.0675745 0.00577557 -0.0147256 -0.0138389 0.0146956 0.0707355
internal_weight=758.334 729.817 616.813 470.991 145.822 97.256 52.652 91.4655 34.777 28.5163 418.339 355.994 292.728 89.3715 69.846 48.5714 19.5255 14.1728 203.356 86.1564 63.2661 10.8231 52.443 9.94309 11.6784 40.7647 113.004 62.345 20.8407 7.63727
internal_count=5665 5425 4539 3433 1106 741 350 699 271 240 3083 2612 2164 645 509 348 136 97 1519 644 448 75 373 71 82 291 886 471 156 55
is_linear=0
shrinkage=0.05


Tree=8
num_leaves=31
num_cat=0
split_feature=13 0 16 5 14 13 8 5 1 7 3 9 9 13 14 9 5 0 15 13 13 8 10 5 10 3 13 12 10 8
split_gain=12.918 17.9303 12.6902 10.7598 10.362 13.2555 11.202 11.0867 11.558 10.3419 14.1295 9.70148 9.64739 8.82372 13.7074 11.5305 21.0497 25.0888 19.1684 18.8262 21.2033 13.8616 11.5383 10.967 10.7884 14.4747 26.9693 9.70436 9.45821 12.0495
threshold=2.2508966188838673 1.0000000180025095e-35 -0.00043284499999999995 89.473684210526315 -1.0745432637625605 -0.70531419502606063 -0.43153534171691371 87.526824034334922 0.77734335661339593 -0.70051706951464399 0.84178308150671033 0.89706456410483471 -0.81397388302262741 -1.2626724650068402 -0.3102867019488873 -1.0747652895852422 40.000000000000199 -1.0000000180025095e-35 1.9067276273397282 1.490157766799256 1.7949370082555289 0.38765938061839639 0.35042068937021092 18.394199785177531 -0.58518759959522593 -0.29379739480608685 -0.17606565770277127 980.59349999995914 -1.5441601670078107 -1.1042096633455534
decision_type=2 2 2 2 2 2 2 2 2 2 2 2 2 2 2 2 2 2 2 2 2 2 2 2 2 2 2 2 2 2
left_child=2 -2 -1 4 5 9 -7 13 -9 -4 12 -8 -11 14 -6 -15 17 28 19 24 -21 23 -20 -19 25 26 -18 -26 -17 -30
right_child=1 -3 3 -5 7 6 11 8 -10 10 -12 -13 -14 15 -16 16 18 21 22 20 -22 -23 -24 -25 27 -27 -28 -29 29 -31
leaf_value=-0.005078443436445308 -0.042447987409163362 0.038470129335457591 -0.02856545024936781 -0.015593319338028423 0.056318730274895902 -0.051177409098899111 -0.01380011875794239 0.14393578955506156 0.013672096335218554 0.0377020871494156 -0.016319772420791905 0.07486694819177285 0.13569136041954682 0.0023457743215724433 -0.042595056471489368 -0.032666432688221551 0.13912338839467456 0.14127733153061114 0.15599533316190173 0.18251163447145194 0.010171468581690019 0.17059591387464815 0.033221868643183418 0.034167572778983774 -0.017211718062101491 -0.0088782290215468403 -0.044324517827625767 0.076149270081867879 0.099820443525555178 0.018058497341969303
leaf_weight=365.03638239949942 35.001119546592236 8.5105768218636495 6.5089099854230907 41.657642498612404 4.6389109790325191 19.20062080770731 18.538050793111328 3.4198566153645507 3.3916280716657639 5.5895355418324471 5.757334239780902 3.7008625194430342 4.5618764832615835 81.558467157185078 14.297853745520113 5.4850240945816067 5.9424875825643539 3.6743565723299962 3.4473804682493201 3.067415624856948 4.2679600715637207 5.3308439403772345 4.301572285592556 6.8360950276255608 54.786685660481453 10.68741852045059 3.0224937647581118 2.9323788061738005 6.2131369188427952 16.401511140167713
leaf_count=2778 294 58 50 306 31 152 142 24 25 40 43 27 31 596 104 40 38 24 23 20 31 33 32 48 399 77 21 21 43 114
internal_value=-0.000171089 -0.026621 0.00144021 0.00825414 0.0114842 -0.00644465 -0.0231999 0.016182 0.0790739 0.0245278 0.0462504 0.000955307 0.0817368 0.0143737 -0.0183643 0.017218 0.0261109 0.0546029 0.0125697 0.00568383 0.0822385 0.104922 0.0878417 0.0716122 -0.00157411 0.0304229 0.0772749 -0.0124686 0.0262355 0.0405217
internal_weight=757.766 43.5117 714.255 349.218 307.561 63.8572 41.4395 243.703 6.81148 22.4177 15.9087 22.2389 10.1514 236.892 18.9368 217.955 136.397 43.941 92.4558 84.7068 7.33538 15.8413 7.74895 10.5105 77.3715 19.6524 8.96498 57.7191 28.0997 22.6146
internal_count=5665 352 5313 2535 2229 485 321 1744 49 164 114 169 71 1695 135 1560 964 302 662 607 51 105 55 72 556 136 59 420 197 157
is_linear=0
shrinkage=0.05


Tree=9
num_leaves=31
num_cat=0
split_feature=13 0 16 1 13 13 12 5 3 1 11 12 8 10 3 1 12 14 16 14 10 7 14 2 7 15 14 15 3 0
split_gain=11.8899 16.5672 11.3833 7.65607 6.98854 11.3467 10.5251 9.54028 9.5376 9.33403 13.5003 13.155 16.781 9.99119 9.6631 9.46497 9.44895 12.7 11.7913 9.20296 10.7091 8.28998 8.02108 7.69566 6.98689 6.78391 7.13644 17.2329 13.3745 34.1872
threshold=2.2508966188838673 1.0000000180025095e-35 -0.00028049999999999993 0.16228795314326216 1.0107082786254946 1.0889805219242368 -261.77200000011356 62.645348837209696 -2.6318023425149275 0.01784767231767994 -54229.064999938004 172.32400000002238 0.21367831979117666 -0.29413510292694306 -0.50469923677973794 -0.50271635209338539 -145.14650000003164 -1.0000000180025095e-35 -0.00027384999999999991 -0.3411591221579674 1.3630463093949894 0.32225472788409465 -0.06900450653216221 -1.9414936927979809 -1.3289683338056317 2.9041913758682534 1.0000000180025095e-35 -1.790965168260215 -3.0014518004507091 1.0000000180025095e-35
decision_type=2 2 2 2 2 2 2 2 2 2 2 2 2 2 2 2 2 2 2 2 2 2 2 2 2 2 2 2 2 2
left_child=2 -2 25 -3 6 -6 23 -7 -8 10 -10 12 13 14 15 -12 17 -11 -18 -9 21 -21 -14 24 -4 26 28 -28 29 -1
right_child=1 3 4 -5 5 7 8 19 9 16 11 -13 22 -15 -16 -17 18 -19 -20 20 -22 -23 -24 -25 -26 -27 27 -29 -30 -31
leaf_value=0.054807372224982089 -0.041619275446822465 -0.013396967764995195 0.091679974425580346 0.080413220107156985 0.12147273327064528 -0.0068804847806376683 -0.059999561499893307 0.10877211463897107 -0.018200597395792918 0.12276447015582488 -0.042438340127843671 -0.01258031971327463 0.068340138497570757 -0.007625335783619386 0.12105480753932703 0.07339548022613844 0.090916865441202727 -0.0072189331894662217 -0.0062751271582431227 0.052592221721588152 0.10591962534163242 -0.049913530598795906 0.16551571201080326 -0.032783520253240064 -0.0224556095498291 -0.058830676129910699 -0.043255782419854769 0.010418312040950024 -0.0094601227066436269 -0.059106277728783407
leaf_weight=24.285928934812546 33.940275877714157 4.159541688859461 2.6454341933131218 4.5584397166967392 3.2704496085643759 13.872256465256216 4.1908443719148627 4.6798369437456122 9.5462963506579381 3.786439411342144 2.794996976852417 7.0001965612173072 3.8265809491276741 7.3474784493446395 4.8474708870053291 4.7788539007306099 3.295920528471469 3.7306647002696982 58.671566486358643 3.5076560676097852 2.9836243093013755 4.5064692571759224 4.7713652253150922 22.610820055007935 2.7189975306391743 5.2561967074871054 16.330495864152908 177.46651481091976 302.83251393586397 9.0374513491988164
leaf_count=176 294 28 20 30 22 99 31 31 70 25 20 46 25 49 29 31 23 26 410 24 20 31 28 173 21 42 132 1309 2329 71
internal_value=-0.000184187 -0.025827 0.00134658 0.0356543 0.0122471 0.0331022 0.00757692 0.0233217 0.0140847 0.0167987 0.0345632 0.0488053 0.0639537 0.0385918 0.0659303 0.030649 0.00531617 0.058255 -0.00110569 0.0500461 0.0250566 -0.00504838 0.122267 -0.02001 0.0338296 -0.00230689 -0.00174627 0.00589541 -0.00615177 0.0239135
internal_weight=757.252 42.6583 714.593 8.71798 179.384 32.8203 146.564 29.5498 118.589 114.398 44.9132 35.3669 28.3667 19.7688 12.4213 7.57385 69.4846 7.5171 61.9675 15.6776 10.9977 8.01413 8.59795 27.9753 5.36443 535.209 529.953 193.797 336.156 33.3234
internal_count=5665 352 5313 58 1254 227 1027 205 813 782 298 228 182 129 80 51 484 51 433 106 75 55 53 214 41 4059 4017 1441 2576 247
is_linear=0
shrinkage=0.05


Tree=10
num_leaves=31
num_cat=0
split_feature=14 15 10 2 5 3 2 16 13 9 13 11 10 5 12 13 15 9 15 2 16 5 15 14 13 14 3 13 15 15
split_gain=11.5351 12.2142 11.3666 11.6614 13.286 10.7873 13.9049 18.9334 15.3469 14.1722 13.7294 13.4887 27.4067 12.27 15.5791 10.4049 13.1639 13.2867 13.5318 11.8188 11.717 10.286 10.1654 27.0499 9.93101 9.74608 9.72176 11.2209 14.5895 10.8886
threshold=-2.1283403333999997 1.2978735848820697 -1.0958229467815543 -0.55329697076969686 41.666666666667091 -1.6235265502103176 -0.59434942801941471 -0.00044289499999999995 -0.67639367866067102 -0.14936983609197022 0.1354597232682003 -115413.77499997614 0.94552450320175074 21.113838997286312 -110.79899999988264 -1.1927741114780055 0.023210456271320085 -0.98335791455239374 -1.0000000180025095e-35 -1.2542927778074484 -0.00053196499999999991 19.999999999999826 -2.5132122768413101 -0.016902811871919093 -0.76773989138755316 -0.92632357500502349 -1.5313875597533471 -0.83493989679347524 0.34547685804802009 0.71659152918977576
decision_type=2 2 2 2 2 2 2 2 2 2 2 2 2 2 2 2 2 2 2 2 2 2 2 2 2 2 2 2 2 2
left_child=24 2 3 4 15 -4 7 21 -9 10 -10 12 -8 14 -13 19 17 -17 -19 -2 -18 -7 23 -15 -1 -3 -24 28 -28 -30
right_child=1 25 5 -5 -6 6 11 8 9 -11 -12 13 -14 22 -16 16 20 18 -20 -21 -22 -23 26 -25 -26 -27 27 -29 29 -31
leaf_value=0.042422355204596904 0.10001510263999816 -0.042711166781303669 -0.011127237331294924 -0.02849634417160642 0.078064272484519318 -0.030198004467996149 0.13151840468835393 -0.0045677799732342182 0.10536858945045811 0.15981833910682472 0.010095021478875617 -0.033749733989963129 -0.045298791592676906 0.15248170228262692 0.085708193049571238 -0.036760308308939969 -0.018044746891733111 -0.004766145684145553 0.11732300538959128 -0.013337482192947676 0.05074862131290319 0.036350072466746854 0.10137511967850686 -0.033729211606570761 -0.044359200087809331 -0.0065610728680391504 -0.027912356107612026 0.0065096348120796711 0.083141754248076974 -0.003472475912096032
leaf_weight=3.8371330052614239 4.9457287341356277 23.647459954023361 66.788424424827099 48.546944171190262 5.3613348752260199 11.816671013832094 5.9316078424453718 6.1638125255703953 8.2829887941479701 4.8746670633554432 6.9576542750000963 3.7931757345795623 3.4756821841001511 3.928106278181076 9.7311149761080724 41.201154932379723 10.834524750709535 11.771239712834356 2.8116697520017615 4.2979937195777875 14.437693975865839 11.416247442364691 2.4562382996082297 3.8733693212270728 23.406525135040283 88.127216443419456 56.065280124545097 251.73672882467508 5.5008114129304913 10.660791642963884
leaf_count=25 34 209 504 373 37 87 39 43 52 28 47 28 26 24 63 334 82 88 20 32 106 84 17 31 215 677 412 1833 36 79
internal_value=-0.000192795 0.00100027 0.00375262 -0.00853743 0.00159146 0.00749603 0.0105546 0.0353864 0.0644584 0.0856097 0.0618743 0.00711218 0.0661903 0.00551399 0.0522037 -0.00294892 -0.00868051 -0.0222429 0.0187734 0.0473103 0.021256 0.00250255 0.00362469 0.0600295 -0.0321365 -0.0142091 0.00227661 0.00152526 -0.0158471 0.0260078
internal_weight=756.68 729.436 617.662 144.208 95.6613 473.453 406.665 49.512 26.2791 20.1153 15.2406 357.153 9.40729 347.746 13.5243 90.3 81.0563 55.7841 14.5829 9.24372 25.2722 23.2329 334.221 7.80148 27.2437 111.775 326.42 323.964 72.2269 16.1616
internal_count=5665 5425 4539 1106 733 3433 2929 341 170 127 99 2588 65 2523 91 696 630 442 108 66 188 171 2432 55 240 886 2377 2360 527 115
is_linear=0
shrinkage=0.05


Tree=11
num_leaves=31
num_cat=0
split_feature=13 0 16 5 5 10 13 10 14 13 5 3 13 16 2 9 3 13 1 12 6 9 4 8 13 16 3 0 10 13
split_gain=10.836 15.164 10.0538 9.39872 9.53524 15.7885 10.3835 9.13612 8.13659 16.4914 10.8274 19.367 24.0626 13.8465 12.0753 13.7805 13.0434 24.6696 11.3963 10.1667 9.74981 9.63722 12.2029 9.54332 8.93847 8.53629 10.2595 9.51024 9.27199 7.83824
threshold=2.2508966188838673 1.0000000180025095e-35 -0.00043284499999999995 89.473684210526315 77.288845905867433 1.2213125612062294 -0.97049693431206852 -1.0958229467815543 -1.0202805971538413 -1.0100106954952952 38.918128654970886 0.50317292320672125 0.4283445005467777 -0.00014602499999999996 -0.58409740518702213 0.1363236733325669 -1.4119940014447849 -0.97994349261623881 -0.13588182501695573 980.59349999995914 0.85267709376884249 -0.11058944483402235 32.352941176470708 -1.3706647068919284 -0.12121485073030837 -0.00027384999999999991 -0.29379739480608685 1.0000000180025095e-35 1.3500207895683172 -0.12121485073030837
decision_type=2 2 2 2 2 2 2 2 2 2 2 2 2 2 2 2 2 2 2 2 2 2 2 2 2 2 2 2 2 2
left_child=2 -2 -1 4 8 6 -6 -8 9 20 11 14 13 -13 16 -16 18 -18 24 25 -4 22 -19 -24 -10 27 -27 -12 -28 -5
right_child=1 -3 3 29 5 -7 7 -9 10 -11 19 12 -14 -15 15 -17 17 21 -20 -21 -22 -23 23 -25 -26 26 28 -29 -30 -31
leaf_value=-0.0046069509568307338 -0.040719411914844759 0.032787700212160285 0.068337395411096361 -0.036116248417009993 -0.0094770648477319058 -0.00916072745553583 -0.014170099698165923 0.074763829793971823 0.026211172055666754 -0.023913662192872786 -0.0031686256290429323 -0.0012167429068312887 0.16720109830138974 0.11833510611109983 -0.055555092570993753 0.042343839861355925 -0.042724413956790684 0.11826484175292068 0.10260724290144647 0.084740156160440602 -0.040943974020189317 0.12753276157404597 0.08429758798730691 -0.011707444543501406 -0.023367719116538919 0.046991778007769103 -0.01450345626843088 -0.049635280920656798 0.059631577990432699 0.0074842887768148047
leaf_weight=362.13380211591721 32.768024004995823 8.9276383444666845 8.8500026762485486 21.439145654439926 5.8939977437257758 16.698893576860428 3.2926739081740406 23.485121592879295 15.455692544579504 45.24225115031004 36.70437765866518 8.2704719007015228 4.7539460510015479 3.4249228835105905 11.510252401232721 5.2269379869103423 5.823585823178294 4.9419262036681273 2.7438869178295127 3.3986842036247245 2.6527976915240279 5.9227524474263147 4.1089266240596833 6.9955245703458706 22.075879134237766 14.625580556690691 27.981019541621208 15.730952322483061 4.9661579951643935 19.853760614991188
leaf_count=2778 294 58 62 163 43 123 25 161 110 358 267 57 29 17 85 34 43 31 19 22 20 34 28 47 167 96 195 122 34 143
internal_value=-0.000204121 -0.0249805 0.00124234 0.00725882 0.0102367 0.0303895 0.050604 0.0638283 0.00643051 -0.0103223 0.0110754 0.0226974 0.0723488 0.0337933 0.0130668 -0.0249818 0.0224225 0.0487705 0.00424059 -0.000304692 0.0431347 0.073024 0.0529047 0.0238168 -0.00295088 -0.00319486 0.0121414 -0.0171089 -0.00332902 -0.015153
internal_weight=755.9 41.6957 714.204 352.07 310.777 49.3707 32.6718 26.7778 261.407 56.7451 204.661 101.255 16.4493 11.6954 84.8054 16.7372 68.0682 27.7927 40.2755 103.407 11.5028 21.9691 16.0464 11.1045 37.5316 100.008 47.5728 52.4353 32.9472 41.2929
internal_count=5665 352 5313 2535 2229 352 229 186 1877 440 1437 701 103 74 598 119 479 183 296 736 82 140 106 75 277 714 325 389 229 306
is_linear=0
shrinkage=0.05


Tree=12
num_leaves=31
num_cat=0
split_feature=14 14 15 14 10 15 4 1 15 16 6 9 14 13 11 13 14 11 15 1 0 13 9 16 10 12 6 3 10 4
split_gain=10.5271 11.1567 10.7697 9.96167 9.95354 10.6228 14.0575 13.0607 11.9968 11.7424 13.2002 11.1948 11.2056 13.978 11.7587 13.406 19.5552 13.1914 11.1387 14.7493 13.9609 19.7058 19.4748 15.2308 13.5058 13.0745 11.2903 10.9814 10.6443 10.2632
threshold=2.237879873533219 -2.1283403333999997 1.2978735848820697 -0.92632357500502349 -1.0958229467815543 -0.74942239726480631 42.105263157894861 1.1361046750233952 -0.80658727926983398 -0.00033111499999999994 -1.2829730539951971 -1.0250187127829855 -0.65163623271285209 -1.3798098140341042 19942.515000104908 -0.24308052194466911 -1.2502901171190188 53306.225000023849 0.32557297456448758 0.21520907373338216 -1.0000000180025095e-35 0.9326720698242682 -0.86358193225275459 -0.00012249999999999997 0.058333633650998133 -68.244500000029788 -1.2234138270429835 -1.6235265502103176 1.259154335380418 62.962962962963132
decision_type=2 2 2 2 2 2 2 2 2 2 2 2 2 2 2 2 2 2 2 2 2 2 2 2 2 2 2 2 2 2
left_child=1 -1 4 -4 -3 7 9 8 11 -7 -11 -6 14 -14 15 16 -13 -16 20 24 23 -22 -23 -8 27 29 -27 -20 -24 -21
right_child=-2 2 3 -5 5 6 18 -9 -10 10 -12 12 13 -15 17 -17 -18 -19 19 25 21 22 28 -25 -26 26 -28 -29 -30 -31
leaf_value=-0.03101536735309713 -0.03028269856981905 -0.0069590837628295578 -0.041889744034723279 -0.0044782784087958145 -0.0039114697724696125 0.0078072814142642116 -0.003505865538677478 -0.026244949877055737 0.084446620329033328 -0.028279492244765492 0.067538773576049996 0.0061016582699114745 -0.059478929549090488 0.021948526333596587 0.12184128399170767 -0.01843047256463072 0.12651907401300413 0.039993390671829596 -0.047881788656797195 0.12859238843596371 -0.039351070461758869 -0.050601684411222647 0.11136774186663918 0.075843028829632175 -0.038187942523115047 0.11147938235918696 0.0078705574730866274 0.044033853843541887 -0.0012074500946891642 0.016385608269160246
leaf_weight=26.314308822154999 28.024963840842247 139.75895523279905 22.870484314858913 80.156172178685665 36.894166685640812 52.229343965649605 58.983917988836765 14.790316753089426 7.5466316416859618 4.3984428793191936 19.662318125367165 8.1023795679211599 5.8535071834921828 52.907324463129044 8.6928690224885958 10.620006427168844 5.7742585241794613 11.35100297629833 4.3087048083543804 5.4618867337703687 60.814981266856194 5.269854672253131 5.7532742246985418 6.7384580001234999 20.72784785181284 2.8978392183780697 28.380913838744164 13.218784615397452 3.3065636456012726 3.2508373260498047
leaf_count=240 228 1079 209 615 264 385 448 110 52 30 122 54 44 372 57 75 35 78 33 34 475 39 38 40 154 20 200 90 22 23
internal_value=-0.000212341 0.000946777 0.00214706 -0.0127831 0.00472061 0.00828518 0.00263647 0.0185517 0.0230363 0.0211214 0.0500227 0.0197306 0.0281744 0.0138371 0.0470892 0.0238506 0.056209 0.0754902 -0.00379952 0.0113264 -0.0122015 -0.0269222 0.0258256 0.00462971 -0.0108688 0.0325581 0.0174695 0.0214386 0.0702812 0.0867265
internal_weight=755.061 727.036 700.722 103.027 597.695 457.936 295.404 162.532 147.742 76.2901 24.0608 140.196 103.301 58.7608 44.5405 24.4966 13.8766 20.0439 219.114 78.2468 140.867 75.1447 14.3297 65.7224 38.2553 39.9915 31.2788 17.5275 9.05984 8.71272
internal_count=5665 5437 5197 824 4373 3294 2153 1141 1031 537 152 979 715 416 299 164 89 135 1616 554 1062 574 99 488 277 277 220 123 60 57
is_linear=0
shrinkage=0.05


Tree=13
num_leaves=31
num_cat=0
split_feature=13 0 15 16 5 14 8 15 15 11 13 5 10 0 8 16 5 3 14 9 2 15 5 10 15 9 11 2 4 15
split_gain=9.85273 13.7684 9.65765 8.55351 8.614 8.00224 10.9307 10.226 10.2025 9.67595 8.81189 14.1766 12.7846 11.9196 8.08606 8.98369 7.90628 15.6193 15.8613 12.6225 15.1074 12.4834 12.4139 9.83288 9.60993 16.9445 8.31278 11.0981 8.76504 7.7583
threshold=2.2508966188838673 1.0000000180025095e-35 2.9041913758682534 -0.00043284499999999995 89.473684210526315 -1.0745432637625605 -0.20282119944220037 0.97042605902458334 0.57625238796105049 -13027.890000104902 -1.0824620964922447 88.133646245059623 -0.52735968044034798 -1.0000000180025095e-35 0.65589011304063149 -0.00033380499999999995 38.918128654970886 0.50317292320672125 0.49529461731809266 -0.2903650170553797 -0.58409740518702213 0.088742722597061438 18.181818181817821 0.36823269371941031 1.9067276273397282 -0.4830304910868401 -23803.235000014301 -1.4782829834599063 39.999999999999922 0.61965428223538677
decision_type=2 2 2 2 2 2 2 2 2 2 2 2 2 2 2 2 2 2 2 2 2 2 2 2 2 2 2 2 2 2
left_child=2 -2 3 -1 5 6 -5 8 9 -8 12 16 13 29 -11 -16 17 19 23 20 26 22 -21 -19 -18 -26 -12 -28 -29 -7
right_child=1 -3 -4 4 -6 10 7 -9 -10 14 11 -13 -14 -15 15 -17 24 18 -20 21 -22 -23 -24 -25 25 -27 27 28 -30 -31
leaf_value=-0.0037405908737560226 -0.039775053300238866 0.029868541654326182 -0.05843577394776206 -0.02629186404273234 -0.01437564607015244 0.092987209746130173 -0.021922382732620569 -0.048208581521538771 0.11941490440452909 0.094687784796983421 0.0051003951790832801 0.10239664276623034 -0.036493574927175483 -0.058722967973047373 0.081717499720793674 -0.024636879577182223 0.0036265191780864808 -0.033548090268326197 0.13599821100252849 0.15855483622261554 -0.053755518654008932 0.0022720242125348323 0.044054548800346482 0.075590696663336093 -0.041489890445171401 0.10989725197842015 -0.030038853155374481 0.10307232193514709 0.0033365174850067195 0.0018689100146268907
leaf_weight=356.46491806209087 31.598983339965343 9.1522352918982488 6.7374292910099021 32.008391208946705 40.659016832709312 5.6762091517448443 9.2472895085811686 5.2371409982442847 2.7525669857859603 5.0299881771206865 36.49662306159734 4.8383581936359397 18.941007889807224 2.9935065954923621 3.1526171490550086 5.3637100607156691 112.27080927044153 3.5288244858384115 6.090094029903411 4.1338062584400159 8.6611915528774244 6.2381829917430869 5.5392164215445518 4.9709669724106789 2.7749608606100082 5.535597197711466 3.2974895611405364 7.7514740973711067 3.0774689093232155 3.9700526297092438
leaf_count=2745 294 58 56 258 305 35 71 46 19 31 266 31 140 24 23 36 797 24 33 21 66 42 35 30 21 37 24 48 21 28
internal_value=-0.00022193 -0.0241339 0.00114391 0.00171192 0.0072614 0.0101031 -0.00583362 0.0154388 0.0284869 0.0175064 0.0141581 0.0177774 -0.0105057 0.0284378 0.0444222 0.0147339 0.0158312 0.0270644 0.0744088 0.0178784 0.00726564 0.0574209 0.0929867 0.03028 0.00746688 0.0593479 0.0177059 0.050273 0.0747285 0.0554862
internal_weight=754.19 40.7512 713.439 706.701 350.237 309.578 62.7917 30.7833 25.5462 22.7936 246.786 215.205 31.5808 12.6398 13.5463 8.51633 210.367 89.7853 14.5899 75.1955 59.2842 15.9112 9.67302 8.49979 120.581 8.31056 50.6231 14.1264 10.8289 9.64626
internal_count=5665 352 5313 5257 2512 2207 484 226 180 161 1723 1496 227 87 90 59 1465 610 87 523 425 98 56 54 855 58 359 93 69 63
is_linear=0
shrinkage=0.05


Tree=14
num_leaves=31
num_cat=0
split_feature=14 14 15 13 14 4 14 10 9 13 14 14 9 14 4 15 3 14 1 14 15 4 1 9 16 8 15 1 10 0
split_gain=9.47753 10.0134 9.49982 9.32245 9.18246 8.9297 8.89216 8.76509 10.0229 12.4652 18.7562 21.4754 13.2166 11.6098 12.2073 10.7281 16.5851 20.7582 9.79818 9.53538 9.3594 12.2224 11.3375 10.6124 13.0348 12.877 10.1113 13.5199 13.4076 13.1297
threshold=2.237879873533219 -2.1283403333999997 1.2978735848820697 -0.76773989138755316 -0.92632357500502349 70.588235294116984 -1.893095614834285 -1.0958229467815543 1.0000000180025095e-35 -1.2112185779498603 -1.1789131076434574 -0.3566199617857031 -0.93523855088793229 -0.016902811871919093 43.750000000000014 0.11957485451339518 -2.9552327968139021 -0.3102867019488873 -0.48760936597808041 1.0000000180025095e-35 -0.74942239726480631 42.105263157894861 1.1361046750233952 -1.7200976110693647 -0.00033111499999999994 -1.19495522051805 0.32557297456448758 0.43490538173754967 -0.086981264780114295 -1.0000000180025095e-35
decision_type=2 2 2 2 2 2 2 2 2 2 2 2 2 2 2 2 2 2 2 2 2 2 2 2 2 2 2 2 2 2
left_child=1 3 7 -1 6 -2 -4 8 9 10 -3 -12 15 -14 -15 18 17 -17 -11 -20 22 23 -9 -22 25 -25 29 28 -28 -23
right_child=5 2 4 -5 -6 -7 -8 20 -10 12 11 -13 13 14 -16 16 -18 -19 19 -21 21 26 -24 24 -26 -27 27 -29 -30 -31
leaf_value=0.041672830806325556 -0.038276808509470607 -0.058652472326106334 0.052414281415133913 -0.042672654869946078 -0.0042758602792987268 0.060885539164706737 -0.051702630846348074 0.021346634645206111 -0.036174611792901323 -0.04399063839112375 0.19298720464050639 0.023849986121911554 -0.0061101737822071107 0.10568015588887157 0.0017048792710506935 0.13594549652151872 -0.015277210865182784 -0.039774070659999272 -0.021552632821532518 0.054688224522069256 -0.020199876715734616 0.0044996795568544093 -0.025065877409142373 0.097244844459177859 0.061061063247986339 0.0037130009748768526 0.027411399868204029 0.038128035182066138 -0.025627589622643995 -0.026237262758647739
leaf_weight=3.8600965440273312 24.744651667773727 2.8647678643465042 2.2901067808270481 21.650830559432507 79.836687721312046 2.4996400922536841 19.617675974965096 149.89720920473337 23.783113867044449 34.870452545583248 3.1071233302354813 4.7393400520086271 13.119146935641767 6.7991731092333776 4.8270879164338112 4.8041306883096695 16.968582801520824 2.5850632116198566 14.785742051899435 5.675270900130271 13.841633744537829 65.698239497840405 14.424116037786005 4.0630741417407981 20.384979039430618 39.021364897489548 19.510173171758652 28.548941381275654 30.607735447585583 73.739092156291008
leaf_count=25 208 23 22 215 615 20 187 1031 185 292 19 34 102 43 35 32 131 20 120 43 105 488 110 27 121 284 132 194 228 574
internal_value=-0.00022669 0.0008599 0.00198063 -0.0299102 -0.0121444 -0.0291787 -0.0408189 0.00438121 -0.0066244 -0.000520872 0.0508478 0.0908267 -0.00578945 0.0261304 0.0625108 -0.0157013 0.0119489 0.0744711 -0.0278734 -0.000405707 0.00770702 0.00238631 0.0172725 0.0194685 0.0281195 0.0125335 -0.00366878 0.0106641 -0.00498028 -0.011755
internal_weight=753.165 725.921 700.41 25.5109 101.744 27.2443 21.9078 598.666 138.929 115.146 10.7112 7.84646 104.435 24.7454 11.6263 79.6892 24.3578 7.38919 55.3315 20.461 459.737 295.415 164.321 77.3111 63.4694 43.0844 218.104 78.6669 50.1179 139.437
internal_count=5665 5437 5197 240 824 228 209 4373 1079 894 76 53 818 180 78 638 183 52 455 163 3294 2153 1141 537 432 311 1616 554 360 1062
is_linear=0
shrinkage=0.05


Tree=15
num_leaves=31
num_cat=0
split_feature=14 4 14 15 13 9 15 15 11 3 2 15 10 13 14 16 14 14 15 3 3 5 3 4 13 13 14 14 14 10
split_gain=8.73725 9.35983 9.24623 9.09926 8.63299 7.28443 12.8514 22.0892 21.525 17.2222 19.6738 12.425 11.9622 10.91 19.5158 13.7471 14.0563 19.4954 13.5343 13.8495 23.6969 13.7255 12.7759 11.6212 11.1635 10.7558 16.0068 11.1184 12.7838 10.5698
threshold=2.237879873533219 70.659971305595519 -2.1283403333999997 2.9041913758682534 -0.76773989138755316 -1.3496667037034848 0.81384649416994337 1.8824513681639108 130437.54000008108 -0.87520123552784179 -1.063109168124565 0.34547685804802009 1.4272038922337986 -0.68416429466927542 -0.22120451993471221 -0.00076949999999999989 1.0000000180025095e-35 1.5482022064351366 -1.790965168260215 3.0361877757759257 2.4025147152852662 88.961988304093623 -0.99768261383149504 41.510785794508315 -1.4718088692584748 -0.35349905590278502 0.76697978323085725 -0.86700218177725141 0.42038770379273066 0.36823269371941031
decision_type=2 2 2 2 2 2 2 2 2 2 2 2 2 2 2 2 2 2 2 2 2 2 2 2 2 2 2 2 2 2
left_child=2 -2 4 5 -1 -4 11 8 -8 10 -9 13 25 14 22 -15 -17 18 -18 20 21 29 23 -7 -24 27 -27 -13 -29 -20
right_child=1 -3 3 -5 -6 6 7 9 -10 -11 -12 12 -14 15 -16 16 17 -19 19 -21 -22 -23 24 -25 -26 26 -28 28 -30 -31
leaf_value=0.03857198351810831 -0.037594038670019703 0.066388211039213343 -0.006458838412089489 -0.057921325634599986 -0.041935776972110553 0.0090303111648656897 -0.025133173832823541 -0.0084757061130998953 0.11450938539376498 0.0057604977981994456 0.1554652599305183 -0.00022723166452410094 0.10109149593370018 -0.033551057644044473 -0.026618014373187438 0.0065110319470827712 -0.011424549116706264 -0.019154054724001057 0.044970532503376501 -0.026960698282364429 0.18612140771075014 -0.045517820762430494 0.071851468227700985 0.1139502274285058 -0.0075182259639771229 -0.020721553389232612 0.077967129098606397 0.12170527054459493 0.017975466372513581 0.10150301905682978
leaf_weight=3.959218084812167 24.305167213082317 2.3756953924894324 173.73732223361731 6.3072941154241553 20.947660148143768 4.9622693583369237 89.375645980238914 2.9544897526502609 2.8475289493799201 20.735482029616833 4.8082323297858265 6.5744506567716625 5.7630288377404204 15.352288313210009 57.753964230418205 152.10380840301514 9.0984291955828649 14.65794528275728 30.215196862816811 4.7451693862676612 3.5918110460042945 3.2986849546432486 5.0998003184795371 5.6376200914382935 33.745801813900471 18.116641566157345 5.3139120936393729 7.428767077624796 4.949014738202095 11.383057437837122
leaf_count=25 210 18 1349 55 215 35 702 23 20 164 31 47 36 116 444 1104 66 111 198 39 22 23 32 36 242 122 34 43 32 71
internal_value=-0.000234791 -0.0283353 0.00079868 0.00186302 -0.0291382 0.00240617 0.00536514 -0.00893219 -0.0208215 0.0295429 0.0930694 0.00968237 0.0335042 0.00642079 -0.00687837 0.012253 0.0153225 0.0327305 0.0449316 0.0545637 0.0625418 0.0526552 0.0161782 0.0648327 0.00290173 0.0243139 0.00166046 0.0523203 0.0802309 0.0604402
internal_weight=752.145 26.6809 725.465 700.558 24.9069 694.25 520.513 120.721 92.2232 28.4982 7.76272 399.792 48.1458 351.646 107.199 244.446 229.094 76.9903 62.3323 53.2339 48.4888 44.8969 49.4455 10.5999 38.8456 42.3828 23.4306 18.9522 12.3778 41.5983
internal_count=5665 228 5437 5197 240 5142 3793 940 722 218 54 2853 314 2539 789 1750 1634 530 419 353 314 292 345 71 274 278 156 122 75 269
is_linear=0
shrinkage=0.05


Tree=16
num_leaves=31
num_cat=0
split_feature=13 0 15 16 3 6 11 3 14 14 15 15 13 15 10 9 11 9 2 1 9 16 6 6 3 4 11 5 3 9
split_gain=8.49185 12.8941 8.44929 7.47929 6.70977 6.56435 14.8564 7.78264 7.66923 11.1344 15.5044 17.7137 21.2547 12.5842 17.11 13.057 10.7316 9.4856 9.3781 10.1288 9.01126 13.5316 8.86944 15.7455 7.80722 7.35612 8.74392 7.33088 12.8676 7.31748
threshold=2.2508966188838673 1.0000000180025095e-35 2.9041913758682534 -0.00028049999999999993 3.8709425066510423 -0.42519576337712711 -115413.77499997614 -2.3026149507801956 1.2730404066213461 1.0000000180025095e-35 -0.8956464166841297 0.19107674671353328 -0.99773971088366753 -0.99759322838443365 -1.1128502499800221 -0.68766230565852848 113441.75499999525 0.45846995843129751 0.52374526322433901 -0.11525255256106776 0.78635858235751199 -0.00047477999999999995 -0.13410126481353316 -0.21748548044991492 1.5824944807323074 35.653950010385572 37374.105000019081 72.727272727272307 1.7169384465708069 0.87669592265511986
decision_type=2 2 2 2 2 2 2 2 2 2 2 2 2 2 2 2 2 2 2 2 2 2 2 2 2 2 2 2 2 2
left_child=2 -2 3 4 5 -1 7 -7 9 13 -11 20 -13 14 -8 -16 18 25 19 -17 21 -12 23 24 -15 -10 -27 -14 -29 -20
right_child=1 -3 -4 -5 -6 6 8 -9 17 10 11 12 27 22 15 16 -18 -19 29 -21 -22 -23 -24 -25 -26 26 -28 28 -30 -31
leaf_value=-0.0065178793888298406 -0.038641438702484293 0.028904452306871588 -0.05744734836249818 0.010291218033808508 -0.042725641688632431 0.1379915626327165 -0.05042208887835891 0.030497123823433853 0.071433032301874214 -0.013040607456576665 0.15666987376784283 0.10795246971389341 -0.023036225737894787 -0.025798411594072132 -0.014382341183623748 0.045529628956557253 -0.020838751713410718 -0.039789097462060843 -0.021016967582259738 0.1377690315013311 0.016897341215327794 0.035215918309925175 -0.013948418872438804 0.11048158410127562 0.071510110202182675 -0.03224226660554301 0.062883751718555189 0.080755437371398925 -0.044134986609924348 0.074005004402912453
leaf_weight=251.09718729555607 30.191824950277805 9.2239047810435277 6.1286683082580558 180.62016554921865 9.6898856759071332 2.9912465438246727 6.4397571459412566 3.8523755595087996 3.8220891430974033 18.906218878924847 6.3802711814641944 5.5067268684506443 14.561726897954943 8.9502012208104116 8.5363658219575864 5.093777984380722 3.6942792758345595 21.491830296814442 3.7571066021919233 7.1593468189239555 3.2290396615862837 3.5801979750394812 103.52627535909414 4.1084841638803473 2.6780311092734328 9.3767354339361173 3.2540726140141478 5.5870118290185911 3.2692701444029808 4.3974359929561615
leaf_count=1947 294 58 56 1240 81 21 54 30 30 135 40 35 104 72 59 33 25 177 26 42 23 23 819 31 21 75 24 37 25 28
internal_value=-0.000243854 -0.0228346 0.0010073 0.00151506 -0.00150464 -0.000729426 0.004773 0.0774814 0.00283916 0.00642934 0.0245754 0.0414622 0.0195649 -0.000563659 0.0240611 0.0387571 0.0575779 -0.017916 0.0717732 0.099424 0.0894831 0.113014 -0.00863227 0.0263408 -0.00338785 0.0106561 -0.00773497 -0.00121935 0.0346525 0.0302248
internal_weight=751.102 39.4157 711.686 705.557 524.937 515.247 264.15 6.84362 257.306 219.362 61.0205 42.1142 28.9247 158.341 39.0781 32.6383 24.1019 37.9447 20.4077 12.2531 13.1895 9.96047 119.263 15.7367 11.6282 16.4529 12.6308 23.418 8.85628 8.15454
internal_count=5665 352 5313 5257 4017 3936 1989 51 1938 1632 422 287 201 1210 267 213 154 306 129 75 86 63 943 124 93 129 99 166 62 54
is_linear=0
shrinkage=0.05


Tree=17
num_leaves=31
num_cat=0
split_feature=14 14 4 15 13 16 5 5 13 15 3 9 4 12 15 12 1 3 13 14 12 11 0 6 11 13 15 11 1 16
split_gain=7.86011 8.32974 8.58955 8.06992 7.79229 6.58052 8.49912 9.94307 10.7541 10.3924 13.8157 8.44105 6.94505 9.86861 7.76352 12.0057 7.7697 7.28007 15.2437 12.8915 12.7591 10.5502 8.47833 7.19184 9.64001 6.65792 6.59087 6.6259 6.74214 8.56155
threshold=-2.1283403333999997 2.237879873533219 70.659971305595519 2.9041913758682534 -0.76773989138755316 -0.00043284499999999995 89.473684210526315 85.714285714286021 -0.83493989679347524 -1.0391948881121287 1.9042538639313256 2.1182091663787515 37.459677419354556 -727.61149999988254 -0.77674204743974828 -200.05349999992174 -0.26965539009142703 -1.8347799819947537 -1.0824620964922447 0.53185665420518469 -45.782499999739223 -20199.669999957081 1.0000000180025095e-35 -1.4240097588269021 -20677.184999942776 -0.30020003086498881 0.71659152918977576 22517.004999876026 0.97269835845080965 -0.00027883499999999996
decision_type=2 2 2 2 2 2 2 2 2 2 2 2 2 2 2 2 2 2 2 2 2 2 2 2 2 2 2 2 2 2
left_child=4 3 -3 5 -1 -2 7 11 -9 -10 -11 12 13 -7 15 -14 -17 -15 -19 21 -21 -20 -23 24 -16 -8 27 -27 -29 -30
right_child=1 2 -4 -5 -6 6 25 8 9 10 -12 -13 14 17 23 16 -18 18 19 20 -22 22 -24 -25 -26 26 -28 28 29 -31
leaf_value=0.034657427592542409 -0.0026789924827826835 -0.036489420905518939 0.061849347391837423 -0.05706625124986775 -0.04105632333977155 -0.030069527845425693 -0.039814465448854149 -0.024680423628956397 0.13572464554616251 0.086939497530024154 -0.035064419263510581 0.067921444930675132 -0.021628521021123295 0.0080570262447543783 0.063103885928051384 0.062245849465996497 0.016778966901876451 -0.033995522916772138 -0.0054889256833058064 0.03574451148389006 0.14630867789617039 0.02018438067373278 0.11893218347433328 -0.0072708026901428888 -0.043279682711513584 -0.017737126355248403 -0.059622443157419019 0.097758150453763293 -0.05849205737127975 0.053228867179379705
leaf_weight=4.0885948687791851 345.99130487442017 23.429480627179149 2.453041583299636 5.7905780375003806 20.126278139650822 8.6625504642724973 15.865719169378279 4.1297581493854549 3.9555601701140413 5.9897249788045848 3.7878047898411751 5.6923248618841162 15.431508533656595 28.229647658765316 8.0204943194985372 12.903985284268854 34.565959706902504 5.4961696639657012 9.4314228817820549 4.4708965569734573 6.2668344751000387 4.2363261356949842 4.4643651321530342 140.04952875524759 2.8991958498954764 9.3239239156246239 3.6738876253366461 3.4259493723511678 2.6799991205334672 4.7616704106330863
leaf_count=25 2674 210 18 55 215 70 128 30 23 38 26 38 114 207 56 78 226 40 63 27 36 29 23 1023 22 67 28 22 22 32
internal_value=-0.000249015 0.000685567 -0.0271693 0.00171521 -0.0282723 0.00220538 0.00705578 0.00985745 0.046066 0.0673405 0.0396753 0.00763344 0.00642985 0.0199489 0.00192554 0.0166839 0.0291385 0.0268709 0.0423253 0.0568551 0.100273 0.0311434 0.0708523 -0.00422354 0.0348589 -0.0147113 0.00197727 0.0131854 0.0397156 0.0129944
internal_weight=750.294 726.08 25.8825 700.197 24.2149 694.407 348.415 308.684 17.8628 13.7331 9.77753 290.821 285.129 71.2582 213.871 62.9015 47.4699 62.5957 34.366 28.8698 10.7377 18.1321 8.70069 150.969 10.9197 39.7311 23.8654 20.1915 10.8676 7.44167
internal_count=5665 5425 228 5197 240 5142 2468 2169 117 87 64 2052 2014 495 1519 418 304 425 218 178 63 115 52 1101 78 299 171 143 76 54
is_linear=0
shrinkage=0.05


Tree=18
num_leaves=31
num_cat=0
split_feature=13 0 15 13 3 3 11 3 11 13 14 11 16 10 15 15 9 14 10 14 1 5 13 14 3 9 13 10 13 1
split_gain=7.65418 11.8722 7.51478 6.90479 11.2022 11.1445 8.53843 26.71 10.2596 10.4563 9.70746 7.98661 7.3675 8.05315 7.44386 11.8996 7.74535 7.23858 13.7079 12.046 26.0044 12.1496 11.4837 23.7286 14.5466 20.6716 17.0175 22.8365 19.7923 17.1996
threshold=2.2508966188838673 1.0000000180025095e-35 2.9041913758682534 1.0107082786254946 3.1914130718310987 3.7464944830496942 -170395.71499991414 -1.5313875597533471 -26002.034999728199 1.0889805219242368 2.0249012972705214 -206477.25000011918 -0.0004789599999999999 0.18233184289071583 0.47831682135318815 -0.051631453070802094 0.4081515525449097 1.2730404066213461 0.058333633650998133 1.0000000180025095e-35 -0.70366143675117032 21.96045824094595 -0.20845405149366955 -0.092433776251279728 0.54085557244307847 0.068915744193992087 -0.7812482428676919 -0.31103307663902263 -1.4033262908174129 1.2290021826683706
decision_type=2 2 2 2 2 2 2 2 2 2 2 2 2 2 2 2 2 2 2 2 2 2 2 2 2 2 2 2 2 2
left_child=2 -2 3 5 6 11 7 -5 9 -8 12 -1 13 -10 15 -14 -16 19 -19 22 -21 -22 23 24 -13 -26 28 -28 -27 -29
right_child=1 -3 -4 4 -6 -7 8 -9 10 -11 -12 17 14 -15 16 -17 -18 18 -20 20 21 -23 -24 -25 25 26 27 29 -30 -31
leaf_value=-0.043656706800263068 -0.037716655707429401 0.026987732409741352 -0.056649573708143212 0.0045194084021791285 0.079867549519419823 -0.044369425282423047 0.060833705745995885 0.18394114884750587 0.031351321691718212 -0.025016684865070617 -0.049035546299219177 0.022596274018692897 0.027563981227957498 -0.043991922201667338 0.043796616477571958 0.10696644390807418 -0.06014345131692455 0.0068952662615675217 -0.037508057621091696 -0.038465068705147383 0.078924037230891309 0.0200670410658602 -0.013589542642832547 -0.024933734518377423 -0.033984352003510791 0.090666334452068884 -0.05888719979388312 0.1139849530391029 -0.043893849209382163 -0.02354749711484146
leaf_weight=10.098275624215601 29.122659496963024 9.3702980652451497 5.622491516172885 7.9699899777770042 5.9888286441564551 14.217371866106985 3.9752917662262908 2.8040402829647046 8.0960600674152321 32.901824578642845 4.6350328624248496 130.11127910017967 12.119784228503702 6.3115316629409781 4.2069383189082137 7.7266558855772116 3.1227166354656219 37.097075156867504 32.704436540603638 18.80814653635025 9.5544254407286626 106.54223322123289 126.82903604954481 52.628111571073532 33.318848684430122 3.4785939455032375 3.4377881065011051 10.863392651081083 12.745766237378119 2.8748428747057906
leaf_count=84 294 58 56 68 41 118 27 17 58 252 36 952 80 47 27 44 23 280 265 144 58 727 975 424 260 21 28 79 98 24
internal_value=-0.000249913 -0.0219657 0.00092611 0.00138518 0.0135665 -0.000624394 0.00933655 0.0512156 0.00390661 -0.0157622 0.0196 0.000427793 0.0272503 -0.00165428 0.0425742 0.0584771 -0.000485874 0.00119403 -0.0139092 0.00325632 0.0160751 0.0249108 -0.00133939 0.0048888 0.0128627 -0.00611911 0.0216781 0.056365 -0.0150434 0.0852051
internal_weight=749.284 38.493 710.791 705.168 99.8587 605.31 93.8699 10.774 83.0958 36.8771 46.2187 591.092 41.5837 14.4076 27.1761 19.8464 7.32965 580.994 69.8015 511.192 134.905 116.097 376.288 249.459 196.831 66.7192 33.4004 17.176 16.2244 13.7382
internal_count=5665 352 5313 5257 720 4537 679 85 594 279 315 4419 279 105 174 124 50 4335 545 3790 929 785 2861 1886 1462 510 250 131 119 103
is_linear=0
shrinkage=0.05


Tree=19
num_leaves=31
num_cat=0
split_feature=14 15 14 14 9 3 14 13 5 2 14 15 9 13 16 3 15 15 8 14 1 15 3 9 2 3 14 14 9 16
split_gain=7.14876 7.28098 8.16042 8.51441 7.84204 17.5913 15.8806 16.9496 11.0159 9.44235 7.41903 12.1388 7.54496 7.0969 6.61546 8.71022 8.22959 6.60952 10.1834 10.4033 9.35727 8.39975 19.6727 10.8189 8.99802 8.78462 24.8149 17.6426 14.2963 14.2444
threshold=-2.1283403333999997 1.2978735848820697 -0.92632357500502349 -1.893095614834285 -0.14936983609197022 -1.7054817991116662 0.013019049042518159 -0.70531419502606063 69.999999999999986 0.3955126399893229 2.237879873533219 0.82282224698413253 -2.6432236363467791 -0.76773989138755316 -0.00013377499999999996 2.5828778181176202 0.78164692323245377 -1.8198224487557051 0.11159818248578286 0.25317455505713343 -0.048776307297973741 -1.541685389461821 1.8279828156251836 -1.2457664497258814 -0.65891855182475378 -2.9552327968139021 -0.092433776251279728 -1.4581359112217724 -1.3496667037034848 -0.00068749999999999985
decision_type=2 2 2 2 2 2 2 2 2 2 2 2 2 2 2 2 2 2 2 2 2 2 2 2 2 2 2 2 2 2
left_child=13 10 3 -3 -4 -6 7 -7 -9 -8 12 -12 -2 -1 15 17 -16 18 -14 20 -20 22 23 24 -19 26 27 -23 -27 -29
right_child=1 2 4 -5 5 6 9 8 -10 -11 11 -13 14 -15 16 -17 -18 21 19 -21 -22 25 -24 -25 -26 28 -28 29 -30 -31
leaf_value=0.031571748186891395 -0.034977184844540106 0.050608131452425126 -0.018050540992876687 -0.050922705033071662 0.10574100542710843 -0.031635931415142003 0.021950188286772115 0.038096623067040369 0.17350658490378668 -0.045395487465465109 -0.04503880189197753 0.070057903607080835 -0.03598088132547872 -0.040174766189568833 0.026004077714038877 -0.019321988866620288 -0.028225095300627497 0.01096478764331839 -0.016097439299531387 -0.047589837670950652 0.076335948523459998 -0.025506758808433679 0.15686985289411193 -0.0063017305840695941 0.13515658435669783 -0.014880955407045218 -0.037187642001034756 0.0089187558774248017 0.0079070053458667293 0.1168726879422968
leaf_weight=4.1945818364620235 12.376388110220431 2.3247812986373928 47.736228495836258 18.471503898501396 4.458604969084262 3.6163269206881523 7.8843977972865131 3.0232527852058393 2.9848304912447929 15.314135551452635 15.883766330778601 2.6768937557935706 23.598920784890652 19.332040570676327 57.700615122914314 41.728527136147022 7.9613307565450659 2.8311464563012123 4.4433139860630044 4.6635505482554427 7.133955955505372 4.4307479783892658 2.9288868159055701 13.738224729895592 3.0081450790166899 89.332178182899952 9.1034150719642621 4.1898880749940899 299.83359540253878 11.287946067750452
leaf_count=25 100 22 388 187 30 28 62 21 21 127 145 21 191 215 356 339 61 22 32 39 45 34 18 98 19 697 73 28 2152 69
internal_value=-0.000258146 0.000622476 -0.0114979 -0.0395727 -0.00463054 0.0125528 -0.00010575 0.0538898 0.105369 -0.022507 0.00269488 -0.0284391 0.00365753 -0.027383 0.00447084 0.00259018 0.0194289 0.00449303 -0.01501 0.0154619 0.0408604 0.00625619 0.0360117 0.0179307 0.0749429 0.00465474 0.0311965 0.0624659 0.00267608 0.0876493
internal_weight=748.192 724.665 105.814 20.7963 85.0178 37.2815 32.8229 9.62441 6.00808 23.1985 618.851 18.5607 600.291 23.5266 587.914 522.252 65.6619 480.524 39.8397 16.2408 11.5773 440.684 22.5064 19.5775 5.83929 418.178 29.012 19.9086 389.166 15.4778
internal_count=5665 5425 886 209 677 289 259 70 42 189 4539 166 4373 240 4273 3856 417 3517 307 116 77 3210 157 139 41 3053 204 131 2849 97
is_linear=0
shrinkage=0.05


Tree=20
num_leaves=31
num_cat=0
split_feature=3 13 10 4 2 3 13 5 13 2 13 9 14 14 2 11 8 13 5 15 4 14 2 4 15 0 3 5 11 15
split_gain=7.11092 18.8817 27.9762 11.9646 11.901 9.94634 15.1986 15.6857 14.4332 21.2417 11.9449 11.5342 11.4901 10.4112 10.0794 9.8568 9.17473 9.15126 14.3749 9.48027 8.8155 13.4537 8.37118 8.965 8.147 14.1335 12.5719 17.7191 16.454 10.1786
threshold=-1.7803901946196858 -1.0474201263831016 -1.9096412553447428 61.904761904761948 -0.8228766059573015 -0.79860739390985869 0.1354597232682003 16.666666666668394 -0.80017778291931052 -0.70998913675410436 2.8375484672567381 -0.52230165980789967 -0.23566823409135404 -1.7292569465263132 -1.2403718114512272 -11943.785000085829 -0.97038276614699459 -0.99773971088366753 42.85714285714247 -0.02958808659131263 54.545454545454426 -1.1789131076434574 -0.37785382164302861 55.172413793103296 -0.8956464166841297 1.0000000180025095e-35 -3.0014518004507091 25.158227848102438 -105314.67000007628 0.74047462737887459
decision_type=2 2 2 2 2 2 2 2 2 2 2 2 2 2 2 2 2 2 2 2 2 2 2 2 2 2 2 2 2 2
left_child=1 2 -1 24 15 6 7 -2 13 12 11 -8 16 -7 -9 -4 -10 18 19 -16 21 -11 -20 -24 -3 26 27 29 -29 -26
right_child=5 3 4 -5 -6 8 10 14 9 20 -12 -13 -14 -15 17 -17 -18 -19 22 -21 -22 -23 23 -25 25 -27 -28 28 -30 -31
leaf_value=0.14821431734758203 -0.018352383073522341 -0.040283004061003824 -0.00089022627932900745 0.088955422772114781 -0.058823334882351842 0.033845615565760948 -0.03298645087017453 0.12242029074305756 0.056585897166386859 -0.052654444579018515 0.094423204445632458 0.025992407483138941 0.074256162207213414 -0.019955794491739905 0.078174101074786798 0.087176165768655181 -0.05917628498158764 0.021864284774663005 0.16512179647721237 -0.036509951795383404 0.0075008593240632505 -0.0032336774275584009 0.1277758975776267 0.0062139814766666197 -0.041528851605684189 -0.042119104313561057 -0.015570590328397749 0.18334014848575508 0.038911383305192726 0.03826779019064791
leaf_weight=4.2290197536349323 14.563265763223169 33.482083328068256 9.0303606167435664 2.6186919510364524 5.1554773151874516 9.7646524831652624 28.189318597316742 3.4436045065522185 3.3144410029053688 15.750305108726023 2.6271853223443022 11.742850437760351 15.893555946648119 113.63141939789057 3.150050938129425 4.9020336940884599 3.5393004491925266 41.975335888564587 3.643194906413556 4.2108070552349117 198.01687123626471 109.57781438529491 3.150859430432317 2.9243253916501999 8.3688407465815597 27.569618873298168 45.743474945425987 2.8536233380436897 6.3828204646706563 7.6487705558538428
leaf_count=27 113 293 67 17 42 65 222 22 24 131 25 82 97 881 20 30 28 302 20 33 1484 792 21 20 68 236 378 20 43 62
internal_value=-0.000263103 -0.00968277 0.0318585 -0.0168754 0.0060792 0.00226302 0.015134 0.0283789 -0.00101638 0.00421834 -0.00884819 -0.0156425 0.0509204 -0.0156983 0.0392682 0.0300954 -0.00319417 0.0344194 0.0652759 0.0125686 0.000932854 -0.00944451 0.105197 0.0692614 -0.0189741 -0.0117357 6.26556e-05 0.0283797 0.083533 -0.00342416
internal_weight=747.094 157.985 23.3169 134.668 19.0879 589.109 119.621 77.0614 469.488 346.092 42.5594 39.9322 22.7473 123.396 62.4982 13.9324 6.85374 59.0546 17.0792 7.36086 323.345 125.328 9.71838 6.07518 132.049 98.5671 70.9975 25.2541 9.23644 16.0176
internal_count=5665 1283 166 1117 139 4382 880 551 3502 2556 329 304 149 946 438 97 52 416 114 53 2407 923 61 41 1100 807 571 193 63 130
is_linear=0
shrinkage=0.05


Tree=21
num_leaves=31
num_cat=0
split_feature=13 15 5 9 15 5 13 3 10 12 11 15 3 15 11 11 15 7 11 12 14 10 14 1 5 13 14 2 3 9
split_gain=6.97805 12.0744 12.8839 19.3237 6.91072 6.51048 6.39903 10.2347 10.1824 9.25199 7.10888 6.81609 12.4538 8.26778 13.2717 12.1247 12.1483 8.11743 6.87078 6.32694 6.31268 12.2749 10.39 23.0561 10.6111 10.1065 21.0531 14.3977 20.3506 13.8213
threshold=2.2508966188838673 -1.0391948881121287 41.666666666667091 -0.092755507825033404 2.9041913758682534 80.95238095238112 1.0107082786254946 3.7464944830496942 1.7951319738693641 213.92400000011551 -206477.25000011918 -0.19192598920574638 0.32644212576410575 1.9067276273397282 -176817.16499996182 -26002.034999728199 0.44243055322229785 -1.34769485616242 51585.514999866493 -136.94500000029799 1.2730404066213461 0.058333633650998133 1.0000000180025095e-35 -0.68999096878987776 21.96045824094595 -0.20845405149366955 -0.092433776251279728 -0.8228766059573015 -2.2763367637393559 1.0020451779168125
decision_type=2 2 2 2 2 2 2 2 2 2 2 2 2 2 2 2 2 2 2 2 2 2 2 2 2 2 2 2 2 2
left_child=4 2 -2 -4 6 -5 7 10 9 11 -1 12 -8 14 -13 17 -17 -16 -18 -14 22 -22 25 -24 -25 26 -12 28 -28 -27
right_child=1 -3 3 5 -6 -7 8 -9 -10 -11 20 13 19 -15 15 16 18 -19 -20 -21 21 -23 23 24 -26 29 27 -29 -30 -31
leaf_value=-0.042356910913975143 -0.056390200018694506 -0.040484998625947281 0.1668811231383025 -0.042881377962772471 -0.056178962620614184 0.067374562291389703 -0.024872188674511762 -0.043435129352944489 0.075733120809633098 -0.017810520325971618 0.011854300436777904 0.11224435107628544 0.0027005646835098814 -0.043512104209713888 0.063291821036377802 0.091602347305664883 -0.023899259242094087 -0.02661063728931223 0.07003956579243284 0.083855277147104945 0.0061862767191085688 -0.036232536383767971 -0.036108156740306187 0.0742148274898356 0.01865332993482156 -0.019593703286426668 -0.057846832463864295 -0.037627772839780214 0.082584221771842381 0.028643415729214135
leaf_weight=9.5974372178316099 3.7467125430703154 25.764274097979069 2.6399881392717353 3.2559371814131728 5.2734349817037574 2.2740228548645973 18.502938240766529 13.672399267554281 6.0735828727483741 24.05561275780201 198.30074455589056 5.1569819450378409 4.5814452618360519 3.4196098223328582 3.1941904276609412 9.7110822945833259 5.4452637135982496 11.736006259918208 3.0294322073459625 5.0476531982421857 37.321825847029686 31.405567280948162 19.140217244625092 9.3377800956368429 107.76313479989767 107.89115896821022 4.2554070726037025 40.732216097414494 6.5519148558378202 17.220215335488319
leaf_count=84 40 245 21 29 56 17 146 118 39 174 1462 37 32 30 23 57 40 89 21 32 280 265 150 53 726 850 37 341 46 125
internal_value=-0.000269546 -0.0212359 0.0203814 0.0555887 0.00084566 0.00245792 0.00127333 -0.000668346 0.0129908 0.00893165 0.000323523 0.0181447 -0.000873158 0.030977 0.0376325 0.0260135 0.0534264 -0.00737676 0.00968086 0.0452425 0.00102987 -0.0131974 0.00294265 0.0147681 0.0230839 -0.00135421 0.00445475 -0.0240153 0.0272892 -0.0129544
internal_weight=746.098 37.6809 11.9167 8.16995 708.417 5.52996 703.144 603.19 99.9538 93.8802 589.518 69.8246 28.132 41.6926 38.273 33.116 18.1858 14.9302 8.4747 9.6291 579.92 68.7274 511.193 136.241 117.101 374.952 249.84 51.5395 10.8073 125.111
internal_count=5665 352 107 67 5313 46 5257 4537 720 681 4419 507 210 297 267 230 118 112 61 64 4335 545 3790 929 779 2861 1886 424 83 975
is_linear=0
shrinkage=0.05


Tree=22
num_leaves=31
num_cat=0
split_feature=14 15 14 14 9 14 15 9 3 5 10 2 5 3 2 13 11 16 4 12 15 5 14 16 15 13 15 5 13 8
split_gain=6.48344 6.65071 7.65909 7.83828 6.93879 15.3673 26.6985 10.2117 8.97211 13.1284 6.83917 10.0325 9.85568 8.43691 8.90874 12.0719 10.96 10.1121 8.63661 10.5825 11.4018 9.72634 14.3966 10.4023 7.95598 10.4768 7.43387 7.39748 7.28537 8.49275
threshold=-2.1283403333999997 1.2978735848820697 -0.92632357500502349 -1.893095614834285 -0.14936983609197022 0.78183089522384175 1.7449887855475053 0.45846995843129751 1.6539127212935243 58.397435897435948 -1.0958229467815543 -0.55329697076969686 41.666666666667091 -1.6235265502103176 -0.83907457610664704 -0.7752861095396949 -156162.38500010964 -0.00062547999999999987 40.709353421217756 128.71950000012296 -1.0499953410073992 27.272727272726843 -0.29603191804157519 -0.00052089999999999981 -0.68200966090898418 -0.63882999375141825 0.71659152918977576 11.111111111110867 0.32874482101700458 -0.43153534171691371
decision_type=2 2 2 2 2 2 2 2 2 2 2 2 2 2 2 2 2 2 2 2 2 2 2 2 2 2 2 2 2 2
left_child=-1 10 3 -3 -4 6 -6 -7 9 -8 11 12 24 18 15 -15 -16 -17 19 20 -12 22 26 -23 25 27 -22 -2 -19 -30
right_child=1 2 4 -5 5 7 8 -9 -10 -11 13 -13 -14 14 16 17 -18 28 -20 -21 21 23 -24 -25 -26 -27 -28 -29 29 -31
leaf_value=-0.026536759045404135 -0.044483477608963491 0.04530590188335807 -0.017312150367727708 -0.050387185028007181 -0.036466957248477316 0.036546968589964528 0.058481981705575538 -0.043354733638065482 0.028084419641420822 0.18839530054616443 -0.035083349609320413 -0.026365597461360149 0.065692729587357543 -0.033449355381590731 0.078393801429393839 -0.030489942067677234 0.0049949517901823181 0.086064156303935768 -0.033473438383590071 -0.029818320599326639 0.10297032418038657 0.017622979654041925 -0.058761840483941535 0.13613148602490882 0.0092350883672851734 -0.042855965096130932 -0.0047650091644603453 0.046547169999806376 0.070124129417466444 -0.034357744564328614
leaf_weight=22.781824000179768 3.2248629778623599 2.434235222637656 46.93561839312315 17.699750274419785 6.5641860663890865 5.67810691893101 4.0702293366193754 13.520232178270815 3.95437952876091 3.7237960174679756 6.2068002894520786 45.893621012568474 5.7341792955994597 5.3458481132984188 5.1553069651126853 3.386810943484309 377.98474328219891 12.779433436691763 26.278761692345142 14.876020677387713 3.9249631538987177 3.1816146671772003 4.2626213431358337 4.429848536849021 56.394545130431652 20.702285155653954 2.7044395357370377 7.2471659556031227 4.5087796524167061 3.4203813299536696
leaf_count=240 26 22 388 187 52 43 26 118 29 21 52 373 37 38 32 25 2710 77 204 117 27 23 35 26 427 194 20 49 24 23
internal_value=-0.000274339 0.000554083 -0.0111063 -0.0388177 -0.00449922 0.011533 0.0443007 -0.019723 0.0894281 0.120551 0.00252844 -0.00722607 0.00218822 0.00536636 0.00801924 0.034524 0.00598256 0.0496047 -0.0112514 0.00350037 0.0235588 0.0432297 0.0129258 0.0865946 -0.00197017 -0.0222406 0.0590201 0.0185143 0.0627039 0.0250541
internal_weight=745.005 722.224 104.581 20.134 84.4465 37.5109 18.3126 19.1983 11.7484 7.79403 617.643 139.197 93.303 478.446 412.581 29.4413 383.14 24.0954 65.8651 39.5863 24.7103 18.5035 10.892 7.61146 87.5689 31.1743 6.6294 10.472 20.7086 7.92916
internal_count=5665 5425 886 209 677 289 128 161 76 47 4539 1106 733 3433 2929 187 2742 149 504 300 183 131 82 49 696 269 47 75 124 47
is_linear=0
shrinkage=0.05


Tree=23
num_leaves=31
num_cat=0
split_feature=13 15 5 10 15 13 3 3 15 15 1 11 14 9 14 3 15 4 7 11 13 11 15 15 5 11 14 6 13 14
split_gain=6.35625 11.2385 11.0256 13.6587 6.39781 5.73042 9.53202 8.65044 6.94693 16.0628 22.8971 11.5753 7.58262 7.4472 17.6543 15.8361 11.2153 9.62007 7.23877 6.65217 6.10588 5.58818 13.3335 16.2295 14.4444 8.4136 11.4748 19.0896 14.5656 9.35109
threshold=2.2508966188838673 -1.1851475899017514 41.666666666667091 1.0203540239745268 2.9041913758682534 1.0107082786254946 3.7464944830496942 3.1914130718310987 1.9067276273397282 1.0755746354190381 -0.60870280317231085 47681.740000128753 -1.4581359112217724 -0.87494841993440775 1.5155323237233627 1.0979356204121336 0.55605385592668721 29.411764705882302 -0.70051706951464399 -206477.25000011918 1.1618871818249248 -121515.20000016688 0.23513085440273571 1.5842419712190743 19.444444444444656 -50264.439999938004 0.42038770379273066 0.10564967378223253 -0.81197661290978906 1.2730404066213461
decision_type=2 2 2 2 2 2 2 2 2 2 2 2 2 2 2 2 2 2 2 2 2 2 2 2 2 2 2 2 2 2
left_child=4 2 -2 -4 5 6 19 8 9 12 -11 -12 -7 15 16 17 -15 18 -14 -1 -19 22 -21 24 -24 26 -23 28 -28 -27
right_child=1 -3 3 -5 -6 7 -8 -9 -10 10 11 -13 13 14 -16 -17 -18 20 -20 21 -22 25 23 -25 -26 29 27 -29 -30 -31
leaf_value=-0.041651259118062361 -0.055629338140506794 -0.03846262238551789 0.12946586921935013 -0.0043025765837478363 -0.055781897667046054 -0.050087442979921452 -0.042617556665783617 0.068351712813251225 -0.048037236533564738 0.17931914498901236 -0.043677653011483283 0.097870544457301728 -0.018318473625325783 0.048877282830673892 -0.051909690322095796 0.079635216832440486 -0.031812606262232763 0.02007791884605211 0.088854688215894304 -0.016177016831483756 -0.050846894506203867 -0.023009123163334391 0.018013018059236309 -0.020100351594887267 0.13479587245267385 0.0053331297303636678 0.076393800234176246 0.13437079289806497 -0.025273382693360148 -0.016731396203533207
leaf_weight=9.3092633560299856 3.2376913055777532 25.927877277135849 3.3927062526345253 4.3613997772336006 4.9643262773752204 5.9064373448491088 13.241541877388952 6.4289580807089797 5.1532620117068282 3.3139498680830002 3.4670456945896131 2.4756371527910233 3.4116466119885445 29.634784258902073 6.6279428228735915 4.3431867212057105 5.0385806411504737 3.6511301994323757 2.9275291860103634 12.572912372648718 17.968824483454227 74.242515720427036 4.4796649515628832 5.2184002324938765 6.4748436659574509 399.34026969969273 4.6571156382560774 3.0400791242718688 14.465989716351032 54.582279667258263
leaf_count=84 38 254 24 36 56 52 118 41 47 23 30 16 26 183 53 25 35 26 20 102 143 598 35 44 40 2909 33 20 113 441
internal_value=-0.000276057 -0.020501 0.0218676 0.054226 0.000780186 0.00118019 -0.000664809 0.0122416 0.00840074 0.0116772 0.0740133 0.0152893 0.00441997 0.008794 0.0228594 -0.00918983 0.0371518 -0.022988 0.0311757 0.000279336 -0.0388693 0.000953417 0.0224447 0.0524694 0.0870395 -0.000169156 -0.0135841 0.0179879 -0.000514024 0.00267996
internal_weight=743.858 36.9197 10.9918 7.75411 706.938 701.974 601.625 100.349 93.92 88.7667 9.25663 5.94268 79.5101 73.6036 41.3013 32.3023 34.6734 27.9591 6.33918 588.383 21.62 579.074 28.7458 16.1729 10.9545 550.328 96.4057 22.1632 19.1231 453.923
internal_count=5665 352 98 60 5313 5257 4537 720 679 632 69 46 563 511 271 240 218 215 46 4419 169 4335 221 119 75 4114 764 166 146 3350
is_linear=0
shrinkage=0.05


Tree=24
num_leaves=31
num_cat=0
split_feature=15 13 15 5 10 0 13 10 3 12 14 11 6 11 3 9 8 9 5 2 14 11 15 9 4 9 14 9 10 3
split_gain=5.9174 6.05848 10.261 12.1548 18.133 11.816 6.34732 10.4664 8.89149 7.16196 7.53449 6.19314 5.69579 7.66596 11.805 8.15148 7.09616 6.89427 11.3976 6.809 6.70152 6.66419 6.52575 5.44114 5.10785 5.17981 5.05196 11.369 9.88104 11.1695
threshold=2.9041913758682534 2.0779892037901191 -1.0391948881121287 41.666666666667091 0.32293818586422934 1.0000000180025095e-35 1.0107082786254946 1.7951319738693641 3.7464944830496942 323.43200000002986 -0.83384847613949842 -206477.25000011918 -1.4240097588269021 -176817.16499996182 -1.5313875597533471 -0.87494841993440775 1.0009840825726644 -0.056311352787556487 60.000000000001073 -0.55329697076969686 0.53185665420518469 -1.0000000180025095e-35 0.74047462737887459 1.1507587611910874 34.375000000000071 -1.4092818628657493 1.2730404066213461 0.60722639982733628 0.073265033267981061 -2.1432700001818321
decision_type=2 2 2 2 2 2 2 2 2 2 2 2 2 2 2 2 2 2 2 2 2 2 2 2 2 2 2 2 2 2
left_child=1 6 3 -3 -5 -6 8 9 11 12 -11 -1 -8 14 22 16 24 18 20 -19 -17 -21 -14 -23 25 -15 -13 28 29 -28
right_child=-2 2 -4 4 5 -7 7 -9 -10 10 -12 26 13 15 -16 17 -18 19 -20 21 -22 23 -24 -25 -26 -27 27 -29 -30 -31
leaf_value=-0.040836833181028681 -0.055459947368785449 -0.055689059430854615 -0.033879154571925849 0.14098850925649314 -0.056867984719483025 0.079079764003731484 -0.032724537380492462 0.080845628718753282 -0.041815896597448186 0.048186157798057377 -0.0377510941322938 0.0025900230544021485 -0.02580563101539491 0.060408351906447569 0.1458281958003656 -0.028790067089851025 0.054198465609792391 0.078258452943647888 0.095835860765699318 -0.050754073374002555 0.056449832858908568 0.045713288035440114 0.083706696998100794 -0.022575963998301377 -0.045503921646068347 -0.039349649778711276 -0.036115928737613809 -0.040641380482169982 -0.02934570192395581 0.037375165115665979
leaf_weight=9.027385011315344 4.826985713094472 4.0234438404440871 30.798327092081308 3.4024528563022596 3.8955154418945312 2.710410013794899 5.5061068385839453 5.4220857545733443 12.831117630004881 3.176075994968417 12.949829690158365 511.96902633458376 3.1365426927804947 2.8271355628967285 2.9273040592670423 4.6559857651591283 3.309006340801715 2.9183943793177596 7.6955772787332526 5.3370350748300579 4.5681737065315247 6.8133733868598991 2.4021520838141441 5.1005725115537643 10.991698220372198 2.4109087660908761 6.7560037523508099 22.851359352469444 15.545804880559443 22.025742225348949
leaf_count=84 57 47 295 22 38 15 44 32 118 23 95 3790 28 22 14 34 21 17 46 40 32 43 18 36 89 20 57 200 134 154
internal_value=-0.000279934 8.09855e-05 -0.0177329 0.0177064 0.047212 -0.00108865 0.00123311 0.0134524 -0.000640392 0.00923902 -0.0208253 0.000257856 0.0161061 0.0202365 0.0646137 0.013602 -0.0125345 0.0273709 0.0509073 0.00762662 0.0134241 -0.00432236 0.0216903 0.0164774 -0.0261404 0.0144928 0.000898414 -0.0119933 0.00277511 0.0201244
internal_weight=742.812 737.985 44.8301 14.0318 10.0084 6.60593 693.154 92.148 601.006 86.7259 16.1259 588.175 70.6 65.0939 8.466 56.6279 19.5387 37.0891 16.9197 20.1694 9.22416 17.251 5.53869 11.9139 16.2297 5.23804 579.148 67.1789 44.3276 28.7817
internal_count=5665 5608 417 122 75 53 5191 654 4537 622 118 4419 504 460 60 400 152 248 112 136 66 119 46 79 131 42 4335 545 345 211
is_linear=0
shrinkage=0.05


Tree=25
num_leaves=31
num_cat=0
split_feature=14 13 14 3 15 10 2 10 2 10 5 3 9 13 14 4 15 14 13 11 9 6 3 15 15 5 3 4 14 14
split_gain=5.80578 6.01548 5.95392 7.12115 5.75065 5.58497 6.29887 4.76103 11.4893 8.73012 14.3361 18.9733 10.4945 8.63467 12.5901 9.17831 8.92791 11.4704 11.8374 10.3134 15.4692 9.57637 10.8464 8.56909 8.28362 7.85747 12.5715 16.8434 8.91963 8.2894
threshold=-2.1283403333999997 -0.76773989138755316 2.3535989025859609 3.1914130718310987 2.9041913758682534 0.011437647261373888 -0.98597597171532414 -1.0958229467815543 -0.55329697076969686 -0.92028572061181524 46.495250573206341 0.34322884375040347 0.20377259311303628 -0.7752861095396949 -1.893095614834285 72.368129432624173 0.81384649416994337 -1.0745432637625605 -0.68416429466927542 80961.290000081077 0.65604190677056662 0.34901387194054462 2.4939052717417769 1.7449887855475053 -2.4266376379166221 50.00000000000005 -0.29379739480608685 57.575757575757692 -1.4037027080310569 -1.5142124503630987
decision_type=2 2 2 2 2 2 2 2 2 2 2 2 2 2 2 2 2 2 2 2 2 2 2 2 2 2 2 2 2 2
left_child=1 -1 4 -4 7 -3 -7 8 -2 10 -9 -12 -13 14 -11 24 -15 -18 23 21 -21 22 -20 -19 -16 28 27 -27 29 -26
right_child=2 5 3 -5 -6 6 -8 9 -10 13 11 12 -14 16 15 -17 17 18 19 20 -22 -23 -24 -25 25 26 -28 -29 -30 -31
leaf_value=0.027237075040466532 0.0030614351586556454 -0.055016746774655151 -0.037269841521885012 0.060958037268964142 -0.055204433777582433 0.081493926207849524 -0.038011798625351978 -0.00083407268626364307 -0.026135603301767476 0.07031111197058619 0.10828215002093036 -0.060135766381484483 0.061362969537199344 0.01010420527519665 0.089780874008305825 -0.054259630032578623 -0.050195911930860294 0.01172773894433151 -0.0091471577406182242 0.118203377024734 -0.029167983144260941 -0.046841575536658311 0.091153934165818573 0.11992236398786596 -0.01195758938719285 0.090247905128954101 -0.01078951979975102 -0.013474328041319476 -0.030915786066018636 0.094849681856153167
leaf_weight=4.3440197110176113 108.04346930235624 13.15224574878812 17.344133049249653 2.064754605293273 4.4813521280884734 1.814150884747505 2.8112737089395514 20.289941065013409 48.963916301727295 4.8390928283333769 9.4502441138029116 3.5814990550279608 3.5280881077051163 290.50317887961864 2.1431091353297225 11.599114187061785 13.832250088453291 4.1574598476290694 31.378596782684326 3.7682227864861479 3.3759750425815582 16.543039917945862 2.9486350268125525 3.2690304964780807 5.0502636432647705 8.3520290330052358 41.942012280225754 7.3660317584872237 47.95566775649786 2.8371476754546157
leaf_count=25 850 164 172 18 55 20 31 143 408 31 56 27 22 2042 11 97 130 32 243 21 28 134 21 22 37 54 326 55 372 18
internal_value=-0.000278716 -0.0255087 0.000496886 -0.0268202 0.00125409 -0.0383972 0.00885988 0.00161776 -0.00604388 0.00385074 0.0273404 0.0618612 0.00015722 0.00212599 -0.00884751 -0.0118579 0.00604573 -0.00882689 -8.2725e-05 -0.0076912 0.0485634 -0.0155916 -0.000531511 0.0593534 -0.00760506 -0.00944385 0.00350271 0.04164 -0.0228117 0.0264616
internal_weight=741.73 22.1217 719.608 19.4089 700.199 17.7777 4.62542 695.718 157.007 538.711 36.8498 16.5598 7.10959 501.861 132.084 127.245 369.776 79.2732 65.441 58.0145 7.1442 50.8703 34.3272 7.42649 115.646 113.503 57.6601 15.7181 55.8431 7.88741
internal_count=5665 240 5425 190 5235 215 51 5180 1258 3922 248 105 49 3674 1001 970 2673 631 501 447 49 398 264 54 873 862 435 109 427 55
is_linear=0
shrinkage=0.05


Tree=26
num_leaves=31
num_cat=0
split_feature=14 16 5 3 13 5 16 16 12 4 10 4 11 7 11 14 11 5 5 13 15 3 13 3 10 4 14 9 4 12
split_gain=5.52797 5.55272 6.01637 11.8115 8.69243 9.58301 10.6729 7.98547 6.72713 6.27184 5.76507 8.92762 10.4379 10.141 7.12618 6.32922 7.90909 5.74797 7.2725 8.57583 11.7357 9.76025 12.3847 9.56323 8.41138 9.36637 5.96654 8.05465 5.94065 7.96018
threshold=-2.3678807452017394 -0.00043284499999999995 49.999999999999972 0.68084418027395055 -0.19968508347348579 54.54545454545444 -0.0005779549999999999 -0.00057576999999999986 560.64850000012677 60.714285714285872 0.44783389603522811 72.368129432624173 -3343.3899999856944 1.0644523217376018 8323.77499997616 -0.78085888087425881 -16218.399999976156 89.473684210526315 77.288845905867433 -0.97049693431206852 -1.0657348465828194 1.7169384465708069 -0.68416429466927542 3.4898600243310796 0.32293818586422934 60.714285714285872 0.33860696438195104 -0.37507611172296301 37.459677419354556 -727.61149999988254
decision_type=2 2 2 2 2 2 2 2 2 2 2 2 2 2 2 2 2 2 2 2 2 2 2 2 2 2 2 2 2 2
left_child=-1 2 8 4 5 6 -4 -6 -2 -9 14 12 -12 -14 15 -7 -17 18 28 -20 26 22 -22 -23 25 -24 27 -21 29 -3
right_child=1 17 3 -5 7 10 -8 9 -10 -11 11 -13 13 -15 -16 16 -18 -19 19 20 21 23 24 -25 -26 -27 -28 -29 -30 -31
leaf_value=-0.033221131724475363 -0.0084751413247471149 -0.029756338535856637 0.13703508994187968 -0.010052686228215832 -0.029205853067068546 -0.020409123609371787 0.015283067736211953 0.036139649355755109 -0.057975634129680757 -0.043885315654327101 0.0018833331736560104 -0.04241585810584278 0.12051054743929396 0.024128352318832633 -0.02975530766930903 0.0095883473933165778 0.099027228025805283 -0.012993026977191855 -0.021124218537724535 0.038319975021962577 0.11625356287645455 -0.040191740169023916 0.010648545832296527 0.064799991061207776 -0.018122412462002007 0.1218158025356936 0.018546416795368264 0.13352468854681518 -0.0011833248784410947 0.020911489087110019
leaf_weight=12.520886931568382 178.98563970252872 8.7370613664388639 3.9637053571641445 90.233651418238878 16.256775379180908 5.0812440365552893 3.2974183782935134 12.726100124418734 7.1372789517045012 3.0316824167966834 6.4569982215762201 2.8697697147727004 6.7487779259681684 4.5820938274264336 9.7128313481807691 5.7522083520889264 4.3343167006969487 41.136532887816429 8.9853346124291402 3.7734756842255583 4.0629029572010014 10.060878016054629 4.768999837338928 2.7649222984910002 7.8977586030960083 3.1438690721988678 3.6171627938747397 5.402070812880992 193.82165072113276 68.73551220446825
leaf_count=140 1459 77 26 728 127 40 25 91 64 23 49 22 43 31 73 45 29 319 70 22 24 77 35 20 54 17 24 29 1400 482
internal_value=-0.000280438 0.000286048 -0.004115 0.00253931 0.015936 0.0284002 0.0817451 -0.00462048 -0.0103733 0.0207434 0.0198943 0.0394186 0.0526211 0.0815345 0.00368389 0.025097 0.0480214 0.00461827 0.00684213 0.0235134 0.0323299 0.0164456 0.0383906 -0.0175581 0.0183819 0.0548165 0.0729318 0.0943714 0.00349445 0.0151974
internal_weight=740.6 728.079 361.17 175.048 84.8139 52.7994 7.26112 32.0146 186.123 15.7578 45.5382 20.6576 17.7879 11.3309 24.8806 15.1678 10.0865 366.908 325.772 54.4774 45.492 32.6993 19.8735 12.8258 15.8106 7.91287 12.7927 9.17555 271.294 77.4726
internal_count=5665 5525 2875 1352 624 383 51 241 1523 114 332 145 123 74 187 114 74 2650 2331 372 302 227 130 97 106 52 75 51 1959 559
is_linear=0
shrinkage=0.05


Tree=27
num_leaves=31
num_cat=0
split_feature=15 13 0 11 15 2 2 14 15 3 9 14 3 5 10 2 3 5 9 2 6 3 10 15 7 11 14 7 6 14
split_gain=5.32297 5.35066 10.5601 5.66317 5.28555 10.6242 25.393 4.95574 17.4754 10.0101 9.5775 12.7448 11.9902 11.8698 13.3115 9.73486 9.53281 22.9115 18.7979 17.4752 11.7562 11.4543 9.76746 8.87497 7.64466 9.47087 7.91027 9.6277 7.49576 10.6822
threshold=2.9041913758682534 2.2508966188838673 1.0000000180025095e-35 2579.6300001144414 -0.57210808166811222 -0.19443646005429382 -0.75091597224656459 1.0000000180025095e-35 -1.9262589364394544 -2.4815386778861774 0.6314002920865931 1.2730404066213461 -1.2419143210288379 69.565217391304557 1.4980299975224474 0.30364204098758885 1.0409480491331082 40.000000000000199 -1.1342161030257945 -0.70998913675410436 0.80237531027162179 -0.73796639356111549 -1.8551740765753439 -0.81919420935015341 -1.0101592242688795 9001.0349999666232 0.65475700163621398 1.0225015937585706 0.54446046575999041 0.50995600456219503
decision_type=2 2 2 2 2 2 2 2 2 2 2 2 2 2 2 2 2 2 2 2 2 2 2 2 2 2 2 2 2 2
left_child=1 7 4 -4 5 6 -3 -1 -9 -10 13 12 -12 16 15 -15 19 -18 -19 20 21 23 -21 -11 -14 -26 27 -27 29 -17
right_child=-2 2 3 -5 -6 -7 -8 8 9 10 11 -13 24 14 -16 28 17 18 -20 22 -22 -23 -24 -25 25 26 -28 -29 -30 -31
leaf_value=-0.0022365733174253082 -0.054930878847057635 -0.055023310706336398 -0.0070582946143152971 0.071823670741829909 -0.055334475602919847 -0.056440096567031466 0.16062316527610287 -0.048005119728993732 -0.028258460585542551 -0.050851509468777513 0.10600531026632282 -0.030685075327504294 -0.05000857021713289 0.10335006594214223 -0.018336163718331265 0.061072941044630437 0.10711155467970278 0.094117042861574629 -0.038443787060658957 0.060525946313109813 0.090654574721227871 0.069901379129991115 -0.01954832917178528 0.016194644845601302 0.083562701613794754 0.059963892144652392 -0.035231737047588238 -0.044377975253020577 0.0735359225417858 -0.01496591989465154
leaf_weight=438.86666747555137 4.4286045394837847 3.1026676706969738 5.2978957965970022 3.9881539940834045 14.523992236703634 5.9299679920077324 2.437617652118206 13.939615800976751 16.360265366733074 6.024200357496734 3.3249249309301403 26.756995014846325 5.0680051594972673 7.6196038275957099 7.9460689499974242 8.7047475874424034 8.0979160070419329 3.7652754113078108 9.2304601445794088 4.0937034934759131 6.2542537525296202 8.2441525980830175 54.632293313741684 27.3197789862752 4.4279048740863791 7.7491259574890154 8.0492479503154737 3.0932727679610252 10.53745613992214 9.8399172723293287
leaf_count=3374 57 40 35 23 175 62 16 120 139 49 17 233 38 44 56 54 40 24 69 29 35 46 388 196 28 54 61 23 68 72
internal_value=-0.000278421 5.07757e-05 -0.0189482 0.0268198 -0.0352981 -0.00992734 0.0398569 0.0010084 0.00646312 0.00953534 0.0122146 -0.00527132 0.0161712 0.018148 0.0403386 0.0530419 0.0103872 0.0410978 -3.67241e-05 0.00430854 0.0267409 0.0171292 -0.0139665 0.00408153 0.00564929 0.0177453 0.00231878 0.0301958 0.039861 0.0207262
internal_weight=739.655 735.226 35.2803 9.28605 25.9942 11.4703 5.54029 699.946 261.079 247.14 230.779 58.4695 31.7125 172.31 44.6478 36.7017 127.662 21.0937 12.9957 106.568 47.8424 41.5881 58.726 33.344 28.3876 23.3196 18.8916 10.8424 29.0821 18.5447
internal_count=5665 5608 351 58 293 118 56 5257 1883 1763 1624 454 221 1170 294 238 876 133 93 743 326 291 417 245 204 166 138 77 194 126
is_linear=0
shrinkage=0.05


Tree=28
num_leaves=31
num_cat=0
split_feature=15 14 14 3 16 5 5 9 13 4 12 8 10 10 15 9 9 11 2 6 15 13 3 2 3 9 11 13 10 13
split_gain=5.03678 5.06991 5.06952 6.92856 4.64928 5.83387 6.213 6.69036 6.70134 5.38422 7.44668 8.07077 7.1527 9.1533 9.38652 7.17136 7.19757 6.53876 6.5838 8.18337 6.97386 6.17127 6.53983 7.19949 6.43958 6.19746 7.96971 7.86608 6.26974 10.7063
threshold=2.9041913758682534 -2.3678807452017394 2.3535989025859609 2.4025147152852662 -0.00043284499999999995 89.473684210526315 85.714285714286021 1.1507587611910874 -0.83493989679347524 37.459677419354556 -727.61149999988254 -1.6335824984792258 -1.1128502499800221 -0.86341996043237057 -2.5861033021820066 2.0467454209154514 1.5663798416909758 -26002.034999728199 -1.553053353942315 0.47321923103151453 0.61965428223538677 -0.81197661290978906 -1.6235265502103176 -0.59434942801941471 1.0170432180580971 -1.0043934163023438 -13027.890000104902 -0.087648856186849991 0.89766531188680831 0.9326720698242682
decision_type=2 2 2 2 2 2 2 2 2 2 2 2 2 2 2 2 2 2 2 2 2 2 2 2 2 2 2 2 2 2
left_child=1 -1 4 -4 -3 6 9 8 -8 10 -6 -12 -11 -14 -15 16 21 -13 -19 20 -20 -16 -23 -24 -25 27 -27 -26 -28 -30
right_child=-2 2 3 -5 5 -7 7 -9 -10 12 11 17 13 14 15 -17 -18 18 19 -21 -22 22 23 24 25 26 28 -29 29 -31
leaf_value=-0.032111508401508185 -0.054670266889341824 -0.0028617710154815752 -0.040346212588831282 0.036589547984454844 -0.027654010882956905 -0.012979177728694169 -0.01243535848932923 -0.01407998037744003 0.070968562698812201 -0.018961251695417423 0.072529404571073194 0.0006007599389077922 0.041198976646408134 0.083605524703028733 -0.01783395571755813 0.053452112178268056 -0.051985327258061757 -0.025123334461225735 0.0913998550561929 0.012430157881439243 0.0084669453373655591 -0.036784872758075078 0.046375615332218685 -0.0063702558560455452 0.0051411191695047874 -0.023582617422908472 0.00031870594996551355 0.10260325966844103 0.019362540107459639 0.11788528699035623
leaf_weight=12.065120942890642 4.2321923002600661 347.62528279051185 14.900206390768291 3.6415354236960402 8.1778390742838365 38.996236503124237 3.0800080075860032 5.0894267857074729 11.045022875070572 34.846998147666454 7.2950853519141665 30.351202439516779 16.560746014118195 3.4756144434213629 34.620509780943394 6.1802161335945121 6.7460448294877997 4.0606234297156361 9.9088936932385021 11.371927782893179 3.4062902107834807 8.2728735879063588 11.71438020467758 55.809089995920658 3.8193182796239853 11.804102592170237 11.884836979210379 4.5207439437508565 8.6226706057786924 4.053808517754077
leaf_count=139 57 2742 156 33 73 303 23 34 64 274 50 221 101 18 261 39 54 29 53 74 22 66 71 401 28 87 80 26 63 23
internal_value=-0.00028075 3.28785e-05 0.000570122 -0.0252363 0.00125044 0.00526914 0.00751598 0.035072 0.0527821 0.00573626 0.0173664 0.0229116 0.00184593 0.00570093 0.00227357 0.00059145 -0.0014268 0.0167868 0.0338757 0.0435801 0.070184 0.000771921 0.00611744 0.00927995 0.00495667 0.0190969 0.0101816 0.0579706 0.0264086 0.0508691
internal_weight=738.179 733.947 721.882 18.5417 703.34 355.715 316.718 19.2145 14.125 297.504 74.5719 66.394 222.932 188.085 171.524 168.049 161.868 59.0989 28.7477 24.6871 13.3152 155.122 120.502 112.229 100.515 44.7055 36.3654 8.34006 24.5613 12.6765
internal_count=5665 5608 5469 189 5280 2538 2235 121 87 2114 522 449 1592 1318 1217 1199 1160 399 178 149 75 1106 845 779 708 307 253 54 166 86
is_linear=0
shrinkage=0.05


Tree=29
num_leaves=31
num_cat=0
split_feature=13 0 15 10 2 9 15 14 15 3 9 11 6 3 5 3 2 5 14 6 6 14 3 4 8 14 3 15 14 13
split_gain=4.85802 9.37788 5.13436 9.85958 16.2701 4.95244 4.85042 4.44457 16.1749 9.01266 8.70116 10.6064 8.09616 10.3355 19.1826 10.0603 10.6562 9.22387 10.0389 9.26442 8.85787 7.6823 7.80271 8.51103 7.78549 6.83938 7.411 8.05733 6.51339 13.9989
threshold=2.2508966188838673 1.0000000180025095e-35 -0.57210808166811222 -0.031202399770244256 -0.75091597224656459 0.25309902182334015 2.9041913758682534 1.0000000180025095e-35 -1.9262589364394544 -2.4815386778861774 1.3690815333827902 125907.87999999525 0.98418266379915942 1.0409480491331082 40.000000000000199 1.140777114532862 0.9488697070041322 70.914334543901219 0.33860696438195104 0.12195525792609994 0.42274747691752684 0.161945776063737 2.4939052717417769 38.095238095238273 -0.23437916893061303 0.78183089522384175 0.95027767373032446 -0.4669638922060983 -0.22120451993471221 -0.10668492683442263
decision_type=2 2 2 2 2 2 2 2 2 2 2 2 2 2 2 2 2 2 2 2 2 2 2 2 2 2 2 2 2 2
left_child=6 2 3 4 -2 -3 7 28 -9 -10 11 12 13 -11 -15 -16 -17 -18 19 -19 -20 -14 23 -23 -25 26 -12 -28 29 -1
right_child=1 5 -4 -5 -6 -7 -8 8 9 10 25 -13 21 14 15 16 17 18 20 -21 -22 22 -24 24 -26 -27 27 -29 -30 -31
leaf_value=0.0093731251760741721 -0.054597309280892681 -0.015931662530057369 -0.055018057495587094 -0.05613652762094843 0.11642143334928721 0.056564336813031468 -0.054434320330082511 -0.047301395731447968 -0.027304111356676444 0.0013155422871327415 0.072725647871128188 0.092976163543699142 0.10037526752889299 0.098751363226555991 0.10133572812286791 -0.031536049312032501 0.086535416468788179 0.10818952039607255 -0.042801823351595054 -0.010233020096554522 0.058486718766871983 0.069879082780378951 0.10345445436461785 -0.040847586947246516 0.026004038576399841 -0.033482987686704387 0.055889601405773204 -0.058262874925917751 -0.012390868198042871 -0.012245661681233914
leaf_weight=205.33499383181334 2.582101970911026 4.3080232664942724 13.823959980159998 5.6457961536943913 3.0141760222613811 5.1984041333198547 3.9774069152772418 13.445483915507792 15.981196239590643 120.48750986158848 3.8447149023413676 4.2828675135970107 4.110441721975806 8.1438856124877912 3.0562779381871215 11.999493002891539 5.0126993581652668 3.9323904514312771 8.8259663581848127 2.847409799695015 2.8572573214769355 5.9617981389164987 2.9853206872940055 6.9135766774416068 11.768724434077731 17.688108071684837 2.499067097902298 4.0526145845651627 114.45077358931303 117.86309641227126
leaf_count=1523 36 30 176 61 21 28 56 120 139 849 22 23 23 40 21 91 34 22 69 20 19 34 20 50 81 154 18 34 899 952
internal_value=-0.000276291 -0.0185741 -0.0346111 -0.00951751 0.037514 0.0237114 0.000624437 0.000938022 0.00610629 0.00901059 0.01152 0.0151257 0.0134494 0.00905372 0.029029 0.0142927 0.00679374 0.0263858 0.0100552 0.0584539 -0.0180306 0.0365997 0.0271117 0.0178638 0.00126491 -0.0145663 0.0176181 -0.0147207 -0.00214059 0.00148924
internal_weight=736.896 34.5725 25.066 11.2421 5.59628 9.50643 702.323 698.346 260.697 247.251 231.27 203.186 198.903 167.163 46.6754 38.5315 35.4752 23.4757 18.463 6.7798 11.6832 31.7399 27.6294 24.6441 18.6823 28.0845 10.3964 6.55168 437.649 323.198
internal_count=5665 352 294 118 57 58 5313 5257 1883 1763 1624 1396 1373 1165 316 276 255 164 130 42 88 208 185 165 131 228 74 52 3374 2475
is_linear=0
shrinkage=0.05


Tree=30
num_leaves=31
num_cat=0
split_feature=2 3 3 15 3 13 5 13 2 4 14 13 9 14 2 4 14 8 16 15 9 11 14 15 16 13 9 2 15 3
split_gain=4.60203 8.77782 5.03342 9.96813 7.86082 11.9414 12.6178 11.5006 14.7367 9.61901 9.44458 8.53084 9.38518 8.4369 8.40121 8.00778 11.9294 7.84692 7.25619 7.31399 10.9184 12.5949 10.2863 12.6579 9.38943 12.5541 16.0909 16.0174 16.9451 8.48779
threshold=-3.2754266984033915 -5.3627537897988971 -1.7803901946196858 0.040501125309075618 -0.79860739390985869 0.1354597232682003 16.666666666668394 -0.80017778291931052 -0.70998913675410436 72.368129432624173 -1.7292569465263132 2.9044853427098256 -0.52230165980789967 -0.23566823409135404 -1.2542927778074484 54.545454545454426 -1.1789131076434574 -0.97038276614699459 -0.00089649999999999984 -1.0000000180025095e-35 -0.2903650170553797 12663.87000000477 0.86668170232532094 0.61965428223538677 -0.00012249999999999997 -0.26319198656761505 -0.67152692194949448 0.2761752988434289 -1.562940469410852 1.6161582873881228
decision_type=2 2 2 2 2 2 2 2 2 2 2 2 2 2 2 2 2 2 2 2 2 2 2 2 2 2 2 2 2 2
left_child=-1 -2 3 -3 5 6 -4 9 13 10 -6 12 -7 17 -8 16 -10 -9 -17 24 21 22 23 29 25 26 -20 -28 -29 -21
right_child=1 2 4 -5 7 11 14 8 15 -11 -12 -13 -14 -15 -16 18 -18 -19 19 20 -22 -23 -24 -25 -26 -27 27 28 -30 -31
leaf_value=-0.048245775651117415 0.068185525430576349 -0.022310241513925261 -0.017931179960262167 0.0042814628665490918 0.038690531881702218 -0.031239186406701053 0.10779526576576547 0.047512648980890013 -0.051740664408850057 -0.058010746164347295 -0.014483544038284894 0.075739709309114403 0.022021835124495983 0.060064279335280024 0.029474967403727015 0.076765735915634167 -0.0037568256385407286 -0.05895447777188037 -0.02115146977736897 0.04231508135616719 -0.016541026640758048 0.094254348678909999 0.080959717143612636 -0.049402245700832112 0.05247587878506025 -0.0063032454571919309 0.16451177458232602 0.1360618497754475 0.01570903960559613 -0.04521163919514512
leaf_weight=4.9660758115351191 4.6965453177690497 69.733700197190046 14.36848423629999 71.250839747488499 9.1176008954644185 26.740380011498928 3.6277271173894396 3.4830390401184559 14.709734059870241 11.549451880156992 99.279963120818138 2.7914220392704001 11.97516682744026 17.046835780143738 60.969474893063307 3.6334639489650717 108.45884784311056 3.4398134648799923 9.1005899012088793 12.27461856603623 63.166352529078722 4.7265110090374938 4.0041595175862303 9.942231282591818 14.398782797157763 51.509493693709373 3.0439498201012638 3.6814455837011399 14.226674310863013 3.5769986584782592
leaf_count=46 28 622 113 587 58 224 21 24 131 102 786 22 83 97 417 26 792 28 70 86 507 31 25 79 84 406 18 22 102 28
internal_value=-0.000276086 5.00096e-05 -0.000390868 -0.00887131 0.00165346 0.0130342 0.0244471 -0.00129908 0.00334442 -0.0146327 -0.0100109 -0.00867833 -0.0147649 0.0411604 0.0338734 0.000515818 -0.00948742 -0.00538853 0.00676101 0.00544752 -0.00418315 0.0184269 0.00639931 -0.00517523 0.0152518 0.00868037 0.0343619 0.0584743 0.0404505 0.0225642
internal_weight=735.49 730.524 725.828 140.985 584.843 120.473 78.9657 464.371 344.424 119.947 108.398 41.507 38.7155 23.9697 64.5972 320.454 123.169 6.92285 197.285 193.652 97.6909 34.5245 29.798 25.7938 95.9609 81.5622 30.0527 20.9521 17.9081 15.8516
internal_count=5665 5619 5591 1209 4382 880 551 3502 2556 946 844 329 307 149 438 2407 923 52 1484 1458 756 249 218 193 702 618 212 142 124 114
is_linear=0
shrinkage=0.05


Tree=31
num_leaves=31
num_cat=0
split_feature=14 15 3 15 14 4 16 11 5 5 13 15 3 2 3 13 13 10 5 4 16 15 7 5 5 10 10 14 3 5
split_gain=4.56534 4.74638 5.61942 4.56745 4.51996 7.23202 4.04423 5.15719 6.7184 6.22579 5.51332 6.82296 7.79508 5.34243 11.0575 15.1029 11.4605 7.17278 6.80906 8.04361 6.58133 7.67813 7.67207 6.17217 7.47614 5.87254 7.75964 6.94428 6.88708 9.77702
threshold=-2.3678807452017394 1.1415800078263134 -2.9552327968139021 2.9041913758682534 2.3535989025859609 70.659971305595519 -0.00043284499999999995 191793.75999975207 89.473684210526315 85.71428571428558 -0.83493989679347524 -0.81919420935015341 1.7712523327044878 -0.58409740518702213 -1.575150124866181 -0.7812482428676919 -0.16562842711796752 -1.9096412553447428 16.666666666666242 38.888888888888772 -0.00035998499999999995 -0.2274312154513245 -0.39254650504643063 28.571428571428282 21.42857142857159 -1.1128502499800221 -0.86341996043237057 -0.22120451993471221 1.0409480491331082 36.363636363637106
decision_type=2 2 2 2 2 2 2 2 2 2 2 2 2 2 2 2 2 2 2 2 2 2 2 2 2 2 2 2 2 2
left_child=1 -1 -3 4 6 -6 -2 8 9 13 -11 -12 -13 14 16 -16 17 -8 -19 -20 -17 22 -22 24 -23 -15 27 -27 -28 -30
right_child=3 2 -4 -5 5 -7 7 -9 -10 10 11 12 -14 25 15 20 -18 18 19 -21 21 23 -24 -25 -26 26 28 -29 29 -31
leaf_value=-0.051212051665169046 -0.0026975550475096168 0.077263083140714117 -0.053884836875458045 -0.054235814186335711 -0.03509712448280302 0.06864391572566779 0.068539906274639018 0.058230898839177703 -0.016141671372567157 -0.016114880263633422 0.088472136784218114 0.051546441068813786 -0.044908628144160072 -0.024806433660956164 -0.02255440471277986 0.080000785085379902 -0.022180839301794188 -0.03568343595308196 0.055293639646431914 -0.019593069029337332 -0.037887942396277255 0.057532056739493846 0.052031307500013592 0.099115701029456466 -0.031177399022358616 0.073749268054893874 -0.009388157517228355 0.0046038607267960968 0.061112423952350073 0.004237099303900164
leaf_weight=8.4061191491782647 345.87170615419745 1.8527590967714789 1.4607603661715973 3.829537581652402 16.0779765509069 1.8759761974215496 6.4343673735857037 4.4760589227080336 36.313192039728165 4.3967727348208454 6.1283585801720628 6.6286482512950862 3.0623404756188393 21.686542816460133 10.156082727015017 10.396083317697043 30.340173646807671 6.2280711606144932 9.3024310171604139 5.8349165245890608 5.9315940253436565 8.8905228078365415 3.9531192108988744 5.1610020399093619 3.2408607825636855 6.9720066785812378 89.313027828931808 7.5776840373873693 8.7998043894767743 53.463783077895641
leaf_count=97 2742 20 23 56 175 14 45 32 287 34 32 38 22 181 74 61 256 49 58 44 41 48 21 26 23 40 642 46 46 392
internal_value=-0.000277857 -0.0312345 0.0194467 0.0002244 0.000514662 -0.0242574 0.00114952 0.00490098 0.00421937 0.00657483 0.0334136 0.0471794 0.0210668 0.00472733 0.0137094 0.0315439 -0.000931497 0.0222596 0.00832197 0.0264274 0.0461667 0.0332241 -0.00192721 0.0533174 0.0338336 -0.000335839 0.00285861 0.0377374 -0.000489363 0.0122754
internal_weight=734.062 11.7196 3.31352 722.343 718.513 17.954 700.559 354.687 350.211 313.898 20.2161 15.8193 9.69099 293.682 105.869 47.7293 58.14 27.7998 21.3654 15.1373 37.5732 27.1771 9.88471 17.2924 12.1314 187.813 166.126 14.5497 151.577 62.2636
internal_count=5665 140 43 5525 5469 189 5280 2538 2506 2219 126 92 60 2093 746 294 452 196 151 102 220 159 62 97 71 1347 1166 86 1080 438
is_linear=0
shrinkage=0.05


Tree=32
num_leaves=31
num_cat=0
split_feature=13 0 15 2 2 13 3 15 15 1 5 13 15 10 11 11 5 14 3 11 15 3 14 6 14 14 15 15 9 9
split_gain=4.44234 8.67041 4.87282 9.39049 17.9067 4.52155 7.71504 7.31225 14.8154 13.364 10.3375 7.06649 9.77061 8.18698 5.91351 5.16021 10.8135 12.9267 9.62649 7.24872 10.1576 9.99114 9.23601 12.1116 7.22679 8.78775 17.0982 14.7388 12.5563 12.1195
threshold=2.2508966188838673 1.0000000180025095e-35 -0.57210808166811222 -0.19443646005429382 -0.75091597224656459 1.0107082786254946 3.7464944830496942 1.9067276273397282 1.0755746354190381 -0.60870280317231085 60.000000000001073 1.0889805219242368 -0.2274312154513245 -1.8061200626670033 -206477.25000011918 -121515.20000016688 19.444444444444656 -0.12562189321583872 -2.5575532933331799 -50264.439999938004 -1.4863859089316107 -1.0000000180025095e-35 0.79978405408869224 -0.31967757028612398 1.2730404066213461 -0.92632357500502349 0.79778499511241219 1.8824513681639108 -0.4830304910868401 0.11148350714545002
decision_type=2 2 2 2 2 2 2 2 2 2 2 2 2 2 2 2 2 2 2 2 2 2 2 2 2 2 2 2 2 2
left_child=5 2 3 4 -2 6 14 8 11 -10 -11 12 -7 -13 -1 16 -16 18 -18 20 21 -17 -22 -24 25 26 29 -27 -29 -21
right_child=1 -3 -4 -5 -6 7 -8 -9 9 10 -12 13 -14 -15 15 19 17 -19 -20 24 22 -23 23 -25 -26 27 -28 28 -30 -31
leaf_value=-0.040236190571614483 -0.054382456188759178 0.022275797765394702 -0.054700950618913662 -0.055941787308638691 0.12528921287746372 -0.010576418698406302 -0.0405259073147754 -0.047242846515730103 0.14479821975642868 -0.030794016090903549 0.095207052627856004 -0.057515085020403117 0.097916231514291519 0.0063907728772527213 -0.016394325129005693 -0.0018960573343972369 0.13517836148393397 -0.0053071784857412234 0.037444369701617221 -0.010087892741838932 -0.026263295036665309 0.096916585274640407 -0.0093459797251557938 0.10300186045833595 -0.015488000656312496 0.0063176593401615194 -0.039250903936790288 -0.022223149468956427 0.078588052971897318 0.025967003864986918
leaf_weight=9.1020414754748327 2.7471796572208405 9.5554313138127309 13.04527285695076 5.4861480817198753 2.8002998158335686 3.7083477675914764 12.135133020579813 5.2134260870516291 3.7897106483578682 3.5577381551265699 3.0008609220385551 5.3933425471186629 4.712126210331915 70.81906171888113 11.607933923602106 7.782208114862442 4.6577711179852512 7.1945548057556143 5.4882571734488002 61.506214991211891 71.138773947954178 3.8108937293291074 8.9438489340245706 3.2781566753983489 52.663964904844761 254.50211960077286 30.479618158191442 4.0609724409878281 12.901661742478607 37.528871156275272
leaf_count=94 40 58 176 62 16 28 118 53 23 31 18 51 27 495 99 64 27 57 41 460 590 22 72 21 450 1805 299 35 79 254
internal_value=-0.000273727 -0.018023 -0.034015 -0.00955769 0.0363136 0.000580353 -0.00106466 0.0104113 0.0135759 0.0700491 0.0268573 0.00667072 0.0501364 0.00186833 -0.000248384 0.000381819 0.0209561 0.0459587 0.0823114 -0.000703848 -0.0132663 0.0305857 -0.0193649 0.0207877 0.00192565 0.00421273 -0.00650357 0.00932543 0.0544532 0.00357494
internal_weight=732.612 33.6343 24.0789 11.0336 5.54748 698.978 598.783 100.195 94.9812 10.3483 6.5586 84.6329 8.42047 76.2124 586.648 577.546 28.9485 17.3406 10.146 548.597 94.9539 11.5931 83.3608 12.222 453.643 400.979 129.515 271.465 16.9626 99.0351
internal_count=5665 352 294 118 56 5313 4587 726 673 72 49 601 55 546 4469 4375 224 125 68 4151 769 86 683 93 3382 2932 1013 1919 114 714
is_linear=0
shrinkage=0.05


Tree=33
num_leaves=31
num_cat=0
split_feature=14 15 3 15 14 4 14 2 3 14 9 11 3 5 14 16 2 13 14 6 7 11 15 15 3 13 13 14 14 5
split_gain=4.27755 4.39072 4.46603 4.24928 4.01324 7.03342 3.97907 3.74953 9.82539 4.25588 7.49482 9.14169 8.73516 14.5505 9.02799 11.4532 10.25 12.5459 8.04828 7.66285 7.27823 7.08311 8.8316 8.76083 8.61026 19.6555 12.8236 12.4479 11.3364 11.664
threshold=-2.3678807452017394 1.1415800078263134 -2.9552327968139021 2.9041913758682534 2.3535989025859609 70.967741935483943 3.2341397294975174 -3.2754266984033915 -5.3627537897988971 1.0000000180025095e-35 1.3690815333827902 95597.975000023856 1.0675321730986862 40.000000000000199 0.161945776063737 -0.00037274499999999996 0.9488697070041322 -0.58830424870323894 0.78183089522384175 1.0043739242226291 1.0225015937585706 18309.575000047687 -2.0765254987760917 1.9802897184456743 0.54085557244307847 -0.14191506626100478 -0.49398103048297132 -1.6991249123914614 -0.092433776251279728 40.000000000000036
decision_type=2 2 2 2 2 2 2 2 2 2 2 2 2 2 2 2 2 2 2 2 2 2 2 2 2 2 2 2 2 2
left_child=1 -1 -3 4 7 6 -6 -2 -9 21 11 12 19 -14 15 -15 -16 -18 20 -11 -12 24 -23 -24 25 26 28 -28 29 -10
right_child=3 2 -4 -5 5 -7 -8 8 9 10 18 -13 13 14 16 -17 17 -19 -20 -21 -22 22 23 -25 -26 -27 27 -29 -30 -31
leaf_value=-0.050705271915384466 -0.046304620047644914 0.064194591182689525 -0.053522998412565248 -0.05398943228807989 -0.047824185857870072 0.069089416800985723 0.012718738053987617 0.076237893386371575 -0.0052632512666719519 -0.0033016778746674242 0.035718770212025998 0.063270559599969634 0.080623892364287963 -0.0084258838459739856 -0.035697544963196541 0.10530246032565556 -0.05010987993131584 0.035132861237515405 -0.040834809055998844 0.026879120844541637 -0.058744486125797593 0.068464084278195822 0.0026736265893521306 0.084945560829844363 -0.0192514431223407 -0.019666107364438093 -0.046042393458906178 0.047931608953260145 -0.033934234897745968 0.033641334235296923
leaf_weight=8.0456021279096586 4.1518739350140086 2.0238423310220246 1.3386298492550839 3.5986939817666999 12.050330493599178 1.843932770192622 3.5027858614921561 4.3527938500046721 49.45567224919796 141.4388629719615 8.7641410157084483 7.4720550775527945 9.3985672220587713 3.8030032217502594 12.177821166813372 5.2974601909518224 5.3123730644583658 23.024865277111537 16.535525493323803 24.704955920577049 2.6573887690901747 5.7650863528251639 111.98600669577718 3.3320820927619925 89.648939035832882 84.942936532199383 3.9786573052406302 30.829554788768291 18.04066064208746 31.560358546674252
leaf_count=97 38 20 23 56 140 13 36 25 381 1053 60 42 46 27 96 29 41 153 150 166 22 33 824 23 727 717 34 214 156 223
internal_value=-0.000275078 -0.0306522 0.0173302 0.000206482 0.000478866 -0.0232424 -0.034189 0.00106956 0.00135279 0.000880468 0.00592157 0.00886117 0.00705554 0.02358 0.0127742 0.0577764 0.00266589 0.0191524 -0.0185387 0.00118609 0.0137405 -0.0021778 0.00807012 0.00505085 -0.00620056 -0.000853419 0.011084 0.0371902 0.00191041 0.0098923
internal_weight=731.035 11.4081 3.36247 719.627 716.029 17.397 15.5531 698.632 694.48 690.127 260.587 232.63 225.158 59.0141 49.6155 9.10046 40.5151 28.3372 27.9571 166.144 11.4215 429.54 121.083 115.318 308.457 218.808 133.865 34.8082 99.0567 81.016
internal_count=5665 140 43 5525 5469 189 176 5280 5242 5217 1885 1653 1611 392 346 56 290 194 232 1219 82 3332 880 847 2452 1725 1008 248 760 604
is_linear=0
shrinkage=0.05


Tree=34
num_leaves=31
num_cat=0
split_feature=15 14 15 7 9 13 16 9 16 15 8 9 9 2 11 9 13 12 16 14 3 9 3 2 15 11 8 14 1 13
split_gain=4.01895 5.85039 9.46783 7.39565 8.14227 9.08917 5.24858 5.93669 6.63858 5.65592 12.2305 12.955 21.9525 10.753 10.6307 8.97365 9.47466 8.38541 8.66899 7.93621 14.5341 11.0495 6.46974 12.2081 10.1604 9.62868 11.5941 14.4327 8.27734 7.56209
threshold=1.2978735848820697 -1.8690155119143121 1.128093521696844 1.376291049610445 0.25309902182334015 -0.60930913691179944 -0.00013377499999999996 1.636211860906329 -0.00074849999999999992 0.11957485451339518 0.86347571977828697 -1.0250187127829855 -1.3496667037034848 0.3955126399893229 -22978.13499987125 -1.7200976110693647 -1.1607589600779116 -136.94500000029799 -0.00060867999999999979 -0.3566199617857031 -0.70603148428814388 -1.3072651799888251 -1.6235265502103176 -0.94128485160534137 -1.237503031983243 -10629.090000152586 -0.74288411791978137 -0.78085888087425881 -0.82821458117722668 -0.18691813435613597
decision_type=2 2 2 2 2 2 2 2 2 2 2 2 2 2 2 2 2 2 2 2 2 2 2 2 2 2 2 2 2 2
left_child=1 2 3 4 -1 -6 7 9 -9 15 14 12 -12 -13 17 16 -3 19 -19 20 -11 -21 24 28 -17 -26 -27 -28 -24 -30
right_child=-2 6 -4 -5 5 -7 -8 8 -10 10 11 13 -14 -15 -16 22 -18 18 -20 21 -22 -23 23 -25 25 26 27 -29 29 -31
leaf_value=-0.045635369046780221 -0.0094304316781310543 0.059348372439788181 0.086665833109678111 0.049296374535996001 0.073324054338843106 -0.035070638863876506 0.015549326770816801 0.044072140384684134 -0.025634221237431216 0.099743364150236241 0.003106711755878476 -0.037756344645107409 0.14923590380939677 0.041199869147570699 -0.012760112674882468 -0.048432207630392111 -0.029579102658847091 -0.050981800790540682 0.014016770864303797 -0.025659666866374838 -0.012470652356983634 0.064650425753636762 0.0082414400677718498 0.0018803137675976974 -0.025053067195174417 0.091026806522366124 0.092700257323899027 -0.035051752586946254 0.10522665416933728 0.014077297752399196
leaf_weight=24.157253868877891 102.93642312288284 3.2432022094726554 2.0414774231612673 3.1268624737858763 3.4763026684522629 4.3589917309582225 67.623896013945341 3.8047768138349047 33.394914753735065 9.3834487721323949 4.6371611505746841 6.4584960266947773 5.7656387463212031 12.975783646106718 54.579364940524101 15.412918183952568 39.175990778952837 6.5754712969064739 23.332384511828423 8.2225750610232335 4.1670178920030621 5.7592294812202445 8.8670501261949557 232.04186368733644 17.604559138417244 5.0709396079182651 3.0409906804561624 8.0984216257929766 6.7179250717163086 3.4410303160548192
leaf_count=242 936 23 18 23 19 44 428 29 272 62 34 50 36 90 386 145 360 55 166 65 33 37 59 1726 152 32 17 68 36 22
internal_value=-0.00027432 0.00122993 -0.0180117 -0.0240966 -0.0312698 0.0130211 0.0024431 0.000744476 -0.0185047 0.0022222 0.0106184 0.0390654 0.0840972 0.0149607 0.0030414 -0.00125317 -0.0227801 0.0180559 -0.000273663 0.0379671 0.0652355 0.0115399 0.00178768 0.00503742 -0.0147864 0.000549461 0.028354 -0.000176244 0.0435416 0.0743526
internal_weight=729.492 626.556 37.1609 35.1194 31.9925 7.83529 589.395 521.771 37.1997 484.571 141.857 29.8371 10.4028 19.4343 112.019 342.715 42.4192 57.4401 29.9079 27.5323 13.5505 13.9818 300.296 251.068 49.2278 33.8149 16.2104 11.1394 19.026 10.159
internal_count=5665 4729 346 328 305 63 4383 3955 301 3654 1014 210 70 140 804 2640 383 418 221 197 95 102 2257 1843 414 269 117 85 117 58
is_linear=0
shrinkage=0.05


Tree=35
num_leaves=31
num_cat=0
split_feature=15 2 3 14 8 14 13 11 9 11 15 2 10 14 15 13 1 15 11 11 15 15 9 10 9 14 15 15 1 1
split_gain=3.97268 3.94654 6.39712 4.19293 13.033 12.5135 10.9935 9.34467 9.97903 10.434 9.10722 10.2788 9.09595 7.44848 7.36581 9.52018 6.59195 13.1701 8.71066 6.257 10.3147 13.2552 9.68852 8.53166 10.3251 8.04962 10.2701 10.001 9.73915 9.37369
threshold=2.9041913758682534 -3.2754266984033915 -5.3627537897988971 -0.91656473112727155 0.052952278084507358 -1.1538142355539678 0.70821164384565072 163847.86999976638 -1.4717469077276275 12663.87000000477 0.70571685604854062 1.3287188169800104 0.89766531188680831 -1.842414342643873 -1.790965168260215 -0.97049693431206852 -1.0136998492300642 0.32557297456448758 -170395.71499991414 -170395.71499991414 1.7449887855475053 0.95642459223109511 -1.3496667037034848 -2.2426205377085484 -0.64281873784820209 1.3470671157485652 1.8824513681639108 1.4075765445544881 -0.7757135446884954 0.91146081342154561
decision_type=2 2 2 2 2 2 2 2 2 2 2 2 2 2 2 2 2 2 2 2 2 2 2 2 2 2 2 2 2 2
left_child=1 -1 -3 4 16 7 -7 8 12 14 11 -11 -6 -13 -10 -16 17 -4 -19 20 21 -5 -21 24 -24 26 27 -25 -27 -28
right_child=-2 2 3 19 5 6 -8 -9 9 10 -12 13 -14 -15 15 -17 -18 18 -20 22 -22 -23 23 25 -26 28 29 -29 -30 -31
leaf_value=-0.046594831037402612 -0.05373374525604277 0.057076649267802516 -0.033364672490934166 0.019763047247114023 0.11633630612659125 -0.038903429020344271 0.071039374725788793 0.10600391801207153 0.04852698397056103 0.065359240669547 -0.043214166774514721 -0.059807095124508741 -0.0014686237307166815 0.041318185969444844 0.029444094029718988 -0.037682675940930409 -0.024148932380824616 -0.018940481009442154 0.096245046207001778 -0.012408958347940126 -0.044369876962297501 0.1212735641313558 0.10365919597700841 0.0064949429619130432 -4.6282362007082895e-05 0.059557079732276308 0.057816924624627175 -0.036933414702369258 -0.017911320110731113 -0.041036735306805946
leaf_weight=4.5199789553880683 3.4587490372359744 4.9224731847643843 7.99000161513686 12.26141937449575 4.238082878291606 19.073672577738765 2.5814784914255133 2.8760407567024222 4.4053334295749655 15.505471516400581 3.6034818813204756 3.4596472084522247 2.6713849306106567 3.8442436009645453 7.0311663299798957 21.231275718659166 85.997653048485518 2.4283727295696735 5.0642057284712791 105.04832987487316 3.8571886718273154 4.3592506796121588 4.7467828020453453 291.50926991179585 4.8548728376626951 4.3520157821476451 15.772906973958017 13.888393506407736 59.861681796610355 2.8280634433031073
leaf_count=45 57 28 75 99 34 153 18 18 29 100 36 30 25 26 50 188 749 25 38 853 38 24 32 2046 36 32 97 117 543 24
internal_value=-0.000275051 -1.99402e-05 0.000272338 -0.000118549 -0.00643847 0.0073544 -0.0257973 0.017779 0.0139339 0.00728467 0.0306529 0.0423226 0.0707898 -0.00658201 -0.0116092 -0.0209828 -0.0187418 0.0112918 0.058913 0.00220009 0.0292922 0.0463871 0.00109682 0.00466321 0.0512227 0.00351166 0.00671693 0.00451998 -0.012661 0.0427874
internal_weight=728.243 724.784 720.264 715.342 192.002 90.5213 21.6552 68.8661 65.9901 59.0806 26.4128 22.8094 6.90947 7.30389 32.6678 28.2624 101.48 15.4826 7.49258 523.34 20.4779 16.6207 502.862 397.814 9.60166 388.212 323.999 305.398 64.2137 18.601
internal_count=5665 5608 5563 5535 1594 707 171 536 518 459 192 156 59 56 267 238 887 138 63 3941 161 123 3780 2927 68 2859 2284 2163 575 121
is_linear=0
shrinkage=0.05


Tree=36
num_leaves=31
num_cat=0
split_feature=13 15 5 9 13 3 15 15 1 11 13 15 10 11 10 12 11 14 16 2 4 13 3 14 8 3 6 3 15 2
split_gain=3.8436 8.0601 6.90549 7.51772 3.8999 7.10826 6.44 12.0823 9.60106 9.2033 6.07294 7.97569 7.52374 5.17829 4.56978 5.19153 6.41849 7.6307 7.90514 6.14726 5.40745 4.49818 12.6319 6.71887 12.7759 10.1042 8.13622 6.30273 13.6745 11.5729
threshold=2.2508966188838673 -1.0391948881121287 41.666666666667091 1.0020451779168125 1.0107082786254946 3.7464944830496942 1.9067276273397282 1.0755746354190381 -0.60870280317231085 80961.290000081077 1.0889805219242368 -0.2274312154513245 -1.8061200626670033 -206477.25000011918 1.7951319738693641 213.92400000011551 -26002.034999728199 0.14470634019951192 -0.00043999499999999994 -0.26809447913696277 65.459231490159524 0.26581832646142889 0.063297522449434943 -0.12562189321583872 -0.5580399923273599 1.0979356204121336 1.0523458365087002 0.14886008732072956 -1.0000000180025095e-35 0.85440798830314646
decision_type=2 2 2 2 2 2 2 2 2 2 2 2 2 2 2 2 2 2 2 2 2 2 2 2 2 2 2 2 2 2
left_child=4 2 -2 -4 5 13 7 10 -9 -10 11 -6 -12 -1 15 16 -14 18 -18 -19 -21 27 -23 -24 25 -25 -26 29 -29 -15
right_child=1 -3 3 -5 6 -7 -8 8 9 -11 12 -13 14 21 -16 -17 17 19 -20 20 -22 22 23 24 26 -27 -28 28 -30 -31
leaf_value=-0.038846307444906414 -0.054519781689503034 -0.035689615319046027 0.06532654459565089 -0.037575481387295114 -0.010066446946734843 -0.039630375316118481 -0.046202100320136864 0.12189041733188917 -0.023282661469904428 0.097450494275374611 -0.057140358101275462 0.08748125957035631 -0.010308432346297931 0.0088568661023194269 0.047834028058199377 -0.020203313491915707 -0.0019371957322329757 0.051990616644722432 0.0747247897925159 -0.061035265735549973 0.027663447344120323 -0.025120324340068889 -0.022133674170177194 0.004396439946952619 -0.016324058393186361 0.1216551406871591 0.067285959327235675 0.0083188748601432539 -0.016925680418845148 -0.059773127469138668
leaf_weight=8.5639742724597436 2.6553179472684851 20.844955142587423 6.5150277726352197 2.4395323134958744 3.6425908431410789 11.690705984830855 4.9102970324456683 4.1625619605183601 3.9574003517627698 2.6257603317499161 5.0763023719191542 4.933451443910597 19.999173607677214 265.21893997490406 5.9443627819418898 18.692437715828419 4.9681451618671355 3.3073783069849014 10.406173892319217 4.877316012978552 2.6529301330447197 53.976964496076107 9.4211151301860792 2.8674454838037517 12.876578666269781 5.1132065057754517 3.7591257318854323 108.18738716840744 106.40159734711051 6.2882714346051207
leaf_count=94 40 245 39 28 28 118 53 23 35 14 51 27 160 1969 34 136 36 19 58 35 17 437 81 20 91 27 23 777 902 48
internal_value=-0.000275562 -0.0170939 0.0162939 0.0372925 0.000510353 -0.00102768 0.00963764 0.0125164 0.0624545 0.024873 0.00616586 0.0460488 0.00166087 -0.000253163 0.00587402 0.002031 0.0110248 0.0273016 0.0499518 -0.00483007 -0.0297864 0.000322528 -0.0100785 0.0137751 0.027518 0.0795241 0.00256907 0.00220577 -0.00419836 0.00726735
internal_weight=726.976 32.4548 11.6099 8.95456 694.522 594.365 100.156 95.246 10.7457 6.58316 84.5003 8.57604 75.9242 582.675 70.8479 64.9036 46.2111 26.2119 15.3743 10.8376 7.53025 574.111 88.0144 34.0375 24.6164 7.98065 16.6357 486.096 214.589 271.507
internal_count=5665 352 107 67 5313 4587 726 673 72 49 601 55 546 4469 495 461 325 165 94 71 52 4375 679 242 161 47 114 3696 1679 2017
is_linear=0
shrinkage=0.05


Tree=37
num_leaves=31
num_cat=0
split_feature=14 15 15 8 14 4 14 2 3 8 8 10 1 15 13 15 9 14 6 10 5 1 14 3 9 8 16 10 0 9
split_gain=3.82456 3.87044 3.72122 3.56178 3.46893 6.20528 3.68163 3.19763 7.86318 8.24684 4.0075 4.82354 7.51474 5.59934 8.09626 7.80835 8.22025 14.2989 11.6269 8.47955 8.83249 13.4072 13.6226 13.3974 10.1883 7.99234 7.44341 6.72833 14.6541 14.838
threshold=-2.3678807452017394 1.1415800078263134 2.9041913758682534 -0.2707729657626145 2.3535989025859609 70.967741935483943 3.2341397294975174 -3.2754266984033915 -4.6790168229989044 -1.19495522051805 -2.6960060885517776 -1.0958229467815543 0.25578454648088172 -0.74942239726480631 1.897933785179726 -0.80658727926983398 0.28007423934906656 -1.6738883516421834 -0.31967757028612398 0.44783389603522811 49.999999999999972 0.20774878827192253 -0.62627435801470466 1.0675321730986862 -0.77579667548536968 0.11159818248578286 -1.0000000180025095e-35 -0.70587247589424895 1.0000000180025095e-35 -1.386421264902312
decision_type=2 2 2 2 2 2 2 2 2 2 2 2 2 2 2 2 2 2 2 2 2 2 2 2 2 2 2 2 2 2
left_child=1 -1 4 -3 7 6 -6 -2 9 -9 -10 12 -12 15 27 16 19 -18 -19 20 23 22 -22 -13 -24 -23 -21 28 29 -15
right_child=2 3 -4 -5 5 -7 -8 8 10 -11 11 13 -14 14 -16 -17 17 18 -20 26 21 25 24 -25 -26 -27 -28 -29 -30 -31
leaf_value=-0.049947839859411133 -0.044655173725817704 -0.030793229779421977 -0.053510008322620234 0.071714106426700702 -0.046890989710805069 0.062788042006676106 0.011693390296551044 0.09822386579232989 0.061553356510897307 -0.0063944793776004056 -0.0034583757384808512 -0.025085277807745006 -0.038349874440521875 -0.021200370470439739 -0.032002337295879334 0.054968707395376043 0.093230295312318759 0.057187984059079669 0.0013810144745922081 -0.028176269606511872 0.12567695761562064 -0.026800023117863642 0.07892214550040362 0.068457530348120285 -0.045463837461507672 0.033005317569926661 0.038356887446452867 -0.0019523994756428594 -0.029830531472521071 0.052184707270807706
leaf_weight=7.4470323547720891 3.8208770193159571 1.9320152290165427 3.2133583277463904 1.5095193721354006 11.31097672507167 1.9083246663212765 3.5151543505489817 4.2355007119476795 2.6902423128485671 3.3924698978662482 126.83184238523245 24.355334993451837 17.569430373609066 9.1909249201416952 19.797511868178844 9.1588585227727872 6.3315642327070227 12.005379945039747 41.929318659007549 33.344489149749279 5.6918346397578716 10.850620590150358 3.4831037893891335 4.5414610877633086 3.1217050626873952 11.514808811247347 4.81015321612358 296.50046402215958 12.012155991047619 27.491453289985657
leaf_count=97 38 29 56 14 140 13 36 22 19 28 1049 182 159 76 178 60 36 76 299 244 33 71 22 23 22 69 25 2284 96 169
internal_value=-0.000272963 -0.0296827 0.00017515 0.0141683 0.000417641 -0.0220777 -0.0330011 0.000959549 0.00121183 0.0516958 0.000648191 0.000407424 -0.00770366 0.00259206 -0.000906869 0.0100543 0.00751472 0.0221477 0.0138031 -0.00115549 0.0100299 0.0270484 0.0689865 -0.010384 0.0201322 0.00399067 -0.0197884 0.000876508 0.0181017 0.0337978
internal_weight=725.508 10.8886 714.619 3.44153 711.406 16.7345 14.8261 694.672 690.851 7.62797 683.223 680.532 144.401 536.131 364.993 171.139 161.98 60.2663 53.9347 101.714 63.5589 34.6621 12.2966 28.8968 6.60481 22.3654 38.1546 345.195 48.6945 36.6824
internal_count=5665 140 5525 43 5469 189 176 5280 5242 50 5192 5173 1208 3965 2803 1162 1102 411 375 691 422 217 77 205 44 140 269 2625 341 245
is_linear=0
shrinkage=0.05


Tree=38
num_leaves=31
num_cat=0
split_feature=4 15 13 15 2 10 9 0 11 7 13 10 3 12 3 10 15 15 10 4 5 14 1 0 10 11 2 11 11 15
split_gain=3.65277 3.54668 3.34094 8.675 5.06605 9.02043 7.4037 5.38939 8.00478 4.88798 4.11949 7.70696 6.83358 5.25593 4.95624 4.32971 6.37452 11.6297 8.82467 6.05761 5.80736 13.8367 7.60638 4.96317 4.84675 4.1703 5.52047 4.10527 5.16546 9.687
threshold=10.154639175257772 2.9041913758682534 2.0779892037901191 0.21270872858522602 -1.3120074130777566 -0.88905393557424006 -1.1580768627997602 1.0000000180025095e-35 2579.6300001144414 1.2926506510329878 1.0107082786254946 1.8604404151316902 3.7464944830496942 213.92400000011551 3.2536549508592323 0.55823662543788488 1.059025276088011 1.7735056927936486 -1.5897320776742856 30.000000000000245 62.645348837209696 0.23700842526960045 -0.25903893289405039 1.0000000180025095e-35 -0.24689820994469577 -69280.405000209794 -0.49216271120907623 -206477.25000011918 -121515.20000016688 0.23513085440273571
decision_type=2 2 2 2 2 2 2 2 2 2 2 2 2 2 2 2 2 2 2 2 2 2 2 2 2 2 2 2 2 2
left_child=-1 2 10 4 -4 6 -6 9 -9 -7 12 13 27 14 15 16 18 -18 -12 -20 22 24 23 -21 -22 26 -15 -2 29 -29
right_child=1 -3 3 -5 5 7 -8 8 -10 -11 11 -13 -14 25 -16 -17 17 -19 19 20 21 -23 -24 -25 -26 -27 -28 28 -30 -31
leaf_value=-0.057688917098059414 -0.036424287420261887 -0.053316947287202071 -0.05452291751758246 -0.051321045098974852 0.010673544598366738 -0.046812870598721239 0.13004804456534341 -0.023526993333461897 0.071617443516919677 0.042327989934638037 -0.038299508021804013 0.069258951659815118 -0.038923376098400353 -0.022999892620226829 0.077099991534841039 -0.012854828352367632 0.1015789054642014 -0.023026575358419895 0.070663056092119036 -0.0067976245520122661 0.11126500219232534 -0.038466908004366508 -0.059856576554607556 0.068773686260426056 0.034077725972955851 -0.028574017186794011 0.081406468495374071 -0.013404405092387632 -0.00038084627679214943 0.04613780726850774
leaf_weight=2.7593460977077475 7.5423957146704188 3.1116332113742819 3.6116489022970226 11.149567473679779 2.7377161979675293 8.659286115318535 2.4713835865259197 4.6264247968792915 4.2336456254124641 1.8699522428214557 7.6472029238939205 5.3229153230786315 11.369095452129839 2.8284234404563904 2.9773598015308371 14.537139654159544 5.3877217918634397 2.8700645565986633 5.2335920557379785 7.303492195904246 4.3364814147353163 3.9973617494106284 4.9046707600355246 3.0926108285784721 3.8299722597002974 14.889755208045242 2.292087726294997 11.627696286886932 540.32229189574718 16.558615408837795
leaf_count=27 82 57 54 149 27 98 17 30 23 16 75 29 118 26 16 106 30 28 34 57 24 27 38 16 23 110 15 99 4097 117
internal_value=-0.000270818 -5.11769e-05 0.00017959 -0.0139829 0.000774348 0.00889334 0.0673091 -0.00680054 0.0219363 -0.0309818 0.00100071 0.0108721 -0.000536096 0.00726366 0.0140587 0.011086 0.0182466 0.0582712 0.0100545 0.0213632 0.0119687 0.0377554 -0.00853113 0.0156832 0.0750651 -0.0151883 0.0237354 0.000221525 0.000707705 0.0215749
internal_weight=724.102 721.342 718.231 39.3596 28.2101 24.5984 5.2091 19.3893 8.86007 10.5292 678.871 91.4509 587.42 86.1279 66.1177 63.1403 48.6032 8.25779 40.3454 32.6982 27.4646 12.1638 15.3008 10.3961 8.16645 20.0103 5.12051 576.051 568.509 28.1863
internal_count=5665 5638 5581 414 265 211 44 167 53 114 5167 654 4513 625 474 458 352 58 294 219 185 74 111 73 47 151 41 4395 4313 216
is_linear=0
shrinkage=0.05


Tree=39
num_leaves=31
num_cat=0
split_feature=14 15 15 14 3 16 14 3 9 11 15 15 11 14 7 3 15 15 9 11 7 4 10 15 6 2 14 0 3 13
split_gain=3.5668 3.62628 3.34169 3.15047 6.03303 4.18837 3.07005 8.56745 7.61744 8.11661 7.49294 7.48391 7.70699 7.36939 6.63932 6.26297 5.98414 8.11518 11.74 9.50276 10.6691 7.43701 9.6665 7.28944 9.73615 6.17668 12.0914 6.00219 9.67939 17.3144
threshold=-2.3678807452017394 1.1415800078263134 2.9041913758682534 2.3535989025859609 3.1914130718310987 -0.00024918999999999994 1.0000000180025095e-35 -2.4815386778861774 1.3690815333827902 95597.975000023856 -1.8819436035761898 -1.562940469410852 -41088.060000181191 0.78183089522384175 1.0225015937585706 0.11228481262049268 -1.2534825709567301 0.46323228296517754 -1.7081149031253011 -98592.905000090585 -0.28749654618082593 52.380952380952358 -0.76695008942496956 1.8824513681639108 -0.30362623093816388 1.1476029773346716 1.1707821710558648 -1.0000000180025095e-35 0.34322884375040347 -0.7812482428676919
decision_type=2 2 2 2 2 2 2 2 2 2 2 2 2 2 2 2 2 2 2 2 2 2 2 2 2 2 2 2 2 2
left_child=1 -1 3 6 5 -5 -2 -8 9 10 -9 12 -12 14 -10 -14 21 18 -18 20 -19 22 -13 25 -25 -21 -27 28 -20 -30
right_child=2 -3 -4 4 -6 -7 7 8 13 -11 11 16 15 -15 -16 -17 17 19 27 23 -22 -23 -24 24 -26 26 -28 -29 29 -31
leaf_value=-0.049372986810288344 -0.0016864806018825772 0.012967913438229523 -0.053158438021036626 -0.050465497502773175 0.060135275663420099 0.0085333131410677953 -0.028959042029325938 -0.031022516808827012 0.033685161630401646 0.062605879980677001 0.091831318909022436 -0.040871755063181421 0.070537990446470356 -0.039663198520099585 -0.058278735162927066 -0.022008228607916083 -0.026878704859206234 0.084667850801828079 0.02190721301053589 -0.019965895488066272 -0.016133221400225325 -0.047496928861415211 0.05909821213100093 -0.02905424142738483 0.060578378170458649 -0.042724123174307196 0.096683075553132269 0.0052869147793588034 -0.01827325929462632 0.091126145378767842
leaf_weight=7.1514565981924516 432.87897137925029 3.4618810601532459 2.9263436608016482 9.9961270838975906 1.9935623556375492 4.3030669726431379 17.158866755664349 11.116958878934382 8.8289345055818576 7.2856583148241034 5.6285009980201721 4.426641434431076 3.0310678631067258 15.664200164377688 2.5235491320490828 4.6062736064195633 10.495839316397904 6.4746292755007744 34.338829010725021 50.488616894930601 4.4151191115379316 10.083533391356466 5.3291582018136996 4.8131316453218451 8.1763339489698392 2.8757882192730895 3.3876954466104507 18.785551927983761 4.7209872677922275 15.462744899094103
leaf_count=97 3380 43 56 133 18 38 166 90 60 38 28 32 22 150 22 32 91 42 219 391 35 71 29 38 53 22 22 125 34 88
internal_value=-0.000266414 -0.0290385 0.000162343 0.000382331 -0.0213504 -0.0327109 0.000893279 0.00518641 0.00759791 0.0107294 0.00891806 0.0111658 0.0474378 -0.0174321 0.0132425 0.014721 0.00855458 0.0116843 0.0225796 0.000360243 0.0437993 -0.0173856 0.0137374 -0.00642251 0.0273658 -0.014156 0.0326763 0.0296608 0.0380588 0.0655376
internal_weight=722.83 10.6133 712.217 709.29 16.2928 14.2992 692.998 260.119 242.96 215.943 208.657 197.54 13.2658 27.0167 11.3525 7.63734 184.275 164.435 83.804 80.6313 10.8897 19.8393 9.7558 69.7416 12.9895 56.7521 6.26348 73.3081 54.5226 20.1837
internal_count=5665 140 5525 5469 189 171 5280 1900 1734 1502 1464 1374 82 232 82 54 1292 1160 557 603 77 132 61 526 91 435 44 466 341 122
is_linear=0
shrinkage=0.05


Tree=40
num_leaves=31
num_cat=0
split_feature=2 3 8 3 15 0 14 9 12 7 4 13 10 8 3 13 2 5 13 9 4 2 9 11 5 13 14 4 14 1
split_gain=3.43496 5.35645 8.17961 4.02006 8.87203 9.68409 14.9951 13.3103 9.57059 8.5805 8.46014 9.52344 7.21353 9.27591 6.82846 9.79512 10.9895 9.6846 14.4434 9.0206 8.76616 8.63656 9.20993 11.6993 11.7236 8.43704 7.91866 7.39308 9.98999 7.28823
threshold=-3.2754266984033915 -4.6790168229989044 -1.19495522051805 -1.7803901946196858 -0.8956464166841297 1.0000000180025095e-35 0.76697978323085725 -0.021072464808285517 183.50449999980631 0.44785388199995807 40.506554573952776 -1.0935095006207984 -1.7227906673070583 -0.57092616660996276 -0.79860739390985869 -0.80017778291931052 -0.68286948561776584 28.571428571427798 -0.95008550555262705 0.6314002920865931 72.368129432624173 -1.2542927778074484 -2.0151870771517801 -28576.374999999996 11.111111111110867 -0.14191506626100478 -1.8690155119143121 54.545454545454426 -1.1789131076434574 -0.45697569833473789
decision_type=2 2 2 2 2 2 2 2 2 2 2 2 2 2 2 2 2 2 2 2 2 2 2 2 2 2 2 2 2 2
left_child=-1 2 -2 4 -3 6 8 -7 9 10 11 -6 -13 -14 17 20 -17 21 -19 25 26 22 -5 24 -24 -20 -16 28 -18 -27
right_child=1 3 -4 14 5 7 -8 -9 -10 -11 -12 12 13 -15 15 16 27 18 19 -21 -22 -23 23 -25 -26 29 -28 -29 -30 -31
leaf_value=-0.045317116668175984 0.085566221175023494 -0.033002847074156794 -0.013451901452144041 -0.057076251750431899 0.088146035558557573 -0.040977682309765853 -0.034419545129640579 0.05827117315366908 -0.022849796569134145 0.073488111939459991 -0.028483156301306035 -0.015430864087177627 0.061166402933630626 -0.025041289708942996 0.042988629298699801 0.03394344977411827 -0.050433309714717156 0.063124107574687061 0.040162594114400381 -0.044152968831262407 -0.057247461044950369 -0.026852116810766137 0.0085401810840265314 -0.022864373752168682 0.12915780762735984 0.066682224089961634 -0.013141510408070668 0.0062278874441149355 -0.0044447880304215653 -0.0076346876946055721
leaf_weight=4.2060131765902034 4.5046185627579689 28.570526123046875 3.8839438669383508 3.0957955978810814 5.8139494433999017 23.736786924302582 16.533790856599808 3.9386690482497206 10.928929358720778 8.8405136801302415 7.5824543647468081 10.209713220596308 11.785029411315916 4.2440752349794044 6.7058703601360312 26.213540859520435 13.303020328283308 16.875224143266678 23.752572983503342 6.6267742551863185 10.618636466562746 24.251599036157131 3.6341344937682152 4.818577699363229 4.5204196982085705 3.7284694612026206 99.754577737301588 194.98038647323847 105.13444284722209 28.643014293164015
leaf_count=46 24 296 32 30 37 230 151 27 95 59 61 97 90 38 41 162 129 100 155 61 102 192 30 34 29 28 803 1484 781 221
internal_value=-0.000263913 2.9038e-07 0.0397204 -0.000469764 -0.00833444 -0.00153236 0.00769562 -0.026853 0.0194173 0.0289465 0.0190116 0.0302471 0.0174179 0.0383409 0.00133302 -0.00145532 0.0028439 0.0119499 0.02206 0.0110168 -0.0139268 -0.0080156 0.0204129 0.0389042 0.0754037 0.0175309 -0.00960591 0.000242808 -0.00961027 0.000924955
internal_weight=721.436 717.23 8.38856 708.841 132.184 103.614 75.9385 27.6755 59.4047 48.4757 39.6352 32.0528 26.2388 16.0291 576.657 456.71 339.631 119.947 79.6261 62.7508 117.079 40.3205 16.0689 12.9731 8.15455 56.1241 106.46 313.418 118.437 32.3715
internal_count=5665 5619 56 5563 1181 885 628 257 477 382 323 262 225 128 4382 3502 2556 880 565 465 946 315 123 93 59 404 844 2394 910 249
is_linear=0
shrinkage=0.05


Tree=41
num_leaves=31
num_cat=0
split_feature=14 15 15 14 9 9 14 2 5 13 6 13 8 3 0 13 6 16 9 10 16 16 15 3 11 14 14 10 9 11
split_gain=3.26948 3.48851 3.27433 5.34038 10.3748 5.79137 10.4932 13.6496 10.9715 9.2189 5.97061 5.28235 5.11173 6.02201 11.6414 5.61164 7.18151 4.52154 4.06473 7.99986 6.7229 5.8988 9.71058 8.88266 4.7 6.11613 5.59083 8.73785 4.02146 5.40095
threshold=-2.3678807452017394 1.1415800078263134 1.2978735848820697 -0.92632357500502349 -1.6528499348682641 -0.14936983609197022 -0.69575522991236849 0.43434562970379204 73.684210526315624 -0.15489771419667278 -0.30362623093816388 0.95786635424441335 -2.012116454313063 -1.8347799819947537 1.0000000180025095e-35 -0.69778895319897127 0.74795599129262724 -0.00025356499999999992 1.636211860906329 0.70776533001756758 -0.00065588499999999982 -0.00041003499999999995 -0.2092449940207195 2.1365681403306325 91412.929999947562 -1.2160776382553935 0.046472892466697925 0.46319303888455854 -2.6432236363467791 -124703.96000003813
decision_type=2 2 2 2 2 2 2 2 2 2 2 2 2 2 2 2 2 2 2 2 2 2 2 2 2 2 2 2 2 2
left_child=1 -1 18 4 -4 12 -7 8 10 -9 -8 -11 -5 -14 15 16 17 -15 24 -20 -21 -22 23 -23 28 -26 -27 -28 -2 -30
right_child=2 -3 3 5 -6 6 7 9 -10 11 -12 -13 13 14 -16 -17 -18 -19 19 20 21 22 -24 -25 25 26 27 -29 29 -31
leaf_value=-0.048777650979218858 -0.027960509404947133 0.012811698941937991 0.050221653710895479 0.039154397232559146 -0.048891674502762224 0.10153418030370349 -0.02765091431175112 -0.053135868194199243 0.1257944906094926 0.063901732635245109 0.043886194997108691 -0.034615139253146875 -0.057285577771280766 -0.036826564401347246 0.065076710177116845 -0.043541012782591149 0.08086871673535212 0.043707913592174859 -0.038789195667533992 0.06983754467035945 -0.039628563313981895 0.11012868313494356 -0.026879699823895809 0.0005433860646756383 0.083263907346575655 -0.022556187359995268 -0.0032224899101344858 0.10542522443587961 0.022123368931419658 0.0011580238754273294
leaf_weight=6.8778872191905958 11.109502565115688 3.4536599963903427 3.1734589003026512 3.9651041626930228 15.716122422367333 3.0166242346167556 4.5896062254905692 11.271015871316193 2.8927216380834571 3.4398109689354923 8.0021523647010309 2.2510864101350307 8.6350584067404252 6.9730543009936801 4.4170943349599829 14.431391052901747 2.3660785332322112 2.3236346095800426 17.987641125917435 3.4217937886714962 8.0948183350265062 3.6095579788088825 7.4478427693247733 3.7916310653090477 3.8975918442010906 6.2808298990130407 4.538549542427063 3.1245931461453438 32.704055298119783 506.08135318756104
leaf_count=97 103 43 31 33 194 20 37 110 14 24 58 26 93 63 27 140 15 17 148 26 74 21 57 30 26 45 35 21 266 3771
internal_value=-0.000264739 -0.0281894 0.000141861 -0.00836999 -0.0322406 -0.00263142 0.0123354 0.00404232 0.0379842 -0.0269431 0.0178114 0.0249325 -0.0149429 -0.0204224 -0.00998969 -0.0226966 0.00309612 -0.0166976 0.00149722 -0.0130805 0.00445899 -0.00529142 0.0134272 0.0539881 0.00263607 0.0278923 0.012415 0.0410779 0.00181662 0.00243061
internal_weight=719.885 10.3315 709.554 97.464 18.8896 78.5744 35.463 32.4464 15.4845 16.9619 12.5918 5.6909 43.1114 39.1463 30.5113 26.0942 11.6628 9.29669 612.09 44.3533 26.3656 22.9439 14.849 7.40119 567.736 17.8416 13.944 7.66314 549.895 538.785
internal_count=5665 140 5525 902 225 677 289 269 109 160 95 50 388 355 262 235 95 80 4623 356 208 182 108 51 4267 127 101 56 4140 4037
is_linear=0
shrinkage=0.05


Tree=42
num_leaves=31
num_cat=0
split_feature=2 3 13 10 2 15 11 9 11 10 5 16 2 13 6 11 4 4 4 15 9 3 15 15 11 3 3 4 11 3
split_gain=3.22006 4.80024 7.65893 3.98374 6.72389 7.83832 6.46515 7.69203 8.08713 7.54403 6.34811 6.09373 5.11502 6.10198 4.9978 4.82838 7.20267 6.28271 6.19678 5.43265 9.1351 5.53843 5.01159 4.7386 4.65954 4.38158 5.95396 7.8326 5.92964 5.88455
threshold=-3.2754266984033915 -4.6790168229989044 -0.85432969794434599 -1.0958229467815543 -0.55329697076969686 -0.61084380074071976 1.0000000180025095e-35 -1.3272680696425441 -46291.83499991893 -1.9486868134101158 34.969879518072453 -0.00035798499999999995 -1.6029420243874399 -0.63882999375141825 -0.58168418264769128 18309.575000047687 32.142857142857196 29.411764705882302 28.2971014492751 0.71659152918977576 -1.6528499348682641 -2.4185597994990373 1.2283036752818559 1.1954776539654184 -176817.16499996182 -1.7803901946196858 -2.2508966588663433 40.506554573952776 26067.819999933246 -0.79860739390985869
decision_type=2 2 2 2 2 2 2 2 2 2 2 2 2 2 2 2 2 2 2 2 2 2 2 2 2 2 2 2 2 2
left_child=-1 2 -2 4 5 12 7 -6 -9 -10 15 -11 -3 -14 -12 17 -17 18 19 21 22 -7 -21 -16 -19 26 27 28 -5 -27
right_child=1 3 -4 25 6 10 -8 8 9 11 14 -13 13 -15 23 16 -18 24 -20 20 -22 -23 -24 -25 -26 29 -28 -29 -30 -31
leaf_value=-0.044637641487236812 0.082582548587701282 -0.050753974520747064 -0.012738259301200774 0.024263716183132136 -0.043172693371764471 -0.049140524462799207 -0.046722705136702292 0.071908356005964458 0.060259505285220151 -0.051234543550629841 0.088789990007638472 0.023925377798774704 0.028737167307517793 -0.028218826839614616 0.045272480915776528 -0.013806490395339467 0.093397842852244714 0.027410097223883545 0.078171520586834353 0.11745207606370696 -0.039899449596032435 0.022944507865365581 0.024690437204606897 -0.040002662865759653 -0.024687620373453817 0.014927473659285441 -0.029581804954912527 -0.031318273868718348 -0.058131364817870596 0.00057660937088994631
leaf_weight=4.0649690330028525 4.4502564817667007 10.176451358944179 4.0027547441422922 24.184689279645685 10.560744214802982 6.0223216190934208 18.072515692561865 4.1325836889445808 3.2761340141296413 7.8409808650612849 3.8640584871172905 4.1106014922261167 7.4329770058393523 12.801513567566868 5.291881360113619 2.9301516190171233 3.3673347048461437 5.0740243494510606 3.5504493564367285 2.9317841976881027 2.6986494697630388 4.7792447730898884 2.8927148655056953 2.3536543771624565 27.841873653233055 86.819500155746937 25.415403824299574 12.384226888418196 2.4002749770879737 403.05631059035659
leaf_count=46 22 120 34 209 100 59 170 35 26 73 26 32 50 121 39 22 21 38 26 19 29 40 27 22 232 615 225 111 25 3051
internal_value=-0.000262321 -9.93507e-06 0.0374453 -0.000458223 -0.00762895 -0.000485463 -0.0231099 -0.00884767 0.00987609 -0.00695857 0.00833776 -0.0253842 -0.0218387 -0.0072965 0.0424441 0.00201535 0.0435168 -0.00266919 0.0174579 0.00630329 0.0361477 -0.0172459 0.0713824 0.0190208 -0.0166567 0.00150831 -0.0107542 0.00152496 0.0168245 0.00311998
internal_weight=718.781 714.716 8.45301 706.263 152.003 104.009 47.9936 29.921 19.3603 15.2277 73.5981 11.9516 30.4109 20.2345 11.5096 62.0885 6.29749 55.7911 22.8752 19.3247 8.52315 10.8016 5.8245 7.64554 32.9159 554.26 64.3846 38.9692 26.585 489.876
internal_count=5665 5619 56 5563 1327 891 436 266 166 131 600 105 291 171 87 513 43 470 200 174 75 99 46 61 270 4236 570 345 234 3666
is_linear=0
shrinkage=0.05


Tree=43
num_leaves=31
num_cat=0
split_feature=14 8 15 16 13 14 14 5 2 2 8 15 15 14 14 3 4 13 3 11 12 6 6 11 11 9 16 15 2 12
split_gain=3.05662 3.49122 3.03621 2.88378 4.90427 8.08137 4.88417 4.49573 8.23292 8.41644 7.3855 10.251 11.6695 8.09675 7.96638 6.95549 15.9922 8.75322 5.99172 5.93962 6.50206 6.22686 6.88599 5.68179 5.55469 5.34427 8.64574 5.89089 5.18925 5.01596
threshold=-2.3678807452017394 0.60060374942461869 2.9041913758682534 -0.00043284499999999995 -1.3586453813187338 -0.3102867019488873 -1.6194359838171415 50.000000000000817 0.56185091641432405 1.0466328152269935 -0.87551562812606065 -0.59861122037132153 -1.237503031983243 -0.78085888087425881 0.65475700163621398 0.68084418027395055 68.000000000000043 -0.79191598365693616 -0.62015733246735316 149818.52999997142 -245.14100000006144 1.0043739242226291 -0.59438770126326068 20539.685000181202 75587.875000000015 -0.90363803925998543 -0.00054499499999999983 1.6919297344550657 0.26033196777840456 146.19649999984543
decision_type=2 2 2 2 2 2 2 2 2 2 2 2 2 2 2 2 2 2 2 2 2 2 2 2 2 2 2 2 2 2
left_child=1 -1 3 7 5 6 -5 -2 10 18 13 12 -12 -9 -15 16 -11 -17 -10 20 -19 22 -22 -23 25 26 28 -27 -13 -25
right_child=2 -3 -4 4 -6 -7 -8 8 9 15 11 24 -14 14 -16 17 -18 19 -20 -21 21 23 -24 29 -26 27 -28 -29 -30 -31
leaf_value=-0.048101470764681048 -0.0082583762876189439 0.014437015174070242 -0.052923420263660995 -0.037700620020567184 0.004996936368096408 -0.04967728931799676 0.032363104643732578 -0.016810303446815524 0.047843827758293773 0.14868447080982336 -5.9886693025862252e-05 -0.057839663917436536 0.074871011831882356 0.097568478045818877 -0.0039117876855149685 -0.039565733975107854 -0.023429322753635854 0.070125963552423662 -0.03060158605224312 -0.05845876202333497 0.032117034359515059 -0.027510211779025118 -0.028545459544162478 -0.0061118603970480058 0.059007235256148677 -0.043813649675904509 0.067097741075963543 0.041163742375080858 0.029961473910738824 0.071785802096842988
leaf_weight=6.7910737358033639 184.42885734885931 3.3239037282764912 2.6864473540335885 3.636959582567215 335.56380596384406 11.030777014791964 7.8695373758673686 3.4477897137403479 2.621016137301921 2.6050511524081221 10.949754681438209 4.2446818612515926 9.8883587718009931 7.6187763437628728 2.5918101742863655 11.086705923080443 2.8005519211292267 4.7701032459735861 34.151903826743364 2.9250576272606841 6.9148281440138772 2.9124196097254744 14.461927432566887 2.8043255731463415 2.7051312625408164 15.691314294934278 4.2803032770752889 2.344128966331481 2.7882929742336273 7.8550118394196033
leaf_count=107 1564 33 56 25 2458 96 49 29 17 18 76 38 62 48 23 103 23 34 280 27 52 23 122 24 16 127 32 18 23 62
internal_value=-0.00025913 -0.0275506 0.000130953 0.000333124 0.00348052 -0.0190978 0.0102174 -0.00291601 0.00314881 -0.00622726 0.0166611 0.00819683 0.0354972 0.0494389 0.0718092 0.00545275 0.0595152 1.3735e-05 -0.0250103 0.0103038 0.0153678 0.00789386 -0.00892271 0.0343815 -0.00955109 -0.0158703 0.0110692 -0.0327688 -0.02303 0.051292
internal_weight=717.791 10.115 707.676 704.989 358.101 22.5373 11.5065 346.888 162.459 95.9089 66.5503 52.892 20.8381 13.6584 10.2106 59.136 5.4056 53.7304 36.7729 42.6437 39.7186 34.9485 21.3768 13.5718 32.0539 29.3487 11.3133 18.0354 7.03297 10.6593
internal_count=5665 140 5525 5469 2628 170 74 2841 1277 785 492 392 138 100 71 488 41 447 297 344 317 283 174 109 254 238 93 145 61 86
is_linear=0
shrinkage=0.05


Tree=44
num_leaves=31
num_cat=0
split_feature=2 3 8 10 2 15 11 9 11 8 14 2 13 7 5 13 13 10 6 2 16 3 14 9 5 15 9 14 14 9
split_gain=2.98095 4.31599 7.14748 3.57525 6.40961 6.89552 5.79632 6.34828 7.20783 6.23829 6.40337 5.08589 5.20413 5.76174 4.91401 4.60974 8.68918 10.1171 6.07242 5.26399 6.42542 4.72464 5.19474 4.34474 5.17815 4.15495 5.53849 6.56144 8.92163 11.2574
threshold=-3.2754266984033915 -4.6790168229989044 -1.017350013623757 -1.0958229467815543 -0.53431747738821878 -0.61084380074071976 1.0000000180025095e-35 -1.3272680696425441 -46291.83499991893 -1.3706647068919284 -0.016902811871919093 -1.6029420243874399 -0.17606565770277127 -0.39254650504643063 34.969879518072453 1.3748769507090948 2.3909999253839733 -1.6847114187304653 0.80237531027162179 -1.0405676742157117 -0.00046487499999999996 -2.382899202593463 -0.15832780670219251 -0.88674369635450889 18.394199785177531 1.351876320235756 -2.3610434484895406 -0.92632357500502349 0.19893651549726732 0.18439470202225902
decision_type=2 2 2 2 2 2 2 2 2 2 2 2 2 2 2 2 2 2 2 2 2 2 2 2 2 2 2 2 2 2
left_child=-1 2 -2 4 5 11 7 -6 -9 10 -10 -3 13 -13 15 18 17 -17 19 20 -7 22 -22 24 -23 -5 -27 -28 29 -29
right_child=1 3 -4 25 6 14 -8 8 9 -11 -12 12 -14 -15 -16 16 -18 -19 -20 -21 21 23 -24 -25 -26 26 27 28 -30 -31
leaf_value=-0.043823005217724004 0.072784542261886478 -0.050229906758808909 -0.021048230529705891 0.0030425832647633659 -0.041845338855205597 -0.021057159526559538 -0.045806558218061233 0.064209389923568796 -0.037180083089689023 -0.039265323587124715 0.062619500604547726 -0.0056038279698373003 -0.032981236818871211 0.074655993184482225 0.037081383585319025 -0.0046641042844865433 -0.053933316378239109 0.11457944523306861 0.047840024208947202 -0.043820828120872186 0.029966395439748186 -0.017847613051536645 -0.046149021676701797 0.098112557203845929 0.068936438450637863 0.075125324139971306 -0.043844189942898099 -0.011065789536536903 -0.02126758830721575 0.062068618004291212
leaf_weight=3.9051185976713887 5.10158871114254 9.732907351106407 3.370171867310999 485.18167617358267 9.8206662647426146 19.723837267607443 17.177349761128426 4.3466348312795189 2.5487797223031521 7.9276455715298608 4.3511279672384289 7.8920464739203453 9.7792913727462256 3.1202126368880307 12.036936789751051 3.2361760623753071 2.1382966935634613 3.949886776506899 5.1699737384915343 8.9240903146565014 4.7274081371724606 3.6276082322001457 4.2629928626120108 2.6982370056211931 3.2666432000696659 1.8560024499893177 13.323748087510465 12.260348048061134 32.268568433821201 9.2178600616753084
leaf_count=46 28 120 28 3579 96 174 168 35 25 74 30 58 99 19 90 29 36 24 34 72 35 31 39 16 23 16 170 106 305 60
internal_value=-0.000257349 -1.87514e-05 0.0354567 -0.000445311 -0.0072805 -0.000413724 -0.0227901 -0.00915453 0.0075891 -0.0090089 0.0257542 -0.0204 -0.00643609 0.017137 0.00785706 0.00215807 0.03455 0.0608792 -0.00360585 -0.00923721 -0.00118047 0.0199166 -0.00612537 0.044324 0.0232725 0.00141067 -0.0100765 -0.0124343 -0.00464782 0.0203215
internal_weight=716.944 713.039 8.47176 704.567 150.459 104.287 46.1722 28.9949 19.1742 14.8276 6.89991 30.5245 20.7916 11.0123 73.7621 61.7252 9.32436 7.18606 52.4008 47.2308 38.3067 18.5829 8.9904 9.59249 6.89425 554.108 68.9265 67.0705 53.7468 21.4782
internal_count=5665 5619 56 5563 1327 899 428 260 164 129 55 296 176 77 603 513 89 53 424 390 318 144 74 70 54 4236 657 641 471 166
is_linear=0
shrinkage=0.05


Tree=45
num_leaves=31
num_cat=0
split_feature=14 13 10 4 15 14 14 9 14 2 5 13 9 13 1 3 3 3 11 11 10 7 14 9 10 16 16 15 3 11
split_gain=2.87697 5.22334 5.17532 5.36693 3.03708 5.49148 7.90848 4.81766 8.06739 12.1209 10.2862 8.25818 5.30216 6.38957 4.64964 5.13986 5.03991 6.40664 6.83266 4.46943 4.30494 8.86474 4.21801 3.70537 7.22636 9.38028 5.13781 8.52621 5.65226 4.17295
threshold=-2.1283403333999997 -0.76773989138755316 0.011437647261373888 35.999999999999901 1.2978735848820697 -0.92632357500502349 -1.893095614834285 -0.14936983609197022 -0.69575522991236849 0.43434562970379204 75.000000000000441 -0.15489771419667278 1.2708324621356681 -0.4027752874647223 -1.1533919744186261 -2.3240415784356201 -1.8347799819947537 -1.0390250429191157 -21220.990000009533 -1.0000000180025095e-35 0.6072852497767055 0.44785388199995807 0.10573078492347641 1.636211860906329 0.86670445602913249 -0.00066270999999999984 -0.00040592999999999993 -0.2092449940207195 2.1365681403306325 91412.929999947562
decision_type=2 2 2 2 2 2 2 2 2 2 2 2 2 2 2 2 2 2 2 2 2 2 2 2 2 2 2 2 2 2
left_child=1 -1 -3 -4 23 6 -6 14 -9 10 12 -11 13 -10 15 -7 -16 18 -18 -15 -19 -22 -13 29 -25 -26 -27 28 -28 -2
right_child=4 2 3 -5 5 7 -8 8 9 11 -12 22 -14 19 16 -17 17 20 -20 -21 21 -23 -24 24 25 26 27 -29 -30 -31
leaf_value=0.029441010438905835 0.0018735312614014015 -0.053928630581724701 0.078052787323540068 -0.035421339969268183 0.05244263992192371 -0.020081563343110904 -0.048044706841031598 0.085752241951133026 -0.047773414018377633 -0.052538198380929046 0.12010131450929283 0.072140507074628463 0.076177353798438679 0.078354958519887372 -0.057002232731490569 0.079880471289347027 -0.020357770001092786 -0.043366722948851327 0.07070790504287372 -0.010089436661118127 0.058968249010741138 -0.045447846693062975 -0.014305776530323153 -0.036255432019346258 0.08820988109075617 -0.038953481497196484 0.094542125378930711 -0.026294198229723183 0.0052556443961633411 0.026418148237164638
leaf_weight=4.1734876036644009 541.75299198552966 9.9636981729418022 1.7835422120988358 2.5062639862298965 2.2694303169846561 2.5390224605798721 14.267631597816942 3.2798606008291236 4.2628526352345926 10.696181133389471 2.8903219252824774 2.4082204252481487 2.8223690390586844 2.7919924184679967 7.4265577085316172 2.6056036017835131 4.0046228133141994 12.985239244997503 4.2412863075733203 2.9247086420655268 3.7890042401850206 4.385249849408865 3.4080019481480122 18.439568374305964 2.9813345447182682 7.7947162762284323 3.5963331013917959 7.3576660118997026 3.4951841905713081 17.888714022934437
leaf_count=25 4059 164 18 33 22 27 187 20 35 110 13 14 17 18 82 20 38 120 24 26 32 45 36 158 22 72 20 57 27 124
internal_value=-0.000254262 -0.0197548 -0.0341596 0.011757 0.00026106 -0.00809875 -0.0342545 -0.00251479 0.0110474 0.00343916 0.0349051 -0.0264639 0.0156701 -0.00144227 -0.0139795 0.0305463 -0.0201988 -0.0109038 0.0264819 0.0331061 -0.025473 0.00295205 0.0214875 0.00156356 -0.0124648 0.00492611 -0.00623635 0.0114131 0.0505356 0.00265809
internal_weight=715.732 18.427 14.2535 4.28981 697.305 93.9982 16.5371 77.4611 35.4845 32.2046 15.6922 16.5124 12.8019 9.97955 41.9766 5.14463 36.832 29.4054 8.24591 5.7167 21.1595 8.17425 5.81622 603.307 43.6648 25.2252 22.2439 14.4492 7.09152 559.642
internal_count=5665 240 215 51 5425 886 209 677 289 269 109 160 96 79 388 47 341 259 62 44 197 77 50 4539 356 198 176 104 47 4183
is_linear=0
shrinkage=0.05


Tree=46
num_leaves=31
num_cat=0
split_feature=15 13 15 2 10 9 15 1 15 13 3 10 12 14 6 11 9 7 7 16 12 7 16 8 15 4 12 9 11 13
split_gain=2.81831 2.86062 7.94128 4.47375 7.65879 5.52034 4.96268 7.95111 5.72787 3.32756 6.052 5.95531 4.36278 6.35989 4.32918 4.42802 5.97357 5.32704 7.35404 6.65838 6.18494 7.79872 5.54822 4.62306 4.6137 4.26605 4.19552 3.90352 3.85835 4.1056
threshold=2.9041913758682534 2.0779892037901191 0.21270872858522602 -1.3120074130777566 -0.88905393557424006 -1.1580768627997602 -1.594870619302712 0.31372055576714364 -1.0000000180025095e-35 1.0107082786254946 3.7464944830496942 1.8604404151316902 323.43200000002986 -0.83384847613949842 -1.4240097588269021 -176817.16499996182 -0.87494841993440775 -1.0837268135245111 -0.91241830122142975 -0.00060388499999999986 -58.64100000006146 0.35665906826702937 -0.00041216499999999993 1.0009840825726644 0.74047462737887459 34.375000000000071 -175.42050000024025 -1.4092818628657493 -206477.25000011918 0.26581832646142889
decision_type=2 2 2 2 2 2 2 2 2 2 2 2 2 2 2 2 2 2 2 2 2 2 2 2 2 2 2 2 2 2
left_child=1 9 3 -3 5 -5 7 -6 -8 10 28 12 14 -14 -11 24 23 -18 -19 -20 26 -22 -23 25 -16 27 -21 -17 -1 -30
right_child=-2 2 -4 4 6 -7 8 -9 -10 11 -12 -13 13 -15 15 16 17 18 19 20 21 22 -24 -25 -26 -27 -28 -29 29 -31
leaf_value=-0.035849528871749706 -0.052821674443513156 -0.053970296514830568 -0.050802561591943102 0.010500232879910223 -0.028915309652384726 0.1119135822374257 -0.056303433734014745 0.082674555805260577 0.010824637035863284 -0.032472422974142393 -0.037750375150833626 0.059846061698943222 0.043960470989419978 -0.035202056514943084 0.0068324443051947879 0.050530980224712023 -0.018136059620910829 0.091327006869086055 -0.04569730602498645 0.024740792761625208 0.088894148093564732 0.057320957276425534 -0.0223619016319547 0.038305544275082315 0.081277315248801052 -0.044018967594791354 -0.048937086840051658 -0.037985067055458108 0.0022791347860083209 -0.0095962580453516303
leaf_weight=7.4064585939049712 2.5403948333114377 3.3184544108808067 10.337018234655259 2.7124260552227497 3.0730843953788343 2.6557148396968868 6.7957108095288321 3.3218466080725193 5.9689737707376382 5.171587496995925 10.815032910555599 5.5362795293331137 3.2342111840844145 11.772352781146763 3.6924294233322126 2.8773210868239403 6.9555783309042374 4.2561763152480081 3.3203719444572917 4.6527860350906849 6.7202232293784858 4.3444988951086989 4.3940196931362143 3.5397212654352179 4.7696067243814468 10.060573875904081 3.304464370012286 2.1962121017277196 478.9570148549974 85.823038399219513
leaf_count=84 57 56 150 27 30 17 79 19 39 44 118 29 23 95 33 22 49 26 27 30 38 28 28 21 27 89 25 20 3666 669
internal_value=-0.000251356 -6.37826e-05 -0.0133773 0.000515576 0.00788718 0.0606712 -0.00690185 0.02905 -0.0249133 0.000690677 -0.000695988 0.00959422 0.00633125 -0.018141 0.0115585 0.0150572 0.0100154 0.0214079 0.0302826 0.0205649 0.0299609 0.0483973 0.0172537 -0.0131357 0.0487931 -0.0251674 -0.00585595 0.0122145 4.38584e-06 0.00047457
internal_weight=714.524 711.983 38.1832 27.8462 24.5278 5.36814 19.1596 6.39493 12.7647 673.8 583.002 90.7984 85.2621 15.0066 70.2556 65.084 56.6219 37.9481 30.9925 26.7364 23.416 15.4587 8.73852 18.6738 8.46204 15.1341 7.95725 5.07353 572.187 564.78
internal_count=5665 5608 417 267 211 44 167 49 118 5191 4537 654 625 118 507 463 403 251 202 176 149 94 56 152 60 131 55 42 4419 4335
is_linear=0
shrinkage=0.05


Tree=47
num_leaves=31
num_cat=0
split_feature=2 3 1 3 15 0 14 9 14 12 2 1 0 5 3 13 0 9 3 13 2 14 4 13 5 16 11 4 14 4
split_gain=2.75163 3.91967 6.37319 3.1828 7.71776 8.79936 12.8665 12.2233 11.4102 8.1403 7.75658 9.52133 9.04831 6.7823 7.06269 12.8579 6.50983 12.3928 5.23958 8.20431 9.66115 8.41668 8.23443 8.0641 8.96171 6.83482 7.92279 8.07548 6.73804 6.29986
threshold=-3.2754266984033915 -4.6790168229989044 -0.81448078280503944 -1.7803901946196858 -0.8956464166841297 1.0000000180025095e-35 0.76697978323085725 -0.86358193225275459 -0.72373984418941473 183.50449999980631 -0.8228766059573015 -0.029273121228594292 -1.0000000180025095e-35 18.394199785177531 -3.0471572150343964 -0.57059597279277741 1.0000000180025095e-35 -1.7476077698193189 -0.79860739390985869 -0.80017778291931052 -0.68286948561776584 -0.91656473112727155 72.368129432624173 0.1354597232682003 16.666666666668394 -0.0006004999999999998 26833.004999995235 36.36363636363631 -1.8690155119143121 54.545454545454426
decision_type=2 2 2 2 2 2 2 2 2 2 2 2 2 2 2 2 2 2 2 2 2 2 2 2 2 2 2 2 2 2
left_child=-1 2 -2 4 16 6 9 -7 -9 10 11 12 13 -6 -15 -16 -3 -18 23 22 21 -21 28 24 -5 -25 -27 -28 -20 -22
right_child=1 3 -4 18 5 7 -8 8 -10 -11 -12 -13 -14 14 15 -17 17 -19 19 20 29 -23 -24 25 -26 26 27 -29 -30 -31
leaf_value=-0.043069918927102414 0.079426211105820932 -0.044728776559882055 -0.0073567286571498388 -0.01703085696761018 -0.0014328395927009543 -0.05075462828583515 -0.032800924015216379 -0.056829981180536816 0.060825364784716278 -0.0215507960900925 -0.045331065230647401 0.12098503663430303 0.10859541256572872 0.075630378036328882 0.083310933486120967 -0.024406949159586393 0.082943021379002502 -0.058087951934473983 0.039099432160481243 -0.043853329771770359 -0.0090404327746329474 0.042221272775797125 -0.056655914129064323 -0.047845925301109024 0.027028110606420741 -0.012092922384061247 -0.019686542271729311 0.084300150358844805 -0.012142571881947256 0.0056512146546513261
leaf_weight=3.731536377221345 4.0201325789093971 20.787057358771566 4.4655386023223382 13.937743581831453 19.09922266006469 17.286379244178537 15.635967984795569 3.1283710822463036 6.0378716960549337 10.583072768524287 3.4587305486202302 2.8400054723024359 3.104010432958602 8.2701600305736083 4.3979403078556061 7.4857733696699125 3.1649269126355648 3.0673660449683657 6.8670717552304259 3.2372652217745808 116.64318764396012 23.148251682519913 9.8230945095419866 8.4891817197203618 67.131173726171255 23.055055612698201 2.9707250781357279 5.0253823809325695 97.530703753232956 194.87244470790029
leaf_count=46 23 237 33 113 166 186 151 33 38 95 28 12 20 50 26 80 30 29 41 30 910 132 102 77 438 199 23 30 803 1484
internal_value=-0.000246447 -2.12421e-05 0.0337572 -0.000430087 -0.00754671 -0.00121535 0.00754251 -0.0260047 0.0206705 0.0181911 0.0268353 0.0323578 0.0264155 0.0199169 0.0401495 0.0154574 -0.0312905 0.0135314 0.00116472 -0.00130533 0.00261066 0.0316607 -0.01289 0.0104241 0.0194533 -0.00808841 0.00278103 0.0456669 -0.00877198 0.000150108
internal_weight=713.295 709.564 8.48567 701.078 128.347 101.328 74.8749 26.4526 9.16624 59.2389 48.6558 45.1971 42.3571 39.2531 20.1539 11.8837 27.0194 6.23229 572.731 452.122 337.901 26.3855 114.221 120.609 81.0689 39.5403 31.0512 7.99611 104.398 311.516
internal_count=5665 5619 56 5563 1181 885 628 257 71 477 382 354 342 322 156 106 296 59 4382 3502 2556 162 946 880 551 329 252 53 844 2394
is_linear=0
shrinkage=0.05


Tree=48
num_leaves=31
num_cat=0
split_feature=4 15 13 2 3 0 10 2 10 3 10 8 12 1 11 3 13 8 13 14 10 14 14 14 3 0 7 11 8 8
split_gain=3.13194 2.66579 2.63332 6.81018 9.74538 12.3262 4.40245 3.69307 8.40855 7.52175 7.39178 6.85782 8.09208 6.72537 10.49 6.66772 11.5988 14.9696 11.5112 8.40382 6.65454 6.26637 9.67233 5.86461 5.18311 10.7877 6.63443 9.39219 7.36216 5.32367
threshold=10.154639175257772 2.9041913758682534 2.2508966188838673 -0.75091597224656459 -1.1374390208132512 1.0000000180025095e-35 1.1853717319531922 -0.8228766059573015 -1.0827273748495567 -2.0729171512652367 -2.4894838692716816 1.5232388936953301 323.43200000002986 -0.12156966350524241 -24887.165000081059 -1.4119940014447849 -1.0474201263831016 -1.2212112717508283 -0.80724440078872617 -0.23566823409135404 -0.031202399770244256 0.161945776063737 0.55084147505303005 -0.3102867019488873 -3.3279661614466058 1.0000000180025095e-35 0.35665906826702937 -108188.44000005721 -1.4286989515416257 -2.0607346617325715
decision_type=2 2 2 2 2 2 2 2 2 2 2 2 2 2 2 2 2 2 2 2 2 2 2 2 2 2 2 2 2 2
left_child=-1 2 7 -4 -5 -6 -7 11 10 -10 -9 12 13 15 -15 16 17 23 -17 20 -20 -21 -23 -2 25 26 27 28 29 -18
right_child=1 -3 3 4 5 6 -8 8 9 -11 -12 -13 -14 14 -16 18 24 -19 19 21 -22 22 -24 -25 -26 -27 -28 -29 -30 -31
leaf_value=-0.056956409363098121 0.10286179386820314 -0.052684343776126075 -0.054332864363825908 0.082643091410587829 -0.050384043486783603 0.070213021233991313 -0.002680813725827721 0.046370522030639273 -0.04669857218696348 0.0018418575564547437 -0.023848047836801587 0.077568130920928 -0.034133290008264393 -0.02979335150702055 0.077152312604449727 -0.024605240301252874 0.0653836242400163 -0.014452705818824014 -0.040896631910798315 0.093348835573548616 0.04281056670727354 -0.039177292253967808 0.056604743503879298 0.024627199082098428 -0.014743303491977883 -0.056384916361687909 0.10108796808584808 -0.038058664381365653 0.10981539655013511 -0.040615094456104339
leaf_weight=2.4263079091906539 6.7025910839438438 2.3976755868643513 7.8675501812249449 3.0616552922874751 10.233740249648687 3.9075812920928001 4.4079052209854126 4.0199934244155875 8.130863916128872 432.69013880565763 55.367263529449701 3.3743925206363192 11.933796215802429 3.2329218946397305 7.8860964961349946 9.8673277422785741 2.3305616192519665 8.5128222256898862 5.1392983831465244 6.919317118823531 4.4130503013730031 3.3461606279015532 12.414688341319559 3.7276249155402201 69.646068546921015 4.2505591660737982 2.9431843087077132 4.7244043648242968 3.1838662028312683 2.4088903516530991
leaf_count=27 34 57 139 19 142 22 26 29 74 3218 500 23 111 30 45 79 21 66 42 37 28 20 69 25 632 48 19 44 17 22
internal_value=-0.000246138 -5.20782e-05 0.000126505 -0.0145026 -2.13967e-06 -0.0136432 0.0315732 0.000763339 -0.00143288 0.000946538 -0.0190949 0.00697142 0.00559904 0.00853229 0.0460572 0.00576049 -0.000796598 0.0347467 0.0226486 0.0371145 -0.00222509 0.0536833 0.0362694 0.0749018 -0.00832053 0.0142242 0.0334744 0.0177404 0.0510116 0.0115083
internal_weight=711.468 709.042 706.644 29.4784 21.6109 18.5492 8.31549 677.166 500.208 440.821 59.3873 176.958 173.583 161.649 11.119 150.53 108.431 18.943 42.0998 32.2325 9.55235 22.6802 15.7608 10.4302 89.4875 19.8415 15.5909 12.6477 7.92332 4.73945
internal_count=5665 5638 5581 348 209 190 48 5233 3821 3292 529 1412 1389 1278 75 1203 928 125 275 196 70 126 89 59 803 171 123 104 60 43
is_linear=0
shrinkage=0.05


Tree=49
num_leaves=31
num_cat=0
split_feature=14 15 8 4 12 12 10 14 9 15 5 3 0 9 2 7 14 4 15 11 9 9 11 3 14 1 2 3 9 15
split_gain=2.65542 3.28217 3.40285 2.60214 2.98164 2.9863 4.80127 4.51851 8.57446 6.7061 8.26666 7.77656 7.43577 9.09788 9.22414 5.40239 4.38967 6.0606 4.36462 4.46609 12.0964 4.41567 4.16196 6.56867 4.00541 8.38168 10.432 7.53352 10.712 6.85947
threshold=-2.3678807452017394 1.1415800078263134 0.068518789592413587 10.154639175257772 -3212.7085000001821 -550.4365000000688 -2.5658749919151482 1.2860303016806929 0.45846995843129751 -1.6747845323318693 69.565217391304557 0.65642057066047765 1.0000000180025095e-35 -0.34741409806489504 -0.85026949554214881 -1.4782440046005487 1.460230736160405 42.307692307692285 -0.013380177728494156 -20677.184999942776 -0.90363803925998543 -0.95691090667805223 65734.820000052467 3.0361877757759257 1.0000000180025095e-35 -0.68999096878987776 -0.27988258444228803 1.0409480491331082 -0.20334787480451014 -2.1129755875701952
decision_type=2 2 2 2 2 2 2 2 2 2 2 2 2 2 2 2 2 2 2 2 2 2 2 2 2 2 2 2 2 2
left_child=1 -1 -3 -2 -5 16 -7 15 9 -9 12 -12 13 -11 -15 -8 18 -18 21 20 -20 -6 -10 -24 29 -26 -27 -28 -29 -17
right_child=3 2 -4 4 5 6 7 8 22 10 11 -13 -14 14 -16 24 17 -19 19 -21 -22 -23 23 -25 25 26 27 28 -30 -31
leaf_value=-0.047694422754057109 -0.056893643140159836 -0.030652874481149874 0.072474004892828334 0.060598546949010838 -0.050702391830219844 0.064061445633270778 -0.040548652812416049 -0.044322483287241699 -0.045445423208205632 -0.035594098761917492 0.095469178622707027 0.0067155990966957851 0.045462577213875525 0.091378981738385517 -0.012558303298305058 0.029716541569829322 -0.024781279595022191 0.075306807880324136 -0.004880000779351145 -0.032097082693822783 0.10748293879748959 -0.0096008701288182244 -0.032834257023057443 0.049543007983831891 -0.02450119650428427 0.034475771173319486 -0.0074025608552940759 0.046528075037914715 -0.00023067170008312469 -0.0013809606228789581
leaf_weight=6.2507035546004754 1.9961337819695462 1.8381074815988543 1.4162142500281332 2.0424585901200762 12.886079382151365 3.0124519169330588 7.2308880165219298 6.6133412905037394 19.114920947700742 17.164353286847472 4.8052876032888872 5.0742745362222195 6.5318753123283377 3.4030419141054153 5.7270470447838324 18.642666690051556 2.7930530309677115 3.2988817282021046 15.164803482592109 7.9647130444645873 2.8445232100784787 13.257741052657366 7.7593137584626657 3.5166967585682869 16.391253648325801 41.481958337128162 57.487071711570024 20.850679725408554 29.689225677400827 363.37356747873127
leaf_count=97 22 32 11 21 137 19 58 66 199 174 30 39 40 22 47 131 29 25 136 68 18 104 80 32 147 258 412 124 218 2869
internal_value=-0.000244072 -0.0264942 0.0142258 0.000112308 0.000275305 9.83022e-05 0.00108763 0.000788811 -0.0103433 0.00252974 0.00978517 0.0498842 -0.00228321 -0.0141439 0.0261821 0.0023872 -0.0107428 0.029418 -0.0154372 -0.000920557 0.0128674 -0.0298595 -0.031234 -0.00714291 0.00295383 0.00944097 0.0131622 0.00497785 0.0190601 0.00013662
internal_weight=709.623 9.50503 3.25432 700.118 698.122 696.08 637.87 634.857 79.7102 49.3192 42.7059 9.87956 32.8263 26.2944 9.13009 555.147 58.2098 6.09193 52.1179 25.974 18.0093 26.1438 30.3909 11.276 547.916 165.9 149.509 108.027 50.5399 382.016
internal_count=5665 140 43 5525 5503 5482 4965 4946 729 418 352 69 283 243 69 4217 517 54 463 222 154 241 311 112 4159 1159 1012 754 342 3000
is_linear=0
shrinkage=0.05


Tree=50
num_leaves=31
num_cat=0
split_feature=4 14 2 15 14 3 14 13 4 13 13 3 5 4 12 9 6 1 10 3 2 15 5 8 1 9 15 14 1 12
split_gain=2.80015 2.40016 5.1828 6.64204 2.85512 5.93684 6.24122 9.42442 6.55557 8.17842 7.95144 7.2533 15.0566 6.29445 9.69942 6.62576 5.94405 6.88864 5.66066 6.11018 8.3297 9.41312 6.68195 7.07953 7.15648 9.55779 10.0618 9.45732 5.49 5.48928
threshold=10.154639175257772 2.3535989025859609 0.087922099123049754 -0.52815038763417921 1.0000000180025095e-35 -2.4815386778861774 0.161945776063737 -0.80017778291931052 49.569475240206906 -1.0100106954952952 -1.2943886087807146 0.52251381221588866 45.546064673582066 33.333333333333357 -45.782499999739223 -0.87494841993440775 -0.90579284063477272 0.66350661612017237 -1.9836003594899194 -1.1091354189718252 0.19605832310090041 1.2117544790394625 41.666666666667091 -0.072586532704218651 0.40172201044746797 1.1211581704229465 -0.99759322838443365 0.61175106465413875 -1.819700061393241 -612.7280000001191
decision_type=2 2 2 2 2 2 2 2 2 2 2 2 2 2 2 2 2 2 2 2 2 2 2 2 2 2 2 2 2 2
left_child=-1 4 -3 -4 29 28 7 -7 9 10 -8 13 -13 14 -11 -16 -9 -18 -10 -20 -21 22 -22 -24 27 26 -26 -25 -6 -2
right_child=1 2 3 -5 5 6 8 16 18 11 -12 12 -14 -15 15 -17 17 -19 19 20 21 -23 23 24 25 -27 -28 -29 -30 -31
leaf_value=-0.056245991919902073 -0.021247663955470102 -0.054421260086789991 -0.044021128358047314 0.042670814678400469 0.058373842095610119 -0.022548634798893952 -0.013374398849023382 0.0066222531511674135 0.06881372100735908 -0.0078748423395172511 0.067625889739915485 0.093266720046716933 -0.033611720823012579 -0.0087768655538784743 0.02911745852556712 0.11247811945370895 0.083441947157095353 0.0023729792128682711 0.040124463555933854 -0.037574188564146717 0.073650781647553162 -0.03954038627459177 -0.0215383804621186 0.049275123069256167 0.0021319079746652606 -0.015178011982011512 0.06905587257217452 -0.04774366201600061 -0.035960520241817361 -0.00044916076508785769
leaf_weight=2.2248823791742316 34.453224198892713 6.3023168407380572 3.9287513792514801 5.0487725101411325 1.7365746162831772 6.7507832199335125 4.1122654601931563 6.7165218368172708 2.5769837796688071 11.775113094598057 11.509998381137846 6.353672727942465 3.6998648121953011 49.153634987771511 6.8220936805009842 3.6639222204685193 10.757872164249415 3.4641779512166968 6.7148414626717559 20.63177589699626 3.3936311751604071 14.087354723364113 22.045994531363242 3.5268151164054933 9.3219958692788989 10.378389503806828 14.128504566848287 8.7284158505499345 13.787302788347004 400.51329216361046
leaf_count=27 332 98 45 47 21 54 30 46 17 90 68 29 28 363 48 20 59 23 42 164 19 150 168 24 62 90 83 73 150 3195
internal_value=-0.000241371 -6.48999e-05 -0.019666 0.00473262 0.000368654 0.00455996 0.00649582 0.0288246 0.00358803 0.0131652 0.0463041 0.00681048 0.0465734 0.00121279 0.0232704 0.0582445 0.0453878 0.0636953 -0.0044602 -0.00613185 -0.00905537 -0.0021825 0.00517552 0.0017647 0.0129126 0.0247719 0.0424524 -0.0198236 -0.0254078 -0.00209659
internal_weight=708.31 706.085 15.2798 8.97752 690.805 255.839 240.315 27.6894 212.625 97.0906 15.6223 81.4683 10.0535 71.4148 22.2611 10.486 20.9386 14.2221 115.535 112.958 106.243 85.6111 71.5237 68.1301 46.0841 33.8289 23.4505 12.2552 15.5239 434.967
internal_count=5665 5638 190 92 5448 1921 1750 182 1568 676 98 578 57 521 158 68 128 82 892 875 833 669 519 500 332 235 145 97 171 3527
is_linear=0
shrinkage=0.05


Tree=51
num_leaves=31
num_cat=0
split_feature=4 15 14 15 7 9 15 14 9 15 15 3 12 9 9 15 16 13 11 15 5 9 5 9 5 12 7 3 8 7
split_gain=2.64753 2.32735 4.28481 6.80192 6.33312 7.16047 7.12394 4.29126 7.81461 12.3018 12.8709 9.43406 9.05683 12.7579 8.37519 7.0553 8.50841 6.21181 5.81621 7.28417 7.98949 6.03074 6.33222 8.18413 9.57571 8.2321 7.43194 9.44865 8.26301 7.46001
threshold=10.154639175257772 1.2978735848820697 -1.8690155119143121 1.1415800078263134 1.376291049610445 0.25309902182334015 -0.99759322838443365 -1.3853202804300897 0.22958314553838202 0.10399164341091154 0.9431617907438089 0.43675653224125943 119.81700000003913 -0.67152692194949448 -1.1688779307968244 -1.131413448749764 -0.00064449999999999989 -0.52970339272195222 -176817.16499996182 -0.07943251271792566 19.999999999999826 -1.7200976110693647 21.42857142857159 -0.20334787480451014 26.69966996699705 119.81700000003913 -1.3208442043648267 -0.02106858764728985 -1.2562589409737726 -0.28749654618082593
decision_type=2 2 2 2 2 2 2 2 2 2 2 2 2 2 2 2 2 2 2 2 2 2 2 2 2 2 2 2 2 2
left_child=-1 2 3 4 5 -2 -7 8 9 11 14 12 13 -4 -11 -10 -17 -14 19 -9 -21 -20 26 24 -24 -26 -23 28 -28 -29
right_child=1 -3 7 -5 -6 6 -8 18 15 10 -12 -13 17 -15 -16 16 -18 -19 21 20 -22 22 23 -25 25 -27 27 29 -30 -31
leaf_value=-0.055919836365554823 -0.044038302264275353 -0.0073737559741945072 -0.052922222679884862 0.069196398233563869 0.044866876567645021 0.054939157669127769 -0.04292689960620185 -0.004611476794458968 0.097209666138927203 0.129793243963299 -0.019927438514355366 -0.057981801831204417 0.012120010265781042 0.046077426051956367 0.028009738284051129 0.085403167102873503 -0.0081002935852619827 0.11031420861745152 -0.016582186643193896 0.014043918005915141 0.11244800358987672 -0.015487610315936391 -0.03230328299466978 -0.0084382604872887349 0.01736748711877013 -0.0047827571684841107 0.04826522051487616 0.01511533760182979 -0.00072561406888724765 0.099567855613398593
leaf_weight=2.1284049935638896 21.411467611789707 94.459500815719366 9.2906067222356779 2.1890120655298224 3.1996124908328047 4.2911180593073368 3.2814890816807738 7.701152089983224 4.6110331565141669 4.3881193399429312 4.8599154502153388 8.6093415617942792 3.931458979845047 5.008657865226275 3.7467033788561812 3.6700480803847304 7.2177176587283602 2.7282945886254302 51.117357570677996 4.1458446308970434 4.1050912290811539 14.891054619103668 14.936855128034948 186.77754508331418 115.80773063376546 65.767861507833004 12.183061238378281 4.3449473828077316 29.321959080174569 6.5671828985214216
leaf_count=27 238 934 89 17 23 28 35 76 24 30 39 75 25 34 25 23 51 18 450 30 21 112 124 1458 814 482 82 28 218 35
internal_value=-0.000238657 -7.04497e-05 0.00106029 -0.0160886 -0.0218894 -0.0292588 0.0125302 0.00208413 0.0149735 0.00390449 0.0444524 -0.0139155 0.00418557 -0.0182452 0.0829142 0.0453716 0.0234179 0.0523471 0.000638446 0.0303609 0.0630029 -0.000306581 0.00153978 -0.000944062 0.00617889 0.00934452 0.0156841 0.0245396 0.0136548 0.0659409
internal_weight=706.69 704.562 610.102 34.3727 32.1837 28.9841 7.57261 575.73 58.0619 42.5631 12.9947 29.5684 20.959 14.2993 8.13482 15.4988 10.8878 6.65975 517.668 15.9521 8.25094 501.716 450.598 383.29 196.512 181.576 67.3082 52.4172 41.505 10.9121
internal_count=5665 5638 4704 341 324 301 63 4363 433 335 94 241 166 123 55 98 74 43 3930 127 51 3803 3353 2878 1420 1296 475 363 300 63
is_linear=0
shrinkage=0.05


Tree=52
num_leaves=31
num_cat=0
split_feature=2 3 13 8 12 14 13 13 9 3 8 10 9 11 15 16 6 11 2 2 15 15 14 10 16 11 10 13 14 2
split_gain=2.44509 3.22315 5.72006 2.81518 3.496 4.92613 8.57259 7.64924 9.64233 4.58569 4.34476 4.32653 4.05933 8.08511 6.21169 3.1955 4.96592 6.65583 6.47409 8.73257 8.75625 8.66297 8.59177 7.55791 8.54101 7.26776 6.38663 6.11 6.42333 5.20016
threshold=-3.2754266984033915 -4.6790168229989044 -0.85432969794434599 -2.6960060885517776 -550.4365000000688 -1.0000000180025095e-35 -0.25276456279383169 -0.92388466335696851 -1.0747652895852422 -2.3240415784356201 -0.5580399923273599 -2.4894838692716816 -1.3744868642423962 -19005.224999904629 0.70571685604854062 -0.00028349999999999995 -0.39092214375260109 -118228.49000012873 -1.435501832460307 -0.34038937193116237 0.50102924377912017 -1.5049016640490269 0.71539583081204527 -1.1230553347249661 -0.00089649999999999984 1360.8049999475481 -1.0004596103194985 -0.9001382958764349 -0.86700218177725141 -0.58409740518702213
decision_type=2 2 2 2 2 2 2 2 2 2 2 2 2 2 2 2 2 2 2 2 2 2 2 2 2 2 2 2 2 2
left_child=-1 2 -2 -3 5 6 7 -5 -9 -7 12 -6 14 -14 -11 16 -13 -18 -19 20 21 29 -22 -21 -25 -23 -26 -27 -29 -20
right_child=1 3 -4 4 11 9 -8 8 -10 10 -12 15 13 -15 -16 -17 17 18 19 23 22 25 -24 24 26 27 -28 28 -30 -31
leaf_value=-0.04194132584986672 0.06914267793171977 0.049083327435428148 -0.013633569598306781 -0.046672693297788732 0.051095219294920058 -0.03783697241767843 -0.048906481330732721 -0.039012111591019853 0.078477146800479569 -0.045528149793801459 -0.034110035514350823 -0.0078953298063429694 0.092061533662490216 -0.00042449899254307343 0.049247327487351777 0.0058573769974033024 0.050291507745742731 -0.035866953282430433 -0.057973272945608605 -0.040349818537468073 -0.046811148984337067 0.067920092580569164 0.023443503307259125 0.065001464599632908 0.051536327904556978 -0.044520856046462547 -0.0034692888416934121 0.092843619495223795 0.0138222882980867 0.035417137146679441
leaf_weight=3.497234269976615 4.5020827651023865 2.86212334036827 3.8905990310013276 4.3736567161977291 4.1874838247895232 5.3437284678220776 17.517646124586463 2.7228700816631317 4.8692421689629573 3.8995308391749921 3.7791676148772195 204.1346860807389 4.8189022317528787 4.63681840896606 3.1058075651526451 174.583371354267 7.1071736570447674 11.23499623313546 3.7106218822300434 12.22713760845363 8.0954292621463555 16.025274649262428 9.4107303544878942 4.9607469588518134 5.4620753787457934 2.9620602056384095 155.8533802870661 3.5124740749597558 9.6009781397879106 2.4913524836301795
leaf_count=46 22 20 34 41 28 63 190 26 32 40 33 1728 29 38 22 1229 62 115 35 131 79 105 68 33 37 23 1248 25 63 20
internal_value=-0.000237541 -2.97452e-05 0.0307701 -0.000402488 -0.000607569 -0.0126931 -0.0266237 0.00599786 0.0363403 0.00336084 0.0142377 0.000439566 0.0253375 0.046709 -0.00350957 0.0001036 -0.00209548 0.00259057 0.00120991 0.0029877 0.0202506 0.0336399 -0.00904458 -0.00240955 0.000380396 0.0440918 -0.00160682 0.0203381 0.0349884 -0.0204581
internal_weight=705.379 701.882 8.39268 693.489 690.627 55.0674 29.4834 11.9658 7.59211 25.584 20.2402 635.56 16.4611 9.45572 7.00534 631.372 456.789 252.654 245.547 234.312 55.8089 38.3028 17.5062 178.503 166.276 32.1008 161.315 16.0755 13.1135 6.20197
internal_count=5665 5619 56 5563 5543 514 289 99 58 225 162 5029 129 67 62 5001 3772 2044 1982 1867 418 271 147 1449 1318 216 1285 111 88 55
is_linear=0
shrinkage=0.05


Tree=53
num_leaves=31
num_cat=0
split_feature=14 15 10 14 3 11 15 5 2 14 5 15 15 14 2 8 15 16 1 8 15 15 2 2 5 3 5 3 9 11
split_gain=2.34551 2.98643 2.84517 2.29618 5.02642 3.10733 2.40854 7.67758 7.44669 6.96928 8.07209 7.60794 12.6489 8.49785 9.64551 9.91147 9.57091 7.20968 6.57428 7.31681 6.156 5.80724 7.5502 7.75671 8.612 7.04681 11.7838 9.71475 8.27691 6.40404
threshold=-2.3678807452017394 1.1415800078263134 -0.031202399770244256 2.3535989025859609 2.4025147152852662 -98592.905000090585 -0.74942239726480631 13.513513513514397 -0.83907457610664704 -0.74645339775420683 71.428571428571857 -0.4669638922060983 0.81384649416994337 -1.0972029838722299 1.3877564195581116 1.206657598018708 0.19107674671353328 -0.00078411499999999983 1.160523061290585 -0.20282119944220037 2.0068074773036639 -0.80658727926983398 1.7691244605655096 0.032813060205429727 84.615384615384883 -1.2691482178680358 49.999999999999972 -2.5575532933331799 0.25309902182334015 -1.0000000180025095e-35
decision_type=2 2 2 2 2 2 2 2 2 2 2 2 2 2 2 2 2 2 2 2 2 2 2 2 2 2 2 2 2 2
left_child=1 -1 -3 6 5 -5 7 -2 -8 10 -10 -12 13 14 15 -13 -15 -11 19 -9 -14 22 23 25 29 27 28 -21 -27 -25
right_child=3 2 -4 4 -6 -7 8 18 9 17 11 12 20 16 -16 -17 -18 -19 -20 21 -22 -23 -24 24 -26 26 -28 -29 -30 -31
leaf_value=-0.046899777428773846 -0.027258815586428144 -0.029597435678234293 0.064311989213885493 0.012943315950282159 0.032848695626308128 -0.049439895502619929 0.0084818929130351158 -0.00042552899255143204 -0.03011039093854715 0.045853833955958635 -0.057593533925938946 0.043019048394326492 -0.047045164036079175 -0.059066229692076859 -0.0087331235616708771 0.14874754301474041 0.062982596352536321 -0.0026904874625962028 -0.027000658339427913 0.069754930751425567 0.042034714497464959 0.071589023878817507 0.067345247911686723 -0.035712239554565303 0.032895297921285538 0.0013468429101007428 0.1075865217215581 -0.02389107020955052 0.087274430312712162 0.005944071538252875
leaf_weight=5.8293433859944326 17.103650789707899 1.7829957064241173 1.4727540239691732 2.5768147669732562 3.5332186594605437 8.8582109399139863 133.07196121662855 87.972806263715029 52.287929514423013 7.9075955823063842 4.9267652407288542 5.5666821971535665 10.205887682735918 4.1340202689170864 3.8883953616023055 3.683317594230175 2.6270537003874779 233.48144332319498 12.804611489176748 3.897977899760007 2.3944851495325556 5.0629595369100562 6.7935516089200965 16.341881304979321 14.75296291336417 10.296417206525804 6.1604565531015387 9.5657564513385278 3.8505190312862387 21.190002039074901
leaf_count=97 164 32 11 28 33 129 1066 677 481 59 46 37 108 33 30 21 17 1812 107 31 22 31 44 121 92 67 33 72 23 141
internal_value=-0.00023514 -0.0254759 0.0128829 9.48396e-05 -0.0192765 -0.0353822 0.000521263 0.00488566 -0.00150773 -0.0055226 -0.0174216 0.000305709 0.00908286 0.0339043 0.0573434 0.0851198 -0.0116435 -0.00110024 0.00765273 0.0100398 -0.0301171 0.0194427 0.0165993 0.0125932 0.000528888 0.0312713 0.0498686 0.00322102 0.0247346 -0.0121936
internal_weight=704.022 9.08509 3.25575 694.937 14.9682 11.435 679.969 215.794 464.176 331.104 89.7145 37.4266 32.4998 19.8995 13.1384 9.25 6.76107 241.389 198.69 185.885 12.6004 97.9125 92.8495 86.056 52.2848 33.7711 20.3074 13.4637 14.1469 37.5319
internal_count=5665 140 43 5525 190 157 5335 1603 3732 2666 795 314 268 138 88 58 50 1871 1439 1332 130 655 624 580 354 226 123 103 90 262
is_linear=0
shrinkage=0.05


Tree=54
num_leaves=31
num_cat=0
split_feature=2 3 1 13 16 14 16 8 3 14 16 13 7 12 7 14 9 2 10 14 14 13 1 12 3 10 9 5 13 7
split_gain=2.29577 2.85193 5.22265 2.76085 8.37492 6.28594 6.21512 5.26274 3.70068 3.57864 3.45248 3.64435 6.83487 5.68218 5.72114 4.38928 5.41772 4.72463 8.20213 4.15627 4.79207 9.99439 7.84845 9.98592 5.87466 6.70798 14.1298 5.60268 7.88499 7.22992
threshold=-3.2754266984033915 -4.6790168229989044 -0.81448078280503944 -1.3586453813187338 -0.00072049999999999989 -0.18678505017474617 -1.0000000180025095e-35 0.052952278084507358 0.19984152617671633 -0.96449862556850274 -0.00045304499999999996 0.36236958147563675 -1.4782440046005487 -1286.7510000001637 -1.4782440046005487 -0.044909106264908107 -2.2198789141440387 -1.4600084029344431 -0.52735968044034798 1.2730404066213461 0.19893651549726732 -1.036097484257211 -0.60870280317231085 -200.05349999992174 0.69942176715358773 0.47785834439960112 0.16515657279079454 61.167800453514907 -0.88123486115187866 0.23771915874691127
decision_type=2 2 2 2 2 2 2 2 2 2 2 2 2 2 2 2 2 2 2 2 2 2 2 2 2 2 2 2 2 2
left_child=-1 2 -2 4 -3 6 7 9 -9 -6 11 13 -13 -5 -15 16 -14 -17 -19 20 24 -22 -23 -24 25 -16 -27 -26 -29 -30
right_child=1 3 -4 10 5 -7 -8 8 -10 -11 -12 12 15 14 19 17 -18 18 -20 -21 21 22 23 -25 27 26 -28 28 29 -31
leaf_value=-0.041282296849832784 0.069603797876514398 0.048898653745732962 -0.0093393132122564903 0.074159816541999518 -0.058757480783478234 -0.043581139342131175 0.066822975221851974 -0.013784343200229822 0.059773854217051274 0.0095516293905891225 0.003718478569404222 0.073945147420993465 0.055568128630633408 -0.059706660147176842 -0.0036837760272268824 -0.047159358031162911 -0.035818148371229368 0.031719154349407752 -0.016206809183202425 -0.021559792360129799 0.071703620553460884 -0.057394721356035273 0.069996995824616159 -0.00030737215449754956 -0.043127046788076918 0.0019628180751381542 0.074745851498214083 -0.050513468740113969 -0.031618581922999281 0.028540207638483441
leaf_weight=3.3898622505366793 4.067751819267869 4.8099240735173217 4.3202065415680391 2.5326840616762629 6.4410012755543029 16.850511956959963 2.8244567960500708 3.7940913513302794 3.1125801727175713 2.7300083637237567 355.69595531746745 2.1980743817985049 1.7221443075686718 4.0949858240783206 74.468442980200052 5.9667857121676198 27.830985676497221 13.748221948742865 25.459504548460245 20.278510928153992 7.0333102867007247 4.2450422570109358 6.5009092837572124 22.643729966133833 14.13197188824415 22.275222681462768 9.5174494534730893 7.2340306155383578 7.3352528139948907 15.649450641125439
leaf_count=46 23 34 33 20 57 155 16 24 20 19 2709 21 19 36 631 82 283 102 216 202 42 42 41 163 133 178 60 70 66 122
internal_value=-0.000234206 -3.52853e-05 0.0289443 -0.000387 -0.013043 -0.0213762 -0.00158133 -0.0135983 0.0193656 -0.0384234 0.000402099 -0.00359843 -0.0129547 -0.000296002 -0.00117142 -0.0155108 -0.0304928 -0.00570953 0.00059847 -3.70849e-05 0.00224757 0.0175335 0.00612288 0.0153745 -0.00185504 0.00452458 0.0237511 -0.0171402 -0.00498723 0.00934136
internal_weight=702.903 699.513 8.38796 691.125 40.5626 35.7526 18.9021 16.0777 6.90667 9.17101 650.563 294.867 76.9257 217.941 215.408 74.7276 29.5531 45.1745 39.2077 211.313 191.035 40.423 33.3897 29.1446 150.612 106.261 31.7927 44.3507 30.2187 22.9847
internal_count=5665 5619 56 5563 325 291 136 120 44 76 5238 2529 723 1806 1786 702 302 400 318 1750 1548 288 246 204 1260 869 238 391 258 188
is_linear=0
shrinkage=0.05


Tree=55
num_leaves=31
num_cat=0
split_feature=2 3 13 10 1 14 1 15 11 15 9 11 15 11 3 12 14 0 13 9 10 15 10 16 15 3 4 4 8 3
split_gain=2.14425 2.56277 5.03558 2.55413 5.25747 4.73786 5.38806 6.13063 8.01608 4.98478 8.17868 11.6758 7.19166 6.72031 5.31398 5.04132 4.83304 7.10454 4.79014 4.52008 4.17871 3.63007 6.56277 4.58698 3.55253 3.53255 6.06588 8.36338 6.30279 5.39427
threshold=-3.2754266984033915 -4.6790168229989044 -0.85432969794434599 -1.0958229467815543 0.25578454648088172 -1.0202805971538413 -1.1533919744186261 -0.48962517083133411 -128393.10000026225 -0.61084380074071976 -1.3744868642423962 -21799.595000028607 -0.16674332597617408 -186192.59000003335 -2.1918157985585496 -573.83200000016939 1.1707821710558648 -1.0000000180025095e-35 0.3744430727936186 -0.93523855088793229 -1.7227906673070583 -0.83358065066777931 -1.3369935787102023 -0.00014602499999999996 0.50102924377912017 -1.6235265502103176 40.709353421217756 68.421052631578974 -1.1386448921025663 -0.79860739390985869
decision_type=2 2 2 2 2 2 2 2 2 2 2 2 2 2 2 2 2 2 2 2 2 2 2 2 2 2 2 2 2 2
left_child=-1 2 -2 4 5 6 7 -3 -9 16 13 14 -13 -11 -12 -14 17 -7 -17 -19 -6 22 23 -8 -16 26 28 -28 -5 -27
right_child=1 3 -4 25 20 9 21 8 -10 10 11 12 15 -15 24 18 -18 19 -20 -21 -22 -23 -24 -25 -26 29 27 -29 -30 -31
leaf_value=-0.040563079955406978 0.063219554068622882 -0.054684241433539588 -0.014317275790638373 0.059654995892618017 0.0096792259537800528 -0.041652773732751273 -0.055840300682077161 -0.021683439058911458 0.10150436838707089 0.035767814469696478 0.0099908744842019392 0.074337366954198666 -0.059397905467045736 -0.022435158692055365 0.099853246144346125 0.019219812677288804 0.035232130310525855 0.05464578131851866 -0.042381972318833991 -0.035328847227708939 -0.048359326010688243 -0.044682801218392659 0.065060132298231529 0.034530017288164017 0.039611374042192511 0.015023175583685891 -0.036039878226789737 0.054466802792456241 -0.0036958326183245075 0.0004407036980067664
leaf_weight=3.2802687473595133 4.5288219228386879 2.0778594687581062 3.8948378190398198 4.345604568719863 4.1941884607076672 16.458047984167941 4.9734839107841253 2.3849074132740498 2.9591402001678935 6.3111519739031818 3.8465112112462512 3.1422390826046493 3.7400291003286865 23.157181959599257 6.9089893698692304 13.280119277536871 3.9637665245681992 3.8253250904381275 4.1393800526857367 2.1978872418403617 11.902493242174385 16.032903989776969 2.4375015683472174 1.9565410502254961 3.7895849570631981 75.459578637033701 25.695350203663114 2.8339864686131468 40.676976010203362 397.40279365703464
leaf_count=46 22 29 34 31 38 167 60 26 22 52 30 19 33 223 38 88 38 32 35 20 129 184 23 15 26 526 239 15 374 3051
internal_value=-0.000232387 -4.2992e-05 0.0273689 -0.000377597 -0.00630961 -0.0029123 -0.019284 0.018193 0.0465289 0.0027584 0.00989339 0.0249613 0.00375455 -0.00996999 0.0603933 -0.00672716 -0.0156734 -0.0246487 0.00458144 0.0218138 -0.0332367 -0.0302346 -0.00550596 -0.0303262 0.0785147 0.00118222 -0.00901129 -0.0270493 0.00241882 0.00276778
internal_weight=701.797 698.517 8.42366 690.094 143.679 127.583 32.8223 7.42191 5.34405 94.7602 68.3152 38.8469 24.3018 29.4683 14.5451 21.1595 26.445 22.4813 17.4195 6.02321 16.0967 25.4004 9.36753 6.93002 10.6986 546.414 73.5519 28.5293 45.0226 472.862
internal_count=5665 5619 56 5563 1327 1160 359 77 48 801 544 269 175 275 94 156 257 219 123 52 167 282 98 75 64 4236 659 254 405 3577
is_linear=0
shrinkage=0.05


Tree=56
num_leaves=31
num_cat=0
split_feature=4 8 12 12 6 8 14 9 13 3 5 9 0 13 15 3 15 8 12 6 5 10 9 14 11 15 9 0 10 9
split_gain=2.36728 2.07481 5.23201 9.20324 4.19117 3.36148 8.00121 7.6055 9.23576 6.19172 7.14289 9.2481 8.4538 8.79642 7.4319 6.85768 11.1767 6.71479 6.58478 6.5317 6.26879 5.96879 6.34594 8.27438 7.35883 5.81734 13.2551 5.4217 5.46214 5.4182
threshold=10.154639175257772 1.7460238545287414 385.35649999976164 418.43050000001682 1.4424882565910619 0.40553449239036049 -1.0745432637625605 -1.7476077698193189 -0.95008550555262705 2.9506544497573683 66.666666666666757 -0.20334787480451014 1.0000000180025095e-35 -0.17606565770277127 1.9802897184456743 0.043254623150526451 -0.064988388918115439 -0.2520381892682419 -116.77850000001489 -0.68707715063563313 63.762626262626519 1.0028385477324715 1.9289556030583588 -0.41661090937579853 73553.945000171676 -1.0122082856668124 -0.67152692194949448 -1.0000000180025095e-35 -1.4563252076004798 -1.8467505017037078
decision_type=2 2 2 2 2 2 2 2 2 2 2 2 2 2 2 2 2 2 2 2 2 2 2 2 2 2 2 2 2 2
left_child=-1 5 -3 -4 -5 6 7 8 -2 10 20 12 13 15 19 -12 -17 18 -15 -13 -8 29 -23 -24 -25 26 -9 -10 -29 -7
right_child=1 2 3 4 -6 21 9 25 27 -11 11 14 -14 17 -16 16 -18 -19 -20 -21 -22 22 23 24 -26 -27 -28 28 -30 -31
leaf_value=-0.055308391503569712 0.074204088155996273 -0.032900518894817481 0.093313322264245838 -0.014575025218075889 0.035777154520538521 0.063730491102582845 0.00034769727167144158 -0.044666471455563406 -0.032494741193348747 -0.041613277113916249 0.11217543309261269 0.03782554128881857 -0.018776241448353773 0.041590808745080796 0.080338489509500344 0.10213725714175548 -0.019955833965282881 0.056735026904820157 -0.06036844646845782 -0.019492154693124236 -0.043541668403912069 -0.0060465446952645959 0.080279497251095733 0.067965284368428774 -0.046203625898717751 -0.032078150110418729 0.033972767705605159 -0.018333715263527214 0.091708605301990986 0.011475975431821175
leaf_weight=1.9454129338264454 4.6995623409748104 16.521614260971546 2.5272451415657988 24.557349078357223 4.9689738042652598 5.2077727913856497 252.45837936364114 9.653150128200652 8.0671279691159707 8.1008653528988344 6.6687360405921954 6.2333196885883835 5.6806405782699576 2.73619494587183 2.5882947072386733 3.8367745578289023 3.6649486124515542 5.7608790732920152 3.7590122744441032 24.531423006206751 8.4068089649081212 106.24492643401027 5.1309150494635105 2.1882898211479169 3.9756138697266579 49.34078212454915 12.044534143060444 2.2860263735055923 2.2254811041057101 104.58233139663935
leaf_count=27 31 137 17 203 39 43 1984 92 94 81 34 45 45 19 14 23 29 36 31 204 68 842 38 17 39 511 78 26 17 801
internal_value=-0.000229535 -7.6166e-05 -0.0100441 0.00173701 -0.00610128 0.000668662 -0.00196794 -0.0153536 0.014398 0.00156699 0.00263892 0.0174062 0.0365609 0.0484561 -0.00103295 0.075284 0.042489 0.0174377 -0.0174167 -0.00787888 -0.00106671 0.00557169 -0.00225853 0.0333735 -0.00567174 -0.0225898 -0.00101329 -0.0079464 0.0359491 0.0139546
internal_weight=700.593 698.648 48.5752 32.0536 29.5263 650.073 422.743 88.3167 17.2782 334.426 326.325 65.4602 32.1072 26.4265 33.353 14.1705 7.50172 12.2561 6.49521 30.7647 260.865 227.33 117.54 11.2948 6.1639 71.0385 21.6977 12.5786 4.51151 109.79
internal_count=5665 5638 396 259 242 5242 3462 849 168 2613 2532 480 217 172 263 86 52 86 50 249 2052 1780 936 94 56 681 170 137 43 844
is_linear=0
shrinkage=0.05


Tree=57
num_leaves=31
num_cat=0
split_feature=9 9 9 12 14 14 14 13 11 8 11 12 5 14 16 11 3 15 4 5 14 15 1 15 1 15 14 3 3 15
split_gain=2.05454 7.20312 6.53528 5.18615 3.33246 5.84299 7.1296 7.11118 4.56896 4.47623 3.46141 3.25495 4.29912 3.09682 4.30919 3.47084 3.23147 3.0489 4.7325 6.53813 4.62365 7.09318 10.3363 5.31777 4.55072 7.29794 5.71037 4.71424 5.3954 3.98506
threshold=1.636211860906329 1.5970515714822342 1.7443678351680389 -307.28850000002416 -1.2033683815417191 -0.68020897372484301 -0.29603191804157519 1.0366672843770333 75587.875000000015 -1.0000000180025095e-35 118331.22000002862 334.74749999982311 85.520918785890316 2.3535989025859609 -0.00024918999999999994 91412.929999947562 4.5930980759190048 1.2978735848820697 68.421052631578974 87.499999999999815 -1.9161389027174895 1.0910602126009514 0.4495765633964261 -0.9423117984136381 -0.92585492727993468 1.5842419712190743 1.0313801666300628 -1.7803901946196858 -1.3707237680427542 1.7449887855475053
decision_type=2 2 2 2 2 2 2 2 2 2 2 2 2 2 2 2 2 2 2 2 2 2 2 2 2 2 2 2 2 2
left_child=1 13 -2 -4 10 -6 -7 9 -9 -8 -5 -11 -13 15 -15 16 17 20 24 29 21 22 -1 -24 25 -19 -27 -26 -29 -20
right_child=2 -3 3 4 5 6 7 8 -10 11 -12 12 -14 14 -16 -17 -18 18 19 -21 -22 -23 23 -25 27 26 -28 28 -30 -31
leaf_value=-0.048524426151163737 -0.047786399116219742 0.082204421969076069 -0.05786806322421123 0.0028612894002110344 -0.043484261452763059 0.07330326704094213 0.035809884435199758 0.10294672129928575 0.0056410347251117376 -0.057651080379683209 0.075154519982493784 0.045530750150787475 -0.043215756060269984 -0.045810831019297171 0.02029624775820689 0.021024715329424962 -0.056499897723285931 0.074980067588741275 -2.8137354041486231e-05 -0.042616141391223411 0.0026241617891474504 0.056622797385324386 0.06455209776127295 -0.024746661778393096 -0.051212210801433858 -0.034882161958660139 0.06282938336846354 0.030364529766080284 -0.020028233755128383 0.071252116156578366
leaf_weight=16.94434614665807 9.3104646224528533 2.6878801099956027 3.6886022724211207 3.5763673186302141 6.815752897411584 3.6517782062292126 2.9052047282457378 2.2056561671197406 2.662744078785181 6.4163249582052284 3.0831915885210037 2.3760207816958427 3.205908540636301 8.0056743826717121 3.5619313642382613 20.236547507345676 2.5221550092101088 3.4799169525504103 3.18738219514489 2.9728829301893702 507.82631397247314 2.788438629359006 3.7319841124117374 3.013261964544653 9.9458896033465845 6.2319657653570157 1.9672529213130472 6.1440139524638573 39.20576801523567 5.0953944735229015
leaf_count=211 88 22 37 27 65 26 22 15 25 63 18 20 34 120 33 136 27 27 30 29 3825 22 24 32 126 72 14 47 393 35
internal_value=-0.000228401 0.000522677 -0.0100056 -0.00133896 0.00431197 -0.00273953 0.00911627 -0.0027388 0.0497259 -0.019877 0.0363311 -0.0333608 -0.00543965 0.000183268 -0.0254549 0.000650096 -2.02682e-05 0.000212291 -0.00900668 0.0209917 0.00156209 -0.0188075 -0.0276862 0.0246602 -0.0140481 0.0143111 -0.0114381 -0.020038 -0.013201 0.043822
internal_weight=699.447 649.549 49.898 40.5876 36.8989 30.2394 23.4236 19.7719 4.8684 14.9035 6.65956 11.9983 5.58193 646.861 11.5676 635.294 615.057 612.535 78.2305 11.2557 534.304 26.478 23.6896 6.74525 66.9748 11.6791 8.19922 55.2957 45.3498 8.28278
internal_count=5665 5225 440 352 315 270 205 179 40 139 45 117 54 5203 153 5050 4914 4887 773 94 4114 289 267 56 679 113 86 566 440 65
is_linear=0
shrinkage=0.05


Tree=58
num_leaves=31
num_cat=0
split_feature=2 8 10 10 5 11 12 14 8 14 9 3 11 2 9 1 15 8 9 4 16 14 12 0 3 10 4 11 9 14
split_gain=1.98777 2.45608 2.90009 2.50751 6.4141 5.56658 2.75545 5.49602 4.49628 3.57268 7.32792 6.10533 7.31025 6.64239 8.34805 7.45372 7.13591 6.35231 5.23028 3.9997 3.98601 3.85014 6.75497 4.53472 12.438 11.4291 12.2655 8.71662 12.7304 13.5727
threshold=-3.2754266984033915 -2.6960060885517776 -3.2153166100286268 -2.4894838692716816 35.424868766404202 -46968.975000143044 -550.4365000000688 -1.0000000180025095e-35 -2.1419918163502509 1.2860303016806929 0.45846995843129751 -1.6851567550616495 77588.980000138297 -0.79810299052130695 -1.0980733217137624 0.16228795314326216 -0.85983035131742735 -0.034361149971486024 -1.5525102457271338 32.142857142857196 -0.00014154999999999997 1.0659280873313519 -153.28599999984723 1.0000000180025095e-35 -2.8609026745591266 -0.14190388452075756 48.496155585707768 12041.740000009539 -1.9470888426616326 -0.092433776251279728
decision_type=2 2 2 2 2 2 2 2 2 2 2 2 2 2 2 2 2 2 2 2 2 2 2 2 2 2 2 2 2 2
left_child=-1 -2 -3 4 5 -4 7 -5 -9 21 11 19 13 14 -13 18 -17 -18 -15 -11 -12 23 -23 24 -8 -25 27 28 -27 -30
right_child=1 2 3 6 -6 -7 9 8 -10 10 20 12 -14 15 -16 16 17 -19 -20 -21 -22 22 -24 25 -26 26 -28 -29 29 -31
leaf_value=-0.03981368519474298 0.045849996326378727 -0.056111498538260432 -0.027840615256847639 -0.029417621983782401 0.081412310885735722 0.045065588589302139 0.036667714291688573 0.061783140430258669 -0.003772701870545599 0.0089390349732087378 -0.037069753081659183 -0.014289654306842587 0.093433315215771362 0.025032043772092723 0.086422172281916204 -0.029650586612424507 -0.0041157778810955231 0.079820443022429327 -0.04998382760142344 -0.056599484245130054 0.017556660115711949 -0.026954561160344573 0.0379696867209545 -0.023844557717501422 0.0013558750959532927 -0.058214863375922299 -0.0081345377516580056 -0.027627836325551627 0.11724029623533849 0.030988918174609005
leaf_weight=3.1565323546528807 2.9028114043176165 2.3146762922406188 6.3769817724823943 22.928830759599805 3.3340724408626548 4.4418592900037757 26.847988674417138 3.1125656180083778 16.38173033669591 3.6696488950401527 24.889305762946609 3.5443556345999241 2.5221059471368781 2.9912570938467935 4.9053068123757786 4.9625134356319895 3.8792853467166415 5.3804798759520045 10.409951075911531 6.3671605512499809 3.8569218926131716 5.2811343409121063 16.597458392381668 58.094826368615031 350.41191347874701 2.8656049408018616 66.641740594059229 5.5343762431293717 6.157268360257155 17.595388393849131
leaf_count=46 20 27 71 229 22 33 188 25 143 43 281 29 12 22 27 45 31 35 101 73 30 43 120 502 2737 28 497 43 43 119
internal_value=-0.000225626 -4.58778e-05 -0.00023832 -5.08827e-05 0.0207781 0.00209227 -0.000487074 -0.0128235 0.0066943 0.00033917 -0.00972701 0.00210285 0.0111371 0.00538329 0.0441769 -0.00648315 0.0187287 0.0446562 -0.0332397 -0.0326374 -0.0297405 0.00174001 0.022298 0.000897956 0.00386887 -0.00624598 0.00410265 0.0294663 0.0413371 0.0533474
internal_weight=698.356 695.2 692.297 689.982 14.1529 10.8188 675.829 42.4231 19.4943 633.406 77.3783 48.6321 38.5953 36.0731 8.44966 27.6235 14.2223 9.25977 13.4012 10.0368 28.7462 556.028 21.8786 534.149 377.26 156.889 98.7944 32.1526 26.6183 23.7527
internal_count=5665 5619 5599 5572 126 104 5446 397 168 5049 729 418 302 290 56 234 111 66 123 116 311 4320 163 4157 2925 1232 730 233 190 162
is_linear=0
shrinkage=0.05


Tree=59
num_leaves=31
num_cat=0
split_feature=4 13 15 2 10 15 1 15 9 13 3 10 13 15 6 4 11 9 9 6 5 14 2 3 4 10 11 11 5 4
split_gain=2.19431 1.92905 7.38194 3.6585 6.61555 4.58077 6.02923 5.10549 3.82611 2.67399 5.02371 4.83377 3.7989 4.86338 4.25169 4.3527 4.20868 7.9926 4.28423 6.01649 6.97823 7.32629 5.04069 4.1699 4.45774 5.1443 3.4883 3.55277 6.84123 8.32065
threshold=10.154639175257772 2.0779892037901191 0.21270872858522602 -1.3120074130777566 -0.88905393557424006 -1.594870619302712 0.31372055576714364 -1.0000000180025095e-35 -1.1580768627997602 1.0107082786254946 3.7464944830496942 1.8604404151316902 1.0889805219242368 -0.19192598920574638 -1.4240097588269021 23.79155435759181 -186192.59000003335 -0.86358193225275459 -0.056311352787556487 0.94002588888363381 60.000000000001073 0.53185665420518469 -0.55329697076969686 3.2536549508592323 57.575757575757692 -0.12267437682059903 -206477.25000011918 -121515.20000016688 22.40870032223425 23.79155435759181
decision_type=2 2 2 2 2 2 2 2 2 2 2 2 2 2 2 2 2 2 2 2 2 2 2 2 2 2 2 2 2 2
left_child=-1 9 3 -3 8 6 -6 -7 -5 10 26 12 13 -11 -14 -16 -17 -18 19 20 21 -19 -20 24 25 -24 -2 28 29 -28
right_child=1 2 -4 4 5 7 -8 -9 -10 11 -12 -13 14 -15 15 16 17 18 22 -21 -22 -23 23 -25 -26 -27 27 -29 -30 -31
leaf_value=-0.054942613637411888 -0.034848381188889686 -0.053399421644373016 -0.050281901601327117 0.013268529366771326 -0.025208843750253614 -0.055736885119356518 0.074623280077003015 0.0089721075056570284 0.098340064421698681 -0.012436261797675159 -0.035862409261041693 0.053376370547195018 -0.046665369657606939 0.062485264116312882 0.050707619863115554 0.043396834446513932 -0.029573681305264068 -0.045880046501067868 0.053027678876250622 -0.02879478080975988 0.0748224850527551 0.056591767776396018 0.050344777598490702 0.038107634650565179 -0.049102330513360153 -0.035507382217420912 0.049632584253103025 -0.00057198389071342563 0.040095806001019953 -0.038062874402451936
leaf_weight=1.8273905105888832 7.1305896751582614 2.6778956726193455 9.0946363843977434 2.5427023135125637 2.7653834894299569 6.1516093555837914 3.337837353348732 6.0423038899898431 2.7523479200899628 3.3854566924273968 9.9948127381503564 5.6445731520652762 4.2725076097995034 6.0134960822761041 4.7912500724196425 5.4421755224466315 18.715209621936076 3.454442452639336 3.2049222588539079 3.7545805908739558 7.7349611669778824 3.5233452245593071 3.2626657448709011 3.109909087419509 8.728142246603964 3.7508057057857753 3.9880960658192661 526.19129100814462 15.350385017693041 8.4061653651297075
leaf_count=27 92 54 150 27 30 79 19 39 17 28 118 29 41 37 40 38 165 28 21 27 40 25 22 18 71 30 29 4134 108 82
internal_value=-0.000224242 -8.0413e-05 -0.0114572 0.00198381 0.00827023 -0.00597313 0.0293891 -0.0236724 0.0574884 0.000529327 -0.000725732 0.00860151 0.00556177 0.0354989 0.00174622 0.0047235 0.00131723 -0.00254854 0.00993256 0.0276997 0.0421166 0.00586179 -0.00494342 -0.014799 -0.0252512 0.00443103 -9.98094e-05 0.000347495 0.0177859 -0.00984515
internal_weight=697.042 695.214 35.3647 26.2701 23.5922 18.2971 6.10322 12.1939 5.29505 659.85 571.061 88.7884 83.1439 9.39895 73.7449 69.4724 64.6812 59.239 40.5238 18.4673 14.7127 6.97779 22.0564 18.8515 15.7416 7.01347 561.067 553.936 27.7446 12.3943
internal_count=5665 5638 415 265 211 167 49 118 44 5223 4563 660 631 65 566 525 485 447 282 120 93 53 162 141 123 52 4445 4353 219 111
is_linear=0
shrinkage=0.05


Tree=60
num_leaves=31
num_cat=0
split_feature=14 15 15 15 7 14 1 1 7 7 14 1 15 12 10 13 10 9 14 7 6 13 3 14 5 4 9 14 3 15
split_gain=2.02903 2.60421 2.24322 1.89707 1.83614 5.19708 8.19169 9.57366 5.07043 4.67575 5.42167 5.68883 8.87505 5.4094 5.33503 9.04911 8.53355 13.5302 7.24055 6.4029 6.2074 5.64238 9.90345 5.88832 5.61799 4.91229 4.61222 8.68791 4.48426 6.91785
threshold=-2.3678807452017394 1.1415800078263134 1.5226969575467131 2.7872061552007121 0.94072766897263271 -1.300366774244212 0.30612866338188321 0.97269835845080965 1.1709486893689525 -0.34519540613489924 -1.0745432637625605 -0.84247258322874585 0.11957485451339518 -458.46750000002788 -0.6061469798067306 -1.0188610792618833 -1.0958229467815543 -0.87494841993440775 -0.78085888087425881 -1.4937575821499649 -1.4791096706192917 -1.1367137073843143 -1.2969067165166959 -0.63772694914123551 28.571428571427798 46.875000000000064 0.85361353995279188 -1.4037027080310569 -1.6235265502103176 0.072939367140528857
decision_type=2 2 2 2 2 2 2 2 2 2 2 2 2 2 2 2 2 2 2 2 2 2 2 2 2 2 2 2 2 2
left_child=1 -1 -3 4 9 6 8 -8 -6 10 11 12 -2 -14 16 -16 19 24 -19 -12 -17 22 23 -21 -18 -26 -13 -28 29 -11
right_child=3 2 -4 -5 5 -7 7 -9 -10 28 14 26 13 -15 15 20 17 18 -20 21 -22 -23 -24 -25 25 -27 27 -29 -30 -31
leaf_value=-0.045869952434966124 -0.028924032803514327 0.054840613988307731 -0.028734693126807188 -0.033541734401711897 -0.059408901366686688 -0.0085272444209305385 0.058833837463865113 -0.022937145975952644 0.010236978868758947 -0.027591583571912461 0.079366232496336786 -0.03287842169372434 0.0033778830839132595 0.093433182129050274 -0.045614695139686245 0.057112058684334291 -0.045503898404209583 0.13474695919717894 0.043843167097539507 0.11391018225683017 -0.0046601500132787297 -0.0082371150611863387 -0.024692251277988048 0.027322116147240501 0.049672425837137615 -0.026273642342619419 0.052523441426821638 -0.047422223336526313 0.010247089095676275 0.012014036564367118
leaf_weight=5.3310244623571617 6.5723881367593986 1.5335932504385712 1.6850996948778627 4.1697688382118931 4.5680557452142256 132.84805043227971 12.749193983152511 4.9767576307058325 6.1071521379053593 21.662139616906643 2.4477436169981948 35.582496734336019 3.04132479429245 3.6915423162281513 13.511436454951761 4.2673418149352065 5.9402185678482047 2.491941004991534 18.109869483858347 3.2503406330943108 86.583723969757557 72.268283419311047 5.5871875658631316 4.9590134136378747 5.0323316231369954 3.6907360814511776 4.8346867188811302 3.9514596313238126 191.6994941867888 22.453966004773974
leaf_count=97 72 15 28 75 39 1057 86 38 52 220 20 356 27 25 115 28 50 11 111 15 672 643 51 34 33 28 32 32 1430 173
internal_value=-0.000220194 -0.0244279 0.011086 8.10495e-05 0.000286356 -0.00437683 0.015037 0.0358757 -0.0195654 0.00172787 -0.00257204 -0.0162684 0.0124076 0.052754 0.00089041 -0.00743655 0.00791124 0.0287103 0.0548387 -0.000375501 -0.00175866 -0.00264341 0.0266572 0.061605 -0.00799985 0.0175396 -0.0248678 0.00757413 0.00693946 -0.00743334
internal_weight=695.598 8.54972 3.21869 687.049 682.879 161.249 28.4012 17.726 10.6752 521.63 285.814 57.6739 13.3053 6.73287 228.14 104.363 123.778 35.2651 20.6018 88.5126 90.8511 86.0648 13.7965 8.20935 14.6633 8.72307 44.3686 8.78615 235.816 44.1161
internal_count=5665 140 43 5525 5450 1272 215 124 91 4178 2355 544 124 52 1811 815 996 233 122 763 700 743 100 49 111 61 420 64 1823 393
is_linear=0
shrinkage=0.05


Tree=61
num_leaves=31
num_cat=0
split_feature=14 15 15 15 14 14 4 14 10 4 11 6 8 11 15 6 11 9 14 15 5 9 9 0 9 1 2 2 13 13
split_gain=1.87928 2.4644 1.997 1.89961 3.91309 7.05073 7.03144 4.73569 4.83375 7.176 4.84975 4.35425 3.53618 4.10153 3.93879 6.80168 6.9601 9.90684 5.55031 5.14125 3.12656 2.995 4.35772 4.52922 2.73507 6.40562 9.52908 5.32256 3.57296 11.7723
threshold=-2.3678807452017394 1.1415800078263134 1.5226969575467131 1.2978735848820697 -0.76077178095456344 -1.893095614834285 80.000000000000128 -0.63772694914123551 1.1317709900176947 68.421052631578974 60624.800000071533 1.2126872168600282 -1.9387735692474604 -98592.905000090585 1.8253925758445637 -0.72112415816747988 -1319.3299998044965 -1.1824258522573159 -0.3411591221579674 2.2686126824429049 11.111111111110867 -2.6432236363467791 -2.4001133679208428 -1.0000000180025095e-35 1.636211860906329 0.27055100380495883 1.1967872611248527 0.82095030425245186 -0.20845405149366955 -0.49398103048297132
decision_type=2 2 2 2 2 2 2 2 2 2 2 2 2 2 2 2 2 2 2 2 2 2 2 2 2 2 2 2 2 2
left_child=1 -1 -3 21 5 -5 -7 -6 9 10 12 -10 13 -9 18 -16 17 -17 -14 -18 -20 -2 23 -23 28 -26 27 -27 29 -24
right_child=3 2 -4 4 7 6 -8 8 11 -11 -12 -13 14 -15 15 16 19 -19 20 -21 -22 22 24 -25 25 26 -28 -29 -30 -31
leaf_value=-0.045297727227522011 -0.026015596915840586 0.050891976844065781 -0.027903304393442026 0.040271257017302609 0.057696677008305899 -0.049299040920830782 0.060688528271134627 0.072945203874520678 -0.047009581861933027 0.060101425881511794 0.041923050431429812 0.021255256415435381 0.052397276141346538 -0.013524236969597429 -0.037457209176400046 -0.019321195565321858 -0.060662098626030239 0.10472020966223393 0.014964405808458415 0.034607491380004012 -0.049998609166691493 0.061873072268868484 -0.00022560872982870168 -0.018123376922732196 -0.041759132370564396 0.0049747643246880668 -0.015569240574263463 0.088536066142505476 -0.0023070748056133088 0.022988485666898859
leaf_weight=5.1334766261279565 10.019328488036988 1.5689990483224394 1.6494623608887193 3.35966897197068 3.2693834751844397 15.470907500013711 1.6037353053688992 2.6820439249277115 10.054409082978962 4.948747217655181 5.3118079826235762 3.0428701788187018 1.7669361531734491 2.8063279353082171 7.2782013341784433 2.6023419965058521 3.1187858916819193 4.2199601903557777 2.1465506628155699 2.5939150117337704 13.503987848758696 5.7926463857293111 208.0808145031333 2.5475394502282143 12.207469310611485 3.5911442711949375 21.719745099544525 4.0603526830673218 254.06617976352572 74.047771248966455
leaf_count=97 103 15 28 38 25 210 14 19 113 33 37 30 14 24 88 31 29 30 17 16 134 46 1573 25 104 29 197 26 2007 513
internal_value=-0.000217584 -0.0237922 0.0105094 6.94689e-05 -0.00671082 -0.0259404 -0.0389685 -0.00104442 -0.00395084 0.00277309 -0.0031336 -0.0311497 -0.00873608 0.0287314 -0.0142594 0.000988757 0.0233116 0.0574051 -0.0316048 -0.0174039 -0.0410886 0.00109061 0.00155398 0.0374379 0.001036 -0.0113178 0.00133439 0.0493175 0.00199396 0.00586719
internal_weight=694.266 8.35194 3.21846 685.914 89.7806 20.4343 17.0746 69.3463 66.0769 52.9796 48.0309 13.0973 42.7191 5.48837 37.2307 19.8132 12.535 6.8223 17.4175 5.7127 15.6505 596.133 586.114 8.34019 577.773 41.5787 29.3712 7.6515 536.195 282.129
internal_count=5665 140 43 5525 902 262 224 640 615 472 439 143 402 43 359 194 106 61 165 45 151 4623 4520 71 4449 356 252 55 4093 2086
is_linear=0
shrinkage=0.05


Tree=62
num_leaves=31
num_cat=0
split_feature=2 3 1 13 16 14 16 8 14 3 16 13 7 12 7 14 9 2 10 13 2 1 14 14 9 12 15 3 5 5
split_gain=1.83948 2.2137 4.30836 2.34773 7.17949 5.94685 5.42939 4.48434 3.27815 3.23637 2.91281 3.2381 5.67308 4.8142 5.40298 4.02393 6.01285 4.34242 7.11251 3.93325 5.44395 7.94651 5.24579 9.40815 4.88361 6.19255 4.78617 4.72679 5.38584 7.72604
threshold=-3.2754266984033915 -4.6790168229989044 -0.81448078280503944 -1.3586453813187338 -0.00072049999999999989 -0.18678505017474617 -1.0000000180025095e-35 0.052952278084507358 -0.96449862556850274 0.19984152617671633 -0.00045304499999999996 0.36236958147563675 -1.4782440046005487 -1286.7510000001637 -1.4782440046005487 -0.044909106264908107 -2.3152730180280514 -1.4600084029344431 -0.52735968044034798 0.11982503815911597 -0.8228766059573015 0.49363250647936596 0.67004530853056921 0.22552229695700934 -1.2865177504514151 -204.68200000002977 -1.2275876618027546 0.69942176715358773 40.000000000000036 54.305787952540378
decision_type=2 2 2 2 2 2 2 2 2 2 2 2 2 2 2 2 2 2 2 2 2 2 2 2 2 2 2 2 2 2
left_child=-1 2 -2 4 -3 6 7 8 -6 -9 11 13 -13 -5 -15 16 -14 -17 -19 22 -21 -22 23 27 -25 -26 -24 28 -16 -30
right_child=1 3 -4 10 5 -7 -8 9 -10 -11 -12 12 15 14 19 17 -18 18 -20 20 21 -23 26 24 25 -27 -28 -29 29 -31
leaf_value=-0.039093741878558061 0.062735259192956125 0.044286158951317905 -0.0099472917978856053 0.067182032255657539 -0.057851620682948995 -0.042507365069638016 0.06234345289619854 -0.014158358388713002 0.0085029131440213148 0.054149939391449048 0.0034276546377089187 0.064802777800732 0.067507460112641374 -0.059320261309905066 -0.0085110261616141557 -0.046562131942464911 -0.034984251585274025 0.029367148868677417 -0.015374887711067009 0.066690183969904282 -0.021700417833633412 0.054298803039448784 -0.057725025251511297 -0.0096538612272417338 0.10644539780200252 0.030202430029041889 -0.010585694971715286 -0.017209789908171715 0.043487721020964848 0.00089053901398610143
leaf_weight=3.0290848277509204 4.0173977725207806 4.922660954296588 4.1399606950581056 2.6167291551828376 5.8508802261203527 16.056814197450876 2.8671892285346976 3.7744922786951056 2.7297751605510729 3.20756945759058 352.35985269211233 2.3122124336659899 1.511929433792832 3.9055153056979171 49.33027197048068 5.5847150161862364 26.737823044881225 13.816037457436321 24.87421059794724 4.9444062188267734 9.4012071713805181 5.4239101260900489 6.807789232581853 4.6082169041037586 3.5776570513844499 10.419914089143273 25.75933475419879 40.629178676754236 15.922580670565365 32.113821219652891
leaf_count=46 23 34 33 20 57 155 16 24 19 20 2709 21 16 36 438 82 286 102 216 39 86 39 68 39 19 66 234 366 122 234
internal_value=-0.0002151 -4.44792e-05 0.025848 -0.000354147 -0.0122001 -0.020263 -0.00088293 -0.0125314 -0.0367422 0.0172226 0.000372279 -0.0033363 -0.0122965 -0.000224101 -0.0010528 -0.0147546 -0.0294989 -0.00534697 0.000602204 3.63459e-05 0.0212572 0.00610462 -0.00218139 0.00161562 0.0349915 0.0496895 -0.0204396 -0.0028844 0.0030933 0.0150102
internal_weight=693.253 690.224 8.15736 682.067 39.4094 34.4867 18.4299 15.5627 8.58066 6.98206 642.657 290.297 74.8369 215.461 212.844 72.5247 28.2498 44.275 38.6902 208.938 19.7695 14.8251 189.169 156.602 18.6058 13.9976 32.5671 137.996 97.3667 48.0364
internal_count=5665 5619 56 5563 325 291 136 120 76 44 5238 2529 723 1806 1786 702 302 400 318 1750 164 125 1586 1284 124 85 302 1160 794 356
is_linear=0
shrinkage=0.05


Tree=63
num_leaves=31
num_cat=0
split_feature=15 6 4 6 3 14 12 14 8 14 13 9 3 12 14 15 14 8 9 3 4 14 2 1 14 9 9 1 8 16
split_gain=1.81061 3.81223 2.23235 2.05346 7.50159 3.46168 5.62336 2.79113 2.63719 3.80305 12.0129 9.87685 7.4988 3.63231 6.21645 6.17795 5.48665 6.35287 3.11834 5.77379 7.22198 6.19155 6.98271 9.04877 5.69623 7.80908 5.48233 4.90579 4.85961 7.33821
threshold=2.5198897052468499 1.0971703181363062 20.550527903468915 1.4211888749003001 1.3221981099035036 0.43693701567559895 849.03499999991629 -1.300366774244212 1.7460238545287414 -1.9161389027174895 -0.95008550555262705 -1.1232053952436007 2.3646357384986412 2230.5555000000172 -1.7775671105525672 0.040501125309075618 -0.37044778429297293 2.1127197198724379 -1.3496667037034848 1.0675321730986862 29.166666666666547 -0.18678505017474617 -1.3865976986247999 -1.9093714164687448 0.48483312088224612 -1.873707801754924 -1.3157439206105714 -1.4741368045648906 -0.051434234586137627 -0.00048575999999999996
decision_type=2 2 2 2 2 2 2 2 2 2 2 2 2 2 2 2 2 2 2 2 2 2 2 2 2 2 2 2 2 2
left_child=3 2 -2 8 7 6 -6 -5 9 10 11 -1 -12 14 -10 -16 -17 -18 19 20 21 27 23 -23 25 -21 -20 -11 -22 -30
right_child=1 -3 -4 4 5 -7 -8 -9 13 18 12 -13 -14 -15 15 16 17 -19 26 24 28 22 -24 -25 -26 -27 -28 -29 29 -31
leaf_value=0.10226830669106707 0.024412674247409137 0.030183119000209375 -0.049600937451421495 0.010338750621075449 0.073108086876665049 -0.016338989579759374 -0.019511284125209832 -0.039716884450544554 0.062114285350486666 -0.011516070207185272 -0.04129397300385243 -0.016632822656822092 0.079229678944563287 0.039016860627271464 -0.038312181470663689 -0.033394092665299323 -0.012042560314634302 0.077785156633739944 0.045116466684139121 -0.058411265820095051 -0.021973037860491304 0.085525303266219946 0.045816655769621878 -0.051164652451016014 0.064958647886174767 0.033892774867619949 0.0037471727249898052 0.052655509536975481 -0.031547065871718009 0.017446990197144369
leaf_weight=3.3998492360115051 1.2018557135015706 2.7342514712363482 6.688012333586812 3.3587156850844648 4.6981343328952772 4.1901147738099098 2.5167168267071247 16.301700152456764 2.3733318336307994 4.0199756380170575 21.015235876664523 3.591705389320853 1.3750308528542508 3.2445686906576148 21.20339211076498 5.4612491726875305 4.0309375487267953 3.8465462811291218 8.1611585058271867 3.486314468085765 64.822054697200656 1.4077159017324437 4.0347915403544894 8.6535199247300607 5.6250674650073043 6.6853365339338771 428.01841826736927 11.493167957291009 11.417608499526976 23.115612059831619
leaf_count=19 19 23 91 28 36 38 22 136 18 42 293 24 9 24 181 47 35 29 61 31 612 18 27 105 32 51 3250 88 108 168
internal_value=-0.000212492 -0.0206947 -0.0383265 0.000106789 -0.0124519 0.0198076 0.0408002 -0.0311656 0.00070656 0.00152322 -0.016027 0.0411864 -0.0338924 -0.0117044 -0.0161624 -0.0215407 0.00511952 0.03182 0.00241084 -0.00394791 -0.00744272 0.0142316 -0.0097544 -0.0320397 0.0245837 0.00225574 0.00452121 0.0360265 -0.0139019 0.00124824
internal_weight=692.172 10.6241 7.88987 681.548 31.0654 11.405 7.21485 19.6604 650.483 610.323 29.3818 6.99155 22.3903 40.16 36.9155 34.5421 13.3387 7.87748 580.941 144.761 128.964 29.6092 14.096 10.0612 15.7967 10.1717 436.18 15.5131 99.3553 34.5332
internal_count=5665 133 110 5532 260 96 58 164 5272 4938 345 43 302 334 310 292 111 64 4593 1282 1168 280 150 123 114 82 3311 130 888 276
is_linear=0
shrinkage=0.05


Tree=64
num_leaves=31
num_cat=0
split_feature=11 11 5 3 3 7 11 15 14 6 14 1 13 3 15 14 14 10 5 2 15 1 16 4 3 4 10 3 11 3
split_gain=1.75432 2.47893 7.17027 7.57029 8.29299 5.78775 5.09613 6.08037 6.7488 10.6029 6.36468 7.328 6.04984 7.48804 5.21872 9.03183 6.60888 8.57416 13.5759 6.49815 15.7565 8.63802 7.23228 8.06482 6.89793 6.42361 6.41329 6.16455 6.08084 6.02767
threshold=-347456.78999984259 -124703.96000003813 22.40870032223425 -2.8609026745591266 -0.15865836584014523 0.065890322631135104 -50264.439999938004 -1.4381489055332668 0.79978405408869224 0.10564967378223253 -0.62627435801470466 -0.9912214583416733 -0.32284100654350928 -1.0000000180025095e-35 0.79778499511241219 -0.78085888087425881 0.19893651549726732 1.4046012685172087 34.969879518072453 -0.58409740518702213 -1.2889646539557809 -0.25250363384366786 -0.00050990499999999984 47.344924812029909 -1.6235265502103176 69.371296905859211 -1.1230553347249661 0.52251381221588866 -500.34499990940088 -1.2172404013526934
decision_type=2 2 2 2 2 2 2 2 2 2 2 2 2 2 2 2 2 2 2 2 2 2 2 2 2 2 2 2 2 2
left_child=-1 2 -2 -4 -5 -6 7 12 10 -10 11 -9 13 -3 19 -16 17 18 -17 20 -8 22 -22 -24 -21 27 -26 -20 -29 -23
right_child=1 6 3 4 5 -7 14 8 9 -11 -12 -13 -14 -15 15 16 -18 -19 25 24 21 29 23 -25 26 -27 -28 28 -30 -31
leaf_value=-0.040307570804360801 -0.0094116168836261907 0.0081067539349139791 0.076770851170371301 -0.015296544063293574 0.086873203066574922 0.0050325446718582616 -0.027311695335964205 0.04337053253828585 -0.0070631353553383793 0.08845617569875161 -0.033671559625218353 -0.016290189263193585 -0.014954513882961372 0.10439283558717867 -0.031465067669466433 -0.028030153179872404 -0.010153703888726849 -0.027461488743970381 0.074680372831924496 -0.046750182771667217 -0.0076058363264701299 0.040682628614183869 0.034011270483281238 -0.045935175478279362 -0.023065318007569554 0.11486165233492725 0.0035771846789631905 0.0633335954123002 -0.03546321829686503 0.11627432131148244
leaf_weight=2.7172364369034758 23.239444565027952 4.9497949182987213 6.2501282263547209 10.981137890368705 4.7949483580887264 3.9316122382879257 18.333114054054022 6.3583336919546118 14.114829747006299 3.6582000870257607 45.504845166578889 27.014905728399754 7.2813505046069613 3.4104646146297437 30.630775433033705 6.4209196455776754 55.616660512983799 7.5759728103876105 6.6042862087488192 7.6319550573825827 22.99474823474884 17.043997585773472 37.954903734847903 3.4404926002025595 24.611075319349766 3.7766969390213481 274.73389081470668 2.6757624670863214 3.7265451066195903 3.1199293434619895
leaf_count=46 241 42 40 120 27 32 174 55 122 22 415 260 70 17 357 54 497 63 40 69 192 108 241 27 239 21 2006 19 31 18
internal_value=-0.000211137 -5.28654e-05 0.0107622 0.0288234 0.0136173 0.0500012 -0.00088529 -0.0105561 -0.0152366 0.0125975 -0.0215083 -0.00492351 0.0183655 0.0473855 0.00117578 -0.00813674 0.000133994 0.0187228 0.0338016 0.00383476 0.0147095 0.0238205 0.0148774 0.0273667 0.00018997 0.0574571 0.00138673 0.0407886 0.00582764 0.0523788
internal_weight=691.099 688.382 49.1973 25.9578 19.7077 8.72656 639.184 112.293 96.6511 17.773 78.8781 33.3732 15.6416 8.36026 526.892 117.028 86.3968 30.7802 23.2042 409.864 102.887 84.5541 64.3901 41.3954 306.977 16.7833 299.345 13.0066 6.40231 20.1639
internal_count=5665 5619 460 219 179 59 5159 1003 874 144 730 315 129 59 4156 1082 725 228 165 3074 760 586 460 268 2314 111 2245 90 50 126
is_linear=0
shrinkage=0.05


Tree=65
num_leaves=31
num_cat=0
split_feature=14 3 11 3 6 3 14 12 8 14 13 9 3 9 4 3 14 9 1 10 16 16 15 6 9 5 8 14 2 16
split_gain=1.75869 4.85483 2.80955 4.75872 2.08849 4.98045 4.83027 4.64026 2.49543 3.76194 10.9814 8.28343 6.84372 3.36306 5.82325 6.47637 5.39131 7.74707 4.78897 6.56722 6.22085 7.00759 5.91266 5.19565 4.75636 4.46428 4.81332 7.4736 9.52732 4.13753
threshold=2.3535989025859609 2.4025147152852662 -49260.230000019066 0.11228481262049268 1.4211888749003001 1.3221981099035036 0.43693701567559895 849.03499999991629 1.7460238545287414 -1.9161389027174895 -0.95008550555262705 -1.1232053952436007 2.3646357384986412 -1.3496667037034848 29.166666666666547 1.0409480491331082 0.48483312088224612 -1.873707801754924 -0.81448078280503944 0.66054114189543811 -0.00046859999999999995 -0.00044609999999999995 -0.70499197362819188 -1.4183205548740674 -1.3157439206105714 4.3717152412810369 -2.1046896873236407 -0.32890568762051803 -1.3120074130777566 -0.00039188999999999994
decision_type=2 2 2 2 2 2 2 2 2 2 2 2 2 2 2 2 2 2 2 2 2 2 2 2 2 2 2 2 2 2
left_child=4 2 3 -2 8 -6 7 -7 9 10 11 -1 -12 14 25 18 17 -17 19 -16 -20 -22 -23 -24 29 -11 -27 -28 -29 -15
right_child=1 -3 -4 -5 5 6 -8 -9 -10 13 12 -13 -14 24 15 16 -18 -19 20 -21 21 22 23 -25 -26 26 27 28 -30 -31
leaf_value=0.092111237810081015 -0.054734148535562868 0.033909745897340908 -0.054445536852158652 0.054763022161395725 -0.02812583516176323 0.06484954413450357 -0.034219750671576586 -0.018851475912592897 -0.011511598284624549 -0.033619695029569886 -0.040808016354106663 -0.015879588436340516 0.072285625181701105 0.07378403876328786 -0.0044289882355538169 -0.057617901154212441 0.06656817435448846 0.031374872557457842 -0.038196068176819836 0.077142568388634564 0.062981941633737132 0.015054703292411778 0.03417807297022591 -0.034789033123860329 0.0038910535453969895 0.077112059344566414 0.041185519228000386 -0.04902333424711184 0.049114217929002543 0.0028545905310786695
leaf_weight=3.5474343225359917 2.031279049813747 3.4356670491397372 6.6171538121998301 1.9398573711514471 19.121757507324222 4.9648962505161744 3.5084737837314606 2.4844397455453873 38.960265891626477 4.0864724218845394 20.565959431231025 3.5554869696497944 1.4307528436183918 4.5984004586935043 21.898277699947361 3.6719802506268016 4.5103347003459922 7.3216432444751254 29.948735494166613 2.7807537689805022 3.1769611407071343 11.997472204267973 3.0765291005372992 24.303573269397027 425.22553583607078 3.5047905165702131 12.21296070888639 7.2645885441452318 3.7495563961565388 3.7187384180724603
leaf_count=19 32 33 109 16 158 37 34 22 327 47 297 24 9 31 204 35 24 55 302 18 27 92 24 214 3195 33 96 99 23 29
internal_value=-0.000210037 -0.0177353 -0.034493 -0.00124596 0.000153972 -0.0127242 0.0141522 0.0369343 0.000754446 0.00154285 -0.0159979 0.0380546 -0.033452 0.00242741 -0.00420719 -0.0094745 0.020536 0.0016504 -0.0142622 0.00476223 -0.0207379 -0.00845124 -0.0142144 -0.0270396 0.00462349 0.0150525 0.022493 0.0142514 -0.0156143 0.0420702
internal_weight=689.211 14.024 10.5883 3.97114 675.187 30.0796 10.9578 7.44934 645.107 606.147 29.0996 7.10292 21.9967 577.047 143.505 112.686 15.504 10.9936 97.1823 24.679 72.5033 42.5545 39.3776 27.3801 433.543 30.8184 26.7319 23.2271 11.0141 8.31714
internal_count=5665 190 157 48 5475 251 93 59 5224 4897 349 43 306 4548 1293 995 114 90 881 222 659 357 330 238 3255 298 251 218 122 60
is_linear=0
shrinkage=0.05


Tree=66
num_leaves=31
num_cat=0
split_feature=13 15 11 0 1 8 10 2 10 3 8 12 15 1 11 11 9 16 14 10 4 8 15 10 12 10 13 1 14 3
split_gain=1.63555 6.03033 3.38065 4.25415 3.00225 3.83837 3.72424 2.41248 6.01792 6.19001 5.4443 7.047 5.61556 5.32888 5.49404 4.69587 6.59359 6.54458 8.1351 8.76252 4.36547 6.82022 5.74263 4.94444 5.87045 5.21391 4.45261 5.9888 6.72966 9.53905
threshold=2.2508966188838673 -1.0391948881121287 32615.029999971393 1.0000000180025095e-35 0.16228795314326216 -1.044398681141063 1.1702915495998585 -0.8228766059573015 -1.0827273748495567 -2.0729171512652367 1.5232388936953301 323.43200000002986 -2.3418525570974968 -0.11525255256106776 -19585.925000190731 18309.575000047687 -1.3272680696425441 -0.00025649999999999995 0.046472892466697925 -1.9486868134101158 42.505060728744958 -1.5211610050806061 1.5842419712190743 0.011437647261373888 53.231499999994419 -0.33431083030464553 0.3744430727936186 -0.39262013332792306 -0.54130890743046678 -2.3554728927208637
decision_type=2 2 2 2 2 2 2 2 2 2 2 2 2 2 2 2 2 2 2 2 2 2 2 2 2 2 2 2 2 2
left_child=7 4 -3 -4 5 -2 -6 10 15 -10 11 12 -1 20 -15 16 -9 18 -18 -20 22 -22 23 25 -25 26 27 28 -14 -30
right_child=1 2 3 -5 6 -7 -8 8 9 -11 -12 -13 13 14 -16 -17 17 -19 19 -21 21 -23 -24 24 -26 -27 -28 -29 29 -31
leaf_value=-0.046904354162444872 0.052916965120375185 -0.047215303683753575 -0.030855168564518504 0.059729381721282164 0.082971602016114226 -0.043143686002917951 0.00084011091288720998 -0.038366380836901269 -0.045150471519292794 0.0012505010864303583 0.066931208794032054 -0.033738889180946828 0.031068990623846333 -0.0059176263161318252 0.070988148464113096 -0.047079252390916607 -0.032901844448403168 0.051289466476031144 0.098926530872135848 -0.0027391683669611821 0.025706889909244864 -0.03099865548274959 -0.022854056833398084 0.057856887172522499 -0.021773048695734855 -0.039059718749730667 -0.0061731095238853895 0.055767424668692028 -0.046214874180371693 0.015985329803611836
leaf_weight=4.7184549570083609 1.5522942207753656 10.903437697328629 3.7873435597866765 1.970450200140476 2.8304556086659431 3.1504679415375012 2.6939217001199722 14.028163444250817 7.310996674001216 425.4529014993459 3.5165432915091506 11.485875464975832 26.155911823734634 3.6108631603419781 6.5074575170874578 10.542330440133808 14.178818887099625 5.7135455235838952 2.9068868421018124 7.8239199593663198 7.734044540673497 16.866584725677967 11.98022551089525 11.127838157117365 2.922333411872386 5.2238422296941414 23.643907200545073 9.5379607528448087 9.1160461902618284 19.034569244831808
leaf_count=55 19 176 58 11 16 45 27 145 74 3238 23 117 202 32 35 119 159 37 16 56 59 146 137 72 21 38 229 61 100 142
internal_value=-0.000208653 -0.0122969 -0.0308485 0.00014496 0.0179259 -0.0114359 0.0429208 0.000282972 -0.00151638 0.000466616 0.00535281 0.00407652 0.00682239 0.00847432 0.0435433 -0.0170647 -0.00997814 0.00302622 -0.00804396 0.0248012 0.00599887 -0.0131713 0.00997048 0.0136539 0.0412944 0.00946503 0.0123624 0.0192268 0.012809 -0.00415703
internal_weight=688.028 26.8884 16.6612 5.75779 10.2271 4.70276 5.52438 661.14 487.958 432.764 173.182 169.666 158.18 153.462 10.1183 55.1937 44.6513 30.6232 24.9096 10.7308 143.343 24.6006 118.743 106.762 14.0502 92.7122 87.4884 63.8445 54.3065 28.1506
internal_count=5665 352 245 69 107 64 43 5313 3844 3312 1469 1446 1329 1274 67 532 413 268 231 72 1207 205 1002 865 93 772 734 505 444 242
is_linear=0
shrinkage=0.05


Tree=67
num_leaves=31
num_cat=0
split_feature=2 11 5 15 15 14 4 1 11 14 14 9 13 6 8 6 7 15 14 15 5 2 13 9 2 3 14 10 4 13
split_gain=1.68302 1.85811 5.78136 5.92321 6.27623 4.89516 5.525 4.58081 4.43354 5.45916 11.6599 9.65058 9.47463 6.98086 6.79134 4.85439 4.88622 4.68714 8.32647 6.20055 7.79354 7.69471 7.30463 6.98774 6.15876 9.51098 8.72202 7.66084 6.32995 5.62504
threshold=-3.2754266984033915 -124703.96000003813 22.40870032223425 0.23513085440273571 1.9067276273397282 1.0037286405294183 23.79155435759181 -1.1802066531087181 -50264.439999938004 0.42038770379273066 -0.62627435801470466 -1.5300783108766651 -0.80017778291931052 0.49175761689477998 -1.9801461266157909 -0.40901719742030546 -1.34769485616242 0.79778499511241219 -0.78085888087425881 0.34547685804802009 80.000000000000412 -0.64149850866808011 0.013578988908315619 -0.55497799250253232 -1.1347843310426768 -1.2172404013526934 0.161945776063737 1.4046012685172087 69.371296905859211 -0.68416429466927542
decision_type=2 2 2 2 2 2 2 2 2 2 2 2 2 2 2 2 2 2 2 2 2 2 2 2 2 2 2 2 2 2
left_child=-1 2 5 -4 -5 6 -2 -7 9 10 11 15 -11 14 -14 16 -3 19 -19 29 21 -21 -22 -23 -20 -26 27 28 -27 -10
right_child=1 8 3 4 -6 7 -8 -9 17 12 -12 -13 13 -15 -16 -17 -18 18 24 20 22 23 -24 -25 25 26 -28 -29 -30 -31
leaf_value=-0.038244563219775589 0.01453764980463638 0.071946569769635316 0.0010277408888259107 0.064601832126246386 -0.019853585846807575 0.077823727270988019 -0.044805255504251386 -0.014529480731937215 -0.008048183533975007 0.064226866831352231 -0.036856065103511852 -0.020175503656419253 0.05694682204535341 0.058599212926345581 -0.026896661049697686 0.090471566780887608 0.0032594885485109286 -0.03054170871809821 -0.036165508423338585 0.037311486510835969 0.095831210738098818 -0.048687836227003234 0.0090937948829985082 0.011041855081591799 0.039050023589992724 0.024949237312672526 -0.0192528179925462 -0.024024531215447186 0.10901519864985354 0.0055344384379698627
leaf_weight=2.8957351148128501 6.221499973908073 3.2957600876688966 13.329186554998161 11.039199495688079 2.7472514025866976 2.7030013184994459 10.613105660304425 2.6680143754929295 109.31244963407516 5.9996941834688213 37.982220858335495 22.49665280804038 2.7652654238045278 3.6294662710279217 19.079573906958103 2.7181306406855574 12.077046133577824 29.749070833437145 10.277087420225142 15.407696854323147 5.8525458164513093 7.3160620331764212 4.1474389582872391 14.806662332266571 16.198148354887962 13.186356179416181 36.682666892185807 6.8529851213097563 2.6972723156213751 251.82897926401347
leaf_count=46 70 28 129 71 40 20 118 25 867 39 361 225 20 23 175 19 106 357 100 94 32 58 24 101 96 93 362 58 16 1892
internal_value=-0.000206567 -4.54572e-05 0.00930277 0.0247941 0.0477722 -0.00961397 -0.0228741 0.0319479 -0.00077228 -0.0098964 -0.0169449 0.0016881 0.00769911 -0.00561428 -0.0162832 0.0288762 0.0179852 0.0011427 -0.00774428 0.00365749 0.0206341 0.010183 0.0598573 -0.00871096 0.000151473 0.00508728 -0.00417123 0.020161 0.0392249 0.00142317
internal_weight=686.576 683.68 49.3213 27.1156 13.7865 22.2056 16.8346 5.37102 634.359 110.044 78.5698 40.5876 31.474 25.4743 21.8448 18.0909 15.3728 524.315 115.644 408.672 47.5304 37.5304 9.99998 22.1227 85.8945 75.6174 59.4193 22.7366 15.8836 361.141
internal_count=5665 5619 473 240 111 233 188 45 5146 996 739 378 257 218 195 153 134 4150 1082 3068 309 253 56 159 725 625 529 167 109 2759
is_linear=0
shrinkage=0.05


Tree=68
num_leaves=31
num_cat=0
split_feature=9 9 9 12 10 14 3 14 9 1 1 13 15 14 16 6 11 2 13 13 3 14 14 8 13 2 11 3 14 16
split_gain=1.63922 6.11811 6.09021 4.66455 2.87259 5.37404 5.85634 4.79659 4.70767 4.52087 8.95591 5.9505 3.87104 2.67288 3.57945 2.78485 3.6376 3.31009 5.22814 7.06062 3.28779 3.32002 2.47263 9.6015 6.89341 11.603 5.34051 7.1312 8.66969 6.76274
threshold=1.636211860906329 1.7443678351680389 1.5970515714822342 -307.28850000002416 0.86670445602913249 -0.57612941265048423 1.9824580437660477 -1.194044452712862 2.2470452319921903 0.70234168261063512 1.0147538204870108 -0.070239359398537163 -0.50308416118572563 2.3535989025859609 -0.00024918999999999994 1.4211888749003001 91412.929999947562 0.933229357514191 -1.0000000180025095e-35 0.67180673772174415 1.3221981099035036 -1.0000000180025095e-35 -1.0745432637625605 0.087080675348902223 -0.70531419502606063 -1.5755739488212972 12663.87000000477 -0.688523237510417 -2.0921007588371952 -0.00044869999999999996
decision_type=2 2 2 2 2 2 2 2 2 2 2 2 2 2 2 2 2 2 2 2 2 2 2 2 2 2 2 2 2 2
left_child=2 -2 13 -3 5 -5 12 -6 9 -9 -11 -12 -7 15 -15 16 22 18 -18 -20 -17 -22 23 24 25 -1 27 29 -29 -25
right_child=1 3 -4 4 7 6 -8 8 -10 10 11 -13 -14 14 -16 20 17 -19 19 -21 21 -23 -24 26 -26 -27 -28 28 -30 -31
leaf_value=0.067597892225623485 -0.046858928090041538 -0.057100750065618315 0.074094936552759783 -0.05843872523719499 0.056465868973482741 -0.0078147026768081562 -0.055842865860204642 -0.028965715004645339 -0.03008339333953133 0.11135914429974479 -0.055661147445495822 0.054535519706028657 0.073111285035597356 -0.045173708523536679 0.016211271034403556 -0.029334885613918657 0.072126258952335584 -0.011382385003886825 -0.050514323153524367 0.047009986678129917 0.051558307667523742 -0.020979809335789128 0.0022095959684143682 0.048030982936952869 -0.031408688543325756 -0.01463893959201432 0.034193800346867267 0.080154735044340342 -0.02952736134772382 -0.013371102762180818
leaf_weight=5.2784601226449039 8.7737602889537794 3.351768657565116 2.7962385080754748 4.497836221009492 5.3814617097377733 2.7262596972286692 2.4463325254619122 3.0320682413876145 6.8015533089637747 2.9730898700654507 2.3664421215653411 2.5399247854948053 3.2266786508262149 7.1084889397025108 3.5662563517689687 15.536705136299135 5.7334758192300805 5.1049426943063727 3.0272238105535516 4.7965439930558205 3.0004780292510986 3.3259648233652106 457.82182485051453 10.885730169713499 40.664931917563081 22.886978244408965 15.867317473515866 1.9828046038746823 19.720574978739027 7.6256795134395352
leaf_count=31 88 37 22 44 34 23 28 25 69 20 29 22 21 120 33 132 34 40 21 29 21 27 3556 86 482 211 117 14 184 65
internal_value=-0.000205602 -0.00910417 0.000466855 -0.000684683 0.00456914 -0.0143332 0.00928551 0.0151251 0.00256523 0.0229163 0.0428809 0.00138539 0.0360497 0.000142087 -0.024666 0.000566982 0.00120424 0.0229338 0.0358555 0.00927524 -0.0169622 0.0134233 0.000508341 -0.005727 -0.0182399 0.000772993 0.00963029 -6.1589e-05 -0.0195069 0.0227367
internal_weight=684.848 48.1172 636.731 39.3434 35.9916 12.8971 8.39927 23.0945 17.7131 10.9115 7.87946 4.90637 5.95294 633.934 10.6747 623.26 601.396 18.6622 13.5572 7.82377 21.8631 6.32644 582.734 124.912 68.8304 28.1654 56.0821 40.2148 21.7034 18.5114
internal_count=5665 440 5225 352 315 116 72 199 165 96 71 51 44 5203 153 5050 4870 124 84 50 180 48 4746 1190 724 242 466 349 198 151
is_linear=0
shrinkage=0.05


Tree=69
num_leaves=31
num_cat=0
split_feature=14 13 4 8 12 10 8 2 10 9 9 12 7 14 9 3 9 16 10 8 5 2 11 3 1 15 3 8 11 10
split_gain=1.65085 3.58501 3.09297 7.14586 1.80445 2.34491 3.02125 5.5463 4.26959 5.45618 9.76565 3.42506 4.10603 3.54053 6.25283 6.66388 6.88666 3.95509 4.02105 4.2341 6.05085 4.82608 3.8138 5.3762 3.45919 3.23957 10.5744 3.89963 3.21953 6.97988
threshold=-2.1283403333999997 -0.61918710636065799 23.79155435759181 0.60060374942461869 -3212.7085000001821 -2.9187995414257428 -2.0607346617325715 -2.2913289624316739 -2.5658749919151482 -0.67152692194949448 0.068915744193992087 -550.4365000000688 -1.4782440046005487 1.2860303016806929 0.45846995843129751 -2.1432700001818321 -0.092755507825033404 -1.5824999999999995e-05 0.073265033267981061 -0.034361149971486024 70.914334543901219 0.1188152694830409 65734.820000052467 3.0361877757759257 -0.087304631052289236 -2.5132122768413101 -1.4119940014447849 0.21367831979117666 37374.105000019081 -0.39643516757352076
decision_type=2 2 2 2 2 2 2 2 2 2 2 2 2 2 2 2 2 2 2 2 2 2 2 2 2 2 2 2 2 2
left_child=1 -1 3 -3 -2 -6 7 -7 -9 -10 -11 -8 -13 25 15 -15 17 18 19 21 -21 -17 -16 24 -24 26 -14 -28 29 -18
right_child=4 2 -4 -5 5 6 11 8 9 10 -12 12 13 14 22 16 28 -19 -20 20 -22 -23 23 -25 -26 -27 27 -29 -30 -31
leaf_value=0.018589758530646261 0.044915285054427073 -0.053027333616097343 -0.053233325263840198 0.091427816648002341 -0.028243075619572608 0.090071643706648954 -0.014950201198128435 0.068360766288476427 -0.035842431505017931 0.083113536932902743 -0.038021893198285472 -0.042458341042092521 -0.036419785920125583 -0.047796269297165038 -0.043292433701125337 0.016238368392677227 0.083569347370740191 -0.058951309196831482 -0.023045942906054565 0.0071641628069068946 0.10150685461808145 -0.058503920048615425 0.017244025880700398 0.045584090496232577 -0.056345255811754917 0.0019003610295429631 0.016416508049397198 0.089951185998876998 0.090487175414635065 -0.026914499801249787
leaf_weight=4.9291615895926961 2.2453125976026049 2.1567455008625953 6.7265949249267578 1.4196177944540975 7.2606504000723353 2.472890209406617 37.268634301610291 2.5682340152561673 6.2491398081183434 3.7267597541213 3.0056444630026817 5.4690885283052912 4.1152469757944345 5.8686657175421706 16.541907755658034 9.5587518084794301 2.7698833700269461 2.750009153038266 9.367283705621956 3.905621642246845 3.0089479386806488 2.79016363993287 2.4770506396889687 3.5230347327888012 4.4944560769945365 513.25586613174528 2.8597062528133375 4.878838911652565 3.0011682361364365 2.9541285149753076
leaf_count=37 22 47 147 9 73 20 359 21 60 21 27 50 42 79 195 73 17 25 94 31 15 28 25 32 55 3972 19 23 18 29
internal_value=-0.000203584 -0.0164797 -0.0332577 0.00431335 0.000167339 1.65101e-05 0.000327921 0.0205177 0.00945647 -0.002197 0.0290333 -0.000239869 0.00066842 0.00106276 -0.00925392 0.00196702 0.00924884 -0.00167625 0.00382506 0.0168917 0.0482184 -0.000649205 -0.0283348 -0.00475796 -0.0301982 0.00249719 0.0283392 0.0627771 0.0485418 0.0265493
internal_weight=683.619 15.2321 10.303 3.57636 668.387 666.142 658.881 18.0227 15.5498 12.9815 6.7324 640.858 603.59 598.121 73.0111 45.9746 40.106 31.3808 28.6308 19.2635 6.91457 12.3489 27.0364 10.4945 6.97151 525.11 11.8538 7.73855 8.72518 5.72401
internal_count=5665 240 203 56 5425 5403 5330 149 129 108 48 5181 4822 4772 716 409 330 266 241 147 46 101 307 112 80 4056 84 42 64 46
is_linear=0
shrinkage=0.05


Tree=70
num_leaves=31
num_cat=0
split_feature=11 11 5 3 3 4 15 15 11 15 14 6 14 1 13 3 5 10 14 16 14 10 15 14 15 8 13 6 13 1
split_gain=1.62985 2.06977 5.67576 5.78788 6.5002 5.13569 4.72728 7.36841 4.08347 5.28682 5.78112 8.30854 5.57082 5.60936 5.13134 6.30173 4.71167 12.125 7.90524 4.28727 5.89456 7.83009 4.17243 7.75186 7.07714 6.47331 7.3563 7.46126 6.08816 7.56387
threshold=-347456.78999984259 -124703.96000003813 22.40870032223425 -2.8609026745591266 -0.15865836584014523 51.870943108056586 0.71659152918977576 1.7449887855475053 -50264.439999938004 -1.4381489055332668 0.79978405408869224 0.10564967378223253 -0.62627435801470466 -0.9912214583416733 -0.32284100654350928 -1.0000000180025095e-35 45.062683795078428 0.49483251469314377 -1.300366774244212 -0.00055787999999999986 0.42038770379273066 1.1514338061371232 0.71659152918977576 -0.96449862556850274 0.34547685804802009 0.43873533085228428 -0.36299754965997827 -0.49453455525932616 -0.61918710636065799 -0.087304631052289236
decision_type=2 2 2 2 2 2 2 2 2 2 2 2 2 2 2 2 2 2 2 2 2 2 2 2 2 2 2 2 2 2
left_child=-1 2 6 -4 -5 -6 -2 -8 9 14 12 -12 13 -11 15 -3 -15 18 -18 20 21 -14 24 -24 -10 26 27 -26 29 -25
right_child=1 8 3 4 5 -7 7 -9 22 10 11 -13 19 16 -16 -17 17 -19 -20 -21 -22 -23 23 28 25 -27 -28 -29 -30 -31
leaf_value=-0.040018254245434745 -0.034779685327197184 0.0075740193666886712 0.067213633657366698 -0.014049775647944761 0.083985481711453661 0.0076773367210591255 0.037459459943472745 -0.044060534417761019 0.0012554229783248905 0.036480612085092838 -0.006328777833822425 0.077066548751487579 -0.045594743418065763 -0.035013968099015635 -0.013988132766304335 0.095478920767762709 -0.022516682343350355 -0.057379674058212274 0.082750771609946414 -0.042619504644974104 0.056570925003930711 0.064011374516695085 -0.032181882119279061 -0.013079024271589926 0.075482505215109741 0.049986562397866863 -0.020988969538411145 0.0018966378651152013 -0.012164598635070835 0.02954191411906831
leaf_weight=2.5603307196870437 9.6935802511870879 4.943085927516222 6.3856816161423948 10.602619547396904 4.2090114653110451 4.6308827847242355 8.7128379009664041 4.0653122169896951 360.86336962413043 6.6379375942051402 13.820211766287686 3.8099895957857361 8.8049735035747236 13.836124286055567 7.0554629396647206 3.470018342137335 2.7656012643128633 4.5481855683028698 5.0221369042992574 29.491046898067001 2.7592304535210124 1.9994500577449787 24.572693265974522 16.989293789491057 5.9042001217603692 14.557201057672499 11.722729654982686 8.2697774395346624 52.83058762177825 26.879020269960165
leaf_count=46 120 42 40 120 25 34 64 57 2765 55 122 22 98 147 70 17 33 44 36 280 21 16 320 144 33 84 88 52 462 208
internal_value=-0.00020028 -5.03249e-05 0.00992564 0.0259131 0.0123484 0.0440106 -0.00844979 0.0115242 -0.000813268 -0.00961807 -0.0140979 0.0116934 -0.0200915 -0.0045706 0.0174586 0.0438307 -0.0149823 0.00748547 0.0453679 -0.0319193 -0.00865406 -0.0253112 0.0010226 -0.00710475 0.00347855 0.0233096 0.00831382 0.032549 -0.000732258 0.0130357
internal_weight=682.413 679.852 48.2999 25.8282 19.4425 8.83989 22.4717 12.7782 631.552 108.963 93.4949 17.6302 75.8647 32.81 15.4686 8.4131 26.172 12.3359 7.78774 43.0547 13.5637 10.8044 522.589 121.272 401.317 40.4539 25.8967 14.174 96.6989 43.8683
internal_count=5665 5619 460 219 179 59 241 121 5159 1003 874 144 730 315 129 59 260 113 69 415 135 114 4156 1134 3022 257 173 85 814 352
is_linear=0
shrinkage=0.05


Tree=71
num_leaves=31
num_cat=0
split_feature=7 7 16 3 8 15 16 6 11 11 7 14 1 13 14 6 3 4 6 15 14 13 9 9 11 11 9 13 10 14
split_gain=1.62355 4.30733 7.1712 7.13332 5.00918 4.4706 4.83434 4.91106 7.92418 5.45579 4.60341 3.81761 5.01129 5.12792 3.50443 7.77469 6.52628 7.78939 3.73704 6.21725 3.64784 6.08601 3.34909 6.37703 4.6405 3.95103 7.52078 4.46348 5.91703 7.78672
threshold=0.94072766897263271 0.75182546426182395 -0.00066549999999999997 -0.32058263760743483 1.6806783257608313 1.1415800078263134 -0.00057576999999999986 0.72358108838999846 -27467.949999928471 10266.074999928476 0.87532618415659524 -2.0619976313624022 -0.8747050203284733 -0.95008550555262705 -1.300366774244212 0.47321923103151453 1.6539127212935243 58.82352941176439 1.0043739242226291 -1.076442035629656 -0.91656473112727155 0.56648760655928454 1.636211860906329 2.0007861921975976 79922.2649998665 22023.699999928478 1.2193656620275777 1.4185854461455862 -1.0004596103194985 -1.3853202804300897
decision_type=2 2 2 2 2 2 2 2 2 2 2 2 2 2 2 2 2 2 2 2 2 2 2 2 2 2 2 2 2 2
left_child=1 11 3 -3 5 6 -4 8 10 -10 -8 12 13 -1 15 -2 17 18 -17 -20 21 -16 25 -24 -25 26 -13 28 -27 -30
right_child=14 2 4 -5 -6 -7 7 -9 9 -11 -12 22 -14 -15 20 16 -18 -19 19 -21 -22 -23 23 24 -26 27 -28 -29 29 -31
leaf_value=0.096036428996635337 -0.019081722341581474 0.015539396373337969 -0.027536510112626596 0.11085079517326207 -0.039828165999330672 -0.030067579531043317 -0.043578793933505916 -0.0025443008653306589 0.097227769763061772 0.025160565131641929 0.041775201392299365 0.00024569778676281393 -0.055244507735602646 -0.021288139590363631 -0.041782198873539511 0.06435038054546792 -0.025219936147480932 0.098656712246603051 0.062779530217320453 -0.046275554594368253 -0.0049460431949052783 0.048454383458609473 -0.042736535136847519 0.045816004738342804 -0.017101646583664688 -0.027404587568393042 -0.047803722496853468 0.037138041504248764 0.061865297438542556 0.0056986061115899996
leaf_weight=1.3004388436675069 12.589950973168017 4.3145384043455124 4.4148456677794448 3.6019868105649939 5.0299154110252848 5.0410768110305062 3.1319513171911266 8.3060513101518136 6.8507371600717359 4.2586977295577526 3.18729592487216 343.34102435968816 7.0025052772834879 3.28123814240098 14.39396275766194 3.055830694735052 3.8179463651031247 4.9629643112421027 2.117105498909952 3.4150753738358599 114.2919470705092 2.1473178863525382 12.423043683171274 4.8967497497796995 7.2988901864737272 11.11651507206261 8.341648265719412 13.830092344433067 7.0012217015027991 52.020696554332972
leaf_count=6 116 36 39 23 43 53 28 60 39 28 25 2865 121 59 130 17 31 30 12 38 931 15 128 32 68 99 74 101 40 378
internal_value=-0.000198986 0.0011588 0.0154064 0.0589057 0.00684447 0.0135155 0.0208027 0.0290954 0.0441741 0.0696015 -0.000528027 -0.000294688 -0.0286435 0.0120126 -0.00458999 0.0108356 0.0325214 0.0487898 0.0199721 -0.00454136 -0.00812223 -0.0300681 0.000418802 -0.0175229 0.00816082 0.00143269 -0.000893998 0.0111775 0.00605851 0.0123611
internal_weight=680.783 519.991 48.1371 7.91653 40.2206 35.1907 30.1496 25.7347 17.4287 11.1094 6.31925 471.854 11.5842 4.58168 160.792 29.9589 17.3689 13.551 8.58801 5.53218 130.833 16.5413 460.27 24.6187 12.1956 435.651 351.683 83.9685 70.1384 59.0219
internal_count=5665 4345 374 59 315 272 219 180 120 67 53 3971 186 65 1320 244 128 97 67 50 1076 145 3785 228 100 3557 2939 618 517 418
is_linear=0
shrinkage=0.05


Tree=72
num_leaves=31
num_cat=0
split_feature=2 3 8 13 16 14 16 8 9 14 9 16 16 13 7 12 7 16 14 10 13 3 10 4 10 0 3 13 2 4
split_gain=1.57608 1.87802 3.3972 2.02052 6.0373 5.60633 4.89406 3.72713 3.35721 3.17345 2.7375 3.7297 2.27935 2.86853 7.38891 3.95915 4.83142 3.62578 3.81877 3.55453 3.78572 3.5659 9.41574 6.13851 4.76177 4.1479 4.69233 4.03385 5.17394 4.5644
threshold=-3.2754266984033915 -4.6790168229989044 -1.19495522051805 -1.3586453813187338 -0.00072049999999999989 -0.18678505017474617 -1.0000000180025095e-35 0.052952278084507358 0.65604190677056662 -0.96449862556850274 -0.77579667548536968 -0.00035493499999999996 -0.00045304499999999996 0.36236958147563675 -1.482564096677528 -1286.7510000001637 -1.4782440046005487 -0.00076949999999999989 1.3295311835979988 1.4272038922337986 0.45668993682731923 -0.36075140934227051 -0.48441535325800905 60.869565217391532 1.0613489602290354 -1.0000000180025095e-35 -1.1374390208132512 1.3166699064183438 -1.4600084029344431 30.434782608695865
decision_type=2 2 2 2 2 2 2 2 2 2 2 2 2 2 2 2 2 2 2 2 2 2 2 2 2 2 2 2 2 2
left_child=-1 2 -2 4 -3 6 7 9 -9 -6 11 -7 13 15 -15 -5 -17 18 -16 20 -19 25 -23 24 -24 26 27 29 -29 -22
right_child=1 3 -4 12 5 10 -8 8 -10 -11 -12 -13 -14 14 17 16 -18 19 -20 -21 21 22 23 -25 -26 -27 -28 28 -30 -31
leaf_value=-0.037702738855965374 0.053160609279249177 0.039736945522086016 -0.013588623252051461 0.060231947939097891 -0.057195273252891955 0.02719538275063875 0.059473678671486931 0.041983416482120013 -0.02933031680189907 0.0095873172141817571 -0.056499237243319782 -0.058459565126497998 0.0030653833240978875 0.084565645797415392 -0.050723347372223386 -0.058650512894071784 0.00019135574712826376 -0.059114634720537289 0.023932191379399486 -0.040558117608360707 0.038025045189469288 0.07132865530881248 -0.001955635217108986 -0.039932969133638439 0.076250588368508523 -0.049331478203387638 -0.048651041633942987 -0.019202460606335334 0.069516239687560044 -0.040536692061157016
leaf_weight=2.7895103693008414 4.4229903817176819 4.9976860731840125 3.3499487042427054 2.6906061917543402 5.3453981438651681 2.8003094755113125 2.8806450814008704 4.3534202948212615 2.6579231917858124 2.6661222949624079 10.151832649484277 2.3269664943218205 347.33581894915551 1.9450727030634869 10.519829599186776 3.5489342100918284 204.93504135869443 2.9412382990121833 2.0460892785340539 7.7030898295342913 2.8326037861406785 5.4245507512241629 6.2805816605687195 7.0256435796618453 2.820428853854537 6.0766032356768838 4.2325710821896818 2.5432762084528804 4.6442945301532736 5.3235444724559784
leaf_count=46 24 34 32 20 57 23 16 26 18 19 111 21 2709 15 116 36 1750 28 23 74 28 39 52 71 20 72 48 47 35 55
internal_value=-0.00019667 -4.20899e-05 0.0243933 -0.000325977 -0.0114952 -0.0192114 -0.000225333 -0.0116727 0.0149492 -0.034971 -0.0414585 -0.0116783 0.000349985 -0.00297644 -0.011568 -3.25364e-05 -0.000810284 -0.0142235 -0.0385673 -0.00893549 -0.00407777 -0.000648485 0.0143448 -0.00482295 0.0222807 -0.0132445 -0.00204284 0.010814 0.0381237 -0.0132525
internal_weight=679.613 676.823 7.77294 669.05 38.1803 33.1826 17.9035 15.0229 7.01134 8.01152 15.2791 5.12728 630.87 283.534 72.3594 211.175 208.484 70.4143 12.5659 57.8484 50.1453 47.2041 21.5512 16.1267 9.10101 25.6529 19.5763 15.3437 7.18757 8.15615
internal_count=5665 5619 56 5563 325 291 136 120 44 76 155 44 5238 2529 723 1806 1786 708 139 569 495 467 182 143 72 285 213 165 82 83
is_linear=0
shrinkage=0.05


Tree=73
num_leaves=31
num_cat=0
split_feature=15 6 12 10 10 12 16 14 2 15 4 8 11 10 10 0 12 16 5 5 8 9 11 10 7 8 13 2 16 14
split_gain=1.53173 2.1904 1.63744 2.23156 2.97944 5.44555 2.42729 1.82457 4.83105 4.79507 1.73474 6.31986 4.39329 5.43507 6.55337 17.816 12.4083 12.9272 7.44878 7.33512 8.87641 7.30202 7.10758 6.44943 6.01256 5.3358 5.332 9.16587 7.32467 6.1341
threshold=2.7872061552007121 1.336135010563279 -3212.7085000001821 -2.9187995414257428 -2.5658749919151482 -612.7280000001191 -0.00054499499999999983 2.3535989025859609 0.30364204098758885 -0.52815038763417921 29.411764705882302 -2.1046896873236407 -50264.439999938004 -1.1374536183218458 -0.58518759959522593 -1.0000000180025095e-35 107.80300000007266 -0.00066950499999999993 19.999999999999613 21.113838997286312 -0.66859297545593421 0.30494699116211005 -6942.2300000190726 -0.43689270439612565 -0.25685775496019675 -1.2358121347566764 -0.83493989679347524 -0.3915652522846001 -0.00079468999999999991 -0.54130890743046678
decision_type=2 2 2 2 2 2 2 2 2 2 2 2 2 2 2 2 2 2 2 2 2 2 2 2 2 2 2 2 2 2
left_child=2 -2 -1 -4 5 6 -5 10 -9 -10 11 -6 -12 -14 15 16 17 -15 -19 21 -21 22 24 -22 25 -16 27 29 -29 -25
right_child=1 -3 3 4 7 -7 -8 8 9 -11 12 -13 13 14 19 -17 -18 18 -20 20 23 -23 -24 26 -26 -27 -28 28 -30 -31
leaf_value=0.042486384757675286 -0.053293215038476199 0.036357747396110855 -0.027877879997574358 0.03602575873446958 0.074695179302302822 0.08300607225125628 -0.038838434858088022 -0.053866688459704465 -0.040298001692688476 0.041871534013170023 -0.009591273468085991 0.0042849500579343952 -0.013237337498223476 -0.039777212804629473 0.047232484361666612 -0.030441840888194016 -0.010066290353629326 -0.024039077111181622 0.058183778455816987 -0.02709850067438729 -0.035604972809549024 0.072115449634771261 -0.036595834488993804 0.08302746344626917 0.060655813807175808 -0.036849466822966741 0.0062343421084404471 0.050067558011079087 -0.023756427398847819 -0.012937428083983194
leaf_weight=2.2584697175770989 2.8693922441452737 0.89347306825220574 7.1835242398083201 2.016596395522356 3.3720520194619885 3.043471820652484 2.3379725217819214 5.5824272055178863 3.027779059484601 4.2926546316593885 111.88277182169259 58.058801007457078 55.709422968327999 4.2558801248669615 3.2206172868609464 15.675804195925592 14.737099839374421 2.9801943972706786 36.368664128705859 30.980452086776495 11.490123454481362 6.3849846199154845 5.7011913880705842 4.0144344493746758 7.5294035673141479 4.5560442768037319 215.3181671500206 3.6222511678934088 46.399274483323097 2.8455345332622519
leaf_count=21 68 8 75 20 27 18 26 107 40 40 1016 542 523 34 20 130 106 20 217 256 92 34 41 23 48 40 1614 23 412 24
internal_value=-0.000193764 -0.0320061 -1.63825e-05 -0.000159102 0.000140143 0.0316939 -0.0041689 -0.00021462 -0.0188315 0.00788568 0.000157741 0.0081499 -0.000683425 0.00142903 0.00339273 0.0168823 0.0295978 0.0430031 0.0519564 0.000473763 -0.0016865 0.0252899 0.0110577 0.00108863 0.0288077 -0.00202787 0.00263754 -0.0109777 -0.0184105 0.043221
internal_weight=678.609 3.76287 674.846 672.588 665.404 7.39804 4.35457 658.006 12.9029 7.32043 645.103 61.4309 583.672 471.79 416.08 74.0176 58.3418 43.6047 39.3489 342.062 314.67 27.3922 21.0073 283.69 15.3061 7.77666 272.2 56.8815 50.0215 6.85997
internal_count=5665 76 5589 5568 5493 64 46 5429 187 80 5242 569 4673 3657 3134 507 377 271 237 2627 2444 183 149 2188 108 60 2096 482 435 47
is_linear=0
shrinkage=0.05


Tree=74
num_leaves=31
num_cat=0
split_feature=13 15 2 10 0 2 10 3 12 8 15 4 8 1 11 9 16 11 10 14 15 10 12 10 7 16 12 15 13 15
split_gain=1.5037 5.47697 5.36818 8.42986 5.07597 2.15657 4.8107 5.59244 4.48888 4.85848 5.10687 4.88206 5.52874 4.9522 4.2623 6.04561 5.86841 6.62637 5.78424 4.83177 4.1939 4.0937 4.98449 4.95265 4.05526 3.81579 3.79559 3.67108 5.20449 4.23168
threshold=2.2508966188838673 0.023210456271320085 -0.75091597224656459 -0.83842432047851556 1.0000000180025095e-35 -0.8228766059573015 -1.0827273748495567 -2.0729171512652367 446.43300000019377 1.5232388936953301 -2.3418525570974968 42.505060728744958 -1.5211610050806061 -0.12156966350524241 18309.575000047687 -1.3272680696425441 -0.0001615 -47429.339999914162 -1.9836003594899194 0.046472892466697925 -2.1129755875701952 0.011437647261373888 -11.700500000035388 -0.33431083030464553 -1.3672854580900782 -0.00041749999999999996 155.93750000000003 -2.5132122768413101 0.084956778485285073 -2.1906737667660714
decision_type=2 2 2 2 2 2 2 2 2 2 2 2 2 2 2 2 2 2 2 2 2 2 2 2 2 2 2 2 2 2
left_child=5 2 -2 -4 -5 8 14 -8 9 10 -1 13 24 20 15 -7 17 -17 19 -19 -12 23 25 -22 -13 -23 -20 28 -9 -29
right_child=1 -3 3 4 -6 6 7 27 -10 -11 11 12 -14 -15 -16 16 -18 18 26 -21 21 22 -24 -25 -26 -27 -28 29 -30 -31
leaf_value=-0.046600472418276667 -0.054721227301578537 -0.053609639841710591 0.085360615165261874 -0.038109297074015391 0.024261887003299655 -0.037049745549156875 -0.044184889832508539 0.076199960692069746 -0.032977226205251765 0.069752546826102477 0.071772214985450805 -0.021174338909402582 -0.026453300027926226 0.048926586512745854 -0.045684310284916069 0.050769367570414031 0.066725718558490757 -0.012963957661690846 -0.038815745016683695 0.081035259657640746 0.0063483136045918214 0.083009924712590846 0.0015054276702468144 -0.040459266501244477 0.052962440100968025 0.014124385603735901 0.037160381356171904 -0.043597463589859213 -0.0039993510384039857 0.00098503474898227342
leaf_weight=4.5409934055060139 3.5849621091038051 6.0603173309937111 3.2179087065160354 6.1377363465726305 6.9624028280377388 13.261889230459923 6.9431887678802005 3.8792824149131757 7.3962057381868354 3.0129899978637686 2.5789139922708264 3.051781240850687 19.270891930907965 8.1722379848360998 9.6628146395087224 4.5403258576989201 3.2696434222161832 3.0856729596853283 14.721934879198672 2.4545831680297852 95.046324009075761 5.3061790280044079 7.7344329841434947 6.0085179656743994 4.6628926433622864 3.2365626841783541 1.8504860028624524 5.3929750435054293 4.2273008860647678 407.91254830732942
leaf_count=56 75 133 18 87 39 145 74 17 82 17 22 25 169 56 119 36 21 32 151 13 841 34 62 50 34 21 15 47 34 3140
internal_value=-0.000192568 -0.0119925 0.000679563 0.0128507 -0.00496054 0.000277881 -0.00143242 0.00032356 0.00511853 0.00685115 0.00566375 0.00719424 -0.0121339 0.0112664 -0.0156655 -0.00894866 0.0035059 -0.00424955 -0.0155464 0.0286819 0.0086998 0.0073135 0.0305842 0.00356523 0.0236353 0.0569115 -0.0303322 0.00105688 0.0343788 0.000403305
internal_weight=677.185 25.9633 19.903 16.318 13.1001 651.222 481.203 428.355 170.019 162.623 159.61 155.069 26.9856 128.083 52.8474 43.1845 29.9226 26.653 22.1127 5.54026 119.911 117.332 16.2772 101.055 7.71467 8.54274 16.5724 421.412 8.10658 413.306
internal_count=5665 352 219 144 126 5313 3844 3312 1469 1387 1370 1314 228 1086 532 413 268 247 211 45 1030 1008 117 891 59 55 166 3238 51 3187
is_linear=0
shrinkage=0.05


Tree=75
num_leaves=31
num_cat=0
split_feature=3 13 4 4 10 12 3 8 14 13 4 2 3 3 11 14 2 4 14 5 2 14 5 3 0 13 11 12 9 9
split_gain=1.51986 7.94138 7.25447 7.28864 7.17513 4.59859 4.29045 6.24853 8.22511 5.90657 7.23437 6.23494 6.12597 6.15742 5.93536 5.86804 5.85615 5.04339 7.83176 4.97541 7.49596 5.82557 4.78577 9.63638 7.45415 8.5166 6.50892 7.14839 6.42081 7.83732
threshold=-1.6235265502103176 -1.0261963767027098 68.421052631578974 40.709353421217756 -1.3646125602234229 -537.29350000014517 -0.79860739390985869 1.2670178790210518 -1.0446238280195683 -0.80017778291931052 72.368129432624173 -0.68286948561776584 -0.45044516923577538 -0.29379739480608685 -13027.890000104902 -1.9161389027174895 1.8332210610520354 54.545454545454426 -1.1789131076434574 16.666666666666476 -0.40195012404824521 -1.5401815427285332 39.99999999999941 0.99424672694654015 -1.0000000180025095e-35 2.2017917830639782 56574.660000085838 -1.0000000180025095e-35 -0.24288488313331386 -0.67152692194949448
decision_type=2 2 2 2 2 2 2 2 2 2 2 2 2 2 2 2 2 2 2 2 2 2 2 2 2 2 2 2 2 2
left_child=1 4 3 -3 -1 -5 7 15 -9 10 12 -11 -8 14 -14 -2 19 18 -13 20 -15 -21 23 -19 25 -24 28 -28 29 -26
right_child=6 2 -4 5 -6 -7 9 8 -10 11 -12 17 13 16 -16 -17 -18 22 -20 21 -22 -23 24 -25 26 -27 27 -29 -30 -31
leaf_value=0.052246372003099062 -0.057808018964933143 -0.0053114376554823095 0.082578372398507197 0.015234337079951248 -0.0009885668703939587 -0.044511712526092331 -0.04134700838700206 0.10995570745652494 0.010287268624250615 0.025727508408148744 -0.055738249071458634 -0.048299795192700473 0.085049263217787843 -0.024126399885818765 -0.0094558626548100332 0.0090294652111280061 0.05756100921274257 -0.0091852737790137345 -0.0038790594515791116 0.027252235253506729 0.070209646372615994 -0.019430135261860049 0.012931360904710171 0.1101017078842495 -0.015207181135608379 -0.05451927135120789 -0.036533138240593135 0.047831624487050577 -0.037454091456745657 0.061910966301045381
leaf_weight=10.421647902578117 3.4107090700417748 88.920839640311897 2.0611000657081595 3.782034836709502 16.120260786265135 21.698334546759725 11.776375072076915 3.5132138133049011 5.0388916395604593 25.940735561773181 8.4553792811930162 11.017647219821809 3.7365472763776779 3.927401602268219 2.9915701039135447 88.341299522668123 3.3838020525872698 3.6397571898996821 99.840300867334008 7.5240079686045567 4.5400268472731096 59.790492761880166 121.63844650797546 3.1654689311981201 16.020815484225754 4.8671321803703895 3.6422715969383725 8.0832569748163188 24.464825019240379 4.147413093596696
leaf_count=65 45 948 9 34 129 230 102 18 40 162 102 129 23 35 25 645 30 29 781 55 30 544 919 17 125 81 30 58 198 27
internal_value=-0.000190386 -0.00476735 -0.0103923 -0.0120673 0.0199141 -0.0356436 0.00103785 0.0103549 0.0512312 -0.00112247 -0.0113697 0.00220863 -0.00752872 -0.0028921 0.0430288 0.00654491 -0.00679482 0.000178539 -0.00829383 -0.00966842 0.0264543 -0.0142123 0.00513047 0.0463014 0.0035983 0.0103363 -0.0115261 0.0216256 -0.0202354 0.000651466
internal_weight=675.902 143.004 116.462 114.401 26.5419 25.4804 532.898 100.304 8.55211 432.594 106.126 326.468 97.6702 85.8938 6.72812 91.752 79.1657 300.527 110.858 75.7819 8.46743 67.3145 189.669 6.80523 182.864 126.506 56.3586 11.7255 44.6331 20.1682
internal_count=5665 1415 1221 1212 194 264 4250 748 58 3502 946 2556 844 742 48 690 694 2394 910 664 65 599 1484 46 1438 1000 438 88 350 152
is_linear=0
shrinkage=0.05


Tree=76
num_leaves=31
num_cat=0
split_feature=2 3 1 3 15 15 4 0 0 10 4 13 10 12 10 11 15 7 9 6 13 1 3 8 14 14 13 4 3 2
split_gain=1.4782 1.64176 3.14315 1.77052 6.02415 4.66409 4.91704 4.89214 7.24547 6.56237 5.54364 6.0118 4.84398 4.38865 4.25643 4.43663 6.43417 4.60324 4.19254 5.10271 4.57092 4.56775 3.85883 5.48795 7.21354 5.48046 5.39074 6.93957 5.71639 5.5764
threshold=-3.2754266984033915 -4.6790168229989044 -0.81448078280503944 -1.6235265502103176 0.10399164341091154 0.17184488262680231 61.904761904761948 1.0000000180025095e-35 -1.0000000180025095e-35 0.66054114189543811 35.653950010385572 -1.0261963767027098 0.011437647261373888 -840.3225000000092 -0.33431083030464553 -10629.090000152586 -1.0499953410073992 -0.63886004415058351 -1.9633437346316069 -0.35582222492085136 0.16446456948627411 -0.64731055733333609 -0.79860739390985869 1.2670178790210518 -0.38428294672265301 -1.9161389027174895 -0.80017778291931052 72.368129432624173 -0.45044516923577538 -0.68286948561776584
decision_type=2 2 2 2 2 2 2 2 2 2 2 2 2 2 2 2 2 2 2 2 2 2 2 2 2 2 2 2 2 2
left_child=-1 2 -2 4 14 -6 7 8 10 -9 12 -12 18 -13 15 -3 -17 -18 20 -20 -7 -21 23 25 -25 -5 27 28 -24 -28
right_child=1 3 -4 22 5 6 -8 9 -10 -11 11 13 -14 -15 -16 16 17 -19 19 21 -22 -23 26 24 -26 -27 29 -29 -30 -31
leaf_value=-0.037116496109879459 0.054455675179673438 -0.01923363047189619 -0.0096373806765861613 -0.057409141746834758 0.068308825500764808 -0.0012856370169300265 0.069871214806913023 -0.041676485288394571 0.076509147507398179 0.061252870194949308 0.020233321243887718 0.024266499940898498 0.078647067712276988 -0.052842753695678951 -0.039405065357072805 -0.037514975735885026 0.067918599809368041 0.00078232165083425757 -0.027273170565499612 -0.035351613711601823 0.083081618717863709 0.049582005163690254 -0.040371546935519705 0.08951385784688505 -0.0017813426059666685 0.0085381337676052032 0.024231896375908481 -0.055433446796692466 -0.0027739028048500147 0.00016152674548069464
leaf_weight=2.6994126485660663 3.8954157866537571 33.543513230979443 3.7584764547646037 3.2663378855213514 2.7745424509048453 3.0343352239578953 2.5731021836400023 11.408715814352034 3.4432429242879143 1.7917380593717087 6.3877329714596298 2.2406649291515359 2.7567531690001479 10.456678919494149 15.454754738137124 4.2931752149015656 5.2752132788300505 4.9481606110930434 10.074579045176508 2.1809004321694374 3.4092689575627446 5.774254806339747 11.465839220210908 4.7249793838709593 3.9914557337760908 88.743076970800757 26.15892525203526 8.0861107222735864 85.479508776217699 300.14360118098557
leaf_count=46 23 398 33 45 18 27 13 136 19 13 46 18 15 105 174 49 35 40 110 28 28 41 102 25 33 645 162 102 742 2394
internal_value=-0.000190637 -4.2204e-05 0.0229825 -0.000307656 -0.00549521 0.00481178 0.00212339 -0.000645436 0.00653337 -0.0277056 0.00133111 -0.0193314 0.0158131 -0.0392355 -0.0165798 -0.00923981 0.013853 0.0354243 0.00873529 -0.00363649 0.0433525 0.0262975 0.000977594 0.00978918 0.0477077 0.006197 -0.0010801 -0.0109324 -0.00722062 0.00209119
internal_weight=674.234 671.535 7.65389 663.881 131.821 68.3065 65.532 62.9589 49.7584 13.2005 46.3152 19.0851 27.2301 12.6973 63.5148 48.0601 14.5165 10.2234 24.4733 18.0297 6.4436 7.95516 532.06 100.726 8.71644 92.0094 431.334 105.031 96.9453 326.303
internal_count=5665 5619 56 5563 1313 617 599 586 437 149 418 169 249 123 696 522 124 75 234 179 55 69 4250 748 58 690 3502 946 844 2556
is_linear=0
shrinkage=0.05


Tree=77
num_leaves=31
num_cat=0
split_feature=15 6 7 7 15 11 5 6 6 14 15 13 7 7 6 9 11 14 5 16 16 16 11 13 5 1 12 7 16 15
split_gain=1.4428 2.01021 1.41489 3.87581 6.03089 3.557 4.44529 5.54652 3.46635 3.31906 7.26172 8.64207 3.05233 6.86524 3.90321 4.42948 4.00925 3.82951 5.901 5.64598 5.49983 5.65296 4.59026 4.10346 3.87672 4.90564 3.82793 6.72885 3.56429 3.03259
threshold=2.7872061552007121 1.336135010563279 0.94072766897263271 0.84776758651178497 -1.2167684944758512 71067.519999980941 34.969879518072453 -0.85087885141697217 1.0000000180025095e-35 -1.9161389027174895 1.0910602126009514 -0.93921055874498138 1.2402270957738224 1.2630006172347288 -0.47671404526565125 -1.3072651799888251 -22295.285000085827 -1.300366774244212 90.322580645161366 -0.00050661499999999986 -0.00032849999999999996 -0.0006004999999999998 -2825.6749999523158 1.1618871818249248 88.961988304093623 1.6978510686971326 807.29099999996845 1.4066053256943152 -0.00073649999999999985 1.0000000180025095e-35
decision_type=2 2 2 2 2 2 2 2 2 2 2 2 2 2 2 2 2 2 2 2 2 2 2 2 2 2 2 2 2 2
left_child=2 -2 3 9 -5 6 8 -8 -6 10 -1 -12 14 -14 16 -16 -4 18 19 -15 21 28 -23 -24 26 -26 27 -22 -19 -18
right_child=1 -3 12 4 5 -7 7 -9 -10 -11 11 -13 13 17 15 -17 29 20 -20 -21 24 22 23 -25 25 -27 -28 -29 -30 -31
leaf_value=-0.038721154827589706 -0.053109207192301423 0.033012015010941198 -0.045866522259637367 0.063759016922050216 -0.0024505739357204345 0.05574683924544728 0.033847923020960874 -0.046776275958140011 0.073435387575281716 0.0011180712225359831 0.11215293073444173 -0.016768160894589993 0.053888409394607352 0.045093348459260524 0.051196677980230955 -0.0080041843541020976 -0.026197577160797281 -0.030303143412172752 0.083633909697692244 -0.024087881228838995 0.050003603897079134 -0.057603910543735086 -0.027151407340323515 0.040999661935960344 -0.048895322848092254 0.03344558587494225 0.074042460234991544 -0.022468140865379592 0.022728583417031559 0.035659470245903706
leaf_weight=14.308938708156349 2.7202724944800134 0.90233828127384175 13.71180276758969 6.0711075142025974 3.4030534625053468 3.1016395874321452 3.0343773216009202 7.1826357617974201 2.6978235244750977 466.06155406590551 1.9873336628079412 3.7579441564157596 5.9885608181357375 5.1388795524835578 3.3863245751708737 47.198925090953708 5.0312626399099809 4.5987243615090838 3.0114468075335017 6.9213103130459777 6.3789148777723366 10.674862530082462 11.836818806827074 2.7154370639473191 4.7081236056983462 2.9374042637646198 3.2948052063584319 6.4329054020345211 10.187027860432858 3.2686876077204943
leaf_count=203 68 8 131 39 25 21 23 70 18 3820 10 60 42 39 27 387 38 40 21 59 41 104 111 23 40 23 21 45 83 25
internal_value=-0.000188266 -0.0316577 -1.78677e-05 0.00125762 0.0202624 0.00666408 -0.00266538 -0.0228315 0.0311064 0.000261055 -0.0196561 0.0278266 -0.00416306 0.00227789 -0.0116889 -0.00404111 -0.0292644 -0.00164253 0.0210242 0.00539043 -0.00700008 -0.0183138 -0.0327016 -0.0144345 0.012059 -0.01726 0.0259762 0.013615 0.00623444 -0.00183703
internal_weight=672.651 3.62261 669.029 511.606 25.4906 19.4195 16.3179 10.217 6.10088 486.116 20.0542 5.74528 157.422 84.8252 72.597 50.5852 22.0118 78.8367 15.0716 12.0602 63.765 40.0129 25.2271 14.5523 23.7522 7.64553 16.1066 12.8118 14.7858 8.29995
internal_count=5665 76 5589 4289 196 157 136 93 43 4093 273 70 1300 692 608 414 194 650 119 98 531 361 238 134 170 63 107 86 123 63
is_linear=0
shrinkage=0.05


Tree=78
num_leaves=31
num_cat=0
split_feature=1 5 13 6 15 13 0 9 10 13 5 3 2 13 6 12 6 14 5 5 10 0 6 6 16 14 6 2 12 7
split_gain=1.38834 3.97819 6.7199 7.64679 6.11945 5.22151 5.08089 4.80056 5.17028 7.56794 4.55743 5.01585 4.87585 4.18986 4.09835 3.6147 4.74845 4.43591 4.65198 6.69945 4.57743 4.16929 3.52644 3.56327 3.31005 3.11446 3.02508 5.5217 4.59576 5.87937
threshold=1.033028712638637 84.97104247104231 -0.88123486115187866 0.45832459865174613 0.40525389619135721 1.1618871818249248 -1.0000000180025095e-35 -0.3903130111505711 0.12510320009934636 -0.12121485073030837 89.473684210526315 1.1821959802478628 0.53837967181366586 -0.19968508347348579 1.4872581860340988 385.35649999976164 -0.89191127017018856 -0.68020897372484301 86.666666666666771 91.734972677595849 2.517159885820591 -1.0000000180025095e-35 1.4808202146308636 1.3956768192114379 -0.00033608499999999991 -1.194044452712862 1.2227259032873488 0.83904747537945257 172.32400000002238 0.49496167950720221
decision_type=2 2 2 2 2 2 2 2 2 2 2 2 2 2 2 2 2 2 2 2 2 2 2 2 2 2 2 2 2 2
left_child=1 14 4 10 -3 6 7 -5 -9 -10 11 12 -4 -12 22 16 -2 -17 -19 -20 21 -21 23 26 -25 -18 -1 28 29 -28
right_child=15 2 3 5 -6 -7 -8 8 9 -11 13 -13 -14 -15 -16 17 25 18 19 20 -22 -23 -24 24 -26 -27 27 -29 -30 -31
leaf_value=-0.00097883467642113529 0.031058854919693075 -0.056532904409981613 0.028860940390584258 0.10046052216821451 0.02178823836809473 -0.012318849753477166 0.0042537915991098232 -0.0083012269556471865 0.0096645145496842451 0.099396593619980808 0.0095063346793460915 0.04950890953637227 -0.059816937328790044 -0.058299798761683556 -0.057760777412346254 -0.026362851982012287 0.014233175909998714 0.068116345737299841 -0.05865151715812178 0.070747943796978255 -0.029262684960966928 0.0031774038752174043 0.060183974126282097 -0.043855531851592307 0.0029584930297647397 -0.039452978404593803 0.019380515844629735 -0.038609110425650198 -0.0077389088025082908 0.083367683449078064
leaf_weight=510.51187108643353 3.5888207629323032 6.0262940768152458 3.203307472169401 5.1115010157227578 4.2548667043447495 4.4439359866082659 5.4321462735533705 3.5405316967517164 4.0057087764143979 5.6839923448860592 4.0520469360053539 6.2091220654547215 3.0035285577178001 5.2044095918536168 3.1447126604616633 8.2292875573039073 3.1908946698531535 3.672635871917012 3.2226244136691085 5.0416418090462667 3.1998419277369967 4.172049917280674 2.3822286082431665 9.0776510406285507 6.4651356004178515 17.612315012142062 11.423322590067992 3.9906399175524703 7.4567883014678946 5.2351304665207854
leaf_count=4353 28 68 19 29 34 32 38 26 33 33 32 38 26 48 34 73 29 29 31 36 29 32 18 92 43 175 84 34 59 30
internal_value=-0.000185905 0.000472002 0.0126884 0.0202737 -0.0241196 0.0374288 0.0467279 0.0593072 0.0434075 0.0623015 -0.00206255 0.0177349 -0.0140509 -0.0286174 -0.000841373 -0.00803895 -0.0220554 0.00437624 0.0174771 0.00558285 0.0222585 0.0401513 -0.000519753 -0.000780707 -0.0243829 -0.0312183 -9.96228e-05 0.0158703 0.0248856 0.0394893
internal_weight=671.789 619.859 60.1714 49.8902 10.2812 28.2178 23.7739 18.3417 13.2302 9.6897 21.6724 12.416 6.20684 9.25646 559.687 51.9301 24.392 27.5381 19.3088 15.6362 12.4135 9.21369 556.543 554.161 15.5428 20.8032 538.618 28.1059 24.1152 16.6585
internal_count=5665 5203 456 354 102 191 159 121 92 66 163 83 45 80 4747 462 232 230 157 128 97 68 4713 4695 135 204 4560 207 173 114
is_linear=0
shrinkage=0.05


Tree=79
num_leaves=31
num_cat=0
split_feature=15 6 2 11 5 15 14 4 14 14 12 1 14 11 15 14 6 14 10 10 1 13 3 16 14 10 15 11 1 5
split_gain=1.38315 1.83199 1.3668 1.6789 4.93849 5.28261 4.25709 4.93877 3.86127 5.08727 4.43915 3.5606 3.46465 3.22912 4.69575 5.23743 6.89811 5.07456 5.09275 10.9594 6.34894 4.38286 5.45314 4.24377 5.0155 6.97583 4.2233 4.12572 6.46762 6.85963
threshold=2.7872061552007121 1.336135010563279 -3.2754266984033915 -124703.96000003813 22.40870032223425 0.23513085440273571 1.0037286405294183 23.79155435759181 -0.56100401395330735 -1.0000000180025095e-35 -52.497999999904998 -1.1802066531087181 0.1830587625609614 -50264.439999938004 -1.4381489055332668 0.79978405408869224 0.10564967378223253 -0.62627435801470466 -0.12267437682059903 -0.5691547184298732 -1.0818223018601971 -0.32284100654350928 -1.0000000180025095e-35 -0.00055787999999999986 0.42038770379273066 1.1514338061371232 1.1036654784052777 -28576.374999999996 -0.55596919615134943 17.445652173913075
decision_type=2 2 2 2 2 2 2 2 2 2 2 2 2 2 2 2 2 2 2 2 2 2 2 2 2 2 2 2 2 2
left_child=2 -2 -1 4 6 8 7 -4 -6 -10 -11 -8 -7 14 21 17 26 18 19 20 -16 22 -5 24 25 -19 -17 -15 -29 -30
right_child=1 -3 3 13 5 12 11 -9 9 10 -12 -13 -14 27 15 16 -18 23 -20 -21 -22 -23 -24 -25 -26 -27 -28 28 29 -31
leaf_value=-0.036220330278572355 -0.052949497714054272 0.029603672413385171 0.014293199288438543 0.0072931032408977544 -0.036642441802692327 0.06543869802288714 0.069314007264175512 -0.043714970367825956 0.080636194595079938 -0.05855340725602514 0.029467112841558191 -0.012720063767841724 0.012501119869281497 0.01135007873594426 0.04471086491123985 -0.021241353529107304 0.070788951368365813 -0.044316016011116011 -0.033586645046225848 0.071499787015425337 -0.02796792633598523 -0.0126709003800535 0.089111701767723803 -0.041504335061415938 0.052230569810842224 0.058552777217383493 0.043589964506686132 -0.018061536976649972 0.042841012134211265 0.0002135127854917256
leaf_weight=2.5972090559080234 2.5912749124690886 0.90736416168510903 5.8643581010401276 4.8910979330539703 4.4689693236723533 8.3548611402511579 2.7491219118237495 9.8028133995830995 2.5046488903462878 2.3131806030869475 3.7620580419898069 2.549376565963029 4.9055658206343642 81.900004051625729 3.9488444160670104 10.086162112653257 3.8542317077517501 8.0467930473387188 9.9089403506368381 5.3925995752215412 12.570006281137465 6.797940367832779 3.4893389567732793 27.785944703966383 2.812716916203498 2.0725074559450141 3.3451363686472169 48.656369550153613 9.6830689869821054 372.26225550752133
leaf_count=45 68 8 63 42 54 62 20 117 15 27 33 25 40 651 32 87 22 93 96 39 145 70 17 273 21 16 33 401 66 2984
internal_value=-0.000183607 -0.0315395 -1.92275e-05 0.000122206 0.0092035 0.0236297 -0.00889954 -0.022002 0.00104406 0.0206737 -0.00404719 0.0298433 0.045855 -0.000573042 -0.00856109 -0.0129076 0.0118254 -0.0188013 -0.00384153 0.00961 -0.010594 0.017161 0.0413597 -0.0304921 -0.00683118 -0.0232477 -0.00509477 0.00106356 -0.000892922 0.0012942
internal_weight=670.875 3.49864 667.376 664.779 47.275 26.3093 20.9657 15.6672 13.0489 8.57989 6.07524 5.2985 13.2604 617.504 105.002 89.8239 17.2855 72.5384 31.8204 21.9115 16.5189 15.1784 8.38044 40.718 12.932 10.1193 13.4313 512.502 430.602 381.945
internal_count=5665 76 5589 5544 456 231 225 180 129 75 60 45 102 5088 986 857 142 715 312 216 177 129 59 403 130 109 120 4102 3451 3050
is_linear=0
shrinkage=0.05


Tree=80
num_leaves=31
num_cat=0
split_feature=14 8 12 8 14 5 7 7 16 8 14 13 13 6 14 2 11 7 14 10 13 10 9 9 13 15 5 14 6 5
split_gain=1.37933 2.04223 1.58031 2.26854 4.1381 4.42867 3.29604 3.53843 3.22002 4.55178 2.83311 4.75633 4.09636 2.41476 2.38663 2.77886 3.67843 2.36232 4.24516 4.61406 7.59983 6.73833 9.64371 5.50025 5.25844 6.82712 5.57596 5.08415 4.95654 4.62977
threshold=-2.3678807452017394 0.60060374942461869 2714.2645000002817 1.7460238545287414 -1.7775671105525672 70.106382978723758 1.0835785033695273 1.367900143359803 -0.00049906499999999982 1.9899048146415705 0.10573078492347641 -0.60930913691179944 0.15168890636655777 1.4872581860340988 2.3535989025859609 0.087922099123049754 -33330.409999966614 -0.34519540613489924 -1.0745432637625605 -0.6061469798067306 -1.0188610792618833 -1.0958229467815543 -0.87494841993440775 0.25309902182334015 -1.2112185779498603 -0.16674332597617408 66.666666666666387 -0.78085888087425881 -1.4791096706192917 28.571428571427798
decision_type=2 2 2 2 2 2 2 2 2 2 2 2 2 2 2 2 2 2 2 2 2 2 2 2 2 2 2 2 2 2
left_child=1 -1 3 13 -5 -6 -7 8 -8 -10 11 -9 -12 14 17 -16 -17 18 -2 21 -21 23 29 24 25 -20 -26 -24 -22 -23
right_child=2 -3 -4 4 5 6 7 10 9 -11 12 -13 -14 -15 15 16 -18 -19 19 20 28 22 27 -25 26 -27 -28 -29 -30 -31
leaf_value=-0.044756749196605855 -0.014746856780634969 0.0096566736576985043 0.040897099344725268 0.045170582885063183 -0.04405263914451378 -0.041810847483960724 -0.016840412082636452 0.015815694549991054 -0.0027760434993819427 0.076987814257950371 -0.037403056131322186 -0.059364188455855255 0.051155631980271489 -0.036804891407961324 -0.053423137356646028 0.044606871323636624 -0.031364833693122936 0.0041888923272465264 0.095776383861711126 -0.043980541112025665 0.050564820977073238 -0.043002931373335024 0.11361193942263588 -0.030881281238661087 -0.0040662309336067888 0.0062709871236815099 0.05397614672743966 0.03865998231757696 -0.0044628858280436282 0.016863125233578104
leaf_weight=4.1427245875820509 53.318873870186508 2.9539230102673173 2.3598523288965216 3.0347784273326388 10.093903638422487 5.2556923814117935 3.3653761446475983 3.3403440080583087 3.1646638289093989 4.1133223623037338 2.2357413675636044 5.6832723431289187 3.1393499411642551 4.2654591314494601 4.3125687940046173 2.5974615309387445 4.121399188414216 332.32931774295866 3.4947085008025169 12.133936319500206 4.3045456409454337 5.2399466522037974 2.5900319218635586 12.258774457499383 56.594714982435107 5.4576470367610437 4.4641889519989482 17.892443343997002 82.950834769755602 8.4173974320292455
leaf_count=107 545 33 20 20 99 43 29 33 29 29 24 47 22 43 91 20 59 2606 19 112 28 50 11 122 526 41 34 106 659 58
internal_value=-0.000181374 -0.0221076 5.34873e-05 -9.25127e-05 -0.0111382 -0.0153688 -0.00581264 0.00174247 0.0236031 0.0423043 -0.0144166 -0.0315343 0.0143201 0.000685237 0.000946328 -0.0220999 -0.00199474 0.00136903 -0.00211317 0.00100831 -0.00690415 0.00776388 0.0264381 1.46013e-05 0.00542438 0.041211 0.000177411 0.0481377 -0.00174822 -0.00610583
internal_weight=669.627 7.09665 662.531 660.171 43.4264 40.3917 30.2978 25.0421 10.6434 7.27799 14.3987 9.02362 5.37509 616.744 612.479 11.0314 6.71886 601.447 269.118 215.799 99.3893 116.41 34.1398 82.27 70.0113 8.95236 61.0589 20.4825 87.2554 13.6573
internal_count=5665 140 5525 5505 375 355 256 213 87 58 126 80 46 5130 5087 170 79 4917 2311 1766 799 967 225 742 620 60 560 117 687 108
is_linear=0
shrinkage=0.05


Tree=81
num_leaves=31
num_cat=0
split_feature=7 7 8 13 15 9 9 11 14 8 14 6 3 10 11 13 7 13 12 4 3 8 15 10 4 8 4 8 10 4
split_gain=1.34135 3.35495 5.5656 5.13733 4.53311 3.27171 6.25247 3.74839 4.58704 3.0176 3.29433 5.23935 5.97355 4.5781 3.99895 3.20274 3.02996 2.93579 3.85286 7.23938 3.36767 5.82026 5.18949 3.66255 3.06608 5.04668 5.34261 5.82107 5.65735 5.59745
threshold=0.94072766897263271 0.84776758651178497 1.6806783257608313 1.2111457241915924 -1.2167684944758512 1.636211860906329 2.0007861921975976 79922.2649998665 -0.41661090937579853 -0.30410742207671981 -1.300366774244212 0.47321923103151453 1.6539127212935243 1.3630463093949894 18309.575000047687 -0.80017778291931052 1.1709486893689525 -1.2626724650068402 151.65899999998513 40.506554573952776 -0.26533346969000376 1.3357260697823916 -0.26093749118428194 0.55823662543788488 43.534002229654526 0.12558562777101498 52.631578947368347 0.72204882164405892 2.2734426153590044 50.059101654846309
decision_type=2 2 2 2 2 2 2 2 2 2 2 2 2 2 2 2 2 2 2 2 2 2 2 2 2 2 2 2 2 2
left_child=1 5 3 4 -3 -1 -7 -8 -9 15 11 16 13 14 -13 -2 -11 -12 19 -19 -21 22 -22 -24 -20 -26 27 -27 -28 -29
right_child=9 2 -4 -5 -6 6 7 8 -10 10 17 12 -14 -15 -16 -17 -18 18 24 20 21 -23 23 -25 25 26 28 29 -30 -31
leaf_value=0.0011131643907783841 0.01472741733384449 0.075197588551591338 -0.043059637228228378 -0.035844282833147889 0.021604920333602944 -0.04258891117403682 0.037227828260139019 0.034079734192749622 -0.044186147127311282 -0.04765869895358725 -0.041282456865501665 -0.010184717462179752 -0.023805168139988026 0.08895827094695774 0.061824709793564928 -0.038486955496611616 0.0074516893501762813 0.058308632670530651 -0.027694442785337666 -0.040998346727435402 0.079904596411910528 -0.044680773148398974 0.037131980761710828 -0.042410950491608146 0.044829661949952936 -0.044324813236244986 -0.026652949390352444 0.011574784478654851 0.011950690965005657 0.085122342721710598
leaf_weight=459.44776640366763 3.7521565817296496 5.4586404487490716 3.1973130330443373 2.8069099187850943 14.236181382089855 12.524888355284931 5.7086280211806288 2.9438812322914591 5.1420762389898291 3.9908620305359381 5.4917160868644705 3.8876761794090253 3.6719386102631679 4.5067295804619789 3.8248343747109175 11.473841447383164 6.6499292701482773 6.6399883888661888 17.113798624835908 4.3816184215247693 3.3892291113734272 3.5474447738379231 3.2966964095830837 2.5795270837843418 4.9052400812506667 3.0961085781455031 34.873782647773623 9.302908528596161 13.039198223501442 3.5834902897477141
leaf_count=3894 34 31 29 26 112 137 40 23 53 40 59 29 30 25 25 118 53 42 153 37 22 35 23 23 31 25 305 78 109 24
internal_value=-0.000178442 0.00106247 0.0186685 0.0274395 0.0364587 0.000131045 -0.0170134 0.00620809 -0.0156916 -0.00422106 -0.00194937 0.0139352 0.0321168 0.0489216 0.0255266 -0.0253733 -0.0132176 -0.00560649 -0.0038213 0.0139652 -0.0031588 0.00978117 0.0306329 0.00221446 -0.00875566 -0.00404475 -0.00779682 0.0172363 -0.0161472 0.0320271
internal_weight=668.465 511.466 25.699 22.5017 19.6948 485.767 26.3195 13.7946 8.08596 156.999 141.773 26.532 15.8912 12.2192 7.71251 15.226 10.6408 115.241 109.749 23.8345 17.1945 12.8129 9.26545 5.87622 85.9145 68.8007 63.8955 15.9825 47.913 12.8864
internal_count=5665 4345 198 169 143 4147 253 116 76 1320 1168 202 109 79 54 152 93 966 907 182 140 103 68 46 725 572 541 127 414 102
is_linear=0
shrinkage=0.05


Tree=82
num_leaves=31
num_cat=0
split_feature=15 6 14 8 11 12 14 8 1 3 15 14 2 15 15 7 9 8 14 5 9 16 9 2 11 12 2 1 12 3
split_gain=1.30658 1.72112 1.28137 1.90611 1.44563 5.3177 3.87954 8.53072 7.31643 7.2371 6.19467 5.72353 5.38725 5.1886 4.87236 6.36123 6.76826 5.69401 4.87095 4.86222 5.39926 5.16172 4.80751 9.82964 9.56173 6.07335 5.4386 4.4088 4.24529 4.16442
threshold=2.7872061552007121 1.336135010563279 -2.3678807452017394 0.60060374942461869 18309.575000047687 849.03499999991629 -0.6679078457516322 -0.75610095963129598 1.2290021826683706 -1.7803901946196858 -0.8956464166841297 -0.73905452997691634 1.800475057978 -0.83358065066777931 -1.3128202090291157 1.2630006172347288 -0.65834019586375081 0.52547971330176391 -1.4037027080310569 40.000000000000036 0.89706456410483471 -0.00038977999999999994 0.4081515525449097 1.0131333391673392 80961.290000081077 651.2634999996518 -0.27988258444228803 1.160523061290585 6.8935000000055888 -1.2691482178680358
decision_type=2 2 2 2 2 2 2 2 2 2 2 2 2 2 2 2 2 2 2 2 2 2 2 2 2 2 2 2 2 2
left_child=2 -2 3 -1 5 -4 7 29 9 -9 12 14 -8 -12 -11 16 -16 18 -18 20 21 -15 23 24 28 26 -24 -27 -21 -6
right_child=1 -3 4 -5 6 -7 10 8 -10 11 13 -13 -14 19 15 -17 17 -19 -20 22 -22 -23 25 -25 -26 27 -28 -29 -30 -31
leaf_value=-0.044072968661616932 -0.052826115137405066 0.027666252862834268 -0.00041268710663026241 0.0088660923480819356 0.020778727115014609 -0.033649109429705587 -0.029903488062801728 -0.045575391233933088 -0.030771491465360158 0.059800302217336482 0.072319118665773618 0.093051505418834377 0.023118936813723557 -0.031280253334693628 0.074312357542008475 0.066747494456237316 0.073319952767860422 -0.018666525886271282 0.0011056217052978644 0.0024101559045052218 0.062778936592309445 0.037619616124071692 0.057352547564327151 0.059081655448319115 0.062530202313799799 -0.014620241687633382 -0.026331846702795758 0.052645888884607223 -0.050343871452426019 -0.057468693209472246
leaf_weight=3.9675939073786131 2.4706273432821031 0.90825391374528397 453.75878995284438 2.9755173372104764 2.4248841218650341 12.362582248635588 26.202129702083766 3.2139428984373799 6.1456348225474349 8.9859473071992308 2.7962288074195376 3.5466121435165467 5.862408321350812 5.1099442448467025 3.4826552085578397 5.6996172778308383 3.8961001299321651 15.671490348875521 5.8282107487320989 7.6859703138470703 6.5549867153167716 5.8078879676759252 2.0571361258625975 8.436742961406706 4.0653988122940055 4.4031814970076066 34.540134431794286 5.4522600881755352 7.5693436451256275 5.6914520133286697
leaf_count=106 68 8 3804 33 23 121 234 33 57 47 19 19 49 49 22 37 20 124 40 55 42 37 11 53 21 35 335 44 60 59
internal_value=-0.000176103 -0.0311895 -1.83325e-05 -0.0213856 0.000207388 -0.00129419 0.00386938 0.0138405 0.0207296 0.0270189 -0.00121978 0.0319714 -0.0202093 0.00522493 0.0269988 0.0184745 0.00894707 -1.67983e-05 0.0300387 0.00317863 0.0269084 0.00537196 -0.00240855 0.0140546 -0.00560722 -0.012246 -0.0216279 0.022593 -0.0237652 -0.034091
internal_weight=667.574 3.37888 664.195 6.94311 657.252 466.121 191.13 64.5865 56.4702 50.3246 126.544 47.1106 32.0645 94.4792 43.564 34.5781 28.8785 25.3958 9.72431 91.683 17.4728 10.9178 74.2102 27.7575 19.3207 46.4527 36.5973 9.85544 15.2553 8.11634
internal_count=5665 76 5589 139 5450 3925 1525 481 399 342 1044 309 283 761 290 243 206 184 60 742 128 86 614 189 136 425 346 79 115 82
is_linear=0
shrinkage=0.05


Tree=83
num_leaves=31
num_cat=0
split_feature=15 4 13 9 11 15 15 1 13 5 5 15 14 3 11 15 14 6 14 16 9 10 10 1 11 1 16 8 16 1
split_gain=1.28635 2.78501 3.87836 1.64874 2.67953 4.67467 6.15364 4.33278 4.02303 3.98573 6.09504 4.14431 3.45489 3.35036 2.99059 4.08162 4.40782 6.78583 5.31512 4.63251 5.19221 4.55092 9.41303 5.94174 3.90903 6.2843 6.2347 6.11751 9.03278 5.87462
threshold=2.5198897052468499 35.000000000000007 -0.68416429466927542 -3.0525448758008991 -124703.96000003813 0.23513085440273571 1.9067276273397282 -0.39262013332792306 1.9335565451817913 19.444444444444656 13.513513513514397 1.128093521696844 0.40208704975098525 -3.3279661614466058 -50264.439999938004 -1.4381489055332668 0.89450256004857909 0.10564967378223253 -0.62627435801470466 -0.00055787999999999986 -1.4717469077276275 -0.12267437682059903 -0.62154308083336074 -0.9912214583416733 -28576.374999999996 -0.33028808729536158 -0.00064149999999999982 -0.23437916893061303 -0.00032369499999999998 -0.55596919615134943
decision_type=2 2 2 2 2 2 2 2 2 2 2 2 2 2 2 2 2 2 2 2 2 2 2 2 2 2 2 2 2 2
left_child=3 2 -2 -1 5 7 9 13 -9 10 11 -7 -11 -5 15 -6 18 -18 21 20 -20 22 23 -17 25 26 -16 28 -28 -26
right_child=1 -3 -4 4 14 6 -8 8 -10 12 -12 -13 -14 -15 24 16 17 -19 19 -21 -22 -23 -24 -25 29 -27 27 -29 -30 -31
leaf_value=-0.034143365358149123 0.072547351991386844 -0.042963771373192877 -0.026775392320526604 0.011432344223126221 0.015819137413088841 -0.00058534627183607539 -0.039101027077492967 -0.0034551501856646509 0.071767738627848729 0.071868544175567511 -0.055873443524264516 0.073356572711008136 0.01485423575202946 -0.046691090908999137 -0.016610349115716915 0.034386853815169115 -0.0070894961288985401 0.069476919978861212 -0.035473504059054008 -0.042161529860349885 0.026558424922334907 -0.031643539857185723 0.063033337414385174 -0.031867538256661436 -0.017453064846872916 -0.001075407169504363 0.043097603151076955 0.07242509149263629 -0.031250645796644903 0.0011361416474102979
leaf_weight=3.4989893939346066 1.6135309133678672 5.1978336479514837 2.5145634813234192 3.7523683067411184 14.814460830762981 4.0360732171684557 3.1809845948591819 5.4177142474800331 2.6452958509325981 8.5604181168600899 2.4987217746675014 3.572231481783092 3.8530480340123168 7.3077166080474871 6.6802788246422997 5.0021013338118818 12.125258395448325 3.8008967731147996 7.1445833463221788 26.399443052709106 6.3908036835491604 9.2552081923931819 6.0718904156237867 10.460644342005251 47.896468558348715 46.659480184316635 14.353843877092006 8.5593865513801592 5.7105455100536338 377.27906580176204
leaf_count=43 16 76 41 50 126 33 52 47 19 52 31 27 29 102 61 41 109 21 84 268 53 92 45 128 400 374 108 55 50 3032
internal_value=-0.000174444 -0.0186137 0.0120465 8.73235e-05 0.000270622 0.0120686 0.0259966 -0.00665055 0.0212238 0.0351915 0.01188 0.0341317 0.0541717 -0.0269715 -0.000598319 -0.00843416 -0.0125807 0.0111837 -0.0179321 -0.0299677 -0.0061848 -0.00232169 0.0102803 -0.0104347 0.000969428 0.0109675 0.0268839 0.0370347 0.0219373 -0.000957952
internal_weight=666.254 9.32593 4.12809 656.928 653.429 44.8246 25.7015 19.1231 8.06301 22.5205 10.107 7.6083 12.4135 11.0601 608.604 101.465 86.6508 15.9262 70.7247 39.9348 13.5354 30.7898 21.5346 15.4627 507.139 81.9635 35.3041 28.6238 20.0644 425.176
internal_count=5665 133 57 5532 5489 442 224 218 66 172 91 60 81 152 5047 967 841 130 711 405 137 306 214 169 4080 648 274 213 158 3432
is_linear=0
shrinkage=0.05


Tree=84
num_leaves=31
num_cat=0
split_feature=13 14 3 2 14 5 1 2 4 3 2 5 11 9 0 13 15 8 15 7 15 1 9 13 3 5 6 10 1 2
split_gain=1.28075 8.69139 7.26497 8.97634 6.57526 7.35978 8.66713 6.61585 8.47657 6.42548 6.98583 6.5946 6.3797 6.30941 6.07034 5.7714 9.82451 8.05521 11.5274 7.1403 7.03515 6.40949 5.79855 5.72296 5.68706 9.51779 7.10873 5.56048 5.4573 5.29494
threshold=-0.20845405149366955 0.63418643919553463 0.024244623837714221 -0.19443646005429382 -0.73905452997691634 43.521308652604716 0.24548868779819441 0.30364204098758885 48.38709677419358 -1.4119940014447849 -1.0965826477407452 46.966911764705436 177544.6500000954 -1.0649067121810722 -1.0000000180025095e-35 -0.42130411387262029 0.81384649416994337 0.34048814664589661 0.023210456271320085 -1.4782440046005487 -0.70499197362819188 0.52530668910715883 -1.5300783108766651 -1.2626724650068402 -0.02106858764728985 59.090909090909037 -1.3612309802498264 0.6072852497767055 -0.50271635209338539 -0.58409740518702213
decision_type=2 2 2 2 2 2 2 2 2 2 2 2 2 2 2 2 2 2 2 2 2 2 2 2 2 2 2 2 2 2
left_child=1 15 3 9 12 7 -7 8 28 14 -11 29 -4 -10 -2 19 17 22 20 -1 21 -19 -17 -3 25 -25 -26 -16 -6 -12
right_child=2 23 4 -5 5 6 -8 -9 13 10 11 -13 -14 -15 27 16 -18 18 -20 -21 -22 -23 -24 24 26 -27 -28 -29 -30 -31
leaf_value=-0.058604735348671978 -0.0053898517290936329 -0.05663289603807279 -0.021928959446749469 -0.033642185571343075 0.0073559542484648247 -0.020424780336273832 0.013647425518176829 0.082717316407129204 0.04972260582278893 0.049602721136419059 0.0046459760067576565 0.036298651472080966 0.064998087157942239 -0.045574757482540224 -0.050900723754509297 0.0033569548382633681 -0.02873480793273538 0.048337490598491323 0.090511383700520059 0.0034736431375491125 -0.050718762660685701 -0.045269755081000722 0.063328378817827255 -0.0093843635003622583 0.047293005996148135 0.060956533663555038 -0.03475561633393056 0.026728795418167858 0.084495774410054764 -0.039686862035170863
leaf_weight=4.7231062259525052 60.035300238989294 7.3266486413776866 28.04424882680178 32.010003815405071 3.880930133163929 25.480592835694551 69.77261203341186 5.6940647661685935 2.4992448389530209 9.1407338101416808 19.517607417888939 9.9845340289175493 2.2825080957263699 5.6938441284000829 14.819883266463878 5.1666668541729441 8.3207025388255698 5.6474857479333878 3.3048013225197783 240.3384766895324 6.712745252996684 2.7044309601187706 18.330817081034187 21.45309200882912 2.9626434445381191 6.1985763739794484 24.234253112226725 2.7319743242114773 5.6027698032558018 10.284024968743326
leaf_count=47 667 91 257 275 24 224 520 34 19 61 155 71 18 43 194 46 86 32 18 1951 61 21 114 178 22 43 237 24 32 100
internal_value=-0.000172544 0.00186279 -0.00253852 -0.00998852 0.00539029 0.010702 0.00453298 0.0358451 0.0207465 -0.00400377 0.010186 0.00113011 -0.0153865 -0.016505 -0.0129519 0.00544076 0.0208882 0.0307503 0.00594554 0.0022772 -0.012606 0.0180266 0.0501418 -0.0151278 -0.00958355 0.00638371 -0.0258178 -0.0388176 0.0529285 -0.0106525
internal_weight=664.899 357.424 307.475 158.524 148.951 118.624 95.2532 23.3709 17.6768 126.514 48.9269 39.7862 30.3268 8.19309 77.5872 295.249 50.1876 41.8669 18.3695 245.062 15.0647 8.35192 23.4975 62.1752 54.8486 27.6517 27.1969 17.5519 9.4837 29.8016
internal_count=5665 2947 2718 1547 1171 896 744 152 118 1272 387 326 275 62 885 2376 378 292 132 1998 114 53 160 571 480 221 259 218 56 255
is_linear=0
shrinkage=0.05


Tree=85
num_leaves=31
num_cat=0
split_feature=12 10 10 8 2 9 9 12 14 9 3 9 11 10 14 16 14 12 6 7 9 15 15 11 3 13 15 13 9 5
split_gain=1.29903 1.98924 2.97226 1.60007 5.0264 4.65047 7.99315 3.75619 2.83228 4.94866 5.19253 5.57703 3.66399 4.65833 3.63262 3.39296 2.87963 5.1855 3.55249 3.74477 3.49887 11.3858 9.1767 6.39172 7.0543 7.82753 10.431 5.63096 7.48001 5.10777
threshold=-3212.7085000001821 -2.9187995414257428 -2.7591956814074621 -2.0607346617325715 -2.4133875367373308 -0.54098790648174966 0.068915744193992087 -550.4365000000688 1.2860303016806929 0.45846995843129751 -2.1432700001818321 -0.092755507825033404 65734.820000052467 0.62401475733868805 2.1390288078389621 -1.5824999999999995e-05 1.0659280873313519 -153.28599999984723 -0.43972267116213742 -1.0000000180025095e-35 0.98157524485463854 -1.562940469410852 1.7449887855475053 27578.734999895099 1.9824580437660477 -0.95978139832940934 0.23513085440273571 -0.20845405149366955 0.37880474272248782 49.999999999999972
decision_type=2 2 2 2 2 2 2 2 2 2 2 2 2 2 2 2 2 2 2 2 2 2 2 2 2 2 2 2 2 2
left_child=-1 -2 -3 4 -4 -6 -7 -5 16 10 -10 15 -11 -14 -15 -12 20 -18 19 -19 27 -22 23 -23 25 -25 -27 29 -29 -9
right_child=1 2 3 7 5 6 -8 8 9 12 11 -13 13 14 -16 -17 17 18 -20 -21 21 22 -24 24 -26 26 -28 28 -30 -31
leaf_value=0.037048685940842506 -0.027010528583036344 0.052131217339488382 0.08561431318262494 -0.016495506997598258 -0.021477250355744843 0.087495622653127172 -0.019360743152046569 -0.00330854799971902 -0.046032267808927545 -0.042259939613281415 0.0019898488072706863 0.042064176580649287 -0.044478300614326109 -0.014991657420194444 0.063549534712694838 -0.058409817066267522 -0.025549865529631288 0.095649298449112005 0.01294708039964434 0.022370938139064149 0.060310353362285921 -0.028380189851158262 0.057615159934044979 -0.028857947115186872 -0.015676683618988892 0.047939516888593423 -0.036736694667343674 -0.0042473570354997691 -0.036870591923040041 0.011220724148641798
leaf_weight=2.3356457687914363 6.9006660180166355 2.7203303799033156 2.1873652637004879 35.317909207195044 8.0295777060091496 3.514033313840625 3.4863852970302105 122.828303899616 5.2031517820432773 15.276101326569917 27.559851095080376 8.8405712414532882 4.0603824071586114 2.8821682445704937 3.0093608796596527 2.5393794905394342 4.8959140982478884 3.5942575372755527 9.3346766401082224 3.3858390562236371 9.9179306700825673 17.344995331019163 7.1009747134521595 6.2381437420844987 21.396017083898187 21.41271158866585 4.3811689615249625 158.50288467761129 19.76126467436552 119.1867232080549
leaf_count=23 78 22 16 372 81 19 33 1008 80 196 240 64 52 32 28 25 43 23 74 24 59 150 55 48 202 138 38 1370 165 907
internal_value=-0.000174182 -0.000305748 -2.39332e-05 -0.000241811 0.0147979 0.0044917 0.0342785 -0.000650258 0.000284543 -0.00921506 0.000880632 0.00714915 -0.0268801 -0.00327213 0.0251268 -0.00310589 0.00152962 0.0195797 0.0331227 0.0601041 0.000776073 0.00985455 0.00342857 -0.00200822 0.00655324 0.0214019 0.033557 -0.00112033 -0.00786377 0.00384678
internal_weight=663.145 660.809 653.908 651.188 17.2174 15.03 7.00042 633.971 598.653 69.371 44.143 38.9398 25.228 9.95191 5.89153 30.0992 529.282 21.2107 16.3148 6.9801 508.071 87.7919 77.874 70.773 53.428 32.032 25.7939 420.279 178.264 242.015
internal_count=5665 5642 5564 5542 149 133 52 5393 5021 717 409 329 308 112 60 265 4304 164 121 47 4140 690 631 576 426 224 176 3450 1535 1915
is_linear=0
shrinkage=0.05


Tree=86
num_leaves=31
num_cat=0
split_feature=7 7 14 10 13 10 9 14 9 13 14 7 5 13 10 10 15 0 11 6 14 15 5 4 1 6 13 15 15 9
split_gain=1.31594 3.11009 4.28753 3.99363 7.04764 5.34122 8.41814 4.91864 4.40045 4.95201 5.96185 5.30414 5.25897 4.36433 5.56189 5.4702 6.56556 4.93339 10.916 4.25512 4.22215 4.15408 3.92795 4.23276 3.57606 4.8077 6.62302 4.34247 3.97238 10.0644
threshold=0.94072766897263271 -0.34519540613489924 -1.0745432637625605 -0.6061469798067306 -1.0188610792618833 -1.0958229467815543 -0.87494841993440775 -0.23566823409135404 0.25309902182334015 -1.2112185779498603 0.43693701567559895 -1.4937575821499649 66.666666666666387 1.4185854461455862 -1.9836003594899194 -1.6618444847128897 1.283501931668791 -1.0000000180025095e-35 -40175.405000090592 -1.4791096706192917 0.45113463473528653 1.1613211515514636 28.571428571427798 46.875000000000064 -0.64731055733333609 0.26815881633391742 -1.0703987448335532 0.13734620965538238 -0.74942239726480631 -0.58660909432905683
decision_type=2 2 2 2 2 2 2 2 2 2 2 2 2 2 2 2 2 2 2 2 2 2 2 2 2 2 2 2 2 2
left_child=1 2 24 5 -5 8 22 -8 9 10 -4 -11 13 14 17 16 -15 -13 -19 -6 -9 -10 -7 -24 25 26 -1 -28 29 -26
right_child=-2 -3 3 4 19 6 7 20 21 11 -12 12 -14 15 -16 -17 -18 18 -20 -21 -22 -23 23 -25 28 -27 27 -29 -30 -31
leaf_value=0.050302816637582771 -0.0042024526945295144 0.0052868511530842896 0.069027201428462956 -0.043067013131754324 0.046159480874707365 -0.041923452614517465 0.080143041774005899 -0.0016666603309966801 -0.046245733764766088 0.071772645402688559 -0.016714601730091941 -0.01273267187879277 0.047634300592924866 -0.044740583735517751 -0.028792490300244552 0.08441309839071294 0.080624574756792841 -0.015197730210875286 0.10379661908226141 -0.0044176232237493522 0.052463823920055552 0.017610613519366748 0.042587576408870294 -0.027991814042728935 -0.050334332443097013 0.071594122806093924 -0.050206212875145595 0.004746950094705743 -0.03938033844344236 0.032050620308253924
leaf_weight=3.9783379286527678 155.13116706814617 234.17451675608754 5.879769951105116 11.790588211268185 4.37661288678646 5.0734829660505047 6.3381741642951974 6.7246089950203896 8.7300510145723802 2.4521724097430697 3.0943286791443825 13.335739405825729 4.6737125553190699 3.2452209983021021 25.931940622627742 2.7192780990153542 1.5399727728217838 4.3691749274730682 3.4484621677547684 83.469600970856845 7.7587659358978271 3.595926607027649 5.1309337653219682 3.6250799801200628 6.7780213449150315 2.1893104761838904 7.1534896260127425 7.2266381671652198 19.890289857052267 8.1820662189275009
leaf_count=25 1320 1897 37 115 28 51 31 45 104 18 23 131 35 46 251 22 13 46 19 683 46 28 33 32 75 21 99 86 249 56
internal_value=-0.000172895 0.00106036 -0.00256901 0.000596505 -0.00676959 0.0068339 0.0233226 0.0434073 -4.85201e-05 0.00475844 0.0394629 -0.00028794 -0.00326962 -0.00762777 -0.0132718 0.0277847 -0.00439552 0.005755 0.0372922 -0.00189781 0.0273311 -0.0276166 -0.00691684 0.013367 -0.014986 0.00155823 -0.00679379 -0.0225899 -0.0247404 -0.00527583
internal_weight=662.007 506.876 272.702 217.304 99.6368 117.667 34.651 20.8215 83.0158 70.6898 8.9741 61.7157 59.2635 54.5898 47.0853 7.50447 4.78519 21.1534 7.81764 87.8462 14.4834 12.326 13.8295 8.75601 55.3982 20.5478 18.3585 14.3801 34.8504 14.9601
internal_count=5665 4345 2448 1837 826 1011 238 122 773 641 60 581 563 528 447 81 59 196 65 711 91 132 116 65 611 231 210 185 380 131
is_linear=0
shrinkage=0.05


Tree=87
num_leaves=31
num_cat=0
split_feature=9 15 4 13 9 11 15 15 1 5 5 13 8 13 14 14 13 7 15 11 15 9 6 12 15 8 15 10 8 8
split_gain=1.29812 1.44684 2.94383 3.36675 1.56819 2.40527 4.10133 5.47004 3.85807 3.6198 5.37565 3.8177 3.53151 3.46129 3.15082 2.89399 4.15276 4.70059 3.01006 7.81941 5.59654 6.36748 5.96213 5.22943 5.03227 6.09752 8.17329 6.33384 4.48774 4.36527
threshold=2.7661395027004541 2.5198897052468499 35.000000000000007 -0.68416429466927542 -3.0525448758008991 -124703.96000003813 0.23513085440273571 1.9067276273397282 -0.39262013332792306 19.444444444444656 13.513513513514397 0.9326720698242682 -2.1046896873236407 1.9335565451817913 0.40208704975098525 -1.9161389027174895 -0.76773989138755316 1.376291049610445 0.71659152918977576 125907.87999999525 1.8824513681639108 -1.1824258522573159 -1.3528437945217406 -325.28549999976525 0.34547685804802009 0.43873533085228428 0.53066564178569697 0.058333633650998133 -1.2562589409737726 0.017234571808283142
decision_type=2 2 2 2 2 2 2 2 2 2 2 2 2 2 2 2 2 2 2 2 2 2 2 2 2 2 2 2 2 2
left_child=1 4 3 -3 -1 6 8 9 12 10 11 -8 -6 -10 -11 16 -7 -18 24 20 22 -22 -20 -23 -17 26 27 -26 -28 -25
right_child=-2 2 -4 -5 5 15 7 -9 13 14 -12 -13 -14 -15 -16 18 17 -19 19 -21 21 23 -24 29 25 -27 28 -29 -30 -31
leaf_value=-0.033595411049637917 -0.02734797259642395 0.066345845853974836 -0.046258247712625503 -0.025924971384577764 0.048964511228566557 0.010031820144750167 -0.0049650064728089718 -0.038164952714133976 -0.0032660486962490937 0.068091563181931644 -0.055405546401931183 0.06590735063931992 -0.036937460855093196 0.066269947026159695 0.013551956884483095 0.00045666963262485272 -0.044599023813390433 0.041574094504874669 0.017806028561771468 0.052310353970761808 -0.055526421318773 -0.045693457221040415 -0.018642729538553865 0.056980559533921241 0.042978374971798558 0.041822493721132725 0.025915856493805418 -0.028441717876962969 -0.042411551482879166 0.0086143252136720357
leaf_weight=3.3972686789929858 4.3649748358875504 1.6547503303736446 4.8631678512319922 2.4557570796459895 1.3741471376270045 8.5107967294752616 3.7182104382664019 3.036856514401733 5.3235176410526019 8.6148168453946692 2.3402890283614397 3.8861085241660476 9.2522312197834271 2.6958900429308414 3.8234217353165141 398.06850906834006 12.772670143283902 1.8063178285956372 12.846558872610329 5.448870211839675 2.9941429700702455 2.4910317659378114 88.588557198643684 8.8277282547205669 13.543654292821889 16.863203501328826 3.1820307411253443 4.0274379178881636 9.8175115101039392 9.8936132919043285
leaf_count=43 44 16 75 41 16 59 31 52 47 52 31 29 136 19 29 3174 218 13 108 36 38 27 858 60 83 101 22 28 82 97
internal_value=-0.000171294 9.50487e-06 -0.0199295 0.0112201 0.000285991 0.000464794 0.0117395 0.0248039 -0.00607107 0.0333473 0.0108599 0.0312536 -0.0258291 0.0201099 0.0513265 -0.000363687 -0.017721 -0.0339223 0.00033139 -0.00632842 -0.00887149 0.0127304 -0.0140266 0.0223649 0.00229106 0.0176854 0.00437106 0.0266083 -0.0256864 0.0314206
internal_weight=660.484 656.119 8.97368 4.11051 647.145 643.748 44.0655 25.4197 18.6458 22.3828 9.94461 7.60432 10.6264 8.01941 12.4382 599.683 23.0898 14.579 576.593 131.091 125.642 24.2065 101.435 21.2124 445.502 47.4338 30.5706 17.5711 12.9995 18.7213
internal_count=5665 5621 132 57 5489 5446 442 224 218 172 91 60 152 66 81 5004 290 231 4714 1224 1188 222 966 184 3490 316 215 111 104 157
is_linear=0
shrinkage=0.05


Tree=88
num_leaves=31
num_cat=0
split_feature=9 9 9 12 16 10 1 1 10 6 16 9 3 2 2 1 9 13 14 9 3 3 3 5 10 15 8 9 11 9
split_gain=1.25009 5.10806 4.92299 3.84256 2.58685 2.98272 4.60177 5.74205 3.50175 4.03113 3.24534 4.1475 2.37537 2.96767 4.93184 2.80821 4.68822 4.57846 3.7537 3.54775 3.029 4.14087 3.84985 2.71091 6.21232 7.67284 4.88137 5.77961 4.31921 4.52385
threshold=1.636211860906329 1.5970515714822342 1.7443678351680389 -307.28850000002416 -0.00074849999999999992 2.4248507934964869 0.70234168261063512 1.033028712638637 1.3500207895683172 1.1314803732487055 -0.00043063999999999998 2.0467454209154514 4.5930980759190048 2.2890433634284433 2.5148697932943969 0.97269835845080965 0.78635858235751199 -0.56215861271250767 -0.38428294672265301 1.1507587611910874 0.62062507309296777 -1.0000000180025095e-35 2.2394532881461937 84.97104247104231 0.94552450320175074 -1.1435836607669312 -0.16903929896717748 0.51705990366574739 -17980.304999947544 -0.20334787480451014
decision_type=2 2 2 2 2 2 2 2 2 2 2 2 2 2 2 2 2 2 2 2 2 2 2 2 2 2 2 2 2 2
left_child=1 12 -2 -4 -5 6 10 -8 -9 -10 -6 -12 13 15 -15 23 18 -18 -17 -19 21 -20 -22 -1 26 -26 28 -28 -25 -30
right_child=2 -3 3 4 5 -7 7 8 9 -11 11 -13 -14 14 -16 16 17 19 20 -21 22 -23 -24 24 25 -27 27 -29 29 -31
leaf_value=-0.0003313687857859385 -0.044579997773327315 0.066933558701764526 -0.05624808066457903 0.045321384378740767 -0.042702366795072513 -0.035079183998669848 0.065593248584181002 -0.054813550449752758 -0.026296799491523734 0.061601947485640199 -0.044284202920300421 0.036324162185450974 -0.045349444407286846 0.065300309536548348 -0.0063959610280608153 -0.049391451374554279 0.075390086579065096 0.038084079560975113 -0.023327651500419433 -0.044025321101201859 -0.042762361855076453 0.06574430352727624 0.029797431522269185 -0.057747334388308105 0.040937428605721408 -0.032532135696339379 0.052926363048598601 -0.019382808080978024 0.058140386817743334 -0.0231438158339029
leaf_weight=519.39955296274275 7.7111711250618091 2.8730871230363837 2.8723174892365924 3.4043936952948526 5.7700193710625172 5.2153615765273562 5.5879242308437806 2.1774674020707607 2.4435850996524096 2.7978397011756897 2.4625162668526261 4.5336246863007545 2.860372867435216 4.5959695950150472 5.016815323382616 9.6315585747361201 2.4917861558496952 2.4082882516086093 2.60005197301507 2.8993359049782157 7.7015258818864805 2.619287595152854 2.3970371782779694 2.6147807762026787 4.9885517135262516 12.355220079421995 16.274739440530542 3.3286574911326161 3.4486111626029015 3.398679547011854
leaf_count=4481 88 22 37 25 61 52 39 30 27 26 24 31 31 32 41 85 21 19 25 27 61 16 17 26 28 109 100 28 20 36
internal_value=-0.000168695 0.000420799 -0.008215 -0.000690078 0.00394986 -0.000595233 0.00638286 0.0273141 -0.00151786 0.020623 -0.0149429 0.00795146 0.000108053 0.000321851 0.0278828 -0.000120775 -0.0143561 0.0194796 -0.0249335 -0.0067689 -0.00955482 0.0213725 -0.0255393 0.000703164 0.0122814 -0.0114002 0.0264125 0.0406483 -0.00308087 0.0177947
internal_weight=658.88 613.904 44.9762 37.265 34.3927 30.9883 25.773 13.0068 7.41889 5.24142 12.7662 6.99614 611.031 608.17 9.61278 598.558 32.7489 7.79941 24.9495 5.30762 15.3179 5.21934 10.0986 565.809 46.4092 17.3438 29.0655 19.6034 9.46207 6.84729
internal_count=5665 5225 440 352 315 290 238 122 83 53 116 55 5203 5172 73 5099 271 67 204 46 119 41 78 4828 347 137 210 128 82 56
is_linear=0
shrinkage=0.05


Tree=89
num_leaves=31
num_cat=0
split_feature=15 9 13 14 5 15 1 2 2 5 11 6 14 15 7 14 7 4 5 14 3 13 10 4 4 1 14 15 9 8
split_gain=1.23901 3.11079 5.0398 6.08787 7.76169 5.00629 5.00562 9.09736 4.93717 6.42069 5.1961 6.07877 4.80101 7.30591 4.57318 3.64186 2.69128 2.5514 3.63114 2.37075 3.80679 5.02869 3.63306 5.49132 2.95018 3.36483 2.81332 4.08876 9.49056 7.88308
threshold=1.2978735848820697 -0.14936983609197022 -0.69778895319897127 -1.6991249123914614 50.00000000000005 2.5900199617530495 -0.81448078280503944 -1.4051661792047159 0.43434562970379204 75.000000000000441 -43425.850000143044 -0.18341112898316822 0.12940062091063201 1.7449887855475053 0.32225472788409465 2.1734978844169488 -1.2919487367054356 40.000000000000306 40.000000000001606 -1.8690155119143121 -0.45044516923577538 0.24619109431783101 -1.0000000180025095e-35 44.444444444444365 51.870943108056586 0.59843978023069822 -1.3853202804300897 0.10399164341091154 -0.86358193225275459 1.3851679785483884
decision_type=2 2 2 2 2 2 2 2 2 2 2 2 2 2 2 2 2 2 2 2 2 2 2 2 2 2 2 2 2 2
left_child=19 2 3 -2 5 -5 7 -4 9 10 -3 -12 13 -10 -6 -14 -8 -13 -19 20 22 24 -1 -24 -22 -26 27 28 -21 -30
right_child=1 8 6 4 14 -7 16 -9 12 -11 11 17 15 -15 -16 -17 -18 18 -20 26 21 -23 23 -25 25 -27 -28 -29 29 -31
leaf_value=-0.047716869600709873 0.081575547475651378 0.090273548681563828 -0.025904905439966271 -0.045379446472519458 0.080644618923789213 0.04067757969578998 0.018562065466940222 0.10430326014229359 -0.04369527535604753 0.094029549258943509 -0.057339479680519626 -0.022974257275936508 -0.054771597475147274 0.04157276429552681 -0.004066235513947962 0.030808743749123142 -0.046719225212610183 0.083085436061378207 0.0070391144843341986 -0.029624526156493421 0.059807050957955521 -0.044804437127849428 0.057284960089672189 -0.04458827652524746 -0.036739418996848169 0.037445915988566572 0.00018056561113789237 0.032077763184362847 0.035543945660340553 -0.035749475783661659
leaf_weight=10.160893533378838 2.2788279093802002 1.8099511265754724 5.1303748171776533 9.3734731078147906 3.2400774266570798 2.0617027571424833 1.7274349667131961 1.8164090048521782 3.9779366832226533 2.7995395101606837 3.4010298419743785 2.3942149868234957 7.1337751168757659 6.8174463137984276 3.1346099078655243 1.5054676830768583 18.345825590193268 2.6096411570906639 3.939242847263813 14.198208689689634 3.7071245759725553 3.5533179454505435 2.4969638288021114 2.8130855206400156 2.8288772627711296 3.3251759633421898 489.17728289309889 17.461365327239037 19.915527846664194 4.8147592172026625
leaf_count=174 13 11 81 116 23 22 19 12 55 13 40 28 102 52 31 16 248 17 37 144 23 50 24 26 28 21 3947 122 134 36
internal_value=-0.000166694 -0.00585788 -0.0143399 0.00462685 -0.00521897 -0.0298638 -0.0284412 0.00814125 0.00512308 0.0248421 0.0111575 -0.000442853 -0.0120786 0.0101528 0.03899 -0.0398584 -0.0411013 0.0211947 0.0373425 0.000660522 -0.013299 0.0061941 -0.030201 0.00331595 0.0245706 0.00334462 0.00139962 0.0119748 0.00295763 0.0216638
internal_weight=657.95 83.497 47.1087 20.0887 17.8099 11.4352 27.02 6.94678 36.3882 16.9536 14.1541 12.3441 19.4346 10.7954 6.37469 8.63924 20.0733 8.9431 6.54888 574.453 28.8854 13.4145 15.4709 5.31005 9.86118 6.15405 545.567 56.3899 38.9285 24.7303
internal_count=5665 936 565 205 192 138 360 93 371 146 133 122 225 107 54 118 267 82 54 4729 346 122 224 50 72 49 4383 436 314 170
is_linear=0
shrinkage=0.05


Tree=90
num_leaves=31
num_cat=0
split_feature=11 11 15 15 5 5 13 14 3 1 3 10 15 2 13 14 14 2 3 1 0 14 4 16 10 4 3 14 14 2
split_gain=1.3205 1.56517 5.82891 4.8785 6.05988 6.11407 2.06745 7.44916 7.31078 7.26397 5.97672 6.09662 5.9233 5.38979 5.32457 5.24774 12.4606 11.3493 8.49335 7.93778 7.78963 11.1118 6.69437 5.83053 8.13633 6.9078 5.90125 7.5143 5.68121 5.5857
threshold=-347456.78999984259 -176817.16499996182 1.7111113453955535 0.74047462737887459 16.666666666666242 28.571428571428282 -0.20845405149366955 0.63418643919553463 0.024244623837714221 0.075347440690105946 -1.3852502409874716 0.20583505011247219 -2.0348133538199922 -0.64149850866808011 -1.2626724650068402 0.031214993565711825 -0.092433776251279728 -0.8228766059573015 -2.0924135310707697 -0.68999096878987776 -1.0000000180025095e-35 -1.4934835891168217 58.333333333333222 -0.00043063999999999998 -0.53681575791537195 51.06382978723402 -4.3417206301535893 -1.842414342643873 -0.86700218177725141 0.50807866909596056
decision_type=2 2 2 2 2 2 2 2 2 2 2 2 2 2 2 2 2 2 2 2 2 2 2 2 2 2 2 2 2 2
left_child=-1 2 3 4 -2 -6 7 15 9 10 -8 -12 -11 -13 -9 16 20 18 -18 -17 23 -22 29 25 28 26 -3 -28 -25 -21
right_child=1 6 -4 -5 5 -7 8 14 -10 12 11 13 -14 -15 -16 19 17 -19 -20 22 21 -23 -24 24 -26 -27 27 -29 -30 -31
leaf_value=-0.03862233839624122 -0.055326343757435975 0.045738298534882718 -0.04502580058947999 0.056693167584367349 0.069464369188199745 -0.016618327979220658 -0.016036641572561131 -0.05616939988864092 0.0042271952069954316 0.036512333161396467 0.021358508100176699 0.015840231194696221 -0.037484824847001351 -0.042038186764471103 -0.0087120522446400336 -0.023840895933525591 -0.041402750984109893 -0.033352371273595353 0.056163739909793425 0.030791383862085936 -0.010900330239909446 0.044395659226973826 0.0029563273860863308 0.01505700569842941 -0.00067661913695781103 0.008715530575503767 0.034980753571069383 -0.034249278376658428 0.06275699123956395 0.084206612242143972
leaf_weight=2.2246210956946006 3.1220127139240565 3.0816577300429335 3.6174687854945651 7.1598304128274313 4.1287856362760049 4.122076153755188 56.832702336832881 6.651966053992509 144.04107277933508 2.9490793310105792 30.356813332997262 7.1905772052705315 32.598107939586043 9.1290148552507144 53.017721662297845 8.9517923295497877 3.2436841130256653 37.627806887030602 7.1417078673839551 22.787713333964351 13.281457142904399 28.755751744844019 17.282347775995731 14.481336236000063 39.254026141017675 38.124754963442683 4.4356425888836375 33.689546004869044 10.971768673509358 6.2329637482762328
leaf_count=46 46 18 63 48 34 39 656 89 1146 25 230 52 298 92 473 80 42 369 45 139 118 206 127 119 298 309 31 324 67 36
internal_value=-0.00016548 -3.47186e-05 0.0130295 0.0243615 0.00400707 0.026458 -0.00049251 0.00208285 -0.00366751 -0.0118452 -0.0051483 0.00810922 -0.0313458 -0.0165364 -0.0140026 0.00540005 0.00212858 -0.0205812 0.0256907 0.0192598 0.00798838 0.0269252 0.0275925 0.00246175 0.0136004 -0.00662351 -0.0208152 -0.0261948 0.0356185 0.0422637
internal_weight=656.486 654.261 22.1502 18.5327 11.3729 8.25086 632.111 349.014 283.097 139.056 103.509 46.6764 35.5472 16.3196 59.6697 289.344 234.089 48.0132 10.3854 55.2548 186.076 42.0372 46.303 144.039 64.7071 79.3316 41.2068 38.1252 25.4531 29.0207
internal_count=5665 5619 230 167 119 73 5389 2890 2499 1353 1030 374 323 144 562 2328 1946 456 87 382 1490 324 302 1166 484 682 373 355 186 175
is_linear=0
shrinkage=0.05


Tree=91
num_leaves=31
num_cat=0
split_feature=14 3 11 14 4 13 6 3 12 12 14 12 2 11 2 1 9 15 3 3 11 5 9 15 13 13 9 11 5 3
split_gain=1.24133 3.86983 2.25737 1.91583 3.21612 2.52109 1.58939 4.51584 3.23834 5.25803 3.23595 3.40404 2.62387 3.09896 3.03287 3.8329 3.73876 2.58921 7.36323 8.09307 6.78208 6.69803 6.18253 6.18044 8.82206 7.51828 5.73957 6.7171 5.89545 5.71691
threshold=2.3535989025859609 2.4025147152852662 -98592.905000090585 2.1390288078389621 53.790893015030868 -1.0000000180025095e-35 1.4211888749003001 1.3221981099035036 -1.0000000180025095e-35 81.268500000238433 0.43693701567559895 849.03499999991629 2.6188062694683301 80961.290000081077 2.2890433634284433 1.4887264043015924 1.1990780757722295 -0.74942239726480631 1.6161582873881228 1.497062662365175 125907.87999999525 13.513513513514397 -0.2903650170553797 -0.8956464166841297 -0.7752861095396949 0.50003462775386587 1.248452120348148 13453.284999847414 33.333333333333783 2.3237891633603458
decision_type=2 2 2 2 2 2 2 2 2 2 2 2 2 2 2 2 2 2 2 2 2 2 2 2 2 2 2 2 2 2
left_child=3 2 -2 6 5 -5 12 8 -8 -10 11 -9 14 -14 15 17 -16 21 19 20 -19 -1 -21 -23 -25 -26 27 28 -20 -29
right_child=1 -3 -4 4 -6 -7 7 10 9 -11 -12 -13 13 -15 16 -17 -18 18 26 22 -22 23 -24 24 25 -27 -28 29 -30 -31
leaf_value=-0.026304469594294635 0.01058684119124406 0.029558127634038218 -0.047953447112070502 0.03266807017096756 0.058334168760037532 -0.040939220997729418 -0.058260452143776176 0.053848054798244338 0.036754192654595966 -0.035968340052363192 -0.030604688076881038 -0.018075227358982364 -0.056557710821441377 -0.00079225091038812262 0.058522964338041342 -0.048619996956442403 -0.0093530974740435886 -0.0011153299869084291 0.043463101644653106 0.09042768412722095 0.047621490257414356 0.0045104563366149394 0.0041833451440747614 -0.019031524457531666 0.06507629963555181 -0.017195471260145055 -0.048998397371061334 -0.01870940782402104 -0.029373731919268471 0.050693667548142557
leaf_weight=15.121193327009676 2.1915333066135636 3.3749372847378245 6.6248138863593331 2.3411650285124779 3.746649444103241 2.3121594823896867 5.774312730878596 5.1929485835134965 3.6895043104887009 7.6170803131535649 2.954057652503252 2.4079461954534054 4.3810718636959773 5.7755959816277027 4.9397032633423787 3.9677966637536874 3.4427335690706968 327.7224827054888 3.0802400670945671 4.4121906235814095 7.2971356250345698 145.23771362379193 3.9279132578521949 6.3455005586147335 14.658326780423524 3.4258793126791707 12.047330835834144 5.1194654777646047 28.326621945947409 7.0577846989035606
leaf_count=167 28 33 129 20 33 23 60 37 24 70 32 22 51 57 36 36 35 2886 21 29 45 1106 31 51 88 33 132 39 262 49
internal_value=-0.000167037 -0.0159724 -0.0334017 0.000132949 0.023855 -0.00390617 -0.000181386 -0.0119079 -0.0277961 -0.0122379 0.0138038 0.0310629 0.000353134 -0.0248466 0.000782479 0.000356571 0.0306457 0.000689451 -0.00157668 0.00115738 -5.37826e-05 0.00558243 0.0498095 0.00842427 0.0316924 0.0494907 -0.0184514 -0.0100078 -0.0222302 0.0215158
internal_weight=654.514 12.1913 8.81635 642.323 8.39997 4.65332 633.923 27.6358 17.0809 11.3066 10.555 7.60089 606.287 10.1567 596.13 587.748 8.38244 583.78 398.991 343.36 335.02 184.789 8.3401 169.667 24.4297 18.0842 55.6314 43.5841 31.4069 12.1773
internal_count=5665 190 157 5475 76 43 5399 245 154 94 91 59 5154 108 5046 4975 71 4939 3494 2991 2931 1445 60 1278 172 121 503 371 283 88
is_linear=0
shrinkage=0.05


Tree=92
num_leaves=31
num_cat=0
split_feature=12 8 12 12 7 8 11 16 5 16 15 8 14 3 4 2 3 4 9 13 9 2 12 8 14 10 10 9 12 9
split_gain=1.22205 1.91211 3.08962 6.6428 3.34931 3.45009 3.70599 3.24549 4.27582 2.8992 2.77722 2.22453 4.57151 4.93222 5.47537 6.97541 6.23919 5.88602 4.80512 4.48731 7.47845 6.84953 6.49872 5.20701 5.33887 4.23946 5.06327 7.88351 5.96994 5.82063
threshold=2714.2645000002817 1.7460238545287414 385.35649999976164 418.43050000001682 1.0835785033695273 2.1704135449413093 18309.575000047687 -0.00043497999999999996 87.499999999999815 -0.00060867999999999979 0.25744624699688828 0.40553449239036049 -1.0745432637625605 2.9506544497573683 69.230769230768956 0.57212949051832229 1.4723702737047277 66.666666666666941 -0.16791542062000578 -0.70531419502606063 0.89706456410483471 -1.5755739488212972 -103.75999999977647 -0.87551562812606065 -1.4765536215675243 1.0028385477324715 0.12510320009934636 -1.8467505017037078 27.841000000014905 -0.67152692194949448
decision_type=2 2 2 2 2 2 2 2 2 2 2 2 2 2 2 2 2 2 2 2 2 2 2 2 2 2 2 2 2 2
left_child=1 11 9 -4 -5 6 -6 -7 -9 -3 -10 12 19 14 17 -16 -17 -14 -18 21 -21 -1 -23 -24 -25 26 29 -28 -29 -13
right_child=-2 2 3 4 5 7 -8 8 10 -11 -12 25 13 -15 15 16 18 -19 -20 20 -22 22 23 24 -26 -27 27 28 -30 -31
leaf_value=0.053807557209659865 0.034818720106922489 0.011635285160395872 0.074028988013385519 -0.048600859584910949 -0.01730114570311515 -0.049318795661334965 0.049884963194418791 0.05968062955538344 -0.058079575484548264 -0.041716558214970015 0.0181711006822876 0.015834214266432837 0.0010397008527945103 -0.040219147247173494 0.092585991647996843 -0.021412371131500914 0.087563451758291944 -0.057919423881961862 0.0060563816058600145 -0.029413210453941841 0.040549848625076365 -0.040623440592270271 0.056176707273741036 0.014318361017799364 -0.057279703989448774 -0.0023526454313650379 0.08976249783992872 -0.0050348445595436503 0.027526166298695073 -0.021797168239524226
leaf_weight=5.2432914786040774 2.486629966646432 3.3083400093019 2.6757246330380466 4.37436240538955 3.3651730045676249 4.8547938372939861 5.261867692694068 2.3060243874788231 2.6054404191672802 11.055714044719933 2.20460220053792 21.532565642148256 284.61765291448683 7.1451725773513308 3.4594570919871357 6.7216621078550798 3.5022952407598495 4.2970194369554511 3.7383106127381325 40.976840561255813 4.2121943254023781 10.01359224598855 4.5120098199695375 9.0097808465361613 3.661899302154775 111.48885659500957 3.8406734094023696 21.87427172716707 39.492293456569314 19.655581538565457
leaf_count=31 22 30 17 41 33 48 40 18 26 107 18 166 2383 81 19 53 20 42 32 535 38 111 39 63 40 934 32 181 303 162
internal_value=-0.000166165 -0.000299796 -0.0106168 -0.000843471 -0.00886589 -0.000427407 0.0236775 -0.0177991 0.0037046 -0.0294285 -0.0231314 0.000411931 -0.00184358 0.000846454 0.00180429 0.0290261 0.0132777 0.000162804 0.0454815 -0.0127064 -0.0228918 0.00148163 -0.00860615 0.0100515 -0.00637226 0.00446066 0.0116001 0.020269 0.0159197 -0.00212403
internal_weight=653.494 651.007 42.012 27.648 24.9723 20.5979 8.62704 11.9709 7.11607 14.3641 4.81004 608.995 391.111 313.482 306.336 17.4217 13.9623 288.915 7.24061 77.6296 45.189 32.4406 27.1973 17.1837 12.6717 217.884 106.395 65.2072 61.3666 41.1881
internal_count=5665 5643 378 241 224 183 73 110 62 137 44 5265 3487 2630 2549 124 105 2425 52 857 573 284 253 142 103 1778 844 516 484 328
is_linear=0
shrinkage=0.05


Tree=93
num_leaves=31
num_cat=0
split_feature=2 13 8 12 13 14 4 2 15 15 3 15 15 15 16 1 15 14 9 14 13 3 5 5 13 15 7 3 13 8
split_gain=1.2154 6.47026 3.76559 5.59289 4.59796 4.61426 3.87339 6.18258 4.58071 3.75674 3.73041 4.04738 3.57286 5.63202 5.18753 4.87096 5.08223 4.79449 6.69746 11.315 5.21085 4.77283 9.44623 7.04527 4.77957 6.82272 5.7204 5.70454 4.8549 4.58174
threshold=-0.8228766059573015 2.2508966188838673 1.5232388936953301 323.43200000002986 1.3504681437542179 -0.43057679336110671 43.478260869565197 -0.87812126022582826 -2.3418525570974968 -2.1129755875701952 -1.7803901946196858 1.1613211515514636 -0.74942239726480631 -0.66720387119098434 -0.00087949999999999996 1.1361046750233952 -0.80658727926983398 -0.63772694914123551 -0.93523855088793229 -0.89197720553789039 -1.3798098140341042 0.43675653224125943 40.000000000000199 60.000000000000163 -0.64532115109881039 -1.2534825709567301 0.38886935902678693 2.2077062305205 -0.12121485073030837 1.0176396233006513
decision_type=2 2 2 2 2 2 2 2 2 2 2 2 2 2 2 2 2 2 2 2 2 2 2 2 2 2 2 2 2 2
left_child=1 2 3 4 6 -6 7 8 -1 -10 11 -2 15 -14 29 16 17 18 19 -12 -19 -22 -23 -24 -25 27 -27 28 -26 -15
right_child=10 -3 -4 -5 5 -7 -8 -9 9 -11 12 -13 13 14 -16 -17 -18 20 -20 -21 21 22 23 24 25 26 -28 -29 -30 -31
leaf_value=-0.054740187990804039 -0.040456155495125323 -0.053440851353180864 0.055703168234317008 -0.032039747238349424 -0.013965896054993019 0.057183009173161707 -0.016590514800212536 0.053842307878645947 0.065000147007463691 0.0048357469222101756 -0.040406956058989696 0.021233632483822949 -0.042386389261246521 0.0065795785457363233 -0.0037136755356384655 -0.024560336532351401 0.045245398450360762 -0.05652333707747921 0.024605349619103028 0.074379247093938602 -0.012380228605513702 0.05509769225775786 -0.058120296592864606 -0.029583430804225541 0.018371623207741741 0.091982073048996152 0.0074567919643253365 0.034795797808546934 -0.05913843658093898 0.090889946042725045
leaf_weight=3.1616860702633849 11.411326207220553 4.8429319309070697 3.6099854912608853 10.050391026772557 3.16946967691183 8.1091549023985845 19.617594180628657 6.7566330395638934 2.6601530238986006 105.30831497628242 10.103092588484285 3.4664982613176099 9.2195739429444057 3.962604369968175 285.91794550511986 12.726402483880518 8.4824750572442991 4.1964347194880238 48.548662090674043 2.7262587994337073 37.902870010584593 9.8015373498201352 4.6053196825087062 6.4590981602668718 3.3662630692124313 4.6694163456559288 3.5035784021019936 6.2891322337090978 5.052444264292717 2.7158289067447186
leaf_count=49 134 137 23 117 41 56 176 43 22 942 100 32 88 35 2500 119 55 46 311 15 292 53 43 56 23 27 25 41 47 17
internal_value=-0.000165413 0.00350965 0.00520752 0.00405985 0.0064984 0.0371891 0.00398104 0.00740436 0.00458097 0.00631809 -0.00143269 -0.0260826 -0.000652808 -0.0039086 -0.00269618 0.00518126 0.00761214 0.00544386 0.0161149 -0.0160147 -0.00218568 0.000607039 0.0118594 -0.000625458 0.00839917 0.0191214 0.055748 -0.00123163 -0.0281456 0.0408649
internal_weight=652.413 167.286 162.443 158.833 148.783 11.2786 137.504 117.887 111.13 107.968 485.127 14.8778 470.249 301.816 292.596 168.433 155.707 147.224 61.378 12.8294 85.8461 81.6497 43.7468 33.9453 29.3399 22.8808 8.17299 14.7078 8.41871 6.67843
internal_count=5665 1606 1469 1446 1329 97 1232 1056 1013 964 4059 166 3893 2640 2552 1253 1134 1079 426 115 653 607 315 262 219 163 52 111 70 52
is_linear=0
shrinkage=0.05


Tree=94
num_leaves=31
num_cat=0
split_feature=14 15 8 12 8 14 5 7 12 5 7 10 10 14 6 6 6 3 6 14 13 13 8 14 9 9 16 3 14 3
split_gain=1.16051 1.7315 1.88818 1.28393 1.64803 3.51176 3.90303 2.67574 2.88371 3.3226 3.22173 2.62636 3.34302 2.77584 2.19503 2.26507 2.3077 4.93463 2.74697 2.77842 5.25669 7.4978 5.08156 6.6898 6.66046 4.93171 4.34646 4.16911 5.40432 4.62375
threshold=-2.3678807452017394 1.1415800078263134 0.60060374942461869 2714.2645000002817 1.7460238545287414 -1.7775671105525672 70.106382978723758 1.0835785033695273 305.61150000011554 84.615384615384883 1.2630006172347288 2.8957421570250115 2.2224820789855371 0.059892582102945277 1.4872581860340988 1.4808202146308636 1.4211888749003001 1.864843969483563 0.87843718264949266 0.013019049042518159 1.744179600241283 0.24619109431783101 0.86347571977828697 -0.092433776251279728 -1.1824258522573159 -0.46725237761850985 -0.00035493499999999996 -1.1374390208132512 0.161945776063737 0.19984152617671633
decision_type=2 2 2 2 2 2 2 2 2 2 2 2 2 2 2 2 2 2 2 2 2 2 2 2 2 2 2 2 2 2
left_child=1 -1 -3 4 14 -6 -7 -8 -9 10 -10 12 13 -11 15 16 18 -18 -2 20 21 22 24 26 -20 -26 -24 -21 -29 -30
right_child=3 2 -4 -5 5 6 7 8 9 11 -12 -13 -14 -15 -16 -17 17 -19 19 27 -22 -23 23 -25 25 -27 -28 28 29 -31
leaf_value=-0.042514894508093516 -0.00049478812303046485 -0.029416103552575651 0.055927700010731919 0.036353536775387739 0.042173066209202713 -0.042234337980608772 -0.039180905101562809 -0.035925508723769442 0.077576363860733549 -0.044430318571884002 0.010156241710738215 -0.044435283976156315 0.047704760728711521 0.025003650548357289 -0.03616394621695887 0.047500755410015 -0.033861628663353287 0.034112894437424789 0.067848598337590563 0.041506907414867962 0.050954294725184306 -0.041057447368334138 0.061413790097458912 -0.041366222794759773 -0.05143107234727412 -0.0017075564224692545 -0.0025090010801791037 0.068804175602575401 -0.033168905022543181 0.013295350642158294
leaf_weight=3.8577205277979365 474.05983719229698 1.3945957105606797 1.2107586860656736 2.4258530251681796 3.014814604073762 9.2072370089590532 4.7443119511008289 4.1705580707639482 2.8832144029438522 3.3914808630943281 4.5973400995135307 3.2772722765803328 3.3315604589879513 2.5008505322039127 4.038902584463357 2.58746189251542 11.852796854451297 3.4462443403899661 2.7587321102619162 13.25933178886771 4.9627848602831355 10.403293102979658 9.5275489222258329 2.8112808018922797 6.567231900990012 20.720200263895098 3.688908852636815 3.2430457398295429 7.3971456130966571 19.386955715715885
leaf_count=97 4085 35 8 20 20 99 43 45 18 32 39 34 24 21 43 19 110 31 20 85 36 92 65 27 62 174 26 19 72 164
internal_value=-0.000164923 -0.0212467 0.0102448 4.65666e-05 -9.06587e-05 -0.00977469 -0.0138848 -0.00485193 0.00189142 0.00978452 0.0361418 -0.0059874 0.00767324 -0.0149608 0.000572212 0.00082088 0.000617572 -0.0185498 0.00112422 0.00845291 0.00161708 -0.0027183 0.00593852 0.0286737 -0.0061893 -0.0136745 0.043572 0.0181556 0.00784411 0.000463004
internal_weight=650.719 6.46307 2.60535 644.256 641.83 41.1186 38.1038 28.8966 24.1523 19.9817 7.48055 12.5012 9.22389 5.89233 600.712 596.673 594.085 15.299 578.786 104.726 61.44 56.4772 46.0739 16.0277 30.0462 27.2874 13.2165 43.2865 30.0271 26.7841
internal_count=5665 140 43 5525 5505 375 355 256 213 168 57 111 77 53 5130 5087 5068 141 4927 842 502 466 374 118 256 236 91 340 255 236
is_linear=0
shrinkage=0.05


Tree=95
num_leaves=31
num_cat=0
split_feature=12 10 10 9 14 6 15 2 13 15 14 5 15 15 14 2 15 12 16 14 15 15 14 15 8 12 13 9 13 2
split_gain=1.18428 1.86674 2.49025 1.54847 1.37963 4.05539 2.96748 1.55973 4.84916 3.83031 5.05886 5.35096 5.52402 6.91072 6.57111 6.06397 5.9049 5.42762 5.20407 5.22171 4.99153 4.3043 8.42708 4.47399 4.29507 4.65225 7.45312 6.43328 8.6422 10.7229
threshold=-3212.7085000001821 -2.9187995414257428 -2.7591956814074621 -1.873707801754924 2.3535989025859609 1.0193933082937765 -0.52815038763417921 -0.8228766059573015 2.2508966188838673 -0.74942239726480631 -0.74645339775420683 71.428571428571857 -0.4669638922060983 0.70571685604854062 -1.1343797628651671 1.3877564195581116 0.17184488262680231 71.752999999793261 -0.00078411499999999983 -0.69575522991236849 -0.80658727926983398 1.0444927218900089 -1.9161389027174895 1.1613211515514636 2.2347808339598747 -96.116500000003711 1.3504681437542179 0.22958314553838202 -0.17606565770277127 0.61368806321745184
decision_type=2 2 2 2 2 2 2 2 2 2 2 2 2 2 2 2 2 2 2 2 2 2 2 2 2 2 2 2 2 2
left_child=-1 3 -3 -2 7 -6 -7 8 -4 20 11 21 -13 14 15 17 -16 -14 -12 -20 24 -11 -23 -24 25 -9 27 28 29 -27
right_child=1 2 4 -5 5 6 -8 9 -10 10 18 12 13 -15 16 -17 -18 -19 19 -21 -22 22 23 -25 -26 26 -28 -29 -30 -31
leaf_value=0.035391632963531837 -0.05555300119749286 0.047375315601832169 0.0057800091099374411 -0.0065194098743728904 -0.037631809769085783 -0.026893002743355418 0.063380268961032646 -0.0098397251923372578 -0.053605514902182766 -0.036860165524340578 0.039686445783035242 -0.056110890150464367 0.0014059392193216131 -0.022126517785610492 -0.057845825226218756 -0.0069220554894708674 0.045183133358159683 0.092005752490671527 0.046917371590017264 -0.0035277678658991308 0.040477589533017611 0.093281168629441358 0.049437176884554124 -0.036904875001925151 -0.048052570914361097 0.023262479067789721 0.043701474903331178 0.020064072781237886 -0.033656950391415558 -0.036249528300765346
leaf_weight=2.3337726239114991 2.7301516309380531 2.7599308360368005 151.9817406013608 3.9247331675142041 7.8837207881733757 1.5659557078033688 2.1744370609521866 43.789428395219147 3.5170691655948749 31.825947646051645 7.6406871434301129 4.0431281663477412 2.2145926989614981 12.844183115288613 3.5942432060837772 3.7583368811756364 2.2684037797152996 6.5197529960423708 5.2578439861536017 210.91844614222646 9.218457365408538 1.9574722126126278 1.8540792018175105 7.8638559244573116 4.0724550709128371 28.48135082796216 13.862526576966046 39.532645497471094 19.077206291258335 10.308723043650387
leaf_count=23 40 22 1345 38 140 26 23 360 102 321 57 48 18 149 33 36 15 33 37 1761 59 13 19 124 36 184 94 280 147 82
internal_value=-0.000162146 -0.000290304 -1.66977e-05 -0.0266353 -0.000221703 -0.0172895 0.0255864 9.5024e-05 0.00443683 -0.0013387 -0.00470236 -0.0156024 -0.00112154 0.0060045 0.0256892 0.0461833 -0.0179814 0.0690342 -0.000867474 -0.00230084 0.00470678 -0.0273341 -0.00136688 -0.0204317 0.00263449 0.00396579 0.00939921 0.00451711 -0.00610397 0.00744676
internal_weight=649.775 647.442 640.787 6.65488 638.027 11.6241 3.74039 626.403 155.499 470.904 302.561 78.744 35.2426 31.1995 18.3553 12.4927 5.86265 8.73435 223.817 216.176 168.343 43.5014 11.6754 9.71794 159.124 155.052 111.262 97.3999 57.8673 38.7901
internal_count=5665 5642 5564 78 5542 189 49 5353 1447 3906 2664 809 332 284 135 87 48 51 1855 1798 1242 477 156 143 1183 1147 787 693 413 266
is_linear=0
shrinkage=0.05


Tree=96
num_leaves=31
num_cat=0
split_feature=2 3 13 11 11 13 5 14 14 5 13 6 6 16 1 7 1 5 15 5 14 4 8 13 14 10 16 9 10 7
split_gain=1.19514 1.4376 2.77838 1.54253 2.5001 4.05069 4.48662 4.20544 2.40993 2.01504 1.87893 1.74756 3.96671 4.7693 4.04222 5.03155 3.5469 2.30261 4.02551 3.35348 4.8493 3.20461 5.58295 3.75699 4.21496 5.44132 4.13345 2.89107 5.55727 5.86732
threshold=-3.2754266984033915 -4.6790168229989044 -0.85432969794434599 -241339.74499988553 -176817.16499996182 -0.31285065874171569 22.40870032223425 0.161945776063737 -0.39727368289251497 27.777777777777835 1.4185854461455862 -1.464502172478406 -1.4759603815673406 -0.00045549999999999996 -0.11525255256106776 -1.4002952146531396 0.2918422490940536 11.11111111111104 -0.48962517083133411 15.789473684210238 -1.3298625569503841 43.478260869565197 0.43873533085228428 0.046387120116248827 -0.52535581204789683 -1.3832860516545884 -0.0005024999999999998 -0.2903650170553797 -1.9836003594899194 0.35665906826702937
decision_type=2 2 2 2 2 2 2 2 2 2 2 2 2 2 2 2 2 2 2 2 2 2 2 2 2 2 2 2 2 2
left_child=-1 2 -2 8 5 -5 7 -7 -3 -8 -10 12 14 -14 15 -6 -16 18 -13 20 -19 22 23 24 25 -20 -25 28 -22 -30
right_child=1 3 -4 4 11 6 9 -9 10 -11 -12 17 13 -15 16 -17 -18 19 21 -21 27 -23 -24 26 -26 -27 -28 -29 29 -31
leaf_value=-0.035484055943872626 0.05061188809524686 -0.053937824829304738 -0.011980721484847742 -0.043204981675925062 0.034489204753455231 -0.042656489343015074 0.093461868001618376 0.042739928600150585 -0.038017173314074261 0.035032769405055314 0.026782314871944959 -0.038080738074819515 0.092025705825934084 -0.00032237559152287746 0.072371372821436228 -0.038103065079610421 -0.0071279458929687581 -0.04231424170563116 0.066284940766474662 -0.00096315150174665614 0.075092638626120978 -0.047198788680832354 0.072054144448468097 -0.026692378591366823 -0.042684702669944272 -0.025543309825010803 0.05030949628457581 0.057668066122823991 -0.027436942807772674 0.046809933265583803
leaf_weight=2.3859226871281853 3.9136174917221069 3.4109959416091442 3.2411893829703322 2.080358963459731 3.4226239155978 2.8096765363588894 2.8434188580140471 2.961057934910059 1.8436891986057142 3.0674284026026726 2.84482791274786 11.151527639478443 3.0396076254546642 2.5888888482004395 3.0385466963052759 7.8892965540289879 2.6065664980560541 2.8693907894194153 2.6480578947812319 531.05553353764117 3.0790911875665232 3.5591622404754153 2.6565796993672839 2.6550128888338804 8.3842476829886472 4.1280477158725306 5.0725253950804463 5.6063395813107464 7.3420409020036441 4.1733586266636848
leaf_count=46 22 62 34 22 28 38 19 21 27 28 31 119 21 21 20 79 21 37 16 4546 25 37 17 33 83 35 36 37 74 30
internal_value=-0.000161611 -3.11482e-05 0.0222569 -0.000280772 -2.35051e-06 0.0210751 0.0325227 0.0011618 -0.0219621 0.0631401 0.00130089 -0.0004725 0.0131787 0.0495492 0.00110642 -0.016139 0.0356635 -0.000991226 -0.0125375 -0.000152434 0.0185095 -0.00275016 0.00344295 -0.00452069 -0.0189835 0.0103426 0.0238533 0.0271491 0.0154256 -0.000528728
internal_weight=648.369 645.983 7.15481 638.828 630.728 13.7619 11.6816 5.77073 8.09951 5.91085 4.68852 616.966 22.5855 5.6285 16.957 11.3119 5.64511 594.381 40.2552 554.126 23.0702 29.1036 25.5445 22.8879 15.1604 6.77611 7.72754 20.2008 14.5945 11.5154
internal_count=5665 5619 56 5563 5443 128 106 59 120 47 58 5315 190 42 148 107 41 5125 376 4749 203 257 220 203 134 51 69 166 129 104
is_linear=0
shrinkage=0.05


Tree=97
num_leaves=31
num_cat=0
split_feature=15 6 2 4 11 5 15 14 11 13 2 7 15 11 14 12 7 16 5 6 7 4 13 2 15 15 7 3 12 16
split_gain=1.14345 1.41914 1.11298 1.36518 3.4333 3.73173 3.34985 4.09135 2.84141 5.68717 3.97758 6.02856 4.34607 5.4053 4.00105 4.63077 6.90762 4.66435 3.60303 3.57112 3.41625 5.29155 3.93037 3.29365 6.86688 8.14332 4.57666 5.31426 6.6237 5.15936
threshold=2.7872061552007121 1.336135010563279 -3.2754266984033915 29.411764705882302 -7353.6049998998633 6.666666666666516 0.61965428223538677 -0.43057679336110671 -50264.439999938004 3.1409004142292005 -0.41799528993934493 0.020051884905719047 1.0000000180025095e-35 -98592.905000090585 0.96539675356218635 18.930500000016767 0.18159240684301473 -0.00047294999999999992 68.421052631579002 0.10564967378223253 1.0442754995807435 52.173913043478258 0.47853876025027808 -0.83907457610664704 -1.237503031983243 0.9431617907438089 -1.2379723831325677 -3.1655986863106724 87.961000000126674 -0.00037602499999999994
decision_type=2 2 2 2 2 2 2 2 2 2 2 2 2 2 2 2 2 2 2 2 2 2 2 2 2 2 2 2 2 2
left_child=2 -2 -1 4 5 -4 7 -6 9 10 11 12 -5 -14 15 16 17 18 -12 -16 -17 -22 -23 24 -10 26 29 -28 -29 -26
right_child=1 -3 3 8 6 -7 -8 -9 23 -11 14 -13 13 -15 19 20 -18 -19 -20 -21 21 22 -24 -25 25 -27 27 28 -30 -31
leaf_value=-0.034651869752503353 -0.052495404759231271 0.022607816044483794 -0.016687513639330631 -0.028514694189038233 -0.042159831988731106 0.019537187077213605 -0.057872918819401542 0.028299515530712718 -0.032387584009474425 0.074077995555902262 0.045094879978816504 -0.045812333697482478 0.023155479783278393 -0.028845444415443584 0.010806087319100733 -0.041285021029131425 0.080058527710265767 -0.024498609417233232 -0.024960432963761735 0.076300061342583936 0.03606227155260066 -0.05646000513800864 0.027654213424577041 -0.00060890891302324123 0.021868975623675332 -0.018347877398553238 0.084956182791968093 0.043459339563410582 -0.0085234629960208742 -0.053425812379506221
leaf_weight=2.310757095925509 2.166196008212864 0.88636820390820492 8.6361448150128108 15.924750057049094 3.4294873010367146 40.218606585636735 3.4982299664989105 5.1605158243328324 7.8494424615055314 2.084200430661439 6.3647583974525368 15.144660319201646 14.850835654884579 7.5317712724208823 9.0667860470712167 11.812925959005954 3.0015258323401204 10.266878684051335 2.5791023448109627 2.7014686688780776 4.9547398928552848 4.7778906561434269 1.9578768573701379 402.50388883799314 7.4123985096812248 12.445260456763206 4.8088068813085476 21.003280613571416 8.6525533776730281 3.2827076306566578
leaf_count=45 68 8 91 208 38 388 39 47 77 18 51 174 120 76 74 118 23 105 24 13 42 51 16 3319 53 127 26 136 63 27
internal_value=-0.00015831 -0.0306878 -1.36517e-05 0.000111037 0.00723042 0.0131337 -0.0166277 0.000169207 -0.000635766 -0.00775089 -0.00928824 -0.0191065 -0.00854845 0.00565711 -0.000158639 -0.00685143 0.00951798 -0.00150342 0.0248933 0.0258406 -0.0223216 -0.00315957 -0.0320106 0.00108266 0.0114848 0.0174629 0.0273318 0.0361987 0.0282925 -0.00124167
internal_weight=647.285 3.05256 644.232 641.921 60.943 48.8548 12.0882 8.59 580.979 113.02 110.936 53.452 38.3074 22.3826 57.484 45.7157 22.2123 19.2107 8.94386 11.7683 23.5034 11.6905 6.73577 467.958 65.4544 57.605 45.1597 34.4646 29.6558 10.6951
internal_count=5665 76 5589 5544 603 479 124 85 4941 1113 1095 578 404 196 517 430 203 180 75 87 227 109 67 3828 509 432 305 225 199 80
is_linear=0
shrinkage=0.05


Tree=98
num_leaves=31
num_cat=0
split_feature=13 15 2 2 0 13 3 13 15 11 11 3 5 15 3 14 11 10 14 9 14 6 16 6 6 10 13 3 9 7
split_gain=1.1145 4.85609 4.01254 6.63902 5.40603 1.61498 3.79816 3.29359 3.65315 2.93309 3.10262 5.01826 3.92801 4.85556 3.36294 5.73352 5.47426 4.945 3.30169 4.66634 4.6866 3.71847 2.93895 2.89588 2.55822 2.5495 2.34664 5.72064 7.46636 4.56938
threshold=2.2508966188838673 0.023210456271320085 -0.75091597224656459 0.019053334813787456 1.0000000180025095e-35 1.0107082786254946 3.7464944830496942 1.0889805219242368 -0.2274312154513245 18309.575000047687 -83794.245000004754 0.54085557244307847 13.513513513514397 0.74047462737887459 -0.96934446286782439 0.53185665420518469 -22295.285000085827 1.4980299975224474 0.14470634019951192 -0.9468557594212712 -1.0000000180025095e-35 -0.72112415816747988 -0.00044869999999999996 0.84033295108136563 0.14313072357475209 1.7132894749009211 0.26581832646142889 0.063297522449434943 -2.4001133679208428 0.96282822139715019
decision_type=2 2 2 2 2 2 2 2 2 2 2 2 2 2 2 2 2 2 2 2 2 2 2 2 2 2 2 2 2 2
left_child=5 2 -2 -4 -5 6 26 8 -7 10 11 12 13 -9 15 16 -12 18 19 -16 21 -21 23 -11 -24 -26 -1 28 -28 -29
right_child=1 -3 3 4 -6 7 -8 9 -10 22 14 -13 -14 -15 17 -17 -18 -19 -20 20 -22 -23 24 -25 25 -27 27 29 -30 -31
leaf_value=0.0011726581137155227 -0.054032736742794608 -0.053337712502049862 0.059038654054310413 -0.054252906851775001 0.017945607608847506 -0.0092518133018990069 -0.033230203234541941 -0.028440933576911576 0.057659899135506815 -0.032263444397266382 -0.056218451928800255 0.05829648158563841 -0.022549035444724603 0.077192529100344076 -0.058181537325940197 0.071306451322278072 0.040250569880918387 0.029664668029377391 -0.053706102870409202 0.029735579186525946 0.055481110168338392 -0.059001500881196781 0.05425983582580364 0.024813684525243629 0.00032012964055280329 0.04898089365151153 0.061716055824508002 0.018822694623039954 -0.024418100847520413 -0.023353424409176
leaf_weight=444.86962613184005 2.7908465899527135 5.2290166984312227 4.9392603589221826 4.3217083215713483 6.4808914437890053 3.0857545882463455 8.8732166215777379 1.8102812767028833 6.0184358805417997 5.0575613137334603 3.3750924188643694 4.5749651938676825 8.527562144212423 2.7260684762150049 4.0018946751952162 2.9178973045200109 2.606105621904133 3.9284832254052153 9.3249603100121004 1.9959848746657352 3.1478415578603816 2.8898478113114834 6.0660997703671482 3.9640544801950455 9.0071227289736253 3.839064296334981 2.6692950222641221 24.409303035587072 43.788464590907097 8.7146815396845323
leaf_count=3756 75 133 37 71 36 28 118 27 38 45 42 28 100 21 38 23 19 24 85 16 16 30 35 31 60 20 27 181 437 68
internal_value=-0.000156817 -0.0107844 0.00122208 0.0110181 -0.0109383 0.000249054 -0.000790776 0.00648961 0.034981 0.0032375 -0.00380174 0.01323 -0.00255224 0.0350383 -0.012589 0.0138463 -0.0141853 -0.0218915 -0.0313734 -0.0140703 0.00790325 -0.0227502 0.0162977 -0.00718403 0.027499 0.0148623 -0.000241932 -0.00814963 -0.0194691 0.00772646
internal_weight=645.951 23.7617 18.5327 15.7419 10.8026 622.19 533.325 88.8651 9.10419 79.7609 51.827 17.6389 13.0639 4.53635 34.1881 8.8991 5.9812 25.289 21.3605 12.0356 8.03367 4.88583 27.9339 9.02162 18.9123 12.8462 524.451 79.5817 46.4578 33.124
internal_count=5665 352 219 144 107 5313 4587 726 66 660 469 176 148 48 293 84 61 209 185 100 62 46 191 76 115 80 4469 713 464 249
is_linear=0
shrinkage=0.05


Tree=99
num_leaves=31
num_cat=0
split_feature=15 6 14 12 15 13 13 9 6 9 12 9 15 15 14 1 2 2 5 1 14 16 1 12 10 10 14 15 15 3
split_gain=1.074 1.34302 1.12907 5.45288 4.61253 4.93211 5.80309 4.83623 3.78939 6.17308 4.88058 4.06278 3.64196 3.36565 2.59512 7.90449 5.48772 6.28916 7.01802 8.3746 5.15793 7.9262 5.62477 4.89139 4.83304 5.55649 5.28366 4.73889 6.30458 9.9452
threshold=2.7872061552007121 1.336135010563279 1.2860303016806929 -340.78700000001112 -1.1435836607669312 -0.41375925653153861 1.6995847171817333 -1.6021939785981794 -0.83073870876925893 0.55053463545984116 131.72950000013228 -0.2903650170553797 -0.11075850456495993 0.76054156129981532 1.0000000180025095e-35 -0.68999096878987776 -0.30178861274822583 0.18615715512902717 40.000000000000199 -0.029273121228594292 0.161945776063737 -0.00038045499999999998 0.70234168261063512 296.76799999992369 0.66054114189543811 -0.7863316019154255 0.56336678480649738 1.2440698261012639 -1.0499953410073992 2.0559210184694301
decision_type=2 2 2 2 2 2 2 2 2 2 2 2 2 2 2 2 2 2 2 2 2 2 2 2 2 2 2 2 2 2
left_child=2 -2 14 -4 7 12 8 -5 -7 11 -11 13 -6 -10 -1 -16 24 -18 -19 -20 22 27 -21 -23 25 -17 -27 28 29 -22
right_child=1 -3 3 4 5 6 -8 -9 9 10 -12 -13 -14 -15 15 16 17 18 19 20 21 23 -24 -25 -26 26 -28 -29 -30 -31
leaf_value=-0.0014831090805727991 -0.052375320324364538 0.020923836147629084 0.023912788708979719 0.05469522696951247 0.0096531737779064746 -0.0176023719935859 -0.054370469695373395 -0.046376712092824901 -0.016385732749996853 -0.047748465109917461 0.025800073365724336 0.071071989054670756 -0.046835558968453886 0.052664088035144753 -0.022844932223367073 0.029924268082859508 -0.01653539329059878 0.081383176794878609 -0.057659786214961317 0.058015861812374891 -0.034762214134340684 -0.034141837497996895 -0.0077087227251792824 0.015682272808412355 0.062347712647571288 -0.048073269394925004 0.023299033666780308 -0.027566688301948434 0.046685831679223966 0.063086978986972797
leaf_weight=395.11552751623094 2.0653385613113637 0.89603891968727101 12.811830677092074 1.3040224760770787 4.0674082599580297 7.7528008166700557 3.6123010721057645 12.810767909511922 3.6418011821806431 4.3210418671369535 4.7188931088894606 6.8710516691207975 9.5591635834425652 3.4239245727658272 21.012197732925415 25.717984044924378 28.014701757580042 3.3927685320377341 4.5796713866293421 10.59592282772064 7.5182579122483713 15.142596542835237 4.698872707784175 7.3010666295886031 7.1916659772396079 5.3399553410708887 5.0409706458449364 4.4518719874322406 17.545906893908981 3.967002309858799
leaf_count=3512 68 8 119 10 36 66 72 178 28 50 41 39 126 20 222 161 214 18 43 59 60 125 37 53 42 41 34 46 111 26
internal_value=-0.000155013 -0.0301968 -1.63343e-05 -0.00578594 -0.0119147 -0.00452188 0.0055774 -0.037039 0.0126244 0.0228235 -0.00935575 0.0436962 -0.0299742 0.0170746 0.000746275 0.00588217 0.00989295 0.00382585 0.0110286 0.00787962 0.0120939 0.0050573 0.0378239 -0.0179337 0.024918 0.0174613 -0.0134149 0.0204682 0.0278342 -0.000965159
internal_weight=644.483 2.96138 641.522 74.895 62.0832 47.9684 34.3418 14.1148 30.7295 22.9767 9.03993 13.9368 13.6266 7.06573 566.627 171.511 150.499 107.209 79.1939 75.8012 71.2215 55.9267 15.2948 22.4437 43.2906 36.0989 10.3809 33.483 29.0312 11.4853
internal_count=5665 76 5589 785 666 478 316 188 244 178 91 87 162 48 4804 1292 1070 792 578 560 517 421 96 178 278 236 75 243 197 86
is_linear=0
shrinkage=0.05


Tree=100
num_leaves=31
num_cat=0
split_feature=14 15 8 12 10 11 2 1 7 8 6 12 6 12 14 16 9 13 9 7 10 3 15 6 5 8 14 10 12 15
split_gain=1.0462 1.5875 1.66107 1.12448 1.47081 1.82581 1.4704 3.4375 3.3824 3.63353 1.97623 5.27585 2.55313 3.52493 5.15254 4.85042 4.26368 3.99183 3.51794 3.29907 3.07965 3.28481 4.57202 2.71849 3.79633 2.69368 2.67157 2.46221 2.44227 4.04301
threshold=-2.3678807452017394 1.1415800078263134 0.60060374942461869 2714.2645000002817 2.8957421570250115 53306.225000023849 2.6188062694683301 1.6978510686971326 0.80236897414608321 1.0176396233006513 1.4211888749003001 651.2634999996518 1.1571384092594503 114.34250000002795 0.46878312559606289 -0.00035998499999999995 1.5454132603486228 -0.71240757394459908 -0.76437321026918337 1.4798743225278905 -1.0827273748495567 -0.5840927794968056 -1.0122082856668124 1.1072309026578415 81.818181818182168 1.0970129717669856 -1.300366774244212 0.47785834439960112 651.2634999996518 0.46323228296517754
decision_type=2 2 2 2 2 2 2 2 2 2 2 2 2 2 2 2 2 2 2 2 2 2 2 2 2 2 2 2 2 2
left_child=1 -1 -3 4 6 -6 7 10 9 -8 12 -12 19 15 16 18 26 -17 -14 23 -20 -22 -23 28 -25 -16 -15 -24 -2 -30
right_child=3 2 -4 -5 5 -7 8 -9 -10 -11 11 -13 13 14 25 17 -18 -19 20 -21 21 22 27 24 -26 -27 -28 -29 29 -31
leaf_value=-0.041683806831275726 0.0011429500007316717 -0.028322690526705548 0.052686336452829698 0.033792171054643556 -0.056523541469331078 0.00093398221827133599 -0.03572033380835999 0.052866245383267764 -0.049806833084384168 0.048394074346899428 -0.023832455547610553 0.043027194057421739 0.07440741494457237 0.0046885305642916236 0.0069366300696823077 -0.054246627219029522 0.025624963093504941 0.015240846666591899 -0.019995908940285443 -0.047779803689784656 0.071788432200269217 0.064675672218229882 -0.04308942179797591 -0.053826050767632132 0.020097724301497314 0.066195975326261439 -0.045446265807330875 0.021003387100559115 -0.0045151823001696265 -0.056950491540843855
leaf_weight=3.6580399218946686 502.98606960475445 1.3457737583667042 1.194413401186466 2.458792980760335 2.5764067843556395 2.983938954770565 2.4201801400631648 3.1115431897342196 4.6814578045159578 2.7345587369054556 20.105172628536824 3.458047939464449 4.5494449324905935 3.6542105171829489 4.835012272000311 3.0936229191720486 4.2669273763895026 6.2269199360162002 3.1185283018276158 3.6368668824434272 4.2160314880311551 3.4587334990501448 2.686466619372351 5.2237121425569049 2.6017567664384842 3.1782084628939629 9.7394273243844527 3.3885389929637313 16.580378556624058 4.7234714096412054
leaf_count=97 4336 35 8 20 28 27 31 21 54 23 193 28 30 30 42 29 33 46 31 38 24 20 24 54 21 23 85 29 144 61
internal_value=-0.00015464 -0.0205975 0.00976831 4.43706e-05 -8.64622e-05 -0.0256892 0.000139982 0.000444841 -0.0190401 0.00890187 0.000179933 -0.0140204 0.000744987 0.0108627 -0.00281316 0.0222852 -0.0179013 -0.00782305 0.0353877 -0.000320355 0.024864 0.0350385 0.0187868 4.01806e-06 -0.0292484 0.0304401 -0.0317679 -0.0073395 0.000440635 -0.0161411
internal_weight=642.893 6.19823 2.54019 636.694 634.236 5.56035 628.675 618.839 9.8362 5.15474 615.728 23.5632 592.164 56.4121 25.6738 30.7383 17.6606 9.32054 21.4177 535.752 16.8683 13.7498 9.53374 532.115 7.82547 8.01322 13.3936 6.07501 524.29 21.3038
internal_count=5665 140 43 5525 5505 55 5450 5342 108 54 5321 221 5100 446 213 233 148 75 158 4654 128 97 73 4616 75 65 115 53 4541 205
is_linear=0
shrinkage=0.05


Tree=101
num_leaves=31
num_cat=0
split_feature=15 6 14 12 15 13 13 9 15 6 9 12 9 16 6 0 12 12 14 4 8 3 15 3 0 5 16 11 3 4
split_gain=1.05234 1.20732 1.04672 4.91891 4.31897 4.5195 5.37462 4.47918 3.46948 3.39325 5.57931 4.43231 3.47192 3.05393 2.56739 2.6474 2.76879 2.25678 3.61369 3.32923 3.16593 3.99878 5.89469 2.67592 9.43621 4.08962 3.99192 4.96595 3.16979 4.90441
threshold=2.7872061552007121 1.336135010563279 1.2860303016806929 -340.78700000001112 -1.1435836607669312 -0.41375925653153861 1.6995847171817333 -1.6021939785981794 -0.11075850456495993 -0.83073870876925893 0.55053463545984116 131.72950000013228 -0.2903650170553797 -0.00030477999999999994 -1.1609965204531332 1.0000000180025095e-35 -403.89699999988073 -282.69750000024209 1.0659280873313519 38.081709956709958 -0.85818684318898286 0.52251381221588866 1.0755746354190381 -3.0471572150343964 1.0000000180025095e-35 12.390350877192956 -0.0006799699999999999 -41088.060000181191 -1.7803901946196858 29.166666666666547
decision_type=2 2 2 2 2 2 2 2 2 2 2 2 2 2 2 2 2 2 2 2 2 2 2 2 2 2 2 2 2 2
left_child=2 -2 17 14 7 8 9 -5 -6 -7 12 -12 13 -11 -4 16 -16 -1 23 -20 -21 22 -22 24 25 -19 -27 -28 29 -25
right_child=1 -3 3 4 5 6 -8 -9 -10 10 11 -13 -14 -15 15 -17 -18 18 19 20 21 -23 -24 28 -26 26 27 -29 -30 -31
leaf_value=-0.0062061039316877653 -0.052278024209492568 0.017664757022356436 0.04950937205640206 0.051061363854080624 0.0092516146184012434 -0.016940692685118351 -0.054127172081676757 -0.04567996073223652 -0.04615170060958565 -0.011498571069186118 -0.047064535347215247 0.023402383694850655 0.06602753461747983 0.055211341344893229 -0.036536532726998472 0.050058485902726074 0.042842908818038664 -0.013832606444202903 0.067830673021990237 -0.029373664669478917 -0.057705753169836484 0.053991847206971956 0.049001574820671703 0.013279318290624313 -0.055517585179485053 0.0049783337004068503 0.018305571949085244 0.091946838187066046 0.0019292888888900088 -0.022317223270974063
leaf_weight=97.439250686671585 1.9697830677032464 0.89838160201907147 5.2147365640848875 1.3249516002833832 4.0772850327193746 7.6717878561466888 3.4305337863042942 12.342292758636175 9.205750841647383 4.1107218787074089 4.1705848537385446 4.7995778378099203 7.0094147324562162 2.9444913268089294 3.969280919060111 2.2280280739068985 1.5189074408262948 3.5626335274428191 3.5073987934738424 3.3147888407111177 2.6677425317466223 6.0143421217799187 2.5137620493769646 13.694048691075293 3.5516652381047598 4.1124836858361986 3.7080636918544796 5.9831804968416611 382.10805036360398 32.981129094026983
leaf_count=969 68 8 38 10 36 66 72 178 126 32 50 41 39 16 55 13 13 32 22 28 27 40 17 152 52 34 32 29 3016 354
internal_value=-0.000151579 -0.0303702 -1.59794e-05 -0.00560699 -0.0115372 -0.00439979 0.00522893 -0.0363015 -0.0291454 0.0118602 0.0214524 -0.00936049 0.0411043 0.0163428 0.0224083 0.00409299 -0.0145675 0.00071627 0.0021584 0.0241148 0.0135481 0.0262561 -0.00593762 0.00127868 0.018741 0.033928 0.0462546 0.0637702 0.000426783 -0.0118735
internal_weight=642.045 2.86816 639.177 74.0183 61.0874 47.4201 34.1371 13.6672 13.283 30.7066 23.0348 8.97016 14.0646 7.05521 12.931 7.71622 5.48819 565.159 467.719 18.018 14.5106 11.1958 5.1815 449.701 20.918 17.3664 13.8037 9.69124 428.783 46.6752
internal_count=5665 76 5589 785 666 478 316 188 162 244 178 91 87 48 119 81 68 4804 3835 134 112 84 44 3701 179 127 95 61 3522 506
is_linear=0
shrinkage=0.05


Tree=102
num_leaves=31
num_cat=0
split_feature=2 3 13 11 14 11 13 5 14 5 10 10 13 16 11 14 3 2 9 14 16 13 13 15 4 15 5 13 2 4
split_gain=1.01742 1.24479 2.43859 1.58645 2.13579 1.96923 3.51762 3.93762 3.59647 1.79159 1.66896 4.02769 1.58631 4.60869 4.14321 5.19023 4.16962 3.81143 3.70603 3.11145 2.21569 4.42359 5.28944 7.75045 8.18721 6.70239 5.20089 5.98163 5.77309 5.45286
threshold=-3.2754266984033915 -4.6790168229989044 -0.85432969794434599 -241339.74499988553 -0.39727368289251497 -176817.16499996182 -0.31285065874171569 22.40870032223425 0.161945776063737 27.777777777777835 -2.9187995414257428 -2.7591956814074621 -1.3586453813187338 -0.00076272999999999988 -33330.409999966614 -0.18678505017474617 0.085745526545717168 0.52374526322433901 -0.77579667548536968 -1.6194359838171415 -0.00053451999999999981 -0.25276456279383169 -0.49398103048297132 0.53066564178569697 40.506554573952776 -0.87426431331618037 92.857142857142364 -0.91203382869007188 0.57212949051832229 40.000000000000306
decision_type=2 2 2 2 2 2 2 2 2 2 2 2 2 2 2 2 2 2 2 2 2 2 2 2 2 2 2 2 2 2
left_child=-1 2 -2 4 -3 6 -5 8 -8 -9 -7 -12 13 -13 -15 16 19 -18 -17 -16 21 22 26 24 -24 -26 27 28 29 -14
right_child=1 3 -4 5 -6 10 7 9 -10 -11 11 12 20 14 15 18 17 -19 -20 -21 -22 -23 23 -25 25 -27 -28 -29 -30 -31
leaf_value=-0.033892145150511942 0.048160514913063016 -0.053763518174816817 -0.011244379358809849 -0.042211402178359739 -0.0004862067825264875 -0.027617135094288314 -0.041841121854572172 0.086650446164326614 0.037911252495997694 0.031316876367585685 0.060350526985902653 0.047407292406345974 -0.012129859124649506 -0.056787049229856459 -0.059115436448621564 0.012146336491353353 0.074971123647680396 0.001435456377719174 -0.050184170117862838 0.0092475255633713213 0.0023191416624982527 -0.013084868486125625 0.099280259590979636 -0.02680755018775352 -0.017992180150369554 0.055428027229291549 0.048105588258463346 -0.020220044732792243 -0.03434983555874184 0.036525730506503394
leaf_weight=2.2261812044307581 3.7780190519988537 3.2340667583048344 3.1830883864313355 2.0064661968499431 4.4965376453474155 5.5819908361881962 2.7067779591307009 2.8530813148245215 2.958874424919486 3.0021166354417801 2.7383485920727244 3.0959336161613455 8.8165553808212334 5.3127852380275753 2.5551196774467826 3.3043516427278545 3.6291674971580505 3.4251474030315876 8.5693290736526198 4.7746192477643508 389.46393654169515 80.523139318451285 4.4345433469861808 5.6286931904032818 5.9810428582131898 6.4719528369605488 4.5589961297810069 38.557540348730981 6.1467935349792233 16.600975811481476
leaf_count=46 22 62 34 22 58 61 38 19 21 28 19 20 76 58 27 26 22 23 113 33 3245 814 30 58 44 47 36 365 71 127
internal_value=-0.000149057 -3.13886e-05 0.0209966 -0.000263209 -0.0227746 1.58144e-05 0.0188849 0.0295254 -0.000190621 0.0582794 -0.000402508 -0.000151243 -0.000426519 -0.0108096 -0.0165186 -0.00837098 0.011826 0.0392667 -0.0328381 -0.0145835 0.000208098 -0.00441814 0.00276184 0.0240043 0.0409401 0.0201651 -0.00364276 -0.00700719 0.00913303 0.0196486
internal_weight=640.616 638.39 6.96111 631.429 7.7306 623.698 13.5273 11.5209 5.66565 5.8552 610.171 604.589 601.851 34.6665 31.5705 26.2577 14.3841 7.05431 11.8737 7.32974 567.184 177.72 97.1971 22.5162 16.8875 12.453 74.6809 70.1219 31.5643 25.4175
internal_count=5665 5619 56 5563 120 5443 128 106 59 47 5315 5254 5235 322 302 244 105 45 139 60 4913 1668 854 179 121 91 675 639 274 203
is_linear=0
shrinkage=0.05


Tree=103
num_leaves=31
num_cat=0
split_feature=7 7 13 16 15 8 6 2 13 4 12 14 1 13 8 8 14 6 3 4 7 14 13 13 5 13 16 12 8 8
split_gain=1.0006 2.70078 5.22913 4.5175 5.61323 3.14467 2.80317 7.1741 6.6003 3.79688 2.72003 2.70595 3.92109 2.94948 2.55664 2.73062 2.47606 3.70633 4.22767 3.3473 2.77435 2.62139 5.17807 3.15973 4.85217 3.56404 4.35968 3.28747 2.98304 6.24007
threshold=0.94072766897263271 0.75182546426182395 1.3748769507090948 -0.00068749999999999985 -0.41457769359681201 1.6806783257608313 -0.77193277167723462 0.4192797869185842 0.36236958147563675 44.000000000000135 71.752999999793261 -2.0619976313624022 -0.8747050203284733 -0.95008550555262705 -0.30410742207671981 -0.65920115876930718 -1.300366774244212 0.47321923103151453 1.6539127212935243 58.82352941176439 1.1709486893689525 -0.91656473112727155 0.56648760655928454 0.16446456948627411 33.333333333332618 1.0366672843770333 -0.00055257499999999992 155.93750000000003 1.40204098677574 1.2442510721389626
decision_type=2 2 2 2 2 2 2 2 2 2 2 2 2 2 2 2 2 2 2 2 2 2 2 2 2 2 2 2 2 2
left_child=1 11 3 4 -3 6 7 9 10 -5 -8 12 13 -1 15 -2 17 20 19 -19 -16 22 -18 24 27 -25 -27 -23 29 -26
right_child=14 2 -4 5 -6 -7 8 -9 -10 -11 -12 -13 -14 -15 16 -17 21 18 -20 -21 -22 23 -24 25 28 26 -28 -29 -30 -31
leaf_value=0.074473383590095851 0.0090047662642037309 0.10158086402053979 -0.035797631260139198 0.036625409740597185 0.0037760613301707404 -0.032038255408410987 0.02479563289541498 0.095383570967358722 0.051579422068815606 -0.041591283536064096 -0.022312753649083465 0.00030684871536706981 -0.054400731403331549 -0.018898657802792186 -0.046458131190104189 -0.038734735135756003 -0.037937614203947617 0.017769092616490012 -0.021627879885647166 0.070335646272113847 0.0083538973695609069 0.082950786012682298 0.048059535214965872 -0.034655474915948226 -0.00047331551675208614 0.052696062711692429 -0.011965934632141396 0.015716319030637294 -0.012657943504823197 0.059303095524984445
leaf_weight=1.2564777061343195 4.3284414671361437 3.3298691026866436 5.0321295205503693 4.1548435408621973 2.6222821846604338 3.7240806110203257 4.1241522915661433 3.5631945207715034 5.9162358585745087 2.4762891959398985 11.922453559935091 434.3716675247997 5.4193627685308439 2.587461450137198 3.6114588119089621 9.725482724606989 11.825786943547426 6.7812571255490166 3.4199876971542826 5.4722612835466862 6.3993517234921455 2.963284119963645 2.0545111745595923 13.272568030282857 24.189593998715285 3.1744048595428493 14.576708159409462 4.7045378480106592 27.10653833579272 5.3273697691038242
leaf_count=6 45 20 52 29 21 36 30 21 38 24 103 3785 121 59 40 107 120 49 30 30 53 18 15 116 198 32 126 37 265 39
internal_value=-0.000147393 0.000942487 0.0123576 0.0181502 0.0584919 0.0114581 0.0164954 0.0381635 0.00643788 0.00741665 -0.0102054 -0.000263406 -0.0270036 0.0116221 -0.00373682 -0.0240315 -0.0016222 0.0123462 0.0275257 0.0412446 -0.0114199 -0.00490776 -0.0252086 -0.00195143 0.00437247 -0.0150566 -0.000402527 0.0416996 -0.000682275 0.0103154
internal_weight=639.434 490.5 46.8655 41.8334 5.95215 35.8812 32.1572 10.1943 21.9628 6.63113 16.0466 443.635 9.2633 3.84394 148.934 14.0539 134.88 25.6843 15.6735 12.2535 10.0108 109.195 13.8803 95.315 64.2913 31.0237 17.7511 7.66782 56.6235 29.517
internal_count=5665 4345 374 322 41 281 245 74 171 53 133 3971 186 65 1320 152 1168 202 109 79 93 966 135 831 557 274 158 55 502 237
is_linear=0
shrinkage=0.05


Tree=104
num_leaves=31
num_cat=0
split_feature=14 4 14 14 4 8 11 4 13 7 8 10 15 15 11 7 8 10 11 6 9 2 12 3 14 5 1 5 13 2
split_gain=1.01196 3.49656 2.13408 1.65855 2.59253 2.33743 1.36788 4.26541 5.44227 3.87865 4.33172 4.27745 3.85009 4.00451 6.34417 7.32985 6.61865 4.44231 4.2156 3.95852 4.78635 3.55951 3.37244 3.08758 3.80387 2.9805 2.93142 3.30145 3.16678 2.92825
threshold=2.3535989025859609 70.967741935483943 3.2341397294975174 2.1390288078389621 53.790893015030868 -0.051434234586137627 -50264.439999938004 28.571428571428545 3.1409004142292005 1.0000000180025095e-35 -2.1046896873236407 -2.373075063046902 2.0317558600282504 1.0000000180025095e-35 -70537.44999992846 0.32225472788409465 -0.74288411791978137 1.0613489602290354 -92173.785000085816 -0.31967757028612398 -0.57361465872592121 0.36718602956431562 -172.50699999998321 1.0979356204121336 0.48483312088224612 49.999999999999972 -0.16405380726827726 27.24583109198457 -0.059459944097675445 -1.8610042495164969
decision_type=2 2 2 2 2 2 2 2 2 2 2 2 2 2 2 2 2 2 2 2 2 2 2 2 2 2 2 2 2 2
left_child=3 2 -2 6 5 -5 7 9 12 10 11 -1 13 19 15 16 26 -16 -18 20 23 25 -22 -9 -25 -21 27 28 -15 -11
right_child=1 -3 -4 4 -6 -7 -8 8 -10 29 -12 -13 -14 14 17 -17 18 -19 -20 21 22 -23 -24 24 -26 -27 -28 -29 -30 -31
leaf_value=0.00015891273868102109 -0.042176927744707632 0.049928329594289458 0.010310136132226498 0.032083462316128041 0.052736396554415033 -0.040310512953859096 0.0010838899377163588 -0.03852811780575182 0.072211373757184324 0.0072040665929225534 -0.013335508875059899 0.093529446699344293 -0.054762513776276479 -0.04044518306307935 -0.038954529244189316 -0.027330413202016426 0.035302024742295331 0.04444155548759135 0.11458324726982179 -0.00040487700595849053 0.052049850072764761 -0.034576751536871203 -0.021763324865565453 -0.038917495610114886 0.044183473066091897 0.05804996495416416 -0.033312774100945207 0.051323714562023115 0.021391366526082624 0.063014552924131439
leaf_weight=2.8590908106416464 6.7265868773683888 1.7473472170531739 2.7196310255676508 2.2704076059162617 3.7984238136559725 2.1909962110221368 480.80139256175607 30.300461515784257 2.0158217372372738 4.1956912139430642 15.357424463611098 2.1482450515031841 4.7405960280448189 2.946206957101821 11.375905454624442 8.2426161579787713 3.9620643854141235 1.8575723059475411 2.9068826325237778 5.3208413678221387 3.1121475864201784 3.7203419320285311 3.0778422728180947 2.7855144552886477 2.7234392389655113 3.6949969716370106 3.0624926108866939 5.4971936903893956 6.9654936343431464 5.3434668425470573
leaf_count=41 141 13 36 18 33 25 3959 371 17 47 195 16 76 29 119 85 29 17 18 53 26 36 30 31 16 26 31 34 53 44
internal_value=-0.000145218 -0.0150466 -0.0270655 0.000120694 0.0223779 -0.00346923 -0.000176296 -0.00456012 -0.00917553 0.0121563 -0.000167964 0.0402167 -0.010719 -0.008663 0.00207284 0.0136269 0.0269494 -0.0272483 0.0688532 -0.0178456 -0.0252501 0.00657205 0.0153478 -0.0322679 0.0021648 0.0235519 0.0113667 0.0202466 0.00301074 0.0384669
internal_weight=638.467 11.1936 9.44622 627.274 8.25983 4.4614 619.014 138.212 108.308 29.9039 20.3648 5.00734 106.293 101.552 46.8164 33.583 25.3403 13.2335 6.86895 54.7356 41.9994 12.7362 6.18999 35.8094 5.50895 9.01584 18.4714 15.4089 9.9117 9.53916
internal_count=5665 190 177 5475 76 43 5399 1440 1097 343 252 57 1080 1004 415 279 194 136 47 589 474 115 56 418 47 79 147 116 82 91
is_linear=0
shrinkage=0.05


Tree=105
num_leaves=31
num_cat=0
split_feature=5 5 14 1 0 13 3 13 14 13 10 6 15 9 14 2 1 10 8 15 10 14 10 5 5 12 11 12 9 16
split_gain=0.98247 5.13277 10.0009 5.62929 4.17064 5.86373 5.8466 6.48981 9.06591 5.50353 5.87602 5.03866 4.86819 4.51484 6.77132 9.33509 7.61654 7.03461 9.36298 6.13483 5.78684 4.97838 4.74403 4.37106 4.30597 4.30119 4.18814 4.54174 4.1844 3.87245
threshold=50.00000000000005 54.54545454545444 -0.17294146174263189 -0.059983901392886362 1.0000000180025095e-35 2.2017917830639782 -0.43005587786869487 1.0107082786254946 0.78183089522384175 -0.17606565770277127 -0.14190388452075756 -1.3612309802498264 0.70571685604854062 -0.20334787480451014 -0.70871588601435886 1.1288888497951961 0.36710604124367313 0.59115881848648399 -0.14763143567142523 -0.78813955857822038 0.12510320009934636 -1.0089036132961999 -0.6061469798067306 61.167800453514907 66.666666666665037 -195.8325000000186 7254.4200000762949 249.31699999980631 -0.88674369635450889 -0.00065588499999999982
decision_type=2 2 2 2 2 2 2 2 2 2 2 2 2 2 2 2 2 2 2 2 2 2 2 2 2 2 2 2 2 2
left_child=-1 2 3 -2 5 11 9 23 -9 10 -6 -3 13 14 17 16 24 18 21 -17 22 -13 25 -8 -16 -15 -25 -28 -12 -22
right_child=1 4 -4 -5 6 -7 7 8 -10 -11 28 12 -14 20 15 19 -18 -19 -20 -21 29 -23 -24 26 -26 -27 27 -29 -30 -31
leaf_value=-0.0021285684669374739 0.089936392379887264 0.031981878008727226 -0.0091905750770401359 0.023451498543070638 -0.019309359879575425 -0.044207330347542984 0.010799132875110763 -0.016317597857627885 0.059918537408252676 -0.047031476749015123 0.1016674872525478 -0.05779321053621516 -0.010154614487680203 -0.056349691040834697 0.010610558116517711 0.013354310758969279 -0.013032199746532714 -0.040983496664484427 0.049620497808120355 0.099707561339192285 0.036692268886395756 0.029675843670527016 -0.041738533971838659 -0.054445175307618443 0.062160805650014833 0.018098957883263822 -0.03843547044094231 0.010367941635376444 0.02911881382855195 0.0023834694041356928
leaf_weight=315.15842889575288 5.9560671597719193 15.956019710749386 11.965576807036994 6.8402791395783442 5.0296212509274545 6.2417092546820632 6.1019921340048304 12.514811744913461 5.6649006418883792 3.1002972405403844 2.5749253705143955 4.6101254075765636 53.139647125266492 2.4579989016056052 7.3966885991394582 2.9687595218420029 12.473502386361359 8.1337718032300454 9.0938297007232904 6.6952692866325361 10.053251229226587 2.5137538239359873 12.718642553314565 15.608037378638981 8.9554314352571947 9.2069760123267788 12.612637970596554 7.6639087535440913 8.7126342579722351 45.21598257496953
leaf_count=2941 38 116 106 56 43 107 52 90 29 33 14 46 528 31 54 24 86 78 58 34 66 16 113 155 53 76 133 73 54 362
internal_value=-0.000143715 0.0017979 0.0236699 0.0543969 -2.30977e-05 0.00355574 -0.00981886 -0.0175178 0.00743801 0.0140367 0.0256398 0.00496471 0.00276117 0.0075778 0.0175979 0.0306528 0.0163952 -0.00303662 0.0159951 0.0731801 -0.000327431 -0.0269286 -0.0206175 -0.0283233 0.0388427 0.00241142 -0.0349759 -0.0199893 0.0456687 0.0086241
internal_weight=637.335 322.177 24.7619 12.7963 297.415 217.831 79.5838 60.1663 18.1797 19.4175 16.3172 211.59 195.634 142.494 62.8411 38.4897 28.8256 24.3515 16.2177 9.66403 79.6529 7.12388 24.3836 41.9866 16.3521 11.665 35.8846 20.2765 11.2876 55.2692
internal_count=5665 2724 200 94 2524 1848 676 532 119 144 111 1741 1625 1097 449 251 193 198 120 58 648 62 220 413 107 107 361 206 68 428
is_linear=0
shrinkage=0.05


Tree=106
num_leaves=31
num_cat=0
split_feature=16 8 8 15 15 15 4 12 16 10 9 11 11 12 13 13 7 15 1 8 2 6 3 9 13 13 11 5 5 4
split_gain=0.992399 2.85717 4.78248 4.52717 6.40288 3.75662 4.03822 4.56891 5.66052 3.70911 5.3568 8.51676 5.28144 5.39635 5.01733 5.04302 4.8441 4.18621 6.47302 5.13719 4.14246 3.80052 3.74315 3.60805 5.4625 5.69075 4.87527 4.83316 3.97017 3.50546
threshold=-0.00045304499999999996 -0.21794267655355024 1.1111769606565658 -0.70499197362819188 -1.0266943212783224 -2.5132122768413101 48.38709677419358 398.78399999998516 -0.00039949999999999995 -0.5587121696280567 -0.86358193225275459 60624.800000071533 -22978.13499987125 -249.76800000015643 -0.86096309309987118 1.490157766799256 0.40265538150409624 -0.11075850456495993 -0.30780232784840927 -0.34359826771229124 -0.95551243626701898 -0.89191127017018856 -3.109885809684755 -1.0043934163023438 1.5286687790505498 -0.48470565734923238 13453.284999847414 33.333333333332618 61.538461538461867 53.790893015030868
decision_type=2 2 2 2 2 2 2 2 2 2 2 2 2 2 2 2 2 2 2 2 2 2 2 2 2 2 2 2 2 2
left_child=-1 9 3 4 -3 -4 -7 8 -8 10 14 12 -12 20 -2 22 -15 18 -11 -20 -14 -19 -16 24 25 28 27 -25 -5 -27
right_child=1 2 5 23 -6 6 7 -9 -10 17 11 -13 13 16 15 -17 -18 21 19 -21 -22 -23 -24 26 -26 29 -28 -29 -30 -31
leaf_value=-0.0023155798004364145 0.021449843288164152 0.013239531762402163 0.069519718379321846 -0.028117058634891352 0.057840129563935264 0.013523971916973394 0.021246392946657443 0.0008850079175472072 -0.040083269354859945 0.037545841183205919 0.051530634215224497 -0.043306163470017152 0.022379120047014363 0.033513739076600817 0.013784751127917941 0.02507067799734583 -0.031389669747799519 -0.057489995178368183 -0.03331869047784513 0.046829086885676663 -0.047770811823478067 -0.015289101048753681 -0.029658269394766526 0.023869327408457257 -0.043429087830473917 0.030320890901748339 0.0124751997799046 -0.027496781630586432 0.041007819604507119 0.082340357673875611
leaf_weight=287.99932081997395 10.919948101043699 30.585382340475917 1.6644210927188385 6.1874317619949633 10.920059513300655 18.547179008834064 4.6021107267588404 26.333958336152136 20.617612693458796 7.5696418397128609 10.863848340697585 5.7683270629495373 3.354088444262743 19.655704498291023 5.8402260951697818 6.3218122539110473 3.3673838190734378 8.2789657860994357 11.777597470209002 2.4081147778779242 5.6486328095197624 15.003484937362371 32.836944024078548 5.7371609602123526 3.1287938179448238 12.531453977338971 27.211192657239735 22.695145389065146 3.1269800812005997 4.3672173470258704
leaf_count=2746 90 218 9 54 65 139 39 228 189 50 74 58 22 136 56 83 34 84 102 17 59 134 342 42 33 90 211 211 20 30
internal_value=-0.000144668 0.00165261 0.00558905 0.0114384 0.0249739 -0.00472089 -0.0064836 -0.0136816 -0.0288918 -0.0035636 0.0016028 0.0137341 0.0214056 0.0111865 -0.00895328 -0.0163312 0.0240209 -0.0155599 0.000209799 -0.0197131 -0.0216355 -0.0302952 -0.0230984 0.00482794 0.0190152 0.0264685 -0.00265325 -0.017132 -0.00491086 0.0437646
internal_weight=635.87 347.871 198.256 126.491 41.5054 71.7653 70.1009 51.5537 25.2197 149.615 104.577 48.658 42.8897 32.0258 55.9189 44.999 23.0231 45.0378 21.7554 14.1857 9.00272 23.2825 38.6772 84.9854 29.3419 26.2131 55.6435 28.4323 9.31441 16.8987
internal_count=5665 2919 1578 974 283 604 595 456 228 1341 954 383 325 251 571 481 170 387 169 119 81 218 398 691 227 194 464 253 74 120
is_linear=0
shrinkage=0.05


Tree=107
num_leaves=31
num_cat=0
split_feature=12 10 8 4 16 10 16 1 6 7 9 5 10 10 4 8 13 15 2 14 3 4 4 4 15 15 9 15 12 10
split_gain=0.978647 1.60203 1.9076 3.0392 4.11967 2.9629 3.99245 2.51874 2.38201 1.96328 5.06986 2.86687 5.27011 3.89803 2.8585 3.76213 3.72172 2.994 2.47329 3.19733 2.6629 4.40497 2.73007 2.48463 2.35958 1.8889 1.74156 4.89171 4.74781 3.57083
threshold=-3212.7085000001821 -2.9187995414257428 -2.0607346617325715 43.478260869565197 -0.00047477999999999995 -1.2905681050957361 -0.00032849999999999996 -1.5302961906771857 -1.4277268439296167 -1.1898005322084555 -1.9633437346316069 49.999999999999361 0.59115881848648399 0.69532652058453004 50.059101654846309 -0.66859297545593421 -0.4557407482501391 0.19107674671353328 -0.95551243626701898 0.9392928236057454 -1.955969395840315 18.181818181818318 35.653950010385572 28.888888888888932 0.11957485451339518 0.83801435532155344 -1.3496667037034848 1.851616007846469 -376.49549999996083 -2.1906065283590217
decision_type=2 2 2 2 2 2 2 2 2 2 2 2 2 2 2 2 2 2 2 2 2 2 2 2 2 2 2 2 2 2
left_child=-1 -2 3 5 -5 6 8 25 -3 10 24 13 14 18 16 17 -13 -16 20 -20 21 -12 23 -22 -9 -4 27 28 -11 -28
right_child=1 2 7 4 -6 -7 -8 9 -10 26 11 12 -14 -15 15 -17 -18 -19 19 -21 22 -23 -24 -25 -26 -27 29 -29 -30 -31
leaf_value=0.032224222649508243 -0.025420016224245213 -0.0018263494661903837 -0.055447602871964534 0.031265003777042895 -0.047103635347494566 0.080480642773364724 -0.037928691943312033 -0.0038427912292637832 0.061063991072527329 -0.033815221676320173 0.047332846071684802 0.082923637703789202 -0.037486514020570259 0.03585128482194673 -0.04699471342924736 0.042135736925122944 -0.00091890236150077905 0.015918677338307208 -0.050823645179609335 0.0073298846554318139 -0.0087539432264635494 -0.047876046249352176 -0.034558360550660382 0.055273075728549774 0.054988461955272884 0.0001957476915369543 0.04805756353134432 -0.04734651687879101 0.0014718357116612346 0.0018479306279196716
leaf_weight=2.3265841715037814 6.2659795098006716 2.3539746776223183 3.6260942239314309 3.1413027849048376 3.5973180374130598 2.4526649266481408 2.3223825134336948 2.8234385987743726 4.1777467420324683 10.620026622898875 1.4468268770724515 2.980640321969986 6.4888200387358657 2.7304312400519839 4.2133100070059335 3.7961556958034581 2.3808372896164718 3.4309971556067467 13.248522158712154 2.8768530823290339 2.8885266352444869 7.5775023018941283 2.8392501920461655 3.187004785053432 4.3000307437032461 2.6324222702533007 4.2226830311119548 6.3511804649606338 93.077698398847133 420.02793239522725
leaf_count=23 78 24 56 27 39 13 25 36 33 130 13 16 65 22 45 29 26 32 131 25 23 95 27 22 30 31 32 107 881 3529
internal_value=-0.000144528 -0.000263673 -1.17937e-05 0.0160087 -0.010571 0.0318498 0.0183786 -0.000487464 0.0383989 -0.000159136 -0.00821326 -0.0129417 0.000785805 -0.021631 0.0155664 0.00144815 0.0456922 -0.0187573 -0.0262385 -0.0404487 -0.0134649 -0.0326117 0.00591711 0.0248323 0.0316703 -0.0320432 0.000853987 -0.00475089 -0.00214203 0.00230787
internal_weight=634.405 632.079 625.813 18.0454 6.73862 11.3068 8.8541 607.767 6.53172 601.509 67.2091 60.0857 23.2908 36.7949 16.8019 11.4405 5.36148 7.64431 34.0645 16.1254 17.9391 9.02433 8.91478 6.07553 7.12347 6.25852 534.3 110.049 103.698 424.251
internal_count=5665 5642 5564 161 66 95 82 5403 57 5316 637 571 213 358 148 106 42 77 336 156 180 108 72 45 66 87 4679 1118 1011 3561
is_linear=0
shrinkage=0.05


Tree=108
num_leaves=31
num_cat=0
split_feature=11 12 4 10 10 0 12 2 13 3 15 10 12 1 11 4 3 14 8 7 2 5 2 13 11 3 10 10 15 2
split_gain=1.06537 1.29922 1.55847 1.31451 2.0016 3.84218 2.13504 1.48775 4.60622 3.9277 4.08975 3.62661 3.43229 3.37059 3.86851 3.55728 5.35013 3.85187 3.31789 4.15689 3.89792 3.70053 4.78795 4.83296 3.44753 3.06603 2.75275 4.53757 3.31183 3.24387
threshold=-347456.78999984259 -3212.7085000001821 10.154639175257772 -2.9187995414257428 -2.4894838692716816 -1.0000000180025095e-35 -1125.7389999998265 -0.8228766059573015 2.2508966188838673 -1.931876939505212 1.1613211515514636 -1.0827273748495567 446.43300000019377 -0.10736094020561533 -19585.925000190731 42.505060728744958 -1.7803901946196858 -0.2055259670198766 -0.70340193762116121 -0.48728131667116853 -0.55329697076969686 66.666666666666387 0.30364204098758885 0.20498320120918886 -26346.995000004765 -1.0000000180025095e-35 0.011437647261373888 -0.33431083030464553 -2.3418525570974968 -0.97194765512512149
decision_type=2 2 2 2 2 2 2 2 2 2 2 2 2 2 2 2 2 2 2 2 2 2 2 2 2 2 2 2 2 2
left_child=-1 -2 -3 -4 5 6 -5 8 12 10 -9 18 13 15 -15 26 -17 -18 19 21 -21 -11 -23 -24 25 -22 27 28 -6 -30
right_child=1 2 3 4 7 -7 -8 9 -10 11 -12 -13 -14 14 -16 16 17 -19 -20 20 24 22 23 -25 -26 -27 -28 -29 29 -31
leaf_value=-0.037696840154306764 0.038912187755561212 -0.05427321236303121 -0.023472433711240314 0.034180393379749083 -0.054653671778218033 0.06232044131262815 -0.028008880238800379 -0.04639074461375179 -0.053125159674948325 -0.032985047510141079 0.041738385791213049 0.00058905488528855805 -0.030611614406575983 -0.0079468605807160985 0.057980249136560094 -0.038724990056931523 -0.021706899447751941 0.039428865803279131 -0.055187477463972207 0.056393809546825352 -0.013184405661318855 0.068330392186818176 -0.054960286887992253 0.032969455372796851 -0.035196702745157619 0.071514885985166449 0.026318864723832949 -0.039081342935900237 0.012581693691608293 -0.025025812124253671
leaf_weight=1.8828728757798661 2.1345592662692061 1.3278607358224679 5.9325423380359998 2.3216103874146938 2.0543056298047295 3.7501134760677814 3.4032028093934041 8.4116434492170793 3.4194437302649012 19.03504827525467 1.5606758426874865 411.85932562313974 6.2579555502161375 3.3852451276034117 6.4929872881621105 10.602415839210154 4.7078445255756378 5.690851762890814 4.4875272046774617 3.790092982351779 2.214065708220005 2.2967805936932546 3.5218893457204103 2.8092220984399319 4.4416065122932187 2.064961176365613 18.495241620577872 5.4526027273386708 73.427435076795518 6.2196584269404402
leaf_count=46 17 24 72 22 32 26 32 106 112 224 16 3393 80 35 39 121 41 37 64 25 27 16 56 22 54 17 138 52 667 52
internal_value=-0.000142182 -3.02217e-05 -0.000162285 -4.78903e-05 0.000175467 0.0229809 -0.00278897 -0.000177202 0.00422379 -0.00155654 -0.0325985 -0.000878455 0.00559718 0.00725686 0.0353872 0.0050628 -0.013732 0.0117506 -0.0144116 -0.00985684 0.0140593 -0.0206731 0.00648993 -0.0159444 -0.00433977 0.0276895 0.00879886 0.00508088 0.00802819 0.00964492
internal_weight=633.452 631.569 629.434 628.106 622.174 9.47493 5.72481 612.699 146.206 466.493 9.97232 456.521 142.787 136.529 9.87823 126.65 21.0011 10.3987 44.6612 40.1737 12.5107 27.6629 8.62789 6.33111 8.72063 4.27903 105.649 87.154 81.7014 79.6471
internal_count=5665 5619 5602 5578 5506 80 54 5426 1406 4020 122 3898 1294 1214 74 1140 199 78 505 441 123 318 94 78 98 44 941 803 751 719
is_linear=0
shrinkage=0.05


Tree=109
num_leaves=31
num_cat=0
split_feature=11 11 5 4 8 15 15 3 3 15 4 11 15 14 14 13 15 10 10 8 16 10 13 3 4 13 3 9 6 10
split_gain=0.99015 1.07101 3.31679 3.87918 3.37828 3.5025 4.17692 3.34201 6.236 3.08833 2.95669 2.25978 3.85516 3.47918 6.0306 5.10253 5.07598 3.85315 6.90464 4.60683 5.34968 3.82754 3.47453 3.73243 4.04449 3.38591 3.66118 4.36248 4.39612 3.00731
threshold=-347456.78999984259 -124703.96000003813 22.40870032223425 63.157894736842273 -0.43153534171691371 0.71659152918977576 1.7449887855475053 -0.15865836584014523 -2.8609026745591266 -0.90851767014480633 29.411764705882302 -50264.439999938004 -1.4381489055332668 0.42038770379273066 -0.62627435801470466 1.1618871818249248 -0.54103812190808942 -0.12267437682059903 -0.5691547184298732 -0.90002565410878821 -0.00027621499999999996 1.1514338061371232 -0.32284100654350928 -1.0000000180025095e-35 35.653950010385572 0.67180673772174415 0.4117782416069935 -1.0454051161063409 -1.0730868853412339 -1.5897320776742856
decision_type=2 2 2 2 2 2 2 2 2 2 2 2 2 2 2 2 2 2 2 2 2 2 2 2 2 2 2 2 2 2
left_child=-1 2 4 7 5 9 -7 8 -4 -2 -10 12 22 14 17 16 -15 18 19 20 29 -16 23 24 -3 26 27 28 -18 -14
right_child=1 11 3 -5 -6 6 -8 -9 10 -11 -12 -13 13 15 21 -17 25 -19 -20 -21 -22 -23 -24 -25 -26 -27 -28 -29 -30 -31
leaf_value=-0.036858036520120076 0.014050319647524701 0.056120374382306375 0.052634664763004213 -0.048642295687903465 -0.055070949265663208 0.040274433528956752 -0.038591911933119318 0.056404784628363971 0.046006577949221972 -0.055423391633331799 -0.02607948334274296 0.00079100561449987829 -0.0015386871616426218 -0.028963473841835525 -0.04274020375650469 -0.048102013929863754 0.047440088654836905 -0.030129488281486191 0.056304896637212276 -0.046961459021044621 -0.055619698346485259 0.0038393656939038562 -0.01137115103311691 0.077697497676048208 -0.037491511216474212 0.06289097456322279 -0.040981936196686775 0.083295365724657011 -0.044542258962217807 0.061766683528310086
leaf_weight=1.8307750448584545 2.7483448768034577 2.283240020275116 6.1099802535027292 1.8885376974940289 3.1697547985240808 7.0082410089671594 2.2077215183526278 6.4053631694987425 1.7546657677739856 3.8272370435297516 7.5134826870635152 490.54174747876823 3.5441965740174073 5.0483696535229745 24.096181895583872 3.8907077088952056 2.6975361779332188 8.6772696673870069 5.7155462549999383 5.0850749122910193 2.2684013210237026 5.3983688913285723 6.3250766396522513 3.4262320548295957 2.3326061852276325 4.9429472945630542 2.437913104891777 2.5201208889484361 2.5054530445486307 3.9857788998633623
leaf_count=46 42 19 40 18 52 54 35 43 20 58 98 4156 41 47 294 52 25 96 40 73 29 51 70 17 23 28 25 12 25 36
internal_value=-0.000140517 -3.38769e-05 0.0076183 0.0200999 -0.00796422 0.00149127 0.0213817 0.0260596 0.01342 -0.026386 -0.012432 -0.000588965 -0.00755466 -0.0117026 -0.0182576 0.00432035 0.0144413 -0.00218142 0.00959162 -0.00834722 0.0116925 -0.0342148 0.0163546 0.0381609 0.00881385 0.0289489 0.0124374 0.0293 0.00314681 0.0319702
internal_weight=632.187 630.356 42.6333 23.672 18.9613 15.7915 9.21596 21.7835 15.3781 6.57558 9.26815 587.723 97.181 82.8139 58.7708 24.043 20.1523 29.2763 20.599 14.8835 9.79838 29.4946 14.3672 8.04208 4.61585 15.104 10.161 7.72311 5.20299 7.52998
internal_count=5665 5619 460 219 241 189 89 201 158 100 118 5159 1003 874 660 214 162 315 219 179 106 345 129 59 42 115 87 62 50 77
is_linear=0
shrinkage=0.05


Tree=110
num_leaves=31
num_cat=0
split_feature=16 3 6 16 2 6 12 12 14 16 13 2 13 15 15 5 12 13 10 5 11 7 8 10 8 9 8 8 5 2
split_gain=0.981544 2.88663 2.85652 5.90375 4.97816 3.97631 3.95471 5.33888 3.6969 3.46022 3.27821 3.17294 4.19985 3.25504 3.73846 3.08423 4.07802 4.13218 3.00352 3.91168 2.78424 2.77977 2.6902 5.23574 4.5578 3.62775 3.03011 2.99495 2.55639 4.90454
threshold=-0.00028349999999999995 3.8709425066510423 -0.60871250572507696 -0.0002597749999999999 1.8628296847236576 -0.80980920835354231 -261.77200000011356 -192.72899999981743 -1.7950399809794868 -0.00013769499999999999 -1.058726686451599 1.0318202038611488 1.1841675000210221 1.0000000180025095e-35 0.87076299067292906 18.181818181817821 -58.64100000006146 -0.33453947125853889 0.20583505011247219 29.999999999999613 139217.66499996188 -0.22357912189630516 1.0176396233006513 1.929502640932218 0.40553449239036049 -0.93523855088793229 1.282661690583488 -0.70340193762116121 41.309450908348879 0.61368806321745184
decision_type=2 2 2 2 2 2 2 2 2 2 2 2 2 2 2 2 2 2 2 2 2 2 2 2 2 2 2 2 2 2
left_child=1 -1 3 -2 5 9 -4 -8 -9 28 21 12 13 -11 -15 -12 17 -17 19 -7 -3 -10 24 26 27 -26 -24 -18 -5 -30
right_child=2 20 6 4 -6 18 7 8 10 11 15 -13 -14 14 -16 16 22 -19 -20 -21 -22 -23 23 -25 25 -27 -28 -29 29 -31
leaf_value=-0.00088784805085056855 0.045826713564056945 -0.054581598037573668 -0.030804789538327843 -0.034476421253158578 0.067130634448830023 0.00011040803655726978 0.047612182648346268 -0.05130886100503488 0.0036449349958175854 -0.011176442854725755 0.045459357341480315 0.054458929618733193 -0.053266147316849456 0.064510926694656592 -0.00084630082075245637 0.0098008121033948681 0.033694247216748047 -0.055466724241260701 -0.01487927020062879 0.069794032781245671 0.021021306139570019 -0.052226516546287197 -0.060534515644900269 0.02245599366804734 0.092148490263402508 0.025447631749455912 -0.010726720423014261 -0.0090207771594807227 0.022331098542861479 -0.047238270153000264
leaf_weight=449.72504233755171 10.254904786124824 4.6785768195986739 10.876186049543319 12.087605785578484 3.0493849925696841 3.2654786412604135 5.7766730003058901 3.6464153574779621 3.9056273102760315 8.5418146215379398 4.159120211377739 3.257931411266326 3.0041568782180539 4.4271073136478645 4.326027899980545 4.1412485986948013 5.4077641032636086 5.8518775980919511 3.0293225161731234 5.2545561129227281 1.6462954655289648 5.1773082837462407 4.3308249600231674 9.3469620831310731 2.5396694689989081 10.330536328256128 10.353537151589988 17.016266216523963 7.4335141498595458 3.843169167637825
leaf_count=4189 73 71 112 114 20 33 36 45 31 68 26 19 34 27 40 33 35 51 28 36 17 48 36 71 13 63 82 127 54 33
internal_value=-0.000138985 -0.0013596 0.00304858 0.0107038 0.00484913 0.001601 -0.0022932 0.00107802 -0.0020402 -0.00486796 0.000135821 0.00865441 0.00130295 0.0107817 0.0322097 0.00363879 0.00112956 -0.0284192 0.0278823 0.0430863 -0.034903 -0.028202 0.00610692 -0.00679649 0.0148927 0.0386097 -0.0254164 0.00128035 -0.0185019 -0.00137861
internal_weight=630.685 456.05 174.635 71.775 61.5201 58.4707 102.86 91.9838 86.2072 46.9213 82.5607 23.557 20.2991 17.2949 8.75314 73.4778 69.3187 9.99313 11.5494 8.52003 6.32487 9.08294 59.3256 24.0313 35.2942 12.8702 14.6844 22.424 23.3643 11.2767
internal_count=5665 4277 1388 579 506 486 809 697 661 389 616 188 169 135 67 537 511 84 97 69 88 79 427 189 238 76 118 162 201 87
is_linear=0
shrinkage=0.05


Tree=111
num_leaves=31
num_cat=0
split_feature=14 12 15 9 13 13 15 6 9 10 13 9 14 1 2 2 5 1 14 16 8 11 15 15 3 15 1 9 16 12
split_gain=1.00976 4.08774 4.05013 4.0596 3.30119 5.09524 4.22534 4.03183 4.393 6.55547 2.55539 2.28967 2.00437 6.84817 4.63819 5.5138 6.11143 7.46619 4.4693 6.62066 5.26712 5.25037 4.51011 5.20787 8.59052 4.33674 6.01912 5.46494 4.43592 4.27897
threshold=1.2860303016806929 -340.78700000001112 -1.1435836607669312 -1.6021939785981794 1.6995847171817333 -0.10668492683442263 -0.14776840619086709 -0.83073870876925893 0.55053463545984116 1.0475449684842253 -0.70531419502606063 -0.11058944483402235 1.0000000180025095e-35 -0.68999096878987776 -0.30178861274822583 0.18615715512902717 40.000000000000199 -0.029273121228594292 0.161945776063737 -0.00038045499999999998 0.47426160782394083 -6942.2300000190726 1.2440698261012639 -1.0499953410073992 2.0559210184694301 -2.0765254987760917 0.1716478486440686 -1.873707801754924 -0.0002195 296.76799999992369
decision_type=2 2 2 2 2 2 2 2 2 2 2 2 2 2 2 2 2 2 2 2 2 2 2 2 2 2 2 2 2 2
left_child=12 -2 3 -3 5 6 10 -7 11 -10 -4 -9 25 -14 -15 -16 -17 -18 20 22 -19 -22 23 24 -20 26 27 -1 -29 -21
right_child=1 2 4 -5 -6 7 -8 8 9 -11 -12 -13 13 14 15 16 17 18 19 29 21 -23 -24 -25 -26 -27 -28 28 -30 -31
leaf_value=0.061605866097344433 0.020181083854656709 0.047751546681362257 -0.027797730996992912 -0.045087088831758472 -0.053904736568738898 -0.020797363394593208 -0.036793664801901611 0.024126320969914152 -0.056036126400662994 0.049398453958518926 0.036128873073383458 0.067321943026101214 -0.022039477310888605 0.022674620534684255 -0.016135516234243075 0.075860566969657012 -0.057128965943372051 0.068751914751977741 -0.033703835242905725 -0.032868636167503504 0.057340166672843612 -0.021575547194196097 -0.02815608075603664 0.04225324723121629 0.057457940801007183 -0.0026298546811744086 0.055405694019438727 -0.038744641435123656 0.039537181627605528 0.014314103066939841
leaf_weight=2.7317268094047913 12.633386412635444 1.3089108616113652 2.4926105998456478 11.729749237187205 3.1288101254031053 6.1189665216952589 12.732942274771629 7.0551498532295263 3.3210416287183753 2.651178453117609 4.1928722728043786 5.4282515347003955 20.397170692682266 43.114308876916766 27.301534958183765 3.3667025417089453 4.2797315008938304 6.5382449477910987 7.2470624595880491 14.530631663277747 3.479664407670497 5.3454917110502711 4.5448057875037184 17.787684200331572 4.0164978727698326 367.60860090749338 7.8489908054471007 7.051320263184607 2.4344752673059702 7.1794218439608803
leaf_count=32 122 10 26 178 72 53 172 46 40 19 35 28 232 286 215 18 43 34 60 126 21 41 54 111 26 3370 43 81 18 53
internal_value=-0.000136866 -0.00567485 -0.0111045 -0.0357673 -0.00428022 -0.000750894 -0.0198933 0.0143751 0.0260366 -0.00923177 0.0122945 0.0429094 0.000587143 0.00512899 0.00885489 0.00321351 0.00995873 0.00699843 0.010882 0.00425476 0.034739 0.00954007 0.0181613 0.0254073 -0.00119626 -0.0013943 0.0212404 -0.00070867 -0.0186541 -0.0172655
internal_weight=629.598 72.7939 60.1605 13.0387 47.1218 43.993 19.4184 24.5746 18.4556 5.97222 6.68548 12.4834 556.804 169.129 148.732 105.617 78.3159 74.9492 70.6695 55.3061 15.3634 8.82516 33.5961 29.0512 11.2636 387.675 20.0665 12.2175 9.4858 21.7101
internal_count=5665 801 679 188 491 419 233 186 133 59 61 74 4864 1320 1088 802 587 569 526 430 96 62 251 197 86 3544 174 131 99 179
is_linear=0
shrinkage=0.05


Tree=112
num_leaves=31
num_cat=0
split_feature=11 5 10 3 5 13 15 2 12 16 7 1 9 16 11 3 8 11 16 13 11 1 6 9 2 13 7 10 12 5
split_gain=0.991769 3.98521 3.23284 5.8611 8.22263 5.10731 5.51994 4.14804 4.30969 4.01478 3.71947 3.68734 5.02583 4.02511 3.27423 3.26177 4.1774 3.21504 3.48869 3.19205 3.0955 5.53982 3.06919 3.0304 2.8356 3.47468 2.78564 5.0902 2.93634 2.71987
threshold=18309.575000047687 93.749999999999332 0.32293818586422934 1.9824580437660477 96.197223828802876 -0.88123486115187866 -1.2275876618027546 -0.41799528993934493 196.5084999999963 -0.00038699499999999995 -1.0101592242688795 -0.43870312809456952 -0.74119398137897397 -0.00089649999999999984 54753.384999871261 -2.0401718031139109 -0.74288411791978137 39076.144999861725 -0.00052089999999999981 -0.80724440078872617 27578.734999895099 -0.28621263462367658 -0.25543968658981553 1.3690815333827902 0.9488697070041322 -0.81922851573397559 -0.25685775496019675 -0.68008488147715429 27.841000000014905 83.333333333333613
decision_type=2 2 2 2 2 2 2 2 2 2 2 2 2 2 2 2 2 2 2 2 2 2 2 2 2 2 2 2 2 2
left_child=1 23 3 4 7 6 -4 15 9 26 14 -12 -13 -14 -7 16 -2 20 -19 -15 21 -17 -11 -1 -3 -26 -9 -28 -29 -10
right_child=2 24 5 -5 -6 10 -8 8 29 22 11 12 13 19 -16 17 -18 18 -20 -21 -22 -23 -24 -25 25 -27 27 28 -30 -31
leaf_value=-0.00019087301004126235 0.031028392140728403 0.025196401383213579 0.033943556997983342 -0.045781196162642902 0.08772073908114271 0.013686107963378366 -0.037195522183539685 -0.042337341391665645 -0.056069987745830087 0.047553409792941981 0.074451276376323164 0.082327086417088247 0.070485159676521095 0.056955548532590008 -0.057970047402965547 -0.025021354909824246 -0.045391599452479794 0.085116478356856998 0.021287634080013735 0.007397799637720269 -0.043143874373475714 0.067008162254409462 -6.3535283223521046e-05 -0.046277224358554511 0.013716246742355956 -0.052779883158969268 0.057053422757606179 0.015796987289925287 -0.06000528778951128 0.0029825814682338751
leaf_weight=427.45591515582055 2.9477400165051222 2.1004775278270236 3.6676885187625876 7.795736094005405 2.5679045412689439 3.0703297648578873 10.629774212837217 8.2415909050032479 7.6793724372982961 4.6204555034637478 2.620209675282239 2.616752407513558 2.8224842473864546 3.4045195840299121 3.3159084282815456 3.2557460758835077 4.5463291611522463 3.3751276005059507 5.8535123374313072 71.258812924847007 2.6168774981051683 3.2853503264486807 12.646687068045141 3.5969500243663779 2.5244522783905259 8.8575915358960611 2.566091638058424 2.1713047809898844 3.1037753988057375 2.6134929228574038
leaf_count=3919 26 16 25 94 16 25 127 91 69 26 17 18 14 24 36 26 62 26 45 585 24 20 105 37 25 84 18 16 30 19
internal_value=-0.000136637 -0.00141271 0.00295817 -0.00459665 -0.00014308 0.00879468 -0.0189464 -0.0033884 -0.0127934 -0.0040645 0.0132457 0.016084 0.0141748 0.0118732 -0.0235197 0.0124713 -0.0153323 0.0238035 0.0446313 0.00965755 0.00281502 0.0212017 0.0126781 -0.000575444 -0.0281811 -0.0380315 -0.0220401 -0.000706342 -0.0288039 -0.0410758
internal_weight=627.829 444.535 183.294 79.8871 72.0914 103.406 14.2975 69.5235 43.6428 33.3499 89.109 82.7228 80.1026 77.4858 6.38624 25.8807 7.49407 18.3866 9.22864 74.6633 9.15797 6.5411 17.2671 431.053 13.4825 11.382 16.0828 7.84117 5.27508 10.2929
internal_count=5665 4081 1584 713 619 871 152 603 374 286 719 658 641 623 61 229 88 141 71 609 70 46 131 3956 125 109 155 64 46 88
is_linear=0
shrinkage=0.05


Tree=113
num_leaves=31
num_cat=0
split_feature=14 8 11 12 9 10 3 5 13 15 13 9 11 3 11 11 7 1 9 16 11 9 5 15 6 6 13 15 15 11
split_gain=0.959614 1.40056 1.04766 3.95649 3.26639 3.02214 5.56556 7.23481 4.09205 6.76301 3.95637 3.95993 4.35953 4.4811 4.23261 3.53659 3.39617 3.17473 4.45044 3.53627 3.12848 2.96448 3.64114 4.26699 2.9295 2.79218 6.06872 3.58288 8.20907 4.72415
threshold=-2.3678807452017394 0.60060374942461869 18309.575000047687 849.03499999991629 1.2973962346867312 0.32293818586422934 1.9824580437660477 96.197223828802876 -0.88123486115187866 -1.2275876618027546 1.3748769507090948 0.1363236733325669 27578.734999895099 -1.1628091676695502 113441.75499999525 91412.929999947562 -1.0101592242688795 -0.43870312809456952 -0.74119398137897397 -0.00089649999999999984 54753.384999871261 0.45846995843129751 24.999999999999506 1.1415800078263134 0.20212126933524713 0.58435105586371794 -0.81197661290978906 -0.094857080323589846 -0.41457769359681201 60624.800000071533
decision_type=2 2 2 2 2 2 2 2 2 2 2 2 2 2 2 2 2 2 2 2 2 2 2 2 2 2 2 2 2 2
left_child=1 -1 3 4 -2 6 7 10 9 -7 11 12 13 -4 15 21 20 -18 -19 -20 -10 -13 -23 -24 -12 -21 -27 28 -28 -29
right_child=2 -3 5 -5 -6 8 -8 -9 16 -11 24 14 -14 -15 -16 -17 17 18 19 25 -22 22 23 -25 -26 26 27 29 -30 -31
leaf_value=-0.043025614656161101 -3.3236315858116624e-05 0.0060894069755690859 0.038361878741065447 -0.031100092761100713 -0.040390116935233727 0.047066436029034132 -0.045032833454703651 0.081851247565583929 0.013172181584829268 -0.036315672986537074 0.059941120243638714 0.042089455522978235 -0.038641044283917375 -0.036759754548986383 -0.037191328372152006 0.06702735966453037 0.068929841822258711 0.077033468901805013 0.066045053652044286 -0.0047193942311297386 -0.057550305221699932 0.043964478972550756 -0.026709865462236901 0.030173727736540569 0.0057113108386768925 0.097786012890284754 0.013003356996154162 -0.023423061808060131 0.091065201141721758 0.020808054802024776
leaf_weight=3.1385237984359255 423.75597069971263 2.7003060169517994 4.6530894171446562 10.837995286099611 5.0739050135016432 3.1786928921937934 7.5200951751321545 2.6132068792358032 3.0797612033784381 10.350127916783093 3.8207089388743025 4.4923092825338307 16.078616240993142 3.4622670151293296 5.4677193239331237 2.5518942214548579 2.6867791730910531 2.6791771724820128 2.8605882897973052 23.843606699258089 3.1766118705272675 3.4784345068037537 12.840740632265808 4.4355621496215454 7.1519946325570345 2.1722465828061024 20.500018570572141 12.071279407478881 4.0299456194043115 12.075995961204169
leaf_count=107 3799 33 32 123 55 21 93 16 24 127 31 28 138 30 48 16 17 17 14 191 36 25 125 37 72 13 160 114 21 102
internal_value=-0.000135757 -0.0203112 5.39576e-05 -0.00126478 -0.000510738 0.00325251 -0.00412889 0.000200687 0.00889909 -0.0167245 -0.00291724 -0.00817083 -0.0235623 0.00631262 0.00302298 0.0109327 0.0127864 0.0154667 0.0136763 0.0114876 -0.0227365 0.00526277 -0.00270827 -0.0121054 0.0245942 0.00939814 0.0160179 0.012369 0.0258279 -0.00130318
internal_weight=626.778 5.83883 620.939 439.668 428.83 181.271 78.5666 71.0465 102.705 13.5288 68.4333 57.4606 24.194 8.11536 33.2667 27.7989 89.176 82.9196 80.2329 77.5537 6.25637 25.247 20.7547 17.2763 10.9727 74.6931 50.8495 48.6772 24.53 24.1473
internal_count=5665 140 5525 3977 3854 1548 691 598 857 148 582 479 200 62 279 231 709 649 632 615 60 215 187 162 103 601 410 397 181 216
is_linear=0
shrinkage=0.05


Tree=114
num_leaves=31
num_cat=0
split_feature=14 6 15 11 14 11 11 14 9 13 10 15 15 12 10 6 7 12 9 9 13 9 14 9 13 8 15 8 13 5
split_gain=0.968565 2.86251 2.02536 1.7562 1.39103 2.17606 2.35775 1.28362 4.24108 3.89814 4.2834 2.94875 2.68836 2.47497 3.41679 2.96663 3.05166 2.85634 3.17754 2.85542 2.03303 5.01586 6.42771 5.47889 7.28048 6.46281 6.7593 5.18449 5.79818 4.92405
threshold=2.3535989025859609 1.0193933082937765 -0.52815038763417921 -124703.96000003813 2.1390288078389621 -24420.04500007629 34932.400000095375 1.2860303016806929 1.2973962346867312 -0.22236365310767425 0.073265033267981061 -0.48962517083133411 1.3137993056635937 -307.28850000002416 -1.4157688970208664 0.18316812405966768 0.33544374735758725 55.905499999877073 -1.2281299284564675 0.4081515525449097 -0.20845405149366955 0.98157524485463854 -0.39727368289251497 -0.71545633726896762 1.490157766799256 1.40204098677574 -0.094857080323589846 0.40553449239036049 0.67180673772174415 77.288845905867433
decision_type=2 2 2 2 2 2 2 2 2 2 2 2 2 2 2 2 2 2 2 2 2 2 2 2 2 2 2 2 2 2
left_child=4 3 -3 -2 7 -6 -7 20 9 10 11 -9 -13 14 -11 16 17 18 -15 -17 -1 22 23 25 -25 26 -22 -28 -29 -26
right_child=1 2 -4 -5 5 6 -8 8 -10 13 -12 12 -14 15 -16 19 -18 -19 -20 -21 21 -23 -24 24 29 -27 27 28 -30 -31
leaf_value=0.003210032983409797 0.01214425381769502 -0.02549797086497485 0.051597194735599518 -0.04724366961832735 0.053215074215921511 -0.037324742981062607 0.031447800439159811 0.029554472852628123 -0.048734019263193207 -0.011361473181172433 -0.05472584268055513 -0.056361677959488078 0.00806837792493428 0.027413582397984332 0.060841094715992229 0.039249600699254691 -0.050958248866106517 0.047379923402251389 -0.042143551580684308 -0.019582748714030814 -0.032825439731147592 0.013020702894401432 0.0012284206695382291 -0.045416372945590172 -0.028733683195105022 0.048028432040778585 -0.0083798791432246507 -0.0092783504935566447 0.087105629966748685 0.069701743923440071
leaf_weight=313.61115848366171 1.6157145518809555 1.4022503551095726 2.170560042373836 5.4233781276270729 3.1474233791232109 2.2840762455016357 2.7428126968443394 4.2687529753893623 5.6014858670532695 2.6044577732682228 6.2650037053972474 3.2207133248448381 3.2555361986160278 2.6567511651664981 4.4179717842489508 6.742231070995329 4.1027997247874728 2.4318155087530613 4.2983038946986207 2.9713468905538321 22.126788244117051 41.017459206283092 118.58632847573608 24.581136700697247 2.5490987366065374 4.8096610046923152 17.780204864684496 2.8049173187464467 3.5166106447577477 2.5327728651463985
leaf_count=2640 22 26 23 119 24 29 23 33 92 28 92 35 26 22 27 45 44 18 42 31 299 321 991 252 28 36 233 27 22 15
internal_value=-0.000134266 -0.0151112 0.021339 -0.0336121 0.000124193 0.0206125 0.000199501 -0.000151831 -0.00759803 -0.00271988 -0.0218668 -0.00270797 -0.0239734 0.00805539 0.0340628 0.000184274 -0.0149868 0.000735549 -0.0155735 0.021253 0.00055845 -0.00290201 -0.00617923 -0.0170644 -0.0341534 -0.00713241 -0.0128714 0.00544756 0.0443392 0.0203259
internal_weight=625.54 10.6119 3.57281 7.03909 614.928 8.17431 5.02689 606.753 52.8372 47.2357 17.01 10.745 6.47625 30.2257 7.02243 23.2032 13.4897 9.38687 6.95506 9.71358 553.916 240.305 199.288 80.7012 29.663 51.0382 46.2285 24.1017 6.32153 5.08187
internal_count=5665 190 49 141 5475 76 52 5399 535 443 186 94 61 257 55 202 126 82 64 76 4864 2224 1903 912 295 617 581 282 49 43
is_linear=0
shrinkage=0.05


Tree=115
num_leaves=31
num_cat=0
split_feature=9 9 9 12 3 2 2 1 14 15 15 9 15 13 14 15 11 14 5 9 3 10 14 5 13 3 13 13 3 3
split_gain=0.969976 4.22044 3.72681 3.23227 1.94405 1.95309 3.03849 2.24993 2.14728 2.64079 2.98074 2.36929 6.02998 9.7716 11.4685 4.91888 6.76643 4.48343 3.35192 3.041 2.76216 2.71964 6.93311 5.55451 6.57862 9.1542 6.86227 6.28185 6.06909 5.72827
threshold=1.636211860906329 1.7443678351680389 1.5970515714822342 -307.28850000002416 4.5930980759190048 2.2890433634284433 2.5148697932943969 1.4887264043015924 2.3535989025859609 0.82282224698413253 1.8253925758445637 0.98157524485463854 -0.02958808659131263 -0.7812482428676919 1.1237517263611918 1.9802897184456743 46581.53499972821 -0.6679078457516322 67.898305084746042 0.95522311758479728 -0.94712163886287637 0.79911419806899364 -0.38428294672265301 49.999999999999972 -0.18691813435613597 -0.121237712371739 -0.4398550188409362 1.490157766799256 2.2077062305205 -1.6235265502103176
decision_type=2 2 2 2 2 2 2 2 2 2 2 2 2 2 2 2 2 2 2 2 2 2 2 2 2 2 2 2 2 2
left_child=2 -2 4 -3 5 7 -7 8 11 -10 -11 19 13 -13 17 16 20 -15 -19 21 -14 23 -23 -1 25 29 28 -26 -27 -25
right_child=1 3 -4 -5 -6 6 -8 -9 9 10 -12 12 15 14 -16 -17 -18 18 -20 -21 -22 22 -24 24 27 26 -28 -29 -30 -31
leaf_value=-0.0030793379698814123 -0.043164518003218334 -0.055422480822141844 0.056985209893745795 0.003767695854992521 -0.044617454048373598 0.050939352459829716 -0.0056610288416389636 -0.038503807850247034 -0.053725584680044569 0.041738229137756128 -0.05290765654228468 -0.019415309886988863 -0.0016475967575719003 0.082634286732097953 -0.029266970886396862 0.042286211190902992 0.029744732659013198 0.064649912601231846 0.004370784605992579 -0.058829220696580177 -0.04902324578972897 -0.022876808388296685 0.0027064515064444813 0.0022595013277083432 -0.010975081332146211 -0.015589722602286771 0.040755087304116616 0.026020752873501099 0.045532984525047386 0.04688246250115663
leaf_weight=236.00459952559322 6.9181256983429185 2.4824380930513135 2.8949219398200503 32.538717092946172 2.418963659554719 4.7697356268763524 4.7151908054947853 3.7836277997121206 4.0605983715504399 2.1698055919259791 1.3491142764687536 9.1978386938571912 4.2974394485354468 9.597759182564916 4.6119988709688178 3.9818153306841841 5.3749958071857682 4.5100240372121352 4.7195822820067406 2.2292636856436721 10.83051573485136 43.127981592901051 68.614403894171119 9.4784810282289964 50.714819294400513 30.04275619238615 9.4363462664186937 14.829316576011477 4.6960611641407004 29.813178516924381
leaf_count=2272 88 37 22 315 31 32 41 37 88 23 40 77 32 54 53 29 44 25 33 20 119 391 570 77 434 276 69 121 36 179
internal_value=-0.000133509 -0.00747758 0.000395463 -0.000427938 0.000112706 0.000300242 0.0228019 -7.58581e-05 0.00018208 -0.0262514 0.00545206 0.000542356 0.0101883 0.024259 0.0413973 -0.00856752 -0.0184437 0.0587074 0.033826 -0.000561865 -0.0355651 -0.000300383 -0.00716764 0.00169269 0.00925066 0.0185604 0.00294388 -0.0026048 -0.00732704 0.0361179
internal_weight=624.21 41.9393 582.271 35.0212 579.376 576.957 9.48493 567.472 563.689 7.57952 3.51892 556.109 57.122 32.6372 23.4394 24.4848 20.503 18.8274 9.22961 498.987 15.128 496.758 111.742 385.016 149.011 83.4668 44.1752 65.5441 34.7388 39.2917
internal_count=5665 440 5225 352 5203 5172 73 5099 5062 151 63 4911 466 242 165 224 195 112 58 4445 151 4425 961 3464 1192 637 381 555 312 256
is_linear=0
shrinkage=0.05


Tree=116
num_leaves=31
num_cat=0
split_feature=9 12 9 9 5 3 9 10 12 8 1 3 2 7 4 1 12 4 12 8 10 8 8 11 3 4 16 6 12 16
split_gain=0.977716 1.3151 1.15241 3.86716 3.46565 4.84775 3.30569 2.28095 4.55922 1.94153 1.89637 1.80327 1.91976 2.53726 2.9513 2.33412 4.7596 3.01279 2.31468 3.79575 4.87427 3.66701 4.3165 3.48163 3.4454 3.70127 5.56182 5.89109 4.61368 4.41364
threshold=2.7661395027004541 2714.2645000002817 2.0467454209154514 1.636211860906329 84.210526315789153 2.025848554588086 1.5970515714822342 2.3469812395319916 359.98350000008946 1.2277214110281791 0.2918422490940536 4.5930980759190048 2.2890433634284433 0.81139749950580797 73.420398009950375 1.160523061290585 407.07200000016024 66.920133742373579 244.10899999993856 0.97394014820134334 1.0028385477324715 0.75317091985280793 0.72204882164405892 53306.225000023849 2.45422324500603 46.875000000000064 -0.00036118499999999992 0.29281125260612945 107.80300000007266 -0.00030949999999999993
decision_type=2 2 2 2 2 2 2 2 2 2 2 2 2 2 2 2 2 2 2 2 2 2 2 2 2 2 2 2 2 2
left_child=1 2 3 6 -5 -6 11 8 9 10 -4 12 15 -14 -15 18 -17 -18 19 21 -21 22 -1 24 25 29 27 -27 -29 -22
right_child=-2 -3 7 4 5 -7 -8 -9 -10 -11 -12 -13 13 14 -16 16 17 -19 -20 20 23 -23 -24 -25 -26 26 -28 28 -30 -31
leaf_value=0.00060859000019883324 -0.025190730757037191 0.037866346346316998 -0.01076773404640168 -0.039524315656715298 0.056277418608861318 -0.024810738206806807 0.053021272430030235 -0.028312105171136262 0.066781855510415128 -0.038952970158450673 0.037994650586525049 -0.043764603242344283 0.056458928925774282 0.042968732837523053 -0.028099662735577291 -0.05021511940644488 0.027412509014847639 -0.041545396009352809 -0.0070919111034708276 0.027323989202365818 -0.0085447224543700583 -0.017876903664387846 0.04820775995876133 -0.058805023047363625 0.051209597591505202 -0.02743683701695648 -0.05199935985877549 0.085042463485996506 -0.0059046418225630892 0.065053395216535234
leaf_weight=367.22955728694797 3.8688562400639048 2.2872503846883765 3.8288433346897381 11.755534671247007 2.7958082463592273 5.4093496184796095 2.9541867263615122 2.8148092813789836 3.920833282172679 2.1448096092790365 4.1603175261989236 2.3446986433118573 3.4802290052175504 2.5787766613066196 3.3697098642587662 6.8642148245125991 5.393032543361187 2.2426070235669613 88.384973249863833 30.893432825803757 4.3384073711931705 26.941253494471312 4.8255079425871363 2.3689822461456052 3.4438220001757136 6.293180983513599 6.4083611425012306 3.0185952540487051 2.5917629040777683 3.8401702269911819
leaf_count=3351 44 18 33 144 26 68 22 29 28 24 35 31 24 18 30 71 40 23 834 226 38 239 34 23 24 66 61 17 23 21
internal_value=-0.000133571 2.306e-05 -0.00011731 -0.00047982 -0.0221184 0.00281907 0.000265121 0.012771 0.0209989 0.0032855 0.014625 -5.05527e-06 0.000173538 0.0225491 0.00270977 -0.000199814 -0.0200016 0.00715939 0.000321681 0.00173938 0.0131247 -6.3928e-05 0.00122595 -0.000454938 0.00416285 -0.00195333 -0.0144436 0.00577478 0.0430285 0.0260125
internal_weight=622.792 618.923 616.636 599.766 19.9607 8.20516 579.805 16.8696 14.0548 10.134 7.98916 576.851 574.507 9.42872 5.94849 565.078 14.4999 7.63564 550.578 462.193 63.1967 398.996 372.055 32.3033 29.9343 26.4905 18.3119 11.9035 5.61036 8.17858
internal_count=5665 5621 5603 5454 238 94 5216 149 120 92 68 5194 5163 72 48 5091 134 63 4957 4123 499 3624 3385 273 250 226 167 106 40 59
is_linear=0
shrinkage=0.05


Tree=117
num_leaves=31
num_cat=0
split_feature=14 15 8 2 13 12 1 1 4 8 15 11 11 3 15 16 15 16 14 0 13 2 10 9 10 12 3 2 15 12
split_gain=0.949017 1.29598 1.23064 1.03995 4.51554 3.36258 3.4555 3.09889 2.79554 4.35567 3.49232 2.89277 5.76171 4.82294 4.30899 4.08619 4.03291 3.9573 3.5338 4.78461 4.38011 3.94602 3.69068 4.41911 4.48503 4.29113 3.03285 4.27346 2.98383 2.89373
threshold=-2.3678807452017394 1.1415800078263134 0.60060374942461869 -0.8228766059573015 2.2508966188838673 560.64850000012677 -0.10736094020561533 -0.70366143675117032 42.505060728744958 -1.5211610050806061 1.5842419712190743 -28576.374999999996 -42572.194999933236 -0.50469923677973794 0.61965428223538677 -0.00038977999999999994 -1.0657348465828194 -0.00056979999999999986 -0.32890568762051803 -1.0000000180025095e-35 -0.059459944097675445 -1.3438775752018972 0.46319303888455854 -1.2761518650348818 -0.70587247589424895 -727.61149999988254 -1.575150124866181 -1.1347843310426768 0.23513085440273571 33.168500000145293
decision_type=2 2 2 2 2 2 2 2 2 2 2 2 2 2 2 2 2 2 2 2 2 2 2 2 2 2 2 2 2 2
left_child=1 -1 -3 4 5 6 8 -5 10 -10 11 12 18 14 16 17 -13 -14 22 20 21 -20 23 24 25 -2 -18 -28 29 -27
right_child=3 2 -4 7 -6 -7 -8 -9 9 -11 -12 13 15 -15 -16 -17 26 -19 19 -21 -22 -23 -24 -25 -26 28 27 -29 -30 -31
leaf_value=-0.040542349193684955 -0.019766642636199511 -0.026977795300776947 0.045336338731489172 -0.030049826879428271 -0.052858901819775775 -0.045067659294736023 0.034995516814262904 -0.00055625620332226309 0.020767993983351177 -0.026429460892548013 -0.020359796178354223 -0.033221027055612876 0.016665214290421917 0.054392236005829722 -0.037223041722582319 0.0081788485537247751 0.028759636372139581 0.086055753226142395 -0.055985046713689014 -0.03611976751436425 0.02995475790628703 0.03692965845319264 0.074450459473204736 -0.03524561341033397 -0.030706830452697564 0.0034087391523685683 0.025404980298227405 -0.049527383061124378 0.066542339576152479 0.067814611739307931
leaf_weight=3.3302398817613712 3.2715541403740671 1.2193584092892709 1.1368641667068002 9.0853964025154692 3.4638235727325073 3.297149594873189 9.6005615759640914 451.53340511675924 7.0514419283717897 15.934933668002484 10.507010268513111 5.8458503913134328 3.0366161055862895 3.5583205074071875 8.6923730410635454 5.145059220492846 12.788154006004335 6.3538109995424739 3.5756780728697777 8.4220625124871713 10.139849970117211 1.6793844178318984 2.8277704939246169 3.8363384176045647 3.3216036651283529 5.8159522954374534 3.9061467796564102 3.7098904177546528 7.2972792703658333 2.4909576065838337
leaf_count=97 41 35 8 95 112 48 69 3918 59 162 143 62 27 19 80 34 92 39 49 102 92 12 17 43 30 59 26 27 48 20
internal_value=-0.000131889 -0.0204644 0.00791337 5.5749e-05 0.00359026 0.00487574 0.00598234 -0.001138 0.00398143 -0.0119509 0.00713253 0.009865 0.0161249 -0.00106335 -0.0067106 0.0439936 0.00339321 0.0636167 0.00843506 -0.00582071 0.0107549 -0.0262919 0.0201992 0.0143064 0.0228704 0.0322985 0.0138833 -0.0110957 0.0432144 0.0227219
internal_weight=621.875 5.68646 2.35622 616.188 155.57 152.106 148.809 460.619 139.208 22.9864 116.222 105.715 67.2139 38.5007 34.9424 14.5355 26.25 9.39043 52.6784 23.817 15.3949 5.25506 28.8615 26.0337 22.1973 18.8757 20.4042 7.61604 15.6042 8.30691
internal_count=5665 140 43 5525 1512 1400 1352 4013 1283 221 1062 919 613 306 287 100 207 66 513 255 153 61 258 241 198 168 145 53 127 79
is_linear=0
shrinkage=0.05


Tree=118
num_leaves=31
num_cat=0
split_feature=9 12 9 9 5 3 6 9 10 12 8 12 3 2 2 1 12 15 12 2 13 8 10 8 8 0 3 2 8 2
split_gain=0.890936 1.17344 1.05023 3.53881 3.28976 3.47951 3.19331 2.92407 2.07022 4.0176 1.78627 1.83122 1.6787 1.72425 2.39808 2.14285 4.50586 2.99641 2.05237 3.60539 3.13066 2.47387 4.41018 3.67833 4.72942 3.39087 5.66346 5.24867 4.86955 3.90217
threshold=2.7661395027004541 2714.2645000002817 2.0467454209154514 1.636211860906329 66.66666666666741 1.9824580437660477 1.0875518904644665 1.5970515714822342 2.3469812395319916 359.98350000008946 1.2277214110281791 20.489000000059608 4.5930980759190048 2.2890433634284433 2.5148697932943969 1.160523061290585 407.07200000016024 0.040501125309075618 244.10899999993856 1.8884698368589654 -0.92388466335696851 0.97394014820134334 1.0028385477324715 0.75317091985280793 0.72204882164405892 1.0000000180025095e-35 -2.2508966588663433 0.38412023886548902 1.3521610885914603 -0.41799528993934493
decision_type=2 2 2 2 2 2 2 2 2 2 2 2 2 2 2 2 2 2 2 2 2 2 2 2 2 2 2 2 2 2
left_child=1 2 3 7 -5 6 -6 12 9 10 11 -4 13 15 -15 18 -17 -18 19 21 -20 23 25 24 -1 26 -23 -28 -29 -27
right_child=-2 -3 8 4 5 -7 -8 -9 -10 -11 -12 -13 -14 14 -16 16 17 -19 20 -21 -22 22 -24 -25 -26 29 27 28 -30 -31
leaf_value=0.00036506848831327097 -0.024233987375498388 0.035465221200911168 -0.0056329065750908656 -0.055943773059782403 -0.023297983212207773 -0.03023509755369945 0.049742640805192639 0.049429867356832038 -0.027394256014283899 0.062433831175978886 -0.038025126845796009 0.043099223354379115 -0.042896430474675479 0.045636874446981779 -0.004662637950178644 -0.049576054108051458 -0.019095265534483659 0.044670892588793164 -0.032562909429889056 0.044725833214898036 -0.0032592078963537235 0.077071272050911938 -0.0028971503047373302 -0.018548349778205856 0.051135099245259774 -0.0014487050899278325 -0.020587085155730326 0.068413521376661318 -0.015765209346947345 0.067567387304694651
leaf_weight=364.65696659171954 3.8101130882278076 2.3260361663997164 4.8103599036112445 5.0895789805799749 2.565836099907755 8.3587197987362725 3.5903048114851117 3.0061956234276286 2.7621948961168519 3.9892722852528086 2.0872194124385706 3.2169258669018745 2.2728879544883958 4.8967680409550649 4.591492660343647 6.6074855863116664 4.5342582110315561 3.1031182184815407 10.328733645379542 4.8034792244434348 77.528527332469821 2.9048693277873125 30.627862507477403 25.731015142053366 4.645484806969761 2.8704785136505961 10.595989625900986 4.3050301969051352 2.8589003290981054 7.1484942995011824
leaf_count=3338 44 18 45 69 28 111 30 22 29 28 24 23 31 32 40 71 41 22 101 33 733 17 265 232 32 20 93 28 25 40
internal_value=-0.000130103 1.87889e-05 -0.000115387 -0.000462642 -0.0213546 -0.00922601 0.0192998 0.000245942 0.0121891 0.0199414 0.00318196 0.0138964 -1.1194e-05 0.000158994 0.0212963 -0.000197075 -0.0193429 0.00681336 0.000299695 0.00163407 -0.00670423 0.00118049 0.010525 -0.00026984 0.00100371 0.0239227 0.0123491 0.00176299 0.0348204 0.047794
internal_weight=620.625 616.814 614.488 597.622 19.6044 14.5149 6.15614 578.018 16.866 14.1038 10.1145 8.02729 575.012 572.739 9.48826 563.251 14.2449 7.63738 549.006 461.149 87.8573 456.345 61.3116 395.033 369.302 30.6838 20.6648 17.7599 7.16393 10.019
internal_count=5665 5621 5603 5454 238 169 58 5216 149 120 92 68 5194 5163 72 5091 134 63 4957 4123 834 4090 488 3602 3370 223 163 146 53 60
is_linear=0
shrinkage=0.05


Tree=119
num_leaves=31
num_cat=0
split_feature=14 4 11 12 9 15 10 3 5 2 12 13 15 16 7 14 1 9 16 3 8 6 7 10 15 13 16 12 15 10
split_gain=0.911408 1.25175 0.945952 3.61306 3.01123 2.68705 2.63583 5.04603 6.23425 3.79954 3.94218 3.56947 6.0053 3.43291 3.04045 3.14094 2.80572 3.6224 2.83093 2.73975 3.71863 3.01707 2.62462 4.22788 2.52488 4.42458 3.01321 2.49869 2.46266 3.47986
threshold=-2.3678807452017394 14.814814814814897 18309.575000047687 849.03499999991629 1.2973962346867312 -0.77674204743974828 0.32293818586422934 1.9824580437660477 96.197223828802876 -0.41799528993934493 196.5084999999963 -0.88123486115187866 -1.2275876618027546 -0.00038699499999999995 -1.0101592242688795 -0.45206026655092052 -0.43870312809456952 -0.74119398137897397 -0.00089649999999999984 -2.0401718031139109 -0.74288411791978137 0.032619798286831252 -0.25685775496019675 -0.68008488147715429 0.023210456271320085 -0.57899333647919426 -0.00049392999999999996 33.168500000145293 0.34547685804802009 1.5455020816576932
decision_type=2 2 2 2 2 2 2 2 2 2 2 2 2 2 2 2 2 2 2 2 2 2 2 2 2 2 2 2 2 2
left_child=1 -1 3 4 -2 -5 7 8 9 19 13 12 -8 22 15 -13 -16 -18 -19 20 -4 -21 -11 -24 26 -26 -23 -25 -14 -30
right_child=2 -3 6 5 -6 -7 11 -9 -10 10 -12 14 28 -15 16 -17 17 18 -20 21 -22 24 23 27 25 -27 -28 -29 29 -31
leaf_value=0.046461870675826196 -3.2621524439841568e-05 -0.02876093830761511 0.029657603151000186 0.0020296322499434396 -0.039526057046496046 -0.050087375776027093 0.043696609112941341 -0.044043879158022964 0.075722309578717784 -0.041001348853246702 -0.03980433546164832 0.014583552296652372 -0.056088727423641141 0.01202497789698093 0.064300639941293078 -0.057284327455757324 0.068802637256038926 0.05927559980581415 0.0088911634051514251 -0.014702822198767561 -0.044454857660228442 0.08623078446446579 0.051882918364845189 0.011951557067819064 0.049731553853692594 -0.042232888826675384 0.026251981870727737 -0.059340270668990364 -0.055111738199160168 0.037255349017110299
leaf_weight=0.62305660080164571 420.35906304512173 4.9216697961091995 2.879549203440547 3.9989787843078375 4.8825818970799437 6.481996580027042 3.1923080198466769 7.0942804720252743 2.6307838298380366 7.7899089064449019 9.7430402152240259 2.9786757156252861 5.8119156379252654 16.912216415628794 2.7376570086926213 3.1051674634218207 2.788459393195807 2.897067390382289 73.978110373020172 4.1037587225437191 4.1059504062868681 3.5284323133528259 2.6076630353927612 2.2625218909233809 2.796289250254631 2.4571731267496935 5.1507565379142717 2.690728023648262 1.8980108201503751 2.2034888435155153
leaf_count=8 3799 132 25 35 55 88 21 93 16 90 85 23 74 131 17 37 17 14 601 36 55 19 18 16 17 28 36 26 29 24
internal_value=-0.000127592 -0.0203082 5.46298e-05 -0.00120088 -0.000486081 -0.0302023 0.00312205 -0.0038712 0.000220115 -0.00274327 -0.0119311 0.00840553 -0.0159473 -0.00351369 0.0120125 -0.0220975 0.0145309 0.0128205 0.0107899 0.012681 -0.0139044 0.0229774 -0.0206329 0.00035251 0.0340759 0.00671753 0.0506357 -0.0267759 -0.0351538 -0.00548846
internal_weight=619.611 5.54473 614.067 435.723 425.242 10.481 178.344 76.7531 69.6588 67.028 42.0061 101.591 13.1057 32.263 88.4851 6.08384 82.4013 79.6636 76.8752 25.0219 6.9855 18.0364 15.3508 7.56091 13.9327 5.25346 8.67919 4.95325 9.91342 4.1015
internal_count=5665 140 5525 3977 3854 123 1548 691 598 582 366 857 148 281 709 60 649 632 615 216 80 136 150 60 100 45 55 42 127 53
is_linear=0
shrinkage=0.05


end of trees

feature_importances:
z_oi=424
z_ls=424
vol_regime=325
pull_ema50=304
z_cvd_20=280
z_btc_20=225
cvd_delta=219
pull_ema21=197
stoch_k=190
btc_cvd_mom=156
z_btc_10=154
funding=153
rsi=146
pull_ema8=130
z_cvd_4=116
z_btc_4=97
macro=60

parameters:
[boosting: gbdt]
[objective: binary]
[metric: binary_logloss]
[tree_learner: serial]
[device_type: cpu]
[data_sample_strategy: bagging]
[data: ]
[valid: ]
[num_iterations: 120]
[learning_rate: 0.05]
[num_leaves: 31]
[num_threads: 1]
[seed: 0]
[deterministic: 0]
[force_col_wise: 0]
[force_row_wise: 0]
[histogram_pool_size: -1]
[max_depth: -1]
[min_data_in_leaf: 20]
[min_sum_hessian_in_leaf: 0.001]
[bagging_fraction: 1]
[pos_bagging_fraction: 1]
[neg_bagging_fraction: 1]
[bagging_freq: 0]
[bagging_seed: 3]
[bagging_by_query: 0]
[feature_fraction: 1]
[feature_fraction_bynode: 1]
[feature_fraction_seed: 2]
[extra_trees: 0]
[extra_seed: 6]
[early_stopping_round: 0]
[early_stopping_min_delta: 0]
[first_metric_only: 0]
[max_delta_step: 0]
[lambda_l1: 0]
[lambda_l2: 0]
[linear_lambda: 0]
[min_gain_to_split: 0]
[drop_rate: 0.1]
[max_drop: 50]
[skip_drop: 0.5]
[xgboost_dart_mode: 0]
[uniform_drop: 0]
[drop_seed: 4]
[top_rate: 0.2]
[other_rate: 0.1]
[min_data_per_group: 100]
[max_cat_threshold: 32]
[cat_l2: 10]
[cat_smooth: 10]
[max_cat_to_onehot: 4]
[top_k: 20]
[monotone_constraints: ]
[monotone_constraints_method: basic]
[monotone_penalty: 0]
[feature_contri: ]
[forcedsplits_filename: ]
[refit_decay_rate: 0.9]
[cegb_tradeoff: 1]
[cegb_penalty_split: 0]
[cegb_penalty_feature_lazy: ]
[cegb_penalty_feature_coupled: ]
[path_smooth: 0]
[interaction_constraints: ]
[verbosity: -1]
[saved_feature_importance_type: 0]
[use_quantized_grad: 0]
[num_grad_quant_bins: 4]
[quant_train_renew_leaf: 0]
[stochastic_rounding: 1]
[linear_tree: 0]
[max_bin: 255]
[max_bin_by_feature: ]
[min_data_in_bin: 3]
[bin_construct_sample_cnt: 200000]
[data_random_seed: 1]
[is_enable_sparse: 1]
[enable_bundle: 1]
[use_missing: 1]
[zero_as_missing: 0]
[feature_pre_filter: 1]
[pre_partition: 0]
[two_round: 0]
[header: 0]
[label_column: ]
[weight_column: ]
[group_column: ]
[ignore_column: ]
[categorical_feature: ]
[forcedbins_filename: ]
[precise_float_parser: 0]
[parser_config_file: ]
[objective_seed: 5]
[num_class: 1]
[is_unbalance: 0]
[scale_pos_weight: 1]
[sigmoid: 1]
[boost_from_average: 1]
[reg_sqrt: 0]
[alpha: 0.9]
[fair_c: 1]
[poisson_max_delta_step: 0.7]
[tweedie_variance_power: 1.5]
[lambdarank_truncation_level: 30]
[lambdarank_norm: 1]
[label_gain: ]
[lambdarank_position_bias_regularization: 0]
[eval_at: ]
[multi_error_top_k: 1]
[auc_mu_weights: ]
[num_machines: 1]
[local_listen_port: 12400]
[time_out: 120]
[machine_list_filename: ]
[machines: ]
[gpu_platform_id: -1]
[gpu_device_id: -1]
[gpu_use_dp: 0]
[num_gpu: 1]

end of parameters

pandas_categorical:[]
