tree
version=v4
num_class=1
num_tree_per_iteration=1
label_index=0
max_feature_idx=48
objective=binary sigmoid:1
feature_names=Candle Buy_Qty Sell_Qty Candle_Delta Agg._Liq_Long Agg._Liq_Short Long/Short_Ratio_(Account) Agg._OI Agg._Funding_Rate RSI Net_Shorts Price_Low Bid_Qty Ask_Qty Bid_USD Ask_USD Delta_Qty Delta_USD Bid_Trades Ask_Trades atr cvd_delta btc_cvd_mom ema_fast ema_slow macro_score z_cvd_4 z_btc_4 z_cvd_10 z_btc_10 z_cvd_20 z_btc_20 vol_regime z_oi z_ls liq_long_5 liq_short_5 z_bid_qty z_ask_qty z_delta_qty z_bid_trades z_ask_trades ema_21 pull_ema8 rsi stoch_k liq_long_5_mean liq_short_5_mean btc_CVD
feature_infos=[304:229786] [143.06500244140625:1879180] [760.87701416015625:2117131.25] [-237951.328125:155831.5625] [0:60299088] [0:7200657] [0:6.2023720741271973] [0:2607724.5] [-0.012128000147640705:0.0083429999649524689] [0:94.040000915527344] [0:1165737.25] [37.450000762939453:334.04998779296875] [0:19797.234375] [0:19566.73828125] [0:1427608.875] [0:1599688] [-10459.2294921875:16292.9306640625] [-1227817.375:700680.0625] [0:1689] [0:2172] [0.071428842842578888:9.8028573989868164] [-521424:143944] [-11334.875:9938.5] [37.530960083007812:329.3546142578125] [38.246269226074219:340.58432006835938] [-27.136001586914062:13.818387031555176] [-1.4995797872543335:1.5] [-1.4990253448486328:1.4992176294326782] [-2.8334677219390869:2.8434548377990723] [-2.828092098236084:2.8266792297363281] [-4.1102652549743652:4.2284302711486816] [-4.1913018226623535:4.0169210433959961] [-2.4125444889068604:7.2021336555480957] [-9.871551513671875:8.5182781219482422] [-6.9073805809020996:5.8594226837158203] [0:62355340] [0:113668456] [-1.7043578624725342:2.8460485935211182] [-1.6957371234893799:2.8304674625396729] [-2.7978594303131104:2.7521345615386963] [-1.966665506362915:2.8382995128631592] [-1.9925833940505981:2.8235747814178467] [35.851699829101562:330.8330078125] [-4.4192838668823242:5.1851720809936523] [0:100] [0:100] [0:4072944] [0:4681431.5] [-2646919.5:465383.28125]
tree_sizes=1247 1355 1378 861 1071 1596 1282 1488 1171 1800 1180 1082 1074 1071 1392 1073 1384 1494 1602 1395 1074 974 1806 1296 1496 1283 976 869 1076 1377 1704 1376 1383 1282 1384 1075 1384 1496 1395 1071 1171 1076 1081 1388 1603 982 1076 1588 1076 1388 1191 1388 1082 1388 1492 1403 973 1285 1391 1182 1085 1394 1291 1392 1398 1082 1393 1290 1296 1083 982 1287 1068 1397 1282 984 977 1086 1267 1482 1613 1085 1094 1399 1087 1396 1377 1086 778 1087 1087 1185 1089 1400 1393 988 1085 781 1089 1096 1395 881 780 1401 986 1411 1395 883 1377 1404 992 1063 1090 1301 777 1719 1296 1300 1407 1094 1103 1607 1085 868 1514 1599 1401 1090 1089 1512 1184 1067 785 988 1299 1502 898 1088 1400 884 989 1403 1084 1082 1091 1617 1298 1504 987 1595 1091 782 1000 1585 1407 1507 897 992 1388 1484 784 1508 785 1189 1726 890 899 781 1206 784 1516 1302 992 1603 1595 1501 989 1306 1199 787 898 1406 1413 986 991 1183 1617 1615 1198 1405 897 990 1194 986 1841 1294 988 1198 1515 1192

Tree=0
num_leaves=11
num_cat=0
split_feature=27 37 11 28 40 1 3 14 30 6
split_gain=63.2492 32.5544 59.0334 53.1766 38.3526 37.1583 36.1607 20.9249 34.563 8.90132
threshold=1.4077156186103823 1.0099819302558901 52.20000076293946 -2.1573681831359859 -0.9134923219680785 7118.0024414062509 10116.619628906252 16519.564453125004 2.345170378684998 2.4614418745040898
decision_type=2 2 2 2 2 2 2 2 2 2
left_child=1 2 4 9 -1 -4 -5 -2 -9 -3
right_child=7 3 5 6 -6 -7 -8 8 -10 -11
leaf_value=-1.4332901487392828 -1.371466896947662 -1.5608533475693647 -1.4905907833702019 -1.4246649677168104 -1.5500836061745538 -1.4572751555412697 -1.5243410881043167 -1.5191506793456144 -1.3979409339032209 -1.4749736534962001
leaf_weight=3.1977315545082083 8.6814630031585711 3.5223970413207999 38.734506845474243 43.241276681423187 12.122323453426359 142.5636795759201 3.6098639369010916 3.1695643067359907 6.7171634435653687 1.5551323294639585
leaf_count=11 16 24 192 140 79 583 21 18 17 7
internal_value=-1.45951 -1.46353 -1.46916 -1.44228 -1.52551 -1.46438 -1.43228 -1.40593 -1.4365 -1.53396
internal_weight=267.115 248.547 196.618 51.9287 15.3201 181.298 46.8511 18.5682 9.88673 5.07753
internal_count=1108 1057 865 192 90 775 161 51 35 31
is_linear=0
shrinkage=1


Tree=1
num_leaves=12
num_cat=0
split_feature=27 39 45 39 10 11 18 33 39 5 45
split_gain=50.6889 33.1813 44.4391 56.7328 42.0316 51.1495 31.8601 28.1398 16.8102 29.4652 3.92692
threshold=1.4077156186103823 0.56859984993934642 21.815180778503422 0.64669740200042736 445770.29687500006 192.85000610351565 2.5000000000000004 -0.65789553523063649 -0.24599144607782361 718.40499877929699 83.773696899414077
decision_type=2 2 2 2 2 2 2 2 2 2 2
left_child=1 4 3 -3 5 -1 -4 -6 9 -2 -10
right_child=8 2 6 -5 7 -7 -8 -9 10 -11 -12
leaf_value=0.037705961097993117 0.0033795539408076869 0.12907996168870589 0 0.0023158654910492341 0.039082236500711048 0.097539563460353709 0.090166575585989409 0.10374353481893034 0.14647250084084684 0.13128499859173673 0.11048387362943513
leaf_weight=132.99041469395161 3.3323768377304104 4.1331959068775204 3.7404801100492469 13.963511049747465 9.0246469825506228 14.324417918920515 60.698793992400169 19.574914753437042 5.9827276766300184 3.2504489123821259 7.4364501535892487
leaf_count=615 18 9 21 77 41 43 195 56 9 6 18
internal_value=0.061051 0.0574651 0.0732369 0.0314339 0.0500482 0.0435444 0.0849301 0.0834444 0.107235 0.0669921 0.126752
internal_weight=278.452 258.45 82.536 18.0967 175.914 147.315 64.4393 28.5996 20.002 6.58283 13.4192
internal_count=1108 1057 302 86 755 658 216 97 51 24 27
is_linear=0
shrinkage=0.03


Tree=2
num_leaves=12
num_cat=0
split_feature=27 39 1 28 14 20 1 27 14 35 14
split_gain=41.727 27.8307 38.4861 33.359 32.7236 32.5125 27.8315 24.7649 13.3173 43.464 6.64115
threshold=1.4077156186103823 0.56859984993934642 7118.0024414062509 -2.1953532695770259 132837.58593750003 0.12107168138027193 48047.945312500007 -1.1687762737274168 16519.564453125004 155.07499694824222 121589.37500000001
decision_type=2 2 2 2 2 2 2 2 2 2 2
left_child=1 2 5 7 -4 -1 -5 -3 -2 -10 -11
right_child=8 3 4 6 -6 -7 -8 -9 9 10 -12
leaf_value=0.086245925197769815 0.12271119014964585 -0.036328372344295902 0.046865662645112549 0.067833672830133904 0.082871516312375798 0.0073377644204039704 0.12123306654030108 0.053648686562707847 0.11958220031475658 -0.036142533881735613 0.041316946496355818
leaf_weight=5.5646360814571372 10.238252788782122 4.2961675524711609 116.21644519269466 64.07552382349968 28.624026328325272 31.015958577394485 10.393278434872625 7.5460314750671369 6.9757563918828946 2.3721187114715576 1.7074601203203199
leaf_count=18 16 28 481 223 90 166 21 30 13 15 7
internal_value=0.0570115 0.0537718 0.0470463 0.0678737 0.054002 0.0194233 0.0753267 0.0207531 0.0976039 0.0740809 -0.0029874
internal_weight=289.026 267.732 181.421 86.311 144.84 36.5806 74.4688 11.8422 21.2936 11.0553 4.07958
internal_count=1108 1057 755 302 571 184 244 58 51 35 22
is_linear=0
shrinkage=0.03


Tree=3
num_leaves=7
num_cat=0
split_feature=27 9 20 1 38 35
split_gain=35.102 23.9828 21.9226 31.0354 11.3825 4.34401
threshold=1.4077156186103823 82.380001068115249 3.4782137870788579 103909.48437500001 0.8592783808708192 996.83502197265636
decision_type=2 2 2 2 2 2
left_child=1 2 3 -1 5 -2
right_child=4 -3 -4 -5 -6 -7
leaf_value=0.04933973512555697 0.11509288456439928 0.10733288604857705 0.10245705363831396 -0.016303378908871947 0.047381216250153693 0.082940964067358888
leaf_weight=256.37271116673946 9.8064760267734581 6.6096159219741812 6.849012315273284 6.5804548412561408 4.772706374526023 7.8742203861474982
leaf_count=990 15 14 16 37 17 19
internal_value=0.0534459 0.0504907 0.0490871 0.0476856 0.0896919 0.100943
internal_weight=298.865 276.412 269.802 262.953 22.4534 17.6807
internal_count=1108 1057 1043 1027 51 34
is_linear=0
shrinkage=0.03


Tree=4
num_leaves=9
num_cat=0
split_feature=27 26 39 45 6 14 35 6
split_gain=30.0493 23.5686 24.6372 35.7378 32.093 10.2873 26.0207 20.8323
threshold=1.4077156186103823 -1.4964368939399717 0.56859984993934642 21.815180778503422 2.8820117712020878 16519.564453125004 1.0000000180025095e-35 2.6766614913940434
decision_type=2 2 2 2 2 2 2 2
left_child=1 -1 4 -4 -3 -2 -7 -8
right_child=5 2 3 -5 -6 6 7 -9
leaf_value=-0.03669702610272102 0.10384232205406593 0.04729658765020478 0.025158563690308576 0.071174729917927435 0.012082191784078879 0.1021728080704338 -0.036815473410830843 0.083379157998740988
leaf_weight=2.9179666042327872 11.43011710047722 163.11022852361202 19.563355714082718 71.563425064086914 27.451043769717216 6.7663100808858854 3.0978164821863174 2.2175294458866119
leaf_count=18 16 616 85 209 129 11 19 5
internal_value=0.0502598 0.0475423 0.0484256 0.0613288 0.0422396 0.083027 0.0630858 0.0127646
internal_weight=308.118 284.606 281.688 91.1268 190.561 23.5118 12.0817 5.31535
internal_count=1108 1057 1039 294 745 51 35 24
is_linear=0
shrinkage=0.03


Tree=5
num_leaves=14
num_cat=0
split_feature=1 41 14 32 16 26 41 3 33 44 42 22 24
split_gain=26.4118 34.3827 31.9048 36.0316 37.26 31.5145 36.3788 27.6005 26.4558 25.3528 20.9602 20.7472 12.7403
threshold=22978.747070312504 -0.81638768315315235 95380.742187500015 1.1067509055137636 -800.68499755859364 1.4832339882850649 -0.72186514735221852 -8905.3872070312482 -0.11155165731906889 79.887542724609389 98.464958190917983 -515.06249999999989 77.827316284179702
decision_type=2 2 2 2 2 2 2 2 2 2 2 2 2
left_child=2 8 3 4 -1 6 -3 -5 10 11 -2 -4 -10
right_child=1 5 9 7 -6 -7 -8 -9 12 -11 -12 -13 -14
leaf_value=-0.037552808612950045 -0.037585817796624572 -0.037763403704504976 0.085493526545388304 0.053480254850571875 0.043224780958978769 -0.037671607191700603 0.056900964831916701 -0.021726444885351196 0.069190874469148733 0.10747451811242398 0.08900319511321475 0.040373453459629505 0.11264160128576076
leaf_weight=5.3521752059459677 2.5902398377656928 3.7919749915599814 12.156511694192885 5.9548917561769512 109.61922918260098 3.5998344719409934 79.045166313648224 16.702924132347107 10.133366063237192 8.4242658466100675 2.1337473541498184 39.980606153607368 17.227297335863113
leaf_count=32 15 22 29 20 407 21 251 91 28 14 5 145 28
internal_value=0.0474053 0.0586656 0.0406563 0.0326228 0.0394383 0.04874 0.0525314 -0.00182833 0.0853118 0.0588635 0.0189573 0.0509514 0.0966587
internal_weight=316.712 118.522 198.191 137.629 114.971 86.437 82.8371 22.6578 32.0847 60.5614 4.72399 52.1371 27.3607
internal_count=1108 370 738 550 439 294 273 111 76 188 20 174 56
is_linear=0
shrinkage=0.03


Tree=6
num_leaves=11
num_cat=0
split_feature=27 1 4 41 24 6 38 39 5 37
split_gain=25.168 19.6852 30.4851 27.6468 21.6987 31.2186 23.4822 9.03424 19.9081 1.77763
threshold=1.4077156186103823 7118.0024414062509 23853.724609375004 -0.70645931363105763 56.325874328613288 2.0937567949295048 -0.79618477821350087 -0.24599144607782361 718.40499877929699 -0.58985686302185047
decision_type=2 2 2 2 2 2 2 2 2 2
left_child=1 2 3 -1 5 -3 -6 8 -2 -9
right_child=7 4 -4 -5 6 -7 -8 9 -10 -11
leaf_value=0.0015374904150716898 -0.0021793460436278292 0.038665531662537007 -0.037725758805928856 0.046178784602341247 0.070727023776965117 -0.03792980388161285 0.044909583795890003 0.095549365478118639 0.092436159477002094 0.073044171260017166
leaf_weight=17.19377164542675 3.803022742271426 21.289555072784427 5.7299632728099814 47.004034370183945 40.104041486978531 6.1425626277923575 162.28808642923832 9.9624178111553228 4.0880517661571503 7.2012214809656117
leaf_count=83 18 78 34 165 109 36 552 12 6 15
internal_value=0.0448121 0.0423743 0.0283272 0.0342695 0.0466353 0.021405 0.0500401 0.0738586 0.046457 0.0862818
internal_weight=324.807 299.752 69.9278 64.1978 229.824 27.4321 202.392 25.0547 7.89107 17.1636
internal_count=1108 1057 282 248 775 114 661 51 24 27
is_linear=0
shrinkage=0.03


Tree=7
num_leaves=13
num_cat=0
split_feature=44 19 39 21 16 33 8 4 4 2 2 20
split_gain=21.9139 37.6885 33.6541 30.1611 26.6781 29.22 26.4762 22.3982 22.0145 17.7357 26.4324 22.7939
threshold=67.467517852783217 16.500000000000004 -0.29553833603858942 -26747.999999999996 -320.07446289062494 1.8018498420715334 -0.0003405000024940818 30639.669921875004 285.07499694824224 8299.6582031250018 21255.831054687504 0.23321451246738437
decision_type=2 2 2 2 2 2 2 2 2 2 2 2
left_child=2 -2 4 6 8 -6 -4 -5 -1 11 -11 -3
right_child=1 9 3 7 5 -7 -8 -9 -10 10 -12 -13
leaf_value=0.0099418586492987949 -0.038390618152891742 0.057185205190243928 0.030947282518307043 0.04276782539329823 -0.03839348087631432 0.077364214340805926 0.086565619417414155 0.011195911356223861 0.056326528661944888 0.079287042010502795 0.045425224204563137 -0.037763121549507887
leaf_weight=22.463056042790413 3.7418254613876334 5.6333664357662183 11.649540081620215 122.30207444727421 11.765023231506346 2.3432028889656058 23.934588745236397 24.554658174514771 15.841918304562567 42.696909859776497 41.615534037351608 3.7824333906173706
leaf_count=98 21 16 42 412 68 6 49 105 49 95 125 22
internal_value=0.0424662 0.0544923 0.0374623 0.043559 0.0161834 -0.0189549 0.0684416 0.0375094 0.0292036 0.0582323 0.0626089 0.0187248
internal_weight=332.324 97.4701 234.854 182.441 52.4132 14.1082 35.5841 146.857 38.305 93.7282 84.3124 9.4158
internal_count=1108 279 829 608 221 74 91 517 147 258 220 38
is_linear=0
shrinkage=0.03


Tree=8
num_leaves=10
num_cat=0
split_feature=27 27 26 14 25 9 12 18 47
split_gain=22.2181 19.2219 18.666 17.9109 16.1773 19.6083 24.9888 16.1457 4.16047
threshold=1.2039761543273928 1.1539479494094851 -1.4964368939399717 89890.621093750015 3.4314432144165044 69.825000762939467 346.11349487304693 455.50000000000006 1624.345642089844
decision_type=2 2 2 2 2 2 2 2 2
left_child=1 2 -1 -4 5 6 -2 -6 -7
right_child=4 -3 3 -5 7 8 -8 -9 -10
leaf_value=-0.037376096089443894 0.072514167052570938 -0.037934063618847318 0.033728106308285578 0.050283665451451326 -0.038403219527855838 0.072891010741055126 0.012180567588238531 0.064718949845963297 0.1040407268279903
leaf_weight=2.8925385326147071 15.529238998889925 2.9986935555934897 199.10711804032326 85.184067815542221 2.8829033374786368 8.2720456123352069 10.481703430414198 2.5774319469928741 9.4596309065818769
leaf_count=17 29 17 707 248 16 14 42 6 12
internal_value=0.040317 0.0371284 0.0379226 0.0386993 0.0590616 0.0651517 0.0483167 0.00972393 0.0896782
internal_weight=339.385 290.182 287.184 284.291 49.203 43.7426 26.0109 5.46034 17.7317
internal_count=1108 989 972 955 119 97 71 22 26
is_linear=0
shrinkage=0.03


Tree=9
num_leaves=16
num_cat=0
split_feature=1 14 28 46 28 17 37 21 31 30 32 9 14 23 6
split_gain=18.9669 23.8571 33.989 27.134 21.7606 35.3323 32.0061 20.7344 20.3301 19.2974 19.5967 18.9752 18.8359 14.4511 8.78302
threshold=22978.747070312504 95380.742187500015 -1.7235744595527647 1201996.1250000002 -2.1573681831359859 17374.019531250004 -0.52110472321510304 -36307.999999999993 1.6642757058143618 -2.1497999429702754 0.10216131061315538 43.520000457763679 1.0000000180025095e-35 104.05623626708986 3.167290568351746
decision_type=2 2 2 2 2 2 2 2 2 2 2 2 2 2 2
left_child=1 2 12 -4 6 13 7 -2 -7 10 -3 -11 -1 -6 -8
right_child=4 9 3 -5 5 8 14 -9 -10 11 -12 -13 -14 -15 -16
leaf_value=0.00076323354847211515 0.080833936235426548 -0.01961634483356825 0.0065182092386762225 0.10033646907723817 0.05809678307496538 0.021964965489428785 -0.039035256114983118 0.0058547283397547972 0.063114104924750336 0.086267702738667726 0.050221184246268744 0.045139533549517455 0.044947196299571231 0.090335175475369622 0.034407646522701237
leaf_weight=10.077009454369543 7.9209484905004501 6.8673837929964048 65.683501780033112 2.9046616852283469 37.312068566679955 35.234915852546692 7.0679418295621854 5.8705708831548709 15.84330505132675 14.084822222590445 7.5463991165161133 38.268238008022308 69.732330530881882 19.749429672956467 1.8067134171724317
leaf_count=44 16 33 282 4 91 127 39 24 38 26 21 108 220 29 6
internal_value=0.0383497 0.0328275 0.0260823 0.0105351 0.0474105 0.05303 0.0204674 0.0491354 0.0347872 0.0477745 0.0167393 0.0562618 0.039406 0.0693073 -0.0237456
internal_weight=345.97 215.164 148.398 68.5882 130.806 108.14 22.6662 13.7915 51.0782 66.7668 14.4138 52.3531 79.8093 57.0615 8.87466
internal_count=1108 738 550 286 370 285 85 40 165 188 54 134 264 120 45
is_linear=0
shrinkage=0.03


Tree=10
num_leaves=10
num_cat=0
split_feature=20 41 42 38 6 34 6 34 35
split_gain=18.7465 36.6843 27.7375 20.8617 29.7999 23.1633 7.92901 5.30776 4.81735
threshold=0.13785743713378909 -0.58657455444335926 44.342651367187507 -0.79618477821350087 2.7067383527755742 -3.0099809169769283 2.4082360267639165 0.61691406369209301 1.0000000180025095e-35
decision_type=2 2 2 2 2 2 2 2 2
left_child=1 7 6 4 -4 -5 -2 -1 -3
right_child=2 8 3 5 -6 -7 -8 -9 -10
leaf_value=-0.038429643154463858 -0.0386065045492043 0.064167507412458163 0.059619005991708045 0.072828722787112471 0.009976232909216981 0.029856572867581692 0.032064483216037908 0.025918844114327245 0.097412415016113002
leaf_weight=2.7252065539360073 5.8591623604297629 7.804628953337672 58.6377874314785 11.966434672474859 13.548256799578665 237.78153401613235 1.8447420001029966 1.9520152062177656 9.9444044232368451
leaf_count=15 33 18 145 23 53 794 6 6 15
internal_value=0.0365424 0.0632463 0.0347165 0.0360662 0.0503433 0.0319276 -0.0212945 -0.0109327 0.0829629
internal_weight=352.064 22.4263 329.638 321.934 72.186 249.748 7.7039 4.67722 17.749
internal_count=1108 54 1054 1015 198 817 39 21 33
is_linear=0
shrinkage=0.03


Tree=11
num_leaves=9
num_cat=0
split_feature=27 26 10 10 31 14 35 6
split_gain=19.4948 17.4012 16.5717 28.3512 17.2792 6.97397 18.1851 16.4223
threshold=1.4077156186103823 -1.4964368939399717 346505.70312500006 320353.46875000006 -2.644004106521606 16519.564453125004 1.0000000180025095e-35 2.6766614913940434
decision_type=2 2 2 2 2 2 2 2
left_child=1 -1 3 -3 -4 -2 -7 -8
right_child=5 2 4 -5 -6 6 7 -9
leaf_value=-0.037617651661484841 0.074848807034157555 0.03205297433929289 -0.011257750285945309 -0.0079359629152742014 0.046853580748143227 0.073306633150578351 -0.038630485409941642 0.061334363796427767
leaf_weight=3.0879178196191779 13.570916026830675 213.27614967525005 4.7613495439290991 17.119287744164467 91.989558070898056 8.0847819298505765 3.4306890964508048 2.5922538191080093
leaf_count=18 16 692 21 76 250 11 19 5
internal_value=0.0348561 0.0328087 0.0334826 0.0290686 0.0439628 0.0591756 0.0438861 0.00389594
internal_weight=357.913 330.234 327.146 230.395 96.7509 27.6786 14.1077 6.02294
internal_count=1108 1057 1039 768 271 51 35 24
is_linear=0
shrinkage=0.03


Tree=12
num_leaves=9
num_cat=0
split_feature=27 26 39 45 11 39 43 45
split_gain=17.9896 16.1794 15.8324 25.7157 23.4905 6.75422 13.4039 2.28697
threshold=1.4077156186103823 -1.4964368939399717 0.56859984993934642 21.815180778503422 192.85000610351565 -0.24599144607782361 1.8235928416252138 83.773696899414077
decision_type=2 2 2 2 2 2 2 2
left_child=1 -1 4 -4 -3 6 -2 -7
right_child=5 2 3 -5 -6 7 -8 -9
leaf_value=-0.037281286539054471 -0.0062227519599684436 0.024386674957197919 0.012998840058589702 0.048985374890757417 0.059392191795092482 0.07884029614785279 0.067651319532814835 0.056189013836579697
leaf_weight=3.023282825946807 3.9625144302845019 204.48940134048462 22.884342417120934 85.744766488671303 19.002653315663338 8.7181587666273135 4.8116064518690109 10.62579298019409
leaf_count=18 17 702 85 209 43 9 7 18
internal_value=0.0333028 0.0313489 0.0319827 0.0414319 0.0273765 0.056485 0.0339469 0.0665528
internal_weight=363.263 335.144 332.121 108.629 223.492 28.1181 8.77412 19.344
internal_count=1108 1057 1039 294 745 51 24 27
is_linear=0
shrinkage=0.03


Tree=13
num_leaves=9
num_cat=0
split_feature=27 26 10 10 25 14 35 6
split_gain=16.6177 15.0723 15.01 25.4732 15.0492 6.16448 15.7425 14.9578
threshold=1.4077156186103823 -1.4964368939399717 346505.70312500006 320353.46875000006 -0.29385994374752039 16519.564453125004 1.0000000180025095e-35 2.6766614913940434
decision_type=2 2 2 2 2 2 2 2
left_child=1 -1 3 -3 -4 -2 -7 -8
right_child=5 2 4 -5 -6 6 7 -9
leaf_value=-0.036958426751589564 0.068463766371773413 0.02920597609949999 0.03053927693469 -0.008481996450334121 0.05441142537599393 0.066412489405364941 -0.038596184163185505 0.055978781961149117
leaf_weight=2.9591727107763282 14.029035106301309 219.57593365013599 58.726741477847099 17.291155129671097 41.139437735080719 8.4037110656499845 3.4128648638725272 2.6863925457000732
leaf_count=18 16 692 177 76 94 11 19 5
internal_value=0.0318612 0.0299943 0.0305916 0.0264421 0.0404033 0.0539832 0.039769 0.0025671
internal_weight=368.224 339.692 336.733 236.867 99.8662 28.532 14.503 6.09926
internal_count=1108 1057 1039 768 271 51 35 24
is_linear=0
shrinkage=0.03


Tree=14
num_leaves=12
num_cat=0
split_feature=20 41 2 38 16 26 11 35 44 2 35
split_gain=15.7854 31.5731 25.436 49.9622 28.0182 20.1812 16.5832 34.349 19.2485 4.9247 4.21285
threshold=0.13785743713378909 -0.58657455444335926 8299.6582031250018 -0.34446325898170466 -31.097503662109371 -1.3465088009834287 192.85000610351565 77666.777343750015 46.037277221679695 7739.8439941406259 1.0000000180025095e-35
decision_type=2 2 2 2 2 2 2 2 2 2 2
left_child=1 9 3 4 -2 -5 7 -4 -8 -1 -3
right_child=2 10 6 5 -6 -7 8 -9 -10 -11 -12
leaf_value=-0.039369641673302792 0.057185191323896392 0.054546125633997182 0.035888285041631843 0.040568384685395253 -0.0031193075181867569 -0.040148387566334355 -0.039824388814733269 0.010811916978776186 0.060818927658807399 0.021426432562612698 0.084469791875211628
leaf_weight=2.8486273437738445 18.077182486653331 8.3792136907577532 206.14415119588375 3.2937512844800976 11.101060584187506 17.141843110322952 1.7927392125129724 65.050023302435875 26.243566185235977 2.0042675882577896 10.772579997777937
leaf_count=15 45 18 570 9 47 91 9 233 50 6 15
internal_value=0.0305151 0.0541897 0.0288774 0.00889922 0.0341391 -0.0269919 0.0321798 0.0298844 0.0542764 -0.0136424 0.0715344
internal_weight=372.849 24.0047 348.844 49.6138 29.1782 20.4356 299.23 271.194 28.0363 4.85289 19.1518
internal_count=1108 54 1054 192 92 100 862 803 59 21 33
is_linear=0
shrinkage=0.03


Tree=15
num_leaves=9
num_cat=0
split_feature=27 9 3 21 11 39 5 35
split_gain=15.3968 14.0148 15.1323 15.3353 13.5766 5.76348 13.9871 1.17145
threshold=1.4077156186103823 82.380001068115249 17328.473632812504 24616.000000000004 192.85000610351565 -0.24599144607782361 718.40499877929699 155.07499694824222
decision_type=2 2 2 2 2 2 2 2
left_child=1 2 4 -4 -1 6 -2 -7
right_child=5 -3 3 -5 -6 7 -8 -9
leaf_value=0.025718310883751209 -0.0093523300947676198 0.065309414239374072 0.04019733842233221 -0.041041154343135558 0.048107182177918331 0.067349199616485556 0.064947156008546045 0.050550137075921785
leaf_weight=303.52746300399303 4.2327166050672549 8.7009938359260541 3.2452387958765012 5.7976551502943039 26.895215541124344 10.461939290165903 4.7932495474815369 9.5725796371698362
leaf_count=946 18 14 8 29 60 11 6 16
internal_value=0.0292478 0.0274777 0.0264992 -0.0115552 0.0275498 0.0503509 0.0297721 0.0594723
internal_weight=377.227 348.167 339.466 9.04289 330.423 29.0605 9.02597 20.0345
internal_count=1108 1057 1043 37 1006 51 24 27
is_linear=0
shrinkage=0.03


Tree=16
num_leaves=12
num_cat=0
split_feature=31 28 19 19 37 0 41 28 32 10 21
split_gain=14.7659 23.2371 26.0236 18.1459 15.3689 17.1253 14.2104 20.9375 8.16037 6.48927 1.21403
threshold=2.0960459709167485 2.2694802284240727 25.500000000000004 18.500000000000004 -1.1363985538482664 191802.50000000003 -0.61756280064582814 1.5316166281700136 2.3074238300323491 322911.68750000006 5220.0000000000009
decision_type=2 2 2 2 2 2 2 2 2 2 2
left_child=1 4 -3 -2 9 -6 10 -8 -4 -1 -5
right_child=3 2 8 6 5 -7 7 -9 -10 -11 -12
leaf_value=-0.04060346174532628 -0.040201987997917236 0.058368071233743983 -0.041097098014235098 0.05852211340135987 0.024610840101495644 0.041165663967911881 -0.017085722596665794 0.048014271791947873 0.024262310043467523 0.023651552215385046 0.078205386682414613
leaf_weight=4.1582084894180289 2.1523400694131842 3.9039082378149059 10.414539396762844 6.4702018648386028 238.00269855558872 74.714334696531296 5.4938187003135708 22.020795956254005 1.9981058090925223 2.0813371241092682 9.8956780433654767
leaf_count=21 11 7 53 11 720 190 23 47 6 7 12
internal_value=0.0280622 0.0258531 -0.00892744 0.0440873 0.0276417 0.0285757 0.0482901 0.0349068 -0.0303343 -0.018689 0.070607
internal_weight=381.306 335.273 16.3166 46.0328 318.957 312.717 43.8805 27.5146 12.4126 6.23955 16.3659
internal_count=1108 1004 66 104 938 910 93 70 59 28 23
is_linear=0
shrinkage=0.03


Tree=17
num_leaves=13
num_cat=0
split_feature=1 41 41 25 31 31 36 19 33 42 31 33
split_gain=14.708 20.4422 24.4889 17.9622 17.7133 28.7142 23.1084 17.3458 17.0827 15.3237 8.56972 8.27692
threshold=22978.747070312504 -0.81638768315315235 -0.72186514735221852 3.9525456428527836 -2.2313586473464961 -1.9608278870582578 285.22000122070318 10.500000000000002 -0.11155165731906889 98.464958190917983 -0.79306635260581959 -1.1949648261070249
decision_type=2 2 2 2 2 2 2 2 2 2 2 2
left_child=4 8 -3 -4 7 -6 -7 -1 9 -2 -10 -9
right_child=1 2 3 -5 5 6 -8 11 10 -11 -12 -13
leaf_value=-0.038724989329003333 -0.041580841666099766 -0.04113660767267667 0.035003531612698896 -0.0051825034070133395 -0.041464909875281911 0.036815703302169982 0.015061841139556199 0.084419061621862287 0.034291991064787815 0.05680512264210287 0.069533603483350914 0.042539917263944023
leaf_weight=1.8787743598222757 3.0251906961202613 4.4442483782768241 89.864944607019424 11.121702939271925 6.6678081154823294 63.273149654269218 146.87272928655148 6.4108327925205275 8.6941532939672452 2.6833877563476562 25.807761490345001 14.413178756833073
leaf_count=10 15 22 229 43 33 167 484 8 22 5 34 36
internal_value=0.0269425 0.0344986 0.0274979 0.0305481 0.0223355 0.0196719 0.021626 0.0476407 0.0527794 0.00414117 0.06074 0.0555768
internal_weight=385.158 145.641 105.431 100.987 239.516 216.814 210.146 22.7028 40.2105 5.70858 34.5019 20.824
internal_count=1108 370 294 272 738 684 651 54 76 20 56 44
is_linear=0
shrinkage=0.03


Tree=18
num_leaves=14
num_cat=0
split_feature=39 43 0 41 39 38 45 1 34 28 8 20 22
split_gain=13.9205 27.2182 23.2771 33.9079 26.8379 21.266 17.9499 17.4292 18.1289 13.9395 8.85755 5.50902 4.60778
threshold=-0.29553833603858942 1.4681979417800906 136011.00000000003 -0.37371657788753504 -0.55906373262405384 0.45555852353572851 3.4388459920883183 22978.747070312504 -3.0099809169769283 -2.1573681831359859 0.00028349999047350144 1.2867856621742251 1118.9375000000002
decision_type=2 2 2 2 2 2 2 2 2 2 2 2 2
left_child=1 2 4 -4 -1 12 11 8 -8 -9 -7 -2 -3
right_child=6 5 3 -5 -6 10 7 9 -10 -11 -12 -13 -14
leaf_value=0.031406833601349445 -0.041388747654865533 -0.041645290355691644 0.019642596395245151 -0.041414118774211611 -0.040783558426730357 0.063955936932509089 0.078805794934561593 0.01650859878002648 0.023108556456528619 0.045819024251347318 0.021280629337933434 0.016413726974349854 0.015767785386715874
leaf_weight=34.960127308964729 4.0812464505434027 2.7018408775329616 15.606024339795111 17.130365163087845 5.3097795248031607 17.495171472430233 5.4731814265251151 18.199534982442856 175.31850479543209 81.759039640426636 6.1521734595298758 2.2415179014205933 2.2593500167131424
leaf_count=98 20 13 52 86 27 28 6 58 523 165 18 7 7
internal_value=0.0258912 0.0162819 0.00651367 -0.0122156 0.0218137 0.0411048 0.0292822 0.0304122 0.0248113 0.0405125 0.0529802 -0.0204224 -0.0148944
internal_weight=388.688 101.615 73.0063 32.7364 40.2699 28.6085 287.073 280.75 180.792 99.9586 23.6473 6.32276 4.96119
internal_count=1108 329 263 138 125 66 779 752 529 223 46 27 20
is_linear=0
shrinkage=0.03


Tree=19
num_leaves=12
num_cat=0
split_feature=26 19 12 39 39 24 44 8 34 33 18
split_gain=13.3648 24.8729 15.4594 21.5233 29.2594 23.0701 14.0223 18.2625 8.59317 6.07136 4.41296
threshold=-1.4733325839042661 16.500000000000004 2017.3010253906252 -0.29553833603858942 -0.87383088469505299 43.807704925537116 78.565227508544936 -0.00030440000409726048 1.8147774934768679 -1.0000000180025095e-35 425.50000000000006
decision_type=2 2 2 2 2 2 2 2 2 2 2
left_child=1 9 3 4 -2 -5 7 -4 -3 -1 -8
right_child=2 8 6 5 -6 -7 10 -9 -10 -11 -12
leaf_value=0.06954018158928886 0.02435302425273517 -0.041292023858772453 0.013094771827088071 -0.040684034699096004 -0.014018426673702976 0.029081189001894655 0.041896592923657681 0.046072934637209927 0.027502403705888152 0.016128849325416875 0.072980374347029239
leaf_weight=3.6150708198547363 44.519057184457779 9.074614539742468 28.448246598243713 4.3171841353178015 29.793446868658066 213.96164029836655 7.4523760825395611 33.024674445390701 1.9385379403829563 4.4762300252914446 11.279551640152929
leaf_count=6 133 46 87 22 127 572 14 69 6 14 12
internal_value=0.0249038 0.000271893 0.026158 0.0229335 0.00892873 0.0276876 0.037884 0.0308602 -0.0289104 0.040363 0.060774
internal_weight=391.901 19.1045 372.796 292.591 74.3125 218.279 80.2048 61.4729 11.0132 8.0913 18.7319
internal_count=1108 72 1036 854 260 594 182 156 52 20 26
is_linear=0
shrinkage=0.03


Tree=20
num_leaves=9
num_cat=0
split_feature=27 26 37 11 45 38 19 13
split_gain=13.1625 12.561 11.9094 25.7319 17.5698 4.84398 1.93949 4.42526
threshold=1.4077156186103823 -1.4964368939399717 1.0099819302558901 52.20000076293946 24.864057540893558 0.8592783808708192 332.00000000000006 281.47399902343756
decision_type=2 2 2 2 2 2 2 2
left_child=1 -1 3 -3 -4 6 7 -2
right_child=5 2 4 -5 -6 -7 -8 -9
leaf_value=-0.037587462156986849 0.05630713121868601 -0.013168751888762624 0.00036963975711809332 0.02247192575949053 0.039491625802670238 0.018472583764193262 0.065799456572433385 0.025051705279831742
leaf_weight=3.0790852904319754 10.960783556103715 19.473843365907669 12.437898173928259 264.18473401665688 65.862230852246284 6.0668105334043494 5.6781896352767935 7.2044160962104788
leaf_count=18 12 84 44 766 145 17 5 17
internal_value=0.0239665 0.0223817 0.0229001 0.0200145 0.0333155 0.0432075 0.0493753 0.0440762
internal_weight=394.948 365.038 361.959 283.659 78.3001 29.9102 23.8434 18.1652
internal_count=1108 1057 1039 850 189 51 34 29
is_linear=0
shrinkage=0.03


Tree=21
num_leaves=8
num_cat=0
split_feature=27 26 9 17 5 38 44
split_gain=12.4322 11.8235 11.0995 13.9999 4.61089 10.6601 15.4445
threshold=1.4077156186103823 -1.4964368939399717 82.380001068115249 267379.67187500006 718.40499877929699 -0.54399794340133656 78.565227508544936
decision_type=2 2 2 2 2 2 2
left_child=1 -1 3 -3 5 -2 -7
right_child=4 2 -4 -5 -6 6 -8
leaf_value=-0.037252441103220825 0.053504703340913631 0.022002560783521724 0.054711319779118125 -0.022152023534552659 0.05497608536936343 -0.041141474836798836 0.043724016431557926
leaf_weight=3.0145495831966391 8.6954804509878176 348.96051056683064 9.2388415038585645 6.5169743448495856 13.572293162345884 3.5369470715522793 4.2283109873533249
leaf_count=18 10 998 14 27 16 18 7
internal_value=0.0230805 0.0215479 0.0220421 0.0211846 0.0417462 0.0306555 0.00468285
internal_weight=397.764 367.731 364.716 355.477 30.033 16.4607 7.76526
internal_count=1108 1057 1039 1025 51 35 25
is_linear=0
shrinkage=0.03


Tree=22
num_leaves=16
num_cat=0
split_feature=1 14 28 32 17 29 6 28 37 14 30 22 9 21 1
split_gain=12.1545 16.7921 25.9618 20.3976 15.5536 35.3009 22.4086 15.3875 22.2647 14.7863 14.4583 22.0037 14.1239 10.2798 9.83317
threshold=22978.747070312504 95380.742187500015 -1.7235744595527647 1.1067509055137636 36829.919921875007 1.2378532290458681 1.8731936216354372 -2.1573681831359859 -0.52110472321510304 1.0000000180025095e-35 -2.1497999429702754 -796.56249999999989 43.520000457763679 -12947.999999999998 26607.244140625004
decision_type=2 2 2 2 2 2 2 2 2 2 2 2 2 2 2
left_child=1 2 9 -4 7 6 -6 8 -2 -1 11 -3 -12 -9 -7
right_child=4 10 3 -5 5 14 -8 13 -10 -11 12 -13 -14 -15 -16
leaf_value=-0.0080099092193172024 0.03557109222844218 0.053932487408711025 0.0072439943495135736 -0.032870250504909597 0.013559611695357032 0.078693730756898617 -0.04290397129048127 0.052340276135922049 -0.025485147045878415 0.028128027286930733 0.060208429373795426 -0.01945353874955116 0.027524671464261453 0.03058080682359279 0.031251125324509473
leaf_weight=11.508795246481894 15.199805155396463 5.4932347685098675 64.885610774159431 13.841215699911116 16.278200715780262 5.4666406512260464 10.305132791399954 41.166965752840042 8.2623823136091215 81.288167685270309 16.66980516910553 11.073812767863272 44.199839860200882 39.160345405340195 15.601393133401869
leaf_count=44 37 10 222 64 49 6 49 70 37 220 26 44 108 86 36
internal_value=0.022238 0.0181292 0.0128633 0.000153274 0.028973 0.0146763 -0.00821586 0.0355079 0.0139418 0.0236138 0.0297545 0.00469842 0.0365248 0.0417697 0.0437037
internal_weight=400.401 248.96 171.524 78.7268 151.441 47.6514 26.5833 103.789 23.4622 92.797 77.4367 16.567 60.8696 80.3273 21.068
internal_count=1108 738 550 286 370 140 98 230 74 264 188 54 134 156 42
is_linear=0
shrinkage=0.03


Tree=23
num_leaves=11
num_cat=0
split_feature=20 41 1 26 40 27 11 38 35 2
split_gain=13.0504 26.6432 19.8522 22.1879 37.0574 21.5603 18.1319 14.7922 3.75505 3.67994
threshold=0.13785743713378909 -0.58657455444335926 7118.0024414062509 -1.3465088009834287 -0.64137154817581166 -0.68961533904075611 44.750000000000007 -0.79618477821350087 1.0000000180025095e-35 7739.8439941406259
decision_type=2 2 2 2 2 2 2 2 2 2
left_child=1 9 3 5 -5 -2 -4 -8 -3 -1
right_child=2 8 6 4 -6 -7 7 -9 -10 -11
leaf_value=-0.040633517042455443 -0.011501231986535436 0.041778597924954079 -0.039935025921315759 0.023037421199142639 -0.031762542518368013 0.04581083637417243 0.037000804261404875 0.020699069355699068 0.068688497459453449 0.010191689652501276
leaf_weight=2.9826960861682918 8.6223935335874575 9.0967659354209918 3.9854817539453498 20.113325521349907 24.728457123041153 18.266788005828857 64.436413362622261 236.57910959422588 11.815433591604231 2.1146703809499741
leaf_count=15 34 18 21 59 112 41 138 649 15 6
internal_value=0.021442 0.0420995 0.0200078 0.00575162 -0.00711567 0.0273213 0.0233508 0.0241986 0.0571262 -0.0189599
internal_weight=402.742 26.0096 376.732 71.731 44.8418 26.8892 305.001 301.016 20.9122 5.09737
internal_count=1108 54 1054 246 171 75 808 787 33 21
is_linear=0
shrinkage=0.03


Tree=24
num_leaves=13
num_cat=0
split_feature=20 41 2 38 4 11 47 14 39 18 27 43
split_gain=12.0756 24.5504 18.4777 24.1913 20.102 13.1497 28.2808 14.1662 8.89882 3.71702 3.49953 10.6449
threshold=0.13785743713378909 -0.58657455444335926 7263.1918945312509 -0.34446325898170466 1.0000000180025095e-35 192.85000610351565 329022.28125000006 12298.939941406252 1.0340884327888491 165.50000000000003 -1.3939511775970457 0.13589149713516238
decision_type=2 2 2 2 2 2 2 2 2 2 2 2
left_child=1 9 3 4 -2 6 -4 -7 -5 -1 -3 -12
right_child=2 10 5 8 -6 7 -8 -9 -10 -11 11 -13
leaf_value=-0.04042847110866063 0.030807485317341485 0.073286840396999009 0.021966716727941801 -0.040416741352769715 -0.040828303728784938 0.052430149791363574 -0.018526363947210984 0.0051395653976073919 0.0055233667202692635 0.010950734770271047 0.0084558294416478812 0.063920615402631178
leaf_weight=2.9575512558221844 21.940980851650242 6.731343597173697 288.14554671943188 12.22543226182461 4.1684224605560294 22.865601316094402 16.325895860791206 7.7883126884698859 5.3467928469181052 2.0893335938453674 4.7873657941818193 9.6810740232467634
leaf_count=15 59 7 769 64 21 36 65 23 17 6 14 12
internal_value=0.0206766 0.0404596 0.019298 0.000873983 0.0192558 0.0216905 0.0197856 0.0405128 -0.0262676 -0.0185638 0.0546525 0.0457756
internal_weight=405.054 26.2467 378.807 43.6816 26.1094 335.125 304.471 30.6539 17.5722 5.04688 21.1998 14.4684
internal_count=1108 54 1054 161 80 893 834 59 81 21 33 26
is_linear=0
shrinkage=0.03


Tree=25
num_leaves=11
num_cat=0
split_feature=27 39 6 47 10 45 39 38 14 30
split_gain=11.942 10.9143 19.5849 20.6699 20.6003 19.0135 30.7017 16.6999 5.17661 11.4168
threshold=1.4077156186103823 0.56859984993934642 2.8820117712020878 1363.3504638671877 445770.29687500006 21.815180778503422 0.64669740200042736 -1.1068127751350401 16519.564453125004 2.345170378684998
decision_type=2 2 2 2 2 2 2 2 2 2
left_child=1 2 4 -4 -1 6 -3 -7 -2 -10
right_child=8 5 3 -5 -6 7 -8 -9 9 -11
leaf_value=0.014255609228431153 0.051187780317120166 0.060445998239891927 -0.043383363766837796 0.0080787902231548529 0.039659569059129499 -0.04296879695193348 -0.015670246455655665 0.033937262886735903 -0.014151817430217178 0.042216054142173026
leaf_weight=183.36207969486713 14.673424959182741 6.306529343128207 9.5777531862258893 26.168022811412811 34.304903090000153 2.5767612904310218 19.515512570738792 95.151867687702179 4.4810483753681174 11.013452619314192
leaf_count=557 16 9 45 85 68 12 77 204 18 17
internal_value=0.0199514 0.0184825 0.0148901 -0.0056261 0.0182731 0.0258264 0.00280348 0.0318788 0.0382071 0.0257207
internal_weight=407.131 376.963 253.413 35.7458 217.667 123.551 25.822 97.7286 30.1679 15.4945
internal_count=1108 1057 755 130 625 302 86 216 51 35
is_linear=0
shrinkage=0.03


Tree=26
num_leaves=8
num_cat=0
split_feature=27 26 20 41 2 14 30
split_gain=11.3612 10.6548 11.4089 28.9192 17.2132 4.89372 10.7082
threshold=1.4077156186103823 -1.4964368939399717 0.13785743713378909 -0.58657455444335926 8675.0659179687518 16519.564453125004 2.345170378684998
decision_type=2 2 2 2 2 2 2
left_child=1 -1 3 -3 -4 -2 -7
right_child=5 2 4 -5 -6 6 -8
leaf_value=-0.037585690499694957 0.049723465756974179 -0.040270049332675438 0.0014705553851221925 0.052652186956056654 0.019790796904008499 -0.013795692552938037 0.040858774629311409
leaf_weight=3.0607666522264472 14.652651324868204 3.5123300701379803 55.071676537394524 19.990173473954201 297.120241984725 4.4591574966907492 11.037530764937399
leaf_count=18 16 18 198 30 793 18 17
internal_value=0.0192669 0.0178407 0.0183003 0.0386378 0.0169346 0.0370835 0.0249384
internal_weight=408.905 378.755 375.694 23.5025 352.192 30.1493 15.4967
internal_count=1108 1057 1039 48 991 51 35
is_linear=0
shrinkage=0.03


Tree=27
num_leaves=7
num_cat=0
split_feature=46 36 36 46 46 32
split_gain=11.0451 14.0308 20.3282 18.0503 16.2747 15.0698
threshold=1201996.1250000002 11529.884277343752 19417.969726562504 156683.67187500003 39473.238281250007 3.1265053749084477
decision_type=2 2 2 2 2 2
left_child=1 3 -3 5 -4 -1
right_child=-2 2 4 -5 -6 -7
leaf_value=0.020809510909457474 0.048438081292556417 -0.04370623836814172 0.035906930577950545 -0.043559739216334721 0.0082026671227125036 0.047495845431524505
leaf_weight=227.339615046978 10.990729227662085 5.9722027927637091 22.88015541434288 3.6820835769176474 118.71232824027538 21.017740547657013
leaf_count=593 17 28 51 17 366 36
internal_value=0.0186104 0.0177826 0.0103974 0.0220945 0.0127006 0.02308
internal_weight=410.595 399.604 147.565 252.039 141.592 248.357
internal_count=1108 1091 445 646 417 629
is_linear=0
shrinkage=0.03


Tree=28
num_leaves=9
num_cat=0
split_feature=27 26 20 41 1 14 35 6
split_gain=10.8408 10.0018 10.4788 26.857 18.3201 4.56909 12.2392 10.8325
threshold=1.4077156186103823 -1.4964368939399717 0.13785743713378909 -0.58657455444335926 7118.0024414062509 16519.564453125004 1.0000000180025095e-35 2.6766614913940434
decision_type=2 2 2 2 2 2 2 2
left_child=1 -1 3 -3 -4 -2 -7 -8
right_child=5 2 4 -5 -6 6 7 -9
leaf_value=-0.037408261072102482 0.047651743793010896 -0.04005718574280822 0.0017449919531412022 0.049728930820299118 0.019055944023768381 0.046774735834981568 -0.04104801772015642 0.036012906267022068
leaf_weight=3.0278577804565421 14.590820401906969 3.4821303486824062 68.551923766732216 20.248803347349167 287.02358222007751 8.8647476434707624 3.721725568175315 2.9150598794221878
leaf_count=18 16 18 237 30 754 11 19 5
internal_value=0.0179704 0.0165911 0.01703 0.0364279 0.015727 0.0353955 0.0236658 -0.0067487
internal_weight=412.427 382.334 379.306 23.7309 355.576 30.0924 15.5015 6.63679
internal_count=1108 1057 1039 48 991 51 35 24
is_linear=0
shrinkage=0.03


Tree=29
num_leaves=12
num_cat=0
split_feature=11 47 14 38 36 26 40 40 26 5 13
split_gain=10.5256 25.9637 15.1764 16.9738 14.7955 14.3605 9.73153 7.21225 4.97221 6.1768 3.9031
threshold=192.85000610351565 329022.28125000006 11568.859863281252 0.035676777362823493 528035.34375000012 -1.4733325839042661 -0.68373051285743702 1.118319094181061 -1.3347263336181638 214956.87500000003 1214.8184814453127
decision_type=2 2 2 2 2 2 2 2 2 2 2
left_child=1 4 8 -4 5 -1 -3 -8 -2 -10 -6
right_child=2 6 3 -5 10 -7 7 -9 9 -11 -12
leaf_value=-0.0092645837721774277 0.061519417609401363 0.018597533815244566 -0.046487752672648194 0.038380747654859375 -0.045243854615371747 0.019778489355461695 -0.043751415495318996 0.015184281337892399 0.0054860975788208642 0.049446548580967059 0.0016920062994787561
leaf_weight=15.896398693323134 10.920177042484282 4.2631312310695675 3.8966383188962919 4.6537396162748337 4.0348206460475913 342.27815882861614 10.552125602960585 2.1860157698392859 4.7920010536909121 7.8729082942008972 2.4390535652637482
leaf_count=62 13 12 17 9 18 891 49 6 13 11 7
internal_value=0.017373 0.0159698 0.0339453 0 0.0176637 0.0184811 -0.0201863 -0.0334018 0.046359 0.0330502 -0.0270972
internal_weight=413.785 381.65 32.1355 8.55038 364.648 358.175 17.0013 12.7381 23.5851 12.6649 6.47387
internal_count=1108 1045 63 26 978 953 67 55 37 24 25
is_linear=0
shrinkage=0.03


Tree=30
num_leaves=15
num_cat=0
split_feature=39 43 0 41 39 19 22 40 18 41 21 6 2 31
split_gain=10.5777 19.7938 19.0711 29.8807 21.707 14.1988 13.8187 12.0308 30.59 19.8563 16.8957 16.4224 7.25435 4.71858
threshold=-0.29553833603858942 1.4681979417800906 136011.00000000003 -0.37371657788753504 -0.55906373262405384 274.50000000000006 1389.5156250000002 -0.7514493167400359 2.5000000000000004 -0.67922997474670399 16392.000000000004 2.7067383527755742 24857.026367187504 1.6642757058143618
decision_type=2 2 2 2 2 2 2 2 2 2 2 2 2 2
left_child=1 2 4 -4 -1 6 -3 10 13 -10 11 -2 -7 -9
right_child=7 5 3 -5 -6 12 -8 8 9 -11 -12 -13 -14 -15
leaf_value=0.02212921585777021 0.038213216886870321 -0.04343519373870202 0.012715415976780916 -0.042905894356389272 -0.041786140677256223 0.057514003310943779 0.031324912989878502 -0.045012326290127025 -0.003766738609136617 0.022200767969167971 -0.025564038432253852 0.0039128203093109987 0.021820408547922741 0.0050388484649508602
leaf_weight=37.600866466760635 69.741269066929817 4.077277749776842 16.771667376160622 17.91246210038662 5.4521194249391547 12.319639489054682 4.8856165707111359 8.1828406304121 30.985045418143272 175.66944934427738 4.7932661771774283 15.566024258732794 9.3732044845819456 2.0064843893051139
leaf_count=98 138 19 52 86 27 15 10 37 102 432 17 47 22 6
internal_value=0.0167875 0.00868126 0.000591264 -0.0159235 0.0139655 0.0290981 -0.00234922 0.0196403 0.0157812 0.0182928 0.0288945 0.0319896 0.0422295 -0.0348618
internal_weight=415.337 108.393 77.7371 34.6841 43.053 30.6557 8.96289 306.944 216.844 206.654 90.1006 85.3073 21.6928 10.1893
internal_count=1108 329 263 138 125 66 29 779 577 534 202 185 37 43
is_linear=0
shrinkage=0.03


Tree=31
num_leaves=12
num_cat=0
split_feature=27 39 45 39 6 40 10 31 39 43 45
split_gain=10.2766 9.9694 17.6675 27.708 17.3388 34.1013 17.7752 16.8896 4.79289 8.5359 1.72731
threshold=1.4077156186103823 0.56859984993934642 21.815180778503422 0.64669740200042736 2.8820117712020878 0.12866124510765078 445770.29687500006 -1.594700753688812 -0.24599144607782361 1.8235928416252138 83.773696899414077
decision_type=2 2 2 2 2 2 2 2 2 2 2
left_child=1 4 3 -3 6 -6 -1 -4 9 -2 -10
right_child=8 2 7 -5 5 -7 -8 -9 10 -11 -12
leaf_value=0.010978119536745136 -0.01580329904874821 0.053792260118976538 0.051423662661997126 -0.017464771647038281 -0.027743792212671523 0.034125709435725737 0.034247913162690248 0.021138944915985409 0.051728121956294934 0.040993670123429631 0.032834754110659205
leaf_weight=188.41771253943443 4.2706530541181582 6.5128894150257137 21.285984665155411 19.970887675881386 24.670795261859894 11.852064847946165 35.266832679510117 78.693627119064331 9.2481888830661791 5.2398495078086853 11.135778695344923
leaf_count=557 17 9 31 77 103 27 68 185 9 7 18
internal_value=0.0162334 0.0149092 0.0218455 0 0.0115265 -0.00758433 0.0146603 0.0276167 0.0332617 0.0151738 0.0415538
internal_weight=416.565 386.671 126.463 26.4838 260.207 36.5229 223.685 99.9796 29.8945 9.5105 20.384
internal_count=1108 1057 302 86 755 130 625 216 51 24 27
is_linear=0
shrinkage=0.03


Tree=32
num_leaves=12
num_cat=0
split_feature=11 36 26 48 14 18 26 26 39 26 4
split_gain=10.1498 22.69 14.342 16.113 14.141 18.7077 13.1408 17.8987 13.0412 4.54063 13.7761
threshold=192.85000610351565 288802.29687500006 -1.4733325839042661 -1740672.7499999998 11568.859863281252 32.500000000000007 -1.2905392646789549 -1.1863676905632017 0.56859984993934642 -1.3347263336181638 157046.26562500003
decision_type=2 2 2 2 2 2 2 2 2 2 2
left_child=1 2 3 -1 9 -6 -3 -8 -4 -2 -11
right_child=4 6 8 -5 5 -7 7 -9 -10 10 -12
leaf_value=0.01715034894302693 0.058212872673793541 -0.043785573457274685 0.013716246195146812 -0.042192801530064772 0.042948437341135508 -0.045624951698436514 0.037448799596491722 -0.018600440588123178 0.026375850340337573 -0.0045099442205614893 0.058092032648243766
leaf_weight=8.654555559158327 11.05789193511009 7.9014924764633205 229.36505568027496 7.7886572033166876 4.3139720708131772 4.26798015832901 7.9292497783899352 14.495459780097004 109.03104950487614 5.4410943686962145 7.291329100728035
leaf_count=25 13 37 637 39 7 19 16 54 237 16 8
internal_value=0.0157094 0.0143392 0.0164712 -0.0107763 0.0319191 -0.000751348 -0.0105075 0.00108447 0.017804 0.0438305 0.031104
internal_weight=417.538 385.166 354.839 16.4432 32.3723 8.58195 30.3262 22.4247 338.396 23.7903 12.7324
internal_count=1108 1045 938 64 63 26 107 70 874 37 24
is_linear=0
shrinkage=0.03


Tree=33
num_leaves=11
num_cat=0
split_feature=27 4 4 34 38 38 27 38 19 13
split_gain=9.88439 9.77501 18.9668 21.7413 15.597 22.2691 11.6786 4.27299 1.73833 2.59102
threshold=1.4077156186103823 169521.71875000003 30639.669921875004 -1.2399184107780454 0.53381174802780162 -0.45854368805885309 -1.2606614232063291 0.8592783808708192 294.00000000000006 239.70999908447268
decision_type=2 2 2 2 2 2 2 2 2 2
left_child=1 2 6 -4 5 -3 -1 8 9 -2
right_child=7 4 3 -5 -6 -7 -8 -9 -10 -11
leaf_value=0.026472843899839504 0.042410944994737639 0.032931895167480012 0.045834154617656594 -0.018401765397368281 0.064693404880768912 -0.026788356164292731 0.011813856845583788 0.0090463810358250869 0.05108915004712835 0.017471155659117357
leaf_weight=61.251343965530396 9.561957612633714 22.673770278692245 5.6051818877458564 30.294218972325325 8.3681311607360822 7.4173314273357418 253.26170015335083 6.1629980504512778 6.9902426749467841 7.0469609647989264
leaf_count=141 11 46 9 117 10 30 704 17 7 16
internal_value=0.0151966 0.0139077 0.0123167 -0.00828867 0.0283249 0.0181114 0.0146782 0.0319375 0.0377885 0.0320099
internal_weight=418.634 388.872 350.412 35.8994 38.4592 30.0911 314.513 29.7622 23.5992 16.6089
internal_count=1108 1057 971 126 86 76 845 51 34 27
is_linear=0
shrinkage=0.03


Tree=34
num_leaves=12
num_cat=0
split_feature=31 28 19 19 42 19 2 41 28 10 47
split_gain=9.85855 18.0457 20.1419 13.8815 12.275 23.0452 17.5687 12.2184 15.8725 6.54376 3.17132
threshold=2.0960459709167485 2.2694802284240727 25.500000000000004 18.500000000000004 68.241760253906264 460.50000000000006 4663.1799316406259 -0.61756280064582814 1.5316166281700136 520386.17187500006 39138.158203125007
decision_type=2 2 2 2 2 2 2 2 2 2 2
left_child=1 4 -3 -2 5 -1 -6 10 -9 -4 -5
right_child=3 2 9 7 6 -7 -8 8 -10 -11 -12
leaf_value=-0.0017953031292038089 -0.043914340521059157 0.040644500429708519 -0.043817263288870693 0.036670706764629295 -0.042522647028487626 0.031449384691911796 0.019212510252221229 -0.024311395734405973 0.030042162311670052 0.012121052140230484 0.063592595767473295
leaf_weight=80.927159830927849 2.3137291669845572 4.1773743629455593 11.263009980320929 8.3548047244548815 4.1912830322980872 24.37766806781292 242.81204901635647 5.9989652335643795 23.931970119476318 2.164554998278617 9.1120830327272397
leaf_count=267 11 7 53 14 20 48 603 23 47 6 9
internal_value=0.0147061 0.0130049 -0.0165573 0.0273047 0.0144907 0.00587223 0.0181528 0.0308445 0.019048 -0.0345765 0.050887
internal_weight=419.625 369.913 17.6049 49.7116 352.308 105.305 247.003 47.3978 29.9309 13.4276 17.4669
internal_count=1108 1004 66 104 938 315 623 93 70 59 23
is_linear=0
shrinkage=0.03


Tree=35
num_leaves=9
num_cat=0
split_feature=46 44 1 16 32 2 1 2
split_gain=9.52258 11.1372 13.5425 21.133 15.9014 11.4547 18.6722 11.6261
threshold=1201996.1250000002 67.467517852783217 25253.763671875004 -159.24699401855466 1.1067509055137636 8299.6582031250018 12658.772460937502 6011.1289062500009
decision_type=2 2 2 2 2 2 2 2
left_child=1 2 4 -4 -1 7 -7 -3
right_child=-2 5 3 -5 -6 6 -8 -9
leaf_value=0.0099065525115672615 0.04165153436141799 0.017148205994270003 -0.0015588208973822577 0.030231146098468345 -0.012147771292533079 0.043912574022453472 0.016234593616020754 -0.041848168846805943
leaf_weight=168.03468051552773 11.202783167362211 7.6845038682222349 27.247165814042091 59.612633720040321 35.559257552027702 31.426180690526962 74.788459718227386 4.911465510725975
leaf_count=484 17 20 88 122 126 52 175 24
internal_value=0.0142351 0.0134773 0.010292 0.0202244 0.00603986 0.0212389 0.024452 -0.0056177
internal_weight=420.467 409.264 290.454 86.8598 203.594 118.811 106.215 12.596
internal_count=1108 1091 820 210 610 271 227 44
is_linear=0
shrinkage=0.03


Tree=36
num_leaves=12
num_cat=0
split_feature=31 28 32 15 41 46 37 0 34 41 47
split_gain=9.30401 16.7846 19.3771 13.0449 11.6727 18.167 11.4746 12.2661 6.17807 5.40159 2.93933
threshold=2.0960459709167485 2.2694802284240727 2.4226145744323735 4308.4299316406259 -0.61756280064582814 39473.238281250007 -1.1363985538482664 191802.50000000003 1.8147774934768679 -0.91796731948852528 39138.158203125007
decision_type=2 2 2 2 2 2 2 2 2 2 2
left_child=1 6 8 -2 10 -6 9 -8 -3 -1 -5
right_child=3 2 -4 4 5 -7 7 -9 -10 -11 -12
leaf_value=-0.043805750208226406 -0.045211617653832734 -0.043479803619445499 0.039701984543616564 0.035190885194685523 0.030217975468754415 -0.026023470428613395 0.011138242838987365 0.024410158583175582 0.010333858228222548 0.011279412599220766 0.061137971575937797
leaf_weight=4.5507182478904724 2.1800532788038245 11.089549735188486 4.157424956560134 8.3507649004459399 23.551952451467518 6.5668960958719245 264.14459019899368 83.009354025125504 2.2186547070741645 2.3577897995710364 9.1432274430990201
leaf_count=21 10 53 7 14 45 26 720 190 6 7 9
internal_value=0.0137794 0.0121322 -0.0165002 0.0260098 0.0293339 0.0178559 0.013553 0.0143204 -0.0342829 -0.0245716 0.0489236
internal_weight=421.321 371.528 17.4656 49.7929 47.6128 30.1188 354.062 347.154 13.3082 6.90851 17.494
internal_count=1108 1004 66 104 94 71 938 910 59 28 23
is_linear=0
shrinkage=0.03


Tree=37
num_leaves=13
num_cat=0
split_feature=11 35 45 9 37 39 2 14 18 22 14 21
split_gain=9.13501 17.0363 15.6826 20.3018 14.1109 20.5663 20.236 12.4145 17.4615 11.8154 4.27192 4.97183
threshold=192.85000610351565 77666.777343750015 15.051067829132082 33.014999389648445 1.0000000180025095e-35 -1.5371479988098142 8299.6582031250018 11568.859863281252 32.500000000000007 -2475.3124999999995 116.22999954223634 -14115.999999999998
decision_type=2 2 2 2 2 2 2 2 2 2 2 2
left_child=1 4 9 -4 5 -1 -6 10 -9 -3 11 -2
right_child=7 2 3 -5 6 -7 -8 8 -10 -11 -12 -13
leaf_value=-0.04351980589623046 -0.0068671697783433744 0.012221233479572819 0.03647935230384209 -0.0020718738949840609 -0.00029199725832230577 0.011620922820999021 0.02836883621574034 0.039917971456626553 -0.04549127521697946 -0.043846469495736083 0.05073878537426342 0.038290230740789653
leaf_weight=6.3097031563520423 3.0477533191442472 4.7781159877777091 15.720496684312819 55.870710283517838 27.559888422489166 159.04472090303898 109.20659978687763 4.3611661195754987 4.250829741358757 11.00490766763687 13.922982931137083 6.9908079952001607
leaf_count=30 9 15 32 178 86 431 222 7 19 51 17 11
internal_value=0.0133418 0.0120521 0.000350041 0.00635157 0.0154265 0.00949868 0.0225714 0.0286705 -0.00189117 -0.0266826 0.0397798 0.0242814
internal_weight=422.069 389.495 87.3742 71.5912 302.121 165.354 136.766 32.5735 8.612 15.783 23.9615 10.0386
internal_count=1108 1045 276 210 769 461 308 63 26 66 37 20
is_linear=0
shrinkage=0.03


Tree=38
num_leaves=12
num_cat=0
split_feature=20 41 23 31 44 2 43 32 27 43 36
split_gain=9.2883 19.2551 14.3492 21.658 27.5241 17.2451 11.5049 9.99465 3.09588 8.86002 2.56493
threshold=0.13785743713378909 -0.58657455444335926 69.315532684326186 2.0960459709167485 15.086122035980226 4663.1799316406259 -2.0089793205261226 -0.53878036141395558 -1.3939511775970457 0.13589149713516238 804.02999877929699
decision_type=2 2 2 2 2 2 2 2 2 2 2
left_child=1 10 3 4 -2 -4 -7 -5 -3 -10 -1
right_child=2 8 5 7 -6 6 -8 -9 9 -11 -12
leaf_value=-0.041569608413445897 0.049533638686040521 0.059035659113362698 -0.042210760117513429 0.070009191702166504 -0.0079417622613038204 -0.016783872479297982 0.017630145519575261 0.019394525102971783 0.00052977469497345129 0.05004027292401516 0.00043852647988087219
leaf_weight=2.8375266194343594 8.1825348138809186 7.0517060905695024 4.5532033741474143 4.4806870222091701 88.944544434547424 8.9546754509210569 262.58238427340984 17.824672058224678 4.9801684767007783 10.101960718631743 2.1702282726764679
leaf_count=14 13 7 22 4 304 32 639 40 14 12 7
internal_value=0.0129219 0.0299703 0.0117445 0.00302535 -0.00306882 0.0155054 0.0164842 0.0296965 0.0420372 0.0338907 -0.0227653
internal_weight=422.664 27.1416 395.523 119.432 97.1271 276.09 271.537 22.3054 22.1338 15.0821 5.00775
internal_count=1108 54 1054 361 317 693 671 44 33 26 21
is_linear=0
shrinkage=0.03


Tree=39
num_leaves=9
num_cat=0
split_feature=27 9 21 10 7 39 5 45
split_gain=9.10701 9.43537 11.5655 9.00296 4.66584 4.62301 9.96397 1.69724
threshold=1.4077156186103823 82.380001068115249 42772.000000000007 346505.70312500006 1558441.9375000002 -0.24599144607782361 718.40499877929699 83.773696899414077
decision_type=2 2 2 2 2 2 2 2
left_child=1 2 3 -1 -4 6 -2 -7
right_child=5 -3 4 -5 -6 7 -8 -9
leaf_value=0.0082872967849415419 -0.020210366120815212 0.04073751100501357 -0.047898135723709816 0.018553339805519736 0.0027575840326048012 0.047203223612397489 0.041141753629276398 0.028325734389567356
leaf_weight=268.69960781931877 4.5976797193288821 9.6339171826839429 4.1762228310108176 108.95713645219803 2.5145945250988007 8.979210317134859 4.868369072675705 10.828287333250044
leaf_count=762 18 14 18 256 7 9 6 18
internal_value=0.0125164 0.0113043 0.0105587 0.0112571 -0.0284119 0.0287269 0.011026 0.0370348
internal_weight=423.255 393.981 384.348 377.657 6.69082 29.2735 9.46605 19.8075
internal_count=1108 1057 1043 1018 25 51 24 27
is_linear=0
shrinkage=0.03


Tree=40
num_leaves=10
num_cat=0
split_feature=20 41 11 48 4 29 8 35 36
split_gain=8.75959 18.1736 13.4289 16.0657 12.4332 23.6101 12.2758 3.00685 2.40739
threshold=0.13785743713378909 -0.58657455444335926 53.299999237060554 1.0000000180025095e-35 169521.71875000003 0.088645949959754958 -0.001011500018648803 1.0000000180025095e-35 804.02999877929699
decision_type=2 2 2 2 2 2 2 2 2
left_child=1 8 4 6 5 -2 -4 -3 -1
right_child=2 7 3 -5 -6 -7 -8 -9 -10
leaf_value=-0.041193826268245776 -0.043601784903575809 0.026978100991351169 0.040454537794829312 -0.045261361173185091 0.039218109711747266 0.0094388548213996965 0.012244027610857086 0.0502691282122859 0
leaf_weight=2.8001497685909298 13.362573876976969 9.554683521389963 14.578424394130705 4.2286466360092154 4.5897379964590064 17.219314604997635 342.75495834648609 12.601193279027937 2.160954013466835
leaf_count=14 63 18 25 19 9 49 889 15 7
internal_value=0.0121244 0.0286895 0.0109846 0.0127089 -0.00665595 -0.0136388 0.0134034 0.0403603 -0.0228266
internal_weight=423.851 27.117 396.734 361.562 35.1716 30.5819 357.333 22.1559 4.9611
internal_count=1108 54 1054 933 121 112 914 33 21
is_linear=0
shrinkage=0.03


Tree=41
num_leaves=9
num_cat=0
split_feature=27 9 21 36 14 35 7 33
split_gain=8.80036 8.82642 10.8792 8.53203 4.51936 14.4876 4.46364 3.44102
threshold=1.4077156186103823 82.380001068115249 42772.000000000007 204.36000061035159 16519.564453125004 155.07499694824222 1558441.9375000002 1.2291136980056765
decision_type=2 2 2 2 2 2 2 2
left_child=1 2 3 -1 -2 -6 -4 -7
right_child=4 -3 6 -5 5 7 -8 -9
leaf_value=0.018351616040965298 0.040303570867801009 0.039020645443057875 -0.047252235871448993 0.0079044807538506106 0.037792824510513211 -0.042586017065333416 0.0023005310707957384 0.0057106661341715407
leaf_weight=94.484189748764038 13.834390923380854 9.6402806937694532 4.1391887664794913 284.58614158630371 9.8628607690334302 3.2727060765027991 2.5215660780668259 2.0672460645437241
leaf_count=230 16 14 18 788 13 16 7 6
internal_value=0.0117448 0.0105618 0.00984276 0.0105164 0.027749 0.0161272 -0.0280426 -0.0233272
internal_weight=424.409 395.371 385.731 379.07 29.0372 15.2028 6.66075 5.33995
internal_count=1108 1057 1043 1018 51 35 25 22
is_linear=0
shrinkage=0.03


Tree=42
num_leaves=9
num_cat=0
split_feature=26 20 40 1 8 11 36 28
split_gain=8.66652 9.03994 12.9953 12.9427 20.1943 12.9893 12.2851 1.79329
threshold=-1.4964368939399717 0.13785743713378909 0.12866124510765078 7118.0024414062509 -0.001011500018648803 44.750000000000007 3876.7399902343755 -1.8099641203880308
decision_type=2 2 2 2 2 2 2 2
left_child=-1 2 6 4 -3 -5 -2 -4
right_child=1 3 7 5 -6 -7 -8 -9
leaf_value=-0.038160122253061632 -0.024521799417136215 0.059932265113416851 0.061970848011814454 -0.041560822993452332 -0.0046286408125140351 0.013901658346439701 0.044641565371398385 0.038179085904310357
leaf_weight=3.1261304765939704 6.1553469002246874 4.6479847580194464 4.5846115350723293 3.820144221186637 70.264515146613121 316.45105290412903 3.69706791639328 12.117298662662504
leaf_count=18 25 5 4 19 236 779 5 17
internal_value=0.0113808 0.0117552 0.0287653 0.0106046 -0.000582879 0.0132307 0.0011269 0.0448895
internal_weight=424.864 421.738 26.5543 395.184 74.9125 320.271 9.85241 16.7019
internal_count=1108 1090 51 1039 241 798 30 21
is_linear=0
shrinkage=0.03


Tree=43
num_leaves=12
num_cat=0
split_feature=11 47 14 18 26 41 26 40 40 28 38
split_gain=8.51326 20.7139 11.5353 16.2974 10.6895 14.4524 9.90842 8.78068 6.24478 4.07831 3.25596
threshold=192.85000610351565 329022.28125000006 11568.859863281252 32.500000000000007 -1.4733325839042661 -0.96772414445877064 -1.4568448066711424 -0.68373051285743702 1.118319094181061 -1.6033088564872739 -0.67747211456298817
decision_type=2 2 2 2 2 2 2 2 2 2 2
left_child=1 4 9 -4 5 -1 -6 -3 -9 10 -2
right_child=2 7 3 -5 6 -7 -8 8 -10 -11 -12
leaf_value=0.028089762752960021 0.024197958155793703 0.013857032870655464 0.03656630432180321 -0.045684082970454787 0.034537723242127498 -0.031918678968174234 0.011230684560954636 -0.044335199309007652 0.0093514547662394577 0.019105417786307168 0.055213576041036161
leaf_weight=5.3107829540967968 4.8309587091207495 4.4240402430295971 4.3998192101716977 4.261642649769783 17.396308287978172 11.093268007040022 341.37335285544395 10.689465239644049 2.2775890231132498 8.4285746961832064 10.729633420705794
leaf_count=13 9 12 7 19 33 49 883 49 6 17 11
internal_value=0.0110297 0.0097932 0.025805 -0.00355646 0.0112822 -0.0123082 0.0123692 -0.022156 -0.0346741 0.0365312 0.0457772
internal_weight=425.215 392.565 32.6506 8.66146 375.174 16.4041 358.77 17.3911 12.9671 23.9892 15.5606
internal_count=1108 1045 63 26 978 62 916 67 55 37 20
is_linear=0
shrinkage=0.03


Tree=44
num_leaves=14
num_cat=0
split_feature=39 9 43 36 30 45 34 40 18 34 43 0 40
split_gain=8.85941 19.7771 27.1869 24.4726 20.7476 13.3035 11.8756 10.8922 26.4466 17.4815 10.211 6.31586 4.41893
threshold=-0.29553833603858942 61.129999160766609 -1.104591906070709 204.36000061035159 -2.1497999429702754 3.4388459920883183 0.41723676025867468 -0.7514493167400359 2.5000000000000004 -2.0216511487960811 1.1804853677749636 112124.50000000001 0.64425897598266613
decision_type=2 2 2 2 2 2 2 2 2 2 2 2 2
left_child=1 2 4 -4 -1 12 10 9 -9 -7 -3 -8 -2
right_child=5 6 3 -5 -6 7 11 8 -10 -11 -12 -13 -14
leaf_value=-0.0041744722038662479 -0.045422756297550521 -0.019329310738165038 0.0049387566998928024 -0.044414691723665162 0.057950354897532898 -0.047538964145278799 0.059155476303429162 -0.037602236932836076 0.012811852815405322 0.025428783645693391 0.016440652900843698 0.020417632948817096 0.003617185569085554
leaf_weight=12.914061158895494 4.4865054786205283 9.5876995176076871 15.21102900803089 21.939371988177299 7.6618428081274024 3.0303649306297293 7.2662567943334571 9.7817409634590131 206.89551065862179 87.674632549285889 28.094385236501694 8.6110309213399869 2.4487489461898804
leaf_count=43 20 35 45 103 11 13 8 41 515 183 65 19 7
internal_value=0.0106893 0.0033788 -0.00876913 -0.0241264 0.0188131 0.013268 0.0165279 0.0142015 0.0105221 0.0229579 0.00725985 0.038335 -0.0276748
internal_weight=425.603 111.286 57.7263 37.1504 20.5759 314.318 53.5594 307.382 216.677 90.705 37.6821 15.8773 6.93525
internal_count=1108 329 202 148 54 779 127 752 556 196 100 27 27
is_linear=0
shrinkage=0.03


Tree=45
num_leaves=8
num_cat=0
split_feature=46 36 36 8 37 46 46
split_gain=8.29413 9.24931 17.4972 23.0767 14.8612 14.8546 12.8875
threshold=1201996.1250000002 11529.884277343752 31677.813476562504 -0.00064549999660812307 -0.9607221484184264 156683.67187500003 67981.226562500015
decision_type=2 2 2 2 2 2 2
left_child=1 5 3 -3 -4 6 -1
right_child=-2 2 4 -5 -6 -7 -8
leaf_value=0.011629406334738071 0.035956454946476278 0.02962338278977919 -0.044121673627872643 -0.045583761899814786 0.0094229794955110729 -0.045555474959052752 0.033379041904099536
leaf_weight=230.0397951155901 11.182774409651755 5.094940364360812 4.8214137107133856 12.825203299522398 130.35248745977879 3.8055281043052664 27.666620209813118
leaf_count=578 17 11 22 59 353 17 51
internal_value=0.0103627 0.00966517 0.00378126 -0.0240339 0.00749094 0.0130983 0.013976
internal_weight=425.789 414.606 153.094 17.9201 135.174 261.512 257.706
internal_count=1108 1091 445 70 375 646 629
is_linear=0
shrinkage=0.03


Tree=46
num_leaves=9
num_cat=0
split_feature=27 34 33 13 18 14 35 14
split_gain=8.32388 8.3263 12.026 9.93748 7.87065 4.32126 13.5864 3.12599
threshold=1.4077156186103823 -3.0099809169769283 3.2501451969146733 21.169500350952152 141.50000000000003 16519.564453125004 155.07499694824222 121589.37500000001
decision_type=2 2 2 2 2 2 2 2
left_child=1 4 3 -3 -1 -2 -7 -8
right_child=5 2 -4 -5 -6 6 7 -9
leaf_value=0.010152452770650494 0.038232270784549605 0.022859495518433279 -0.04606930637025472 0.0068965344245515339 0.054110673080600143 0.035659614045135415 -0.043104521863829563 0.0023969775133247267
leaf_weight=8.0784415304660779 13.477428436279299 39.396743685007095 3.6447173506021491 339.49613073468208 7.0380365550518027 9.6805726587772352 3.1299671679735175 2.1917567551136017
leaf_count=19 16 89 16 926 7 13 15 7
internal_value=0.0100431 0.00890944 0.00803588 0.00856426 0.0308173 0.0257663 0.0143674 -0.023801
internal_weight=426.134 397.654 382.538 378.893 15.1165 28.4797 15.0023 5.32172
internal_count=1108 1057 1031 1015 26 51 35 22
is_linear=0
shrinkage=0.03


Tree=47
num_leaves=14
num_cat=0
split_feature=39 45 39 28 11 31 14 40 39 24 7 43 28
split_gain=8.01671 16.3735 24.318 14.0215 14.5234 12.9395 12.9208 19.3944 18.3999 18.2911 17.9181 15.7957 12.0391
threshold=0.56859984993934642 21.815180778503422 0.64669740200042736 -2.1573681831359859 91.649997711181655 -1.5073819160461424 132837.58593750003 -0.7514493167400359 -0.29553833603858942 203.65179443359378 679717.87500000012 1.4681979417800906 -1.9719645380973814
decision_type=2 2 2 2 2 2 2 2 2 2 2 2 2
left_child=6 2 -2 4 -3 -5 7 8 -1 -9 -8 -12 -4
right_child=1 3 12 5 -6 -7 10 9 -10 -11 11 -13 -14
leaf_value=-0.013594708622252923 0.044815321241140037 -0.048035657099386023 0 0.047042809122747324 0.017149084051228721 0.019347749520309755 0.061360079612024089 -0.0062259498576101762 0.021550789029941092 0.027923441757202759 -0.0026066782838159177 0.034050541004581956 -0.046100790940247244
leaf_weight=16.335474401712418 6.6628206372261074 5.0554801374673826 11.298757374286655 19.231169283390045 7.7804753631353378 76.747806042432785 8.1851170957088453 134.15554305911064 72.552066758275032 15.759275078773497 24.983878046274185 18.178410217165947 9.4081038683652842
leaf_count=59 9 22 35 24 18 161 8 441 158 29 73 29 42
internal_value=0.009738 0.0157599 -0.00489272 0.0209821 -0.00829041 0.0249282 0.00690121 0.00395007 0.0150581 -0.0026161 0.0205677 0.0127625 -0.0210321
internal_weight=426.334 136.185 27.3697 108.815 12.836 95.979 290.15 238.802 88.8875 149.915 51.3474 43.1623 20.7069
internal_count=1108 311 86 225 40 185 797 687 217 470 110 102 77
is_linear=0
shrinkage=0.03


Tree=48
num_leaves=9
num_cat=0
split_feature=27 9 17 38 39 5 43 45
split_gain=7.91459 8.11283 10.4504 8.25113 4.35222 9.03278 4.3175 1.57408
threshold=1.4077156186103823 82.380001068115249 267379.67187500006 2.0133600234985356 -0.24599144607782361 718.40499877929699 1.4681979417800906 83.773696899414077
decision_type=2 2 2 2 2 2 2 2
left_child=1 2 3 -1 5 -2 -4 -6
right_child=4 -3 6 -5 7 -7 -8 -9
leaf_value=0.0072482542727966056 -0.021997753611480739 0.035690014922839977 -0.046367069536122192 0.026394979472996526 0.043240196920102586 0.037212574589100877 0.0017021547561736389 0.024647410656208787
leaf_weight=359.83334714174271 4.5653745532035845 9.5948809981346113 4.4622590541839591 21.618258655071259 8.516700819134714 4.657877653837204 2.5108981132507324 10.353745654225348
leaf_count=972 18 14 20 44 9 6 7 18
internal_value=0.00945042 0.00835283 0.00766982 0.00834123 0.0248939 0.00757907 -0.0286281 0.0331978
internal_weight=426.113 398.02 388.425 381.452 28.0937 9.22325 6.97316 18.8704
internal_count=1108 1057 1043 1016 51 24 27 27
is_linear=0
shrinkage=0.03


Tree=49
num_leaves=12
num_cat=0
split_feature=26 19 39 28 26 1 14 26 7 34 47
split_gain=7.70036 16.8868 9.4937 12.617 13.5661 12.7792 12.5657 17.6494 16.5814 6.96431 2.93738
threshold=-1.4733325839042661 16.500000000000004 0.56859984993934642 -2.1953532695770259 -1.4325235486030576 29922.674804687504 132837.58593750003 -1.2814491987228391 713086.06250000012 1.8147774934768679 3390.075317382813
decision_type=2 2 2 2 2 2 2 2 2 2 2
left_child=1 10 6 4 -4 -5 7 -2 -8 -3 -1
right_child=2 9 3 5 -6 -7 8 -9 -10 -11 -12
leaf_value=0.039989194646293719 0.015580211546227551 -0.043648843303085084 0.02862792749468657 0.014035176727907862 -0.033203451558388164 0.036870746535943133 0.056065114784004416 -0.0020784070202410202 0.012072777008760032 0.015157012932113904 0.0045912472411795361
leaf_weight=4.3548469543457049 77.006076082587242 9.5024064332246763 5.0238109081983557 84.285086438059807 8.6446945369243604 30.298495262861252 9.589081332087515 149.8364392966032 41.07907323539257 2.153836026787757 4.5114189386367798
leaf_count=7 189 46 10 195 34 44 10 457 97 6 13
internal_value=0.00916407 -0.00868624 0.0100743 0.0168408 -0.0102581 0.0200996 0.00693631 0.00390293 0.0204577 -0.0325253 0.022316
internal_weight=426.285 20.5225 405.763 128.252 13.6685 114.584 277.511 226.843 50.6682 11.6562 8.86627
internal_count=1108 72 1036 283 44 239 753 646 107 52 20
is_linear=0
shrinkage=0.03


Tree=50
num_leaves=10
num_cat=0
split_feature=20 41 42 38 6 20 45 35 36
split_gain=7.78695 16.8113 12.8865 11.0265 18.587 12.5053 5.40889 3.06127 1.87886
threshold=0.13785743713378909 -0.58657455444335926 44.342651367187507 -0.79618477821350087 2.7067383527755742 0.1789294704794884 77.568531036376967 1.0000000180025095e-35 804.02999877929699
decision_type=2 2 2 2 2 2 2 2 2
left_child=1 8 6 4 -4 -5 -2 -3 -1
right_child=2 7 3 5 -6 -7 -8 -9 -10
leaf_value=-0.04145611000689451 -0.041768384245751952 0.022299987398646012 0.024693402958413994 -0.023405100162915575 -0.010457934092905241 0.0071823042602008448 0.012266330302914468 0.04577368840951223 -0.0022690460244784148
leaf_weight=2.8064572662115124 6.5729623436927778 9.4516423791646975 71.182368263602257 12.508150547742842 16.584739983081818 290.40465439856052 2.1304813772439957 12.539777949452398 2.0931118875741959
leaf_count=14 33 18 145 47 53 770 6 15 7
internal_value=0.00888999 0.0245684 0.00782683 0.00863703 0.0180169 0.00590936 -0.0281968 0.0358214 -0.0253276
internal_weight=426.274 26.891 399.383 390.68 87.7671 302.913 8.70344 21.9914 4.89957
internal_count=1108 54 1054 1015 198 817 39 33 21
is_linear=0
shrinkage=0.03


Tree=51
num_leaves=12
num_cat=0
split_feature=31 42 44 47 15 41 46 2 43 7 47
split_gain=7.60552 12.3894 19.3185 31.5907 11.5874 11.0586 14.8182 10.451 10.4597 5.12546 2.58355
threshold=2.0960459709167485 68.241760253906264 15.086122035980226 33619.046875000007 4308.4299316406259 -0.61756280064582814 39473.238281250007 5191.5568847656259 -2.0089793205261226 1214609.1250000002 39138.158203125007
decision_type=2 2 2 2 2 2 2 2 2 2 2
left_child=1 2 -1 -4 -2 10 -7 9 -9 -3 -6
right_child=4 7 3 -5 5 6 -8 8 -10 -11 -12
leaf_value=0.042705565844626737 -0.047025112421162446 -0.043438351738247671 0.0054053377921905125 -0.031660953833425869 0.029070312217009169 0.023105005231610402 -0.027682218853126311 -0.01938139630473357 0.01287470391067003 0.0096622170880955004 0.053653897851598686
leaf_weight=8.3482196033000928 2.2048506736755362 4.694650024175643 75.477296903729439 28.471657022833824 8.0719984471797961 23.293926998972896 6.6001011133193961 9.3168819397687894 248.48152051866055 2.3862166553735733 9.0470454394817335
leaf_count=13 10 22 209 119 14 45 26 33 601 7 9
internal_value=0.00862023 0.0071604 -0.00116605 -0.00471827 0.0197465 0.0229418 0.0117917 0.0107018 0.0116973 -0.02512 0.0422375
internal_weight=426.394 377.176 112.297 103.949 49.2179 47.0131 29.894 264.879 257.798 7.08087 17.119
internal_count=1108 1004 341 328 104 94 71 663 634 29 23
is_linear=0
shrinkage=0.03


Tree=52
num_leaves=9
num_cat=0
split_feature=27 47 35 45 35 14 35 14
split_gain=7.565 7.55932 8.88973 20.4211 12.8753 4.15713 12.5483 2.77554
threshold=1.4077156186103823 1266482.1250000002 77666.777343750015 15.051067829132082 35207.878906250007 16519.564453125004 155.07499694824222 121589.37500000001
decision_type=2 2 2 2 2 2 2 2
left_child=1 2 4 -4 -1 -2 -7 -8
right_child=5 -3 3 -5 -6 6 7 -9
leaf_value=0.0067718787011714953 0.036116940467242675 0.033164517234419814 -0.03031747530493293 0.0051426361049154564 0.025187677039227887 0.033288879554741115 -0.042762508063528222 0.0001484218331590512
leaf_weight=245.89694586396217 12.94297915697098 9.9746897816658002 17.632850050926208 85.294051676988602 39.905189543962479 9.3715159147977811 3.0810516923665991 2.1783194541931152
leaf_count=646 16 16 73 236 86 13 15 7
internal_value=0.00836347 0.00730157 0.00663021 -0.000903041 0.00935369 0.0236092 0.0123394 -0.0244193
internal_weight=426.278 398.704 388.729 102.927 285.802 27.5739 14.6309 5.25937
internal_count=1108 1057 1041 309 732 51 35 22
is_linear=0
shrinkage=0.03


Tree=53
num_leaves=12
num_cat=0
split_feature=11 47 36 4 35 39 8 40 40 2 27
split_gain=7.34906 18.3887 11.6489 10.5575 9.79112 10.6443 13.5207 7.8914 5.80558 3.33624 1.70653
threshold=192.85000610351565 329022.28125000006 528035.34375000012 169521.71875000003 994165.03125000012 0.24550343304872516 0.00087449999409727763 -0.68373051285743702 1.118319094181061 61311.896484375007 -0.68961533904075611
decision_type=2 2 2 2 2 2 2 2 2 2 2
left_child=1 2 3 -1 5 -2 -7 -3 -9 -4 -6
right_child=4 7 9 -5 10 6 -8 8 -10 -11 -12
leaf_value=0.0078975734961671748 0.03201577786332209 0.010608618985248975 -0.047626443327505222 0.03102436360860655 0.049983443022984284 -0.049587403114255746 0.023957408213144519 -0.044351229127766692 0.0071078370858786988 -0.0016640924826100561 0.028812969764038923
leaf_weight=350.9792457818985 7.5195322036743191 4.5137352496385601 4.1327750235795966 18.825576528906822 7.3091408610343924 4.9699378013610822 4.0501819103956223 10.674344673752783 2.3019967377185813 2.3782767951488495 8.5679076611995679
leaf_count=917 13 12 18 36 8 21 7 49 6 7 14
internal_value=0.00811432 0.00697291 0.00837634 0.009083 0.0218879 0.00552183 -0.016232 -0.0230516 -0.0349912 -0.0312986 0.0387479
internal_weight=426.223 393.806 376.316 369.805 32.4167 16.5397 9.02012 17.4901 12.9763 6.51105 15.877
internal_count=1108 1045 978 953 63 41 28 67 55 25 22
is_linear=0
shrinkage=0.03


Tree=54
num_leaves=13
num_cat=0
split_feature=39 16 33 4 36 8 40 19 21 21 22 6
split_gain=7.31163 15.14 25.1126 14.9575 15.5576 8.94726 10.3682 23.4615 14.9823 5.61023 11.0414 5.316
threshold=-0.29553833603858942 -320.07446289062494 1.8018498420715334 169521.71875000003 204.36000061035159 0.001021999982185662 -0.7514493167400359 25.500000000000004 16392.000000000004 -11619.999999999998 336.56250000000006 3.8913217782974248
decision_type=2 2 2 2 2 2 2 2 2 2 2 2
left_child=1 3 11 4 -1 6 8 -8 -2 -7 -11 -3
right_child=5 2 -4 -5 -6 9 7 -9 -10 10 -12 -13
leaf_value=0.01782719865549276 0.020426042295205688 -0.044096191948439396 0.043626767816695895 0.04714660567609269 -0.0084671184534430115 0.045449644844149678 -0.025337038782321866 0.00855616333287193 -0.03437002720038583 -0.020661655818113266 0.045997837730367828 0.0027811285689466046
leaf_weight=35.807812958955765 84.18848218023777 14.932456493377691 4.2635310888290396 7.5416805893182746 46.480267778038979 10.215619310736658 20.357232883572578 186.51234269142151 4.7047941237688056 4.4473970234394056 4.4309369474649429 2.4096564203500739
leaf_count=83 178 71 7 10 151 13 78 472 17 16 5 7
internal_value=0.00786971 0.00123484 -0.0212796 0.00668335 0.00293845 0.0102084 0.00890907 0.00520636 0.0174921 0.0301781 0.0122684 -0.0374097
internal_weight=426.292 111.435 21.6056 89.8298 82.2881 314.857 295.763 206.87 88.8933 19.094 8.87833 17.3421
internal_count=1108 329 85 244 234 779 745 550 195 34 21 78
is_linear=0
shrinkage=0.03


Tree=55
num_leaves=12
num_cat=0
split_feature=20 19 1 8 27 24 22 38 2 27 43
split_gain=7.38672 13.8648 11.1672 17.9126 19.215 12.0414 17.2343 11.0742 3.5937 2.98181 7.59612
threshold=0.13785743713378909 222.50000000000003 7118.0024414062509 -0.001011500018648803 -0.68961533904075611 56.325874328613288 -378.70703124999994 -0.79618477821350087 7739.8439941406259 -1.3939511775970457 0.13589149713516238
decision_type=2 2 2 2 2 2 2 2 2 2 2
left_child=1 8 3 -2 -5 6 -4 -7 -1 -3 -11
right_child=2 9 5 4 -6 7 -8 -9 -10 10 -12
leaf_value=-0.042165053080435007 0.053467742857609496 0.050135470755220755 0.013491717547487741 -0.032481153847882749 0.0021446745027156318 0.022792876803172612 -0.027175872247644367 0.0081235777570172595 0.0078289627145987622 -0.0042049933674229989 0.040947208343626758
leaf_weight=3.0209554731845882 4.6265914887189856 6.9728837758302751 18.576971724629402 19.886342450976372 52.022534340620041 58.697213798761368 18.838644251227379 226.75734037160873 2.1117110103368759 4.9623267501592592 9.6594933569431287
leaf_count=15 5 7 47 84 157 115 71 575 6 14 12
internal_value=0.00763625 0.0229505 0.00660394 -0.00367132 -0.00738935 0.00904896 -0.0069041 0.0111505 -0.0210117 0.0335384 0.0254184
internal_weight=426.133 26.7274 399.406 76.5355 71.9089 322.87 37.4156 285.455 5.13267 21.5947 14.6218
internal_count=1108 54 1054 246 241 808 118 690 21 33 26
is_linear=0
shrinkage=0.03


Tree=56
num_leaves=8
num_cat=0
split_feature=27 9 3 15 44 5 36
split_gain=7.37997 7.35196 10.1819 9.97126 8.25383 3.90204 9.49328
threshold=1.4077156186103823 82.380001068115249 17328.473632812504 56604.474609375007 83.698440551757827 718.40499877929699 405.41000366210943
decision_type=2 2 2 2 2 2 2
left_child=1 2 4 -4 -1 6 -2
right_child=5 -3 3 -5 -6 -7 -8
leaf_value=0.0072102555256187946 0.026792807087910788 0.032550206670740982 0.015377892292689275 -0.0462387129577322 -0.022264261626650836 0.035706499366695822 -0.026312530126822043
leaf_weight=370.57505075633526 11.152942202985288 9.4747598171234113 3.6208301931619626 6.5021363496780396 8.7054683417081815 11.800227746367453 4.1099059432744971
leaf_count=976 19 14 8 29 30 16 16
internal_value=0.00741083 0.00637176 0.00572709 -0.023903 0.00652583 0.0226146 0.0122963
internal_weight=425.941 398.878 389.403 10.123 379.281 27.0631 15.2628
internal_count=1108 1057 1043 37 1006 51 35
is_linear=0
shrinkage=0.03


Tree=57
num_leaves=11
num_cat=0
split_feature=26 19 34 26 32 34 5 14 2 36
split_gain=7.21046 15.3328 11.4505 8.80889 21.9161 9.36136 10.1095 7.11362 5.11114 4.47569
threshold=-1.4733325839042661 2.5000000000000004 1.8147774934768679 -1.4568448066711424 0.10216131061315538 -3.0099809169769283 718.40499877929699 49576.298828125007 15118.719238281252 260121.24218750003
decision_type=2 2 2 2 2 2 2 2 2 2
left_child=1 -1 9 4 -2 7 -7 -5 -6 -3
right_child=3 2 -4 5 8 6 -8 -9 -10 -11
leaf_value=0.042387558852284575 -0.048848970440057454 -0.043997778819453555 0.024024582508976038 0.0045186541179854482 0.058427900373621486 0.0023956028335717049 0.012741146787244412 0.046676467735994022 0.023844630306796365 0.0023721456751800486
leaf_weight=3.9950146079063442 2.8073267638683346 10.831451877951624 3.5806636214256278 6.1687110066413871 8.2161770462989825 237.79068531095982 133.14001755416393 9.2660332471132261 8.0031782984733564 2.118764415383338
leaf_count=6 12 52 8 15 8 650 325 10 16 6
internal_value=0.0071891 -0.0100932 -0.0229576 0.00807154 0.0280528 0.0070798 0.00611707 0.0300219 0.0415483 -0.0361796
internal_weight=425.918 20.5259 16.5309 405.392 19.0267 386.365 370.931 15.4347 16.2194 12.9502
internal_count=1108 72 66 1036 36 1000 975 25 24 58
is_linear=0
shrinkage=0.03


Tree=58
num_leaves=12
num_cat=0
split_feature=31 28 19 15 41 46 37 48 21 10 47
split_gain=7.26576 13.9694 16.4667 10.8382 10.0898 13.4701 9.52758 8.5178 5.14452 5.03876 2.46663
threshold=2.0960459709167485 2.2694802284240727 25.500000000000004 4308.4299316406259 -0.61756280064582814 39473.238281250007 -1.1363985538482664 -979098.21874999988 61466.000000000007 322911.68750000006 39138.158203125007
decision_type=2 2 2 2 2 2 2 2 2 2 2
left_child=1 6 -3 -2 10 -6 9 -8 -4 -1 -5
right_child=3 2 8 4 5 -7 7 -9 -10 -11 -12
leaf_value=-0.04556144043259501 -0.046979239262079565 0.031990237232714734 -0.04487281072402325 0.026641018208072832 0.021194595449006443 -0.027531230170189897 0.010308108831273607 -0.00028012989005701827 0.0038062436196234376 0.0068022873188439675 0.050871729699399605
leaf_weight=4.7115217894315711 2.1828621327877036 4.0658687502145794 11.252574414014815 7.8913886845111874 23.060166031122211 6.5150465667247763 260.71136702597141 91.949207842350006 2.229699879884719 2.4076398611068726 8.9130131304264051
leaf_count=21 10 7 53 14 45 26 643 267 6 7 9
internal_value=0.00697482 0.00555755 -0.0205366 0.0179251 0.0210446 0.0103595 0.00683862 0.00753893 -0.0365997 -0.0274311 0.0396715
internal_weight=425.89 377.328 17.5481 48.5625 46.3796 29.5752 359.78 352.661 13.4823 7.11916 16.8044
internal_count=1108 1004 66 104 94 71 938 910 59 28 23
is_linear=0
shrinkage=0.03


Tree=59
num_leaves=10
num_cat=0
split_feature=27 4 45 4 15 39 38 38 7
split_gain=7.01375 7.10996 23.727 14.7092 18.3948 13.608 7.30903 4.14721 1.68789
threshold=1.4077156186103823 169521.71875000003 15.051067829132082 30639.669921875004 14418.709960937502 0.56859984993934642 0.53381174802780162 0.8592783808708192 961055.12500000012
decision_type=2 2 2 2 2 2 2 2 2
left_child=1 3 -3 5 -5 -1 -4 8 -2
right_child=7 2 6 4 -6 -7 -8 -9 -10
leaf_value=0.0021320991145115198 0.01485832513250547 -0.043467774202939249 0.018575760176335318 -0.04587901847367639 0.00031022568616406802 0.015226252356890136 0.050832850367474383 -0.00032468412657648226 0.034048671671199446
leaf_weight=216.20639744400978 6.7892164587974611 4.9126449823379508 25.468205794692039 11.062476590275763 25.568841159343719 107.17896603047848 8.6853325515985471 5.7491195797920218 14.066502794623373
leaf_count=609 15 23 53 51 75 236 10 17 19
internal_value=0.0067686 0.0057641 0.0179452 0.00443397 -0.0135568 0.00648115 0.0268667 0.0217237 0.0279454
internal_weight=425.688 399.083 39.0662 360.017 36.6313 323.385 34.1535 26.6048 20.8557
internal_count=1108 1057 86 971 126 845 63 51 34
is_linear=0
shrinkage=0.03


Tree=60
num_leaves=9
num_cat=0
split_feature=46 44 36 29 21 19 1 13
split_gain=6.84814 7.95413 12.5137 18.7319 13.5541 10.185 9.71423 4.70746
threshold=1201996.1250000002 67.467517852783217 10004.100097656252 -0.51105880737304676 -26747.999999999996 18.500000000000004 12658.772460937502 100.679500579834
decision_type=2 2 2 2 2 2 2 2
left_child=1 2 4 -4 -1 7 -7 -3
right_child=-2 5 3 -5 -6 6 -8 -9
leaf_value=0.02477873918112812 0.030116208470981457 -0.047103921041963252 0.0044104439100287642 -0.021646212359949891 0.0041086727008660369 0.026275780839432474 0.0078216530873039085 0.0060087756445572748
leaf_weight=35.257678478956223 10.895028173923491 3.6024807691574088 69.97906793653965 38.38490342348814 153.26027391850948 40.971935525536537 70.626758649945259 2.4200866669416428
leaf_count=67 17 16 196 142 415 80 168 7
internal_value=0.00657042 0.00594429 0.00331475 -0.00479171 0.00799042 0.0125559 0.0146237 -0.0252632
internal_weight=425.398 414.503 296.882 108.364 188.518 117.621 111.599 6.02257
internal_count=1108 1091 820 338 482 271 248 23
is_linear=0
shrinkage=0.03


Tree=61
num_leaves=12
num_cat=0
split_feature=20 19 11 48 39 27 6 29 32 27 43
split_gain=6.96965 12.9093 10.2994 12.9028 10.9669 14.6117 10.6751 6.16777 3.5462 2.82345 7.26906
threshold=0.13785743713378909 222.50000000000003 53.299999237060554 1.0000000180025095e-35 1.1953498125076296 1.3001759052276614 2.1426118612289433 1.067247807979584 -0.53878036141395558 -1.3939511775970457 0.13589149713516238
decision_type=2 2 2 2 2 2 2 2 2 2 2
left_child=1 8 4 6 5 -2 -4 -6 -1 -3 -11
right_child=2 9 3 -5 7 -7 -8 -9 -10 10 -12
leaf_value=-0.042297574050049129 -0.031715155632150931 0.047921435437072647 0.012695079442910638 -0.045297996700776208 -0.0025059885926938057 0.024996062566718109 0.002335179084440254 0.046419197118464546 0.0075800408092664001 -0.0052896956123015286 0.03909202366617294
leaf_weight=2.999813050031662 20.496911428868774 6.8709906786680284 178.83787441253662 4.200424224138259 5.4961641281843168 5.0484362244606009 180.91645509004593 3.8816036432981491 2.0876095145940807 4.9379959702491716 9.497313439846037
leaf_count=15 91 7 425 19 16 9 489 5 6 14 12
internal_value=0.00637582 0.0213443 0.00537783 0.00687603 -0.0101498 -0.0203901 0.00749354 0.017425 -0.0212407 0.0316534 0.0237022
internal_weight=425.272 26.3937 398.878 363.955 34.9231 25.5453 359.754 9.37777 5.08742 21.3063 14.4353
internal_count=1108 54 1054 933 121 100 914 21 21 33 26
is_linear=0
shrinkage=0.03


Tree=62
num_leaves=11
num_cat=0
split_feature=20 19 42 38 6 2 45 32 27 43
split_gain=6.63251 12.218 10.6256 10.025 16.9792 15.5967 4.99123 3.41641 2.69118 6.91702
threshold=0.13785743713378909 222.50000000000003 44.342651367187507 -0.79618477821350087 2.7067383527755742 4663.1799316406259 77.568531036376967 -0.53878036141395558 -1.3939511775970457 0.13589149713516238
decision_type=2 2 2 2 2 2 2 2 2 2
left_child=1 7 6 4 -4 -5 -2 -1 -3 -10
right_child=2 8 3 5 -6 -7 -8 -9 9 -11
leaf_value=-0.041754386295277467 -0.041190335381289633 0.046847168519242047 0.021344848300373195 -0.034243587625634037 -0.012241242509318809 0.0045936918511727542 0.010815510748720236 0.0073453159958701952 -0.0051318215745361486 0.038207740246478265
leaf_weight=2.9484503120183945 6.3983784168958646 6.8184829950332704 70.699687987565994 9.5970557779073697 16.636643081903458 293.29137364029884 2.1312888860702515 2.0896593481302288 4.9372210353612855 9.4266757071018201
leaf_count=15 33 7 145 43 53 774 6 6 14 12
internal_value=0.00618877 0.0208425 0.00521768 0.00594804 0.0149127 0.00335322 -0.027844 -0.0207938 0.0308871 0.023102
internal_weight=424.975 26.2205 398.754 390.225 87.3363 302.888 8.52967 5.03811 21.1824 14.3639
internal_count=1108 54 1054 1015 198 817 39 21 33 26
is_linear=0
shrinkage=0.03


Tree=63
num_leaves=12
num_cat=0
split_feature=31 28 32 15 41 46 37 48 10 34 47
split_gain=6.76093 12.8923 15.5002 10.0121 9.61697 12.621 8.73951 7.7153 5.35837 4.97577 2.29918
threshold=2.0960459709167485 2.2694802284240727 2.4226145744323735 4308.4299316406259 -0.61756280064582814 39473.238281250007 -1.1363985538482664 -979098.21874999988 326984.71875000006 1.8147774934768679 39138.158203125007
decision_type=2 2 2 2 2 2 2 2 2 2 2
left_child=1 6 9 -2 10 -6 8 -8 -1 -3 -5
right_child=3 2 -4 4 5 -7 7 -9 -10 -11 -12
leaf_value=-0.044854316790094433 -0.046192058904266073 -0.04444865168886826 0.030814519552544595 0.025266660949358838 0.019742545270001587 -0.027581491321363547 0.0091747511721276178 -0.00091504109817490962 0.010531090936322145 0.0032987149282028561 0.048888980843396386
leaf_weight=4.8512410819530478 2.1524076610803595 11.109014615416529 4.002210706472396 7.7435647547245052 22.880981549620632 6.4755486100912085 260.54621368646622 91.688721977174282 2.210821196436882 2.2466645985841742 8.7858074903488141
leaf_count=22 10 53 7 14 45 26 643 267 6 6 9
internal_value=0.00600685 0.00464401 -0.0205695 0.0166301 0.0196423 0.00920148 0.00587044 0.0065398 -0.0270908 -0.0361921 0.0380041
internal_weight=424.693 376.655 17.3579 48.0383 45.8859 29.3565 359.297 352.235 7.06206 13.3557 16.5294
internal_count=1108 1004 66 104 94 71 938 910 28 59 23
is_linear=0
shrinkage=0.03


Tree=64
num_leaves=12
num_cat=0
split_feature=5 14 36 16 45 0 26 48 37 39 37
split_gain=6.62762 12.3536 11.6106 18.219 10.1784 9.93383 8.13451 11.8805 7.56044 6.06787 4.54545
threshold=214956.87500000003 18065.135742187504 145115.28906250003 -97.802997589111314 20.550678253173832 23082.500000000004 -1.4733325839042661 -1740672.7499999998 0.7808249592781068 0.19952289015054706 -0.58985686302185047
decision_type=2 2 2 2 2 2 2 2 2 2 2
left_child=2 10 6 5 -5 -4 7 -1 -8 -3 -2
right_child=1 9 3 4 -6 -7 8 -9 -10 -11 -12
leaf_value=0.0088440332121825088 0.011117994807874608 0.0094758387536068873 0.0032163495254578633 -0.028533613686085965 0.010614853182828742 -0.046372523324433916 0.0053249609757258301 -0.043247188048525322 0.015930077113263955 -0.046802303596857525 0.04198269004236671
leaf_weight=8.8690190315246564 6.6971812397241637 3.975215643644332 4.8894329071044949 7.2557002156972876 33.469496801495552 13.036240294575689 241.02557697147131 6.9911591261625281 81.539986833930016 2.9613400846719742 13.672791481018066
leaf_count=24 15 10 15 29 80 58 636 35 175 13 18
internal_value=0.00583076 0.0201619 0.00483767 -0.00746033 0.0035664 -0.0326792 0.00697784 -0.0139286 0.00801508 -0.0141178 0.0319824
internal_weight=424.383 27.3065 397.077 58.6509 40.7252 17.9257 338.426 15.8602 322.566 6.93656 20.37
internal_count=1108 56 1052 182 109 73 870 59 811 23 33
is_linear=0
shrinkage=0.03


Tree=65
num_leaves=9
num_cat=0
split_feature=27 9 21 10 38 27 15 19
split_gain=6.46025 6.69488 9.42309 6.88913 4.04945 3.98912 1.61637 2.14636
threshold=1.4077156186103823 82.380001068115249 42772.000000000007 346505.70312500006 0.8592783808708192 0.98973032832145702 98644.082031250015 28.500000000000004
decision_type=2 2 2 2 2 2 2 2
left_child=1 2 3 -1 6 -4 7 -2
right_child=4 -3 5 -5 -6 -7 -8 -9
leaf_value=0.0021406470913140252 0.035519710652483077 0.029931792889261632 -0.049196888162189756 0.011049511606692534 -0.0016852463713884576 -0.00044214913528377184 0.040248560990811449 0.010946096314910983
leaf_weight=271.75630453228951 5.5325450450182023 9.2847281247377378 4.1616400480270377 110.34023089706898 5.6867865175008765 2.5682462900876999 5.9037863165140143 8.8391888588666898
leaf_count=762 7 14 18 256 17 7 7 20
internal_value=0.00566005 0.00470465 0.00409454 0.00472116 0.0201948 -0.031037 0.0264796 0.0206147
internal_weight=424.073 398.111 388.826 382.097 25.9623 6.72989 20.2755 14.3717
internal_count=1108 1057 1043 1018 51 25 34 27
is_linear=0
shrinkage=0.03


Tree=66
num_leaves=12
num_cat=0
split_feature=5 14 4 39 43 38 47 25 38 27 28
split_gain=6.31077 11.6443 9.08356 8.74449 13.6433 13.7318 12.1133 10.4656 12.0843 9.15153 5.13949
threshold=214956.87500000003 18065.135742187504 169521.71875000003 -0.29553833603858942 1.4681979417800906 0.45555852353572851 607.83398437500011 0.11398741975426675 1.1652033329010012 -1.3353952169418333 -1.6033088564872739
decision_type=2 2 2 2 2 2 2 2 2 2 2
left_child=3 10 -3 4 6 -6 -1 8 -5 -9 -2
right_child=1 2 -4 7 5 -7 -8 9 -10 -11 -12
leaf_value=-0.045798502120077252 0.043181766362836035 -0.04550751654807484 0.023252893180760001 0.0019264770703678496 -0.02712536842924489 0.025580784247412822 -0.0055970339270250639 0.044248699649027223 0.030323706451860041 0.01274218946606071 0.011607150032690659
leaf_weight=7.5433536171913138 12.368478611111644 3.7681091427803031 3.134993240237236 204.51180079579353 5.5176735222339657 22.12853316962719 67.147081851959229 9.6279580891132337 14.47161518037319 65.782987907528877 7.9134774357080468
leaf_count=35 16 17 6 552 20 41 217 12 24 151 17
internal_value=0.0054929 0.0195095 -0.0138459 0.00452488 -0.00300872 0.0149531 -0.00969734 0.00715389 0.00381682 0.0168045 0.0310101
internal_weight=423.916 27.1851 6.9031 396.731 102.337 27.6462 74.6904 294.394 218.983 75.4109 20.282
internal_count=1108 56 23 1052 313 61 252 739 576 163 33
is_linear=0
shrinkage=0.03


Tree=67
num_leaves=11
num_cat=0
split_feature=31 39 27 23 44 45 7 8 13 48
split_gain=6.21781 11.057 16.0513 10.4607 16.4517 11.4064 7.63906 6.68493 8.16645 6.52093
threshold=2.0960459709167485 -1.7322952747344968 0.98973032832145702 69.315532684326186 15.086122035980226 1.7878969311714175 1470213.2500000002 0.00028349999047350144 100.679500579834 -895802.84374999988
decision_type=2 2 2 2 2 2 2 2 2 2
left_child=1 2 -1 4 -3 -5 7 8 -2 -9
right_child=6 3 -4 5 -6 -7 -8 9 -10 -11
leaf_value=-0.046012320384147605 -0.019528066362921481 0.037938131852174387 0.014481222482871793 -0.045796497646754863 -0.005820483418699598 0.009312688094236167 -0.022157028528116275 0.016858124289412881 0.028974106944703641 -0.043425351176802615
leaf_weight=9.275294169783594 3.3721163570880881 8.3522109538316709 6.771980181336402 3.4100569635629645 102.82249636948109 245.34815095365047 4.3154805004596701 3.7944546937942505 33.28228448331356 2.7700137346982947
leaf_count=43 12 13 16 15 322 595 15 8 56 13
internal_value=0.00533369 0.00403043 -0.020297 0.00512338 -0.00250605 0.00854517 0.0155789 0.0194163 0.0244302 -0.00812273
internal_weight=423.515 375.98 16.0473 359.933 111.175 248.758 47.5343 43.2189 36.6544 6.56447
internal_count=1108 1004 59 945 335 610 104 89 68 21
is_linear=0
shrinkage=0.03


Tree=68
num_leaves=11
num_cat=0
split_feature=20 19 42 1 32 8 45 32 27 43
split_gain=6.23676 11.6103 9.65735 8.56199 18.7672 8.24338 4.74386 3.16552 2.61002 6.54462
threshold=0.13785743713378909 222.50000000000003 44.342651367187507 7118.0024414062509 -0.045822478830814355 -0.0007299999997485428 77.568531036376967 -0.53878036141395558 -1.3939511775970457 0.13589149713516238
decision_type=2 2 2 2 2 2 2 2 2 2
left_child=1 7 6 4 -4 -5 -2 -1 -3 -10
right_child=2 8 3 5 -6 -7 -8 -9 9 -11
leaf_value=-0.041686506633460595 -0.040753182036657412 0.045241679254066622 -0.017510787372309725 -0.0097039275160888325 0.013539350791558149 0.0084505814983436064 0.010003022773276398 0.0057474350304250197 -0.00579458501341454 0.036617727280269803
leaf_weight=2.902311809360981 6.2750135585665685 6.701106905937201 41.553452804684639 24.232894867658615 30.20728799700737 292.98090712726116 2.1346195787191391 2.0708357393741634 4.9063951820135072 9.2162600606679899
leaf_count=15 33 7 149 74 78 714 6 6 14 12
internal_value=0.00517702 0.0195036 0.00423943 0.00493363 -0.0043986 0.00705425 -0.027513 -0.0213316 0.0293999 0.0216707
internal_weight=423.181 25.7969 397.384 388.975 71.7607 317.214 8.40963 4.97315 20.8238 14.1227
internal_count=1108 54 1054 1015 227 788 39 21 33 26
is_linear=0
shrinkage=0.03


Tree=69
num_leaves=9
num_cat=0
split_feature=8 8 26 19 38 11 6 27
split_gain=6.30843 23.1336 8.2853 16.189 10.411 6.98282 6.09792 3.29447
threshold=-0.001011500018648803 -0.00079049999476410438 -1.4733325839042661 2.5000000000000004 -0.79618477821350087 55.600000381469734 3.4888207912445073 -1.3939511775970457
decision_type=2 2 2 2 2 2 2 2
left_child=5 6 3 -3 -4 -1 -2 -7
right_child=1 2 4 -5 -6 7 -8 -9
leaf_value=-0.0167043382716646 -0.047463886021771158 0.039600852638343211 0.015990116329210515 -0.028733773561705984 0.0038660421059318376 0.053532958364941527 0.0060231888911175986 0.021074652605735694
leaf_weight=3.0334119945764533 9.5898429453372938 3.9420449808239963 81.763389684259892 14.558465398848055 294.78303720057011 4.7659175693988791 2.2777735739946356 8.1212154626846296
leaf_count=11 42 6 181 62 779 5 6 16
internal_value=0.0050256 0.00429178 0.00553817 -0.014011 0.00650663 0.0235931 -0.0369452 0.0333112
internal_weight=422.835 406.915 395.047 18.5005 376.546 15.9205 11.8676 12.8871
internal_count=1108 1076 1028 68 960 32 48 21
is_linear=0
shrinkage=0.03


Tree=70
num_leaves=8
num_cat=0
split_feature=46 36 29 16 4 1 15
split_gain=6.06254 7.23337 14.8946 14.113 13.1831 12.9231 11.1888
threshold=1201996.1250000002 285.22000122070318 1.1384195089340212 -2320.8649902343745 3327.6000976562505 22978.747070312504 6065.5400390625009
decision_type=2 2 2 2 2 2 2
left_child=1 2 4 -3 -1 -5 -4
right_child=-2 3 6 5 -6 -7 -8
leaf_value=0.0062657508451711115 0.027269951252691663 -0.046169166992165722 -0.046193192921423987 -0.0020896292200456371 -0.050268993778842357 0.011050520468042065 0.030861372165737751
leaf_weight=77.108960300683975 10.656826004385946 5.4150961637496939 1.7563229203224171 184.48902095109224 3.8926219269633284 105.86796218156815 33.471153989434242
leaf_count=199 17 25 8 542 17 245 55
internal_value=0.00487696 0.00429046 0.0106368 0.00178642 0.00351187 0.00269111 0.0269345
internal_weight=422.658 412.001 116.229 295.772 81.0016 290.357 35.2275
internal_count=1108 1091 279 812 216 787 63
is_linear=0
shrinkage=0.03


Tree=71
num_leaves=11
num_cat=0
split_feature=20 40 36 42 38 6 2 45 37 43
split_gain=5.90671 11.4067 10.0579 9.07605 9.05012 15.7408 14.112 4.59754 3.45499 1.70497
threshold=0.13785743713378909 0.12866124510765078 3876.7399902343755 44.342651367187507 -0.79618477821350087 2.7067383527755742 4663.1799316406259 77.568531036376967 -0.75940120220184315 0.19755569845438006
decision_type=2 2 2 2 2 2 2 2 2 2
left_child=1 2 8 7 5 -5 -6 -2 -1 -3
right_child=3 9 -4 4 6 -7 -8 -9 -10 -11
leaf_value=-0.00071113116634574647 -0.040382981188371796 0.022896980269067523 0.035770682248687617 0.019271586356712885 -0.034060950907285469 -0.013126641817965776 0.0032018709459207782 0.0096535993310303669 -0.046844843624692885 0.043900297052673128
leaf_weight=2.5781650394201279 6.1707092821598035 7.3114087879657736 3.2662067115306854 70.164366781711578 9.4331600815057737 16.596963480114937 292.27702973783016 2.136812150478363 3.83324793726206 8.56937727332115
leaf_count=9 33 13 5 145 43 53 774 6 18 9
internal_value=0.00473395 0.018743 -0.00667177 0.003824 0.00449414 0.0130394 0.00202688 -0.0271517 -0.0287614 0.0344194
internal_weight=422.337 25.5584 9.67762 396.779 388.472 86.7613 301.71 8.30752 6.41141 15.8808
internal_count=1108 54 32 1054 1015 198 817 39 27 22
is_linear=0
shrinkage=0.03


Tree=72
num_leaves=9
num_cat=0
split_feature=8 8 23 26 19 38 27 39
split_gain=5.97615 21.6874 10.2365 7.72791 15.2685 9.28791 4.70692 4.64599
threshold=-0.001011500018648803 -0.00079049999476410438 56.034067153930671 -1.4733325839042661 2.5000000000000004 -0.79618477821350087 -1.3734121322631834 0.69180124998092662
decision_type=2 2 2 2 2 2 2 2
left_child=2 7 -1 4 -3 -5 -4 -2
right_child=1 3 6 5 -6 -7 -8 -9
leaf_value=-0.042624772613035995 -0.046139332745027024 0.03827381346172503 0.052233710729250024 0.014986415654107162 -0.028259127007337504 0.0035223095840944433 0.016244151096580693 0
leaf_weight=1.8669378012418736 9.2176991701126081 3.9243241921067264 5.8972069025039664 81.581785134971142 14.432777702808378 294.35779190063477 8.1216223537921888 2.5290293097496024
leaf_count=9 41 6 6 181 62 779 17 7
internal_value=0.00459619 0.00388107 0.022686 0.00508444 -0.0138725 0.00601809 0.0315976 -0.0362567
internal_weight=421.929 406.043 15.8858 394.297 18.3571 375.94 14.0188 11.7467
internal_count=1108 1076 32 1028 68 960 23 48
is_linear=0
shrinkage=0.03


Tree=73
num_leaves=12
num_cat=0
split_feature=5 36 16 14 35 0 40 37 28 39 28
split_gain=5.84394 10.8598 16.5864 10.8053 10.0472 9.2502 7.40179 10.9073 6.77938 5.5163 5.14352
threshold=214956.87500000003 145115.28906250003 -97.802997589111314 18065.135742187504 994165.03125000012 23082.500000000004 2.3556703329086308 1.0914199352264407 1.6994785666465761 0.19952289015054706 -1.6033088564872739
decision_type=2 2 2 2 2 2 2 2 2 2 2
left_child=1 6 5 10 -4 -3 7 -1 -8 -5 -2
right_child=3 2 4 9 -6 -7 8 -9 -10 -11 -12
leaf_value=0.0036482553424884456 0.041352261741256467 0.0019767328823418321 -0.0073867395860419283 0.0082425186041506018 0.025421037668276015 -0.045909325358899952 -0.05254940067674313 0.017772714304449478 0.0073596919674156483 -0.045786386183519989 0.0096412147564425548
leaf_weight=269.18185093253851 12.262542203068737 4.8901422470808056 28.725118353962898 3.9342063069343558 11.849688962101935 12.889291033148764 3.7307337671518317 60.494036123156548 2.98101606965065 2.9046539664268494 7.8252468407154092
leaf_count=723 16 15 87 10 22 58 16 124 7 13 17
internal_value=0.00446089 0.00352902 -0.00839743 0.0180105 0.00212069 -0.0325698 0.00560686 0.00624913 -0.0254939 -0.0142664 0.0291485
internal_weight=421.669 394.742 58.3542 26.9266 40.5748 17.7794 336.388 329.676 6.71175 6.83886 20.0878
internal_count=1108 1052 182 56 109 73 870 847 23 23 33
is_linear=0
shrinkage=0.03


Tree=74
num_leaves=11
num_cat=0
split_feature=27 39 4 45 35 12 35 38 35 12
split_gain=5.78637 6.67869 5.97359 21.07 14.2598 14.9177 12.7157 7.22543 2.88285 7.00078
threshold=1.4077156186103823 -1.2815411686897276 169521.71875000003 15.051067829132082 77666.777343750015 5.6679999828338632 35207.878906250007 0.53381174802780162 155.07499694824222 190.86799621582034
decision_type=2 2 2 2 2 2 2 2 2 2
left_child=2 -2 4 -4 6 -6 -1 -5 -3 -10
right_child=1 8 3 7 5 -7 -8 -9 9 -11
leaf_value=0.0026796576841371339 -0.022198317636513174 0.036024729756546719 -0.043362427543696819 0.014855967808129381 0.011797834471421822 -0.018191705420213707 0.020941118028273906 0.047058680719961422 0.033571281460489821 -0.013086099151606948
leaf_weight=244.82691302895546 3.1267608702182796 10.259602904319765 4.8765489161014548 24.929213330149651 20.790282636880875 52.144263133406639 40.03959296643734 8.6193670779466611 6.774900943040846 4.9385020285844803
leaf_count=646 12 13 23 53 54 184 87 10 9 17
internal_value=0.00433091 0.0183271 0.00343672 0.014691 0.00221971 -0.00960193 0.00525694 0.023219 0.0242304 0.0136439
internal_weight=421.326 25.0998 396.226 38.4251 357.801 72.9345 284.867 33.5486 21.973 11.7134
internal_count=1108 51 1057 86 971 238 733 63 39 26
is_linear=0
shrinkage=0.03


Tree=75
num_leaves=8
num_cat=0
split_feature=34 33 38 25 19 39 26
split_gain=5.73462 8.56014 7.67556 14.4745 10.7281 6.90557 1.35694
threshold=-3.0099809169769283 3.2501451969146733 -0.79618477821350087 -5.4316360950469962 10.500000000000002 0.72720056772232067 1.2607065439224245
decision_type=2 2 2 2 2 2 2
left_child=5 2 3 -2 -4 -1 -3
right_child=1 6 4 -5 -6 -7 -8
leaf_value=0.0015914308266895669 -0.012667141224282365 -0.049313600517557801 -0.026778967941991909 0.017867515734885112 0.0028810317255881304 0.041918831159190567 -0.015529970682426666
leaf_weight=7.752672001719473 17.291517078876495 2.8581237196922293 11.378008425235747 70.758671090006828 300.74548422545195 7.8588183224201202 2.2309677600860596
leaf_count=19 56 12 45 151 808 9 8
internal_value=0.00420599 0.00350988 0.00400829 0.011837 0.00179021 0.0220844 -0.035093
internal_weight=420.874 405.263 400.174 88.0502 312.123 15.6115 5.08909
internal_count=1108 1080 1060 207 853 28 20
is_linear=0
shrinkage=0.03


Tree=76
num_leaves=8
num_cat=0
split_feature=9 3 21 39 1 44 44
split_gain=5.69475 7.05225 10.531 8.09365 6.82815 12.475 10.3354
threshold=82.380001068115249 17328.473632812504 14468.000000000002 0.77162978053092968 28461.564453125004 81.254325866699233 67.467517852783217
decision_type=2 2 2 2 2 2 2
left_child=1 4 -3 -4 6 -6 -1
right_child=-2 2 3 -5 5 -7 -8
leaf_value=-0.0013195940008759457 0.026502494454151405 0.038521585972612939 -0.046735362718329981 0.014190743007008559 0.013079585277376895 -0.038735937666858435 0.011679770296539521
leaf_weight=221.52683132141829 9.9939585179090482 2.3361282646656027 7.8303084820508939 2.5281151831150055 99.049116641283035 4.3396267294883719 73.127476304769516
leaf_count=640 16 3 36 5 223 16 169
internal_value=0.00408096 0.0035281 -0.0184398 -0.0315759 0.00423625 0.0108757 0.00189641
internal_weight=420.732 410.738 12.6946 10.3584 398.043 103.389 294.654
internal_count=1108 1092 44 41 1048 239 809
is_linear=0
shrinkage=0.03


Tree=77
num_leaves=9
num_cat=0
split_feature=8 8 23 31 31 0 6 27
split_gain=5.70125 20.1987 9.54624 7.4578 22.1586 7.81841 5.82474 4.46577
threshold=-0.001011500018648803 -0.00079049999476410438 56.034067153930671 -2.2313586473464961 -1.8520824313163755 78217.000000000015 3.4888207912445073 -1.3734121322631834
decision_type=2 2 2 2 2 2 2 2
left_child=2 6 -1 5 -5 -3 -2 -4
right_child=1 3 7 4 -6 -7 -8 -9
leaf_value=-0.041987572765477842 -0.046188091849802416 0.028878664788428692 0.050442840091252411 -0.029196306841868611 0.0046697138369838969 0.0045603600367273419 0.0062764872094893519 0.015249350193170438
leaf_weight=1.8314520865678776 9.3529019355773908 21.661845467984676 5.8680581003427497 18.351598918437958 325.91424387693405 27.179786279797554 2.2696900218725196 8.0350995659828168
leaf_count=9 42 42 6 69 848 69 6 17
internal_value=0.00396116 0.00326364 0.0217122 0.00442282 0.00285572 0.0154072 -0.0356846 0.0303191
internal_weight=420.465 404.73 15.7346 393.107 344.266 48.8416 11.6226 13.9032
internal_count=1108 1076 32 1028 917 111 48 23
is_linear=0
shrinkage=0.03


Tree=78
num_leaves=11
num_cat=0
split_feature=20 40 36 23 36 44 2 23 18 43
split_gain=5.59441 10.7743 9.54393 8.76156 14.9424 15.4438 11.6374 8.629 3.565 1.71162
threshold=0.13785743713378909 0.12866124510765078 3876.7399902343755 69.315532684326186 217785.25781250003 15.086122035980226 4663.1799316406259 70.202625274658217 67.500000000000014 0.19755569845438006
decision_type=2 2 2 2 2 2 2 2 2 2
left_child=1 2 8 4 5 -2 -5 -8 -1 -3
right_child=3 9 -4 6 -6 -7 7 -9 -10 -11
leaf_value=0 0.039447672424989637 0.021448190918494942 0.034560581609591121 -0.042000817488345499 -0.045319974389032389 -0.0041806803890651759 0.034055043139875486 0.0056338067582909638 -0.046872187913763151 0.0425981032298565
leaf_weight=2.5442614331841487 7.8520324379205695 7.2480937093496314 3.2152096778154373 4.4745680689811698 7.3360049426555625 103.60103485733271 10.034479200839995 261.72888365387917 3.8473991230130196 8.3718913495540601
leaf_count=9 11 13 5 22 34 316 17 654 18 9
internal_value=0.00384433 0.0175655 -0.00717858 0.00296049 -0.00383744 -0.00108008 0.00589463 0.00669426 -0.0286441 0.032976
internal_weight=420.254 25.2269 9.60687 395.027 118.789 111.453 276.238 271.763 6.39166 15.62
internal_count=1108 54 32 1054 361 327 693 671 27 22
is_linear=0
shrinkage=0.03


Tree=79
num_leaves=13
num_cat=0
split_feature=31 28 19 0 17 29 30 41 8 9 21 41
split_gain=5.61129 11.6616 14.0716 8.31831 13.9718 10.6193 7.07933 12.0312 7.23247 5.34078 4.3876 3.96997
threshold=2.0960459709167485 2.2694802284240727 25.500000000000004 191802.50000000003 -48668.785156249993 0.72363448143005382 -1.5228854417800901 -0.61756280064582814 0.00028349999047350144 63.094999313354499 61466.000000000007 1.1844343543052676
decision_type=2 2 2 2 2 2 2 2 2 2 2 2
left_child=1 3 -3 5 -5 -1 7 -2 9 -8 -4 -10
right_child=6 2 10 4 -6 -7 8 -9 11 -11 -12 -13
leaf_value=0.0039600179416889036 0.020015472013420337 0.027815752791478777 -0.044470631321785893 -0.034506355646029205 0.015061053652318754 -0.011204722097880336 0 -0.047004868740640984 -0.03009179002822758 0.03193654891343118 0.00072316605103121356 0.018273458628168114
leaf_weight=220.13321802020073 5.4961641058325768 3.9077063947916058 10.936165690422056 5.4365973323583594 79.601012751460075 51.188143782317638 6.0650286972522762 4.2557798177003843 3.6250457167625418 24.423452481627464 2.1908601075410834 2.5654530376195908
leaf_count=579 11 7 53 20 180 159 17 19 15 37 6 5
internal_value=0.00373267 0.00249978 -0.0217237 0.00366614 0.0118568 0.00108794 0.0135828 -0.00892479 0.0196488 0.0256786 -0.0366994 -0.00956376
internal_weight=419.825 373.394 17.0347 356.359 85.0376 271.321 46.4309 9.75194 36.679 30.4885 13.127 6.1905
internal_count=1108 1004 66 938 200 738 104 30 74 54 59 20
is_linear=0
shrinkage=0.03


Tree=80
num_leaves=14
num_cat=0
split_feature=39 45 39 6 40 38 10 6 38 10 37 29 32
split_gain=5.63331 12.9198 20.4503 10.4271 23.7436 12.7207 13.4818 11.3518 8.96288 8.54279 8.15224 8.04375 7.9942
threshold=0.56859984993934642 21.815180778503422 0.64669740200042736 2.8820117712020878 0.12866124510765078 -0.79618477821350087 445770.29687500006 2.4264882802963261 -1.0558856129646299 286932.53125000006 0.23781485855579379 -1.3425286412239072 -0.34582106769084925
decision_type=2 2 2 2 2 2 2 2 2 2 2 2 2
left_child=3 2 -2 5 12 6 -1 -7 -3 -10 -6 -4 -5
right_child=1 8 11 4 10 7 -8 -9 9 -11 -12 -13 -14
leaf_value=0.0071965140946488523 0.036540906301833681 -0.022781438600779878 -0.0084466708330017456 -0.0091826057558018204 0.044950114650670149 -0.0037444410005822112 0.04138471253542976 0.01398071393874563 0.022315931791159323 0.0039785398881518443 -0.00090297429152925188 -0.046794560597681258 -0.041969881963880025
leaf_weight=37.540214329957962 6.533355280756953 5.7233881056308737 12.330774262547497 11.75387264788151 6.2272712886333448 151.07295874506235 14.513759180903433 41.435811504721642 63.176130264997482 36.522848755121231 7.6549105793237686 8.4708306789398158 16.424180880188942
leaf_count=96 9 19 39 38 8 449 18 97 120 86 21 38 70
internal_value=0.00362469 0.00873735 -0.00957777 0.00124616 -0.0125355 0.00362862 0.0167865 5.51582e-05 0.0135147 0.0156285 0.0194497 -0.0242069 -0.0283998
internal_weight=419.38 132.757 27.335 286.623 42.0602 244.563 52.054 192.509 105.422 99.699 13.8822 20.8016 28.1781
internal_count=1108 311 86 797 137 660 114 546 225 206 29 77 108
is_linear=0
shrinkage=0.03


Tree=81
num_leaves=9
num_cat=0
split_feature=27 47 14 12 6 14 35 10
split_gain=5.5946 5.74753 6.87392 22.9699 12.7287 4.12099 10.075 2.26148
threshold=1.4077156186103823 1266482.1250000002 30390.300781250004 160.67250061035159 2.4614418745040898 16519.564453125004 155.07499694824222 356810.34375000006
decision_type=2 2 2 2 2 2 2 2
left_child=1 2 3 -1 -4 -2 -7 -8
right_child=5 -3 4 -5 -6 6 7 -9
leaf_value=0.0033114548095194945 0.030904316729315442 0.025613447781435251 -0.00047258872089978368 -0.023013500408394883 0.01465531801631584 0.026753870482297736 -0.04311197007654595 -0.00073233677028254434
leaf_weight=141.73025341331959 11.220245495438578 9.5918631553649885 119.68437206745148 37.75261377543211 85.594832569360733 8.1426796615123731 3.0813279300928107 2.0253840237855911
leaf_count=386 16 16 327 139 189 13 15 7
internal_value=0.00352017 0.0026475 0.00206718 -0.00220905 0.00582065 0.0174615 0.00585105 -0.0268912
internal_weight=418.824 394.354 384.762 179.483 205.279 24.4696 13.2494 5.10671
internal_count=1108 1057 1041 525 516 51 35 22
is_linear=0
shrinkage=0.03


Tree=82
num_leaves=9
num_cat=0
split_feature=9 32 0 12 39 32 8 34
split_gain=5.48332 6.55647 18.1294 15.0363 13.7866 9.64754 16.3128 11.4208
threshold=82.380001068115249 1.1815078258514407 201110.50000000003 915.51348876953136 -0.14405145496129987 0.71895846724510204 -0.00049250002484768618 -0.1409923583269119
decision_type=2 2 2 2 2 2 2 2
left_child=1 5 3 -3 -4 7 -7 -1
right_child=-2 2 4 -5 -6 6 -8 -9
leaf_value=-0.006166555582279693 0.025564929285366213 -0.022719361446693485 -0.025175030473402919 0.0064801224037092176 0.025880595641636809 -0.019812522841438699 0.025379461980838573 0.0071522296374669555
leaf_weight=86.564954087138176 9.859052509069441 44.473216980695724 5.8885898441076305 24.471026405692101 23.882583096623421 8.6821604222059232 40.128198340535164 174.41384909301996
leaf_count=252 16 157 23 60 43 30 75 452
internal_value=0.00341838 0.00287654 -0.00383909 -0.0123118 0.0156813 0.00502618 0.0172795 0.00272298
internal_weight=418.364 408.505 98.7154 68.9442 29.7712 309.789 48.8104 260.979
internal_count=1108 1092 283 217 66 809 105 704
is_linear=0
shrinkage=0.03


Tree=83
num_leaves=12
num_cat=0
split_feature=36 16 1 31 28 23 18 19 14 23 6
split_gain=5.49772 12.8717 10.838 15.3972 14.2886 9.34049 15.8002 13.4638 16.0219 12.0659 5.92334
threshold=285.22000122070318 -2320.8649902343745 26607.244140625004 -2.2313586473464961 -2.0220855474472041 95.53827285766603 97.500000000000014 168.50000000000003 11568.859863281252 67.644470214843764 2.4082360267639165
decision_type=2 2 2 2 2 2 2 2 2 2 2
left_child=5 -2 3 -3 -4 7 10 8 -1 -9 -7
right_child=1 2 4 -5 -6 6 -8 9 -10 -11 -12
leaf_value=0.014987894171202882 -0.045325392075879802 0.021251478677606222 -0.0087222379335195558 -0.0048008405235518631 0.017577733035243948 0.023432329617067659 -0.048942847760998838 0.003393631539069688 -0.025768925583286608 0.031538816533887244 -0.020245512860752837
leaf_weight=21.003379106521606 5.2557768374681464 22.991821110248566 25.328881159424782 181.01128392666578 68.630803853273392 8.5030509084463137 6.3420630246400824 21.727633774280548 14.776958696544169 38.357904240489006 4.0990138649940482
leaf_count=48 25 47 78 541 138 16 28 56 55 62 14
internal_value=0.00331844 0.00119001 0.00202057 -0.00184995 0.0104561 0.00891359 -0.010248 0.0127314 -0.00176046 0.0214111 0.00898739
internal_weight=418.029 303.219 297.963 204.003 93.9597 114.81 18.9441 95.8659 35.7803 60.0855 12.6021
internal_count=1108 829 804 588 216 279 58 221 103 118 30
is_linear=0
shrinkage=0.03


Tree=84
num_leaves=9
num_cat=0
split_feature=8 8 26 19 38 14 11 6
split_gain=5.35734 18.3838 6.85349 14.2258 8.03275 5.76283 7.61124 5.52634
threshold=-0.001011500018648803 -0.00079049999476410438 -1.4733325839042661 2.5000000000000004 -0.79618477821350087 2242.2299804687505 86.049999237060561 3.4888207912445073
decision_type=2 2 2 2 2 2 2 2
left_child=5 7 3 -3 -4 -1 -7 -2
right_child=1 2 4 -5 -6 6 -8 -9
leaf_value=0.044353091119798883 -0.045357261635968128 0.036345513953986879 0.012919587569385575 -0.028235495711271638 0.002204540011224494 -0.022126896687757473 0.030859372192051929 0.0058008857020687751
leaf_weight=5.7817429453134528 9.1594318151473981 3.8755947425961521 80.696555860340595 14.298105895519255 291.58568578958511 4.5030972063541395 5.2618376910686493 2.2713845670223227
leaf_count=7 42 6 181 62 779 17 8 6
internal_value=0.0032231 0.00254613 0.00365092 -0.0142983 0.00453521 0.0205301 0.00611755 -0.0349293
internal_weight=417.433 401.887 390.456 18.1737 372.282 15.5467 9.76493 11.4308
internal_count=1108 1076 1028 68 960 32 25 48
is_linear=0
shrinkage=0.03


Tree=85
num_leaves=12
num_cat=0
split_feature=5 36 16 45 14 0 4 40 37 30 37
split_gain=5.35712 9.58595 15.0335 12.1628 9.46964 8.51949 7.79084 6.80174 9.75954 6.34834 4.533
threshold=214956.87500000003 145115.28906250003 -97.802997589111314 16.154185295104984 18065.135742187504 23082.500000000004 169521.71875000003 2.3556703329086308 1.0914199352264407 2.1180264949798588 -0.58985686302185047
decision_type=2 2 2 2 2 2 2 2 2 2 2
left_child=1 7 5 -4 10 -3 -6 8 -1 -9 -2
right_child=4 2 3 -5 6 -7 -8 9 -10 -11 -12
leaf_value=0.0023471876728350586 0.0056365540292432929 0.00093979756822181999 -0.043577616094692906 0.0071759437262422397 -0.044243990464954988 -0.045253357753493866 0.020262333506651645 -0.052113119029613159 0.01579051940589277 0.0064837267535461261 0.036876845156248408
leaf_weight=266.82665578275919 6.4699669927358672 4.8460140973329571 4.8279979825019828 35.302110210061073 3.6364225149154654 12.631708189845083 3.0684148669242859 3.688643902540206 59.665906354784966 2.8831318616867065 13.222806662321091
leaf_count=723 15 15 23 86 17 58 6 16 124 7 18
internal_value=0.00312931 0.00223659 -0.00904633 0.000995096 0.0162275 -0.0322738 -0.0142758 0.00419713 0.00481312 -0.0259493 0.0267653
internal_weight=417.07 390.672 57.6078 40.1301 26.3976 17.4777 6.70484 333.064 326.493 6.57178 19.6928
internal_count=1108 1052 182 109 56 73 23 870 847 23 33
is_linear=0
shrinkage=0.03


Tree=86
num_leaves=12
num_cat=0
split_feature=31 39 27 23 20 39 30 41 8 9 5
split_gain=5.21028 9.56239 13.9128 8.83513 14.397 9.84162 6.45401 11.0591 6.77254 5.06057 3.10487
threshold=2.0960459709167485 -1.7322952747344968 0.98973032832145702 69.315532684326186 0.1478572562336922 -1.1594670414924619 -1.5228854417800901 -0.61756280064582814 0.00028349999047350144 63.094999313354499 88375.953125000015
decision_type=2 2 2 2 2 2 2 2 2 2 2
left_child=1 2 -1 4 -3 -5 7 -2 9 -8 -10
right_child=6 3 -4 5 -6 -7 8 -9 10 -11 -12
leaf_value=-0.045360298473743947 0.018781403411899975 0.017680283021529766 0.011849574996479661 0.025294420260320458 -0.0096270100214992521 0.004140018985145928 0 -0.046071904991529855 -0.02842893321879638 0.030491560820797445 0.014641410863702617
leaf_weight=9.02147428691387 5.4190862253308296 21.60932581871748 6.5261444002389899 21.807268232107162 87.826440267264843 224.12305976450443 6.0109679102897671 4.1596694290637952 3.5568937212228766 24.00214621424675 2.5138927847146988
leaf_count=43 11 48 16 43 287 567 17 19 14 37 6
internal_value=0.00303925 0.00185257 -0.0211534 0.00286755 -0.00420746 0.00602803 0.0126129 -0.00906859 0.0184515 0.0243265 -0.0100995
internal_weight=416.576 370.914 15.5476 355.366 109.436 245.93 45.6627 9.57876 36.0839 30.0131 6.07079
internal_count=1108 1004 59 945 335 610 104 30 74 54 20
is_linear=0
shrinkage=0.03


Tree=87
num_leaves=9
num_cat=0
split_feature=26 39 45 39 31 14 7 27
split_gain=5.23016 5.50705 12.3495 18.9512 11.2645 9.27519 15.2198 13.24
threshold=-1.4964368939399717 0.56859984993934642 21.815180778503422 0.64669740200042736 -1.594700753688812 132837.58593750003 679717.87500000012 -1.4347245097160337
decision_type=2 2 2 2 2 2 2 2
left_child=-1 5 3 -3 -4 7 -7 -2
right_child=1 2 4 -5 -6 6 -8 -9
leaf_value=-0.037297408183236139 0.02218076000780311 0.034922405316667252 0.033006619315740719 -0.023914056497797306 0.0080920249673387176 0.050471354330654278 0.0052661863635301053 -0.0037646885844610429
leaf_weight=2.8736523538827887 19.278624430298805 6.4603191316127804 20.544920668005943 20.463054910302162 82.747645005583763 8.0517215430736524 41.38204038143158 214.24380172044039
leaf_count=18 39 9 30 76 188 8 101 639
internal_value=0.00295196 0.00323916 0.00834744 -0.0096847 0.0130766 0.000877734 0.0126898 -0.0016099
internal_weight=416.046 413.172 130.216 26.9234 103.293 282.956 49.4338 233.522
internal_count=1108 1090 303 85 218 787 109 678
is_linear=0
shrinkage=0.03


Tree=88
num_leaves=6
num_cat=0
split_feature=25 25 32 20 13
split_gain=5.19025 11.0658 10.2238 7.37776 5.47275
threshold=-15.694970607757567 -12.398345470428465 -1.4722863435745237 0.13785743713378909 1379.0004882812502
decision_type=2 2 2 2 2
left_child=-1 -2 4 -4 -3
right_child=1 2 3 -5 -6
leaf_value=-0.027366866091398715 0.034090890919833833 -0.048717118223235163 0.019535865745516023 0.0020865869937403587 0.0050922807479974273
leaf_weight=5.0272803306579581 10.221679657697676 5.32081414759159 23.245714344084263 369.36400547623634 2.3598962426185608
leaf_count=18 18 23 48 994 7
internal_value=0.00286741 0.00324498 0.00244982 0.00312737 -0.0317936
internal_weight=415.539 410.512 400.29 392.61 7.68071
internal_count=1108 1090 1072 1042 30
is_linear=0
shrinkage=0.03


Tree=89
num_leaves=9
num_cat=0
split_feature=8 8 18 40 12 15 11 6
split_gain=5.15109 17.086 6.69216 18.8465 17.0206 6.56245 9.35999 5.28139
threshold=-0.001011500018648803 -0.00079049999476410438 2.5000000000000004 -0.70030614733695973 10.289000034332277 5100.8549804687509 86.049999237060561 3.4888207912445073
decision_type=2 2 2 2 2 2 2 2
left_child=5 7 3 -3 -4 -1 -7 -2
right_child=1 2 4 -5 -6 6 -8 -9
leaf_value=0.051464326439538556 -0.044680777742451862 0.00098247271590603895 0.032718111093356463 -0.048192073589826093 0.0030999678925242363 -0.0234464648696514 0.031954411966007838 0.0054116752744444918
leaf_weight=4.2912673354148856 8.9798343926668149 44.051642283797264 18.513444900512695 8.3190396875143033 317.9276467114687 4.8710445463657361 6.211151584982872 2.269966945052146
leaf_count=4 42 119 29 38 842 19 9 6
internal_value=0.00278221 0.00211897 0.00318061 -0.00677158 0.00473869 0.0198467 0.00733293 -0.0343065
internal_weight=415.435 400.062 388.812 52.3707 336.441 15.3735 11.0822 11.2498
internal_count=1108 1076 1028 157 871 32 28 48
is_linear=0
shrinkage=0.03


Tree=90
num_leaves=9
num_cat=0
split_feature=46 36 29 17 31 17 18 15
split_gain=5.22004 6.16874 12.9291 11.8813 16.4874 12.6551 10.6326 10.0052
threshold=1201996.1250000002 285.22000122070318 1.1384195089340212 78164.640625000015 1.6642757058143618 58940.394531250007 256.50000000000006 6065.5400390625009
decision_type=2 2 2 2 2 2 2 2
left_child=1 2 6 5 -5 -3 -1 -4
right_child=-2 3 7 4 -6 -7 -8 -9
leaf_value=-0.0064443407849020711 0.023924802495089489 -0.00019348833889529078 -0.046226962324232061 -0.045804303446135959 0.0059664385357671747 0.02535803422076529 0.01656073455355932 0.027386433813533107
leaf_weight=52.423795573413372 10.201856538653372 250.06223807483912 1.7228033244609822 11.678396895527841 10.354889065027235 18.736712127923965 27.562952965497971 32.299523279070854
leaf_count=158 17 695 8 54 27 36 58 55
internal_value=0.00270149 0.00215926 0.0080744 -0.000149216 -0.0213377 0.00157643 0.00144556 0.0235707
internal_weight=415.043 404.841 114.009 290.832 22.0333 268.799 79.9867 34.0223
internal_count=1108 1091 279 812 81 731 216 63
is_linear=0
shrinkage=0.03


Tree=91
num_leaves=10
num_cat=0
split_feature=27 44 43 21 6 18 39 5 45
split_gain=5.00256 5.25371 19.9763 10.4671 8.25533 13.8863 4.03196 7.21499 1.72545
threshold=1.4077156186103823 15.086122035980226 -2.0089793205261226 -26747.999999999996 1.3627943396568301 196.50000000000003 -0.24599144607782361 718.40499877929699 83.773696899414077
decision_type=2 2 2 2 2 2 2 2 2
left_child=1 4 -3 -4 -1 -6 7 -2 -8
right_child=6 2 3 -5 5 -7 8 -9 -10
leaf_value=0.046171777177915513 -0.027405591592459023 -0.046275380488507337 0.016768703763377853 0.00031693955255563186 -0.028712181594738383 0.039061436550623628 0.036543319900300568 0.028937529056464725 0.015398880705350204
leaf_weight=6.0795850604772594 4.3513879776000994 7.8517519980669013 39.007013529539108 327.10145933181047 5.8965334147214872 5.0413371324539185 6.9301822632551184 3.8548817187547684 8.4580449610948545
leaf_count=7 18 37 80 904 22 7 9 6 18
internal_value=0.00262329 0.00180509 0.00105473 0.00207799 0.0181181 0.00225085 0.0160544 -0.000572929 0.0251164
internal_weight=414.572 390.978 373.96 366.108 17.0175 10.9379 23.5945 8.20627 15.3882
internal_count=1108 1057 1021 984 36 29 51 24 27
is_linear=0
shrinkage=0.03


Tree=92
num_leaves=9
num_cat=0
split_feature=26 39 9 29 26 32 32 18
split_gain=4.9084 5.25602 13.1588 21.7479 14.4198 6.57452 16.3629 11.9826
threshold=-1.4964368939399717 -0.29553833603858942 61.129999160766609 -1.4159200191497801 1.4708198904991152 3.1265053749084477 2.3074238300323491 196.50000000000003
decision_type=2 2 2 2 2 2 2 2
left_child=-1 2 3 -2 -4 6 -3 -7
right_child=1 5 4 -5 -6 7 -8 -9
leaf_value=-0.036951263355877277 0.012028502736772239 0.0053968850076516282 0.012993577472190996 -0.026430431473675083 -0.046211739879781992 0.0036880375447034862 -0.02582635875645543 0.050129833622466334
leaf_weight=2.8014671951532355 20.472518175840378 265.23108081519604 46.750493049621582 37.013565108180046 4.0040711015462866 13.887269571423532 15.993130311369894 7.9545302540063849
leaf_count=18 53 663 108 149 19 34 56 8
internal_value=0.00254819 0.00282452 -0.00283267 -0.0126819 0.00826371 0.00485489 0.00361056 0.020739
internal_weight=414.108 411.307 108.241 57.4861 50.7546 303.066 281.224 21.8418
internal_count=1108 1090 329 202 127 761 719 42
is_linear=0
shrinkage=0.03


Tree=93
num_leaves=12
num_cat=0
split_feature=36 16 36 1 16 27 35 44 13 42 35
split_gain=4.91398 11.2888 10.3266 11.0757 8.25772 8.1535 20.7009 14.3851 11.8553 10.387 3.00072
threshold=285.22000122070318 -2320.8649902343745 643.39001464843761 28461.564453125004 73.312500000000014 -0.86107555031776417 996.83502197265636 29.818032264709476 88.546497344970717 58.556077957153327 3033.0300292968755
decision_type=2 2 2 2 2 2 2 2 2 2 2
left_child=5 -2 4 -4 -3 6 7 -1 10 -10 -7
right_child=1 2 3 -5 -6 8 -8 -9 9 -11 -12
leaf_value=0.036868745173245586 -0.044030623680506295 -0.0086336784436751961 -0.0012533292145268326 0.011841258236585066 -0.056348746176302388 -0.047082554167615691 -0.048656111665949298 -0.011308728884306857 -0.006559369120436552 0.021179751468465072 -0.0021770709265577413
leaf_weight=9.532987400889402 5.0445491895079604 12.609961137175562 195.3950569331646 82.569368809461594 4.5072367787361136 3.3373605608940116 7.525289185345172 13.313839569687842 14.89568607509136 62.419506102800369 2.4812322407960892
leaf_count=14 25 38 561 186 19 15 33 42 45 123 7
internal_value=0.00247421 0.000452705 0.00122333 0.00262563 -0.0213731 0.00779295 -0.00544067 0.00866233 0.0126638 0.0157967 -0.028449
internal_weight=413.632 300.126 295.082 277.964 17.1172 113.506 30.3721 22.8468 83.1338 77.3152 5.81859
internal_count=1108 829 804 747 57 279 89 56 190 168 22
is_linear=0
shrinkage=0.03


Tree=94
num_leaves=12
num_cat=0
split_feature=5 36 16 45 25 11 40 37 30 44 4
split_gain=4.84957 8.87914 13.9381 11.069 8.59101 7.99563 6.41588 8.67839 6.4019 5.38112 3.15348
threshold=214956.87500000003 145115.28906250003 -97.802997589111314 16.154185295104984 0.11398741975426675 56.550001144409187 2.3556703329086308 1.0914199352264407 2.2296298742294316 29.818032264709476 187805.64843750003
decision_type=2 2 2 2 2 2 2 2 2 2 2
left_child=1 6 5 -4 9 -3 7 -1 -8 -2 -11
right_child=4 2 3 -5 -6 -7 8 -9 -10 10 -12
leaf_value=0.0017150769063022742 -0.0096964577654726596 0.0011802784555748956 -0.042832679121303417 0.0061622547407486272 -0.019628680431830303 -0.044395218428894906 -0.050644523848741137 0.014468714316155522 0.009528623743264077 0.019349558956818166 0.046218950076029074
leaf_weight=264.95765554904938 3.4999534189701142 4.6105747371912029 4.7053237408399573 35.103496670722961 5.0924826562404624 12.549675732851027 3.8708352893590918 58.870340377092361 2.5785359591245651 10.254446402192118 7.0671135187149039
leaf_count=723 12 14 23 86 17 59 17 124 6 20 7
internal_value=0.00240092 0.00155148 -0.00937226 0.00029579 0.0149787 -0.0319753 0.00344478 0.00404289 -0.0261214 0.023587 0.0304853
internal_weight=413.16 387.246 56.9691 39.8088 25.914 17.1603 330.277 323.828 6.44937 20.8215 17.3216
internal_count=1108 1052 182 109 56 73 870 847 23 39 27
is_linear=0
shrinkage=0.03


Tree=95
num_leaves=8
num_cat=0
split_feature=8 8 15 11 41 38 6
split_gain=4.93755 15.7168 6.27717 8.50596 6.24618 8.04505 5.07759
threshold=-0.001011500018648803 -0.00079049999476410438 5100.8549804687509 86.049999237060561 -1.2800110578536985 -0.79618477821350087 3.4888207912445073
decision_type=2 2 2 2 2 2 2
left_child=2 6 -1 -4 -3 -6 -2
right_child=1 4 3 -5 5 -7 -8
leaf_value=0.050280818691225714 -0.043935262474487605 -0.034327040608429629 -0.022688071688759113 0.030550502705195843 0.011392593106833718 0.00080433661487046336 0.0052772304640605399
leaf_weight=4.2346179485321036 8.7872394323348981 4.0441565066575995 4.8039498031139356 6.0935856252908707 82.583784364163876 299.82416075468063 2.2691067904233924
leaf_count=4 42 17 19 9 190 821 6
internal_value=0.00233175 0.00168319 0.0191704 0.0068061 0.00269937 0.00309879 -0.033564
internal_weight=412.641 397.508 15.1322 10.8975 386.452 382.408 11.0563
internal_count=1108 1076 32 28 1028 1011 48
is_linear=0
shrinkage=0.03


Tree=96
num_leaves=9
num_cat=0
split_feature=34 3 1 34 28 40 21 45
split_gain=4.70499 9.32262 9.17477 12.7232 12.1063 9.14809 8.93493 1.69456
threshold=-3.0099809169769283 17328.473632812504 22978.747070312504 -1.8346387743949888 -2.1573681831359859 -0.50384169816970814 16392.000000000004 81.347770690917983
decision_type=2 2 2 2 2 2 2 2
left_child=5 2 3 -2 -4 -1 -3 -8
right_child=1 6 4 -5 -6 -7 7 -9
leaf_value=-0.024244360592567505 -0.036250109411329612 0.022456473639665925 -0.0089294618700264602 0.00037469366411963569 0.013536001544161338 0.031557133151750918 -0.01686638685820353 -0.048947675668711124
leaf_weight=3.3647298961877814 8.838885232806204 2.6099075675010672 27.07402004301548 246.29319955408573 104.02641220390797 11.590281769633291 2.3787225112318975 6.1605855673551559
leaf_count=11 35 5 85 693 224 17 10 28
internal_value=0.00226354 0.0016336 0.00242139 -0.00088239 0.00887369 0.0188017 -0.0253881 -0.0403624
internal_weight=412.337 397.382 386.233 255.132 131.1 14.955 11.1492 8.53931
internal_count=1108 1080 1037 728 309 28 43 38
is_linear=0
shrinkage=0.03


Tree=97
num_leaves=6
num_cat=0
split_feature=25 25 32 20 15
split_gain=4.82126 10.5082 9.54492 6.92708 5.8901
threshold=-15.694970607757567 -12.398345470428465 -1.4722863435745237 0.13785743713378909 121695.42968750001
decision_type=2 2 2 2 2
left_child=-1 -2 4 -4 -3
right_child=1 2 3 -5 -6
leaf_value=-0.027026870962114084 0.032627058645650055 -0.047917178051193728 0.018449370843188186 0.0014307942838909385 0.0097509757531786707
leaf_weight=5.0011774599552146 10.212986409664152 5.5007632225751868 22.926611714065075 366.15228057652712 2.1329780220985413
leaf_count=18 18 24 48 994 6
internal_value=0.00219734 0.00256388 0.00178237 0.00244133 -0.0314109
internal_weight=411.927 406.926 396.713 389.079 7.63374
internal_count=1108 1090 1072 1042 30
is_linear=0
shrinkage=0.03


Tree=98
num_leaves=9
num_cat=0
split_feature=8 8 31 31 28 15 42 6
split_gain=4.69206 14.9154 6.32566 19.7132 7.58895 6.04287 8.05838 4.92195
threshold=-0.001011500018648803 -0.00079049999476410438 -2.2313586473464961 -1.8520824313163755 -2.0771800279617305 5100.8549804687509 85.964595794677749 3.4888207912445073
decision_type=2 2 2 2 2 2 2 2
left_child=5 7 4 -4 -3 -1 -7 -2
right_child=1 2 3 -5 -6 6 -8 -9
leaf_value=0.049311637290258933 -0.043406223238307819 -0.0020115729880070088 -0.029406032605402411 0.0027638696339696042 0.022305222605676293 -0.022313977176401077 0.029698565280198683 0.0051114636312780976
leaf_weight=4.1906905174255362 8.6523479372262937 18.803950980305672 18.107710555195808 319.86448351293802 29.092774257063866 4.7761137038469297 6.0356534868478775 2.2684070318937293
leaf_count=4 42 55 69 848 56 19 9 6
internal_value=0.00213224 0.00150133 0.00248707 0.00103141 0.012696 0.0186187 0.00644447 -0.0330537
internal_weight=411.792 396.79 385.869 337.972 47.8967 15.0025 10.8118 10.9208
internal_count=1108 1076 1028 917 111 32 28 48
is_linear=0
shrinkage=0.03


Tree=99
num_leaves=9
num_cat=0
split_feature=46 36 29 28 38 32 4 15
split_gain=4.63235 5.49539 11.9267 10.8782 17.8861 14.9226 10.7525 9.07218
threshold=1201996.1250000002 285.22000122070318 1.1384195089340212 -1.7768179774284361 -1.0004582107067106 -0.41093233227729792 3327.6000976562505 6065.5400390625009
decision_type=2 2 2 2 2 2 2 2
left_child=1 2 6 4 -3 -5 -1 -4
right_child=-2 3 7 5 -6 -7 -8 -9
leaf_value=0.0032991063751550203 0.022319194098285221 -0.039336125886145192 -0.045154460308956895 -0.023960677814696383 0.0079832528784597352 -0.0011481956419662576 -0.048716685293849565 0.025840751464455917
leaf_weight=75.625145792961121 9.9444299042224866 7.5875366777181616 1.6774932742118824 33.326545752584934 131.87006014585495 115.81212963163853 3.7522259950637809 31.807239234447479
leaf_count=199 17 31 8 124 333 324 17 55
internal_value=0.00207002 0.00156096 0.0071758 -0.00062445 0.00538721 -0.00626599 0.000802488 0.0221945
internal_weight=411.403 401.458 112.862 288.596 139.458 149.139 79.3774 33.4847
internal_count=1108 1091 279 812 364 448 216 63
is_linear=0
shrinkage=0.03


Tree=100
num_leaves=12
num_cat=0
split_feature=27 6 6 14 33 10 33 12 39 43 45
split_gain=4.52584 4.88677 32.9915 19.2589 11.9699 11.1939 10.948 10.7281 3.94758 6.18414 1.69858
threshold=1.4077156186103823 2.1426118612289433 2.3539071083068852 30390.300781250004 -1.3577048778533933 286932.53125000006 2.1575757265090947 151.76249694824222 -0.24599144607782361 1.8235928416252138 83.773696899414077
decision_type=2 2 2 2 2 2 2 2 2 2 2
left_child=1 4 7 -4 5 -1 -6 -3 9 -2 -10
right_child=8 2 3 -5 6 -7 -8 -9 10 -11 -12
leaf_value=0.040310000907486092 -0.029315276544426609 -0.0073987191674529263 -0.010667780583681815 0.01063580764554399 -0.00053530044350258411 -0.0014483667729474137 0.025835974337253813 -0.049416165003811789 0.035690238132866883 0.023438707499877053 0.014401551583450861
leaf_weight=14.972981721162798 3.8649328798055675 8.6295343562960642 61.063051044940948 101.71807540953159 161.09812898933887 9.1870172470808011 15.516023114323614 15.844735488295553 6.6582458764314643 4.1270574927330017 8.2808698862791044
leaf_count=20 17 27 193 235 460 24 28 70 9 7 18
internal_value=0.0020095 0.00123574 -0.00223965 0.0026259 0.00449206 0.0243069 0.0017645 -0.0347236 0.0149719 -0.00169779 0.0240906
internal_weight=410.961 388.03 187.255 162.781 200.774 24.16 176.614 24.4743 22.9311 7.99199 14.9391
internal_count=1108 1057 525 428 532 44 488 97 51 24 27
is_linear=0
shrinkage=0.03


Tree=101
num_leaves=7
num_cat=0
split_feature=20 1 19 2 38 30
split_gain=4.51876 5.7168 15.7814 9.17209 12.264 10.3187
threshold=3.4782137870788579 103909.48437500001 369.50000000000006 61311.896484375007 1.0000000180025095e-35 -2.1497999429702754
decision_type=2 2 2 2 2 2
left_child=1 3 -3 5 -5 -1
right_child=-2 2 -4 4 -6 -7
leaf_value=-0.0081840879485900169 0.022123928587695504 -0.0473072962047177 0.016714340122974743 0.027740721071364549 -0.014854199746880962 0.0036723586960576166
leaf_weight=87.828186593949795 9.7774187028408033 7.4348141998052579 6.4005681723356247 24.843982852995396 7.9559151381254187 266.08262852579355
leaf_count=271 17 34 13 42 25 706
internal_value=0.00195198 0.00145209 -0.0174726 0.00213692 0.0173175 0.00072153
internal_weight=410.324 400.546 13.8354 386.711 32.7999 353.911
internal_count=1108 1091 47 1044 67 977
is_linear=0
shrinkage=0.03


Tree=102
num_leaves=6
num_cat=0
split_feature=25 25 32 20 15
split_gain=4.52002 9.9562 8.92787 6.39992 5.57581
threshold=-15.694970607757567 -12.398345470428465 -1.4722863435745237 0.13785743713378909 121695.42968750001
decision_type=2 2 2 2 2
left_child=-1 -2 4 -4 -3
right_child=1 2 3 -5 -6
leaf_value=-0.026470160253983382 0.031564181170165365 -0.047013754149715696 0.017587426453410875 0.0011540221413875054 0.0091883943302436648
leaf_weight=4.9781677722930899 10.176293984055517 5.4283307939767829 22.70705322176218 364.58184709399939 2.1302354037761688
leaf_count=18 18 24 48 994 6
internal_value=0.00189486 0.0022509 0.00148782 0.00212527 -0.0307774
internal_weight=410.002 405.024 394.847 387.289 7.55857
internal_count=1108 1090 1072 1042 30
is_linear=0
shrinkage=0.03


Tree=103
num_leaves=12
num_cat=0
split_feature=5 36 16 45 25 11 46 32 46 44 4
split_gain=4.4571 8.15416 12.8228 10.154 7.98219 7.78369 6.26211 13.0482 9.52709 5.12155 3.05375
threshold=214956.87500000003 145115.28906250003 -97.802997589111314 16.154185295104984 0.11398741975426675 56.550001144409187 84963.722656250015 0.10216131061315538 45134.505859375007 29.818032264709476 187805.64843750003
decision_type=2 2 2 2 2 2 2 2 2 2 2
left_child=1 6 5 -4 9 -3 8 -8 -1 -2 -11
right_child=4 2 3 -5 -6 -7 7 -9 -10 10 -12
leaf_value=0.0030047677884678359 -0.010073974287491953 0.0013379510881172335 -0.04210637146558488 0.0053733693694341181 -0.019439813114357416 -0.043773331177831928 -0.00045763085277233701 0.027061210382905883 -0.014004144796683606 0.018260419574087122 0.044992941480801338
leaf_weight=231.02909112721682 3.4907563775777879 4.5990518927574184 4.5856695026159278 34.931241095066071 5.0604882240295401 12.330774895846842 35.753381185233593 27.104409947991371 33.97746454179287 10.12673504650593 6.8627529740333548
leaf_count=600 12 14 23 86 17 59 102 51 117 20 7
internal_value=0.00183881 0.00102387 -0.00949556 -6.04157e-05 0.0139837 -0.0313415 0.0028441 0.0113608 0.000812672 0.0223888 0.0292354
internal_weight=409.852 384.311 56.4467 39.5169 25.5407 16.9298 327.864 62.8578 265.007 20.4802 16.9895
internal_count=1108 1052 182 109 56 73 870 153 717 39 27
is_linear=0
shrinkage=0.03


Tree=104
num_leaves=8
num_cat=0
split_feature=8 8 44 43 6 38 6
split_gain=4.43493 13.9202 6.17375 15.2253 5.99074 4.76836 4.68702
threshold=-0.001011500018648803 -0.00079049999476410438 15.086122035980226 -2.0089793205261226 1.3627943396568301 0.035676777362823493 3.4888207912445073
decision_type=2 2 2 2 2 2 2
left_child=5 6 4 -4 -3 -1 -2
right_child=1 2 3 -5 -6 -7 -8
leaf_value=0.028782669239512781 -0.042777843563015436 0.044119011116456053 -0.045218446498050319 0.0021354210184386132 0.0056047979074169783 -0.00852254447108566 0.004637309292785787
leaf_weight=10.548799797892569 8.4758235588669759 6.0233837515115729 6.2120565772056571 361.90175236016512 9.7107765972614271 4.2037304043769828 2.2680025994777671
leaf_count=19 42 7 30 967 24 13 6
internal_value=0.00178535 0.00117343 0.00212346 0.00132816 0.0205396 0.0179492 -0.0324894
internal_weight=409.344 394.592 383.848 368.114 15.7342 14.7525 10.7438
internal_count=1108 1076 1028 997 31 32 48
is_linear=0
shrinkage=0.03


Tree=105
num_leaves=12
num_cat=0
split_feature=39 39 39 0 33 38 45 40 19 21 27
split_gain=4.3608 12.5322 15.2885 14.5446 13.2133 17.2128 8.70694 7.06442 17.5276 13.9152 3.09901
threshold=-0.29553833603858942 -1.1594670414924619 -1.2815411686897276 136011.00000000003 2.1575757265090947 0.45555852353572851 3.4388459920883183 -0.7514493167400359 25.500000000000004 16392.000000000004 -0.94290515780448902
decision_type=2 2 2 2 2 2 2 2 2 2 2
left_child=1 2 3 -1 5 -3 10 9 -9 -8 -2
right_child=6 4 -4 -5 -6 -7 7 8 -10 -11 -12
leaf_value=0.0093504389127464869 -0.045384275194701784 -0.03917094538435506 0.03623720800365534 -0.028948749504621864 0.020061707154242651 -0.0011429447424591739 0.014384690632172835 -0.025099157653549718 0.0042127150371192501 -0.040396402325748065 -0.00074733704595755877
leaf_weight=30.223125614225864 4.3236111924052238 22.30515956133604 12.112719342112539 12.647501446306704 8.4396037608385068 20.933116093277931 81.926844403147697 20.322155185043812 189.16179696470499 4.3714671134948722 2.2754432260990134
leaf_count=78 20 102 18 53 18 60 179 79 477 17 7
internal_value=0.00173299 -0.00346823 0.0064638 -0.00187844 -0.0140936 -0.0208297 0.00357758 0.00434683 0.00135483 0.011575 -0.0304475
internal_weight=409.043 106.661 54.9833 42.8706 51.6779 43.2383 302.381 295.782 209.484 86.2983 6.59905
internal_count=1108 329 149 131 180 162 779 752 556 196 27
is_linear=0
shrinkage=0.03


Tree=106
num_leaves=12
num_cat=0
split_feature=11 47 36 23 12 38 26 3 26 25 2
split_gain=4.28979 12.2737 9.00443 7.91187 7.79777 12.0607 5.27516 11.1857 4.98092 4.08898 2.28442
threshold=192.85000610351565 329022.28125000006 528035.34375000012 117.64718627929689 45.657499313354499 0.035676777362823493 -1.2652081847190855 -3131.6220703124995 -1.3465088009834287 -2.1857707500457759 61311.896484375007
decision_type=2 2 2 2 2 2 2 2 2 2 2
left_child=1 2 3 -1 8 -6 -3 -8 -2 -10 -4
right_child=4 6 10 -5 5 -7 7 -9 9 -11 -12
leaf_value=0.0010978712485978004 0.039447775314424602 -0.043550893161342183 -0.047851746935299588 0.015953236191055695 -0.051512809047564216 0.021038431639096737 0.020150903592250406 -0.04412194536948822 0.024497842231679137 -0.0093983144333163408 -0.0067608386408979058
leaf_weight=319.33466932177544 8.8911629766225833 7.2629671394825008 3.9627689719200125 35.98125034570694 3.7968643605709058 4.4476138204336166 5.2394521832466125 4.5085379779338819 7.4002118855714816 5.4877563416957855 2.0229068696498871
leaf_count=875 11 35 18 78 16 9 11 21 12 15 7
internal_value=0.00168264 0.000807928 0.0019881 0.00261065 0.0126045 -0.01201 -0.0240818 -0.00926814 0.0220601 0.00983193 -0.0344659
internal_weight=408.336 378.313 361.302 355.316 30.0236 8.24448 17.011 9.74799 21.7791 12.888 5.98568
internal_count=1108 1045 978 953 63 25 67 32 38 27 25
is_linear=0
shrinkage=0.03


Tree=107
num_leaves=7
num_cat=0
split_feature=9 17 34 38 44 33
split_gain=4.32662 6.28117 7.55642 5.96495 9.71416 6.66685
threshold=82.380001068115249 267379.67187500006 0.41723676025867468 2.0133600234985356 81.254325866699233 1.0000000180025095e-35
decision_type=2 2 2 2 2 2
left_child=1 3 -3 4 -1 -5
right_child=-2 2 -4 5 -6 -7
leaf_value=0.0016609690115775312 0.021895811135492597 -0.046290964015217199 0.01165149567057892 0.025403512874028249 -0.026792776184389949 -0.013977181325614766
leaf_weight=356.59681533277035 9.2849865555763227 5.3231685385107976 3.157200425863266 17.570424214005474 11.129591733217238 4.8550463914871207
leaf_count=969 16 25 8 34 40 16
internal_value=0.00163334 0.00115386 -0.0243655 0.00171624 0.000791631 0.0167439
internal_weight=407.917 398.632 8.48037 390.152 367.726 22.4255
internal_count=1108 1092 33 1059 1009 50
is_linear=0
shrinkage=0.03


Tree=108
num_leaves=12
num_cat=0
split_feature=31 28 13 0 17 29 7 41 46 10 44
split_gain=4.31225 9.85313 9.55513 7.33965 12.9207 9.99161 6.10674 5.4552 11.0252 3.74819 2.41191
threshold=2.0960459709167485 2.2694802284240727 195.44449615478518 191802.50000000003 -48668.785156249993 0.72363448143005382 1470213.2500000002 -0.61756280064582814 39473.238281250007 520386.17187500006 63.919412612915046
decision_type=2 2 2 2 2 2 2 2 2 2 2
left_child=1 3 -3 5 -5 -1 7 10 -9 -4 -2
right_child=6 2 9 4 -6 -7 -8 8 -10 -11 -12
leaf_value=0.0019588341084428181 0.046072424334972578 0.015226202000922564 -0.043691347878163721 -0.035691880734106389 0.012511175659867684 -0.012916870439368427 -0.023428521263907202 0.01750644963854844 -0.028248551322644616 0 0.019632158387160346
leaf_weight=214.5323059335351 4.8415069282054892 4.3711242824792889 9.9789088740944845 5.3223642855882636 77.52989462018013 50.098359756171703 4.2526655346155158 17.515541896224025 6.4706735014915457 1.9859909415245045 10.817047223448752
leaf_count=579 6 10 50 20 180 159 15 34 28 6 21
internal_value=0.00158506 0.000504701 -0.0222529 0.00158323 0.00937844 -0.000846012 0.0104707 0.0141827 0.00503822 -0.0361959 0.0279989
internal_weight=407.716 363.819 16.336 347.483 82.8523 264.631 43.8974 39.6448 23.9862 11.9649 15.6586
internal_count=1108 1004 66 938 200 738 104 89 62 56 27
is_linear=0
shrinkage=0.03


Tree=109
num_leaves=12
num_cat=0
split_feature=5 14 36 16 45 0 4 1 2 8 28
split_gain=4.33627 7.99967 7.46051 12.0149 9.32208 7.18811 6.57774 6.20714 10.4286 8.59247 4.65891
threshold=214956.87500000003 18065.135742187504 145115.28906250003 -97.802997589111314 16.154185295104984 23082.500000000004 169521.71875000003 5993.3100585937509 9135.2558593750018 -0.0007299999997485428 -1.6033088564872739
decision_type=2 2 2 2 2 2 2 2 2 2 2
left_child=2 10 7 5 -5 -4 -3 8 -1 -9 -2
right_child=1 6 3 4 -6 -7 -8 9 -10 -11 -12
leaf_value=-0.0010078881570149475 0.035614727812612011 -0.043129005027653537 3.3677336306191537e-05 -0.041285898143687993 0.004907727926808627 -0.043205147924353079 0.017287498997811089 -0.015043028792486183 -0.03617342297188935 0.0061537187371199257 0.0044260565258032701
leaf_weight=60.138170421123505 11.407055661082271 3.4834753721952429 4.6851257234811809 4.433492235839366 34.682053253054619 11.893602572381495 2.9484463930130005 18.475285962224007 8.7210101634263975 239.05038694292307 7.3114093840122232
leaf_count=182 16 17 15 23 86 58 6 64 36 588 17
internal_value=0.00153932 0.0136122 0.000736773 -0.00940021 -0.000251323 -0.030805 -0.0149672 0.00247574 -0.00550517 0.00462138 0.0235927
internal_weight=407.23 25.1504 382.079 55.6943 39.1155 16.5787 6.43192 326.385 68.8592 257.526 18.7185
internal_count=1108 56 1052 182 109 73 23 870 218 652 33
is_linear=0
shrinkage=0.03


Tree=110
num_leaves=8
num_cat=0
split_feature=8 8 31 31 31 41 6
split_gain=4.252 12.7164 5.93854 17.9623 6.86978 4.45527 4.44798
threshold=-0.001011500018648803 -0.00079049999476410438 -2.2313586473464961 -1.8520824313163755 -2.644004106521606 -0.40079644322395319 3.4888207912445073
decision_type=2 2 2 2 2 2 2
left_child=5 6 4 -4 -3 -1 -2
right_child=1 2 3 -5 -6 -7 -8
leaf_value=0.030872328365724747 -0.042009431393966859 -0.00061617791983711184 -0.028856937735885546 0.0020421445308653136 0.022208839340612022 -0.0025138487719051196 0.0043068197080180035
leaf_weight=8.8079200983047468 8.2090908810496312 21.547412715852261 17.887033209204674 316.33949409425259 25.754566341638565 5.8166896700859061 2.2680332958698264
leaf_count=15 42 62 69 848 49 17 6
internal_value=0.00149461 0.000894009 0.00179685 0.000379521 0.011748 0.0173884 -0.0316968
internal_weight=406.63 392.006 381.529 334.227 47.302 14.6246 10.4771
internal_count=1108 1076 1028 917 111 32 48
is_linear=0
shrinkage=0.03


Tree=111
num_leaves=9
num_cat=0
split_feature=26 19 34 26 5 2 40 5
split_gain=4.25628 11.1369 8.59854 7.25892 7.82001 14.9284 11.318 3.23189
threshold=-1.4733325839042661 2.5000000000000004 1.8147774934768679 -1.464861214160919 718.40499877929699 6870.9489746093759 2.3556703329086308 56382.535156250007
decision_type=2 2 2 2 2 2 2 2
left_child=1 -1 7 -2 6 -6 -5 -3
right_child=3 2 -4 4 5 -7 -8 -9
leaf_value=0.03375079826222005 0.027200176354340917 -0.042696719414615981 0.017036574565789577 -0.00082980934384009315 -0.026456253750810621 0.010408535486154655 -0.050625523762306932 0
leaf_weight=3.7562181577086475 10.145789101719854 10.026160798966883 3.5235922038555136 241.34769997745752 10.730465307831762 120.59334014356136 4.183336913585662 1.9877757132053364
leaf_count=6 18 52 8 665 46 289 18 6
internal_value=0.00145049 -0.0122784 -0.0235991 0.00214269 0.00146013 0.00737347 -0.00169044 -0.0357669
internal_weight=406.294 19.2937 15.5375 387.001 376.855 131.324 245.531 12.0139
internal_count=1108 72 66 1036 1018 335 683 58
is_linear=0
shrinkage=0.03


Tree=112
num_leaves=9
num_cat=0
split_feature=34 40 3 1 34 41 28 33
split_gain=4.20375 8.48562 8.08341 8.08315 11.826 11.0676 7.43014 1.38252
threshold=-3.0099809169769283 -0.50384169816970814 17328.473632812504 22978.747070312504 -1.8346387743949888 -0.81638768315315235 1.8460684418678286 2.5264467000961308
decision_type=2 2 2 2 2 2 2 2
left_child=1 -1 3 4 -2 -5 -4 -8
right_child=2 -3 6 5 -6 -7 7 -9
leaf_value=-0.024347758590532165 -0.035912331693308229 0.029844249532359306 0.018692629976484552 0.021891493275255625 -0.00032474836861809967 0.002177833982391803 -0.046489976870232777 -0.015685754624452854
leaf_weight=3.3249443322420111 8.7122454494237882 11.223165199160574 2.5892674475908271 35.648111149668694 243.51642365008593 92.727109387516975 6.0786171928048116 2.0922859758138657
leaf_count=11 35 17 5 67 693 242 29 9
internal_value=0.00140758 0.0172526 0.000810913 0.00154327 -0.00156588 0.00767543 -0.024815 -0.0389692
internal_weight=405.912 14.5481 391.364 380.604 252.229 128.375 10.7602 8.1709
internal_count=1108 28 1080 1037 728 309 43 38
is_linear=0
shrinkage=0.03


Tree=113
num_leaves=11
num_cat=0
split_feature=36 29 4 29 16 36 8 1 15 19
split_gain=4.17745 10.8862 10.0266 10.8352 9.80995 9.26602 9.62683 9.15274 8.40219 4.94139
threshold=285.22000122070318 1.1384195089340212 3327.6000976562505 0.67496958374977123 -2320.8649902343745 643.39001464843761 -0.00039649999234825367 28461.564453125004 6065.5400390625009 84.500000000000014
decision_type=2 2 2 2 2 2 2 2 2 2
left_child=1 2 3 -1 -2 6 -6 -7 -3 -10
right_child=4 8 -4 -5 5 7 -8 -9 9 -11
leaf_value=0.0071272953105186608 -0.043016605277512464 -0.044831152627156215 -0.048046488842679091 -0.026525501125582603 -0.052929645611913212 -0.0019887374750444217 -0.0048155753222005266 0.010075128247106884 0.043796764587042174 0.016727197903776265
leaf_weight=64.971961572766304 4.8045660331845275 1.6339685916900624 3.6855463609099379 9.9075256139039976 5.7480321303010014 192.29543586820364 11.192570134997366 80.081034533679485 8.695233494043352 22.459288820624352
leaf_count=163 25 8 17 36 26 561 31 186 10 45
internal_value=0.00136638 0.00631723 0.00021886 0.00263453 -0.000497803 0.00019792 -0.021318 0.00154713 0.0208381 0.0243786
internal_weight=405.475 111.354 78.565 74.8795 294.122 289.317 16.9406 272.376 32.7885 31.1545
internal_count=1108 279 216 199 829 804 57 747 63 55
is_linear=0
shrinkage=0.03


Tree=114
num_leaves=6
num_cat=0
split_feature=25 25 32 20 15
split_gain=4.04055 9.30864 8.0763 5.96402 5.34706
threshold=-15.694970607757567 -12.398345470428465 -1.4722863435745237 0.13785743713378909 121695.42968750001
decision_type=2 2 2 2 2
left_child=-1 -2 4 -4 -3
right_child=1 2 3 -5 -6
leaf_value=-0.025598890921500323 0.030113735665970927 -0.0461771295811996 0.016557698752698261 0.00058836345032600441 0.0091158320628268071
leaf_weight=4.9413589984178534 10.09773440659046 5.3178958743810645 22.39513873308897 360.06863927096128 2.1180143356323242
leaf_count=18 18 24 48 994 6
internal_value=0.00132611 0.00166623 0.00092179 0.00153129 -0.0300243
internal_weight=404.939 399.997 389.9 382.464 7.43591
internal_count=1108 1090 1072 1042 30
is_linear=0
shrinkage=0.03


Tree=115
num_leaves=15
num_cat=0
split_feature=39 28 10 45 13 10 32 1 12 32 39 21 1 21
split_gain=4.12861 10.3993 11.3575 10.901 9.24282 15.005 8.90815 16.2084 12.515 10.8129 11.7453 10.694 6.23732 4.76625
threshold=0.56859984993934642 -2.1953532695770259 520386.17187500006 23.180859565734867 21.169500350952152 530932.71875000012 1.1067509055137636 15953.454101562502 136.08899688720706 0.66641500592231762 0.14937522262334826 34779.000000000007 15953.454101562502 6568.3750000000009
decision_type=2 2 2 2 2 2 2 2 2 2 2 2 2 2
left_child=6 4 3 -3 -2 -6 9 13 -9 11 -11 -1 -4 -8
right_child=1 2 12 -5 5 -7 7 8 -10 10 -12 -13 -14 -15
leaf_value=0.00042426904770678342 0.018701602634270769 -0.0075792745208992669 -0.0041579528328246455 0.016512046880924933 -0.047879780970560969 0.031234002025311708 -0.045050072003686423 0.011731947349024769 -0.016559151336676549 0.026957567796574537 -0.013663762472262666 -0.048522072818139868 -0.063477380882380002 0.001956003571584959
leaf_weight=166.1706624776125 4.8530480265617397 21.040255770087242 4.1419021040201178 82.964351683855057 9.5130677223205549 2.7425247281789771 12.571403950452803 27.746456891298294 28.476061254739761 27.296256378293037 8.2625486925244314 4.1149502769112578 2.7229736000299454 2.1527253687381736
leaf_count=474 10 64 11 167 44 4 60 64 96 52 26 19 11 6
internal_value=0.00128699 0.00574558 0.00912219 0.0116095 -0.0159606 -0.0299311 -0.000763656 -0.00993918 -0.00254381 0.00238422 0.0174343 -0.000740901 -0.0281242 -0.0379739
internal_weight=404.769 127.978 110.869 104.005 17.1086 12.2556 276.791 70.9466 56.2225 205.844 35.5588 170.286 6.86488 14.7241
internal_count=1108 311 253 231 58 48 797 226 160 571 78 493 22 66
is_linear=0
shrinkage=0.03


Tree=116
num_leaves=11
num_cat=0
split_feature=18 40 6 12 21 35 44 35 29 37
split_gain=4.01213 17.6735 16.0138 14.051 10.3588 8.50469 14.0151 11.5339 6.86938 2.94248
threshold=2.5000000000000004 -0.70030614733695973 2.1426118612289433 10.289000034332277 -12123.999999999998 77666.777343750015 67.467517852783217 35207.878906250007 0.72363448143005382 -0.75940120220184315
decision_type=2 2 2 2 2 2 2 2 2 2
left_child=1 2 8 9 -4 7 -7 -5 -1 -2
right_child=3 -3 4 5 -6 6 -8 -9 -10 -11
leaf_value=0.023515656565616404 0.038467332377070396 -0.04694581338580512 -0.0014638243433486675 0.001035348289730058 -0.047981372772924656 -0.016842471084433822 0.011130041645699791 0.019357797890721277 -0.0091781976026294558 0.013080062390993335
leaf_weight=21.177969470620159 10.650060787796976 8.184062294661997 10.223701924085619 220.85738622397184 7.6256968751549712 50.549020946025848 23.537499457597733 36.042107999324799 7.802280217409133 7.4130795001983634
leaf_count=41 14 39 28 592 35 183 57 78 24 17
internal_value=0.00124967 -0.00626501 0.0007804 0.00244265 -0.0215053 0.00102712 -0.00791503 0.0036176 0.0146101 0.0282145
internal_weight=404.063 55.0137 46.8296 349.049 17.8494 330.986 74.0865 256.899 28.9802 18.0631
internal_count=1108 167 128 941 63 910 240 670 65 31
is_linear=0
shrinkage=0.03


Tree=117
num_leaves=11
num_cat=0
split_feature=4 38 45 38 4 15 21 39 20 17
split_gain=3.95696 12.3758 13.9066 12.2501 11.9856 14.9079 12.2824 9.07283 17.9216 11.9952
threshold=169521.71875000003 0.53381174802780162 17.274502754211429 -0.45854368805885309 30639.669921875004 14418.709960937502 -5193.9999999999991 0.56859984993934642 1.1767861843109133 -48668.785156249993
decision_type=2 2 2 2 2 2 2 2 2 2
left_child=4 2 -2 -4 7 -6 -7 8 -1 -9
right_child=1 -3 3 -5 5 6 -8 9 -10 -11
leaf_value=0.00053092148504060139 -0.042454803219141288 0.041407310400481193 0.023763340875296548 -0.028043862387225737 -0.045826938918582735 0.0074440318640873557 -0.045236508474149041 -0.0050821045285843009 -0.03881625351190169 0.016268805612078226
leaf_weight=213.92730098962784 5.4005603343248394 8.8982197493314725 16.985200330615047 5.3744075149297705 10.75800037384033 19.336463317275047 5.0050799399614361 35.060273870825768 10.945611312985418 71.826937548816204
leaf_count=602 27 11 30 20 52 52 24 95 46 149
internal_value=0.0012135 0.0106136 0.000634947 0.0111767 0.00026602 -0.0163956 -0.00326483 0.00203783 -0.00137095 0.00923739
internal_weight=403.518 36.6584 27.7602 22.3596 366.86 35.0995 24.3415 331.76 224.873 106.887
internal_count=1108 88 77 50 1020 128 76 892 648 244
is_linear=0
shrinkage=0.03


Tree=118
num_leaves=12
num_cat=0
split_feature=36 29 18 48 10 16 36 8 7 15 19
split_gain=3.95992 10.0904 9.48127 14.9483 9.63431 9.24032 8.50172 8.89019 8.02061 7.76089 4.73067
threshold=285.22000122070318 1.1384195089340212 256.50000000000006 -1327508.1874999998 340685.40625000006 -2320.8649902343745 643.39001464843761 -0.00039649999234825367 2383726.1250000005 6065.5400390625009 84.500000000000014
decision_type=2 2 2 2 2 2 2 2 2 2 2
left_child=1 2 3 -1 -4 -2 7 -7 -8 -3 -11
right_child=5 9 4 -5 -6 6 8 -9 -10 10 -12
leaf_value=0.00077866789754023845 -0.042396325187591802 -0.043790226752109813 -0.0083674509817900488 -0.039226952635303382 0.028541351202730166 -0.051295437225882166 0.00052326543379333662 -0.0047990019951494036 0.035114199190517052 0.042762671936810881 0.016026400787819261
leaf_weight=40.843948125839233 4.6939131841063491 1.5947189331054676 10.070294782519342 10.540473490953444 16.83031365275383 5.6710106953978565 264.38934186846018 11.140842318534849 6.1806863844394675 8.4937121719121951 22.325880169868469
leaf_count=113 25 8 31 45 27 26 738 31 9 10 45
internal_value=0.00117838 0.00601281 0.00014601 -0.00736929 0.0146129 -0.000643637 2.78854e-05 -0.0206617 0.00132452 0.0200894 0.0234921
internal_weight=402.775 110.699 78.285 51.3844 26.9006 292.076 287.382 16.8119 270.57 32.4143 30.8196
internal_count=1108 279 216 158 58 829 804 57 747 63 55
is_linear=0
shrinkage=0.03


Tree=119
num_leaves=9
num_cat=0
split_feature=9 32 16 0 5 32 48 34
split_gain=3.91518 5.59459 15.5009 16.3206 13.1874 9.44114 12.9518 10.4419
threshold=82.380001068115249 1.1067509055137636 -434.28050231933588 201110.50000000003 11606.890136718752 0.71895846724510204 -2269678.3749999995 -0.1409923583269119
decision_type=2 2 2 2 2 2 2 2
left_child=1 5 4 -4 -3 7 -7 -1
right_child=-2 2 3 -5 -6 6 -8 -9
leaf_value=-0.0080354986989195631 0.020709722450821821 -0.046665300523175711 -0.0086071213894887682 0.020605820047664741 0.0087743795367595991 -0.027209390257309205 0.022969398803215826 0.0049245068134240967
leaf_weight=83.546470075845718 9.0093192011117917 13.017571300268175 57.267208874225616 24.605558022856712 5.3709716498851767 5.2855620533227912 34.910948902368546 169.19338035583496
leaf_count=252 16 60 177 49 15 19 68 452
internal_value=0.00114437 0.00068844 -0.00541814 0.000135721 -0.0303092 0.00278874 0.0162966 0.000628537
internal_weight=402.207 393.198 100.261 81.8728 18.3885 292.936 40.1965 252.74
internal_count=1108 1092 301 226 75 791 87 704
is_linear=0
shrinkage=0.03


Tree=120
num_leaves=9
num_cat=0
split_feature=46 36 28 38 25 29 38 35
split_gain=3.88867 4.63563 10.1072 16.1447 15.3364 9.61476 14.8509 8.50127
threshold=1201996.1250000002 285.22000122070318 -1.7768179774284361 -1.0004582107067106 -0.37423576414585108 1.0000000180025095e-35 -0.18896836787462232 2213.7050781250005
decision_type=2 2 2 2 2 2 2 2
left_child=1 5 3 -3 -4 6 -1 -7
right_child=-2 2 4 -5 -6 7 -8 -9
leaf_value=-0.021675912717630866 0.020196220030384949 -0.038473644083902331 -0.017705983683951067 0.0069684458073064658 0.0018378622441158734 0.0076866881029538005 0.011424122608725787 0.034566688986868863
leaf_weight=22.886317417025566 9.3942555636167508 7.4279001280665389 65.193160995841026 128.9965331107378 80.535124361515045 47.47332176566124 26.024326309561729 13.819522365927694
leaf_count=81 17 31 224 333 224 117 61 20
internal_value=0.00111111 0.000646508 -0.00138283 0.00447227 -0.00688471 0.00586942 -0.00400274 0.0137962
internal_weight=401.75 392.356 282.153 136.424 145.728 110.203 48.9106 61.2928
internal_count=1108 1091 812 364 448 279 142 137
is_linear=0
shrinkage=0.03


Tree=121
num_leaves=14
num_cat=0
split_feature=38 6 48 13 5 8 10 5 20 1 13 3 46
split_gain=3.91521 12.2192 15.3647 10.4562 11.6523 13.0173 9.9076 7.65283 18.1132 13.3547 7.65157 6.12962 5.25712
threshold=-0.79618477821350087 2.5206669569015507 -1427339.6874999998 100.679500579834 405390.90625000006 -0.00089049999951384951 445770.29687500006 718.40499877929699 0.45464311540126806 7951.7260742187509 129.52400207519534 -9411.3466796874982 169023.50000000003
decision_type=2 2 2 2 2 2 2 2 2 2 2 2 2
left_child=1 6 11 4 5 -2 10 8 -5 -9 -1 -3 -4
right_child=3 2 12 7 -6 -7 -8 9 -10 -11 -12 -13 -14
leaf_value=0.015040965429354895 0.031804196594922632 0.036842142669886987 -0.048958463797256269 0.0043832498947761677 0.028814128784603574 -0.029313969972450785 0.037437509537381952 -0.017501785482363225 -0.015733333945650761 0.013400634255178378 -0.010393875910450247 -0.0059680497221095349 0.0017731907399440557
leaf_weight=36.355234146118164 3.4917078316211727 4.8931004852056503 8.5204815566539747 125.50680454075336 4.5462259650230399 27.659737952053547 12.572204768657683 14.898683652281759 59.259003832936287 78.925476804375648 14.911089763045309 7.5899194926023501 2.2004859149456015
leaf_count=81 6 7 38 330 7 111 16 57 194 185 47 23 6
internal_value=0.00107928 0.00671205 -0.0118632 -0.000471181 -0.0157649 -0.022367 0.0135107 0.00147774 -0.0020524 0.00846155 0.00758459 0.0105724 -0.0382659
internal_weight=401.33 87.0425 23.204 314.288 35.6977 31.1514 63.8385 278.59 184.766 93.8242 51.2663 12.483 10.721
internal_count=1108 218 74 890 124 117 144 766 524 242 128 30 44
is_linear=0
shrinkage=0.03


Tree=122
num_leaves=9
num_cat=0
split_feature=32 20 40 23 22 23 36 43
split_gain=3.8246 4.36453 9.11313 7.74555 12.0426 7.80809 7.28492 2.45411
threshold=-1.6506482958793638 0.13785743713378909 0.12866124510765078 69.315532684326186 571.75000000000011 70.202625274658217 3876.7399902343755 0.19755569845438006
decision_type=2 2 2 2 2 2 2 2
left_child=-1 2 6 4 -3 -5 -2 -4
right_child=1 3 7 5 -6 -7 -8 -9
leaf_value=-0.025090382908881454 -0.029042947646944654 -0.01166589929038387 0.015525368230489259 0.029603673278508203 0.010751888864196014 0.0024129609096804217 0.0294133844330835 0.041639365425233187
leaf_weight=4.9634285867214194 5.8596822544932383 84.482143059372902 6.7789155989885312 9.9112315177917463 28.831104353070259 249.75369825959206 2.8145349770784378 7.2139328718185425
leaf_count=19 25 290 13 18 70 660 5 8
internal_value=0.00104885 0.00138436 0.0141717 0.000599186 -0.0059355 0.00346237 -0.00972969 0.0292027
internal_weight=400.609 395.645 22.6671 372.978 113.313 259.665 8.67422 13.9928
internal_count=1108 1089 51 1038 360 678 30 21
is_linear=0
shrinkage=0.03


Tree=123
num_leaves=7
num_cat=0
split_feature=9 1 2 25 38 39
split_gain=3.79857 5.64233 7.78413 9.67367 8.47214 5.99538
threshold=82.380001068115249 103909.48437500001 61311.896484375007 -15.694970607757567 1.0000000180025095e-35 0.14937522262334826
decision_type=2 2 2 2 2 2
left_child=1 2 3 -1 -4 -3
right_child=-2 5 4 -5 -6 -7
leaf_value=-0.047928749249429026 0.020330762334159102 -0.043998150589105403 0.024848464558284423 0.00043758846107484311 -0.010658885746664586 0
leaf_weight=3.7621377855539313 8.9704207777976972 5.1935888975858671 23.094624429941181 344.91475680470467 8.0576500445604307 6.1787545830011368
leaf_count=17 16 25 41 966 25 18
internal_value=0.00101909 0.000568599 0.00119948 -7.56685e-05 0.0155681 -0.0202385
internal_weight=400.172 391.202 379.829 348.677 31.1523 11.3723
internal_count=1108 1092 1049 983 66 43
is_linear=0
shrinkage=0.03


Tree=124
num_leaves=13
num_cat=0
split_feature=38 6 20 13 27 26 0 33 31 47 47 25
split_gain=3.72843 11.5588 15.0902 9.95186 14.0832 10.1947 8.97018 8.58902 7.22424 7.10827 4.6447 3.68603
threshold=-0.79618477821350087 2.7067383527755742 0.96999984979629528 100.679500579834 -1.3939511775970457 -1.4817278385162351 220220.50000000003 -0.65789553523063649 1.0094747543334963 2748.0498046875005 650437.78125000012 -0.51465752720832814
decision_type=2 2 2 2 2 2 2 2 2 2 2 2
left_child=1 6 11 4 10 -5 7 -1 -6 -7 -2 -3
right_child=3 2 -4 5 8 9 -8 -9 -10 -11 -12 -13
leaf_value=-0.0056428360508446653 -0.0025566457254923981 -0.046461251824468114 0.022440187333791231 -0.041450343283683619 -0.038351674395044673 -0.0034646121256675677 -0.030585702081766152 0.020319208076552905 -0.0050737646770455799 0.0063198046912187784 0.039908894467595241 -0.00093268427562209863
leaf_weight=14.543267965316771 4.9833500981330854 8.442120835185051 5.8059183508157721 4.9077123627066603 16.997201897203926 115.88227762281895 4.1758244931697837 51.46032577753067 9.3104682862758619 157.09722943603992 4.1454184651374817 2.1422122865915307
leaf_count=41 16 39 11 27 73 320 17 104 30 419 5 6
internal_value=0.000988769 0.00650232 -0.0161037 -0.000525021 -0.0155042 0.00137434 0.0118247 0.0145533 -0.0266884 0.00215524 0.0163985 -0.03753
internal_weight=399.893 86.5697 16.3903 313.324 35.4364 277.887 70.1794 66.0036 26.3077 272.98 9.12877 10.5843
internal_count=1108 218 56 890 124 766 162 145 103 739 21 45
is_linear=0
shrinkage=0.03


Tree=125
num_leaves=14
num_cat=0
split_feature=36 17 43 38 39 47 23 38 33 11 6 10 28
split_gain=3.79521 8.81317 15.43 10.077 9.7475 8.53491 7.43674 10.7063 9.17983 8.95518 10.3727 8.95 6.0341
threshold=285.22000122070318 78164.640625000015 1.285534739494324 0.72302547097206127 -0.29553833603858942 1624.345642089844 95.53827285766603 0.091720901429653182 1.8018498420715334 67.899997711181655 3.0108692646026616 256782.57031250003 2.0598387718200688
decision_type=2 2 2 2 2 2 2 2 2 2 2 2 2
left_child=6 3 -3 4 -2 -5 9 8 -8 10 -1 -11 -4
right_child=1 2 12 5 -6 -7 7 -9 -10 11 -12 -13 -14
leaf_value=0.0033356707720693193 -0.019203243334173475 -0.044546799217146812 0.02352296682569413 -0.020628371864471261 0.00034824912527105006 0.019293595131644366 -0.013865485257488985 -0.047300746112250706 0.04154825305381768 -0.023552585312999814 -0.0506453364195159 0.021412362693389 -0.02431340115796184
leaf_weight=37.091899245977402 25.88014842569828 10.824166528880598 6.7225272208452207 5.4738828390836707 200.39404741674662 36.88988883793354 8.6525740176439303 5.3837384879589072 3.8915785998105994 4.2931148856878272 3.5033972859382621 46.711393475532532 3.626916728913784
leaf_count=100 104 53 13 17 549 77 28 25 5 15 15 91 16
internal_value=0.000958681 -0.000830213 -0.0194691 0.000627706 -0.0018747 0.0140644 0.00571951 -0.0118775 0.00308639 0.00919634 -0.00124902 0.0175688 0.00646905
internal_weight=399.339 289.812 21.1736 268.638 226.274 42.3638 109.528 17.9279 12.5442 91.5998 40.5953 51.0045 10.3494
internal_count=1108 829 82 747 653 94 279 58 33 221 115 106 29
is_linear=0
shrinkage=0.03


Tree=126
num_leaves=12
num_cat=0
split_feature=27 28 9 36 30 42 27 36 39 5 45
split_gain=3.69334 4.44404 11.2005 13.8766 5.98349 14.4479 8.93793 4.43067 3.96722 5.74513 1.80891
threshold=1.4077156186103823 2.1212520599365239 74.670001983642592 1.0000000180025095e-35 2.0197781324386601 58.556077957153327 1.3001759052276614 46200.617187500007 -0.24599144607782361 718.40499877929699 83.773696899414077
decision_type=2 2 2 2 2 2 2 2 2 2 2
left_child=1 4 3 -3 6 -6 -1 -4 9 -2 -10
right_child=8 2 7 -5 5 -7 -8 -9 10 -11 -12
leaf_value=0.00033738034429047533 -0.028376169128574508 0.0028493804663516568 -0.0069180127535994852 -0.045981549716363035 -0.028605824866421322 0.020181869901193257 -0.047791294931724855 0.033884995238749001 0.034771170938348167 0.024555180127814016 0.012184690456776235
leaf_weight=303.57500989362597 4.1088221222162273 9.6730811446905189 4.1062529236078245 11.148297525942324 6.490619868040084 33.312559679150581 3.5123670101165763 5.4235677421092987 6.2549078464508039 3.3185511231422424 7.7170985788106918
leaf_count=847 18 27 12 56 27 64 16 8 9 6 18
internal_value=0.000930492 0.000234642 -0.0107634 -0.0231519 0.00120557 0.0121508 -0.000203331 0.0159888 0.0130572 -0.00432253 0.0225108
internal_weight=398.641 377.242 30.3512 20.8214 346.891 39.8032 307.087 9.52982 21.3994 7.42737 13.972
internal_count=1108 1057 103 83 954 91 863 20 51 24 27
is_linear=0
shrinkage=0.03


Tree=127
num_leaves=9
num_cat=0
split_feature=8 8 18 41 14 14 11 6
split_gain=3.75737 11.181 5.4635 13.1961 10.7857 4.37238 5.29079 4.23778
threshold=-0.001011500018648803 -0.00079049999476410438 2.5000000000000004 -0.70645931363105763 1311.975036621094 2242.2299804687505 86.049999237060561 3.4888207912445073
decision_type=2 2 2 2 2 2 2 2
left_child=5 7 3 -3 -4 -1 -7 -2
right_child=1 2 4 -5 -6 6 -8 -9
leaf_value=0.038050929346679585 -0.041157055269093676 0.000347574991444376 0.025899265440804269 -0.036219431177705805 0.0013147703316842483 -0.02104867655373557 0.024762453997057402 0.0044719323652516142
leaf_weight=5.1878585666418067 7.8816376999020559 38.187340512871742 16.976471170783043 11.512326329946516 306.95963749289513 4.2266554534435254 4.8550708293914795 2.2375509142875671
leaf_count=7 42 106 30 51 841 17 8 6
internal_value=0.000904076 0.000334025 0.00118448 -0.00806237 0.00261243 0.0160243 0.00311152 -0.0307711
internal_weight=398.025 383.755 373.636 49.6997 323.936 14.2696 9.08173 10.1192
internal_count=1108 1076 1028 157 871 32 25 48
is_linear=0
shrinkage=0.03


Tree=128
num_leaves=9
num_cat=0
split_feature=32 20 40 23 36 2 36 43
split_gain=3.56579 4.12043 8.6187 7.04244 11.071 8.26317 6.64966 2.43687
threshold=-1.6506482958793638 0.13785743713378909 0.12866124510765078 69.315532684326186 217785.25781250003 4663.1799316406259 3876.7399902343755 0.19755569845438006
decision_type=2 2 2 2 2 2 2 2
left_child=-1 2 6 4 -3 -5 -2 -4
right_child=1 3 7 5 -6 -7 -8 -9
leaf_value=-0.024537375183016567 -0.028173820135496474 -0.0034293227052517219 0.014835198369309566 -0.040568720719052216 -0.043482364460837572 0.0038485593398721535 0.028296392409692592 0.041052706646370861
leaf_weight=4.8960233479738227 5.7911214940249938 105.84853044897318 6.7159955799579603 3.8162919729948035 6.6225831285119048 254.10199302434921 2.7360408008098602 7.045335054397583
leaf_count=19 25 326 13 20 34 658 5 8
internal_value=0.000878176 0.0012027 0.0137347 0.000440483 -0.00581442 0.00317971 -0.00970287 0.0284757
internal_weight=397.574 392.678 22.2885 370.389 112.471 257.918 8.52716 13.7613
internal_count=1108 1089 51 1038 360 678 30 21
is_linear=0
shrinkage=0.03


Tree=129
num_leaves=13
num_cat=0
split_feature=31 31 28 4 46 22 27 30 39 28 23 14
split_gain=3.66468 10.308 9.26087 9.89149 11.6225 8.99421 7.42365 5.73387 17.3758 11.7042 4.45946 4.36117
threshold=-2.2313586473464961 -2.0564440488815303 -2.0771800279617305 169521.71875000003 1682.6394653320315 -891.31249999999989 -1.208125054836273 -2.1764322519302364 0.47916449606418615 -1.6656041741371153 70.202625274658217 112041.03515625001
decision_type=2 2 2 2 2 2 2 2 2 2 2 2
left_child=2 11 3 4 -1 10 -7 8 -3 -9 -4 -2
right_child=1 7 5 -5 -6 6 -8 9 -10 -11 -12 -13
leaf_value=0.014241353409480685 -0.045324221125944364 0.0037046049529853315 0.00073084220003812148 0.019061647034719856 -0.045899064415983147 0.014880728074399234 -0.049437496489430383 0.012026899364846844 -0.028032331957583399 -0.0015484558833258222 0.03464524784833603 0.0028279602221471362
leaf_weight=4.4674218297004717 6.3716342449188215 45.097332715988159 4.5281143039465013 7.8418281674385062 7.8887993097305298 3.8437137752771378 2.7356809377670279 81.912939704954624 23.578315451741219 188.22720322757959 18.446041315793991 2.1497819721698761
leaf_count=10 30 123 13 18 38 8 12 193 87 543 27 6
internal_value=0.000852305 -0.000230036 0.00846889 -0.00707931 -0.0239124 0.0191966 -0.0114065 0.000580876 -0.00714791 0.00255681 0.0280914 -0.0328243
internal_weight=397.089 347.337 49.7516 20.198 12.3562 29.5536 6.57939 338.816 68.6756 270.14 22.9742 8.52142
internal_count=1108 982 126 66 48 60 20 946 210 736 40 36
is_linear=0
shrinkage=0.03


Tree=130
num_leaves=10
num_cat=0
split_feature=8 8 44 43 46 14 9 39 6
split_gain=3.60644 10.6521 5.38287 13.1028 5.06687 4.16536 4.9929 5.25711 4.09676
threshold=-0.001011500018648803 -0.00079049999476410438 15.086122035980226 -2.0089793205261226 45134.505859375007 2242.2299804687505 61.715000152587898 1.3127034306526186 3.4888207912445073
decision_type=2 2 2 2 2 2 2 2 2
left_child=5 8 4 -4 -3 -1 7 -7 -2
right_child=1 2 3 -5 -6 6 -8 -9 -10
leaf_value=0.037367286658388205 -0.040702084250867715 -0.0076727457912784177 -0.04396767739335769 0.0010957288450140238 0.029731612503425438 -0.043429001560210866 0.031329735324166962 0.0147928737896543 0.0042109781943663006
leaf_weight=5.1242276579141608 7.7345091104507429 4.5062787681818 5.9036516249179831 351.29860729724169 10.799406364560125 2.8046785444021207 3.4972497224807739 2.6771816164255142 2.2404469698667526
leaf_count=7 42 13 30 967 18 14 5 6 6
internal_value=0.000827904 0.000270575 0.0010976 0.000342546 0.0185231 0.01573 0.00304782 -0.0144479 -0.0303135
internal_weight=396.586 382.483 372.508 357.202 15.3057 14.1033 8.97911 5.48186 9.97496
internal_count=1108 1076 1028 997 31 32 25 20 48
is_linear=0
shrinkage=0.03


Tree=131
num_leaves=9
num_cat=0
split_feature=26 41 26 5 2 36 33 0
split_gain=3.56526 9.93477 6.53105 6.65973 12.8438 11.082 3.79288 3.41078
threshold=-1.4733325839042661 -0.94214722514152516 -1.464861214160919 718.40499877929699 6870.9489746093759 285.22000122070318 1.3264698386192324 175376.00000000003
decision_type=2 2 2 2 2 2 2 2
left_child=1 7 -2 5 -5 -4 -3 -1
right_child=2 6 3 4 -6 -7 -8 -9
leaf_value=-0.0053500769271054814 0.025383249879842518 -0.04199430323230053 0.0054398134661638236 -0.025556173335048189 0.0091555185100639716 -0.0076355024968991041 0 0.033258238265271509
leaf_weight=4.174753315746786 9.9916513562202436 7.7739287093281728 100.07202191650867 10.407941751182078 117.66730904579163 139.45261540263891 2.7565214931964874 3.8649646192789078
leaf_count=15 18 42 254 46 289 429 9 6
internal_value=0.000803851 -0.0120121 0.00144209 0.00078319 0.00631127 -0.00216019 -0.0312686 0.0128371
internal_weight=396.162 18.5702 377.592 367.6 128.075 239.525 10.5305 8.03972
internal_count=1108 72 1036 1018 335 683 51 21
is_linear=0
shrinkage=0.03


Tree=132
num_leaves=6
num_cat=0
split_feature=7 32 25 32 39
split_gain=3.60536 5.97372 7.85741 6.03262 4.46968
threshold=2383726.1250000005 -1.4722863435745237 -12.398345470428465 -1.3761364221572874 -0.29553833603858942
decision_type=2 2 2 2 2
left_child=1 2 -1 -3 -5
right_child=-2 3 -4 4 -6
leaf_value=0.012368052011366653 0.022077401730476655 0.02367123579082421 -0.043855890288912167 -0.0051344425336844711 0.0023376661226038563
leaf_weight=3.443455845117569 7.0316880494356147 10.265423104166983 6.0381280630826932 98.088372953236103 270.88510097563267
leaf_count=8 13 19 29 318 721
internal_value=0.000779851 0.000386875 -0.0231205 0.000982507 0.000343141
internal_weight=395.752 388.72 9.48158 379.239 368.973
internal_count=1108 1095 37 1058 1039
is_linear=0
shrinkage=0.03


Tree=133
num_leaves=8
num_cat=0
split_feature=9 44 18 32 48 32 23
split_gain=3.48344 5.47798 14.0433 4.54705 15.3959 7.7963 0.70071
threshold=82.380001068115249 83.698440551757827 566.50000000000011 1.1815078258514407 -1297122.1249999998 0.71895846724510204 58.813699722290046
decision_type=2 2 2 2 2 2 2
left_child=1 3 6 5 -5 -1 -3
right_child=-2 2 -4 4 -6 -7 -8
leaf_value=0.00061895808035475504 0.019436321118566642 -0.025254371287332222 0.033970659307323743 0.0045637154333806884 -0.021352787165855536 0.014222591471151241 -0.04961369189775635
leaf_weight=243.12586157396436 8.7910446226596815 2.0771129429340345 2.9238526672124863 55.446631364524364 32.739416502416134 45.046732164919376 5.3705074042081833
leaf_count=684 16 9 4 147 123 101 24
internal_value=0.000757013 0.000324643 -0.0211717 0.000924998 -0.00502387 0.00275587 -0.0432228
internal_weight=395.521 386.73 10.3715 376.359 88.186 288.173 7.44762
internal_count=1108 1092 37 1055 270 785 33
is_linear=0
shrinkage=0.03


Tree=134
num_leaves=11
num_cat=0
split_feature=31 31 0 0 14 32 10 17 5 13
split_gain=3.52446 9.86995 8.67499 11.5406 8.85581 7.04255 5.56914 4.96769 10.9389 4.30376
threshold=-2.2313586473464961 -2.0564440488815303 78217.000000000015 116028.00000000001 74560.179687500015 -1.6506482958793638 340685.40625000006 6188.0251464843759 1403.0799560546877 1582.8355102539065
decision_type=2 2 2 2 2 2 2 2 2 2
left_child=2 9 7 -4 -5 -3 -7 8 -1 -2
right_child=1 5 3 4 -6 6 -8 -9 -10 -11
leaf_value=0.025587769965227238 -0.044868240115582492 -0.043937696421088628 -0.046123263566290387 -0.012694108102667891 0.024422006042146494 -0.0016903462919809012 0.0066729038453063032 0.036130811798299654 -0.045402517879060626 0.0034387431894892162
leaf_weight=7.4850445985794085 6.3059411495923978 3.1817040294408789 4.6196661144495037 11.486946403980257 11.55353571474552 230.56743418425322 103.81388408690691 11.445265203714369 2.6282282918691635 2.1011030673980713
leaf_count=16 30 15 22 38 21 680 251 17 12 6
internal_value=0.000735059 -0.000325192 0.00824878 -0.00277403 0.00578738 0.000465704 0.000897183 0.0225305 0.00684224 -0.0324384
internal_weight=395.189 345.97 49.2187 27.6601 23.0405 337.563 334.381 21.5585 10.1133 8.40704
internal_count=1108 982 126 81 59 946 931 45 28 36
is_linear=0
shrinkage=0.03


Tree=135
num_leaves=13
num_cat=0
split_feature=38 25 32 1 47 11 19 26 1 20 2 40
split_gain=3.53133 10.6724 11.0873 11.0689 9.12999 9.73147 7.82536 9.01321 7.4927 6.49579 11.5086 4.77933
threshold=-0.79618477821350087 -5.4316360950469962 1.1815078258514407 22978.747070312504 916.04510498046886 121.45000076293947 10.500000000000002 -1.464861214160919 5993.3100585937509 0.13785743713378909 4663.1799316406259 0.12866124510765078
decision_type=2 2 2 2 2 2 2 2 2 2 2 2
left_child=1 4 8 -4 -1 -6 7 -2 -3 11 -11 -8
right_child=6 2 3 -5 5 -7 9 -9 -10 10 -12 -13
leaf_value=0.017035257853184611 0.02028862205518029 -0.0018520877613545934 -0.045733999357534069 0.0058360669646379763 -0.047026592461270396 0.018596048881521776 -0.0066276236875721798 -0.042705828317415505 0.024910809812869795 -0.03338903593066575 0.00010486921437246948 0.026498461317608107
leaf_weight=5.0958591103553799 2.6975612044334412 12.160582371056078 5.2044807076454189 13.118331819772719 8.4177352339029294 2.6062831580638877 5.3077924773097065 7.7988898009061796 38.820816144347191 9.5534401684999448 270.23754575848579 13.70425710082054
leaf_count=11 6 37 24 32 40 5 17 40 69 48 757 22
internal_value=0.000713123 0.00611644 0.0112558 -0.00864836 -0.015793 -0.03124 -0.000769497 -0.0262306 0.0184682 0.000114869 -0.00102806 0.0170925
internal_weight=394.724 85.4241 69.3042 18.3228 16.1199 11.024 309.299 10.4965 50.9814 298.803 279.791 19.012
internal_count=1108 218 162 56 56 45 890 46 106 844 805 39
is_linear=0
shrinkage=0.03


Tree=136
num_leaves=7
num_cat=0
split_feature=8 8 41 38 41 39
split_gain=3.46825 10.0749 5.30208 6.59181 4.00334 3.77781
threshold=-0.001011500018648803 -0.00079049999476410438 -1.2800110578536985 -0.65133738517761219 -0.40079644322395319 0.69180124998092662
decision_type=2 2 2 2 2 2
left_child=4 5 -3 -4 -1 -2
right_child=1 2 3 -5 -6 -7
leaf_value=0.028512279914310459 -0.040330540994166671 -0.034326426021945376 0.0071184165150620735 -0.0014633160521669759 -0.0039810116451491099 0.0023393088746303465
leaf_weight=8.3867432922124845 7.4575691148638708 3.7895009443163863 119.25092188641429 247.23622030764818 5.5072777345776549 2.3180062547326088
leaf_count=15 41 17 301 710 17 7
internal_value=0.000692654 0.000146474 0.000947975 0.0013209 0.0154167 -0.0299057
internal_weight=393.946 380.052 370.277 366.487 13.894 9.77558
internal_count=1108 1076 1028 1011 32 48
is_linear=0
shrinkage=0.03


Tree=137
num_leaves=9
num_cat=0
split_feature=26 19 34 26 5 36 8 36
split_gain=3.46959 9.66617 7.63141 5.97214 6.36784 10.3384 10.2792 3.2187
threshold=-1.4733325839042661 2.5000000000000004 1.8147774934768679 -1.464861214160919 718.40499877929699 285.22000122070318 -0.00053150000167079259 260121.24218750003
decision_type=2 2 2 2 2 2 2 2
left_child=1 -1 7 -2 5 -5 -6 -3
right_child=3 2 -4 4 6 -7 -8 -9
leaf_value=0.03187350981033208 0.024282686618778956 -0.041821500308699494 0.015779976924269575 0.0051404845861068226 0.020155691128993136 -0.0075218061129831339 0.00088812982350418073 0.00024054444734466579
leaf_weight=3.5710312426090267 9.9154062867164594 9.5197073146700841 3.41839575767517 99.576613649725914 34.222782157361507 138.62171695381403 93.018391750752926 1.8070131987333287
leaf_count=6 18 52 8 254 73 429 262 6
internal_value=0.00067169 -0.012062 -0.022906 0.00130105 0.000669283 -0.00221586 0.00609391 -0.0348463
internal_weight=393.671 18.3161 14.7451 375.355 365.44 238.198 127.241 11.3267
internal_count=1108 72 66 1036 1018 683 335 58
is_linear=0
shrinkage=0.03


Tree=138
num_leaves=12
num_cat=0
split_feature=31 28 32 0 2 32 7 41 15 34 18
split_gain=3.42951 8.29737 11.714 6.30017 10.2991 9.60753 4.94503 4.76321 9.7863 3.26968 2.24151
threshold=2.0960459709167485 2.2694802284240727 2.4226145744323735 191802.50000000003 11652.232910156252 1.1815078258514407 1470213.2500000002 -0.61756280064582814 190107.85156250003 1.8147774934768679 6.5000000000000009
decision_type=2 2 2 2 2 2 2 2 2 2 2
left_child=1 3 9 5 -5 -1 7 10 -9 -3 -2
right_child=6 2 -4 4 -6 -7 -8 8 -10 -11 -12
leaf_value=0.0014245489142233514 0.0072937354681544084 -0.042826218625581162 0.027110537580557544 -0.0071694965897355989 0.015600904061646185 -0.012694409200313833 -0.021871324408468732 -0.017944983348359301 0.021541571974435299 -0.00019689231784267584 0.03356834224342372
leaf_weight=200.6183891557157 4.5536851286888114 10.003798469901083 3.3783692568540564 26.59966966509819 53.661616660654545 55.262108400464058 4.1860993802547446 10.290175408124925 12.455961495637892 2.1015126109123221 10.157652840018271
leaf_count=554 12 53 7 83 117 184 15 39 23 6 15
internal_value=0.000652944 -0.000302921 -0.0217809 0.000677495 0.00801711 -0.00161298 0.00879601 0.0123034 0.00354627 -0.0356735 0.0256393
internal_weight=393.269 351.625 15.4837 336.142 80.2613 255.88 41.6436 37.4575 22.7461 12.1053 14.7113
internal_count=1108 1004 66 938 200 738 104 89 62 59 27
is_linear=0
shrinkage=0.03


Tree=139
num_leaves=7
num_cat=0
split_feature=46 4 2 34 35 34
split_gain=3.41826 4.52145 13.0763 12.8981 8.71589 7.61813
threshold=1201996.1250000002 967.91500854492199 6870.9489746093759 1.4254669547080996 363522.57812500006 1.8147774934768679
decision_type=2 2 2 2 2 2
left_child=1 4 -3 -4 5 -1
right_child=-2 2 3 -5 -6 -7
leaf_value=0.0012826159046578545 0.018841358519645194 -0.041142933283591442 0.0012209234873573997 -0.032559442827826468 -0.045312555457507384 0.01766352012539682
leaf_weight=221.32323452830315 9.0692773759365064 8.1541259661316854 110.61428627744317 11.191196158528326 3.3726778477430335 28.977375090122223
leaf_count=608 17 44 317 43 16 63
internal_value=0.000633956 0.000195704 -0.00434606 -0.00185811 0.00253432 0.00319102
internal_weight=392.702 383.633 129.96 121.805 253.673 250.301
internal_count=1108 1091 404 360 687 671
is_linear=0
shrinkage=0.03


Tree=140
num_leaves=8
num_cat=0
split_feature=34 18 3 36 30 34 19
split_gain=3.39279 7.79167 7.0922 6.82031 5.79958 5.45251 1.42204
threshold=-3.0099809169769283 880.00000000000011 17328.473632812504 1.0000000180025095e-35 1.8927575349807741 -2.0216511487960811 780.50000000000011
decision_type=2 2 2 2 2 2 2
left_child=3 2 5 -1 -4 -2 -3
right_child=1 6 4 -5 -6 -7 -8
leaf_value=0.034707658620589527 -0.016125876162204816 -0.017936299234483498 0.012315512636959345 -0.0071522161906716498 -0.038166863419008996 0.0020761785349790937 -0.051364502450907866
leaf_weight=7.4799870997667295 15.445057824254034 2.5735745877027503 2.7296681553125364 6.4060167968273163 7.3548251837491989 347.58871507644653 2.7796999663114548
leaf_count=10 52 9 7 18 36 964 12
internal_value=0.000615141 7.28179e-05 0.00059632 0.0151804 -0.0242048 0.00129352 -0.0358544
internal_weight=392.358 378.472 373.118 13.886 10.0845 363.034 5.35327
internal_count=1108 1080 1059 28 43 1016 21
is_linear=0
shrinkage=0.03


Tree=141
num_leaves=12
num_cat=0
split_feature=27 37 2 20 2 6 0 11 39 43 45
split_gain=3.36819 4.08121 12.5868 14.5971 11.8789 11.1491 9.32552 8.31087 3.66734 5.28502 1.7014
threshold=1.4077156186103823 1.0000000180025095e-35 8299.6582031250018 0.13785743713378909 15654.903320312502 2.8820117712020878 221856.50000000003 205.50000000000003 -0.24599144607782361 1.8235928416252138 83.773696899414077
decision_type=2 2 2 2 2 2 2 2 2 2 2
left_child=1 5 3 -3 -4 6 -1 -7 9 -2 -10
right_child=8 2 4 -5 -6 7 -8 -9 10 -11 -12
leaf_value=0.0011681414525616036 -0.03112398042137432 0.014644832705957865 0.018094946900808317 -0.031383219679384108 -0.00024519030602108597 -0.023842278854703927 -0.042574107028546151 0.031817394825639951 0.033887604699191096 0.020025993411628692 0.011534609057045722
leaf_weight=178.81067843735218 3.5288365781307247 9.5279836803674716 55.017317935824394 17.413959562778473 74.518025793135166 29.04229295253754 4.4964786022901526 2.5890466421842566 5.9711011797189695 3.7041683346033096 7.4954239279031754
leaf_count=508 17 19 112 75 202 115 22 4 9 7 18
internal_value=0.00059633 -5.20203e-05 0.00362541 -0.0149941 0.00752122 -0.00274318 7.87891e-05 -0.0191917 0.0123747 -0.00451428 0.0216688
internal_weight=392.115 371.416 156.477 26.9419 129.535 214.938 183.307 31.6313 20.6995 7.233 13.4665
internal_count=1108 1057 408 94 314 649 530 119 51 24 27
is_linear=0
shrinkage=0.03


Tree=142
num_leaves=9
num_cat=0
split_feature=26 19 34 26 4 38 36 36
split_gain=3.31891 9.17171 7.09781 5.49476 5.28409 9.57361 8.89499 3.12963
threshold=-1.4733325839042661 2.5000000000000004 1.8147774934768679 -1.464861214160919 169521.71875000003 0.53381174802780162 145115.28906250003 260121.24218750003
decision_type=2 2 2 2 2 2 2 2
left_child=1 -1 7 -2 6 -6 -5 -3
right_child=3 2 -4 4 5 -7 -8 -9
leaf_value=0.031011623739717564 0.023323737637149924 -0.041336247977758291 0.014635223788130402 0.0014644953537895637 0.002159707322198493 0.039340045501358327 -0.01259685135671944 0.00025031175610989791
leaf_weight=3.5350854471325901 9.8393513560295087 9.314482066780327 3.4067972004413596 284.2735091894865 23.427514009177685 8.5907705873250944 47.191286690533161 1.8008542805910099
leaf_count=6 18 52 8 779 64 11 164 6
internal_value=0.000579532 -0.0119668 -0.0226355 0.00119442 0.000587135 0.0122292 -0.000528395 -0.0343287
internal_weight=391.38 18.0572 14.5221 373.322 363.483 32.0183 331.465 11.1153
internal_count=1108 72 66 1036 1018 75 943 58
is_linear=0
shrinkage=0.03


Tree=143
num_leaves=9
num_cat=0
split_feature=17 43 38 15 40 2 18 18
split_gain=3.28712 8.11801 5.26936 5.31643 8.04532 4.87771 10.5258 6.2857
threshold=267379.67187500006 1.4681979417800906 2.0133600234985356 418127.04687500006 1.8237432837486269 14433.885742187502 342.50000000000006 410.00000000000006
decision_type=2 2 2 2 2 2 2 2
left_child=2 -2 3 4 -1 7 -7 -4
right_child=1 -3 5 -5 -6 6 -8 -9
leaf_value=0.00042453578790981994 -0.045598426729219765 0.012034190230826651 0.0019756398969794364 0.02574734445466114 -0.025490943159641392 0.025850540415845957 -0.047544200541905557 0.04350727205735791
leaf_weight=342.99470352381468 4.528328485786913 4.1572573110461235 5.8591705262660998 7.1488566249608985 11.127414911985396 4.2530179917812339 2.9848321974277496 7.932955414056778
leaf_count=972 23 11 18 12 40 9 14 9
internal_value=0.000563503 -0.0176678 0.000985552 0.000127409 -0.000381323 0.0155848 -0.00400238 0.0260813
internal_weight=390.987 8.68559 382.301 361.271 354.122 21.03 7.23785 13.7921
internal_count=1108 34 1074 1024 1012 50 23 27
is_linear=0
shrinkage=0.03


Tree=144
num_leaves=9
num_cat=0
split_feature=46 35 35 38 40 44 18 0
split_gain=3.30856 4.27736 9.681 8.79444 12.508 6.38662 6.01851 0.573399
threshold=1201996.1250000002 77666.777343750015 63631.484375000007 -0.95784327387809742 -0.88314002752304066 44.417291641235359 2.5000000000000004 65380.000000000007
decision_type=2 2 2 2 2 2 2 2
left_child=1 2 6 7 -5 -4 -1 -3
right_child=-2 3 5 4 -6 -7 -8 -9
leaf_value=-0.012526616704853877 0.018524241128989451 -0.025419490910618219 -0.01417329160302421 0.02688112793157867 -0.0071202517439756556 0.035434413805367229 0.0022039541139470976 -0.048441593429648037
leaf_weight=27.807344563305378 9.0040726363658887 2.2862042635679236 2.8117910325527182 11.070500031113623 79.805020194500685 11.85490298271179 242.23410836607218 3.7961171716451645
leaf_count=93 17 10 10 22 267 19 653 17
internal_value=0.000547534 0.000115577 0.00197662 -0.00531827 -0.00294517 0.0257194 0.000675974 -0.0402813
internal_weight=390.67 381.666 284.708 96.9578 90.8755 14.6667 270.041 6.08232
internal_count=1108 1091 775 316 289 29 746 27
is_linear=0
shrinkage=0.03


Tree=145
num_leaves=14
num_cat=0
split_feature=38 42 48 33 26 3 13 27 26 31 5 22 11
split_gain=3.35573 10.0994 11.1144 12.5195 10.5065 9.29125 9.11142 12.9237 8.61234 6.63798 6.33468 3.84968 3.45714
threshold=-0.79618477821350087 81.948638916015639 -2562346.1249999995 -0.48353217542171473 -1.123505115509033 -13774.466308593748 100.679500579834 -1.3939511775970457 -1.4817278385162351 1.0094747543334963 718.40499877929699 114.25000000000001 180.30000305175784
decision_type=2 2 2 2 2 2 2 2 2 2 2 2 2
left_child=1 2 -1 -4 5 -3 7 12 -8 -9 -10 -6 -2
right_child=6 4 3 -5 11 -7 8 9 10 -11 -12 -13 -14
leaf_value=0.032019777029932812 -0.0013618829610866129 0.031453557328025225 -0.041036809937253789 -0.00036333084143061673 0.04203098872682702 -0.010380678502836544 -0.040111775716612459 -0.037678905556835909 -0.0016619637088078059 -0.0053187521022882468 0.0081012516237340959 0.014640401046653108 0.035774933782417286
leaf_weight=6.2054506093263617 4.6658999025821668 6.7692922800779369 9.4144166707992536 25.181872546672821 12.53722405433655 16.168389812111855 4.523822955787181 16.49441367387772 177.26285474747419 9.0781090185046178 90.037007234990597 7.9626079201698294 4.1164554059505463
leaf_count=11 15 10 41 74 14 51 27 73 504 30 235 17 6
internal_value=0.000530976 0.00583834 -0.00482307 -0.0115182 0.0159219 0.00183451 -0.000919446 -0.0154815 0.000909963 -0.0263085 0.00161544 0.0315382 0.0157032
internal_weight=390.418 84.2393 40.8017 34.5963 43.4375 22.9377 306.179 34.3549 271.824 25.5725 267.3 20.4998 8.78236
internal_count=1108 218 126 115 92 61 890 124 766 103 739 31 21
is_linear=0
shrinkage=0.03


Tree=146
num_leaves=11
num_cat=0
split_feature=27 28 26 48 30 42 37 39 43 45
split_gain=3.23828 3.99025 13.9972 9.50159 5.58385 12.1344 7.16147 3.60681 5.04242 1.6576
threshold=1.4077156186103823 2.1212520599365239 1.3319510817527773 -2155408.1249999995 1.9460520148277285 58.556077957153327 -0.21572116762399671 -0.24599144607782361 1.8235928416252138 83.773696899414077
decision_type=2 2 2 2 2 2 2 2 2 2
left_child=1 4 -3 -4 6 -6 -1 8 -2 -9
right_child=7 2 3 -5 5 -7 -8 9 -10 -11
leaf_value=-0.0053242875750090218 -0.031067317586929561 -0.048367506435524274 -0.043664596944400919 0.0092197915606674671 -0.027384148097675962 0.017496205880762714 0.0039937233785039463 0.033599194002724153 0.019352199190817307 0.011379073977183414
leaf_weight=148.80392153561115 3.4562811106443432 6.8290903717279461 3.6461098790168789 18.894935213029385 6.3114702701568595 36.889051184058189 147.94510221481323 5.8692877292633039 3.6422738134860992 7.4365746825933456
leaf_count=467 17 32 18 53 27 75 385 9 7 18
internal_value=0.00051521 -0.000119526 -0.0107356 0.000532426 0.000788826 0.0108699 -0.000668656 0.012151 -0.0047744 0.021406
internal_weight=389.724 369.32 29.3701 22.541 339.95 43.2005 296.749 20.4044 7.09855 13.3059
internal_count=1108 1057 103 71 954 102 852 51 24 27
is_linear=0
shrinkage=0.03


Tree=147
num_leaves=13
num_cat=0
split_feature=38 25 32 1 47 11 19 26 1 20 2 45
split_gain=3.2832 9.94065 9.90372 10.1021 8.09406 8.84584 7.27365 8.03823 6.92229 5.93092 10.645 3.79943
threshold=-0.79618477821350087 -5.4316360950469962 1.1815078258514407 22978.747070312504 916.04510498046886 121.45000076293947 10.500000000000002 -1.464861214160919 5993.3100585937509 0.13785743713378909 4663.1799316406259 57.83607482910157
decision_type=2 2 2 2 2 2 2 2 2 2 2 2
left_child=1 4 8 -4 -1 -6 7 -2 -3 11 -11 -8
right_child=6 2 3 -5 5 -7 9 -9 -10 10 -12 -13
leaf_value=0.015548898289393336 0.018602774407829935 -0.0020549556498417748 -0.044393861756933974 0.0055822272928231862 -0.045853580260495325 0.017659325861481182 -0.00045225433721594437 -0.041748592064520952 0.023836295929243911 -0.032865278135616641 -7.4359080614736279e-05 0.02701562722667494
leaf_weight=4.9556629955768576 2.6182207316160202 12.004551023244856 5.03515496850014 12.881305843591688 8.1471934393048269 2.5256186425685874 7.142338145524266 7.5389876440167409 38.232134804129601 9.2242163494229299 267.38506184518337 11.472059950232504
leaf_count=11 6 37 24 32 40 5 20 40 69 48 757 19
internal_value=0.000500351 0.00576616 0.0107408 -0.00829537 -0.0157355 -0.0305428 -0.000934506 -0.0258965 0.0175896 -6.55239e-05 -0.0011787 0.016315
internal_weight=389.163 83.7816 68.1531 17.9165 15.6285 10.6728 305.381 10.1572 50.2367 295.224 276.609 18.6144
internal_count=1108 218 162 56 56 45 890 46 106 844 805 39
is_linear=0
shrinkage=0.03


Tree=148
num_leaves=8
num_cat=0
split_feature=9 44 40 44 2 44 23
split_gain=3.18915 5.35372 9.24135 3.91035 11.103 8.01284 0.453513
threshold=82.380001068115249 83.698440551757827 1.5110405683517458 67.467517852783217 21255.831054687504 60.412853240966804 58.813699722290046
decision_type=2 2 2 2 2 2 2
left_child=1 3 6 5 -5 -1 -3
right_child=-2 2 -4 4 -6 -7 -8
leaf_value=0.0010780099525594747 0.018575721297619426 -0.025989660476498755 0.019285295811850772 0.014223687687313859 -0.0078745051827123075 -0.013005223105911394 -0.047633518918991535
leaf_weight=238.70186552405357 8.5781168490648252 1.986721858382223 3.2620244175195694 56.242107912898064 31.978519827127457 42.849151886999607 4.7721311002969742
leaf_count=685 16 9 6 129 97 144 22
internal_value=0.000485417 6.89241e-05 -0.0215588 0.000663154 0.00617945 -0.00105466 -0.0417153
internal_weight=388.371 379.793 10.0209 369.772 88.2206 281.551 6.75885
internal_count=1108 1092 37 1055 226 829 31
is_linear=0
shrinkage=0.03


Tree=149
num_leaves=14
num_cat=0
split_feature=31 31 28 25 8 22 2 35 36 0 13 33 16
split_gain=3.19689 8.84792 8.22063 10.5693 8.46338 8.37186 6.78946 5.45642 12.0473 6.70149 4.0647 3.75061 2.93878
threshold=-2.2313586473464961 -2.0564440488815303 -2.0771800279617305 -2.8632223606109615 -0.00014150000060908494 -891.31249999999989 13109.206054687502 994165.03125000012 288802.29687500006 48511.500000000007 1582.8355102539065 -1.2545260190963743 -159.24699401855466
decision_type=2 2 2 2 2 2 2 2 2 2 2 2 2
left_child=2 10 3 11 -5 12 -7 8 -3 -9 -2 -1 -4
right_child=1 7 5 4 -6 6 -8 9 -10 -11 -12 -13 -14
leaf_value=0 -0.04387410542545251 0.00090224297249229452 0.0037165228875020617 -0.023019116563748093 0.030863242806141278 0.014064915727490947 -0.048148953351805329 0.029342430468706635 -0.021893857709868181 -0.0081268657418861641 0.0033040048645638447 -0.045217357137725102 0.031943050957573549
leaf_weight=2.0884653925895691 6.0711310431361181 290.62695080786943 4.3713228702545228 4.0456991270184517 7.2748502939939481 3.6399073898792258 2.7287046611309052 12.034365832805635 22.46867011487484 6.5159708857536307 2.0966542363166809 6.0902246087789553 18.05559815466404
leaf_count=7 30 820 12 16 12 8 12 19 86 21 6 31 28
internal_value=0.000470899 -0.000547314 0.00769741 -0.00723429 0.0113419 0.0179128 -0.0121203 0.00020339 -0.000724091 0.0160193 -0.0313963 -0.0333134 0.0265751
internal_weight=388.109 339.814 48.2948 19.4992 11.3205 28.7955 6.36861 331.646 313.096 18.5503 8.16779 8.17869 22.4269
internal_count=1108 982 126 66 28 60 20 946 906 40 36 38 40
is_linear=0
shrinkage=0.03


Tree=150
num_leaves=9
num_cat=0
split_feature=7 36 17 38 36 20 10 48
split_gain=3.19767 3.8147 10.2132 9.25936 8.47412 6.38223 7.05641 6.80726
threshold=2383726.1250000005 285.22000122070318 78164.640625000015 0.72302547097206127 989402.46875000012 0.67892783880233776 238531.17187500003 -1581023.6249999998
decision_type=2 2 2 2 2 2 2 2
left_child=1 5 3 -3 -4 6 -1 -7
right_child=-2 2 4 -5 -6 7 -8 -9
leaf_value=-0.0080650248758508836 0.020643383741442159 -0.0026995422295698016 -0.031145360135563536 0.012830288151721797 0.02624277986887541 -0.04709981076411579 0.011574407099222025 0.0032745989827670948
leaf_weight=20.8831642344594 6.9376568198204032 214.54422997683287 16.346123933792118 41.179833777248859 2.6410657316446295 4.1828100681304932 75.357490725815296 5.4728823453187925
leaf_count=66 13 643 76 94 5 19 177 15
internal_value=0.000457507 8.16796e-05 -0.00177502 -0.000187007 -0.0230048 0.00492658 0.00728169 -0.0182367
internal_weight=387.545 380.608 274.711 255.724 18.9872 105.896 96.2407 9.65569
internal_count=1108 1095 818 737 81 277 243 34
is_linear=0
shrinkage=0.03


Tree=151
num_leaves=6
num_cat=0
split_feature=32 37 39 33 32
split_gain=3.17348 3.63761 4.794 6.55043 4.79154
threshold=-1.6506482958793638 2.6573179960250859 2.037835001945496 1.5281752943992617 -0.79577082395553578
decision_type=2 2 2 2 2
left_child=-1 2 4 -4 -2
right_child=1 -3 3 -5 -6
leaf_value=-0.02416061461501267 0.0076043965751710187 0.020985542500162345 -0.046513131608926596 0.012734011295710728 -0.00091793400652669154
leaf_weight=4.653814271092414 74.340616703033447 7.8369884341955176 4.4343622326850882 2.5968523919582367 293.3047301247716
leaf_count=19 193 15 20 5 856
internal_value=0.00044404 0.000751233 0.000319992 -0.0242046 0.000797184
internal_weight=387.167 382.514 374.677 7.03121 367.645
internal_count=1108 1089 1074 25 1049
is_linear=0
shrinkage=0.03


Tree=152
num_leaves=8
num_cat=0
split_feature=8 8 44 43 38 38 17
split_gain=3.24015 9.24199 4.59529 11.6954 4.91257 3.83471 3.49685
threshold=-0.001011500018648803 -0.00079049999476410438 15.086122035980226 -2.0089793205261226 0.45555852353572851 0.035676777362823493 -8484.9399414062482
decision_type=2 2 2 2 2 2 2
left_child=5 6 4 -4 -3 -1 -2
right_child=1 2 3 -5 -6 -7 -8
leaf_value=0.024994355601219112 6.8421507749625305e-05 0.0033969564967451698 -0.042906958860187465 0.00067295974866687762 0.039379430121497076 -0.0097812384964184856 -0.040226549537886028
leaf_weight=9.7063276767730695 2.4780002236366272 9.4164398163557035 5.6330891959369174 343.35406191647053 5.5525123178958884 3.8953392729163161 6.9865194112062436
leaf_count=19 8 24 30 967 7 13 40
internal_value=0.000430556 -8.53388e-05 0.000667681 -2.18784e-05 0.0169445 0.0148145 -0.0293595
internal_weight=387.022 373.421 363.956 348.987 14.969 13.6017 9.46452
internal_count=1108 1076 1028 997 31 32 48
is_linear=0
shrinkage=0.03


Tree=153
num_leaves=14
num_cat=0
split_feature=38 6 48 10 13 27 26 13 5 44 5 1 11
split_gain=3.19059 9.65135 12.4692 8.7329 8.15095 12.219 8.16801 6.34785 6.32783 6.20317 6.00253 4.53205 3.17523
threshold=-0.79618477821350087 2.5206669569015507 -1427339.6874999998 445770.29687500006 100.679500579834 -1.3939511775970457 -1.4817278385162351 129.52400207519534 405390.90625000006 25.566965103149418 718.40499877929699 5303.5283203125009 180.30000305175784
decision_type=2 2 2 2 2 2 2 2 2 2 2 2 2
left_child=1 3 9 7 5 12 -6 -1 -7 -3 -8 -4 -2
right_child=4 2 11 -5 6 8 10 -9 -10 -11 -12 -13 -14
leaf_value=0.013029988378319941 -0.00071363582080463596 0.036916772312637777 0 0.034681673966974337 -0.039708179861934818 -0.030272130029458902 -0.0017852781400816821 -0.01064791199284333 0.021702171379717927 -0.0074270488006606596 0.007757611959418151 -0.047630031303881992 0.035176086314615745
leaf_weight=34.816350981593132 4.5838456526398641 4.5410898923873919 2.523168817162512 12.082417115569113 4.4169827550649634 22.911338776350025 176.07084036618471 14.27644209563732 2.2532236129045478 7.3757843971252441 89.252290427684784 7.5464403033256531 4.0298374593257904
leaf_count=81 15 6 9 16 27 99 504 47 4 24 235 35 6
internal_value=0.000417992 0.00562955 -0.0113487 0.0117806 -0.00100005 -0.0148969 0.000729068 0.00608322 -0.0254992 0.00921903 0.00141356 -0.0359875 0.0157288
internal_weight=386.68 83.1617 21.9865 61.1752 303.518 33.7782 269.74 49.0928 25.1646 11.9169 265.323 10.0696 8.61368
internal_count=1108 218 74 144 890 124 766 128 103 30 739 44 21
is_linear=0
shrinkage=0.03


Tree=154
num_leaves=12
num_cat=0
split_feature=39 39 39 48 33 38 45 40 14 45 24
split_gain=3.1689 10.5606 12.3491 13.1122 11.2427 13.4154 6.80659 5.16266 17.0815 11.9987 2.38973
threshold=-0.29553833603858942 -1.1594670414924619 -1.2815411686897276 -1289363.1874999998 2.1575757265090947 0.45555852353572851 3.4388459920883183 -0.7514493167400359 116.22999954223634 13.232362270355226 122.04447174072267
decision_type=2 2 2 2 2 2 2 2 2 2 2
left_child=1 2 3 -1 5 -3 10 9 -9 -8 -2
right_child=6 4 -4 -5 -6 -7 7 8 -10 -11 -12
leaf_value=-0.02834279263253801 -0.044129643740240705 -0.0374197887958456 0.032919650018053852 0.0089770921291613126 0.018035297539096128 -0.002891549494077268 0.03556133817705482 -0.041355966220972415 0.001984699611768568 0.0039931949351370037 -0.0040564515392822933
leaf_weight=12.259420365095133 3.7708705067634574 20.856124192476273 11.365632086992262 27.318927437067035 8.0642778724431974 20.081106036901474 12.991553053259848 8.5501671731471998 191.01545684784651 67.36243624985218 2.3496803715825081
leaf_count=56 18 102 18 75 18 60 19 41 515 177 9
internal_value=0.000405282 -0.00418353 0.00533784 -0.00250697 -0.0141436 -0.0205558 0.00201915 0.00271327 0.000112784 0.00913444 -0.0292357
internal_weight=385.986 99.9455 50.944 39.5783 49.0015 40.9372 286.04 279.92 199.566 80.354 6.12055
internal_count=1108 329 149 131 180 162 779 752 556 196 27
is_linear=0
shrinkage=0.03


Tree=155
num_leaves=13
num_cat=0
split_feature=31 39 27 37 0 0 47 8 41 20 46 48
split_gain=3.17673 7.23375 10.2721 5.89565 6.56961 4.54056 7.50731 6.64237 4.12386 3.33998 3.31162 3.28342
threshold=2.0960459709167485 -1.7322952747344968 0.98973032832145702 -1.1363985538482664 191802.50000000003 162534.00000000003 859.86264038085949 0.00028349999047350144 -0.86572489142417897 0.2964282780885697 578.99575805664074 -895802.84374999988
decision_type=2 2 2 2 2 2 2 2 2 2 2 2
left_child=1 2 -1 8 -5 7 10 9 -3 -2 -7 -9
right_child=5 3 -4 4 -6 6 -8 11 -10 -11 -12 -13
leaf_value=-0.043623332735794461 0.03391167039249781 -0.042836819596269858 0.0087833771176645363 -0.0014499645111327867 0.0085633108119923321 -0.01029930043224696 -0.045767024935320706 0.0044060860304069591 0.006974763063130396 0.010877906154820354 0.029054858932081571 -0.040708186027518301
leaf_weight=8.0818889513611776 10.886806041002279 4.7280420064926147 5.6290902346372595 246.81893056631088 77.385098643600941 3.9588742479681951 3.3225606381893158 3.3539197593927383 2.0483895838260642 12.921407513320444 3.6247337460517883 2.4320237040519705
leaf_count=43 15 24 16 722 193 13 16 9 6 31 7 13
internal_value=0.000393131 -0.000532563 -0.0218888 0.000343062 0.000930877 0.00834563 -0.00802493 0.01448 -0.027337 0.0215366 0.0081152 -0.0140384
internal_weight=385.192 344.691 13.711 330.98 324.204 40.5003 10.9062 29.5942 6.77643 23.8082 7.58361 5.78594
internal_count=1108 1004 59 945 915 104 36 68 30 46 20 22
is_linear=0
shrinkage=0.03


Tree=156
num_leaves=7
num_cat=0
split_feature=8 8 41 38 6 41
split_gain=3.09374 8.68141 4.68879 6.0545 4.52008 3.77865
threshold=-0.001011500018648803 -0.00079049999476410438 -1.2800110578536985 -0.65133738517761219 3.6067079305648808 -0.40079644322395319
decision_type=2 2 2 2 2 2
left_child=5 4 -3 -4 -2 -1
right_child=1 2 3 -5 -6 -7
leaf_value=0.027521727301287373 -0.039661880727747838 -0.033500819182982915 0.0065903583960575281 -0.0017377588986403215 0.010700734426440211 -0.0044504093213549936
leaf_weight=8.0908802151679975 7.3316101729869825 3.5874626860022536 116.10835642367601 242.18066858500242 1.9421089589595792 5.4072948470711699
leaf_count=15 43 17 301 710 5 17
internal_value=0.000381564 -0.000123514 0.000602861 0.000952706 -0.0287914 0.0144916
internal_weight=384.648 371.15 361.876 358.289 9.27372 13.4982
internal_count=1108 1076 1028 1011 48 32
is_linear=0
shrinkage=0.03


Tree=157
num_leaves=8
num_cat=0
split_feature=34 18 3 36 28 34 19
split_gain=3.07454 7.14697 6.55084 6.2733 5.59807 4.78043 1.29681
threshold=-3.0099809169769283 880.00000000000011 17328.473632812504 1.0000000180025095e-35 1.8460684418678286 -2.0216511487960811 780.50000000000011
decision_type=2 2 2 2 2 2 2
left_child=3 2 5 -1 -4 -2 -3
right_child=1 6 4 -5 -6 -7 -8
leaf_value=0.033593608538496661 -0.015405397283001691 -0.017463262077055175 0.015442118064628405 -0.0070420077447656331 -0.036912806655964796 0.0017709629492797744 -0.049852412294284221
leaf_weight=7.2182624787092191 15.212298348546026 2.5178624540567389 2.3561469912528974 6.3085287064313889 7.3702016621828079 340.64822302013636 2.7328524440526962
leaf_count=10 52 9 5 18 38 964 12
internal_value=0.000369718 -0.000134712 0.000356285 0.0144205 -0.0239217 0.00102828 -0.0348923
internal_weight=384.364 370.838 365.587 13.5268 9.72635 355.861 5.25071
internal_count=1108 1080 1059 28 43 1016 21
is_linear=0
shrinkage=0.03


Tree=158
num_leaves=12
num_cat=0
split_feature=5 18 28 36 16 45 11 40 46 38 28
split_gain=3.03221 7.67782 6.34563 6.27413 9.96989 6.75291 5.77528 5.12173 5.02853 4.59027 4.05049
threshold=214956.87500000003 61.500000000000007 -1.6033088564872739 145115.28906250003 -97.802997589111314 16.154185295104984 56.550001144409187 2.3556703329086308 84963.722656250015 1.0000000180025095e-35 1.6994785666465761
decision_type=2 2 2 2 2 2 2 2 2 2 2
left_child=3 2 -2 7 6 -6 -5 8 -1 -4 -9
right_child=1 -3 9 4 5 -7 -8 10 -10 -11 -12
leaf_value=-4.5487491526092946e-05 0.032962626669083242 -0.02503777767967463 -0.0226689486762796 0 -0.038985422999846968 0.0029485649072455897 -0.041533716348680173 -0.047526316361306789 0.0096907096415150308 0.025204645841242088 0.0025038481424734349
leaf_weight=243.80538913235068 11.624013304710392 4.3027854338288298 4.2951251715421686 4.1768002212047568 3.8568200692534438 32.831773981451988 11.163493566215037 3.4232750833034506 59.186970613896847 3.0871514081954956 2.3455700725317001
leaf_count=697 17 19 15 14 23 86 59 16 150 5 7
internal_value=0.000358117 0.0108486 0.0191306 -0.000311311 -0.00995541 -0.0013779 -0.0302742 0.00130409 0.00184649 -0.00224259 -0.0266644
internal_weight=384.099 23.3091 19.0063 360.79 52.0289 36.6886 15.3403 308.761 302.992 7.38228 5.76885
internal_count=1108 56 37 1052 182 109 73 870 847 20 23
is_linear=0
shrinkage=0.03


Tree=159
num_leaves=13
num_cat=0
split_feature=31 28 32 43 30 12 30 38 8 39 40 48
split_gain=3.09728 7.20888 10.5078 5.12607 7.54915 4.39111 4.34728 7.28651 4.3255 3.48927 3.30924 2.89901
threshold=2.0960459709167485 2.2694802284240727 2.4226145744323735 2.1375538110733037 1.9460520148277285 2752.321411132813 -1.5228854417800901 -0.60386589169502247 0.00028349999047350144 -1.4253352284431455 -1.1053111553192136 -844046.46874999988
decision_type=2 2 2 2 2 2 2 2 2 2 2 2
left_child=1 3 10 4 -1 -5 7 -2 9 -8 -3 -10
right_child=6 2 -4 5 -6 -7 8 -9 11 -11 -12 -13
leaf_value=-0.00072199909394322329 0.011660992959747516 0 0.026139547529998988 -0.046841640022695349 0.013995650377590589 0.0033135849706476318 0.035979896302423674 -0.044392953660664133 0.0054326830727994642 0.011325824682633307 -0.042078091236670022 -0.039893769618972653
leaf_weight=287.2799619846046 5.1522568240761757 1.9497657418251026 3.225319728255271 3.7964380532503119 35.180091351270676 2.4999923557043076 7.4704816341400173 3.4512320309877378 3.2961544990539551 18.823835656046871 9.4836580753326398 1.9800423085689534
leaf_count=833 13 6 7 18 81 6 11 17 9 43 53 11
internal_value=0.000346923 -0.00056693 -0.0211544 0.000341909 0.000874379 -0.0264511 0.00823339 -0.010476 0.013427 0.0184444 -0.0347582 -0.0110088
internal_weight=383.589 343.415 14.6587 328.756 322.46 6.29643 40.174 8.60349 31.5705 26.2943 11.4334 5.2762
internal_count=1108 1004 66 938 914 24 104 30 74 54 59 20
is_linear=0
shrinkage=0.03


Tree=160
num_leaves=6
num_cat=0
split_feature=32 37 1 24 48
split_gain=2.99648 3.52238 4.80136 9.71068 6.92744
threshold=-1.6506482958793638 2.6573179960250859 4035.3959960937505 55.415248870849616 1.0000000180025095e-35
decision_type=2 2 2 2 2
left_child=-1 2 3 -2 -4
right_child=1 -3 4 -5 -6
leaf_value=-0.023723892949984098 0.0083679129979000906 0.0207310434014862 0.002002730111354318 -0.024662134416284936 -0.024557440632693297
leaf_weight=4.5959784537553778 13.665698416531084 7.6949079781770697 329.02200724184513 19.015360690653324 9.0703912004828435
leaf_count=19 39 15 913 79 43
internal_value=0.000336966 0.000637079 0.000211964 -0.0107587 0.0012813
internal_weight=383.064 378.468 370.773 32.6811 338.092
internal_count=1108 1089 1074 118 956
is_linear=0
shrinkage=0.03


Tree=161
num_leaves=13
num_cat=0
split_feature=31 31 28 0 3 22 2 30 39 28 13 23
split_gain=3.03899 8.13582 7.68561 8.97713 10.813 7.85611 6.34653 5.34081 15.7377 10.4411 3.82944 3.76188
threshold=-2.2313586473464961 -2.0564440488815303 -2.0771800279617305 56477.000000000007 -7515.4870605468741 -891.31249999999989 13109.206054687502 -2.1764322519302364 0.47916449606418615 -1.6656041741371153 1582.8355102539065 70.202625274658217
decision_type=2 2 2 2 2 2 2 2 2 2 2 2
left_child=2 10 3 -1 -5 11 -7 8 -3 -9 -2 -4
right_child=1 7 5 4 -6 6 -8 9 -10 -11 -12 -13
leaf_value=0.026318706291474904 -0.042997848465878813 0.0029846748581589845 0.00026507713615702702 -0.036858690626429186 0.021187664261892135 0.013519106984861881 -0.04719643477096442 0.011070305158961244 -0.027645460563721819 -0.0019635721573168876 0.0032723358058929244 0.031993053324069799
leaf_weight=5.1696347594261196 5.8937503844499579 43.688165754079819 4.3887675628066125 9.8715474531054497 4.0121363401412937 3.5725123584270468 2.6746839880943298 79.43901115655899 22.955914504826069 181.38371661305428 2.0543439984321594 17.700505197048187
leaf_count=12 30 123 13 46 8 8 12 193 87 543 6 27
internal_value=0.000326689 -0.000669839 0.0074432 -0.00717914 -0.0198683 0.0173811 -0.0119955 4.89278e-05 -0.00752103 0.00199467 -0.0306609 0.025825
internal_weight=382.805 335.415 47.3898 19.0533 13.8837 28.3365 6.2472 327.467 66.6441 260.823 7.94809 22.0893
internal_count=1108 982 126 66 54 60 20 946 210 736 36 40
is_linear=0
shrinkage=0.03


Tree=162
num_leaves=6
num_cat=0
split_feature=9 1 1 32 39
split_gain=2.9955 4.29134 5.52943 4.99047 4.70533
threshold=82.380001068115249 103909.48437500001 84892.320312500015 1.1067509055137636 0.14937522262334826
decision_type=2 2 2 2 2
left_child=1 2 3 -1 -3
right_child=-2 4 -4 -5 -6
leaf_value=0.0018264191723649571 0.018005570147100254 -0.041318833442099197 0.024982231626417217 -0.0066640708436703708 -9.8570269993449337e-05
leaf_weight=274.84588586911559 8.428414583206175 4.6987529769539815 8.0925592482089979 80.555148616433144 5.621775783598423
leaf_count=776 16 25 15 258 18
internal_value=0.000317563 -7.32245e-05 0.000460335 -8.95929e-05 -0.0191561
internal_weight=382.243 373.814 363.494 355.401 10.3205
internal_count=1108 1092 1049 1034 43
is_linear=0
shrinkage=0.03


Tree=163
num_leaves=10
num_cat=0
split_feature=35 36 29 2 5 24 29 4 18
split_gain=2.96817 7.89071 13.1106 10.3219 6.85181 6.31455 6.62988 5.63497 4.9167
threshold=994165.03125000012 288802.29687500006 -2.1455839872360225 38909.650390625007 214956.87500000003 174.18312835693362 0.94752848148345958 967.91500854492199 2.5000000000000004
decision_type=2 2 2 2 2 2 2 2 2
left_child=1 4 -3 -4 7 6 -2 -1 -7
right_child=5 2 3 -5 -6 8 -8 -9 -10
leaf_value=0.0028257299929787772 -0.041293910888858996 0.026755928099939437 -0.036287414465863511 0.013190342803135666 0.039039623669968375 -0.0043193714803454542 0.021984645235941742 -0.0060499226949806643 0.031385387581103159
leaf_weight=239.8267105743289 3.5864005386829403 5.233387857675555 17.752677001059059 4.724481873214244 4.1945967376232138 4.7717502713203457 2.4837390631437302 87.936851792037487 11.507398590445517
leaf_count=657 19 10 81 12 5 14 5 287 18
internal_value=0.000307927 -0.000343169 -0.0157289 -0.0257542 0.000932135 0.0109203 -0.0149078 0.000435297 0.0207353
internal_weight=382.018 359.669 27.7105 22.4772 331.958 22.3493 6.07014 327.764 16.2791
internal_count=1108 1052 103 93 949 56 24 944 32
is_linear=0
shrinkage=0.03


Tree=164
num_leaves=15
num_cat=0
split_feature=6 6 25 5 39 12 32 22 48 45 36 4 32 8
split_gain=2.94065 20.2281 13.8138 11.3219 10.4799 10.5473 8.71181 11.0755 11.0814 10.9007 10.0743 8.38675 7.92627 7.882
threshold=2.1426118612289433 2.3539071083068852 -11.004660606384276 2705.924926757813 -0.14405145496129987 346.11349487304693 -0.045822478830814355 -289.91992187499994 -868949.56249999988 86.031883239746108 61399.417968750007 169521.71875000003 1.5386070609092715 -0.00064549999660812307
decision_type=2 2 2 2 2 2 2 2 2 2 2 2 2 2
left_child=6 2 -2 -4 12 -6 7 8 -1 -9 13 -12 -3 -8
right_child=1 4 3 -5 5 -7 10 9 -10 -11 11 -13 -14 -15
leaf_value=0.020909457044443813 0.024365563771866137 -0.0056685810469611145 -0.047986648734589861 0.00092687028247117069 -0.0063372609218275769 0.012075250758890994 -0.018130694179404161 -0.023537743428092357 -0.020529806989515793 0.0053661704185001512 -0.011866063713164577 0.01409419679289969 -0.04181468157902872 0.018759659200519894
leaf_weight=21.793042629957203 3.9842313379049328 28.250984240323305 16.981977075338367 5.52528541535139 42.433720864355564 81.442716561257839 5.6103520020842543 32.778740428388119 7.8539275527000418 18.068941071629524 30.45820352435112 17.662277609109879 6.8583140969276419 61.813184730708599
leaf_count=45 8 91 79 17 134 181 22 129 33 49 112 41 36 131
internal_value=0.00029921 -0.00239977 -0.0266768 -0.0358456 0.0016266 0.00574385 0.00286809 -0.00468522 0.00983038 -0.0132076 0.00815612 -0.00227519 -0.0128149 0.0156455
internal_weight=381.516 185.477 26.4915 22.5073 158.986 123.876 196.039 80.4947 29.647 50.8477 115.544 48.1205 35.1093 67.4235
internal_count=1108 546 104 96 442 315 562 256 78 178 306 153 127 153
is_linear=0
shrinkage=0.03


Tree=165
num_leaves=7
num_cat=0
split_feature=46 4 2 4 35 30
split_gain=2.96474 3.74347 11.4293 9.8456 7.49567 6.36968
threshold=1201996.1250000002 967.91500854492199 6870.9489746093759 1286.830017089844 363522.57812500006 -1.9318735003471372
decision_type=2 2 2 2 2 2
left_child=1 4 -3 -4 5 -1
right_child=-2 2 3 -5 -6 -7
leaf_value=-0.0043218184439672196 0.017655391734165877 -0.039915295294367825 -0.050128265262390524 -0.00040991536180586604 -0.043659587248409869 0.0060232522558080169
leaf_weight=79.203735820949078 8.6492412537336332 7.6385586261749259 3.7061252593994132 114.07822285965085 3.1819891035556784 164.07874962687492
leaf_count=237 17 44 16 344 16 434
internal_value=0.000289921 -0.000105893 -0.00433286 -0.00199979 0.00203299 0.00264295
internal_weight=380.537 371.887 125.423 117.784 246.464 243.282
internal_count=1108 1091 404 360 687 671
is_linear=0
shrinkage=0.03


Tree=166
num_leaves=7
num_cat=0
split_feature=8 8 41 38 6 41
split_gain=2.96422 8.0662 4.31286 5.60643 4.27102 3.59039
threshold=-0.001011500018648803 -0.00079049999476410438 -1.2800110578536985 -0.65133738517761219 3.6067079305648808 -0.40079644322395319
decision_type=2 2 2 2 2 2
left_child=5 4 -3 -4 -2 -1
right_child=1 2 3 -5 -6 -7
leaf_value=0.027008386235822489 -0.039107265133177131 -0.032496932711064547 0.0062704228303748525 -0.0017853494482342265 0.0099145839460556395 -0.0044435193741855783
leaf_weight=7.9613993763923645 7.0913054421544057 3.5289434418082228 114.99226462468505 239.36644954234362 1.9488105773925779 5.2938829213380796
leaf_count=15 43 17 301 710 5 17
internal_value=0.000280177 -0.000215253 0.000483441 0.000820348 -0.0282076 0.0142208
internal_weight=380.183 366.928 357.888 354.359 9.04012 13.2553
internal_count=1108 1076 1028 1011 48 32
is_linear=0
shrinkage=0.03


Tree=167
num_leaves=6
num_cat=0
split_feature=32 37 1 24 48
split_gain=2.91876 3.42696 4.39113 9.27859 6.33842
threshold=-1.6506482958793638 2.6573179960250859 4035.3959960937505 55.415248870849616 1.0000000180025095e-35
decision_type=2 2 2 2 2
left_child=-1 2 3 -2 -4
right_child=1 -3 4 -5 -6
leaf_value=-0.02360635429869436 0.0083211947807676247 0.020469856068022839 0.001862407741990013 -0.024108098274022511 -0.023807069462358447
leaf_weight=4.5464049428701392 13.585705123841761 7.6312143355607978 326.48641345649958 18.768211558461189 8.8819443359971029
leaf_count=19 39 15 913 79 43
internal_value=0.0002713 0.000568507 0.000147343 -0.010398 0.00117363
internal_weight=379.9 375.353 367.722 32.3539 335.368
internal_count=1108 1089 1074 118 956
is_linear=0
shrinkage=0.03


Tree=168
num_leaves=10
num_cat=0
split_feature=44 43 24 37 19 40 39 28 39
split_gain=2.91558 8.72759 7.89801 6.06497 4.64942 5.86203 4.54879 8.51322 7.98325
threshold=19.828891754150394 -2.0089793205261226 86.826869964599624 -0.37610198557376856 244.50000000000003 -0.66037964820861805 0.56859984993934642 -2.2685499191284175 0.24550343304872516
decision_type=2 2 2 2 2 2 2 2 2
left_child=2 -2 4 -4 5 -1 8 -8 -3
right_child=1 6 3 -5 -6 -7 7 -9 -10
leaf_value=0.02471877709294179 -0.04195318783221906 0.00072495299322650848 0.0061279977018074781 -0.044522662853684607 0.041295485276601041 -0.018473726414220008 -0.019854833078138439 0.0077467477741824759 -0.012357361877279292
leaf_weight=8.0731210634112376 4.5052583590149871 179.71382465958595 5.2580482959747314 3.4831077679991704 6.5124522894620887 4.2797135487198856 11.107562512159346 102.06947267055511 54.638574302196503
leaf_count=16 25 545 15 17 8 17 40 244 181
internal_value=0.000262952 -0.000465144 0.00965624 -0.0137117 0.0206427 0.00951162 6.40611e-05 0.00501133 -0.00231235
internal_weight=379.641 352.035 27.6064 8.74116 18.8653 12.3528 347.529 113.177 234.352
internal_count=1108 1035 73 32 41 33 1010 284 726
is_linear=0
shrinkage=0.03


Tree=169
num_leaves=6
num_cat=0
split_feature=25 25 32 15 20
split_gain=2.93784 8.37799 5.37397 4.54101 4.10313
threshold=-15.694970607757567 -12.398345470428465 -1.4722863435745237 121695.42968750001 0.13785743713378909
decision_type=2 2 2 2 2
left_child=-1 -2 3 -3 -4
right_child=1 2 4 -5 -6
leaf_value=-0.023281501840945937 0.028192352931707344 -0.04262162280220512 0.013405788846491655 0.010460230335596196 -0.00045051472349224583
leaf_weight=4.7077598720788947 9.6219890341162664 4.7775450795888892 20.383376866579056 1.9665781408548353 337.75402445346117
leaf_count=18 18 24 48 6 994
internal_value=0.000255 0.000558881 -0.000161597 -0.0266982 0.00032974
internal_weight=379.211 374.504 364.882 6.74412 358.137
internal_count=1108 1090 1072 30 1042
is_linear=0
shrinkage=0.03


Tree=170
num_leaves=13
num_cat=0
split_feature=31 31 28 25 8 30 39 28 23 23 13 33
split_gain=2.90962 7.602 7.1843 9.55128 7.23364 4.76901 14.5675 9.98327 4.54066 6.10477 3.55839 3.39146
threshold=-2.2313586473464961 -2.0564440488815303 -2.0771800279617305 -2.8632223606109615 -0.00014150000060908494 -2.1764322519302364 0.47916449606418615 -1.6656041741371153 69.315532684326186 85.806118011474624 1582.8355102539065 -1.2545260190963743
decision_type=2 2 2 2 2 2 2 2 2 2 2 2
left_child=2 10 3 11 -5 6 -3 -7 -4 -10 -2 -1
right_child=1 5 8 4 -6 7 -8 -9 9 -11 -12 -13
leaf_value=0.00019741044446559933 -0.042193331925360941 0.0029179539999194927 -0.0064450223693208637 -0.021424554937693237 0.029386171771776527 0.010720216797600334 -0.026706984655036264 -0.0020761400575370474 0.04329042645689752 0.010467601101047632 0.0027057809632811138 -0.043996330753624191
leaf_weight=1.9529171362519271 5.7325439453124991 43.290204040706158 5.7293989732861546 3.8857608139514923 6.9782893508672696 78.803722217679024 22.694623127579689 179.95519284158945 8.4602822959423083 13.686566993594168 2.0289362818002701 5.8215788565576094
leaf_count=7 30 123 19 16 12 193 87 543 9 32 6 31
internal_value=0.000247137 -0.00072778 0.00728071 -0.00702459 0.0109365 -1.72608e-05 -0.00722569 0.00180933 0.0169531 0.0231417 -0.0300697 -0.0325092
internal_weight=379.02 332.505 46.5148 18.6385 10.8641 324.744 65.9848 258.759 27.8762 22.1468 7.76148 7.7745
internal_count=1108 982 126 66 28 946 210 736 60 41 36 38
is_linear=0
shrinkage=0.03


Tree=171
num_leaves=11
num_cat=0
split_feature=5 40 2 29 26 4 2 45 5 24
split_gain=2.88146 9.23357 9.12454 8.05062 7.94534 7.00911 15.1823 8.82737 6.71521 1.72652
threshold=718.40499877929699 2.3556703329086308 6870.9489746093759 1.8341246843338015 -1.464861214160919 1.0000000180025095e-35 32346.282226562504 3.4388459920883183 11606.890136718752 174.18312835693362
decision_type=2 2 2 2 2 2 2 2 2 2
left_child=1 5 3 -2 9 7 -7 -1 -6 -4
right_child=2 -3 4 -5 8 6 -8 -9 -10 -11
leaf_value=-0.043773593795979338 -0.040117144808938743 -0.046116865733131319 -0.040559582656400729 0.02220336523418474 0.017002474500360409 -0.021054189927041451 0.0090887399759041719 0.0030547722556304659 0.0019579659270315733 -0.0039397778995687938
leaf_weight=3.6913656145334235 7.2213295921683294 4.1299756690859786 3.6857401207089415 2.4479385316371918 44.918362081050873 39.125674355775118 24.263146974146366 179.8763171620667 67.148293353617191 1.9711440503597257
leaf_count=18 41 20 20 6 94 150 63 494 195 7
internal_value=0.000239881 -0.00161619 0.00392167 -0.0240294 0.00624293 -0.000859832 -0.00946915 0.00209676 0.00801485 -0.0283297
internal_weight=378.479 251.086 127.393 9.66927 117.724 246.957 63.3888 183.568 112.067 5.65688
internal_count=1108 745 363 47 316 725 213 512 289 27
is_linear=0
shrinkage=0.03


Tree=172
num_leaves=8
num_cat=0
split_feature=8 8 34 17 19 34 26
split_gain=2.83174 7.65026 4.90288 4.19192 6.21665 6.14973 4.17107
threshold=-0.001011500018648803 -0.00079049999476410438 0.41723676025867468 267379.67187500006 386.50000000000006 0.41723676025867468 -1.3697006702423093
decision_type=2 2 2 2 2 2 2
left_child=2 6 -1 4 -3 -5 -2
right_child=1 3 -4 5 -6 -7 -8
leaf_value=0.02758353937279685 0.0076992375815775043 -0.00098671582416221698 -0.010386666277715863 -0.043570071128179719 0.0093580763003634788 0.012836390697933329 -0.039407361983165717
leaf_weight=8.4865868091583234 2.1255507133901119 284.62126110866666 4.645612768828868 4.5520740039646617 63.97099407762289 2.7068221867084503 6.7434841021895391
leaf_count=15 8 845 17 24 152 7 40
internal_value=0.000232039 -0.00025269 0.0139229 0.000424944 0.000903076 -0.022123 -0.0277796
internal_weight=377.852 364.72 13.1322 355.851 348.592 7.2589 8.86903
internal_count=1108 1076 32 1028 997 31 48
is_linear=0
shrinkage=0.03


Tree=173
num_leaves=14
num_cat=0
split_feature=38 33 31 17 13 27 26 39 31 47 31 22 11
split_gain=2.86606 9.15626 15.3008 10.5615 7.50141 11.0043 7.38952 7.29587 7.22641 6.52705 6.13555 5.75544 2.81753
threshold=-0.79618477821350087 -0.65789553523063649 -1.594700753688812 3727.0300292968755 100.679500579834 -1.3939511775970457 -1.4817278385162351 0.10652036964893342 -1.0823237895965574 2748.0498046875005 1.0094747543334963 -314.06249999999994 180.30000305175784
decision_type=2 2 2 2 2 2 2 2 2 2 2 2 2
left_child=1 2 -1 8 5 12 -6 -4 -3 -8 -7 -5 -2
right_child=4 3 7 11 6 10 9 -9 -10 -11 -12 -13 -14
leaf_value=0.027044897846755078 -0.00070655919714023875 -0.018611181153870806 -0.0049944485311411982 0 -0.038994737535287052 -0.036182330837887938 -0.0043112834900260015 -0.049568641190235185 0.0099353090703518665 0.0053004223913155494 -0.0043608891647510242 0.034030166509228375 0.033837591378032272
leaf_weight=6.0545936524868038 4.3909050151705724 11.834747165441511 6.0981884747743589 6.0249121189117458 4.1847965493798247 15.62497526407242 110.91493885964155 7.6599448770284653 24.469090014696121 148.58823931962252 8.7292421534657461 19.055423155426979 3.8397978544235229
leaf_count=10 15 45 20 17 27 73 320 35 63 419 30 28 6
internal_value=0.000224826 0.00522487 -0.0124367 0.0109743 -0.00113537 -0.0147181 0.000531726 -0.0300295 0.000546756 0.0011807 -0.0248998 0.0259486 0.0150445
internal_weight=377.47 81.1969 19.8127 61.3842 296.273 32.5849 263.688 13.7581 36.3038 259.503 24.3542 25.0803 8.2307
internal_count=1108 218 65 153 890 124 766 55 108 739 103 45 21
is_linear=0
shrinkage=0.03


Tree=174
num_leaves=14
num_cat=0
split_feature=31 28 32 0 17 32 0 47 8 40 19 40 48
split_gain=2.78801 6.86593 9.826 5.24179 11.022 8.0146 4.18403 6.64864 5.72297 4.32029 3.30821 3.11312 2.86539
threshold=2.0960459709167485 2.2694802284240727 2.4226145744323735 191802.50000000003 -48668.785156249993 1.1815078258514407 162534.00000000003 859.86264038085949 0.00028349999047350144 -0.73134976625442494 31.500000000000004 -1.1053111553192136 -895802.84374999988
decision_type=2 2 2 2 2 2 2 2 2 2 2 2 2
left_child=1 3 11 5 -5 -1 8 9 10 -8 -2 -3 -10
right_child=6 2 -4 4 -6 -7 7 -9 12 -11 -12 -13 -14
leaf_value=0.00091621730649866053 -0.0089637740503434767 0 0.025412974211547069 -0.036052064724160171 0.010058273517391992 -0.012274041469453358 0.028891884258139697 -0.044439413094570446 0.0039622651795257792 -0.016552736443046265 0.024779302288419038 -0.041561333026636851 -0.039237226581157539
leaf_weight=193.3273314088583 2.8627533167600694 1.9251248985528935 3.1289704740047446 4.9644217789173117 72.342814736068249 52.670575432479382 3.9503672048449516 3.1917042434215546 3.2538541257381439 3.5207529067993146 20.163522377610207 9.2223066911101323 2.2734711691737166
leaf_count=554 9 6 7 20 180 184 8 16 9 12 37 53 13
internal_value=0.000217521 -0.000653831 -0.0210163 0.000236047 0.00705841 -0.00189575 0.00779477 -0.00806372 0.0138219 0.00707464 0.0204539 -0.0343176 -0.0132636
internal_weight=376.798 337.582 14.2764 323.305 77.3072 245.998 39.2164 10.6628 28.5536 7.47112 23.0263 11.1474 5.52733
internal_count=1108 1004 66 938 200 738 104 36 68 20 46 59 22
is_linear=0
shrinkage=0.03


Tree=175
num_leaves=13
num_cat=0
split_feature=39 39 16 31 33 38 8 45 39 33 34 27
split_gain=2.83326 9.97003 11.4181 11.5361 10.1358 12.2469 6.67066 5.80773 4.95145 8.36107 8.01934 2.47048
threshold=-0.29553833603858942 -1.1594670414924619 -800.68499755859364 1.6642757058143618 2.1575757265090947 0.45555852353572851 -0.00036750000435858959 3.4388459920883183 -0.049334568902850144 1.1490890979766848 2.1101514101028447 -0.94290515780448902
decision_type=2 2 2 2 2 2 2 2 2 2 2 2
left_child=1 2 3 -1 5 -3 -4 11 9 -9 -10 -2
right_child=7 4 6 -5 -6 -7 -8 8 10 -11 -12 -13
leaf_value=-0.020774051684081352 -0.042357009058526018 -0.036636533806949208 0.045427899262862184 0.014727394873132743 0.016977245241608756 -0.0031541317824487374 0.0061899507147028729 0.019071545018830356 -0.00076111546409969773 -0.023894614296548707 0.019359601969084147 0
leaf_weight=18.286448668688536 3.7580477446317673 20.140706412494183 8.0300213471055049 14.91579546779394 7.8320693075656882 19.624687612056732 7.9726839140057555 29.422858953475952 220.0982057005167 4.6742364764213553 19.383841715753078 2.0540264546871176
leaf_count=79 20 102 10 37 18 60 23 66 627 18 41 7
internal_value=0.00021063 -0.00420333 0.00522152 -0.00473501 -0.0140095 -0.020188 0.0260667 0.0017507 0.00239124 0.0130935 0.000854942 -0.0278839
internal_weight=376.194 96.8024 49.2049 33.2022 47.5975 39.7654 16.0027 279.391 273.579 34.0971 239.482 5.81207
internal_count=1108 329 149 116 180 162 33 779 752 84 668 27
is_linear=0
shrinkage=0.03


Tree=176
num_leaves=8
num_cat=0
split_feature=34 18 33 18 32 19 26
split_gain=2.80705 6.49548 6.0197 5.36042 4.44235 1.23387 0.405234
threshold=-3.0099809169769283 880.00000000000011 3.2501451969146733 141.50000000000003 2.3074238300323491 780.50000000000011 1.0695398449897768
decision_type=2 2 2 2 2 2 2
left_child=3 2 4 -1 -2 -3 -4
right_child=1 5 6 -5 -6 -7 -8
leaf_value=-0.0036753111683770819 0.0018004132375418582 -0.016476412362158178 -0.045536898012240319 0.034376275087210452 -0.009083459158536299 -0.048503915939587958 -0.022367710872553258
leaf_weight=7.0297733098268491 315.21174786984921 2.444138139486312 2.2336242794990531 6.1287045031785965 37.758274089545012 2.6816130131483078 2.0480842292308807
leaf_count=19 909 9 10 9 130 12 10
internal_value=0.000203758 -0.000282377 0.000190377 0.0138196 0.000627633 -0.0338174 -0.035155
internal_weight=375.536 362.377 357.252 13.1585 352.97 5.12575 4.28171
internal_count=1108 1080 1059 28 1039 21 20
is_linear=0
shrinkage=0.03


Tree=177
num_leaves=11
num_cat=0
split_feature=35 36 40 48 23 31 26 15 26 18
split_gain=2.86415 7.46651 12.1525 13.5731 6.29962 7.35202 4.72689 9.98573 5.97788 4.23293
threshold=994165.03125000012 288802.29687500006 -0.12934475392103192 -959551.43749999988 171.4709396362305 -1.0000000180025095e-35 -1.4733325839042661 1.0000000180025095e-35 -1.464861214160919 2.5000000000000004
decision_type=2 2 2 2 2 2 2 2 2 2
left_child=1 6 3 -3 5 -2 7 -1 -8 -6
right_child=4 2 -4 -5 9 -7 8 -9 -10 -11
leaf_value=0.04453456015135758 -0.040766600414062625 0.025851828172893686 -0.043963863779035446 -0.026322183390060441 -0.0032767965522958265 0.027003238244538569 0.025407545439669648 -0.025978290547893506 0.00085724542435680195 0.030675125109825299
leaf_weight=2.0831714868545523 3.7984565831720829 8.6104979887604731 9.0513992719352228 9.3602133616805094 4.4611888378858557 2.2700559049844768 9.2144979387521726 12.636152166873215 302.60278061777353 11.267323136329649
leaf_count=2 21 15 47 41 13 4 16 65 866 18
internal_value=0.000196529 -0.000446004 -0.0156064 -0.00115656 0.0107564 -0.0149215 0.00079939 -0.0157951 0.00159235 0.0208544
internal_weight=375.356 353.559 27.0221 17.9707 21.797 6.06851 326.537 14.7193 311.817 15.7285
internal_count=1108 1052 103 56 56 25 949 67 882 31
is_linear=0
shrinkage=0.03


Tree=178
num_leaves=10
num_cat=0
split_feature=44 43 24 15 35 31 31 16 30
split_gain=2.76823 7.97752 7.15958 5.96956 4.85584 4.37878 11.5902 6.67298 3.91146
threshold=19.828891754150394 -2.0089793205261226 86.826869964599624 34192.990234375007 4237.3249511718759 -2.2313586473464961 -1.9608278870582578 450.67799377441412 -2.8897165060043331
decision_type=2 2 2 2 2 2 2 2 2
left_child=2 -2 4 -4 -1 7 -7 -3 -6
right_child=1 5 3 -5 8 6 -8 -9 -10
leaf_value=0.037753493105281678 -0.041023979776958007 0.0022508224593654935 0.0069310779550660435 -0.043859017620662154 0.026871470678055207 -0.034466721709957397 -4.5244178418045911e-05 0.034600366567373246 -0.0097751379755460239
leaf_weight=7.969455808401114 4.321965876966714 21.634341381490234 5.1288924738764745 3.4204017221927643 4.6767317950725582 9.0713697671890241 304.74536354467273 7.9278631806373587 5.8178773820400194
leaf_count=11 25 61 15 17 8 43 895 11 22
internal_value=0.000190699 -0.000519845 0.00944748 -0.0130381 0.0200213 -1.29972e-06 -0.00104981 0.0110277 0.0062699
internal_weight=374.714 347.701 27.0134 8.54929 18.4641 343.379 313.817 29.5622 10.4946
internal_count=1108 1035 73 32 41 1010 938 72 30
is_linear=0
shrinkage=0.03


Tree=179
num_leaves=6
num_cat=0
split_feature=25 25 32 15 23
split_gain=2.76351 7.90891 5.01927 4.49237 4.07747
threshold=-15.694970607757567 -12.398345470428465 -1.4722863435745237 121695.42968750001 67.644470214843764
decision_type=2 2 2 2 2
left_child=-1 -2 3 -3 -4
right_child=1 2 4 -5 -6
leaf_value=-0.022815784951063341 0.027485843027129656 -0.042148714903971714 -0.004600895172855622 0.011167303092881256 0.0023953390901351478
leaf_weight=4.6377437934279433 9.5116440355777723 4.6806006878614417 107.83850493654609 1.9303709119558332 245.66320552304387
leaf_count=18 18 24 359 6 683
internal_value=0.000184872 0.000481582 -0.00022335 -0.0261269 0.000252596
internal_weight=374.262 369.624 360.113 6.61097 353.502
internal_count=1108 1090 1072 30 1042
is_linear=0
shrinkage=0.03


Tree=180
num_leaves=7
num_cat=0
split_feature=8 8 41 38 6 41
split_gain=2.76073 7.22838 4.02474 5.12781 3.94309 3.40929
threshold=-0.001011500018648803 -0.00079049999476410438 -1.2800110578536985 -0.65133738517761219 3.6067079305648808 -0.40079644322395319
decision_type=2 2 2 2 2 2
left_child=5 4 -3 -4 -2 -1
right_child=1 2 3 -5 -6 -7
leaf_value=0.026369319458990872 -0.03828116542756152 -0.031998944254288605 0.0059395085255648204 -0.0018263970399017911 0.0092763578171881009 -0.0046086590954813574
leaf_weight=7.7980675548315048 6.7399609647691232 3.4227996915578833 113.10714821517467 235.9317366220057 1.9227316528558729 5.1746025383472425
leaf_count=15 43 17 301 710 5 17
internal_value=0.000179028 -0.000301303 0.000355698 0.000681574 -0.0273792 0.0137814
internal_weight=374.097 361.124 352.462 349.039 8.66269 12.9727
internal_count=1108 1076 1028 1011 48 32
is_linear=0
shrinkage=0.03


Tree=181
num_leaves=12
num_cat=0
split_feature=43 35 0 43 12 25 25 43 21 38 3
split_gain=2.76162 7.63209 12.7181 7.64363 9.70938 7.09622 9.40017 7.77922 5.64877 4.1123 3.55751
threshold=-1.2088822126388548 6131.1447753906259 56477.000000000007 -1.8582106828689573 2017.3010253906252 -15.694970607757567 -12.398345470428465 -1.0438073873519895 -54933.749999999993 0.53381174802780162 -6818.6960449218741
decision_type=2 2 2 2 2 2 2 2 2 2 2
left_child=1 3 9 4 -1 -2 -7 -8 -4 -3 -5
right_child=5 2 8 10 -6 6 7 -9 -10 -11 -12
leaf_value=-0.043148347508295888 -0.046560573190084449 0.0021881914317095998 0.0065633024067446102 0.033780844995797268 0.025312627997588294 0.029449357566871271 -0.032033752764098367 -0.00066796858200385127 -0.02947930680441662 0.036736218462004026 0.0087114731419661497
leaf_weight=3.8291442394256618 3.0453612953424445 6.7156579047441465 5.2332518547773352 15.125159785151485 3.5861906260251999 9.1313487440347654 7.3039170354604712 291.3316037915647 14.180598542094232 6.0947135537862778 8.2379879504442179
leaf_count=20 14 26 15 22 6 16 32 861 67 9 20
internal_value=0.000173112 0.00590713 -0.00422337 0.016611 -0.00963481 -0.000979542 -0.000518769 -0.00144515 -0.019609 0.0188591 0.0250696
internal_weight=373.815 63.0027 32.2242 30.7785 7.41533 310.812 307.767 298.636 19.4139 12.8104 23.3631
internal_count=1108 185 117 68 26 923 909 893 82 35 42
is_linear=0
shrinkage=0.03


Tree=182
num_leaves=12
num_cat=0
split_feature=5 25 4 34 4 39 6 5 25 37 37
split_gain=2.76278 5.28061 4.54242 11.6824 8.35478 4.73498 11.371 6.27894 4.45175 3.16717 2.05762
threshold=214956.87500000003 0.11398741975426675 19064.365234375004 -0.92991819977760304 169521.71875000003 -0.29553833603858942 2.6464239358901982 718.40499877929699 -0.76645535230636586 -0.063563207164406763 -0.52110472321510304
decision_type=2 2 2 2 2 2 2 2 2 2 2
left_child=2 9 5 8 -5 6 -1 -7 -4 10 -2
right_child=1 -3 3 4 -6 7 -8 -9 -10 -11 -12
leaf_value=-0.00012901056814792894 0.013179687554923792 -0.018533989515086526 0.0002302062418030231 -0.025991159518767043 -0.00042628629519562538 0.00045684296843545558 -0.030806524063238947 0.012513887105952125 0.039127038930138795 -0.00038340264146042148 0.038822273054074388
leaf_weight=66.585835240781307 6.055636420845989 4.4351679086685172 5.5191102176904678 26.116805981844664 20.997141625732183 162.00951753556728 13.043907649815081 51.385559223592281 5.385732024908064 5.585986629128457 6.1685634553432465
leaf_count=213 13 17 15 120 66 448 59 124 7 18 8
internal_value=0.00016825 0.0104267 -0.000473275 -0.00814837 -0.0146614 0.00103615 -0.00519188 0.00337424 0.0197159 0.0178071 0.0263648
internal_weight=373.289 22.2454 351.044 58.0188 47.1139 293.025 79.6297 213.395 10.9048 17.8102 12.2242
internal_count=1108 56 1052 208 186 844 272 572 22 39 21
is_linear=0
shrinkage=0.03


Tree=183
num_leaves=8
num_cat=0
split_feature=27 48 11 44 45 5 36
split_gain=2.74467 3.5803 7.04335 8.90582 4.46615 2.99651 5.30037
threshold=1.4077156186103823 411620.54687500006 52.20000076293946 58.772136688232429 69.538738250732436 718.40499877929699 405.41000366210943
decision_type=2 2 2 2 2 2 2
left_child=1 2 3 -1 -4 6 -2
right_child=5 -3 4 -5 -6 -7 -8
leaf_value=-0.030813683595010067 0.015065271918408162 0.021957593568102562 0.0030460088060995758 0.0058656004385211355 -0.0042615478395070898 0.025827848392336119 -0.029109324378335216
leaf_weight=14.989513941109182 7.9712923392653483 6.3060245439410201 203.11769554018974 9.6881898641586286 119.4941049925983 7.6356082856655112 3.5168367475271225
leaf_count=75 19 15 579 31 357 16 16
internal_value=0.000163144 -0.000427385 -0.000842486 -0.0162922 0.00033002 0.0112388 0.00128106
internal_weight=372.719 353.596 347.29 24.6777 322.612 19.1237 11.4881
internal_count=1108 1057 1042 106 936 51 35
is_linear=0
shrinkage=0.03


Tree=184
num_leaves=8
num_cat=0
split_feature=9 44 18 5 36 40 23
split_gain=2.74348 4.54616 11.0489 3.52752 6.99536 3.80515 0.504287
threshold=82.380001068115249 83.698440551757827 566.50000000000011 214956.87500000003 145115.28906250003 -0.12934475392103192 58.813699722290046
decision_type=2 2 2 2 2 2 2
left_child=1 3 6 4 -1 -5 -3
right_child=-2 2 -4 5 -6 -7 -8
leaf_value=0.0013067281274355372 0.017323116959984741 -0.024004006125787486 0.031599510749013932 0.020073494151308616 -0.011298901199495125 -0.0089527740144982777 -0.046639802797327962
leaf_weight=288.21903124824166 8.2005889862775785 1.8751886487007121 2.5698474049568176 15.253443896770479 45.914143182337284 5.3781224638223639 4.9761768653988838
leaf_count=833 16 9 4 30 171 21 24
internal_value=0.000158575 -0.000219692 -0.0207929 0.000318198 -0.000416467 0.0123617 -0.0408824
internal_weight=372.387 364.186 9.42121 354.765 334.133 20.6316 6.85137
internal_count=1108 1092 37 1055 1004 51 33
is_linear=0
shrinkage=0.03


Tree=185
num_leaves=10
num_cat=0
split_feature=35 36 29 2 5 0 47 4 24
split_gain=2.72057 7.16227 11.0913 9.2135 6.17458 6.04918 6.0586 4.6272 3.45906
threshold=994165.03125000012 288802.29687500006 -2.1455839872360225 38909.650390625007 214956.87500000003 56477.000000000007 588144.12500000012 967.91500854492199 183.9589538574219
decision_type=2 2 2 2 2 2 2 2 2
left_child=1 4 -3 -4 7 8 -7 -1 -2
right_child=5 2 3 -5 -6 6 -8 -9 -10
leaf_value=0.002447704745994404 0.0015904145207293143 0.024772387823492073 -0.035164115347017105 0.012557550910439697 0.037578338181054022 -0.042500560589315804 0.013420143434352367 -0.0057091928783457504 0.032639747099216784
leaf_weight=234.93218924850225 5.277360055595639 4.924831002950671 16.888907086104158 4.5354000553488723 4.0452262163162223 3.2320599332451811 3.6749285310506821 85.277281038463116 9.2700137197971326
leaf_count=657 17 10 81 12 5 17 9 287 13
internal_value=0.000153688 -0.000472719 -0.0155197 -0.0249217 0.000740754 0.0105302 -0.0123131 0.000266014 0.0215822
internal_weight=372.058 350.604 26.3491 21.4243 324.255 21.4544 6.90699 320.209 14.5474
internal_count=1108 1052 103 93 949 56 26 944 30
is_linear=0
shrinkage=0.03


Tree=186
num_leaves=14
num_cat=0
split_feature=6 6 25 37 10 5 38 1 10 25 6 28 21
split_gain=2.68963 18.8898 12.7053 12.4727 10.4899 9.97126 8.54956 7.48917 11.275 8.87192 7.02135 7.50547 4.05085
threshold=2.1426118612289433 2.3539071083068852 -11.004660606384276 -0.4187288880348205 251792.03125000003 2705.924926757813 0.13932580500841144 7118.0024414062509 244855.28906250003 0.25209250301122671 2.0937567949295048 -2.1573681831359859 -9175.9999999999982
decision_type=2 2 2 2 2 2 2 2 2 2 2 2 2
left_child=7 2 -2 4 -3 -4 -5 8 9 -1 11 -9 -12
right_child=1 3 5 6 -6 -7 -8 10 -10 -11 12 -13 -14
leaf_value=0.0047040009778520154 0.023023290863886981 -0.034914344550310714 -0.046782855628810814 0.015260421938572136 -0.0030412570786563673 9.4564996100621011e-05 -0.0030231592778405154 -0.015380822125929465 -0.044790410890547548 -0.040990373571970579 0.0059245406443535452 0.0060784600492845833 0.037586865494031875
leaf_weight=27.137566689401869 3.9089631885290173 11.631549462676047 16.494734965264801 58.960618585348129 47.622726820409298 5.2582535594701758 37.366262566298246 16.656548723578453 6.6266480535268775 4.4448925778269759 6.4373672679066649 119.82331248372793 9.1809227019548398
leaf_count=85 8 56 79 125 150 17 111 65 32 25 16 327 12
internal_value=0.000149912 -0.00245702 -0.0263104 0.00145814 -0.00934854 -0.0353135 0.00813687 0.00264844 -0.00919553 -0.001632 0.00564353 0.0034375 0.0247287
internal_weight=371.55 181.243 25.662 155.581 59.2543 21.753 96.3269 190.307 38.2091 31.5825 152.098 136.48 15.6183
internal_count=1108 546 104 442 206 96 236 562 142 110 420 392 28
is_linear=0
shrinkage=0.03


Tree=187
num_leaves=14
num_cat=0
split_feature=38 33 31 17 13 27 3 26 39 47 31 3 28
split_gain=2.64587 8.55981 14.1251 9.62499 6.92693 10.2811 6.76803 6.75295 6.71067 6.09626 5.67825 4.20488 2.56874
threshold=-0.79618477821350087 -0.65789553523063649 -1.594700753688812 3727.0300292968755 100.679500579834 -1.3939511775970457 -13774.466308593748 -1.4817278385162351 0.10652036964893342 2748.0498046875005 1.0094747543334963 -2990.704467773437 -1.9955141544342039
decision_type=2 2 2 2 2 2 2 2 2 2 2 2 2
left_child=1 2 -1 6 5 12 -3 -6 -4 -9 -7 -5 -2
right_child=4 3 8 11 7 10 -8 9 -10 -11 -12 -13 -14
leaf_value=0.02612674976534236 -0.0014240603212246827 0.024870148755427497 -0.005114442061868273 0.010075569143291588 -0.038296729488009315 -0.035450493637763335 -0.0063604858832968627 -0.0042846313485070875 -0.048321200731288615 0.0050750306860851239 -0.0044112093857327653 0.035749448713791952 0.0320172433531596
leaf_weight=5.9121206551790264 3.9873255118727684 8.0561858937144262 5.9956068024039251 10.291749075055124 3.9856769517064086 15.141784738749267 27.703939400613308 109.56009631603956 7.4855893552303314 145.82179332152009 8.5290769189596158 14.212098151445387 3.9588868692517307
leaf_count=10 14 15 20 25 27 73 93 320 35 419 30 20 7
internal_value=0.000144775 0.00499647 -0.0122677 0.010602 -0.00117307 -0.0144331 0.000591386 0.00043177 -0.029328 0.00104794 -0.0243932 0.0250887 0.0148592
internal_weight=370.642 79.6573 19.3933 60.264 290.985 31.6171 35.7601 259.368 13.4812 255.382 23.6709 24.5038 7.94621
internal_count=1108 218 65 153 890 124 108 766 55 739 103 45 21
is_linear=0
shrinkage=0.03


Tree=188
num_leaves=10
num_cat=0
split_feature=44 43 24 15 35 34 31 31 16
split_gain=2.64609 7.37966 6.57549 5.66987 4.33071 4.28182 3.74388 10.8508 6.30802
threshold=19.828891754150394 -2.0089793205261226 86.826869964599624 34192.990234375007 4237.3249511718759 0.26839663088321691 -2.2313586473464961 -1.9608278870582578 450.67799377441412
decision_type=2 2 2 2 2 2 2 2 2
left_child=2 -2 4 -4 -1 -6 8 -8 -3
right_child=1 6 3 -5 5 -7 7 -9 -10
leaf_value=0.036475668312744645 -0.040334156097900052 0.0016518308181358446 0.0070621210267474187 -0.043040498350028024 0.019547290483540411 -0.022026278757602401 -0.033769180709980147 -6.2381957750924221e-05 0.033459214489595213
leaf_weight=7.7895945608615937 4.1471628807485095 21.273000307381157 5.0332813858985883 3.3255012407898903 7.1445442289113981 3.1932305246591568 8.8534757196903211 301.44658607617021 7.7339750677347174
leaf_count=11 25 61 15 17 17 13 43 895 11
internal_value=0.000139825 -0.000556521 0.00928283 -0.0125121 0.0194983 0.00641545 -6.14998e-05 -0.00103377 0.0102359
internal_weight=369.94 343.454 26.4862 8.35878 18.1274 10.3378 339.307 310.3 29.007
internal_count=1108 1035 73 32 41 30 1010 938 72
is_linear=0
shrinkage=0.03


Tree=189
num_leaves=12
num_cat=0
split_feature=19 30 1 2 2 38 14 7 7 39 40
split_gain=2.65838 8.90151 5.44255 7.79498 6.69093 5.69294 5.00431 9.52519 7.53234 3.87721 1.85532
threshold=386.50000000000006 -2.6037477254867549 103909.48437500001 61311.896484375007 49598.451171875007 1.0000000180025095e-35 95380.742187500015 642105.65625000012 1240925.8750000002 0.14937522262334826 1.6491803526878359
decision_type=2 2 2 2 2 2 2 2 2 2 2
left_child=2 10 3 4 -1 -5 8 -8 -3 -4 -2
right_child=1 6 9 5 -6 -7 7 -9 -10 -11 -12
leaf_value=-0.0011297649588246261 -0.046010353303078469 -0.044178555725511583 -0.043614462308847253 0.022629944113868903 -0.030039361190539546 -0.011946849973752754 0.034804652045242385 0.0049578443508255998 0.022968883617254587 -0.0018296459236743948 -0.0075238884592197935
leaf_weight=255.72610467672348 3.2965043857693663 3.7502872794866553 4.5703366473317129 20.350790679454807 7.4289082139730445 5.3052142038941374 12.110234662890432 48.658030461519957 2.4457338601350784 3.8294976055622101 2.0276947915554047
leaf_count=790 16 19 25 39 29 18 18 127 5 14 8
internal_value=0.000135434 0.0053023 -0.00111117 -0.000408272 -0.00195729 0.0153631 0.00830629 0.0109552 -0.0171895 -0.0249218 -0.0319164
internal_weight=369.499 72.2885 297.211 288.811 263.155 25.656 66.9643 60.7683 6.19602 8.39983 5.3242
internal_count=1108 193 915 876 819 57 169 145 24 39 24
is_linear=0
shrinkage=0.03


Tree=190
num_leaves=7
num_cat=0
split_feature=8 8 26 41 38 41
split_gain=2.64156 6.64173 3.89599 3.70849 4.92182 3.09632
threshold=-0.001011500018648803 -0.00079049999476410438 -1.3697006702423093 -1.2800110578536985 -0.65133738517761219 -0.40079644322395319
decision_type=2 2 2 2 2 2
left_child=5 2 -2 -3 -5 -1
right_child=1 3 -4 4 -6 -7
leaf_value=0.025692530482240562 0.0077199276411215184 -0.031219830810480523 -0.038567823513282577 0.0057898327927339548 -0.0018707784768559593 -0.0041130495772551878
leaf_weight=7.6402257159352303 2.0753092244267464 3.3267035931348792 6.3013676628470403 111.49350740760565 233.10249304771423 5.060909725725649
leaf_count=15 8 17 40 301 710 17
internal_value=0.00013024 -0.000340787 -0.026742 0.000286232 0.000599095 0.01358
internal_weight=369.001 356.299 8.37668 347.923 344.596 12.7011
internal_count=1108 1076 48 1028 1011 32
is_linear=0
shrinkage=0.03


Tree=191
num_leaves=8
num_cat=0
split_feature=34 18 33 36 14 19 26
split_gain=2.62812 5.94414 5.56802 5.40036 4.26575 1.17964 0.343823
threshold=-3.0099809169769283 880.00000000000011 3.2501451969146733 1.0000000180025095e-35 518579.89062500006 780.50000000000011 1.0695398449897768
decision_type=2 2 2 2 2 2 2
left_child=3 2 4 -1 -2 -3 -4
right_child=1 5 6 -5 -6 -7 -8
leaf_value=0.031938208934567572 0.00018225976553846852 -0.015649772086284167 -0.044239507311974645 -0.0066062059524553182 0.033160513671405788 -0.047249988961476627 -0.02199103802679022
leaf_weight=6.7853282392024976 343.05827716737986 2.4158761799335471 2.1820596754550925 6.1163521260023117 3.5697325617074958 2.624251127243042 1.9780427813529966
leaf_count=10 1034 9 10 18 5 12 10
internal_value=0.000125753 -0.000348304 0.00010795 0.0134328 0.00053054 -0.0326983 -0.034382
internal_weight=368.73 355.828 350.788 12.9017 346.628 5.04013 4.1601
internal_count=1108 1080 1059 28 1039 21 20
is_linear=0
shrinkage=0.03


Tree=192
num_leaves=10
num_cat=0
split_feature=35 36 40 48 5 0 12 4 41
split_gain=2.62688 6.90619 10.7041 12.2373 5.84398 5.69179 5.66517 4.33192 3.73097
threshold=994165.03125000012 288802.29687500006 -0.12934475392103192 -959551.43749999988 214956.87500000003 56477.000000000007 15.877500057220461 967.91500854492199 -0.37371657788753504
decision_type=2 2 2 2 2 2 2 2 2
left_child=1 4 3 -3 7 8 -7 -1 -2
right_child=5 2 -4 -5 -6 6 -8 -9 -10
leaf_value=0.0023555735810059423 0.00092809580922422993 0.024492157890171909 -0.042731694666843165 -0.025994607109901254 0.036839554753295922 0.012279547412732171 -0.042510098146558352 -0.0055698794712536921 0.033029938455824921
leaf_weight=232.8690600246191 5.4275759607553491 8.2947813794016856 8.6164581067860109 9.0017502829432505 3.9775742292404166 3.7041641324758521 3.0542204007506371 84.582382887601852 8.9653458744287491
leaf_count=657 16 15 47 41 5 10 16 287 14
internal_value=0.0001214 -0.000495411 -0.0153991 -0.00160956 0.000696759 0.0103924 -0.0120369 0.00023445 0.0211328
internal_weight=368.493 347.342 25.913 17.2965 321.429 21.1513 6.75838 317.451 14.3929
internal_count=1108 1052 103 56 949 56 26 944 30
is_linear=0
shrinkage=0.03


Tree=193
num_leaves=8
num_cat=0
split_feature=32 20 42 18 27 22 1
split_gain=2.60269 2.99936 5.33445 4.29149 4.24367 10.4612 3.79805
threshold=-1.6506482958793638 0.13785743713378909 44.342651367187507 359.00000000000006 -1.3939511775970457 -26.499999999999996 5993.3100585937509
decision_type=2 2 2 2 2 2 2
left_child=-1 4 3 -3 -2 -6 -4
right_child=1 2 6 -5 5 -7 -8
leaf_value=-0.023063429056024938 0.034887847873257515 -0.038995785490070371 -0.0076807193306452559 0.013455025036040538 -0.044244067117780991 0.016501474478409772 0.0015700113577389748
leaf_weight=4.303622178733348 5.2496309578418758 5.4808813184499732 46.304191306233406 1.7867169231176374 3.2391888350248363 11.89656095206737 289.72569260001183
leaf_count=19 8 34 167 5 17 26 832
internal_value=0.000117994 0.000400559 -0.000254787 -0.0256881 0.011584 0.00330317 0.000286353
internal_weight=367.986 363.683 343.297 7.2676 20.3854 15.1357 336.03
internal_count=1108 1089 1038 39 51 43 999
is_linear=0
shrinkage=0.03


Tree=194
num_leaves=16
num_cat=0
split_feature=28 30 25 38 46 42 24 30 30 32 3 37 18 18 43
split_gain=2.59969 11.1402 18.6291 11.5849 10.3295 10.1556 8.99601 6.49918 11.7539 10.6322 10.5011 9.76162 8.68782 6.4794 3.06908
threshold=-1.7235744595527647 -1.7015082240104673 -4.6551990509033194 2.0133600234985356 140507.46093750003 58.556077957153327 221.66318511962893 -2.1764322519302364 -1.7546183466911314 -0.045822478830814355 -8905.3872070312482 -0.93213826417922963 42.500000000000007 4.5000000000000009 -1.2843280434608457
decision_type=2 2 2 2 2 2 2 2 2 2 2 2 2 2 2
left_child=7 2 14 -4 5 -3 -6 9 10 11 -9 -1 -10 -11 -2
right_child=1 4 3 -5 6 -7 -8 8 12 13 -12 -13 -14 -15 -16
leaf_value=0.017367056617776339 -0.0048670676315095921 -0.010453150038372114 -0.0084817476750142715 0.043275110960621345 -0.032166969307759849 0.0098429218146756335 0.022963857876917397 -0.015871087064276347 0.011739246257699116 -0.025210721688388428 0.021879795255449887 -0.025239917228057501 -0.025623520966327806 0.0082970491268813361 -0.047839964005450299
leaf_weight=5.9265590459108379 1.8738509118556965 28.566704206168652 39.972965955734253 4.3026962727308264 12.533029891550539 97.861468639224768 3.3177040815353385 7.6031001359224311 9.9737812876701373 5.7388987354934207 47.890772849321365 24.799708429723978 12.575674116611479 51.894389219582081 12.74320027977228
leaf_count=15 7 105 131 5 58 248 7 25 26 27 100 103 49 141 61
internal_value=0.000114176 -0.00217191 -0.0131527 -0.00338427 0.0023522 0.00523325 -0.0204383 0.00289596 0.00921312 -0.00264971 0.0166536 -0.0169241 -0.00896467 0.00490842 -0.0425362
internal_weight=367.575 201.172 58.8927 44.2757 142.279 126.428 15.8507 166.403 78.0433 88.3596 55.4939 30.7263 22.5495 57.6333 14.6171
internal_count=1108 622 204 136 418 353 65 486 200 286 125 118 75 168 68
is_linear=0
shrinkage=0.03


Tree=195
num_leaves=11
num_cat=0
split_feature=27 17 6 6 16 29 23 39 43 45
split_gain=2.55371 3.34969 10.6821 12.2027 7.34898 8.77356 6.14196 3.32901 4.55452 1.49755
threshold=1.4077156186103823 -65226.189453124993 3.6067079305648808 1.9113951921463015 316.89541625976568 -0.9470214545726775 67.644470214843764 -0.24599144607782361 1.8235928416252138 83.773696899414077
decision_type=2 2 2 2 2 2 2 2 2 2
left_child=1 2 3 -1 6 -6 -3 8 -2 -9
right_child=7 4 -4 -5 5 -7 -8 9 -10 -11
leaf_value=0.013017638864624086 -0.031646129949373464 -0.0087940528464179393 0.020958838765273279 -0.03534249740869113 0.028479238693004581 -1.9448008142322558e-05 0.0013479762151003044 0.03235266576470959 0.01809642789317694 0.010249911488094758
leaf_weight=6.6411341577768388 3.2382950261235264 72.43102003633976 7.3546113222837439 15.429474845528601 17.405467391014099 21.550127223134041 207.14432793855667 5.3696185499429685 3.3293905258178711 6.8277701437473297
leaf_count=17 17 274 13 61 30 59 603 9 7 18
internal_value=0.000109878 -0.000463223 -0.0101518 -0.0206548 0.000422373 0.0126368 -0.00126884 0.0108966 -0.0059731 0.0202261
internal_weight=366.721 347.956 29.4252 22.0706 318.531 38.9556 279.575 18.7651 6.56769 12.1974
internal_count=1108 1057 91 78 966 89 877 51 24 27
is_linear=0
shrinkage=0.03


Tree=196
num_leaves=8
num_cat=0
split_feature=9 44 40 32 32 1 8
split_gain=2.56055 4.14442 7.11664 3.11577 10.6989 4.91471 0.451179
threshold=82.380001068115249 83.698440551757827 1.5110405683517458 2.3074238300323491 3.1265053749084477 28461.564453125004 -0.00049250002484768618
decision_type=2 2 2 2 2 2 2
left_child=1 3 6 5 -5 -1 -3
right_child=-2 2 -4 4 -6 -7 -8
leaf_value=-0.00081273977902121932 0.016854706886100281 -0.021235064668523283 0.017123774065649956 -0.024093747613794046 0.0072084203723824436 0.0080896934790016979 -0.04432543814459429
leaf_weight=237.00521448999643 8.0416052788496 1.6206805706024168 2.9877592474222183 18.767203696072102 20.421986822038889 72.837348092347383 4.548106297850607
leaf_count=723 16 8 6 80 59 193 23
internal_value=0.000107405 -0.00026021 -0.0201878 0.000253978 -0.00770524 0.00127035 -0.0387454
internal_weight=366.23 358.188 9.15655 349.032 39.1892 309.843 6.16879
internal_count=1108 1092 37 1055 139 916 31
is_linear=0
shrinkage=0.03


Tree=197
num_leaves=10
num_cat=0
split_feature=44 43 24 15 35 34 35 32 4
split_gain=2.52367 6.93016 6.07519 5.29783 4.00175 4.04932 3.64578 6.10649 5.56862
threshold=19.828891754150394 -2.0089793205261226 86.826869964599624 34192.990234375007 4237.3249511718759 0.26839663088321691 994165.03125000012 1.5386070609092715 10115.919921875002
decision_type=2 2 2 2 2 2 2 2 2
left_child=2 -2 4 -4 -1 -6 8 -8 -3
right_child=1 6 3 -5 5 -7 7 -9 -10
leaf_value=0.035482308847741471 -0.039732931069326814 0.00093353594369214286 0.0068209972867964725 -0.042149411952329387 0.019137083031986586 -0.021524152369110847 0.022203217212252463 -0.018658444819577676 -0.0096017345480666622
leaf_weight=7.6457658261060777 4.0206372067332259 262.75656674057245 4.9847180768847448 3.2237265110015869 7.0994629040360433 3.1474409103393555 14.368380233645441 4.1920417472720137 54.455524623394012
leaf_count=11 25 762 15 17 17 13 29 17 202
internal_value=0.000103882 -0.00057835 0.00910034 -0.0120458 0.018969 0.0063548 -0.000100567 0.0128126 -0.000865587
internal_weight=365.894 339.793 26.1011 8.20844 17.8927 10.2469 335.773 18.5604 317.212
internal_count=1108 1035 73 32 41 30 1010 46 964
is_linear=0
shrinkage=0.03


Tree=198
num_leaves=13
num_cat=0
split_feature=5 30 30 27 2 37 40 28 5 29 20 37
split_gain=2.55485 8.14902 14.3188 9.04222 7.99589 8.42788 9.42211 7.96865 10.7217 7.28916 6.96508 2.79099
threshold=718.40499877929699 -2.1497999429702754 -2.348116278648376 -1.4616318941116331 6870.9489746093759 -0.9607221484184264 -0.7989181876182555 -1.9719645380973814 1.0000000180025095e-35 1.8341246843338015 0.39392934739589697 -1.0015869736671446
decision_type=2 2 2 2 2 2 2 2 2 2 2 2
left_child=1 2 3 -1 9 -6 -7 10 -9 -2 -3 -4
right_child=4 7 11 -5 5 6 -8 8 -10 -11 -12 -13
leaf_value=0.025326450625763879 -0.039156469001488309 0.026098391899492864 -0.0030481499798277103 -0.0098546324314232325 -0.042574754526568434 0.026379794114506611 0.0031803469209509779 0.00091209682383032941 -0.030067599009024233 0.021600617626286605 -0.005625676425945662 -0.047309072774296176
leaf_weight=7.843662165105342 6.7952649965882284 19.535826198756698 1.640788435935973 39.914589703083038 3.1253408640623084 19.198706768453121 90.429206445813179 144.99708899855614 10.794601954519747 2.3371920511126518 8.9387676715850812 9.9389110058546049
leaf_count=16 41 38 5 142 16 38 262 421 46 6 29 48
internal_value=0.000100569 -0.00166517 -0.01134 -0.00401379 0.00365424 0.0058623 0.00727054 0.00143407 -0.00121519 -0.0232789 0.0160342 -0.0412966
internal_weight=365.49 243.604 59.338 47.7583 121.886 112.753 109.628 184.266 155.792 9.13246 28.4746 11.5797
internal_count=1108 745 211 158 363 316 300 534 467 47 67 53
is_linear=0
shrinkage=0.03


Tree=199
num_leaves=10
num_cat=0
split_feature=17 30 19 30 4 1 1 39 40
split_gain=2.49696 5.72623 3.86479 9.14327 6.40314 4.80707 5.41228 3.69107 1.71256
threshold=267379.67187500006 2.345170378684998 386.50000000000006 -2.6037477254867549 441.75999450683599 103909.48437500001 84892.320312500015 0.14937522262334826 1.6491803526878359
decision_type=2 2 2 2 2 2 2 2 2
left_child=2 -2 5 8 -5 6 -1 -7 -4
right_child=1 -3 3 4 -6 7 -8 -9 -10
leaf_value=-0.0010024101433050831 -0.044598261583594305 0.0061679186502298471 -0.044702713069629786 0.00462629358213209 0.027331803561616567 -0.043502380699659497 0.025364365068038824 -0.0016464693875164541 -0.0070878885746323847
leaf_weight=277.55292688682675 3.5998693630099288 4.305863793939352 3.2020828872919074 43.815786607563496 15.227950699627398 4.1682478934526435 7.1850640699267379 3.7636085674166679 1.9693940877914426
leaf_count=858 19 15 16 113 29 23 13 14 8
internal_value=9.682e-05 -0.016569 0.000474407 0.0071449 0.0105331 -0.000978928 -0.000326536 -0.0240203 -0.0309584
internal_weight=364.791 7.90573 356.885 64.2152 59.0437 292.67 284.738 7.93186 5.17148
internal_count=1108 34 1074 166 142 908 871 37 24
is_linear=0
shrinkage=0.03


end of trees

feature_importances:
z_delta_qty=89
z_ask_qty=73
z_btc_4=69
liq_short_5=64
Agg._Funding_Rate=63
z_cvd_4=61
vol_regime=58
z_btc_20=56
Long/Short_Ratio_(Account)=54
z_cvd_10=53
Bid_USD=49
Buy_Qty=48
stoch_k=48
z_bid_trades=47
z_ask_trades=47
Sell_Qty=45
Ask_Trades=45
Agg._Liq_Short=44
liq_long_5=44
atr=40
pull_ema8=40
z_ls=39
Agg._Liq_Long=37
rsi=37
Bid_Trades=36
macro_score=36
Price_Low=34
z_bid_qty=33
Candle=31
z_cvd_20=29
z_oi=29
liq_long_5_mean=29
RSI=28
Net_Shorts=28
Ask_USD=27
liq_short_5_mean=27
cvd_delta=25
ema_fast=25
btc_CVD=25
Delta_Qty=24
Ask_Qty=22
z_btc_10=22
Delta_USD=21
Candle_Delta=17
ema_slow=16
ema_21=16
Agg._OI=15
Bid_Qty=15
btc_cvd_mom=15

parameters:
[boosting: gbdt]
[objective: binary]
[metric: binary_logloss]
[tree_learner: serial]
[device_type: cpu]
[data_sample_strategy: bagging]
[data: ]
[valid: ]
[num_iterations: 200]
[learning_rate: 0.03]
[num_leaves: 31]
[num_threads: 1]
[seed: 42]
[deterministic: 0]
[force_col_wise: 0]
[force_row_wise: 0]
[histogram_pool_size: -1]
[max_depth: 4]
[min_data_in_leaf: 10]
[min_sum_hessian_in_leaf: 0.001]
[bagging_fraction: 0.8]
[pos_bagging_fraction: 1]
[neg_bagging_fraction: 1]
[bagging_freq: 0]
[bagging_seed: 400]
[bagging_by_query: 0]
[feature_fraction: 0.8]
[feature_fraction_bynode: 1]
[feature_fraction_seed: 30056]
[extra_trees: 0]
[extra_seed: 12879]
[early_stopping_round: 0]
[early_stopping_min_delta: 0]
[first_metric_only: 0]
[max_delta_step: 0]
[lambda_l1: 0.1]
[lambda_l2: 0]
[linear_lambda: 0]
[min_gain_to_split: 0]
[drop_rate: 0.1]
[max_drop: 50]
[skip_drop: 0.5]
[xgboost_dart_mode: 0]
[uniform_drop: 0]
[drop_seed: 17869]
[top_rate: 0.2]
[other_rate: 0.1]
[min_data_per_group: 100]
[max_cat_threshold: 32]
[cat_l2: 10]
[cat_smooth: 10]
[max_cat_to_onehot: 4]
[top_k: 20]
[monotone_constraints: ]
[monotone_constraints_method: basic]
[monotone_penalty: 0]
[feature_contri: ]
[forcedsplits_filename: ]
[refit_decay_rate: 0.9]
[cegb_tradeoff: 1]
[cegb_penalty_split: 0]
[cegb_penalty_feature_lazy: ]
[cegb_penalty_feature_coupled: ]
[path_smooth: 0]
[interaction_constraints: ]
[verbosity: -1]
[saved_feature_importance_type: 0]
[use_quantized_grad: 0]
[num_grad_quant_bins: 4]
[quant_train_renew_leaf: 0]
[stochastic_rounding: 1]
[linear_tree: 0]
[max_bin: 63]
[max_bin_by_feature: ]
[min_data_in_bin: 3]
[bin_construct_sample_cnt: 200000]
[data_random_seed: 175]
[is_enable_sparse: 1]
[enable_bundle: 1]
[use_missing: 1]
[zero_as_missing: 0]
[feature_pre_filter: 1]
[pre_partition: 0]
[two_round: 0]
[header: 0]
[label_column: ]
[weight_column: ]
[group_column: ]
[ignore_column: ]
[categorical_feature: ]
[forcedbins_filename: ]
[precise_float_parser: 0]
[parser_config_file: ]
[objective_seed: 16083]
[num_class: 1]
[is_unbalance: 0]
[scale_pos_weight: 4.59596]
[sigmoid: 1]
[boost_from_average: 1]
[reg_sqrt: 0]
[alpha: 0.9]
[fair_c: 1]
[poisson_max_delta_step: 0.7]
[tweedie_variance_power: 1.5]
[lambdarank_truncation_level: 30]
[lambdarank_norm: 1]
[label_gain: ]
[lambdarank_position_bias_regularization: 0]
[eval_at: ]
[multi_error_top_k: 1]
[auc_mu_weights: ]
[num_machines: 1]
[local_listen_port: 12400]
[time_out: 120]
[machine_list_filename: ]
[machines: ]
[gpu_platform_id: -1]
[gpu_device_id: -1]
[gpu_use_dp: 0]
[num_gpu: 1]

end of parameters

pandas_categorical:[]
